observation_id,timestamp,simulation_time_sec,train_id,route_id,data_source,data_quality_status,latitude,longitude,current_position_km,current_speed_kmph,current_speed_mps,target_speed_kmph,current_acceleration_mps2,braking_distance_m,section_speed_limit_kmph,restriction_speed_kmph,approach_speed_kmph,current_section_id,current_station_id,previous_station_id,next_station_id,distance_to_next_station_km,distance_to_destination_km,movement_state,station_event,actual_arrival_time,actual_departure_time,actual_dwell_min,current_delay_min,arrival_delay_min,departure_delay_min,signal_state,congestion_level,fog_active,fog_visibility_km,unscheduled_halt,active_event_ids,journey_id,predicted_congestion_probability,predicted_fog_risk,predicted_delay_risk,predicted_operational_risk,prediction_confidence,predicted_speed_impact,active_predicted_restriction,predicted_restriction_speed_kmph,eta_to_next_station_min,eta_to_destination_min,prediction_timestamp,prediction_horizon_min,prediction_source,target_eta_to_destination_min,target_eta_to_next_station_min
OBS_000001,6:45:00,0,12017,ROUTE_NDLS_DDN_01,SYNTHETIC_SIMULATOR,OK,28.6431,77.2197,0.542,38,10.56,38,0.5,92.8,110,40,623.54,SEC_NDLS_GZB,NDLS,NDLS,GZB,24.458,313.458,ACCELERATING,DEPARTED,,6:45:00,,0,,,GREEN,LOW,TRUE,,FALSE,,JRN_NDLS_DDN_01_20260902_161648,0.2397,1,1,0.4541,1,MEDIUM,Predicted Fog Visibility Risk (Speed cap 40.0 km/h),40,38.6,494.9,6:45:00,30,BASELINE_HISTORICAL_CALIBRATION,376,39.5
OBS_000002,6:45:30,30,12017,ROUTE_NDLS_DDN_01,SYNTHETIC_SIMULATOR,OK,28.643951,77.227188,0.858,38,10.56,38,0,92.8,110,40,616.75,SEC_NDLS_GZB,,NDLS,GZB,24.142,313.142,CRUISING,,,,,-0.08,,,GREEN,LOW,TRUE,,FALSE,,JRN_NDLS_DDN_01_20260902_161648,0.2397,1,1,0.4541,1,MEDIUM,Predicted Fog Visibility Risk (Speed cap 40.0 km/h),40,38.1,494.4,6:45:30,30,BASELINE_HISTORICAL_CALIBRATION,375.5,39
OBS_000003,6:46:00,60,12017,ROUTE_NDLS_DDN_01,SYNTHETIC_SIMULATOR,OK,28.644266,77.229951,1.175,38,10.56,38,0,92.8,110,40,612.74,SEC_NDLS_GZB,,NDLS,GZB,23.825,312.825,CRUISING,,,,,0.08,,,GREEN,LOW,TRUE,,FALSE,,JRN_NDLS_DDN_01_20260902_161648,0.2397,1,1,0.4541,1,MEDIUM,Predicted Fog Visibility Risk (Speed cap 40.0 km/h),40,37.6,493.9,6:46:00,30,BASELINE_HISTORICAL_CALIBRATION,375,38.5
OBS_000004,6:46:30,90,12017,ROUTE_NDLS_DDN_01,SYNTHETIC_SIMULATOR,OK,28.64458,77.232713,1.492,38,10.56,38,0,92.8,110,40,608.71,SEC_NDLS_GZB,,NDLS,GZB,23.508,312.508,CRUISING,,,,,0.24,,,GREEN,LOW,TRUE,,FALSE,,JRN_NDLS_DDN_01_20260902_161648,0.2397,1,1,0.4541,1,MEDIUM,Predicted Fog Visibility Risk (Speed cap 40.0 km/h),40,37.1,493.4,6:46:30,30,BASELINE_HISTORICAL_CALIBRATION,374.5,38
OBS_000005,6:47:00,120,12017,ROUTE_NDLS_DDN_01,SYNTHETIC_SIMULATOR,OK,28.644894,77.235476,1.808,38,10.56,38,0,92.8,110,40,604.65,SEC_NDLS_GZB,,NDLS,GZB,23.192,312.192,CRUISING,,,,,0.4,,,GREEN,LOW,TRUE,,FALSE,,JRN_NDLS_DDN_01_20260902_161648,0.2397,1,1,0.4541,1,MEDIUM,Predicted Fog Visibility Risk (Speed cap 40.0 km/h),40,36.6,492.9,6:47:00,30,BASELINE_HISTORICAL_CALIBRATION,374,37.5
OBS_000006,6:47:30,150,12017,ROUTE_NDLS_DDN_01,SYNTHETIC_SIMULATOR,OK,28.645208,77.238239,2.125,38,10.56,38,0,92.8,110,40,600.56,SEC_NDLS_GZB,,NDLS,GZB,22.875,311.875,CRUISING,,,,,0.56,,,GREEN,LOW,TRUE,,FALSE,,JRN_NDLS_DDN_01_20260902_161648,0.2397,1,1,0.4541,1,MEDIUM,Predicted Fog Visibility Risk (Speed cap 40.0 km/h),40,36.1,492.4,6:47:30,30,BASELINE_HISTORICAL_CALIBRATION,373.5,37
OBS_000007,6:48:00,180,12017,ROUTE_NDLS_DDN_01,SYNTHETIC_SIMULATOR,OK,28.645522,77.241001,2.442,38,10.56,38,0,92.8,110,40,596.45,SEC_NDLS_GZB,,NDLS,GZB,22.558,311.558,CRUISING,,,,,0.72,,,GREEN,LOW,TRUE,,FALSE,,JRN_NDLS_DDN_01_20260902_161648,0.2397,1,1,0.4541,1,MEDIUM,Predicted Fog Visibility Risk (Speed cap 40.0 km/h),40,35.6,491.9,6:48:00,30,BASELINE_HISTORICAL_CALIBRATION,373,36.5
OBS_000008,6:48:30,210,12017,ROUTE_NDLS_DDN_01,SYNTHETIC_SIMULATOR,OK,28.645836,77.243764,2.758,38,10.56,38,0,92.8,110,40,592.31,SEC_NDLS_GZB,,NDLS,GZB,22.242,311.242,CRUISING,,,,,0.88,,,GREEN,LOW,TRUE,,FALSE,,JRN_NDLS_DDN_01_20260902_161648,0.2397,1,1,0.4541,1,MEDIUM,Predicted Fog Visibility Risk (Speed cap 40.0 km/h),40,35.1,491.4,6:48:30,30,BASELINE_HISTORICAL_CALIBRATION,372.5,36
OBS_000009,6:49:00,240,12017,ROUTE_NDLS_DDN_01,SYNTHETIC_SIMULATOR,OK,28.64615,77.246526,3.075,38,10.56,38,0,92.8,110,40,588.13,SEC_NDLS_GZB,,NDLS,GZB,21.925,310.925,CRUISING,,,,,1.04,,,GREEN,LOW,TRUE,,FALSE,,JRN_NDLS_DDN_01_20260902_161648,0.2397,1,1,0.4541,1,MEDIUM,Predicted Fog Visibility Risk (Speed cap 40.0 km/h),40,34.6,490.9,6:49:00,30,BASELINE_HISTORICAL_CALIBRATION,372,35.5
OBS_000010,6:49:30,270,12017,ROUTE_NDLS_DDN_01,SYNTHETIC_SIMULATOR,OK,28.646465,77.249289,3.392,38,10.56,38,0,92.8,110,40,583.93,SEC_NDLS_GZB,,NDLS,GZB,21.608,310.608,CRUISING,,,,,1.2,,,GREEN,LOW,TRUE,,FALSE,,JRN_NDLS_DDN_01_20260902_161648,0.2397,1,1,0.4541,1,MEDIUM,Predicted Fog Visibility Risk (Speed cap 40.0 km/h),40,34.1,490.4,6:49:30,30,BASELINE_HISTORICAL_CALIBRATION,371.5,35
OBS_000011,6:50:00,300,12017,ROUTE_NDLS_DDN_01,SYNTHETIC_SIMULATOR,OK,28.646779,77.252052,3.708,38,10.56,38,0,92.8,110,40,579.7,SEC_NDLS_GZB,,NDLS,GZB,21.292,310.292,CRUISING,,,,,1.36,,,GREEN,LOW,TRUE,,FALSE,,JRN_NDLS_DDN_01_20260902_161648,0.2397,1,1,0.4541,1,MEDIUM,Predicted Fog Visibility Risk (Speed cap 40.0 km/h),40,33.6,489.9,6:50:00,30,BASELINE_HISTORICAL_CALIBRATION,371,34.5
OBS_000012,6:50:30,330,12017,ROUTE_NDLS_DDN_01,SYNTHETIC_SIMULATOR,OK,28.647093,77.254814,4.025,38,10.56,38,0,92.8,110,40,575.44,SEC_NDLS_GZB,,NDLS,GZB,20.975,309.975,CRUISING,,,,,1.52,,,GREEN,LOW,TRUE,,FALSE,,JRN_NDLS_DDN_01_20260902_161648,0.2397,1,1,0.4541,1,MEDIUM,Predicted Fog Visibility Risk (Speed cap 40.0 km/h),40,33.1,489.4,6:50:30,30,BASELINE_HISTORICAL_CALIBRATION,370.5,34
OBS_000013,6:51:00,360,12017,ROUTE_NDLS_DDN_01,SYNTHETIC_SIMULATOR,OK,28.647407,77.257577,4.342,38,10.56,38,0,92.8,110,40,571.14,SEC_NDLS_GZB,,NDLS,GZB,20.658,309.658,CRUISING,,,,,1.68,,,GREEN,LOW,TRUE,,FALSE,,JRN_NDLS_DDN_01_20260902_161648,0.2397,1,1,0.4541,1,MEDIUM,Predicted Fog Visibility Risk (Speed cap 40.0 km/h),40,32.6,488.9,6:51:00,30,BASELINE_HISTORICAL_CALIBRATION,370,33.5
OBS_000014,6:51:30,390,12017,ROUTE_NDLS_DDN_01,SYNTHETIC_SIMULATOR,OK,28.647721,77.260339,4.658,38,10.56,38,0,92.8,110,40,566.81,SEC_NDLS_GZB,,NDLS,GZB,20.342,309.342,CRUISING,,,,,1.84,,,GREEN,LOW,TRUE,,FALSE,,JRN_NDLS_DDN_01_20260902_161648,0.2397,1,1,0.4541,1,MEDIUM,Predicted Fog Visibility Risk (Speed cap 40.0 km/h),40,32.1,488.4,6:51:30,30,BASELINE_HISTORICAL_CALIBRATION,369.5,33
OBS_000015,6:52:00,420,12017,ROUTE_NDLS_DDN_01,SYNTHETIC_SIMULATOR,OK,28.648035,77.263102,4.975,38,10.56,38,0,92.8,110,40,562.45,SEC_NDLS_GZB,,NDLS,GZB,20.025,309.025,CRUISING,,,,,2,,,GREEN,LOW,TRUE,,FALSE,,JRN_NDLS_DDN_01_20260902_161648,0.2397,1,1,0.4541,1,MEDIUM,Predicted Fog Visibility Risk (Speed cap 40.0 km/h),40,31.6,487.9,6:52:00,30,BASELINE_HISTORICAL_CALIBRATION,369,32.5
OBS_000016,6:52:30,450,12017,ROUTE_NDLS_DDN_01,SYNTHETIC_SIMULATOR,OK,28.648349,77.265865,5.292,38,10.56,38,0,92.8,110,40,558.06,SEC_NDLS_GZB,,NDLS,GZB,19.708,308.708,CRUISING,,,,,2.16,,,GREEN,LOW,TRUE,,FALSE,,JRN_NDLS_DDN_01_20260902_161648,0.2397,1,1,0.4541,1,MEDIUM,Predicted Fog Visibility Risk (Speed cap 40.0 km/h),40,31.1,487.4,6:52:30,30,BASELINE_HISTORICAL_CALIBRATION,368.5,32
OBS_000017,6:53:00,480,12017,ROUTE_NDLS_DDN_01,SYNTHETIC_SIMULATOR,OK,28.648663,77.268627,5.608,38,10.56,38,0,92.8,110,40,553.63,SEC_NDLS_GZB,,NDLS,GZB,19.392,308.392,CRUISING,,,,,2.32,,,GREEN,LOW,TRUE,,FALSE,,JRN_NDLS_DDN_01_20260902_161648,0.2397,1,1,0.4541,1,MEDIUM,Predicted Fog Visibility Risk (Speed cap 40.0 km/h),40,30.6,486.9,6:53:00,30,BASELINE_HISTORICAL_CALIBRATION,368,31.5
OBS_000018,6:53:30,510,12017,ROUTE_NDLS_DDN_01,SYNTHETIC_SIMULATOR,OK,28.648978,77.27139,5.925,38,10.56,38,0,92.8,110,40,549.16,SEC_NDLS_GZB,,NDLS,GZB,19.075,308.075,CRUISING,,,,,2.48,,,GREEN,LOW,TRUE,,FALSE,,JRN_NDLS_DDN_01_20260902_161648,0.2397,1,1,0.4541,1,MEDIUM,Predicted Fog Visibility Risk (Speed cap 40.0 km/h),40,30.1,486.4,6:53:30,30,BASELINE_HISTORICAL_CALIBRATION,367.5,31
OBS_000019,6:54:00,540,12017,ROUTE_NDLS_DDN_01,SYNTHETIC_SIMULATOR,OK,28.649292,77.274152,6.242,38,10.56,38,0,92.8,110,40,544.66,SEC_NDLS_GZB,,NDLS,GZB,18.758,307.758,CRUISING,,,,,2.64,,,GREEN,LOW,TRUE,,FALSE,,JRN_NDLS_DDN_01_20260902_161648,0.2397,1,1,0.4541,1,MEDIUM,Predicted Fog Visibility Risk (Speed cap 40.0 km/h),40,29.6,485.9,6:54:00,30,BASELINE_HISTORICAL_CALIBRATION,367,30.5
OBS_000020,6:54:30,570,12017,ROUTE_NDLS_DDN_01,SYNTHETIC_SIMULATOR,OK,28.649606,77.276915,6.558,38,10.56,38,0,92.8,110,40,540.12,SEC_NDLS_GZB,,NDLS,GZB,18.442,307.442,CRUISING,,,,,2.8,,,GREEN,LOW,TRUE,,FALSE,,JRN_NDLS_DDN_01_20260902_161648,0.2397,1,1,0.4541,1,MEDIUM,Predicted Fog Visibility Risk (Speed cap 40.0 km/h),40,29.1,485.4,6:54:30,30,BASELINE_HISTORICAL_CALIBRATION,366.5,30
OBS_000021,6:55:00,600,12017,ROUTE_NDLS_DDN_01,SYNTHETIC_SIMULATOR,OK,28.64992,77.279678,6.875,38,10.56,38,0,92.8,110,40,535.54,SEC_NDLS_GZB,,NDLS,GZB,18.125,307.125,CRUISING,,,,,2.96,,,GREEN,LOW,TRUE,,FALSE,,JRN_NDLS_DDN_01_20260902_161648,0.2397,1,1,0.4541,1,MEDIUM,Predicted Fog Visibility Risk (Speed cap 40.0 km/h),40,28.6,484.9,6:55:00,30,BASELINE_HISTORICAL_CALIBRATION,366,29.5
OBS_000022,6:55:30,630,12017,ROUTE_NDLS_DDN_01,SYNTHETIC_SIMULATOR,OK,28.650234,77.28244,7.192,38,10.56,38,0,92.8,110,40,530.92,SEC_NDLS_GZB,,NDLS,GZB,17.808,306.808,CRUISING,,,,,3.12,,,GREEN,LOW,TRUE,,FALSE,,JRN_NDLS_DDN_01_20260902_161648,0.2397,1,1,0.4541,1,MEDIUM,Predicted Fog Visibility Risk (Speed cap 40.0 km/h),40,28.1,484.4,6:55:30,30,BASELINE_HISTORICAL_CALIBRATION,365.5,29
OBS_000023,6:56:00,660,12017,ROUTE_NDLS_DDN_01,SYNTHETIC_SIMULATOR,OK,28.650548,77.285203,7.508,38,10.56,38,0,92.8,110,40,526.27,SEC_NDLS_GZB,,NDLS,GZB,17.492,306.492,CRUISING,,,,,3.28,,,GREEN,LOW,TRUE,,FALSE,,JRN_NDLS_DDN_01_20260902_161648,0.2397,1,1,0.4541,1,MEDIUM,Predicted Fog Visibility Risk (Speed cap 40.0 km/h),40,27.6,483.9,6:56:00,30,BASELINE_HISTORICAL_CALIBRATION,365,28.5
OBS_000024,6:56:30,690,12017,ROUTE_NDLS_DDN_01,SYNTHETIC_SIMULATOR,OK,28.650862,77.287965,7.825,38,10.56,38,0,92.8,110,40,521.57,SEC_NDLS_GZB,,NDLS,GZB,17.175,306.175,CRUISING,,,,,3.44,,,GREEN,LOW,TRUE,,FALSE,,JRN_NDLS_DDN_01_20260902_161648,0.2397,1,1,0.4541,1,MEDIUM,Predicted Fog Visibility Risk (Speed cap 40.0 km/h),40,27.1,483.4,6:56:30,30,BASELINE_HISTORICAL_CALIBRATION,364.5,28
OBS_000025,6:57:00,720,12017,ROUTE_NDLS_DDN_01,SYNTHETIC_SIMULATOR,OK,28.651177,77.290728,8.142,38,10.56,38,0,92.8,110,40,516.82,SEC_NDLS_GZB,,NDLS,GZB,16.858,305.858,CRUISING,,,,,3.6,,,GREEN,LOW,TRUE,,FALSE,,JRN_NDLS_DDN_01_20260902_161648,0.2397,1,1,0.4541,1,MEDIUM,Predicted Fog Visibility Risk (Speed cap 40.0 km/h),40,26.6,482.9,6:57:00,30,BASELINE_HISTORICAL_CALIBRATION,364,27.5
OBS_000026,6:57:30,750,12017,ROUTE_NDLS_DDN_01,SYNTHETIC_SIMULATOR,OK,28.651491,77.293491,8.458,38,10.56,38,0,92.8,110,40,512.04,SEC_NDLS_GZB,,NDLS,GZB,16.542,305.542,CRUISING,,,,,3.76,,,GREEN,LOW,TRUE,,FALSE,,JRN_NDLS_DDN_01_20260902_161648,0.2397,1,1,0.4541,1,MEDIUM,Predicted Fog Visibility Risk (Speed cap 40.0 km/h),40,26.1,482.4,6:57:30,30,BASELINE_HISTORICAL_CALIBRATION,363.5,27
OBS_000027,6:58:00,780,12017,ROUTE_NDLS_DDN_01,SYNTHETIC_SIMULATOR,OK,28.651805,77.296253,8.775,38,10.56,38,0,92.8,110,40,507.2,SEC_NDLS_GZB,,NDLS,GZB,16.225,305.225,CRUISING,,,,,3.92,,,GREEN,LOW,TRUE,,FALSE,,JRN_NDLS_DDN_01_20260902_161648,0.2397,1,1,0.4541,1,MEDIUM,Predicted Fog Visibility Risk (Speed cap 40.0 km/h),40,25.6,481.9,6:58:00,30,BASELINE_HISTORICAL_CALIBRATION,363,26.5
OBS_000028,6:58:30,810,12017,ROUTE_NDLS_DDN_01,SYNTHETIC_SIMULATOR,OK,28.652119,77.299016,9.092,38,10.56,38,0,92.8,110,40,502.33,SEC_NDLS_GZB,,NDLS,GZB,15.908,304.908,CRUISING,,,,,4.08,,,GREEN,LOW,TRUE,,FALSE,,JRN_NDLS_DDN_01_20260902_161648,0.2397,1,1,0.4541,1,MEDIUM,Predicted Fog Visibility Risk (Speed cap 40.0 km/h),40,25.1,481.4,6:58:30,30,BASELINE_HISTORICAL_CALIBRATION,362.5,26
OBS_000029,6:59:00,840,12017,ROUTE_NDLS_DDN_01,SYNTHETIC_SIMULATOR,OK,28.652433,77.301778,9.408,38,10.56,38,0,92.8,110,40,497.4,SEC_NDLS_GZB,,NDLS,GZB,15.592,304.592,CRUISING,,,,,4.24,,,GREEN,LOW,TRUE,,FALSE,,JRN_NDLS_DDN_01_20260902_161648,0.2397,1,1,0.4541,1,MEDIUM,Predicted Fog Visibility Risk (Speed cap 40.0 km/h),40,24.6,480.9,6:59:00,30,BASELINE_HISTORICAL_CALIBRATION,362,25.5
OBS_000030,6:59:30,870,12017,ROUTE_NDLS_DDN_01,SYNTHETIC_SIMULATOR,OK,28.652747,77.304541,9.725,38,10.56,38,0,92.8,110,40,492.42,SEC_NDLS_GZB,,NDLS,GZB,15.275,304.275,CRUISING,,,,,4.4,,,GREEN,LOW,TRUE,,FALSE,,JRN_NDLS_DDN_01_20260902_161648,0.2397,1,1,0.4541,1,MEDIUM,Predicted Fog Visibility Risk (Speed cap 40.0 km/h),40,24.1,480.4,6:59:30,30,BASELINE_HISTORICAL_CALIBRATION,361.5,25
OBS_000031,7:00:00,900,12017,ROUTE_NDLS_DDN_01,SYNTHETIC_SIMULATOR,OK,28.653061,77.307304,10.042,38,10.56,38,0,92.8,110,40,487.4,SEC_NDLS_GZB,,NDLS,GZB,14.958,303.958,CRUISING,,,,,4.56,,,GREEN,LOW,TRUE,,FALSE,,JRN_NDLS_DDN_01_20260902_161648,0.2301,1,1,0.4541,1,MEDIUM,Predicted Fog Visibility Risk (Speed cap 40.0 km/h),40,23.6,479.9,7:00:00,30,BASELINE_HISTORICAL_CALIBRATION,361,24.5
OBS_000032,7:00:30,930,12017,ROUTE_NDLS_DDN_01,SYNTHETIC_SIMULATOR,OK,28.653375,77.310066,10.358,38,10.56,38,0,92.8,110,40,482.32,SEC_NDLS_GZB,,NDLS,GZB,14.642,303.642,CRUISING,,,,,4.72,,,GREEN,LOW,TRUE,,FALSE,,JRN_NDLS_DDN_01_20260902_161648,0.2301,1,1,0.4541,1,MEDIUM,Predicted Fog Visibility Risk (Speed cap 40.0 km/h),40,23.1,479.4,7:00:30,30,BASELINE_HISTORICAL_CALIBRATION,360.5,24
OBS_000033,7:01:00,960,12017,ROUTE_NDLS_DDN_01,SYNTHETIC_SIMULATOR,OK,28.65369,77.312829,10.675,38,10.56,38,0,92.8,110,40,477.19,SEC_NDLS_GZB,,NDLS,GZB,14.325,303.325,CRUISING,,,,,4.88,,,GREEN,LOW,TRUE,,FALSE,,JRN_NDLS_DDN_01_20260902_161648,0.2301,1,1,0.4541,1,MEDIUM,Predicted Fog Visibility Risk (Speed cap 40.0 km/h),40,22.6,478.9,7:01:00,30,BASELINE_HISTORICAL_CALIBRATION,360,23.5
OBS_000034,7:01:30,990,12017,ROUTE_NDLS_DDN_01,SYNTHETIC_SIMULATOR,OK,28.654004,77.315591,10.992,38,10.56,38,0,92.8,110,40,472,SEC_NDLS_GZB,,NDLS,GZB,14.008,303.008,CRUISING,,,,,5.04,,,GREEN,LOW,TRUE,,FALSE,,JRN_NDLS_DDN_01_20260902_161648,0.2301,1,1,0.4541,1,MEDIUM,Predicted Fog Visibility Risk (Speed cap 40.0 km/h),40,22.1,478.4,7:01:30,30,BASELINE_HISTORICAL_CALIBRATION,359.5,23
OBS_000035,7:02:00,1020,12017,ROUTE_NDLS_DDN_01,SYNTHETIC_SIMULATOR,OK,28.654318,77.318354,11.308,38,10.56,38,0,92.8,110,40,466.75,SEC_NDLS_GZB,,NDLS,GZB,13.692,302.692,CRUISING,,,,,5.2,,,GREEN,LOW,TRUE,,FALSE,,JRN_NDLS_DDN_01_20260902_161648,0.2301,1,1,0.4541,1,MEDIUM,Predicted Fog Visibility Risk (Speed cap 40.0 km/h),40,21.6,477.9,7:02:00,30,BASELINE_HISTORICAL_CALIBRATION,359,22.5
OBS_000036,7:02:30,1050,12017,ROUTE_NDLS_DDN_01,SYNTHETIC_SIMULATOR,OK,28.654632,77.321117,11.625,38,10.56,38,0,92.8,110,40,461.45,SEC_NDLS_GZB,,NDLS,GZB,13.375,302.375,CRUISING,,,,,5.36,,,GREEN,LOW,TRUE,,FALSE,,JRN_NDLS_DDN_01_20260902_161648,0.2301,1,1,0.4541,1,MEDIUM,Predicted Fog Visibility Risk (Speed cap 40.0 km/h),40,21.1,477.4,7:02:30,30,BASELINE_HISTORICAL_CALIBRATION,358.5,22
OBS_000037,7:03:00,1080,12017,ROUTE_NDLS_DDN_01,SYNTHETIC_SIMULATOR,OK,28.654946,77.323879,11.942,38,10.56,38,0,92.8,110,40,456.08,SEC_NDLS_GZB,,NDLS,GZB,13.058,302.058,CRUISING,,,,,5.52,,,GREEN,LOW,TRUE,,FALSE,,JRN_NDLS_DDN_01_20260902_161648,0.2301,1,1,0.4541,1,MEDIUM,Predicted Fog Visibility Risk (Speed cap 40.0 km/h),40,20.6,476.9,7:03:00,30,BASELINE_HISTORICAL_CALIBRATION,358,21.5
OBS_000038,7:03:30,1110,12017,ROUTE_NDLS_DDN_01,SYNTHETIC_SIMULATOR,OK,28.65526,77.326642,12.258,38,10.56,38,0,92.8,110,40,450.65,SEC_NDLS_GZB,,NDLS,GZB,12.742,301.742,CRUISING,,,,,5.68,,,GREEN,LOW,TRUE,,FALSE,,JRN_NDLS_DDN_01_20260902_161648,0.2301,1,1,0.4541,1,MEDIUM,Predicted Fog Visibility Risk (Speed cap 40.0 km/h),40,20.1,476.4,7:03:30,30,BASELINE_HISTORICAL_CALIBRATION,357.5,21
OBS_000039,7:04:00,1140,12017,ROUTE_NDLS_DDN_01,SYNTHETIC_SIMULATOR,OK,28.655574,77.329404,12.575,38,10.56,38,0,92.8,110,40,445.15,SEC_NDLS_GZB,,NDLS,GZB,12.425,301.425,CRUISING,,,,,5.84,,,GREEN,LOW,TRUE,,FALSE,,JRN_NDLS_DDN_01_20260902_161648,0.2301,1,1,0.4541,1,MEDIUM,Predicted Fog Visibility Risk (Speed cap 40.0 km/h),40,19.6,475.9,7:04:00,30,BASELINE_HISTORICAL_CALIBRATION,357,20.5
OBS_000040,7:04:30,1170,12017,ROUTE_NDLS_DDN_01,SYNTHETIC_SIMULATOR,OK,28.655889,77.332167,12.892,38,10.56,38,0,92.8,110,40,439.58,SEC_NDLS_GZB,,NDLS,GZB,12.108,301.108,CRUISING,,,,,6,,,GREEN,LOW,TRUE,,FALSE,,JRN_NDLS_DDN_01_20260902_161648,0.2301,1,1,0.4541,1,MEDIUM,Predicted Fog Visibility Risk (Speed cap 40.0 km/h),40,19.1,475.4,7:04:30,30,BASELINE_HISTORICAL_CALIBRATION,356.5,20
OBS_000041,7:05:00,1200,12017,ROUTE_NDLS_DDN_01,SYNTHETIC_SIMULATOR,OK,28.656203,77.33493,13.208,38,10.56,38,0,92.8,110,40,433.95,SEC_NDLS_GZB,,NDLS,GZB,11.792,300.792,CRUISING,,,,,6.16,,,GREEN,LOW,TRUE,,FALSE,,JRN_NDLS_DDN_01_20260902_161648,0.2301,1,1,0.4541,1,MEDIUM,Predicted Fog Visibility Risk (Speed cap 40.0 km/h),40,18.6,474.9,7:05:00,30,BASELINE_HISTORICAL_CALIBRATION,356,19.5
OBS_000042,7:05:30,1230,12017,ROUTE_NDLS_DDN_01,SYNTHETIC_SIMULATOR,OK,28.656517,77.337692,13.525,38,10.56,38,0,92.8,110,40,428.23,SEC_NDLS_GZB,,NDLS,GZB,11.475,300.475,CRUISING,,,,,6.32,,,GREEN,LOW,TRUE,,FALSE,,JRN_NDLS_DDN_01_20260902_161648,0.2301,1,1,0.4541,1,MEDIUM,Predicted Fog Visibility Risk (Speed cap 40.0 km/h),40,18.1,474.4,7:05:30,30,BASELINE_HISTORICAL_CALIBRATION,355.5,19
OBS_000043,7:06:00,1260,12017,ROUTE_NDLS_DDN_01,SYNTHETIC_SIMULATOR,OK,28.656831,77.340455,13.842,38,10.56,38,0,92.8,110,40,422.44,SEC_NDLS_GZB,,NDLS,GZB,11.158,300.158,CRUISING,,,,,6.48,,,GREEN,LOW,TRUE,,FALSE,,JRN_NDLS_DDN_01_20260902_161648,0.2301,1,1,0.4541,1,MEDIUM,Predicted Fog Visibility Risk (Speed cap 40.0 km/h),40,17.6,473.9,7:06:00,30,BASELINE_HISTORICAL_CALIBRATION,355,18.5
OBS_000044,7:06:30,1290,12017,ROUTE_NDLS_DDN_01,SYNTHETIC_SIMULATOR,OK,28.657145,77.343217,14.158,38,10.56,38,0,92.8,110,40,416.57,SEC_NDLS_GZB,,NDLS,GZB,10.842,299.842,CRUISING,,,,,6.64,,,GREEN,LOW,TRUE,,FALSE,,JRN_NDLS_DDN_01_20260902_161648,0.2301,1,1,0.4541,1,MEDIUM,Predicted Fog Visibility Risk (Speed cap 40.0 km/h),40,17.1,473.4,7:06:30,30,BASELINE_HISTORICAL_CALIBRATION,354.5,18
OBS_000045,7:07:00,1320,12017,ROUTE_NDLS_DDN_01,SYNTHETIC_SIMULATOR,OK,28.657459,77.34598,14.475,38,10.56,38,0,92.8,110,40,410.62,SEC_NDLS_GZB,,NDLS,GZB,10.525,299.525,CRUISING,,,,,6.8,,,GREEN,LOW,TRUE,,FALSE,,JRN_NDLS_DDN_01_20260902_161648,0.2301,1,1,0.4541,1,MEDIUM,Predicted Fog Visibility Risk (Speed cap 40.0 km/h),40,16.6,472.9,7:07:00,30,BASELINE_HISTORICAL_CALIBRATION,354,17.5
OBS_000046,7:07:30,1350,12017,ROUTE_NDLS_DDN_01,SYNTHETIC_SIMULATOR,OK,28.657773,77.348743,14.792,38,10.56,38,0,92.8,110,40,404.58,SEC_NDLS_GZB,,NDLS,GZB,10.208,299.208,CRUISING,,,,,6.96,,,GREEN,LOW,TRUE,,FALSE,,JRN_NDLS_DDN_01_20260902_161648,0.2301,1,1,0.4541,1,MEDIUM,Predicted Fog Visibility Risk (Speed cap 40.0 km/h),40,16.1,472.4,7:07:30,30,BASELINE_HISTORICAL_CALIBRATION,353.5,17
OBS_000047,7:08:00,1380,12017,ROUTE_NDLS_DDN_01,SYNTHETIC_SIMULATOR,OK,28.658087,77.351505,15.108,38,10.56,38,0,92.8,110,40,398.45,SEC_NDLS_GZB,,NDLS,GZB,9.892,298.892,CRUISING,,,,,7.12,,,GREEN,LOW,TRUE,,FALSE,,JRN_NDLS_DDN_01_20260902_161648,0.2301,1,1,0.4541,1,MEDIUM,Predicted Fog Visibility Risk (Speed cap 40.0 km/h),40,15.6,471.9,7:08:00,30,BASELINE_HISTORICAL_CALIBRATION,353,16.5
OBS_000048,7:08:30,1410,12017,ROUTE_NDLS_DDN_01,SYNTHETIC_SIMULATOR,OK,28.658402,77.354268,15.425,38,10.56,38,0,92.8,110,40,392.22,SEC_NDLS_GZB,,NDLS,GZB,9.575,298.575,CRUISING,,,,,7.29,,,GREEN,LOW,TRUE,,FALSE,,JRN_NDLS_DDN_01_20260902_161648,0.2301,1,1,0.4541,1,MEDIUM,Predicted Fog Visibility Risk (Speed cap 40.0 km/h),40,15.1,471.4,7:08:30,30,BASELINE_HISTORICAL_CALIBRATION,352.5,16
OBS_000049,7:09:00,1440,12017,ROUTE_NDLS_DDN_01,SYNTHETIC_SIMULATOR,OK,28.658716,77.35703,15.742,38,10.56,38,0,92.8,110,40,385.89,SEC_NDLS_GZB,,NDLS,GZB,9.258,298.258,CRUISING,,,,,7.45,,,GREEN,LOW,TRUE,,FALSE,,JRN_NDLS_DDN_01_20260902_161648,0.2301,1,1,0.4541,1,MEDIUM,Predicted Fog Visibility Risk (Speed cap 40.0 km/h),40,14.6,470.9,7:09:00,30,BASELINE_HISTORICAL_CALIBRATION,352,15.5
OBS_000050,7:09:30,1470,12017,ROUTE_NDLS_DDN_01,SYNTHETIC_SIMULATOR,OK,28.65903,77.359793,16.058,38,10.56,38,0,92.8,110,40,379.45,SEC_NDLS_GZB,,NDLS,GZB,8.942,297.942,CRUISING,,,,,7.61,,,GREEN,LOW,TRUE,,FALSE,,JRN_NDLS_DDN_01_20260902_161648,0.2301,1,1,0.4541,1,MEDIUM,Predicted Fog Visibility Risk (Speed cap 40.0 km/h),40,14.1,470.4,7:09:30,30,BASELINE_HISTORICAL_CALIBRATION,351.5,15
OBS_000051,7:10:00,1500,12017,ROUTE_NDLS_DDN_01,SYNTHETIC_SIMULATOR,OK,28.659344,77.362555,16.375,38,10.56,38,0,92.8,110,40,372.91,SEC_NDLS_GZB,,NDLS,GZB,8.625,297.625,CRUISING,,,,,7.77,,,GREEN,LOW,TRUE,,FALSE,,JRN_NDLS_DDN_01_20260902_161648,0.2301,1,1,0.4541,1,MEDIUM,Predicted Fog Visibility Risk (Speed cap 40.0 km/h),40,13.6,469.9,7:10:00,30,BASELINE_HISTORICAL_CALIBRATION,351,14.5
OBS_000052,7:10:30,1530,12017,ROUTE_NDLS_DDN_01,SYNTHETIC_SIMULATOR,OK,28.659658,77.365318,16.692,38,10.56,38,0,92.8,110,40,366.25,SEC_NDLS_GZB,,NDLS,GZB,8.308,297.308,CRUISING,,,,,7.93,,,GREEN,LOW,TRUE,,FALSE,,JRN_NDLS_DDN_01_20260902_161648,0.2301,1,1,0.4541,1,MEDIUM,Predicted Fog Visibility Risk (Speed cap 40.0 km/h),40,13.1,469.4,7:10:30,30,BASELINE_HISTORICAL_CALIBRATION,350.5,14
OBS_000053,7:11:00,1560,12017,ROUTE_NDLS_DDN_01,SYNTHETIC_SIMULATOR,OK,28.659972,77.368081,17.008,38,10.56,38,0,92.8,110,40,359.46,SEC_NDLS_GZB,,NDLS,GZB,7.992,296.992,CRUISING,,,,,8.09,,,GREEN,LOW,TRUE,,FALSE,,JRN_NDLS_DDN_01_20260902_161648,0.2301,1,1,0.4541,1,MEDIUM,Predicted Fog Visibility Risk (Speed cap 40.0 km/h),40,12.6,468.9,7:11:00,30,BASELINE_HISTORICAL_CALIBRATION,350,13.5
OBS_000054,7:11:30,1590,12017,ROUTE_NDLS_DDN_01,SYNTHETIC_SIMULATOR,OK,28.660286,77.370843,17.325,38,10.56,38,0,92.8,110,40,352.54,SEC_NDLS_GZB,,NDLS,GZB,7.675,296.675,CRUISING,,,,,8.25,,,GREEN,LOW,TRUE,,FALSE,,JRN_NDLS_DDN_01_20260902_161648,0.2301,1,1,0.4541,1,MEDIUM,Predicted Fog Visibility Risk (Speed cap 40.0 km/h),40,12.1,468.4,7:11:30,30,BASELINE_HISTORICAL_CALIBRATION,349.5,13
OBS_000055,7:12:00,1620,12017,ROUTE_NDLS_DDN_01,SYNTHETIC_SIMULATOR,OK,28.660601,77.373606,17.642,38,10.56,38,0,92.8,110,40,345.49,SEC_NDLS_GZB,,NDLS,GZB,7.358,296.358,CRUISING,,,,,8.41,,,GREEN,LOW,TRUE,,FALSE,,JRN_NDLS_DDN_01_20260902_161648,0.2301,1,1,0.4541,1,MEDIUM,Predicted Fog Visibility Risk (Speed cap 40.0 km/h),40,11.6,467.9,7:12:00,30,BASELINE_HISTORICAL_CALIBRATION,349,12.5
OBS_000056,7:12:30,1650,12017,ROUTE_NDLS_DDN_01,SYNTHETIC_SIMULATOR,OK,28.660915,77.376368,17.958,38,10.56,38,0,92.8,110,40,338.29,SEC_NDLS_GZB,,NDLS,GZB,7.042,296.042,CRUISING,,,,,8.57,,,GREEN,LOW,TRUE,,FALSE,,JRN_NDLS_DDN_01_20260902_161648,0.2301,1,1,0.4541,1,MEDIUM,Predicted Fog Visibility Risk (Speed cap 40.0 km/h),40,11.1,467.4,7:12:30,30,BASELINE_HISTORICAL_CALIBRATION,348.5,12
OBS_000057,7:13:00,1680,12017,ROUTE_NDLS_DDN_01,SYNTHETIC_SIMULATOR,OK,28.661229,77.379131,18.275,38,10.56,38,0,92.8,110,40,330.93,SEC_NDLS_GZB,,NDLS,GZB,6.725,295.725,CRUISING,,,,,8.73,,,GREEN,LOW,TRUE,,FALSE,,JRN_NDLS_DDN_01_20260902_161648,0.2301,1,1,0.4541,1,MEDIUM,Predicted Fog Visibility Risk (Speed cap 40.0 km/h),40,10.6,466.9,7:13:00,30,BASELINE_HISTORICAL_CALIBRATION,348,11.5
OBS_000058,7:13:30,1710,12017,ROUTE_NDLS_DDN_01,SYNTHETIC_SIMULATOR,OK,28.661543,77.381894,18.592,38,10.56,38,0,92.8,110,40,323.4,SEC_NDLS_GZB,,NDLS,GZB,6.408,295.408,CRUISING,,,,,8.89,,,GREEN,LOW,TRUE,,FALSE,,JRN_NDLS_DDN_01_20260902_161648,0.2301,1,1,0.4541,1,MEDIUM,Predicted Fog Visibility Risk (Speed cap 40.0 km/h),40,10.1,466.4,7:13:30,30,BASELINE_HISTORICAL_CALIBRATION,347.5,11
OBS_000059,7:14:00,1740,12017,ROUTE_NDLS_DDN_01,SYNTHETIC_SIMULATOR,OK,28.661857,77.384656,18.908,38,10.56,38,0,92.8,110,40,315.69,SEC_NDLS_GZB,,NDLS,GZB,6.092,295.092,CRUISING,,,,,9.05,,,GREEN,LOW,TRUE,,FALSE,,JRN_NDLS_DDN_01_20260902_161648,0.2301,1,1,0.4541,1,MEDIUM,Predicted Fog Visibility Risk (Speed cap 40.0 km/h),40,9.6,465.9,7:14:00,30,BASELINE_HISTORICAL_CALIBRATION,347,10.5
OBS_000060,7:14:30,1770,12017,ROUTE_NDLS_DDN_01,SYNTHETIC_SIMULATOR,OK,28.662171,77.387419,19.225,38,10.56,38,0,92.8,110,40,307.79,SEC_NDLS_GZB,,NDLS,GZB,5.775,294.775,CRUISING,,,,,9.21,,,GREEN,LOW,TRUE,,FALSE,,JRN_NDLS_DDN_01_20260902_161648,0.2301,1,1,0.4541,1,MEDIUM,Predicted Fog Visibility Risk (Speed cap 40.0 km/h),40,9.1,465.4,7:14:30,30,BASELINE_HISTORICAL_CALIBRATION,346.5,10
OBS_000061,7:15:00,1800,12017,ROUTE_NDLS_DDN_01,SYNTHETIC_SIMULATOR,OK,28.662485,77.390181,19.542,38,10.56,38,0,92.8,110,40,299.69,SEC_NDLS_GZB,,NDLS,GZB,5.458,294.458,CRUISING,,,,,9.37,,,GREEN,LOW,TRUE,,FALSE,,JRN_NDLS_DDN_01_20260902_161648,0.2301,1,1,0.4541,1,MEDIUM,Predicted Fog Visibility Risk (Speed cap 40.0 km/h),40,8.6,464.9,7:15:00,30,BASELINE_HISTORICAL_CALIBRATION,346,9.5
OBS_000062,7:15:30,1830,12017,ROUTE_NDLS_DDN_01,SYNTHETIC_SIMULATOR,OK,28.662799,77.392944,19.858,38,10.56,38,0,92.8,110,40,291.36,SEC_NDLS_GZB,,NDLS,GZB,5.142,294.142,CRUISING,,,,,9.53,,,GREEN,LOW,TRUE,,FALSE,,JRN_NDLS_DDN_01_20260902_161648,0.2301,1,1,0.4541,1,MEDIUM,Predicted Fog Visibility Risk (Speed cap 40.0 km/h),40,8.1,464.4,7:15:30,30,BASELINE_HISTORICAL_CALIBRATION,345.5,9
OBS_000063,7:16:00,1860,12017,ROUTE_NDLS_DDN_01,SYNTHETIC_SIMULATOR,OK,28.663114,77.395707,20.175,38,10.56,38,0,92.8,110,40,282.78,SEC_NDLS_GZB,,NDLS,GZB,4.825,293.825,CRUISING,,,,,9.69,,,GREEN,LOW,TRUE,,FALSE,,JRN_NDLS_DDN_01_20260902_161648,0.2301,1,1,0.4541,1,MEDIUM,Predicted Fog Visibility Risk (Speed cap 40.0 km/h),40,7.6,463.9,7:16:00,30,BASELINE_HISTORICAL_CALIBRATION,345,8.5
OBS_000064,7:16:30,1890,12017,ROUTE_NDLS_DDN_01,SYNTHETIC_SIMULATOR,OK,28.663428,77.398469,20.492,38,10.56,38,0,92.8,110,40,273.93,SEC_NDLS_GZB,,NDLS,GZB,4.508,293.508,CRUISING,,,,,9.85,,,GREEN,LOW,TRUE,,FALSE,,JRN_NDLS_DDN_01_20260902_161648,0.2301,1,1,0.4541,1,MEDIUM,Predicted Fog Visibility Risk (Speed cap 40.0 km/h),40,7.1,463.4,7:16:30,30,BASELINE_HISTORICAL_CALIBRATION,344.5,8
OBS_000065,7:17:00,1920,12017,ROUTE_NDLS_DDN_01,SYNTHETIC_SIMULATOR,OK,28.663742,77.401232,20.808,38,10.56,38,0,92.8,110,40,264.79,SEC_NDLS_GZB,,NDLS,GZB,4.192,293.192,CRUISING,,,,,10.01,,,GREEN,LOW,TRUE,,FALSE,,JRN_NDLS_DDN_01_20260902_161648,0.2301,1,1,0.4541,1,MEDIUM,Predicted Fog Visibility Risk (Speed cap 40.0 km/h),40,6.6,462.9,7:17:00,30,BASELINE_HISTORICAL_CALIBRATION,344,7.5
OBS_000066,7:17:30,1950,12017,ROUTE_NDLS_DDN_01,SYNTHETIC_SIMULATOR,OK,28.664056,77.403994,21.125,38,10.56,38,0,92.8,110,40,255.32,SEC_NDLS_GZB,,NDLS,GZB,3.875,292.875,CRUISING,,,,,10.17,,,GREEN,LOW,TRUE,,FALSE,,JRN_NDLS_DDN_01_20260902_161648,0.2301,1,1,0.4541,1,MEDIUM,Predicted Fog Visibility Risk (Speed cap 40.0 km/h),40,6.1,462.4,7:17:30,30,BASELINE_HISTORICAL_CALIBRATION,343.5,7
OBS_000067,7:18:00,1980,12017,ROUTE_NDLS_DDN_01,SYNTHETIC_SIMULATOR,OK,28.66437,77.406757,21.442,38,10.56,38,0,92.8,110,40,245.49,SEC_NDLS_GZB,,NDLS,GZB,3.558,292.558,CRUISING,,,,,10.33,,,GREEN,LOW,TRUE,,FALSE,,JRN_NDLS_DDN_01_20260902_161648,0.2301,1,1,0.4541,1,MEDIUM,Predicted Fog Visibility Risk (Speed cap 40.0 km/h),40,5.6,461.9,7:18:00,30,BASELINE_HISTORICAL_CALIBRATION,343,6.5
OBS_000068,7:18:30,2010,12017,ROUTE_NDLS_DDN_01,SYNTHETIC_SIMULATOR,OK,28.664684,77.40952,21.758,38,10.56,38,0,92.8,110,40,235.24,SEC_NDLS_GZB,,NDLS,GZB,3.242,292.242,CRUISING,,,,,10.49,,,GREEN,LOW,TRUE,,FALSE,,JRN_NDLS_DDN_01_20260902_161648,0.2301,1,1,0.4541,1,MEDIUM,Predicted Fog Visibility Risk (Speed cap 40.0 km/h),40,5.1,461.4,7:18:30,30,BASELINE_HISTORICAL_CALIBRATION,342.5,6
OBS_000069,7:19:00,2040,12017,ROUTE_NDLS_DDN_01,SYNTHETIC_SIMULATOR,OK,28.664998,77.412282,22.075,38,10.56,38,0,92.8,110,40,224.53,SEC_NDLS_GZB,,NDLS,GZB,2.925,291.925,CRUISING,,,,,10.65,,,GREEN,LOW,TRUE,,FALSE,,JRN_NDLS_DDN_01_20260902_161648,0.2301,1,1,0.4541,1,MEDIUM,Predicted Fog Visibility Risk (Speed cap 40.0 km/h),40,4.6,460.9,7:19:00,30,BASELINE_HISTORICAL_CALIBRATION,342,5.5
OBS_000070,7:19:30,2070,12017,ROUTE_NDLS_DDN_01,SYNTHETIC_SIMULATOR,OK,28.665313,77.415045,22.392,38,10.56,38,0,92.8,110,40,213.28,SEC_NDLS_GZB,,NDLS,GZB,2.608,291.608,CRUISING,,,,,10.81,,,GREEN,LOW,TRUE,,FALSE,,JRN_NDLS_DDN_01_20260902_161648,0.2301,1,1,0.4541,1,MEDIUM,Predicted Fog Visibility Risk (Speed cap 40.0 km/h),40,4.1,460.4,7:19:30,30,BASELINE_HISTORICAL_CALIBRATION,341.5,5
OBS_000071,7:20:00,2100,12017,ROUTE_NDLS_DDN_01,SYNTHETIC_SIMULATOR,OK,28.665627,77.417807,22.708,38,10.56,38,0,92.8,110,40,201.41,SEC_NDLS_GZB,,NDLS,GZB,2.292,291.292,CRUISING,,,,,10.97,,,GREEN,LOW,TRUE,,FALSE,,JRN_NDLS_DDN_01_20260902_161648,0.2301,1,1,0.4541,1,MEDIUM,Predicted Fog Visibility Risk (Speed cap 40.0 km/h),40,3.6,459.9,7:20:00,30,BASELINE_HISTORICAL_CALIBRATION,341,4.5
OBS_000072,7:20:30,2130,12017,ROUTE_NDLS_DDN_01,SYNTHETIC_SIMULATOR,OK,28.665941,77.42057,23.025,38,10.56,38,0,92.8,110,40,188.79,SEC_NDLS_GZB,,NDLS,GZB,1.975,290.975,CRUISING,,,,,11.13,,,GREEN,LOW,TRUE,,FALSE,,JRN_NDLS_DDN_01_20260902_161648,0.2301,1,1,0.4541,1,MEDIUM,Predicted Fog Visibility Risk (Speed cap 40.0 km/h),40,3.1,459.4,7:20:30,30,BASELINE_HISTORICAL_CALIBRATION,340.5,4
OBS_000073,7:21:00,2160,12017,ROUTE_NDLS_DDN_01,SYNTHETIC_SIMULATOR,OK,28.666255,77.423333,23.342,38,10.56,38,0,92.8,110,40,175.26,SEC_NDLS_GZB,,NDLS,GZB,1.658,290.658,CRUISING,,,,,11.29,,,GREEN,LOW,TRUE,,FALSE,,JRN_NDLS_DDN_01_20260902_161648,0.2301,1,1,0.4541,1,MEDIUM,Predicted Fog Visibility Risk (Speed cap 40.0 km/h),40,2.6,458.9,7:21:00,30,BASELINE_HISTORICAL_CALIBRATION,340,3.5
OBS_000074,7:21:30,2190,12017,ROUTE_NDLS_DDN_01,SYNTHETIC_SIMULATOR,OK,28.666569,77.426095,23.658,38,10.56,38,0,92.8,110,40,160.59,SEC_NDLS_GZB,,NDLS,GZB,1.342,290.342,CRUISING,,,,,11.45,,,GREEN,LOW,TRUE,,FALSE,,JRN_NDLS_DDN_01_20260902_161648,0.2301,1,1,0.4541,1,MEDIUM,Predicted Fog Visibility Risk (Speed cap 40.0 km/h),40,2.1,458.4,7:21:30,30,BASELINE_HISTORICAL_CALIBRATION,339.5,3
OBS_000075,7:22:00,2220,12017,ROUTE_NDLS_DDN_01,SYNTHETIC_SIMULATOR,OK,28.666883,77.428858,23.975,38,10.56,38,0,92.8,110,40,144.45,SEC_NDLS_GZB,,NDLS,GZB,1.025,290.025,CRUISING,,,,,11.61,,,GREEN,LOW,TRUE,,FALSE,,JRN_NDLS_DDN_01_20260902_161648,0.2301,1,1,0.4541,1,MEDIUM,Predicted Fog Visibility Risk (Speed cap 40.0 km/h),40,1.6,457.9,7:22:00,30,BASELINE_HISTORICAL_CALIBRATION,339,2.5
OBS_000076,7:22:30,2250,12017,ROUTE_NDLS_DDN_01,SYNTHETIC_SIMULATOR,OK,28.667197,77.43162,24.292,38,10.56,38,0,92.8,110,40,126.26,SEC_NDLS_GZB,,NDLS,GZB,0.708,289.708,CRUISING,,,,,11.77,,,GREEN,LOW,TRUE,,FALSE,,JRN_NDLS_DDN_01_20260902_161648,0.2301,1,1,0.4541,1,MEDIUM,Predicted Fog Visibility Risk (Speed cap 40.0 km/h),40,1.1,457.4,7:22:30,30,BASELINE_HISTORICAL_CALIBRATION,338.5,2
OBS_000077,7:23:00,2280,12017,ROUTE_NDLS_DDN_01,SYNTHETIC_SIMULATOR,OK,28.667511,77.434383,24.608,38,10.56,38,0,92.8,110,40,104.96,SEC_NDLS_GZB,,NDLS,GZB,0.392,289.392,CRUISING,,,,,11.93,,,GREEN,LOW,TRUE,,FALSE,,JRN_NDLS_DDN_01_20260902_161648,0.2301,1,1,0.4541,1,MEDIUM,Predicted Fog Visibility Risk (Speed cap 40.0 km/h),40,0.6,456.9,7:23:00,30,BASELINE_HISTORICAL_CALIBRATION,338,1.5
OBS_000078,7:23:30,2310,12017,ROUTE_NDLS_DDN_01,SYNTHETIC_SIMULATOR,OK,28.667826,77.437146,24.925,38,10.56,38,0,92.8,110,40,78.05,SEC_NDLS_GZB,,NDLS,GZB,0.075,289.075,CRUISING,,,,,12.09,,,GREEN,LOW,TRUE,,FALSE,,JRN_NDLS_DDN_01_20260902_161648,0.2301,1,1,0.4541,1,MEDIUM,Predicted Fog Visibility Risk (Speed cap 40.0 km/h),40,0.1,456.4,7:23:30,30,BASELINE_HISTORICAL_CALIBRATION,337.5,1
OBS_000079,7:24:00,2340,12017,ROUTE_NDLS_DDN_01,SYNTHETIC_SIMULATOR,OK,28.667826,77.437146,24.925,0,0,34.15,-0.6,0,110,40,34.15,SEC_NDLS_GZB,,NDLS,GZB,0.075,289.075,STOPPED,,,,,12.25,,,GREEN,LOW,TRUE,,FALSE,,JRN_NDLS_DDN_01_20260902_161648,0.2301,1,1,0.4541,1,MEDIUM,Predicted Fog Visibility Risk (Speed cap 40.0 km/h),40,0.2,693.8,7:24:00,30,BASELINE_HISTORICAL_CALIBRATION,337,0.5
OBS_000080,7:24:30,2370,12017,ROUTE_NDLS_DDN_01,SYNTHETIC_SIMULATOR,OK,28.6679,77.4378,25,0,0,34.15,0,0,110,40,34.15,SEC_NDLS_GZB,GZB,GZB,MTC,47,289,DWELLING,ARRIVED,7:24:30,,,12.75,,,GREEN,LOW,TRUE,,FALSE,,JRN_NDLS_DDN_01_20260902_161648,0.2301,1,1,0.4541,1,MEDIUM,Predicted Fog Visibility Risk (Speed cap 40.0 km/h),40,112.8,693.6,7:24:30,30,BASELINE_HISTORICAL_CALIBRATION,336.5,75.5
OBS_000081,7:25:00,2400,12017,ROUTE_NDLS_DDN_01,SYNTHETIC_SIMULATOR,OK,28.6679,77.4378,25,0,0,0,0,0,120,40,0,SEC_GZB_MTC,GZB,GZB,MTC,47,289,DWELLING,,,,,13.17,,,GREEN,LOW,TRUE,,FALSE,EVT_001,JRN_NDLS_DDN_01_20260902_161648,0.2301,1,1,0.4541,1,MEDIUM,Predicted Fog Visibility Risk (Speed cap 40.0 km/h),40,112.8,693.6,7:25:00,30,BASELINE_HISTORICAL_CALIBRATION,336,75
OBS_000082,7:25:30,2430,12017,ROUTE_NDLS_DDN_01,SYNTHETIC_SIMULATOR,OK,28.6679,77.4378,25,0,0,0,0,0,120,40,0,SEC_GZB_MTC,GZB,GZB,MTC,47,289,DWELLING,,,,,13.67,,,GREEN,LOW,TRUE,,FALSE,EVT_001,JRN_NDLS_DDN_01_20260902_161648,0.2301,1,1,0.4541,1,MEDIUM,Predicted Fog Visibility Risk (Speed cap 40.0 km/h),40,112.8,693.6,7:25:30,30,BASELINE_HISTORICAL_CALIBRATION,335.5,74.5
OBS_000083,7:26:00,2460,12017,ROUTE_NDLS_DDN_01,SYNTHETIC_SIMULATOR,OK,28.6679,77.4378,25,0,0,0,0,0,120,40,0,SEC_GZB_MTC,GZB,GZB,MTC,47,289,DWELLING,,,,,14.17,,,GREEN,LOW,TRUE,,FALSE,EVT_001,JRN_NDLS_DDN_01_20260902_161648,0.2301,1,1,0.4541,1,MEDIUM,Predicted Fog Visibility Risk (Speed cap 40.0 km/h),40,112.8,693.6,7:26:00,30,BASELINE_HISTORICAL_CALIBRATION,335,74
OBS_000084,7:26:30,2490,12017,ROUTE_NDLS_DDN_01,SYNTHETIC_SIMULATOR,OK,28.6679,77.4378,25.542,38,10.56,38,0.5,92.8,120,40,854.95,SEC_GZB_MTC,GZB,GZB,MTC,46.458,288.458,ACCELERATING,DEPARTED,,7:26:30,2,14.67,,,GREEN,LOW,TRUE,,FALSE,EVT_001,JRN_NDLS_DDN_01_20260902_161648,0.2301,1,1,0.4541,1,MEDIUM,Predicted Fog Visibility Risk (Speed cap 40.0 km/h),40,73.4,455.5,7:26:30,30,BASELINE_HISTORICAL_CALIBRATION,334.5,73.5
OBS_000085,7:27:00,2520,12017,ROUTE_NDLS_DDN_01,SYNTHETIC_SIMULATOR,OK,28.6736,77.442599,25.858,38,10.56,38,0,92.8,120,40,850.01,SEC_GZB_MTC,,GZB,MTC,46.142,288.142,CRUISING,,,,,14.59,,,GREEN,LOW,TRUE,,FALSE,EVT_001,JRN_NDLS_DDN_01_20260902_161648,0.2301,1,1,0.4541,1,MEDIUM,Predicted Fog Visibility Risk (Speed cap 40.0 km/h),40,72.9,455,7:27:00,30,BASELINE_HISTORICAL_CALIBRATION,334,73
OBS_000086,7:27:30,2550,12017,ROUTE_NDLS_DDN_01,SYNTHETIC_SIMULATOR,OK,28.675702,77.44437,26.175,38,10.56,38,0,92.8,120,40,847.11,SEC_GZB_MTC,,GZB,MTC,45.825,287.825,CRUISING,,,,,14.75,,,GREEN,LOW,TRUE,,FALSE,EVT_001,JRN_NDLS_DDN_01_20260902_161648,0.2301,1,1,0.4541,1,MEDIUM,Predicted Fog Visibility Risk (Speed cap 40.0 km/h),40,72.4,454.5,7:27:30,30,BASELINE_HISTORICAL_CALIBRATION,333.5,72.5
OBS_000087,7:28:00,2580,12017,ROUTE_NDLS_DDN_01,SYNTHETIC_SIMULATOR,OK,28.677805,77.446141,26.492,38,10.56,38,0,92.8,120,40,844.2,SEC_GZB_MTC,,GZB,MTC,45.508,287.508,CRUISING,,,,,14.91,,,GREEN,LOW,TRUE,,FALSE,EVT_001,JRN_NDLS_DDN_01_20260902_161648,0.2301,1,1,0.4541,1,MEDIUM,Predicted Fog Visibility Risk (Speed cap 40.0 km/h),40,71.9,454,7:28:00,30,BASELINE_HISTORICAL_CALIBRATION,333,72
OBS_000088,7:28:30,2610,12017,ROUTE_NDLS_DDN_01,SYNTHETIC_SIMULATOR,OK,28.679908,77.447911,26.808,38,10.56,38,0,92.8,120,40,841.28,SEC_GZB_MTC,,GZB,MTC,45.192,287.192,CRUISING,,,,,15.07,,,GREEN,LOW,TRUE,,FALSE,EVT_001,JRN_NDLS_DDN_01_20260902_161648,0.2301,1,1,0.4541,1,MEDIUM,Predicted Fog Visibility Risk (Speed cap 40.0 km/h),40,71.4,453.5,7:28:30,30,BASELINE_HISTORICAL_CALIBRATION,332.5,71.5
OBS_000089,7:29:00,2640,12017,ROUTE_NDLS_DDN_01,SYNTHETIC_SIMULATOR,OK,28.682011,77.449682,27.125,38,10.56,38,0,92.8,120,40,838.34,SEC_GZB_MTC,,GZB,MTC,44.875,286.875,CRUISING,,,,,15.23,,,GREEN,LOW,TRUE,,FALSE,EVT_001,JRN_NDLS_DDN_01_20260902_161648,0.2301,1,1,0.4541,1,MEDIUM,Predicted Fog Visibility Risk (Speed cap 40.0 km/h),40,70.9,453,7:29:00,30,BASELINE_HISTORICAL_CALIBRATION,332,71
OBS_000090,7:29:30,2670,12017,ROUTE_NDLS_DDN_01,SYNTHETIC_SIMULATOR,OK,28.684114,77.451453,27.442,38,10.56,38,0,92.8,120,40,835.4,SEC_GZB_MTC,,GZB,MTC,44.558,286.558,CRUISING,,,,,15.39,,,GREEN,LOW,TRUE,,FALSE,EVT_001,JRN_NDLS_DDN_01_20260902_161648,0.2301,1,1,0.4541,1,MEDIUM,Predicted Fog Visibility Risk (Speed cap 40.0 km/h),40,70.4,452.5,7:29:30,30,BASELINE_HISTORICAL_CALIBRATION,331.5,70.5
OBS_000091,7:30:00,2700,12017,ROUTE_NDLS_DDN_01,SYNTHETIC_SIMULATOR,OK,28.686217,77.453223,27.758,38,10.56,38,0,92.8,120,40,832.45,SEC_GZB_MTC,,GZB,MTC,44.242,286.242,CRUISING,,,,,15.55,,,GREEN,LOW,TRUE,,FALSE,EVT_001,JRN_NDLS_DDN_01_20260902_161648,0.2301,1,1,0.4541,1,MEDIUM,Predicted Fog Visibility Risk (Speed cap 40.0 km/h),40,69.9,452,7:30:00,30,BASELINE_HISTORICAL_CALIBRATION,331,70
OBS_000092,7:30:30,2730,12017,ROUTE_NDLS_DDN_01,SYNTHETIC_SIMULATOR,OK,28.688319,77.454994,28.075,38,10.56,38,0,92.8,120,40,829.49,SEC_GZB_MTC,,GZB,MTC,43.925,285.925,CRUISING,,,,,15.71,,,GREEN,LOW,TRUE,,FALSE,EVT_001,JRN_NDLS_DDN_01_20260902_161648,0.2301,1,1,0.4541,1,MEDIUM,Predicted Fog Visibility Risk (Speed cap 40.0 km/h),40,69.4,451.5,7:30:30,30,BASELINE_HISTORICAL_CALIBRATION,330.5,69.5
OBS_000093,7:31:00,2760,12017,ROUTE_NDLS_DDN_01,SYNTHETIC_SIMULATOR,OK,28.690422,77.456764,28.392,38,10.56,38,0,92.8,120,40,826.51,SEC_GZB_MTC,,GZB,MTC,43.608,285.608,CRUISING,,,,,15.87,,,GREEN,LOW,TRUE,,FALSE,EVT_001,JRN_NDLS_DDN_01_20260902_161648,0.2301,1,1,0.4541,1,MEDIUM,Predicted Fog Visibility Risk (Speed cap 40.0 km/h),40,68.9,451,7:31:00,30,BASELINE_HISTORICAL_CALIBRATION,330,69
OBS_000094,7:31:30,2790,12017,ROUTE_NDLS_DDN_01,SYNTHETIC_SIMULATOR,OK,28.692525,77.458535,28.708,38,10.56,38,0,92.8,120,40,823.53,SEC_GZB_MTC,,GZB,MTC,43.292,285.292,CRUISING,,,,,16.03,,,GREEN,LOW,TRUE,,FALSE,EVT_001,JRN_NDLS_DDN_01_20260902_161648,0.2301,1,1,0.4541,1,MEDIUM,Predicted Fog Visibility Risk (Speed cap 40.0 km/h),40,68.4,450.5,7:31:30,30,BASELINE_HISTORICAL_CALIBRATION,329.5,68.5
OBS_000095,7:32:00,2820,12017,ROUTE_NDLS_DDN_01,SYNTHETIC_SIMULATOR,OK,28.694628,77.460306,29.025,38,10.56,38,0,92.8,120,40,820.53,SEC_GZB_MTC,,GZB,MTC,42.975,284.975,CRUISING,,,,,16.19,,,GREEN,LOW,TRUE,,FALSE,EVT_001,JRN_NDLS_DDN_01_20260902_161648,0.2301,1,1,0.4541,1,MEDIUM,Predicted Fog Visibility Risk (Speed cap 40.0 km/h),40,67.9,450,7:32:00,30,BASELINE_HISTORICAL_CALIBRATION,329,68
OBS_000096,7:32:30,2850,12017,ROUTE_NDLS_DDN_01,SYNTHETIC_SIMULATOR,OK,28.696731,77.462076,29.342,38,10.56,38,0,92.8,120,40,817.53,SEC_GZB_MTC,,GZB,MTC,42.658,284.658,CRUISING,,,,,16.35,,,GREEN,LOW,TRUE,,FALSE,EVT_001,JRN_NDLS_DDN_01_20260902_161648,0.2301,1,1,0.4541,1,MEDIUM,Predicted Fog Visibility Risk (Speed cap 40.0 km/h),40,67.4,449.5,7:32:30,30,BASELINE_HISTORICAL_CALIBRATION,328.5,67.5
OBS_000097,7:33:00,2880,12017,ROUTE_NDLS_DDN_01,SYNTHETIC_SIMULATOR,OK,28.698833,77.463847,29.658,38,10.56,38,0,92.8,120,40,814.51,SEC_GZB_MTC,,GZB,MTC,42.342,284.342,CRUISING,,,,,16.51,,,GREEN,LOW,TRUE,,FALSE,EVT_001,JRN_NDLS_DDN_01_20260902_161648,0.2301,1,1,0.4541,1,MEDIUM,Predicted Fog Visibility Risk (Speed cap 40.0 km/h),40,66.9,449,7:33:00,30,BASELINE_HISTORICAL_CALIBRATION,328,67
OBS_000098,7:33:30,2910,12017,ROUTE_NDLS_DDN_01,SYNTHETIC_SIMULATOR,OK,28.700936,77.465618,29.975,38,10.56,38,0,92.8,120,40,811.48,SEC_GZB_MTC,,GZB,MTC,42.025,284.025,CRUISING,,,,,16.67,,,GREEN,LOW,TRUE,,FALSE,EVT_001,JRN_NDLS_DDN_01_20260902_161648,0.2301,1,1,0.4541,1,MEDIUM,Predicted Fog Visibility Risk (Speed cap 40.0 km/h),40,66.4,448.5,7:33:30,30,BASELINE_HISTORICAL_CALIBRATION,327.5,66.5
OBS_000099,7:34:00,2940,12017,ROUTE_NDLS_DDN_01,SYNTHETIC_SIMULATOR,OK,28.703039,77.467388,30.292,38,10.56,38,0,92.8,120,40,808.44,SEC_GZB_MTC,,GZB,MTC,41.708,283.708,CRUISING,,,,,16.83,,,GREEN,LOW,TRUE,,FALSE,EVT_001,JRN_NDLS_DDN_01_20260902_161648,0.2301,1,1,0.4541,1,MEDIUM,Predicted Fog Visibility Risk (Speed cap 40.0 km/h),40,65.9,448,7:34:00,30,BASELINE_HISTORICAL_CALIBRATION,327,66
OBS_000100,7:34:30,2970,12017,ROUTE_NDLS_DDN_01,SYNTHETIC_SIMULATOR,OK,28.705142,77.469159,30.608,38,10.56,38,0,92.8,120,40,805.39,SEC_GZB_MTC,,GZB,MTC,41.392,283.392,CRUISING,,,,,16.99,,,GREEN,LOW,TRUE,,FALSE,EVT_001,JRN_NDLS_DDN_01_20260902_161648,0.2301,1,1,0.4541,1,MEDIUM,Predicted Fog Visibility Risk (Speed cap 40.0 km/h),40,65.4,447.5,7:34:30,30,BASELINE_HISTORICAL_CALIBRATION,326.5,65.5
OBS_000101,7:35:00,3000,12017,ROUTE_NDLS_DDN_01,SYNTHETIC_SIMULATOR,OK,28.707245,77.47093,30.925,38,10.56,38,0,92.8,120,40,802.32,SEC_GZB_MTC,,GZB,MTC,41.075,283.075,CRUISING,,,,,17.15,,,GREEN,LOW,TRUE,,FALSE,EVT_001,JRN_NDLS_DDN_01_20260902_161648,0.2301,1,1,0.4541,1,MEDIUM,Predicted Fog Visibility Risk (Speed cap 40.0 km/h),40,64.9,447,7:35:00,30,BASELINE_HISTORICAL_CALIBRATION,326,65
OBS_000102,7:35:30,3030,12017,ROUTE_NDLS_DDN_01,SYNTHETIC_SIMULATOR,OK,28.709347,77.4727,31.242,38,10.56,38,0,92.8,120,40,799.25,SEC_GZB_MTC,,GZB,MTC,40.758,282.758,CRUISING,,,,,17.31,,,GREEN,LOW,TRUE,,FALSE,EVT_001,JRN_NDLS_DDN_01_20260902_161648,0.2301,1,1,0.4541,1,MEDIUM,Predicted Fog Visibility Risk (Speed cap 40.0 km/h),40,64.4,446.5,7:35:30,30,BASELINE_HISTORICAL_CALIBRATION,325.5,64.5
OBS_000103,7:36:00,3060,12017,ROUTE_NDLS_DDN_01,SYNTHETIC_SIMULATOR,OK,28.71145,77.474471,31.558,38,10.56,38,0,92.8,120,40,796.16,SEC_GZB_MTC,,GZB,MTC,40.442,282.442,CRUISING,,,,,17.47,,,GREEN,LOW,TRUE,,FALSE,EVT_001,JRN_NDLS_DDN_01_20260902_161648,0.2301,1,1,0.4541,1,MEDIUM,Predicted Fog Visibility Risk (Speed cap 40.0 km/h),40,63.9,446,7:36:00,30,BASELINE_HISTORICAL_CALIBRATION,325,64
OBS_000104,7:36:30,3090,12017,ROUTE_NDLS_DDN_01,SYNTHETIC_SIMULATOR,OK,28.713553,77.476241,31.875,38,10.56,38,0,92.8,120,40,793.06,SEC_GZB_MTC,,GZB,MTC,40.125,282.125,CRUISING,,,,,17.63,,,GREEN,LOW,TRUE,,FALSE,EVT_001,JRN_NDLS_DDN_01_20260902_161648,0.2301,1,1,0.4541,1,MEDIUM,Predicted Fog Visibility Risk (Speed cap 40.0 km/h),40,63.4,445.5,7:36:30,30,BASELINE_HISTORICAL_CALIBRATION,324.5,63.5
OBS_000105,7:37:00,3120,12017,ROUTE_NDLS_DDN_01,SYNTHETIC_SIMULATOR,OK,28.715656,77.478012,32.192,38,10.56,38,0,92.8,120,40,789.95,SEC_GZB_MTC,,GZB,MTC,39.808,281.808,CRUISING,,,,,17.79,,,GREEN,LOW,TRUE,,FALSE,EVT_001,JRN_NDLS_DDN_01_20260902_161648,0.2301,1,1,0.4541,1,MEDIUM,Predicted Fog Visibility Risk (Speed cap 40.0 km/h),40,62.9,445,7:37:00,30,BASELINE_HISTORICAL_CALIBRATION,324,63
OBS_000106,7:37:30,3150,12017,ROUTE_NDLS_DDN_01,SYNTHETIC_SIMULATOR,OK,28.717759,77.479783,32.508,38,10.56,38,0,92.8,120,40,786.83,SEC_GZB_MTC,,GZB,MTC,39.492,281.492,CRUISING,,,,,17.95,,,GREEN,LOW,TRUE,,FALSE,EVT_001,JRN_NDLS_DDN_01_20260902_161648,0.2301,1,1,0.4541,1,MEDIUM,Predicted Fog Visibility Risk (Speed cap 40.0 km/h),40,62.4,444.5,7:37:30,30,BASELINE_HISTORICAL_CALIBRATION,323.5,62.5
OBS_000107,7:38:00,3180,12017,ROUTE_NDLS_DDN_01,SYNTHETIC_SIMULATOR,OK,28.719861,77.481553,32.825,38,10.56,38,0,92.8,120,40,783.69,SEC_GZB_MTC,,GZB,MTC,39.175,281.175,CRUISING,,,,,18.11,,,GREEN,LOW,TRUE,,FALSE,EVT_001,JRN_NDLS_DDN_01_20260902_161648,0.2301,1,1,0.4541,1,MEDIUM,Predicted Fog Visibility Risk (Speed cap 40.0 km/h),40,61.9,444,7:38:00,30,BASELINE_HISTORICAL_CALIBRATION,323,62
OBS_000108,7:38:30,3210,12017,ROUTE_NDLS_DDN_01,SYNTHETIC_SIMULATOR,OK,28.721964,77.483324,33.142,38,10.56,38,0,92.8,120,40,780.54,SEC_GZB_MTC,,GZB,MTC,38.858,280.858,CRUISING,,,,,18.27,,,GREEN,LOW,TRUE,,FALSE,EVT_001,JRN_NDLS_DDN_01_20260902_161648,0.2301,1,1,0.4541,1,MEDIUM,Predicted Fog Visibility Risk (Speed cap 40.0 km/h),40,61.4,443.5,7:38:30,30,BASELINE_HISTORICAL_CALIBRATION,322.5,61.5
OBS_000109,7:39:00,3240,12017,ROUTE_NDLS_DDN_01,SYNTHETIC_SIMULATOR,OK,28.724067,77.485095,33.458,38,10.56,38,0,92.8,120,40,777.38,SEC_GZB_MTC,,GZB,MTC,38.542,280.542,CRUISING,,,,,18.43,,,GREEN,LOW,TRUE,,FALSE,EVT_001,JRN_NDLS_DDN_01_20260902_161648,0.2301,1,1,0.4541,1,MEDIUM,Predicted Fog Visibility Risk (Speed cap 40.0 km/h),40,60.9,443,7:39:00,30,BASELINE_HISTORICAL_CALIBRATION,322,61
OBS_000110,7:39:30,3270,12017,ROUTE_NDLS_DDN_01,SYNTHETIC_SIMULATOR,OK,28.72617,77.486865,33.775,38,10.56,38,0,92.8,120,40,774.21,SEC_GZB_MTC,,GZB,MTC,38.225,280.225,CRUISING,,,,,18.59,,,GREEN,LOW,TRUE,,FALSE,EVT_001,JRN_NDLS_DDN_01_20260902_161648,0.2301,1,1,0.4541,1,MEDIUM,Predicted Fog Visibility Risk (Speed cap 40.0 km/h),40,60.4,442.5,7:39:30,30,BASELINE_HISTORICAL_CALIBRATION,321.5,60.5
OBS_000111,7:40:00,3300,12017,ROUTE_NDLS_DDN_01,SYNTHETIC_SIMULATOR,OK,28.728273,77.488636,34.092,38,10.56,38,0,92.8,120,40,771.02,SEC_GZB_MTC,,GZB,MTC,37.908,279.908,CRUISING,,,,,18.75,,,GREEN,LOW,TRUE,,FALSE,EVT_001,JRN_NDLS_DDN_01_20260902_161648,0.2301,1,1,0.4541,1,MEDIUM,Predicted Fog Visibility Risk (Speed cap 40.0 km/h),40,59.9,442,7:40:00,30,BASELINE_HISTORICAL_CALIBRATION,321,60
OBS_000112,7:40:30,3330,12017,ROUTE_NDLS_DDN_01,SYNTHETIC_SIMULATOR,OK,28.730375,77.490407,34.408,38,10.56,38,0,92.8,120,40,767.82,SEC_GZB_MTC,,GZB,MTC,37.592,279.592,CRUISING,,,,,18.91,,,GREEN,LOW,TRUE,,FALSE,EVT_001,JRN_NDLS_DDN_01_20260902_161648,0.2301,1,1,0.4541,1,MEDIUM,Predicted Fog Visibility Risk (Speed cap 40.0 km/h),40,59.4,441.5,7:40:30,30,BASELINE_HISTORICAL_CALIBRATION,320.5,59.5
OBS_000113,7:41:00,3360,12017,ROUTE_NDLS_DDN_01,SYNTHETIC_SIMULATOR,OK,28.732478,77.492177,34.725,38,10.56,38,0,92.8,120,40,764.61,SEC_GZB_MTC,,GZB,MTC,37.275,279.275,CRUISING,,,,,19.07,,,GREEN,LOW,TRUE,,FALSE,EVT_001,JRN_NDLS_DDN_01_20260902_161648,0.2301,1,1,0.4541,1,MEDIUM,Predicted Fog Visibility Risk (Speed cap 40.0 km/h),40,58.9,441,7:41:00,30,BASELINE_HISTORICAL_CALIBRATION,320,59
OBS_000114,7:41:30,3390,12017,ROUTE_NDLS_DDN_01,SYNTHETIC_SIMULATOR,OK,28.734581,77.493948,35.042,38,10.56,38,0,92.8,120,40,761.38,SEC_GZB_MTC,,GZB,MTC,36.958,278.958,CRUISING,,,,,19.23,,,GREEN,LOW,TRUE,,FALSE,EVT_001,JRN_NDLS_DDN_01_20260902_161648,0.2301,1,1,0.4541,1,MEDIUM,Predicted Fog Visibility Risk (Speed cap 40.0 km/h),40,58.4,440.5,7:41:30,30,BASELINE_HISTORICAL_CALIBRATION,319.5,58.5
OBS_000115,7:42:00,3420,12017,ROUTE_NDLS_DDN_01,SYNTHETIC_SIMULATOR,OK,28.736684,77.495719,35.358,38,10.56,38,0,92.8,120,40,758.14,SEC_GZB_MTC,,GZB,MTC,36.642,278.642,CRUISING,,,,,19.39,,,GREEN,LOW,TRUE,,FALSE,EVT_001,JRN_NDLS_DDN_01_20260902_161648,0.2301,1,1,0.4541,1,MEDIUM,Predicted Fog Visibility Risk (Speed cap 40.0 km/h),40,57.9,440,7:42:00,30,BASELINE_HISTORICAL_CALIBRATION,319,58
OBS_000116,7:42:30,3450,12017,ROUTE_NDLS_DDN_01,SYNTHETIC_SIMULATOR,OK,28.738787,77.497489,35.675,38,10.56,38,0,92.8,120,40,754.88,SEC_GZB_MTC,,GZB,MTC,36.325,278.325,CRUISING,,,,,19.55,,,GREEN,LOW,TRUE,,FALSE,EVT_001,JRN_NDLS_DDN_01_20260902_161648,0.2301,1,1,0.4541,1,MEDIUM,Predicted Fog Visibility Risk (Speed cap 40.0 km/h),40,57.4,439.5,7:42:30,30,BASELINE_HISTORICAL_CALIBRATION,318.5,57.5
OBS_000117,7:43:00,3480,12017,ROUTE_NDLS_DDN_01,SYNTHETIC_SIMULATOR,OK,28.740889,77.49926,35.992,38,10.56,38,0,92.8,120,40,751.62,SEC_GZB_MTC,,GZB,MTC,36.008,278.008,CRUISING,,,,,19.71,,,GREEN,LOW,TRUE,,FALSE,EVT_001,JRN_NDLS_DDN_01_20260902_161648,0.2301,1,1,0.4541,1,MEDIUM,Predicted Fog Visibility Risk (Speed cap 40.0 km/h),40,56.9,439,7:43:00,30,BASELINE_HISTORICAL_CALIBRATION,318,57
OBS_000118,7:43:30,3510,12017,ROUTE_NDLS_DDN_01,SYNTHETIC_SIMULATOR,OK,28.742992,77.50103,36.308,38,10.56,38,0,92.8,120,40,748.33,SEC_GZB_MTC,,GZB,MTC,35.692,277.692,CRUISING,,,,,19.87,,,GREEN,LOW,TRUE,,FALSE,EVT_001,JRN_NDLS_DDN_01_20260902_161648,0.2301,1,1,0.4541,1,MEDIUM,Predicted Fog Visibility Risk (Speed cap 40.0 km/h),40,56.4,438.5,7:43:30,30,BASELINE_HISTORICAL_CALIBRATION,317.5,56.5
OBS_000119,7:44:00,3540,12017,ROUTE_NDLS_DDN_01,SYNTHETIC_SIMULATOR,OK,28.745095,77.502801,36.625,38,10.56,38,0,92.8,120,40,745.03,SEC_GZB_MTC,,GZB,MTC,35.375,277.375,CRUISING,,,,,20.03,,,GREEN,LOW,TRUE,,FALSE,EVT_001,JRN_NDLS_DDN_01_20260902_161648,0.2301,1,1,0.4541,1,MEDIUM,Predicted Fog Visibility Risk (Speed cap 40.0 km/h),40,55.9,438,7:44:00,30,BASELINE_HISTORICAL_CALIBRATION,317,56
OBS_000120,7:44:30,3570,12017,ROUTE_NDLS_DDN_01,SYNTHETIC_SIMULATOR,OK,28.747198,77.504572,36.942,38,10.56,38,0,92.8,120,40,741.72,SEC_GZB_MTC,,GZB,MTC,35.058,277.058,CRUISING,,,,,20.19,,,GREEN,LOW,TRUE,,FALSE,EVT_001,JRN_NDLS_DDN_01_20260902_161648,0.2301,1,1,0.4541,1,MEDIUM,Predicted Fog Visibility Risk (Speed cap 40.0 km/h),40,55.4,437.5,7:44:30,30,BASELINE_HISTORICAL_CALIBRATION,316.5,55.5
OBS_000121,7:45:00,3600,12017,ROUTE_NDLS_DDN_01,SYNTHETIC_SIMULATOR,OK,28.749301,77.506342,37.258,38,10.56,38,0,92.8,120,40,738.4,SEC_GZB_MTC,,GZB,MTC,34.742,276.742,CRUISING,,,,,20.35,,,GREEN,LOW,TRUE,,FALSE,EVT_001,JRN_NDLS_DDN_01_20260902_161648,0.2301,1,1,0.4541,1,MEDIUM,Predicted Fog Visibility Risk (Speed cap 40.0 km/h),40,54.9,437,7:45:00,30,BASELINE_HISTORICAL_CALIBRATION,316,55
OBS_000122,7:45:30,3630,12017,ROUTE_NDLS_DDN_01,SYNTHETIC_SIMULATOR,OK,28.751403,77.508113,37.575,38,10.56,38,0,92.8,120,40,735.05,SEC_GZB_MTC,,GZB,MTC,34.425,276.425,CRUISING,,,,,20.51,,,GREEN,LOW,TRUE,,FALSE,,JRN_NDLS_DDN_01_20260902_161648,0.2301,1,1,0.4541,1,MEDIUM,Predicted Fog Visibility Risk (Speed cap 40.0 km/h),40,54.4,436.5,7:45:30,30,BASELINE_HISTORICAL_CALIBRATION,315.5,54.5
OBS_000123,7:46:00,3660,12017,ROUTE_NDLS_DDN_01,SYNTHETIC_SIMULATOR,OK,28.753506,77.509884,37.892,38,10.56,38,0,92.8,120,40,731.7,SEC_GZB_MTC,,GZB,MTC,34.108,276.108,CRUISING,,,,,20.67,,,GREEN,LOW,TRUE,,FALSE,,JRN_NDLS_DDN_01_20260902_161648,0.2301,1,1,0.4541,1,MEDIUM,Predicted Fog Visibility Risk (Speed cap 40.0 km/h),40,53.9,436,7:46:00,30,BASELINE_HISTORICAL_CALIBRATION,315,54
OBS_000124,7:46:30,3690,12017,ROUTE_NDLS_DDN_01,SYNTHETIC_SIMULATOR,OK,28.755609,77.511654,38.208,38,10.56,38,0,92.8,120,40,728.32,SEC_GZB_MTC,,GZB,MTC,33.792,275.792,CRUISING,,,,,20.83,,,GREEN,LOW,TRUE,,FALSE,,JRN_NDLS_DDN_01_20260902_161648,0.2301,1,1,0.4541,1,MEDIUM,Predicted Fog Visibility Risk (Speed cap 40.0 km/h),40,53.4,435.5,7:46:30,30,BASELINE_HISTORICAL_CALIBRATION,314.5,53.5
OBS_000125,7:47:00,3720,12017,ROUTE_NDLS_DDN_01,SYNTHETIC_SIMULATOR,OK,28.757712,77.513425,38.525,38,10.56,38,0,92.8,120,40,724.93,SEC_GZB_MTC,,GZB,MTC,33.475,275.475,CRUISING,,,,,20.99,,,GREEN,LOW,TRUE,,FALSE,,JRN_NDLS_DDN_01_20260902_161648,0.2301,1,1,0.4541,1,MEDIUM,Predicted Fog Visibility Risk (Speed cap 40.0 km/h),40,52.9,435,7:47:00,30,BASELINE_HISTORICAL_CALIBRATION,314,53
OBS_000126,7:47:30,3750,12017,ROUTE_NDLS_DDN_01,SYNTHETIC_SIMULATOR,OK,28.759815,77.515196,38.842,38,10.56,38,0,92.8,120,40,721.53,SEC_GZB_MTC,,GZB,MTC,33.158,275.158,CRUISING,,,,,21.15,,,GREEN,LOW,TRUE,,FALSE,,JRN_NDLS_DDN_01_20260902_161648,0.2301,1,1,0.4541,1,MEDIUM,Predicted Fog Visibility Risk (Speed cap 40.0 km/h),40,52.4,434.5,7:47:30,30,BASELINE_HISTORICAL_CALIBRATION,313.5,52.5
OBS_000127,7:48:00,3780,12017,ROUTE_NDLS_DDN_01,SYNTHETIC_SIMULATOR,OK,28.761917,77.516966,39.158,38,10.56,38,0,92.8,120,40,718.11,SEC_GZB_MTC,,GZB,MTC,32.842,274.842,CRUISING,,,,,21.31,,,GREEN,LOW,TRUE,,FALSE,,JRN_NDLS_DDN_01_20260902_161648,0.2301,1,1,0.4541,1,MEDIUM,Predicted Fog Visibility Risk (Speed cap 40.0 km/h),40,51.9,434,7:48:00,30,BASELINE_HISTORICAL_CALIBRATION,313,52
OBS_000128,7:48:30,3810,12017,ROUTE_NDLS_DDN_01,SYNTHETIC_SIMULATOR,OK,28.76402,77.518737,39.475,38,10.56,38,0,92.8,120,40,714.67,SEC_GZB_MTC,,GZB,MTC,32.525,274.525,CRUISING,,,,,21.47,,,GREEN,LOW,TRUE,,FALSE,,JRN_NDLS_DDN_01_20260902_161648,0.2301,1,1,0.4541,1,MEDIUM,Predicted Fog Visibility Risk (Speed cap 40.0 km/h),40,51.4,433.5,7:48:30,30,BASELINE_HISTORICAL_CALIBRATION,312.5,51.5
OBS_000129,7:49:00,3840,12017,ROUTE_NDLS_DDN_01,SYNTHETIC_SIMULATOR,OK,28.766123,77.520507,39.792,38,10.56,38,0,92.8,120,40,711.22,SEC_GZB_MTC,,GZB,MTC,32.208,274.208,CRUISING,,,,,21.63,,,GREEN,LOW,TRUE,,FALSE,,JRN_NDLS_DDN_01_20260902_161648,0.2301,1,1,0.4541,1,MEDIUM,Predicted Fog Visibility Risk (Speed cap 40.0 km/h),40,50.9,433,7:49:00,30,BASELINE_HISTORICAL_CALIBRATION,312,51
OBS_000130,7:49:30,3870,12017,ROUTE_NDLS_DDN_01,SYNTHETIC_SIMULATOR,OK,28.768226,77.522278,40.108,38,10.56,38,0,92.8,120,40,707.75,SEC_GZB_MTC,,GZB,MTC,31.892,273.892,CRUISING,,,,,21.79,,,GREEN,LOW,TRUE,,FALSE,,JRN_NDLS_DDN_01_20260902_161648,0.2301,1,1,0.4541,1,MEDIUM,Predicted Fog Visibility Risk (Speed cap 40.0 km/h),40,50.4,432.5,7:49:30,30,BASELINE_HISTORICAL_CALIBRATION,311.5,50.5
OBS_000131,7:50:00,3900,12017,ROUTE_NDLS_DDN_01,SYNTHETIC_SIMULATOR,OK,28.770329,77.524049,40.425,38,10.56,38,0,92.8,120,40,704.26,SEC_GZB_MTC,,GZB,MTC,31.575,273.575,CRUISING,,,,,21.95,,,GREEN,LOW,TRUE,,FALSE,,JRN_NDLS_DDN_01_20260902_161648,0.2301,1,1,0.4541,1,MEDIUM,Predicted Fog Visibility Risk (Speed cap 40.0 km/h),40,49.9,432,7:50:00,30,BASELINE_HISTORICAL_CALIBRATION,311,50
OBS_000132,7:50:30,3930,12017,ROUTE_NDLS_DDN_01,SYNTHETIC_SIMULATOR,OK,28.772431,77.525819,40.742,38,10.56,38,0,92.8,120,40,700.75,SEC_GZB_MTC,,GZB,MTC,31.258,273.258,CRUISING,,,,,22.11,,,GREEN,LOW,TRUE,,FALSE,,JRN_NDLS_DDN_01_20260902_161648,0.2301,1,1,0.4541,1,MEDIUM,Predicted Fog Visibility Risk (Speed cap 40.0 km/h),40,49.4,431.5,7:50:30,30,BASELINE_HISTORICAL_CALIBRATION,310.5,49.5
OBS_000133,7:51:00,3960,12017,ROUTE_NDLS_DDN_01,SYNTHETIC_SIMULATOR,OK,28.774534,77.52759,41.058,38,10.56,38,0,92.8,120,40,697.23,SEC_GZB_MTC,,GZB,MTC,30.942,272.942,CRUISING,,,,,22.27,,,GREEN,LOW,TRUE,,FALSE,,JRN_NDLS_DDN_01_20260902_161648,0.2301,1,1,0.4541,1,MEDIUM,Predicted Fog Visibility Risk (Speed cap 40.0 km/h),40,48.9,431,7:51:00,30,BASELINE_HISTORICAL_CALIBRATION,310,49
OBS_000134,7:51:30,3990,12017,ROUTE_NDLS_DDN_01,SYNTHETIC_SIMULATOR,OK,28.776637,77.529361,41.375,38,10.56,38,0,92.8,120,40,693.69,SEC_GZB_MTC,,GZB,MTC,30.625,272.625,CRUISING,,,,,22.43,,,GREEN,LOW,TRUE,,FALSE,,JRN_NDLS_DDN_01_20260902_161648,0.2301,1,1,0.4541,1,MEDIUM,Predicted Fog Visibility Risk (Speed cap 40.0 km/h),40,48.4,430.5,7:51:30,30,BASELINE_HISTORICAL_CALIBRATION,309.5,48.5
OBS_000135,7:52:00,4020,12017,ROUTE_NDLS_DDN_01,SYNTHETIC_SIMULATOR,OK,28.77874,77.531131,41.692,38,10.56,38,0,92.8,120,40,690.13,SEC_GZB_MTC,,GZB,MTC,30.308,272.308,CRUISING,,,,,22.59,,,GREEN,LOW,TRUE,,FALSE,,JRN_NDLS_DDN_01_20260902_161648,0.2301,1,1,0.4541,1,MEDIUM,Predicted Fog Visibility Risk (Speed cap 40.0 km/h),40,47.9,430,7:52:00,30,BASELINE_HISTORICAL_CALIBRATION,309,48
OBS_000136,7:52:30,4050,12017,ROUTE_NDLS_DDN_01,SYNTHETIC_SIMULATOR,OK,28.780843,77.532902,42.008,38,10.56,38,0,92.8,120,40,686.55,SEC_GZB_MTC,,GZB,MTC,29.992,271.992,CRUISING,,,,,22.75,,,GREEN,LOW,TRUE,,FALSE,,JRN_NDLS_DDN_01_20260902_161648,0.2301,1,1,0.4541,1,MEDIUM,Predicted Fog Visibility Risk (Speed cap 40.0 km/h),40,47.4,429.5,7:52:30,30,BASELINE_HISTORICAL_CALIBRATION,308.5,47.5
OBS_000137,7:53:00,4080,12017,ROUTE_NDLS_DDN_01,SYNTHETIC_SIMULATOR,OK,28.782945,77.534673,42.325,38,10.56,38,0,92.8,120,40,682.96,SEC_GZB_MTC,,GZB,MTC,29.675,271.675,CRUISING,,,,,22.91,,,GREEN,LOW,TRUE,,FALSE,,JRN_NDLS_DDN_01_20260902_161648,0.2301,1,1,0.4541,1,MEDIUM,Predicted Fog Visibility Risk (Speed cap 40.0 km/h),40,46.9,429,7:53:00,30,BASELINE_HISTORICAL_CALIBRATION,308,47
OBS_000138,7:53:30,4110,12017,ROUTE_NDLS_DDN_01,SYNTHETIC_SIMULATOR,OK,28.785048,77.536443,42.642,38,10.56,38,0,92.8,120,40,679.34,SEC_GZB_MTC,,GZB,MTC,29.358,271.358,CRUISING,,,,,23.07,,,GREEN,LOW,TRUE,,FALSE,,JRN_NDLS_DDN_01_20260902_161648,0.2301,1,1,0.4541,1,MEDIUM,Predicted Fog Visibility Risk (Speed cap 40.0 km/h),40,46.4,428.5,7:53:30,30,BASELINE_HISTORICAL_CALIBRATION,307.5,46.5
OBS_000139,7:54:00,4140,12017,ROUTE_NDLS_DDN_01,SYNTHETIC_SIMULATOR,OK,28.787151,77.538214,42.958,38,10.56,38,0,92.8,120,40,675.71,SEC_GZB_MTC,,GZB,MTC,29.042,271.042,CRUISING,,,,,23.23,,,GREEN,LOW,TRUE,,FALSE,,JRN_NDLS_DDN_01_20260902_161648,0.2301,1,1,0.4541,1,MEDIUM,Predicted Fog Visibility Risk (Speed cap 40.0 km/h),40,45.9,428,7:54:00,30,BASELINE_HISTORICAL_CALIBRATION,307,46
OBS_000140,7:54:30,4170,12017,ROUTE_NDLS_DDN_01,SYNTHETIC_SIMULATOR,OK,28.789254,77.539984,43.275,38,10.56,38,0,92.8,120,40,672.05,SEC_GZB_MTC,,GZB,MTC,28.725,270.725,CRUISING,,,,,23.4,,,GREEN,LOW,TRUE,,FALSE,,JRN_NDLS_DDN_01_20260902_161648,0.2301,1,1,0.4541,1,MEDIUM,Predicted Fog Visibility Risk (Speed cap 40.0 km/h),40,45.4,427.5,7:54:30,30,BASELINE_HISTORICAL_CALIBRATION,306.5,45.5
OBS_000141,7:55:00,4200,12017,ROUTE_NDLS_DDN_01,SYNTHETIC_SIMULATOR,OK,28.791357,77.541755,43.592,38,10.56,38,0,92.8,120,40,668.38,SEC_GZB_MTC,,GZB,MTC,28.408,270.408,CRUISING,,,,,23.56,,,GREEN,LOW,TRUE,,FALSE,,JRN_NDLS_DDN_01_20260902_161648,0.2301,1,1,0.4541,1,MEDIUM,Predicted Fog Visibility Risk (Speed cap 40.0 km/h),40,44.9,427,7:55:00,30,BASELINE_HISTORICAL_CALIBRATION,306,45
OBS_000142,7:55:30,4230,12017,ROUTE_NDLS_DDN_01,SYNTHETIC_SIMULATOR,OK,28.793459,77.543526,43.908,38,10.56,38,0,92.8,120,40,664.69,SEC_GZB_MTC,,GZB,MTC,28.092,270.092,CRUISING,,,,,23.72,,,GREEN,LOW,TRUE,,FALSE,,JRN_NDLS_DDN_01_20260902_161648,0.2301,1,1,0.4541,1,MEDIUM,Predicted Fog Visibility Risk (Speed cap 40.0 km/h),40,44.4,426.5,7:55:30,30,BASELINE_HISTORICAL_CALIBRATION,305.5,44.5
OBS_000143,7:56:00,4260,12017,ROUTE_NDLS_DDN_01,SYNTHETIC_SIMULATOR,OK,28.795562,77.545296,44.225,38,10.56,38,0,92.8,120,40,660.97,SEC_GZB_MTC,,GZB,MTC,27.775,269.775,CRUISING,,,,,23.88,,,GREEN,LOW,TRUE,,FALSE,,JRN_NDLS_DDN_01_20260902_161648,0.2301,1,1,0.4541,1,MEDIUM,Predicted Fog Visibility Risk (Speed cap 40.0 km/h),40,43.9,426,7:56:00,30,BASELINE_HISTORICAL_CALIBRATION,305,44
OBS_000144,7:56:30,4290,12017,ROUTE_NDLS_DDN_01,SYNTHETIC_SIMULATOR,OK,28.797665,77.547067,44.542,38,10.56,38,0,92.8,120,40,657.23,SEC_GZB_MTC,,GZB,MTC,27.458,269.458,CRUISING,,,,,24.04,,,GREEN,LOW,TRUE,,FALSE,,JRN_NDLS_DDN_01_20260902_161648,0.2301,1,1,0.4541,1,MEDIUM,Predicted Fog Visibility Risk (Speed cap 40.0 km/h),40,43.4,425.5,7:56:30,30,BASELINE_HISTORICAL_CALIBRATION,304.5,43.5
OBS_000145,7:57:00,4320,12017,ROUTE_NDLS_DDN_01,SYNTHETIC_SIMULATOR,OK,28.799768,77.548838,44.858,38,10.56,38,0,92.8,120,40,653.48,SEC_GZB_MTC,,GZB,MTC,27.142,269.142,CRUISING,,,,,24.2,,,GREEN,LOW,TRUE,,FALSE,,JRN_NDLS_DDN_01_20260902_161648,0.2301,1,1,0.4541,1,MEDIUM,Predicted Fog Visibility Risk (Speed cap 40.0 km/h),40,42.9,425,7:57:00,30,BASELINE_HISTORICAL_CALIBRATION,304,43
OBS_000146,7:57:30,4350,12017,ROUTE_NDLS_DDN_01,SYNTHETIC_SIMULATOR,OK,28.801871,77.550608,45.175,38,10.56,38,0,92.8,120,40,649.7,SEC_GZB_MTC,,GZB,MTC,26.825,268.825,CRUISING,,,,,24.36,,,GREEN,LOW,TRUE,,FALSE,,JRN_NDLS_DDN_01_20260902_161648,0.2301,1,1,0.4541,1,MEDIUM,Predicted Fog Visibility Risk (Speed cap 40.0 km/h),40,42.4,424.5,7:57:30,30,BASELINE_HISTORICAL_CALIBRATION,303.5,42.5
OBS_000147,7:58:00,4380,12017,ROUTE_NDLS_DDN_01,SYNTHETIC_SIMULATOR,OK,28.803973,77.552379,45.492,38,10.56,38,0,92.8,120,40,645.9,SEC_GZB_MTC,,GZB,MTC,26.508,268.508,CRUISING,,,,,24.52,,,GREEN,LOW,TRUE,,FALSE,,JRN_NDLS_DDN_01_20260902_161648,0.2301,1,1,0.4541,1,MEDIUM,Predicted Fog Visibility Risk (Speed cap 40.0 km/h),40,41.9,424,7:58:00,30,BASELINE_HISTORICAL_CALIBRATION,303,42
OBS_000148,7:58:30,4410,12017,ROUTE_NDLS_DDN_01,SYNTHETIC_SIMULATOR,OK,28.806076,77.55415,45.808,38,10.56,38,0,92.8,120,40,642.07,SEC_GZB_MTC,,GZB,MTC,26.192,268.192,CRUISING,,,,,24.68,,,GREEN,LOW,TRUE,,FALSE,,JRN_NDLS_DDN_01_20260902_161648,0.2301,1,1,0.4541,1,MEDIUM,Predicted Fog Visibility Risk (Speed cap 40.0 km/h),40,41.4,423.5,7:58:30,30,BASELINE_HISTORICAL_CALIBRATION,302.5,41.5
OBS_000149,7:59:00,4440,12017,ROUTE_NDLS_DDN_01,SYNTHETIC_SIMULATOR,OK,28.808179,77.55592,46.125,38,10.56,38,0,92.8,120,40,638.23,SEC_GZB_MTC,,GZB,MTC,25.875,267.875,CRUISING,,,,,24.84,,,GREEN,LOW,TRUE,,FALSE,,JRN_NDLS_DDN_01_20260902_161648,0.2301,1,1,0.4541,1,MEDIUM,Predicted Fog Visibility Risk (Speed cap 40.0 km/h),40,40.9,423,7:59:00,30,BASELINE_HISTORICAL_CALIBRATION,302,41
OBS_000150,7:59:30,4470,12017,ROUTE_NDLS_DDN_01,SYNTHETIC_SIMULATOR,OK,28.810282,77.557691,46.442,38,10.56,38,0,92.8,120,40,634.36,SEC_GZB_MTC,,GZB,MTC,25.558,267.558,CRUISING,,,,,25,,,GREEN,LOW,TRUE,,FALSE,,JRN_NDLS_DDN_01_20260902_161648,0.2301,1,1,0.4541,1,MEDIUM,Predicted Fog Visibility Risk (Speed cap 40.0 km/h),40,40.4,422.5,7:59:30,30,BASELINE_HISTORICAL_CALIBRATION,301.5,40.5
OBS_000151,8:00:00,4500,12017,ROUTE_NDLS_DDN_01,SYNTHETIC_SIMULATOR,OK,28.812385,77.559461,46.758,38,10.56,38,0,92.8,120,40,630.46,SEC_GZB_MTC,,GZB,MTC,25.242,267.242,CRUISING,,,,,25.16,,,GREEN,LOW,TRUE,,FALSE,,JRN_NDLS_DDN_01_20260902_161648,0.2313,1,1,0.4541,1,MEDIUM,Predicted Fog Visibility Risk (Speed cap 40.0 km/h),40,39.9,422,8:00:00,30,BASELINE_HISTORICAL_CALIBRATION,301,40
OBS_000152,8:00:30,4530,12017,ROUTE_NDLS_DDN_01,SYNTHETIC_SIMULATOR,OK,28.814487,77.561232,47.075,38,10.56,38,0,92.8,120,40,626.54,SEC_GZB_MTC,,GZB,MTC,24.925,266.925,CRUISING,,,,,25.32,,,GREEN,LOW,TRUE,,FALSE,,JRN_NDLS_DDN_01_20260902_161648,0.2313,1,1,0.4541,1,MEDIUM,Predicted Fog Visibility Risk (Speed cap 40.0 km/h),40,39.4,421.5,8:00:30,30,BASELINE_HISTORICAL_CALIBRATION,300.5,39.5
OBS_000153,8:01:00,4560,12017,ROUTE_NDLS_DDN_01,SYNTHETIC_SIMULATOR,OK,28.81659,77.563003,47.392,38,10.56,38,0,92.8,120,40,622.6,SEC_GZB_MTC,,GZB,MTC,24.608,266.608,CRUISING,,,,,25.48,,,GREEN,LOW,TRUE,,FALSE,,JRN_NDLS_DDN_01_20260902_161648,0.2313,1,1,0.4541,1,MEDIUM,Predicted Fog Visibility Risk (Speed cap 40.0 km/h),40,38.9,421,8:01:00,30,BASELINE_HISTORICAL_CALIBRATION,300,39
OBS_000154,8:01:30,4590,12017,ROUTE_NDLS_DDN_01,SYNTHETIC_SIMULATOR,OK,28.818693,77.564773,47.708,38,10.56,38,0,92.8,120,40,618.63,SEC_GZB_MTC,,GZB,MTC,24.292,266.292,CRUISING,,,,,25.64,,,GREEN,LOW,TRUE,,FALSE,,JRN_NDLS_DDN_01_20260902_161648,0.2313,1,1,0.4541,1,MEDIUM,Predicted Fog Visibility Risk (Speed cap 40.0 km/h),40,38.4,420.5,8:01:30,30,BASELINE_HISTORICAL_CALIBRATION,299.5,38.5
OBS_000155,8:02:00,4620,12017,ROUTE_NDLS_DDN_01,SYNTHETIC_SIMULATOR,OK,28.820796,77.566544,48.025,38,10.56,38,0,92.8,120,40,614.64,SEC_GZB_MTC,,GZB,MTC,23.975,265.975,CRUISING,,,,,25.8,,,GREEN,LOW,TRUE,,FALSE,,JRN_NDLS_DDN_01_20260902_161648,0.2313,1,1,0.4541,1,MEDIUM,Predicted Fog Visibility Risk (Speed cap 40.0 km/h),40,37.9,420,8:02:00,30,BASELINE_HISTORICAL_CALIBRATION,299,38
OBS_000156,8:02:30,4650,12017,ROUTE_NDLS_DDN_01,SYNTHETIC_SIMULATOR,OK,28.822899,77.568315,48.342,38,10.56,38,0,92.8,120,40,610.62,SEC_GZB_MTC,,GZB,MTC,23.658,265.658,CRUISING,,,,,25.96,,,GREEN,LOW,TRUE,,FALSE,,JRN_NDLS_DDN_01_20260902_161648,0.2313,1,1,0.4541,1,MEDIUM,Predicted Fog Visibility Risk (Speed cap 40.0 km/h),40,37.4,419.5,8:02:30,30,BASELINE_HISTORICAL_CALIBRATION,298.5,37.5
OBS_000157,8:03:00,4680,12017,ROUTE_NDLS_DDN_01,SYNTHETIC_SIMULATOR,OK,28.825001,77.570085,48.658,38,10.56,38,0,92.8,120,40,606.58,SEC_GZB_MTC,,GZB,MTC,23.342,265.342,CRUISING,,,,,26.12,,,GREEN,LOW,TRUE,,FALSE,,JRN_NDLS_DDN_01_20260902_161648,0.2313,1,1,0.4541,1,MEDIUM,Predicted Fog Visibility Risk (Speed cap 40.0 km/h),40,36.9,419,8:03:00,30,BASELINE_HISTORICAL_CALIBRATION,298,37
OBS_000158,8:03:30,4710,12017,ROUTE_NDLS_DDN_01,SYNTHETIC_SIMULATOR,OK,28.827104,77.571856,48.975,38,10.56,38,0,92.8,120,40,602.5,SEC_GZB_MTC,,GZB,MTC,23.025,265.025,CRUISING,,,,,26.28,,,GREEN,LOW,TRUE,,FALSE,,JRN_NDLS_DDN_01_20260902_161648,0.2313,1,1,0.4541,1,MEDIUM,Predicted Fog Visibility Risk (Speed cap 40.0 km/h),40,36.4,418.5,8:03:30,30,BASELINE_HISTORICAL_CALIBRATION,297.5,36.5
OBS_000159,8:04:00,4740,12017,ROUTE_NDLS_DDN_01,SYNTHETIC_SIMULATOR,OK,28.829207,77.573627,49.292,38,10.56,38,0,92.8,120,40,598.4,SEC_GZB_MTC,,GZB,MTC,22.708,264.708,CRUISING,,,,,26.44,,,GREEN,LOW,TRUE,,FALSE,,JRN_NDLS_DDN_01_20260902_161648,0.2313,1,1,0.4541,1,MEDIUM,Predicted Fog Visibility Risk (Speed cap 40.0 km/h),40,35.9,418,8:04:00,30,BASELINE_HISTORICAL_CALIBRATION,297,36
OBS_000160,8:04:30,4770,12017,ROUTE_NDLS_DDN_01,SYNTHETIC_SIMULATOR,OK,28.83131,77.575397,49.608,38,10.56,38,0,92.8,120,40,594.27,SEC_GZB_MTC,,GZB,MTC,22.392,264.392,CRUISING,,,,,26.6,,,GREEN,LOW,TRUE,,FALSE,,JRN_NDLS_DDN_01_20260902_161648,0.2313,1,1,0.4541,1,MEDIUM,Predicted Fog Visibility Risk (Speed cap 40.0 km/h),40,35.4,417.5,8:04:30,30,BASELINE_HISTORICAL_CALIBRATION,296.5,35.5
OBS_000161,8:05:00,4800,12017,ROUTE_NDLS_DDN_01,SYNTHETIC_SIMULATOR,OK,28.833413,77.577168,49.925,38,10.56,38,0,92.8,120,40,590.11,SEC_GZB_MTC,,GZB,MTC,22.075,264.075,CRUISING,,,,,26.76,,,GREEN,LOW,TRUE,,FALSE,,JRN_NDLS_DDN_01_20260902_161648,0.2313,1,1,0.4541,1,MEDIUM,Predicted Fog Visibility Risk (Speed cap 40.0 km/h),40,34.9,417,8:05:00,30,BASELINE_HISTORICAL_CALIBRATION,296,35
OBS_000162,8:05:30,4830,12017,ROUTE_NDLS_DDN_01,SYNTHETIC_SIMULATOR,OK,28.835515,77.578939,50.242,38,10.56,38,0,92.8,120,40,585.93,SEC_GZB_MTC,,GZB,MTC,21.758,263.758,CRUISING,,,,,26.92,,,GREEN,LOW,TRUE,,FALSE,,JRN_NDLS_DDN_01_20260902_161648,0.2313,1,1,0.4541,1,MEDIUM,Predicted Fog Visibility Risk (Speed cap 40.0 km/h),40,34.4,416.5,8:05:30,30,BASELINE_HISTORICAL_CALIBRATION,295.5,34.5
OBS_000163,8:06:00,4860,12017,ROUTE_NDLS_DDN_01,SYNTHETIC_SIMULATOR,OK,28.837618,77.580709,50.558,38,10.56,38,0,92.8,120,40,581.71,SEC_GZB_MTC,,GZB,MTC,21.442,263.442,CRUISING,,,,,27.08,,,GREEN,LOW,TRUE,,FALSE,,JRN_NDLS_DDN_01_20260902_161648,0.2313,1,1,0.4541,1,MEDIUM,Predicted Fog Visibility Risk (Speed cap 40.0 km/h),40,33.9,416,8:06:00,30,BASELINE_HISTORICAL_CALIBRATION,295,34
OBS_000164,8:06:30,4890,12017,ROUTE_NDLS_DDN_01,SYNTHETIC_SIMULATOR,OK,28.839721,77.58248,50.875,38,10.56,38,0,92.8,120,40,577.46,SEC_GZB_MTC,,GZB,MTC,21.125,263.125,CRUISING,,,,,27.24,,,GREEN,LOW,TRUE,,FALSE,,JRN_NDLS_DDN_01_20260902_161648,0.2313,1,1,0.4541,1,MEDIUM,Predicted Fog Visibility Risk (Speed cap 40.0 km/h),40,33.4,415.5,8:06:30,30,BASELINE_HISTORICAL_CALIBRATION,294.5,33.5
OBS_000165,8:07:00,4920,12017,ROUTE_NDLS_DDN_01,SYNTHETIC_SIMULATOR,OK,28.841824,77.58425,51.192,38,10.56,38,0,92.8,120,40,573.18,SEC_GZB_MTC,,GZB,MTC,20.808,262.808,CRUISING,,,,,27.4,,,GREEN,LOW,TRUE,,FALSE,,JRN_NDLS_DDN_01_20260902_161648,0.2313,1,1,0.4541,1,MEDIUM,Predicted Fog Visibility Risk (Speed cap 40.0 km/h),40,32.9,415,8:07:00,30,BASELINE_HISTORICAL_CALIBRATION,294,33
OBS_000166,8:07:30,4950,12017,ROUTE_NDLS_DDN_01,SYNTHETIC_SIMULATOR,OK,28.843927,77.586021,51.508,38,10.56,38,0,92.8,120,40,568.87,SEC_GZB_MTC,,GZB,MTC,20.492,262.492,CRUISING,,,,,27.56,,,GREEN,LOW,TRUE,,FALSE,,JRN_NDLS_DDN_01_20260902_161648,0.2313,1,1,0.4541,1,MEDIUM,Predicted Fog Visibility Risk (Speed cap 40.0 km/h),40,32.4,414.5,8:07:30,30,BASELINE_HISTORICAL_CALIBRATION,293.5,32.5
OBS_000167,8:08:00,4980,12017,ROUTE_NDLS_DDN_01,SYNTHETIC_SIMULATOR,OK,28.846029,77.587792,51.825,38,10.56,38,0,92.8,120,40,564.52,SEC_GZB_MTC,,GZB,MTC,20.175,262.175,CRUISING,,,,,27.72,,,GREEN,LOW,TRUE,,FALSE,,JRN_NDLS_DDN_01_20260902_161648,0.2313,1,1,0.4541,1,MEDIUM,Predicted Fog Visibility Risk (Speed cap 40.0 km/h),40,31.9,414,8:08:00,30,BASELINE_HISTORICAL_CALIBRATION,293,32
OBS_000168,8:08:30,5010,12017,ROUTE_NDLS_DDN_01,SYNTHETIC_SIMULATOR,OK,28.848132,77.589562,52.142,38,10.56,38,0,92.8,120,40,560.14,SEC_GZB_MTC,,GZB,MTC,19.858,261.858,CRUISING,,,,,27.88,,,GREEN,LOW,TRUE,,FALSE,,JRN_NDLS_DDN_01_20260902_161648,0.2313,1,1,0.4541,1,MEDIUM,Predicted Fog Visibility Risk (Speed cap 40.0 km/h),40,31.4,413.5,8:08:30,30,BASELINE_HISTORICAL_CALIBRATION,292.5,31.5
OBS_000169,8:09:00,5040,12017,ROUTE_NDLS_DDN_01,SYNTHETIC_SIMULATOR,OK,28.850235,77.591333,52.458,38,10.56,38,0,92.8,120,40,555.73,SEC_GZB_MTC,,GZB,MTC,19.542,261.542,CRUISING,,,,,28.04,,,GREEN,LOW,TRUE,,FALSE,,JRN_NDLS_DDN_01_20260902_161648,0.2313,1,1,0.4541,1,MEDIUM,Predicted Fog Visibility Risk (Speed cap 40.0 km/h),40,30.9,413,8:09:00,30,BASELINE_HISTORICAL_CALIBRATION,292,31
OBS_000170,8:09:30,5070,12017,ROUTE_NDLS_DDN_01,SYNTHETIC_SIMULATOR,OK,28.852338,77.593104,52.775,38,10.56,38,0,92.8,120,40,551.28,SEC_GZB_MTC,,GZB,MTC,19.225,261.225,CRUISING,,,,,28.2,,,GREEN,LOW,TRUE,,FALSE,,JRN_NDLS_DDN_01_20260902_161648,0.2313,1,1,0.4541,1,MEDIUM,Predicted Fog Visibility Risk (Speed cap 40.0 km/h),40,30.4,412.5,8:09:30,30,BASELINE_HISTORICAL_CALIBRATION,291.5,30.5
OBS_000171,8:10:00,5100,12017,ROUTE_NDLS_DDN_01,SYNTHETIC_SIMULATOR,OK,28.854441,77.594874,53.092,38,10.56,38,0,92.8,120,40,546.8,SEC_GZB_MTC,,GZB,MTC,18.908,260.908,CRUISING,,,,,28.36,,,GREEN,LOW,TRUE,,FALSE,,JRN_NDLS_DDN_01_20260902_161648,0.2313,1,1,0.4541,1,MEDIUM,Predicted Fog Visibility Risk (Speed cap 40.0 km/h),40,29.9,412,8:10:00,30,BASELINE_HISTORICAL_CALIBRATION,291,30
OBS_000172,8:10:30,5130,12017,ROUTE_NDLS_DDN_01,SYNTHETIC_SIMULATOR,OK,28.856543,77.596645,53.408,38,10.56,38,0,92.8,120,40,542.28,SEC_GZB_MTC,,GZB,MTC,18.592,260.592,CRUISING,,,,,28.52,,,GREEN,LOW,TRUE,,FALSE,,JRN_NDLS_DDN_01_20260902_161648,0.2313,1,1,0.4541,1,MEDIUM,Predicted Fog Visibility Risk (Speed cap 40.0 km/h),40,29.4,411.5,8:10:30,30,BASELINE_HISTORICAL_CALIBRATION,290.5,29.5
OBS_000173,8:11:00,5160,12017,ROUTE_NDLS_DDN_01,SYNTHETIC_SIMULATOR,OK,28.858646,77.598416,53.725,38,10.56,38,0,92.8,120,40,537.72,SEC_GZB_MTC,,GZB,MTC,18.275,260.275,CRUISING,,,,,28.68,,,GREEN,LOW,TRUE,,FALSE,,JRN_NDLS_DDN_01_20260902_161648,0.2313,1,1,0.4541,1,MEDIUM,Predicted Fog Visibility Risk (Speed cap 40.0 km/h),40,28.9,411,8:11:00,30,BASELINE_HISTORICAL_CALIBRATION,290,29
OBS_000174,8:11:30,5190,12017,ROUTE_NDLS_DDN_01,SYNTHETIC_SIMULATOR,OK,28.860749,77.600186,54.042,38,10.56,38,0,92.8,120,40,533.12,SEC_GZB_MTC,,GZB,MTC,17.958,259.958,CRUISING,,,,,28.84,,,GREEN,LOW,TRUE,,FALSE,,JRN_NDLS_DDN_01_20260902_161648,0.2313,1,1,0.4541,1,MEDIUM,Predicted Fog Visibility Risk (Speed cap 40.0 km/h),40,28.4,410.5,8:11:30,30,BASELINE_HISTORICAL_CALIBRATION,289.5,28.5
OBS_000175,8:12:00,5220,12017,ROUTE_NDLS_DDN_01,SYNTHETIC_SIMULATOR,OK,28.862852,77.601957,54.358,38,10.56,38,0,92.8,120,40,528.48,SEC_GZB_MTC,,GZB,MTC,17.642,259.642,CRUISING,,,,,29,,,GREEN,LOW,TRUE,,FALSE,,JRN_NDLS_DDN_01_20260902_161648,0.2313,1,1,0.4541,1,MEDIUM,Predicted Fog Visibility Risk (Speed cap 40.0 km/h),40,27.9,410,8:12:00,30,BASELINE_HISTORICAL_CALIBRATION,289,28
OBS_000176,8:12:30,5250,12017,ROUTE_NDLS_DDN_01,SYNTHETIC_SIMULATOR,OK,28.864955,77.603727,54.675,38,10.56,38,0,92.8,120,40,523.8,SEC_GZB_MTC,,GZB,MTC,17.325,259.325,CRUISING,,,,,29.16,,,GREEN,LOW,TRUE,,FALSE,,JRN_NDLS_DDN_01_20260902_161648,0.2313,1,1,0.4541,1,MEDIUM,Predicted Fog Visibility Risk (Speed cap 40.0 km/h),40,27.4,409.5,8:12:30,30,BASELINE_HISTORICAL_CALIBRATION,288.5,27.5
OBS_000177,8:13:00,5280,12017,ROUTE_NDLS_DDN_01,SYNTHETIC_SIMULATOR,OK,28.867057,77.605498,54.992,38,10.56,38,0,92.8,120,40,519.07,SEC_GZB_MTC,,GZB,MTC,17.008,259.008,CRUISING,,,,,29.32,,,GREEN,LOW,TRUE,,FALSE,,JRN_NDLS_DDN_01_20260902_161648,0.2313,1,1,0.4541,1,MEDIUM,Predicted Fog Visibility Risk (Speed cap 40.0 km/h),40,26.9,409,8:13:00,30,BASELINE_HISTORICAL_CALIBRATION,288,27
OBS_000178,8:13:30,5310,12017,ROUTE_NDLS_DDN_01,SYNTHETIC_SIMULATOR,OK,28.86916,77.607269,55.308,38,10.56,38,0,92.8,120,40,514.31,SEC_GZB_MTC,,GZB,MTC,16.692,258.692,CRUISING,,,,,29.48,,,GREEN,LOW,TRUE,,FALSE,,JRN_NDLS_DDN_01_20260902_161648,0.2313,1,1,0.4541,1,MEDIUM,Predicted Fog Visibility Risk (Speed cap 40.0 km/h),40,26.4,408.5,8:13:30,30,BASELINE_HISTORICAL_CALIBRATION,287.5,26.5
OBS_000179,8:14:00,5340,12017,ROUTE_NDLS_DDN_01,SYNTHETIC_SIMULATOR,OK,28.871263,77.609039,55.625,38,10.56,38,0,92.8,120,40,509.5,SEC_GZB_MTC,,GZB,MTC,16.375,258.375,CRUISING,,,,,29.64,,,GREEN,LOW,TRUE,,FALSE,,JRN_NDLS_DDN_01_20260902_161648,0.2313,1,1,0.4541,1,MEDIUM,Predicted Fog Visibility Risk (Speed cap 40.0 km/h),40,25.9,408,8:14:00,30,BASELINE_HISTORICAL_CALIBRATION,287,26
OBS_000180,8:14:30,5370,12017,ROUTE_NDLS_DDN_01,SYNTHETIC_SIMULATOR,OK,28.873366,77.61081,55.942,38,10.56,38,0,92.8,120,40,504.64,SEC_GZB_MTC,,GZB,MTC,16.058,258.058,CRUISING,,,,,29.8,,,GREEN,LOW,TRUE,,FALSE,,JRN_NDLS_DDN_01_20260902_161648,0.2313,1,1,0.4541,1,MEDIUM,Predicted Fog Visibility Risk (Speed cap 40.0 km/h),40,25.4,407.5,8:14:30,30,BASELINE_HISTORICAL_CALIBRATION,286.5,25.5
OBS_000181,8:15:00,5400,12017,ROUTE_NDLS_DDN_01,SYNTHETIC_SIMULATOR,OK,28.875469,77.612581,56.258,38,10.56,38,0,92.8,120,40,499.74,SEC_GZB_MTC,,GZB,MTC,15.742,257.742,CRUISING,,,,,29.96,,,GREEN,LOW,TRUE,,FALSE,,JRN_NDLS_DDN_01_20260902_161648,0.2313,1,1,0.4541,1,MEDIUM,Predicted Fog Visibility Risk (Speed cap 40.0 km/h),40,24.9,407,8:15:00,30,BASELINE_HISTORICAL_CALIBRATION,286,25
OBS_000182,8:15:30,5430,12017,ROUTE_NDLS_DDN_01,SYNTHETIC_SIMULATOR,OK,28.877571,77.614351,56.575,38,10.56,38,0,92.8,120,40,494.79,SEC_GZB_MTC,,GZB,MTC,15.425,257.425,CRUISING,,,,,30.12,,,GREEN,LOW,TRUE,,FALSE,,JRN_NDLS_DDN_01_20260902_161648,0.2313,1,1,0.4541,1,MEDIUM,Predicted Fog Visibility Risk (Speed cap 40.0 km/h),40,24.4,406.5,8:15:30,30,BASELINE_HISTORICAL_CALIBRATION,285.5,24.5
OBS_000183,8:16:00,5460,12017,ROUTE_NDLS_DDN_01,SYNTHETIC_SIMULATOR,OK,28.879674,77.616122,56.892,38,10.56,38,0,92.8,120,40,489.79,SEC_GZB_MTC,,GZB,MTC,15.108,257.108,CRUISING,,,,,30.28,,,GREEN,LOW,TRUE,,FALSE,,JRN_NDLS_DDN_01_20260902_161648,0.2313,1,1,0.4541,1,MEDIUM,Predicted Fog Visibility Risk (Speed cap 40.0 km/h),40,23.9,406,8:16:00,30,BASELINE_HISTORICAL_CALIBRATION,285,24
OBS_000184,8:16:30,5490,12017,ROUTE_NDLS_DDN_01,SYNTHETIC_SIMULATOR,OK,28.881777,77.617893,57.208,38,10.56,38,0,92.8,120,40,484.73,SEC_GZB_MTC,,GZB,MTC,14.792,256.792,CRUISING,,,,,30.44,,,GREEN,LOW,TRUE,,FALSE,,JRN_NDLS_DDN_01_20260902_161648,0.2313,1,1,0.4541,1,MEDIUM,Predicted Fog Visibility Risk (Speed cap 40.0 km/h),40,23.4,405.5,8:16:30,30,BASELINE_HISTORICAL_CALIBRATION,284.5,23.5
OBS_000185,8:17:00,5520,12017,ROUTE_NDLS_DDN_01,SYNTHETIC_SIMULATOR,OK,28.88388,77.619663,57.525,38,10.56,38,0,92.8,120,40,479.62,SEC_GZB_MTC,,GZB,MTC,14.475,256.475,CRUISING,,,,,30.6,,,GREEN,LOW,TRUE,,FALSE,,JRN_NDLS_DDN_01_20260902_161648,0.2313,1,1,0.4541,1,MEDIUM,Predicted Fog Visibility Risk (Speed cap 40.0 km/h),40,22.9,405,8:17:00,30,BASELINE_HISTORICAL_CALIBRATION,284,23
OBS_000186,8:17:30,5550,12017,ROUTE_NDLS_DDN_01,SYNTHETIC_SIMULATOR,OK,28.885983,77.621434,57.842,38,10.56,38,0,92.8,120,40,474.46,SEC_GZB_MTC,,GZB,MTC,14.158,256.158,CRUISING,,,,,30.76,,,GREEN,LOW,TRUE,,FALSE,,JRN_NDLS_DDN_01_20260902_161648,0.2313,1,1,0.4541,1,MEDIUM,Predicted Fog Visibility Risk (Speed cap 40.0 km/h),40,22.4,404.5,8:17:30,30,BASELINE_HISTORICAL_CALIBRATION,283.5,22.5
OBS_000187,8:18:00,5580,12017,ROUTE_NDLS_DDN_01,SYNTHETIC_SIMULATOR,OK,28.888085,77.623204,58.158,38,10.56,38,0,92.8,120,40,469.24,SEC_GZB_MTC,,GZB,MTC,13.842,255.842,CRUISING,,,,,30.92,,,GREEN,LOW,TRUE,,FALSE,,JRN_NDLS_DDN_01_20260902_161648,0.2313,1,1,0.4541,1,MEDIUM,Predicted Fog Visibility Risk (Speed cap 40.0 km/h),40,21.9,404,8:18:00,30,BASELINE_HISTORICAL_CALIBRATION,283,22
OBS_000188,8:18:30,5610,12017,ROUTE_NDLS_DDN_01,SYNTHETIC_SIMULATOR,OK,28.890188,77.624975,58.475,38,10.56,38,0,92.8,120,40,463.97,SEC_GZB_MTC,,GZB,MTC,13.525,255.525,CRUISING,,,,,31.08,,,GREEN,LOW,TRUE,,FALSE,,JRN_NDLS_DDN_01_20260902_161648,0.2313,1,1,0.4541,1,MEDIUM,Predicted Fog Visibility Risk (Speed cap 40.0 km/h),40,21.4,403.5,8:18:30,30,BASELINE_HISTORICAL_CALIBRATION,282.5,21.5
OBS_000189,8:19:00,5640,12017,ROUTE_NDLS_DDN_01,SYNTHETIC_SIMULATOR,OK,28.892291,77.626746,58.792,38,10.56,38,0,92.8,120,40,458.63,SEC_GZB_MTC,,GZB,MTC,13.208,255.208,CRUISING,,,,,31.24,,,GREEN,LOW,TRUE,,FALSE,,JRN_NDLS_DDN_01_20260902_161648,0.2313,1,1,0.4541,1,MEDIUM,Predicted Fog Visibility Risk (Speed cap 40.0 km/h),40,20.9,403,8:19:00,30,BASELINE_HISTORICAL_CALIBRATION,282,21
OBS_000190,8:19:30,5670,12017,ROUTE_NDLS_DDN_01,SYNTHETIC_SIMULATOR,OK,28.894394,77.628516,59.108,38,10.56,38,0,92.8,120,40,453.23,SEC_GZB_MTC,,GZB,MTC,12.892,254.892,CRUISING,,,,,31.4,,,GREEN,LOW,TRUE,,FALSE,,JRN_NDLS_DDN_01_20260902_161648,0.2313,1,1,0.4541,1,MEDIUM,Predicted Fog Visibility Risk (Speed cap 40.0 km/h),40,20.4,402.5,8:19:30,30,BASELINE_HISTORICAL_CALIBRATION,281.5,20.5
OBS_000191,8:20:00,5700,12017,ROUTE_NDLS_DDN_01,SYNTHETIC_SIMULATOR,OK,28.896497,77.630287,59.425,38,10.56,38,0,92.8,120,40,447.76,SEC_GZB_MTC,,GZB,MTC,12.575,254.575,CRUISING,,,,,31.56,,,GREEN,LOW,TRUE,,FALSE,,JRN_NDLS_DDN_01_20260902_161648,0.2313,1,1,0.4541,1,MEDIUM,Predicted Fog Visibility Risk (Speed cap 40.0 km/h),40,19.9,402,8:20:00,30,BASELINE_HISTORICAL_CALIBRATION,281,20
OBS_000192,8:20:30,5730,12017,ROUTE_NDLS_DDN_01,SYNTHETIC_SIMULATOR,OK,28.898599,77.632058,59.742,38,10.56,38,0,92.8,120,40,442.23,SEC_GZB_MTC,,GZB,MTC,12.258,254.258,CRUISING,,,,,31.72,,,GREEN,LOW,TRUE,,FALSE,,JRN_NDLS_DDN_01_20260902_161648,0.2313,1,1,0.4541,1,MEDIUM,Predicted Fog Visibility Risk (Speed cap 40.0 km/h),40,19.4,401.5,8:20:30,30,BASELINE_HISTORICAL_CALIBRATION,280.5,19.5
OBS_000193,8:21:00,5760,12017,ROUTE_NDLS_DDN_01,SYNTHETIC_SIMULATOR,OK,28.900702,77.633828,60.058,38,10.56,38,0,92.8,120,40,436.63,SEC_GZB_MTC,,GZB,MTC,11.942,253.942,CRUISING,,,,,31.88,,,GREEN,LOW,TRUE,,FALSE,,JRN_NDLS_DDN_01_20260902_161648,0.2313,1,1,0.4541,1,MEDIUM,Predicted Fog Visibility Risk (Speed cap 40.0 km/h),40,18.9,401,8:21:00,30,BASELINE_HISTORICAL_CALIBRATION,280,19
OBS_000194,8:21:30,5790,12017,ROUTE_NDLS_DDN_01,SYNTHETIC_SIMULATOR,OK,28.902805,77.635599,60.375,38,10.56,38,0,92.8,120,40,430.95,SEC_GZB_MTC,,GZB,MTC,11.625,253.625,CRUISING,,,,,32.04,,,GREEN,LOW,TRUE,,FALSE,,JRN_NDLS_DDN_01_20260902_161648,0.2313,1,1,0.4541,1,MEDIUM,Predicted Fog Visibility Risk (Speed cap 40.0 km/h),40,18.4,400.5,8:21:30,30,BASELINE_HISTORICAL_CALIBRATION,279.5,18.5
OBS_000195,8:22:00,5820,12017,ROUTE_NDLS_DDN_01,SYNTHETIC_SIMULATOR,OK,28.904908,77.63737,60.692,38,10.56,38,0,92.8,120,40,425.2,SEC_GZB_MTC,,GZB,MTC,11.308,253.308,CRUISING,,,,,32.2,,,GREEN,LOW,TRUE,,FALSE,,JRN_NDLS_DDN_01_20260902_161648,0.2313,1,1,0.4541,1,MEDIUM,Predicted Fog Visibility Risk (Speed cap 40.0 km/h),40,17.9,400,8:22:00,30,BASELINE_HISTORICAL_CALIBRATION,279,18
OBS_000196,8:22:30,5850,12017,ROUTE_NDLS_DDN_01,SYNTHETIC_SIMULATOR,OK,28.907011,77.63914,61.008,38,10.56,38,0,92.8,120,40,419.37,SEC_GZB_MTC,,GZB,MTC,10.992,252.992,CRUISING,,,,,32.36,,,GREEN,LOW,TRUE,,FALSE,,JRN_NDLS_DDN_01_20260902_161648,0.2313,1,1,0.4541,1,MEDIUM,Predicted Fog Visibility Risk (Speed cap 40.0 km/h),40,17.4,399.5,8:22:30,30,BASELINE_HISTORICAL_CALIBRATION,278.5,17.5
OBS_000197,8:23:00,5880,12017,ROUTE_NDLS_DDN_01,SYNTHETIC_SIMULATOR,OK,28.909113,77.640911,61.325,38,10.56,38,0,92.8,120,40,413.45,SEC_GZB_MTC,,GZB,MTC,10.675,252.675,CRUISING,,,,,32.52,,,GREEN,LOW,TRUE,,FALSE,,JRN_NDLS_DDN_01_20260902_161648,0.2313,1,1,0.4541,1,MEDIUM,Predicted Fog Visibility Risk (Speed cap 40.0 km/h),40,16.9,399,8:23:00,30,BASELINE_HISTORICAL_CALIBRATION,278,17
OBS_000198,8:23:30,5910,12017,ROUTE_NDLS_DDN_01,SYNTHETIC_SIMULATOR,OK,28.911216,77.642681,61.642,38,10.56,38,0,92.8,120,40,407.45,SEC_GZB_MTC,,GZB,MTC,10.358,252.358,CRUISING,,,,,32.68,,,GREEN,LOW,TRUE,,FALSE,,JRN_NDLS_DDN_01_20260902_161648,0.2313,1,1,0.4541,1,MEDIUM,Predicted Fog Visibility Risk (Speed cap 40.0 km/h),40,16.4,398.5,8:23:30,30,BASELINE_HISTORICAL_CALIBRATION,277.5,16.5
OBS_000199,8:24:00,5940,12017,ROUTE_NDLS_DDN_01,SYNTHETIC_SIMULATOR,OK,28.913319,77.644452,61.958,38,10.56,38,0,92.8,120,40,401.36,SEC_GZB_MTC,,GZB,MTC,10.042,252.042,CRUISING,,,,,32.84,,,GREEN,LOW,TRUE,,FALSE,,JRN_NDLS_DDN_01_20260902_161648,0.2313,1,1,0.4541,1,MEDIUM,Predicted Fog Visibility Risk (Speed cap 40.0 km/h),40,15.9,398,8:24:00,30,BASELINE_HISTORICAL_CALIBRATION,277,16
OBS_000200,8:24:30,5970,12017,ROUTE_NDLS_DDN_01,SYNTHETIC_SIMULATOR,OK,28.915422,77.646223,62.275,38,10.56,38,0,92.8,120,40,395.18,SEC_GZB_MTC,,GZB,MTC,9.725,251.725,CRUISING,,,,,33,,,GREEN,LOW,TRUE,,FALSE,,JRN_NDLS_DDN_01_20260902_161648,0.2313,1,1,0.4541,1,MEDIUM,Predicted Fog Visibility Risk (Speed cap 40.0 km/h),40,15.4,397.5,8:24:30,30,BASELINE_HISTORICAL_CALIBRATION,276.5,15.5
OBS_000201,8:25:00,6000,12017,ROUTE_NDLS_DDN_01,SYNTHETIC_SIMULATOR,OK,28.917525,77.647993,62.592,38,10.56,38,0,92.8,120,40,388.9,SEC_GZB_MTC,,GZB,MTC,9.408,251.408,CRUISING,,,,,33.16,,,GREEN,LOW,TRUE,,FALSE,,JRN_NDLS_DDN_01_20260902_161648,0.2313,1,1,0.4541,1,MEDIUM,Predicted Fog Visibility Risk (Speed cap 40.0 km/h),40,14.9,397,8:25:00,30,BASELINE_HISTORICAL_CALIBRATION,276,15
OBS_000202,8:25:30,6030,12017,ROUTE_NDLS_DDN_01,SYNTHETIC_SIMULATOR,OK,28.919627,77.649764,62.908,38,10.56,38,0,92.8,120,40,382.52,SEC_GZB_MTC,,GZB,MTC,9.092,251.092,CRUISING,,,,,33.32,,,GREEN,LOW,TRUE,,FALSE,,JRN_NDLS_DDN_01_20260902_161648,0.2313,1,1,0.4541,1,MEDIUM,Predicted Fog Visibility Risk (Speed cap 40.0 km/h),40,14.4,396.5,8:25:30,30,BASELINE_HISTORICAL_CALIBRATION,275.5,14.5
OBS_000203,8:26:00,6060,12017,ROUTE_NDLS_DDN_01,SYNTHETIC_SIMULATOR,OK,28.92173,77.651535,63.225,38,10.56,38,0,92.8,120,40,376.02,SEC_GZB_MTC,,GZB,MTC,8.775,250.775,CRUISING,,,,,33.48,,,GREEN,LOW,TRUE,,FALSE,,JRN_NDLS_DDN_01_20260902_161648,0.2313,1,1,0.4541,1,MEDIUM,Predicted Fog Visibility Risk (Speed cap 40.0 km/h),40,13.9,396,8:26:00,30,BASELINE_HISTORICAL_CALIBRATION,275,14
OBS_000204,8:26:30,6090,12017,ROUTE_NDLS_DDN_01,SYNTHETIC_SIMULATOR,OK,28.923833,77.653305,63.542,38,10.56,38,0,92.8,120,40,369.42,SEC_GZB_MTC,,GZB,MTC,8.458,250.458,CRUISING,,,,,33.64,,,GREEN,LOW,TRUE,,FALSE,,JRN_NDLS_DDN_01_20260902_161648,0.2313,1,1,0.4541,1,MEDIUM,Predicted Fog Visibility Risk (Speed cap 40.0 km/h),40,13.4,395.5,8:26:30,30,BASELINE_HISTORICAL_CALIBRATION,274.5,13.5
OBS_000205,8:27:00,6120,12017,ROUTE_NDLS_DDN_01,SYNTHETIC_SIMULATOR,OK,28.925936,77.655076,63.858,38,10.56,38,0,92.8,120,40,362.69,SEC_GZB_MTC,,GZB,MTC,8.142,250.142,CRUISING,,,,,33.8,,,GREEN,LOW,TRUE,,FALSE,,JRN_NDLS_DDN_01_20260902_161648,0.2313,1,1,0.4541,1,MEDIUM,Predicted Fog Visibility Risk (Speed cap 40.0 km/h),40,12.9,395,8:27:00,30,BASELINE_HISTORICAL_CALIBRATION,274,13
OBS_000206,8:27:30,6150,12017,ROUTE_NDLS_DDN_01,SYNTHETIC_SIMULATOR,OK,28.928039,77.656847,64.175,38,10.56,38,0,92.8,120,40,355.84,SEC_GZB_MTC,,GZB,MTC,7.825,249.825,CRUISING,,,,,33.96,,,GREEN,LOW,TRUE,,FALSE,,JRN_NDLS_DDN_01_20260902_161648,0.2313,1,1,0.4541,1,MEDIUM,Predicted Fog Visibility Risk (Speed cap 40.0 km/h),40,12.4,394.5,8:27:30,30,BASELINE_HISTORICAL_CALIBRATION,273.5,12.5
OBS_000207,8:28:00,6180,12017,ROUTE_NDLS_DDN_01,SYNTHETIC_SIMULATOR,OK,28.930141,77.658617,64.492,38,10.56,38,0,92.8,120,40,348.85,SEC_GZB_MTC,,GZB,MTC,7.508,249.508,CRUISING,,,,,34.12,,,GREEN,LOW,TRUE,,FALSE,,JRN_NDLS_DDN_01_20260902_161648,0.2313,1,1,0.4541,1,MEDIUM,Predicted Fog Visibility Risk (Speed cap 40.0 km/h),40,11.9,394,8:28:00,30,BASELINE_HISTORICAL_CALIBRATION,273,12
OBS_000208,8:28:30,6210,12017,ROUTE_NDLS_DDN_01,SYNTHETIC_SIMULATOR,OK,28.932244,77.660388,64.808,38,10.56,38,0,92.8,120,40,341.72,SEC_GZB_MTC,,GZB,MTC,7.192,249.192,CRUISING,,,,,34.28,,,GREEN,LOW,TRUE,,FALSE,,JRN_NDLS_DDN_01_20260902_161648,0.2313,1,1,0.4541,1,MEDIUM,Predicted Fog Visibility Risk (Speed cap 40.0 km/h),40,11.4,393.5,8:28:30,30,BASELINE_HISTORICAL_CALIBRATION,272.5,11.5
OBS_000209,8:29:00,6240,12017,ROUTE_NDLS_DDN_01,SYNTHETIC_SIMULATOR,OK,28.934347,77.662159,65.125,38,10.56,38,0,92.8,120,40,334.43,SEC_GZB_MTC,,GZB,MTC,6.875,248.875,CRUISING,,,,,34.44,,,GREEN,LOW,TRUE,,FALSE,,JRN_NDLS_DDN_01_20260902_161648,0.2313,1,1,0.4541,1,MEDIUM,Predicted Fog Visibility Risk (Speed cap 40.0 km/h),40,10.9,393,8:29:00,30,BASELINE_HISTORICAL_CALIBRATION,272,11
OBS_000210,8:29:30,6270,12017,ROUTE_NDLS_DDN_01,SYNTHETIC_SIMULATOR,OK,28.93645,77.663929,65.442,38,10.56,38,0,92.8,120,40,326.99,SEC_GZB_MTC,,GZB,MTC,6.558,248.558,CRUISING,,,,,34.6,,,GREEN,LOW,TRUE,,FALSE,,JRN_NDLS_DDN_01_20260902_161648,0.2313,1,1,0.4541,1,MEDIUM,Predicted Fog Visibility Risk (Speed cap 40.0 km/h),40,10.4,392.5,8:29:30,30,BASELINE_HISTORICAL_CALIBRATION,271.5,10.5
OBS_000211,8:30:00,6300,12017,ROUTE_NDLS_DDN_01,SYNTHETIC_SIMULATOR,OK,28.938553,77.6657,65.758,38,10.56,38,0,92.8,120,40,319.37,SEC_GZB_MTC,,GZB,MTC,6.242,248.242,CRUISING,,,,,34.76,,,GREEN,LOW,TRUE,,FALSE,,JRN_NDLS_DDN_01_20260902_161648,0.2313,1,1,0.4541,1,MEDIUM,Predicted Fog Visibility Risk (Speed cap 40.0 km/h),40,9.9,392,8:30:00,30,BASELINE_HISTORICAL_CALIBRATION,271,10
OBS_000212,8:30:30,6330,12017,ROUTE_NDLS_DDN_01,SYNTHETIC_SIMULATOR,OK,28.940655,77.66747,66.075,38,10.56,38,0,92.8,120,40,311.56,SEC_GZB_MTC,,GZB,MTC,5.925,247.925,CRUISING,,,,,34.92,,,GREEN,LOW,TRUE,,FALSE,,JRN_NDLS_DDN_01_20260902_161648,0.2313,1,1,0.4541,1,MEDIUM,Predicted Fog Visibility Risk (Speed cap 40.0 km/h),40,9.4,391.5,8:30:30,30,BASELINE_HISTORICAL_CALIBRATION,270.5,9.5
OBS_000213,8:31:00,6360,12017,ROUTE_NDLS_DDN_01,SYNTHETIC_SIMULATOR,OK,28.942758,77.669241,66.392,38,10.56,38,0,92.8,120,40,303.55,SEC_GZB_MTC,,GZB,MTC,5.608,247.608,CRUISING,,,,,35.09,,,GREEN,LOW,TRUE,,FALSE,,JRN_NDLS_DDN_01_20260902_161648,0.2313,1,1,0.4541,1,MEDIUM,Predicted Fog Visibility Risk (Speed cap 40.0 km/h),40,8.9,391,8:31:00,30,BASELINE_HISTORICAL_CALIBRATION,270,9
OBS_000214,8:31:30,6390,12017,ROUTE_NDLS_DDN_01,SYNTHETIC_SIMULATOR,OK,28.944861,77.671012,66.708,38,10.56,38,0,92.8,120,40,295.33,SEC_GZB_MTC,,GZB,MTC,5.292,247.292,CRUISING,,,,,35.25,,,GREEN,LOW,TRUE,,FALSE,,JRN_NDLS_DDN_01_20260902_161648,0.2313,1,1,0.4541,1,MEDIUM,Predicted Fog Visibility Risk (Speed cap 40.0 km/h),40,8.4,390.5,8:31:30,30,BASELINE_HISTORICAL_CALIBRATION,269.5,8.5
OBS_000215,8:32:00,6420,12017,ROUTE_NDLS_DDN_01,SYNTHETIC_SIMULATOR,OK,28.946964,77.672782,67.025,38,10.56,38,0,92.8,120,40,286.87,SEC_GZB_MTC,,GZB,MTC,4.975,246.975,CRUISING,,,,,35.41,,,GREEN,LOW,TRUE,,FALSE,,JRN_NDLS_DDN_01_20260902_161648,0.2313,1,1,0.4541,1,MEDIUM,Predicted Fog Visibility Risk (Speed cap 40.0 km/h),40,7.9,390,8:32:00,30,BASELINE_HISTORICAL_CALIBRATION,269,8
OBS_000216,8:32:30,6450,12017,ROUTE_NDLS_DDN_01,SYNTHETIC_SIMULATOR,OK,28.949067,77.674553,67.342,38,10.56,38,0,92.8,120,40,278.16,SEC_GZB_MTC,,GZB,MTC,4.658,246.658,CRUISING,,,,,35.57,,,GREEN,LOW,TRUE,,FALSE,,JRN_NDLS_DDN_01_20260902_161648,0.2313,1,1,0.4541,1,MEDIUM,Predicted Fog Visibility Risk (Speed cap 40.0 km/h),40,7.4,389.5,8:32:30,30,BASELINE_HISTORICAL_CALIBRATION,268.5,7.5
OBS_000217,8:33:00,6480,12017,ROUTE_NDLS_DDN_01,SYNTHETIC_SIMULATOR,OK,28.951169,77.676324,67.658,38,10.56,38,0,92.8,120,40,269.16,SEC_GZB_MTC,,GZB,MTC,4.342,246.342,CRUISING,,,,,35.73,,,GREEN,LOW,TRUE,,FALSE,,JRN_NDLS_DDN_01_20260902_161648,0.2313,1,1,0.4541,1,MEDIUM,Predicted Fog Visibility Risk (Speed cap 40.0 km/h),40,6.9,389,8:33:00,30,BASELINE_HISTORICAL_CALIBRATION,268,7
OBS_000218,8:33:30,6510,12017,ROUTE_NDLS_DDN_01,SYNTHETIC_SIMULATOR,OK,28.953272,77.678094,67.975,38,10.56,38,0,92.8,120,40,259.85,SEC_GZB_MTC,,GZB,MTC,4.025,246.025,CRUISING,,,,,35.89,,,GREEN,LOW,TRUE,,FALSE,,JRN_NDLS_DDN_01_20260902_161648,0.2313,1,1,0.4541,1,MEDIUM,Predicted Fog Visibility Risk (Speed cap 40.0 km/h),40,6.4,388.5,8:33:30,30,BASELINE_HISTORICAL_CALIBRATION,267.5,6.5
OBS_000219,8:34:00,6540,12017,ROUTE_NDLS_DDN_01,SYNTHETIC_SIMULATOR,OK,28.955375,77.679865,68.292,38,10.56,38,0,92.8,120,40,250.19,SEC_GZB_MTC,,GZB,MTC,3.708,245.708,CRUISING,,,,,36.05,,,GREEN,LOW,TRUE,,FALSE,,JRN_NDLS_DDN_01_20260902_161648,0.2313,1,1,0.4541,1,MEDIUM,Predicted Fog Visibility Risk (Speed cap 40.0 km/h),40,5.9,388,8:34:00,30,BASELINE_HISTORICAL_CALIBRATION,267,6
OBS_000220,8:34:30,6570,12017,ROUTE_NDLS_DDN_01,SYNTHETIC_SIMULATOR,OK,28.957478,77.681636,68.608,38,10.56,38,0,92.8,120,40,240.15,SEC_GZB_MTC,,GZB,MTC,3.392,245.392,CRUISING,,,,,36.21,,,GREEN,LOW,TRUE,,FALSE,,JRN_NDLS_DDN_01_20260902_161648,0.2313,1,1,0.4541,1,MEDIUM,Predicted Fog Visibility Risk (Speed cap 40.0 km/h),40,5.4,387.5,8:34:30,30,BASELINE_HISTORICAL_CALIBRATION,266.5,5.5
OBS_000221,8:35:00,6600,12017,ROUTE_NDLS_DDN_01,SYNTHETIC_SIMULATOR,OK,28.959581,77.683406,68.925,38,10.56,38,0,92.8,120,40,229.67,SEC_GZB_MTC,,GZB,MTC,3.075,245.075,CRUISING,,,,,36.37,,,GREEN,LOW,TRUE,,FALSE,,JRN_NDLS_DDN_01_20260902_161648,0.2313,1,1,0.4541,1,MEDIUM,Predicted Fog Visibility Risk (Speed cap 40.0 km/h),40,4.9,387,8:35:00,30,BASELINE_HISTORICAL_CALIBRATION,266,5
OBS_000222,8:35:30,6630,12017,ROUTE_NDLS_DDN_01,SYNTHETIC_SIMULATOR,OK,28.961683,77.685177,69.242,38,10.56,38,0,92.8,120,40,218.68,SEC_GZB_MTC,,GZB,MTC,2.758,244.758,CRUISING,,,,,36.53,,,GREEN,LOW,TRUE,,FALSE,,JRN_NDLS_DDN_01_20260902_161648,0.2313,1,1,0.4541,1,MEDIUM,Predicted Fog Visibility Risk (Speed cap 40.0 km/h),40,4.4,386.5,8:35:30,30,BASELINE_HISTORICAL_CALIBRATION,265.5,4.5
OBS_000223,8:36:00,6660,12017,ROUTE_NDLS_DDN_01,SYNTHETIC_SIMULATOR,OK,28.963786,77.686947,69.558,38,10.56,38,0,92.8,120,40,207.12,SEC_GZB_MTC,,GZB,MTC,2.442,244.442,CRUISING,,,,,36.69,,,GREEN,LOW,TRUE,,FALSE,,JRN_NDLS_DDN_01_20260902_161648,0.2313,1,1,0.4541,1,MEDIUM,Predicted Fog Visibility Risk (Speed cap 40.0 km/h),40,3.9,386,8:36:00,30,BASELINE_HISTORICAL_CALIBRATION,265,4
OBS_000224,8:36:30,6690,12017,ROUTE_NDLS_DDN_01,SYNTHETIC_SIMULATOR,OK,28.965889,77.688718,69.875,38,10.56,38,0,92.8,120,40,194.87,SEC_GZB_MTC,,GZB,MTC,2.125,244.125,CRUISING,,,,,36.85,,,GREEN,LOW,TRUE,,FALSE,,JRN_NDLS_DDN_01_20260902_161648,0.2313,1,1,0.4541,1,MEDIUM,Predicted Fog Visibility Risk (Speed cap 40.0 km/h),40,3.4,385.5,8:36:30,30,BASELINE_HISTORICAL_CALIBRATION,264.5,3.5
OBS_000225,8:37:00,6720,12017,ROUTE_NDLS_DDN_01,SYNTHETIC_SIMULATOR,OK,28.967992,77.690489,70.192,38,10.56,38,0,92.8,120,40,181.79,SEC_GZB_MTC,,GZB,MTC,1.808,243.808,CRUISING,,,,,37.01,,,GREEN,LOW,TRUE,,FALSE,,JRN_NDLS_DDN_01_20260902_161648,0.2313,1,1,0.4541,1,MEDIUM,Predicted Fog Visibility Risk (Speed cap 40.0 km/h),40,2.9,385,8:37:00,30,BASELINE_HISTORICAL_CALIBRATION,264,3
OBS_000226,8:37:30,6750,12017,ROUTE_NDLS_DDN_01,SYNTHETIC_SIMULATOR,OK,28.970095,77.692259,70.508,38,10.56,38,0,92.8,120,40,167.7,SEC_GZB_MTC,,GZB,MTC,1.492,243.492,CRUISING,,,,,37.17,,,GREEN,LOW,TRUE,,FALSE,,JRN_NDLS_DDN_01_20260902_161648,0.2313,1,1,0.4541,1,MEDIUM,Predicted Fog Visibility Risk (Speed cap 40.0 km/h),40,2.4,384.5,8:37:30,30,BASELINE_HISTORICAL_CALIBRATION,263.5,2.5
OBS_000227,8:38:00,6780,12017,ROUTE_NDLS_DDN_01,SYNTHETIC_SIMULATOR,OK,28.972198,77.69403,70.825,38,10.56,38,0,92.8,120,40,152.31,SEC_GZB_MTC,,GZB,MTC,1.175,243.175,CRUISING,,,,,37.33,,,GREEN,LOW,TRUE,,FALSE,,JRN_NDLS_DDN_01_20260902_161648,0.2313,1,1,0.4541,1,MEDIUM,Predicted Fog Visibility Risk (Speed cap 40.0 km/h),40,1.9,384,8:38:00,30,BASELINE_HISTORICAL_CALIBRATION,263,2
OBS_000228,8:38:30,6810,12017,ROUTE_NDLS_DDN_01,SYNTHETIC_SIMULATOR,OK,28.9743,77.695801,71.142,38,10.56,38,0,92.8,120,40,135.18,SEC_GZB_MTC,,GZB,MTC,0.858,242.858,CRUISING,,,,,37.49,,,GREEN,LOW,TRUE,,FALSE,,JRN_NDLS_DDN_01_20260902_161648,0.2313,1,1,0.4541,1,MEDIUM,Predicted Fog Visibility Risk (Speed cap 40.0 km/h),40,1.4,383.5,8:38:30,30,BASELINE_HISTORICAL_CALIBRATION,262.5,1.5
OBS_000229,8:39:00,6840,12017,ROUTE_NDLS_DDN_01,SYNTHETIC_SIMULATOR,OK,28.976403,77.697571,71.458,38,10.56,38,0,92.8,120,40,115.54,SEC_GZB_MTC,,GZB,MTC,0.542,242.542,CRUISING,,,,,37.65,,,GREEN,LOW,TRUE,,FALSE,,JRN_NDLS_DDN_01_20260902_161648,0.2313,1,1,0.4541,1,MEDIUM,Predicted Fog Visibility Risk (Speed cap 40.0 km/h),40,0.9,383,8:39:00,30,BASELINE_HISTORICAL_CALIBRATION,262,1
OBS_000230,8:39:30,6870,12017,ROUTE_NDLS_DDN_01,SYNTHETIC_SIMULATOR,OK,28.978506,77.699342,71.775,38,10.56,38,0,92.8,120,40,91.78,SEC_GZB_MTC,,GZB,MTC,0.225,242.225,CRUISING,,,,,37.81,,,GREEN,LOW,TRUE,,FALSE,,JRN_NDLS_DDN_01_20260902_161648,0.2313,1,1,0.4541,1,MEDIUM,Predicted Fog Visibility Risk (Speed cap 40.0 km/h),40,0.4,382.5,8:39:30,30,BASELINE_HISTORICAL_CALIBRATION,261.5,0.5
OBS_000231,8:40:00,6900,12017,ROUTE_NDLS_DDN_01,SYNTHETIC_SIMULATOR,OK,28.98,77.7006,72,0,0,38,0,0,120,40,59.15,SEC_GZB_MTC,MTC,MTC,MOZ,56,242,DWELLING,ARRIVED,8:40:00,,,37.97,,,GREEN,LOW,TRUE,,FALSE,,JRN_NDLS_DDN_01_20260902_161648,0.2313,1,1,0.4541,1,MEDIUM,Predicted Fog Visibility Risk (Speed cap 40.0 km/h),40,134.4,580.8,8:40:00,30,BASELINE_HISTORICAL_CALIBRATION,261,84
OBS_000232,8:40:30,6930,12017,ROUTE_NDLS_DDN_01,SYNTHETIC_SIMULATOR,OK,28.98,77.7006,72,0,0,0,0,0,110,40,0,SEC_MTC_MOZ,MTC,MTC,MOZ,56,242,DWELLING,,,,,38.23,,,GREEN,LOW,TRUE,,FALSE,,JRN_NDLS_DDN_01_20260902_161648,0.2313,1,1,0.4541,1,MEDIUM,Predicted Fog Visibility Risk (Speed cap 40.0 km/h),40,134.4,580.8,8:40:30,30,BASELINE_HISTORICAL_CALIBRATION,260.5,83.5
OBS_000233,8:41:00,6960,12017,ROUTE_NDLS_DDN_01,SYNTHETIC_SIMULATOR,OK,28.98,77.7006,72,0,0,0,0,0,110,40,0,SEC_MTC_MOZ,MTC,MTC,MOZ,56,242,DWELLING,,,,,38.73,,,GREEN,LOW,TRUE,,FALSE,,JRN_NDLS_DDN_01_20260902_161648,0.2313,1,1,0.4541,1,MEDIUM,Predicted Fog Visibility Risk (Speed cap 40.0 km/h),40,134.4,580.8,8:41:00,30,BASELINE_HISTORICAL_CALIBRATION,260,83
OBS_000234,8:41:30,6990,12017,ROUTE_NDLS_DDN_01,SYNTHETIC_SIMULATOR,OK,28.98,77.7006,72,0,0,0,0,0,110,40,0,SEC_MTC_MOZ,MTC,MTC,MOZ,56,242,DWELLING,,,,,39.23,,,GREEN,LOW,TRUE,,FALSE,,JRN_NDLS_DDN_01_20260902_161648,0.2313,1,1,0.4541,1,MEDIUM,Predicted Fog Visibility Risk (Speed cap 40.0 km/h),40,134.4,580.8,8:41:30,30,BASELINE_HISTORICAL_CALIBRATION,259.5,82.5
OBS_000235,8:42:00,7020,12017,ROUTE_NDLS_DDN_01,SYNTHETIC_SIMULATOR,OK,28.98,77.7006,72,0,0,0,0,0,110,40,0,SEC_MTC_MOZ,MTC,MTC,MOZ,56,242,DWELLING,,,,,39.73,,,GREEN,LOW,TRUE,,FALSE,,JRN_NDLS_DDN_01_20260902_161648,0.2313,1,1,0.4541,1,MEDIUM,Predicted Fog Visibility Risk (Speed cap 40.0 km/h),40,134.4,580.8,8:42:00,30,BASELINE_HISTORICAL_CALIBRATION,259,82
OBS_000236,8:42:30,7050,12017,ROUTE_NDLS_DDN_01,SYNTHETIC_SIMULATOR,OK,28.98,77.7006,72,0,0,0,0,0,110,40,0,SEC_MTC_MOZ,MTC,MTC,MOZ,56,242,DWELLING,,,,,40.23,,,GREEN,LOW,TRUE,,FALSE,,JRN_NDLS_DDN_01_20260902_161648,0.2313,1,1,0.4541,1,MEDIUM,Predicted Fog Visibility Risk (Speed cap 40.0 km/h),40,134.4,580.8,8:42:30,30,BASELINE_HISTORICAL_CALIBRATION,258.5,81.5
OBS_000237,8:43:00,7080,12017,ROUTE_NDLS_DDN_01,SYNTHETIC_SIMULATOR,OK,28.98,77.7006,72.542,38,10.56,38,0.5,92.8,110,40,933.23,SEC_MTC_MOZ,MTC,MTC,MOZ,55.458,241.458,ACCELERATING,DEPARTED,,8:43:00,3,40.73,,,GREEN,LOW,TRUE,,FALSE,,JRN_NDLS_DDN_01_20260902_161648,0.2313,1,1,0.4541,1,MEDIUM,Predicted Fog Visibility Risk (Speed cap 40.0 km/h),40,87.6,381.2,8:43:00,30,BASELINE_HISTORICAL_CALIBRATION,258,81
OBS_000238,8:43:30,7110,12017,ROUTE_NDLS_DDN_01,SYNTHETIC_SIMULATOR,OK,28.987552,77.700721,72.858,38,10.56,38,0,92.8,110,40,928.7,SEC_MTC_MOZ,,MTC,MOZ,55.142,241.142,CRUISING,,,,,40.64,,,GREEN,LOW,TRUE,,FALSE,,JRN_NDLS_DDN_01_20260902_161648,0.2313,1,1,0.4541,1,MEDIUM,Predicted Fog Visibility Risk (Speed cap 40.0 km/h),40,87.1,380.8,8:43:30,30,BASELINE_HISTORICAL_CALIBRATION,257.5,80.5
OBS_000239,8:44:00,7140,12017,ROUTE_NDLS_DDN_01,SYNTHETIC_SIMULATOR,OK,28.990338,77.700766,73.175,38,10.56,38,0,92.8,110,40,926.05,SEC_MTC_MOZ,,MTC,MOZ,54.825,240.825,CRUISING,,,,,40.8,,,GREEN,LOW,TRUE,,FALSE,,JRN_NDLS_DDN_01_20260902_161648,0.2313,1,1,0.4541,1,MEDIUM,Predicted Fog Visibility Risk (Speed cap 40.0 km/h),40,86.6,380.2,8:44:00,30,BASELINE_HISTORICAL_CALIBRATION,257,80
OBS_000240,8:44:30,7170,12017,ROUTE_NDLS_DDN_01,SYNTHETIC_SIMULATOR,OK,28.993124,77.70081,73.492,38,10.56,38,0,92.8,110,40,923.38,SEC_MTC_MOZ,,MTC,MOZ,54.508,240.508,CRUISING,,,,,40.97,,,GREEN,LOW,TRUE,,FALSE,,JRN_NDLS_DDN_01_20260902_161648,0.2313,1,1,0.4541,1,MEDIUM,Predicted Fog Visibility Risk (Speed cap 40.0 km/h),40,86.1,379.8,8:44:30,30,BASELINE_HISTORICAL_CALIBRATION,256.5,79.5
OBS_000241,8:45:00,7200,12017,ROUTE_NDLS_DDN_01,SYNTHETIC_SIMULATOR,OK,28.99591,77.700855,73.808,38,10.56,38,0,92.8,110,40,920.71,SEC_MTC_MOZ,,MTC,MOZ,54.192,240.192,CRUISING,,,,,41.13,,,GREEN,LOW,TRUE,,FALSE,,JRN_NDLS_DDN_01_20260902_161648,0.2313,1,1,0.4541,1,MEDIUM,Predicted Fog Visibility Risk (Speed cap 40.0 km/h),40,85.6,379.2,8:45:00,30,BASELINE_HISTORICAL_CALIBRATION,256,79
OBS_000242,8:45:30,7230,12017,ROUTE_NDLS_DDN_01,SYNTHETIC_SIMULATOR,OK,28.998696,77.7009,74.125,38,10.56,38,0,92.8,110,40,918.04,SEC_MTC_MOZ,,MTC,MOZ,53.875,239.875,CRUISING,,,,,41.29,,,GREEN,LOW,TRUE,,FALSE,,JRN_NDLS_DDN_01_20260902_161648,0.2313,1,1,0.4541,1,MEDIUM,Predicted Fog Visibility Risk (Speed cap 40.0 km/h),40,85.1,378.7,8:45:30,30,BASELINE_HISTORICAL_CALIBRATION,255.5,78.5
OBS_000243,8:46:00,7260,12017,ROUTE_NDLS_DDN_01,SYNTHETIC_SIMULATOR,OK,29.001482,77.700944,74.442,38,10.56,38,0,92.8,110,40,915.35,SEC_MTC_MOZ,,MTC,MOZ,53.558,239.558,CRUISING,,,,,41.45,,,GREEN,LOW,TRUE,,FALSE,,JRN_NDLS_DDN_01_20260902_161648,0.2313,1,1,0.4541,1,MEDIUM,Predicted Fog Visibility Risk (Speed cap 40.0 km/h),40,84.6,378.2,8:46:00,30,BASELINE_HISTORICAL_CALIBRATION,255,78
OBS_000244,8:46:30,7290,12017,ROUTE_NDLS_DDN_01,SYNTHETIC_SIMULATOR,OK,29.004268,77.700989,74.758,38,10.56,38,0,92.8,110,40,912.66,SEC_MTC_MOZ,,MTC,MOZ,53.242,239.242,CRUISING,,,,,41.61,,,GREEN,LOW,TRUE,,FALSE,,JRN_NDLS_DDN_01_20260902_161648,0.2313,1,1,0.4541,1,MEDIUM,Predicted Fog Visibility Risk (Speed cap 40.0 km/h),40,84.1,377.7,8:46:30,30,BASELINE_HISTORICAL_CALIBRATION,254.5,77.5
OBS_000245,8:47:00,7320,12017,ROUTE_NDLS_DDN_01,SYNTHETIC_SIMULATOR,OK,29.007055,77.701034,75.075,38,10.56,38,0,92.8,110,40,909.95,SEC_MTC_MOZ,,MTC,MOZ,52.925,238.925,CRUISING,,,,,41.77,,,GREEN,LOW,TRUE,,FALSE,,JRN_NDLS_DDN_01_20260902_161648,0.2313,1,1,0.4541,1,MEDIUM,Predicted Fog Visibility Risk (Speed cap 40.0 km/h),40,83.6,377.2,8:47:00,30,BASELINE_HISTORICAL_CALIBRATION,254,77
OBS_000246,8:47:30,7350,12017,ROUTE_NDLS_DDN_01,SYNTHETIC_SIMULATOR,OK,29.009841,77.701078,75.392,38,10.56,38,0,92.8,110,40,907.24,SEC_MTC_MOZ,,MTC,MOZ,52.608,238.608,CRUISING,,,,,41.93,,,GREEN,LOW,TRUE,,FALSE,,JRN_NDLS_DDN_01_20260902_161648,0.2313,1,1,0.4541,1,MEDIUM,Predicted Fog Visibility Risk (Speed cap 40.0 km/h),40,83.1,376.7,8:47:30,30,BASELINE_HISTORICAL_CALIBRATION,253.5,76.5
OBS_000247,8:48:00,7380,12017,ROUTE_NDLS_DDN_01,SYNTHETIC_SIMULATOR,OK,29.012627,77.701123,75.708,38,10.56,38,0,92.8,110,40,904.52,SEC_MTC_MOZ,,MTC,MOZ,52.292,238.292,CRUISING,,,,,42.09,,,GREEN,LOW,TRUE,,FALSE,,JRN_NDLS_DDN_01_20260902_161648,0.2313,1,1,0.4541,1,MEDIUM,Predicted Fog Visibility Risk (Speed cap 40.0 km/h),40,82.6,376.2,8:48:00,30,BASELINE_HISTORICAL_CALIBRATION,253,76
OBS_000248,8:48:30,7410,12017,ROUTE_NDLS_DDN_01,SYNTHETIC_SIMULATOR,OK,29.015413,77.701168,76.025,38,10.56,38,0,92.8,110,40,901.8,SEC_MTC_MOZ,,MTC,MOZ,51.975,237.975,CRUISING,,,,,42.25,,,GREEN,LOW,TRUE,,FALSE,,JRN_NDLS_DDN_01_20260902_161648,0.2313,1,1,0.4541,1,MEDIUM,Predicted Fog Visibility Risk (Speed cap 40.0 km/h),40,82.1,375.7,8:48:30,30,BASELINE_HISTORICAL_CALIBRATION,252.5,75.5
OBS_000249,8:49:00,7440,12017,ROUTE_NDLS_DDN_01,SYNTHETIC_SIMULATOR,OK,29.018199,77.701212,76.342,38,10.56,38,0,92.8,110,40,899.06,SEC_MTC_MOZ,,MTC,MOZ,51.658,237.658,CRUISING,,,,,42.41,,,GREEN,LOW,TRUE,,FALSE,,JRN_NDLS_DDN_01_20260902_161648,0.2313,1,1,0.4541,1,MEDIUM,Predicted Fog Visibility Risk (Speed cap 40.0 km/h),40,81.6,375.2,8:49:00,30,BASELINE_HISTORICAL_CALIBRATION,252,75
OBS_000250,8:49:30,7470,12017,ROUTE_NDLS_DDN_01,SYNTHETIC_SIMULATOR,OK,29.020985,77.701257,76.658,38,10.56,38,0,92.8,110,40,896.32,SEC_MTC_MOZ,,MTC,MOZ,51.342,237.342,CRUISING,,,,,42.57,,,GREEN,LOW,TRUE,,FALSE,,JRN_NDLS_DDN_01_20260902_161648,0.2313,1,1,0.4541,1,MEDIUM,Predicted Fog Visibility Risk (Speed cap 40.0 km/h),40,81.1,374.7,8:49:30,30,BASELINE_HISTORICAL_CALIBRATION,251.5,74.5
OBS_000251,8:50:00,7500,12017,ROUTE_NDLS_DDN_01,SYNTHETIC_SIMULATOR,OK,29.023771,77.701302,76.975,38,10.56,38,0,92.8,110,40,893.57,SEC_MTC_MOZ,,MTC,MOZ,51.025,237.025,CRUISING,,,,,42.73,,,GREEN,LOW,TRUE,,FALSE,,JRN_NDLS_DDN_01_20260902_161648,0.2313,1,1,0.4541,1,MEDIUM,Predicted Fog Visibility Risk (Speed cap 40.0 km/h),40,80.6,374.2,8:50:00,30,BASELINE_HISTORICAL_CALIBRATION,251,74
OBS_000252,8:50:30,7530,12017,ROUTE_NDLS_DDN_01,SYNTHETIC_SIMULATOR,OK,29.026557,77.701347,77.292,38,10.56,38,0,92.8,110,40,890.81,SEC_MTC_MOZ,,MTC,MOZ,50.708,236.708,CRUISING,,,,,42.89,,,GREEN,LOW,TRUE,,FALSE,,JRN_NDLS_DDN_01_20260902_161648,0.2313,1,1,0.4541,1,MEDIUM,Predicted Fog Visibility Risk (Speed cap 40.0 km/h),40,80.1,373.7,8:50:30,30,BASELINE_HISTORICAL_CALIBRATION,250.5,73.5
OBS_000253,8:51:00,7560,12017,ROUTE_NDLS_DDN_01,SYNTHETIC_SIMULATOR,OK,29.029343,77.701391,77.608,38,10.56,38,0,92.8,110,40,888.04,SEC_MTC_MOZ,,MTC,MOZ,50.392,236.392,CRUISING,,,,,43.05,,,GREEN,LOW,TRUE,,FALSE,,JRN_NDLS_DDN_01_20260902_161648,0.2313,1,1,0.4541,1,MEDIUM,Predicted Fog Visibility Risk (Speed cap 40.0 km/h),40,79.6,373.2,8:51:00,30,BASELINE_HISTORICAL_CALIBRATION,250,73
OBS_000254,8:51:30,7590,12017,ROUTE_NDLS_DDN_01,SYNTHETIC_SIMULATOR,OK,29.032129,77.701436,77.925,38,10.56,38,0,92.8,110,40,885.26,SEC_MTC_MOZ,,MTC,MOZ,50.075,236.075,CRUISING,,,,,43.21,,,GREEN,LOW,TRUE,,FALSE,,JRN_NDLS_DDN_01_20260902_161648,0.2313,1,1,0.4541,1,MEDIUM,Predicted Fog Visibility Risk (Speed cap 40.0 km/h),40,79.1,372.7,8:51:30,30,BASELINE_HISTORICAL_CALIBRATION,249.5,72.5
OBS_000255,8:52:00,7620,12017,ROUTE_NDLS_DDN_01,SYNTHETIC_SIMULATOR,OK,29.034916,77.701481,78.242,38,10.56,38,0,92.8,110,40,882.48,SEC_MTC_MOZ,,MTC,MOZ,49.758,235.758,CRUISING,,,,,43.37,,,GREEN,LOW,TRUE,,FALSE,,JRN_NDLS_DDN_01_20260902_161648,0.2313,1,1,0.4541,1,MEDIUM,Predicted Fog Visibility Risk (Speed cap 40.0 km/h),40,78.6,372.2,8:52:00,30,BASELINE_HISTORICAL_CALIBRATION,249,72
OBS_000256,8:52:30,7650,12017,ROUTE_NDLS_DDN_01,SYNTHETIC_SIMULATOR,OK,29.037702,77.701525,78.558,38,10.56,38,0,92.8,110,40,879.68,SEC_MTC_MOZ,,MTC,MOZ,49.442,235.442,CRUISING,,,,,43.53,,,GREEN,LOW,TRUE,,FALSE,,JRN_NDLS_DDN_01_20260902_161648,0.2313,1,1,0.4541,1,MEDIUM,Predicted Fog Visibility Risk (Speed cap 40.0 km/h),40,78.1,371.7,8:52:30,30,BASELINE_HISTORICAL_CALIBRATION,248.5,71.5
OBS_000257,8:53:00,7680,12017,ROUTE_NDLS_DDN_01,SYNTHETIC_SIMULATOR,OK,29.040488,77.70157,78.875,38,10.56,38,0,92.8,110,40,876.88,SEC_MTC_MOZ,,MTC,MOZ,49.125,235.125,CRUISING,,,,,43.69,,,GREEN,LOW,TRUE,,FALSE,,JRN_NDLS_DDN_01_20260902_161648,0.2313,1,1,0.4541,1,MEDIUM,Predicted Fog Visibility Risk (Speed cap 40.0 km/h),40,77.6,371.2,8:53:00,30,BASELINE_HISTORICAL_CALIBRATION,248,71
OBS_000258,8:53:30,7710,12017,ROUTE_NDLS_DDN_01,SYNTHETIC_SIMULATOR,OK,29.043274,77.701615,79.192,38,10.56,38,0,92.8,110,40,874.07,SEC_MTC_MOZ,,MTC,MOZ,48.808,234.808,CRUISING,,,,,43.85,,,GREEN,LOW,TRUE,,FALSE,,JRN_NDLS_DDN_01_20260902_161648,0.2313,1,1,0.4541,1,MEDIUM,Predicted Fog Visibility Risk (Speed cap 40.0 km/h),40,77.1,370.7,8:53:30,30,BASELINE_HISTORICAL_CALIBRATION,247.5,70.5
OBS_000259,8:54:00,7740,12017,ROUTE_NDLS_DDN_01,SYNTHETIC_SIMULATOR,OK,29.04606,77.701659,79.508,38,10.56,38,0,92.8,110,40,871.24,SEC_MTC_MOZ,,MTC,MOZ,48.492,234.492,CRUISING,,,,,44.01,,,GREEN,LOW,TRUE,,FALSE,,JRN_NDLS_DDN_01_20260902_161648,0.2313,1,1,0.4541,1,MEDIUM,Predicted Fog Visibility Risk (Speed cap 40.0 km/h),40,76.6,370.2,8:54:00,30,BASELINE_HISTORICAL_CALIBRATION,247,70
OBS_000260,8:54:30,7770,12017,ROUTE_NDLS_DDN_01,SYNTHETIC_SIMULATOR,OK,29.048846,77.701704,79.825,38,10.56,38,0,92.8,110,40,868.41,SEC_MTC_MOZ,,MTC,MOZ,48.175,234.175,CRUISING,,,,,44.17,,,GREEN,LOW,TRUE,,FALSE,,JRN_NDLS_DDN_01_20260902_161648,0.2313,1,1,0.4541,1,MEDIUM,Predicted Fog Visibility Risk (Speed cap 40.0 km/h),40,76.1,369.7,8:54:30,30,BASELINE_HISTORICAL_CALIBRATION,246.5,69.5
OBS_000261,8:55:00,7800,12017,ROUTE_NDLS_DDN_01,SYNTHETIC_SIMULATOR,OK,29.051632,77.701749,80.142,38,10.56,38,0,92.8,110,40,865.57,SEC_MTC_MOZ,,MTC,MOZ,47.858,233.858,CRUISING,,,,,44.33,,,GREEN,LOW,TRUE,,FALSE,,JRN_NDLS_DDN_01_20260902_161648,0.2313,1,1,0.4541,1,MEDIUM,Predicted Fog Visibility Risk (Speed cap 40.0 km/h),40,75.6,369.2,8:55:00,30,BASELINE_HISTORICAL_CALIBRATION,246,69
OBS_000262,8:55:30,7830,12017,ROUTE_NDLS_DDN_01,SYNTHETIC_SIMULATOR,OK,29.054418,77.701793,80.458,38,10.56,38,0,92.8,110,40,862.72,SEC_MTC_MOZ,,MTC,MOZ,47.542,233.542,CRUISING,,,,,44.49,,,GREEN,LOW,TRUE,,FALSE,,JRN_NDLS_DDN_01_20260902_161648,0.2313,1,1,0.4541,1,MEDIUM,Predicted Fog Visibility Risk (Speed cap 40.0 km/h),40,75.1,368.7,8:55:30,30,BASELINE_HISTORICAL_CALIBRATION,245.5,68.5
OBS_000263,8:56:00,7860,12017,ROUTE_NDLS_DDN_01,SYNTHETIC_SIMULATOR,OK,29.057204,77.701838,80.775,38,10.56,38,0,92.8,110,40,859.87,SEC_MTC_MOZ,,MTC,MOZ,47.225,233.225,CRUISING,,,,,44.65,,,GREEN,LOW,TRUE,,FALSE,,JRN_NDLS_DDN_01_20260902_161648,0.2313,1,1,0.4541,1,MEDIUM,Predicted Fog Visibility Risk (Speed cap 40.0 km/h),40,74.6,368.2,8:56:00,30,BASELINE_HISTORICAL_CALIBRATION,245,68
OBS_000264,8:56:30,7890,12017,ROUTE_NDLS_DDN_01,SYNTHETIC_SIMULATOR,OK,29.05999,77.701883,81.092,38,10.56,38,0,92.8,110,40,857,SEC_MTC_MOZ,,MTC,MOZ,46.908,232.908,CRUISING,,,,,44.81,,,GREEN,LOW,TRUE,,FALSE,,JRN_NDLS_DDN_01_20260902_161648,0.2313,1,1,0.4541,1,MEDIUM,Predicted Fog Visibility Risk (Speed cap 40.0 km/h),40,74.1,367.7,8:56:30,30,BASELINE_HISTORICAL_CALIBRATION,244.5,67.5
OBS_000265,8:57:00,7920,12017,ROUTE_NDLS_DDN_01,SYNTHETIC_SIMULATOR,OK,29.062777,77.701927,81.408,38,10.56,38,0,92.8,110,40,854.12,SEC_MTC_MOZ,,MTC,MOZ,46.592,232.592,CRUISING,,,,,44.97,,,GREEN,LOW,TRUE,,FALSE,,JRN_NDLS_DDN_01_20260902_161648,0.2313,1,1,0.4541,1,MEDIUM,Predicted Fog Visibility Risk (Speed cap 40.0 km/h),40,73.6,367.2,8:57:00,30,BASELINE_HISTORICAL_CALIBRATION,244,67
OBS_000266,8:57:30,7950,12017,ROUTE_NDLS_DDN_01,SYNTHETIC_SIMULATOR,OK,29.065563,77.701972,81.725,38,10.56,38,0,92.8,110,40,851.23,SEC_MTC_MOZ,,MTC,MOZ,46.275,232.275,CRUISING,,,,,45.13,,,GREEN,LOW,TRUE,,FALSE,,JRN_NDLS_DDN_01_20260902_161648,0.2313,1,1,0.4541,1,MEDIUM,Predicted Fog Visibility Risk (Speed cap 40.0 km/h),40,73.1,366.7,8:57:30,30,BASELINE_HISTORICAL_CALIBRATION,243.5,66.5
OBS_000267,8:58:00,7980,12017,ROUTE_NDLS_DDN_01,SYNTHETIC_SIMULATOR,OK,29.068349,77.702017,82.042,38,10.56,38,0,92.8,110,40,848.33,SEC_MTC_MOZ,,MTC,MOZ,45.958,231.958,CRUISING,,,,,45.29,,,GREEN,LOW,TRUE,,FALSE,,JRN_NDLS_DDN_01_20260902_161648,0.2313,1,1,0.4541,1,MEDIUM,Predicted Fog Visibility Risk (Speed cap 40.0 km/h),40,72.6,366.2,8:58:00,30,BASELINE_HISTORICAL_CALIBRATION,243,66
OBS_000268,8:58:30,8010,12017,ROUTE_NDLS_DDN_01,SYNTHETIC_SIMULATOR,OK,29.071135,77.702061,82.358,38,10.56,38,0,92.8,110,40,845.43,SEC_MTC_MOZ,,MTC,MOZ,45.642,231.642,CRUISING,,,,,45.45,,,GREEN,LOW,TRUE,,FALSE,,JRN_NDLS_DDN_01_20260902_161648,0.2313,1,1,0.4541,1,MEDIUM,Predicted Fog Visibility Risk (Speed cap 40.0 km/h),40,72.1,365.7,8:58:30,30,BASELINE_HISTORICAL_CALIBRATION,242.5,65.5
OBS_000269,8:59:00,8040,12017,ROUTE_NDLS_DDN_01,SYNTHETIC_SIMULATOR,OK,29.073921,77.702106,82.675,38,10.56,38,0,92.8,110,40,842.51,SEC_MTC_MOZ,,MTC,MOZ,45.325,231.325,CRUISING,,,,,45.61,,,GREEN,LOW,TRUE,,FALSE,,JRN_NDLS_DDN_01_20260902_161648,0.2313,1,1,0.4541,1,MEDIUM,Predicted Fog Visibility Risk (Speed cap 40.0 km/h),40,71.6,365.2,8:59:00,30,BASELINE_HISTORICAL_CALIBRATION,242,65
OBS_000270,8:59:30,8070,12017,ROUTE_NDLS_DDN_01,SYNTHETIC_SIMULATOR,OK,29.076707,77.702151,82.992,38,10.56,38,0,92.8,110,40,839.58,SEC_MTC_MOZ,,MTC,MOZ,45.008,231.008,CRUISING,,,,,45.77,,,GREEN,LOW,TRUE,,FALSE,,JRN_NDLS_DDN_01_20260902_161648,0.2313,1,1,0.4541,1,MEDIUM,Predicted Fog Visibility Risk (Speed cap 40.0 km/h),40,71.1,364.7,8:59:30,30,BASELINE_HISTORICAL_CALIBRATION,241.5,64.5
OBS_000271,9:00:00,8100,12017,ROUTE_NDLS_DDN_01,SYNTHETIC_SIMULATOR,OK,29.079493,77.702195,83.308,38,10.56,38,0,92.8,110,40,836.64,SEC_MTC_MOZ,,MTC,MOZ,44.692,230.692,CRUISING,,,,,45.93,,,GREEN,LOW,TRUE,,FALSE,,JRN_NDLS_DDN_01_20260902_161648,0.2257,1,1,0.4541,1,MEDIUM,Predicted Fog Visibility Risk (Speed cap 40.0 km/h),40,70.6,364.2,9:00:00,30,BASELINE_HISTORICAL_CALIBRATION,241,64
OBS_000272,9:00:30,8130,12017,ROUTE_NDLS_DDN_01,SYNTHETIC_SIMULATOR,OK,29.082279,77.70224,83.625,38,10.56,38,0,92.8,110,40,833.69,SEC_MTC_MOZ,,MTC,MOZ,44.375,230.375,CRUISING,,,,,46.09,,,GREEN,LOW,TRUE,,FALSE,,JRN_NDLS_DDN_01_20260902_161648,0.2257,1,1,0.4541,1,MEDIUM,Predicted Fog Visibility Risk (Speed cap 40.0 km/h),40,70.1,363.7,9:00:30,30,BASELINE_HISTORICAL_CALIBRATION,240.5,63.5
OBS_000273,9:01:00,8160,12017,ROUTE_NDLS_DDN_01,SYNTHETIC_SIMULATOR,OK,29.085065,77.702285,83.942,38,10.56,38,0,92.8,110,40,830.73,SEC_MTC_MOZ,,MTC,MOZ,44.058,230.058,CRUISING,,,,,46.25,,,GREEN,LOW,TRUE,,FALSE,,JRN_NDLS_DDN_01_20260902_161648,0.2257,1,1,0.4541,1,MEDIUM,Predicted Fog Visibility Risk (Speed cap 40.0 km/h),40,69.6,363.2,9:01:00,30,BASELINE_HISTORICAL_CALIBRATION,240,63
OBS_000274,9:01:30,8190,12017,ROUTE_NDLS_DDN_01,SYNTHETIC_SIMULATOR,OK,29.087851,77.702329,84.258,38,10.56,38,0,92.8,110,40,827.77,SEC_MTC_MOZ,,MTC,MOZ,43.742,229.742,CRUISING,,,,,46.41,,,GREEN,LOW,TRUE,,FALSE,,JRN_NDLS_DDN_01_20260902_161648,0.2257,1,1,0.4541,1,MEDIUM,Predicted Fog Visibility Risk (Speed cap 40.0 km/h),40,69.1,362.7,9:01:30,30,BASELINE_HISTORICAL_CALIBRATION,239.5,62.5
OBS_000275,9:02:00,8220,12017,ROUTE_NDLS_DDN_01,SYNTHETIC_SIMULATOR,OK,29.090638,77.702374,84.575,38,10.56,38,0,92.8,110,40,824.79,SEC_MTC_MOZ,,MTC,MOZ,43.425,229.425,CRUISING,,,,,46.57,,,GREEN,LOW,TRUE,,FALSE,,JRN_NDLS_DDN_01_20260902_161648,0.2257,1,1,0.4541,1,MEDIUM,Predicted Fog Visibility Risk (Speed cap 40.0 km/h),40,68.6,362.2,9:02:00,30,BASELINE_HISTORICAL_CALIBRATION,239,62
OBS_000276,9:02:30,8250,12017,ROUTE_NDLS_DDN_01,SYNTHETIC_SIMULATOR,OK,29.093424,77.702419,84.892,38,10.56,38,0,92.8,110,40,821.79,SEC_MTC_MOZ,,MTC,MOZ,43.108,229.108,CRUISING,,,,,46.73,,,GREEN,LOW,TRUE,,FALSE,,JRN_NDLS_DDN_01_20260902_161648,0.2257,1,1,0.4541,1,MEDIUM,Predicted Fog Visibility Risk (Speed cap 40.0 km/h),40,68.1,361.7,9:02:30,30,BASELINE_HISTORICAL_CALIBRATION,238.5,61.5
OBS_000277,9:03:00,8280,12017,ROUTE_NDLS_DDN_01,SYNTHETIC_SIMULATOR,OK,29.09621,77.702463,85.208,38,10.56,38,0,92.8,110,40,818.79,SEC_MTC_MOZ,,MTC,MOZ,42.792,228.792,CRUISING,,,,,46.89,,,GREEN,LOW,TRUE,,FALSE,,JRN_NDLS_DDN_01_20260902_161648,0.2257,1,1,0.4541,1,MEDIUM,Predicted Fog Visibility Risk (Speed cap 40.0 km/h),40,67.6,361.2,9:03:00,30,BASELINE_HISTORICAL_CALIBRATION,238,61
OBS_000278,9:03:30,8310,12017,ROUTE_NDLS_DDN_01,SYNTHETIC_SIMULATOR,OK,29.098996,77.702508,85.525,38,10.56,38,0,92.8,110,40,815.78,SEC_MTC_MOZ,,MTC,MOZ,42.475,228.475,CRUISING,,,,,47.05,,,GREEN,LOW,TRUE,,FALSE,,JRN_NDLS_DDN_01_20260902_161648,0.2257,1,1,0.4541,1,MEDIUM,Predicted Fog Visibility Risk (Speed cap 40.0 km/h),40,67.1,360.7,9:03:30,30,BASELINE_HISTORICAL_CALIBRATION,237.5,60.5
OBS_000279,9:04:00,8340,12017,ROUTE_NDLS_DDN_01,SYNTHETIC_SIMULATOR,OK,29.101782,77.702553,85.842,38,10.56,38,0,92.8,110,40,812.76,SEC_MTC_MOZ,,MTC,MOZ,42.158,228.158,CRUISING,,,,,47.21,,,GREEN,LOW,TRUE,,FALSE,,JRN_NDLS_DDN_01_20260902_161648,0.2257,1,1,0.4541,1,MEDIUM,Predicted Fog Visibility Risk (Speed cap 40.0 km/h),40,66.6,360.2,9:04:00,30,BASELINE_HISTORICAL_CALIBRATION,237,60
OBS_000280,9:04:30,8370,12017,ROUTE_NDLS_DDN_01,SYNTHETIC_SIMULATOR,OK,29.104568,77.702597,86.158,38,10.56,38,0,92.8,110,40,809.72,SEC_MTC_MOZ,,MTC,MOZ,41.842,227.842,CRUISING,,,,,47.37,,,GREEN,LOW,TRUE,,FALSE,,JRN_NDLS_DDN_01_20260902_161648,0.2257,1,1,0.4541,1,MEDIUM,Predicted Fog Visibility Risk (Speed cap 40.0 km/h),40,66.1,359.7,9:04:30,30,BASELINE_HISTORICAL_CALIBRATION,236.5,59.5
OBS_000281,9:05:00,8400,12017,ROUTE_NDLS_DDN_01,SYNTHETIC_SIMULATOR,OK,29.107354,77.702642,86.475,38,10.56,38,0,92.8,110,40,806.67,SEC_MTC_MOZ,,MTC,MOZ,41.525,227.525,CRUISING,,,,,47.53,,,GREEN,LOW,TRUE,,FALSE,,JRN_NDLS_DDN_01_20260902_161648,0.2257,1,1,0.4541,1,MEDIUM,Predicted Fog Visibility Risk (Speed cap 40.0 km/h),40,65.6,359.2,9:05:00,30,BASELINE_HISTORICAL_CALIBRATION,236,59
OBS_000282,9:05:30,8430,12017,ROUTE_NDLS_DDN_01,SYNTHETIC_SIMULATOR,OK,29.11014,77.702687,86.792,38,10.56,38,0,92.8,110,40,803.61,SEC_MTC_MOZ,,MTC,MOZ,41.208,227.208,CRUISING,,,,,47.69,,,GREEN,LOW,TRUE,,FALSE,,JRN_NDLS_DDN_01_20260902_161648,0.2257,1,1,0.4541,1,MEDIUM,Predicted Fog Visibility Risk (Speed cap 40.0 km/h),40,65.1,358.7,9:05:30,30,BASELINE_HISTORICAL_CALIBRATION,235.5,58.5
OBS_000283,9:06:00,8460,12017,ROUTE_NDLS_DDN_01,SYNTHETIC_SIMULATOR,OK,29.112926,77.702731,87.108,38,10.56,38,0,92.8,110,40,800.54,SEC_MTC_MOZ,,MTC,MOZ,40.892,226.892,CRUISING,,,,,47.85,,,GREEN,LOW,TRUE,,FALSE,,JRN_NDLS_DDN_01_20260902_161648,0.2257,1,1,0.4541,1,MEDIUM,Predicted Fog Visibility Risk (Speed cap 40.0 km/h),40,64.6,358.2,9:06:00,30,BASELINE_HISTORICAL_CALIBRATION,235,58
OBS_000284,9:06:30,8490,12017,ROUTE_NDLS_DDN_01,SYNTHETIC_SIMULATOR,OK,29.115712,77.702776,87.425,38,10.56,38,0,92.8,110,40,797.46,SEC_MTC_MOZ,,MTC,MOZ,40.575,226.575,CRUISING,,,,,48.01,,,GREEN,LOW,TRUE,,FALSE,,JRN_NDLS_DDN_01_20260902_161648,0.2257,1,1,0.4541,1,MEDIUM,Predicted Fog Visibility Risk (Speed cap 40.0 km/h),40,64.1,357.7,9:06:30,30,BASELINE_HISTORICAL_CALIBRATION,234.5,57.5
OBS_000285,9:07:00,8520,12017,ROUTE_NDLS_DDN_01,SYNTHETIC_SIMULATOR,OK,29.118499,77.702821,87.742,38,10.56,38,0,92.8,110,40,794.37,SEC_MTC_MOZ,,MTC,MOZ,40.258,226.258,CRUISING,,,,,48.17,,,GREEN,LOW,TRUE,,FALSE,,JRN_NDLS_DDN_01_20260902_161648,0.2257,1,1,0.4541,1,MEDIUM,Predicted Fog Visibility Risk (Speed cap 40.0 km/h),40,63.6,357.2,9:07:00,30,BASELINE_HISTORICAL_CALIBRATION,234,57
OBS_000286,9:07:30,8550,12017,ROUTE_NDLS_DDN_01,SYNTHETIC_SIMULATOR,OK,29.121285,77.702865,88.058,38,10.56,38,0,92.8,110,40,791.26,SEC_MTC_MOZ,,MTC,MOZ,39.942,225.942,CRUISING,,,,,48.33,,,GREEN,LOW,TRUE,,FALSE,,JRN_NDLS_DDN_01_20260902_161648,0.2257,1,1,0.4541,1,MEDIUM,Predicted Fog Visibility Risk (Speed cap 40.0 km/h),40,63.1,356.7,9:07:30,30,BASELINE_HISTORICAL_CALIBRATION,233.5,56.5
OBS_000287,9:08:00,8580,12017,ROUTE_NDLS_DDN_01,SYNTHETIC_SIMULATOR,OK,29.124071,77.70291,88.375,38,10.56,38,0,92.8,110,40,788.15,SEC_MTC_MOZ,,MTC,MOZ,39.625,225.625,CRUISING,,,,,48.49,,,GREEN,LOW,TRUE,,FALSE,,JRN_NDLS_DDN_01_20260902_161648,0.2257,1,1,0.4541,1,MEDIUM,Predicted Fog Visibility Risk (Speed cap 40.0 km/h),40,62.6,356.2,9:08:00,30,BASELINE_HISTORICAL_CALIBRATION,233,56
OBS_000288,9:08:30,8610,12017,ROUTE_NDLS_DDN_01,SYNTHETIC_SIMULATOR,OK,29.126857,77.702955,88.692,38,10.56,38,0,92.8,110,40,785.01,SEC_MTC_MOZ,,MTC,MOZ,39.308,225.308,CRUISING,,,,,48.65,,,GREEN,LOW,TRUE,,FALSE,,JRN_NDLS_DDN_01_20260902_161648,0.2257,1,1,0.4541,1,MEDIUM,Predicted Fog Visibility Risk (Speed cap 40.0 km/h),40,62.1,355.7,9:08:30,30,BASELINE_HISTORICAL_CALIBRATION,232.5,55.5
OBS_000289,9:09:00,8640,12017,ROUTE_NDLS_DDN_01,SYNTHETIC_SIMULATOR,OK,29.129643,77.702999,89.008,38,10.56,38,0,92.8,110,40,781.87,SEC_MTC_MOZ,,MTC,MOZ,38.992,224.992,CRUISING,,,,,48.81,,,GREEN,LOW,TRUE,,FALSE,,JRN_NDLS_DDN_01_20260902_161648,0.2257,1,1,0.4541,1,MEDIUM,Predicted Fog Visibility Risk (Speed cap 40.0 km/h),40,61.6,355.2,9:09:00,30,BASELINE_HISTORICAL_CALIBRATION,232,55
OBS_000290,9:09:30,8670,12017,ROUTE_NDLS_DDN_01,SYNTHETIC_SIMULATOR,OK,29.132429,77.703044,89.325,38,10.56,38,0,92.8,110,40,778.72,SEC_MTC_MOZ,,MTC,MOZ,38.675,224.675,CRUISING,,,,,48.97,,,GREEN,LOW,TRUE,,FALSE,,JRN_NDLS_DDN_01_20260902_161648,0.2257,1,1,0.4541,1,MEDIUM,Predicted Fog Visibility Risk (Speed cap 40.0 km/h),40,61.1,354.7,9:09:30,30,BASELINE_HISTORICAL_CALIBRATION,231.5,54.5
OBS_000291,9:10:00,8700,12017,ROUTE_NDLS_DDN_01,SYNTHETIC_SIMULATOR,OK,29.135215,77.703089,89.642,38,10.56,38,0,92.8,110,40,775.55,SEC_MTC_MOZ,,MTC,MOZ,38.358,224.358,CRUISING,,,,,49.13,,,GREEN,LOW,TRUE,,FALSE,,JRN_NDLS_DDN_01_20260902_161648,0.2257,1,1,0.4541,1,MEDIUM,Predicted Fog Visibility Risk (Speed cap 40.0 km/h),40,60.6,354.2,9:10:00,30,BASELINE_HISTORICAL_CALIBRATION,231,54
OBS_000292,9:10:30,8730,12017,ROUTE_NDLS_DDN_01,SYNTHETIC_SIMULATOR,OK,29.138001,77.703133,89.958,38,10.56,38,0,92.8,110,40,772.37,SEC_MTC_MOZ,,MTC,MOZ,38.042,224.042,CRUISING,,,,,49.29,,,GREEN,LOW,TRUE,,FALSE,,JRN_NDLS_DDN_01_20260902_161648,0.2257,1,1,0.4541,1,MEDIUM,Predicted Fog Visibility Risk (Speed cap 40.0 km/h),40,60.1,353.7,9:10:30,30,BASELINE_HISTORICAL_CALIBRATION,230.5,53.5
OBS_000293,9:11:00,8760,12017,ROUTE_NDLS_DDN_01,SYNTHETIC_SIMULATOR,OK,29.140787,77.703178,90.275,38,10.56,38,0,92.8,110,40,769.17,SEC_MTC_MOZ,,MTC,MOZ,37.725,223.725,CRUISING,,,,,49.45,,,GREEN,LOW,TRUE,,FALSE,,JRN_NDLS_DDN_01_20260902_161648,0.2257,1,1,0.4541,1,MEDIUM,Predicted Fog Visibility Risk (Speed cap 40.0 km/h),40,59.6,353.2,9:11:00,30,BASELINE_HISTORICAL_CALIBRATION,230,53
OBS_000294,9:11:30,8790,12017,ROUTE_NDLS_DDN_01,SYNTHETIC_SIMULATOR,OK,29.143573,77.703223,90.592,38,10.56,38,0,92.8,110,40,765.96,SEC_MTC_MOZ,,MTC,MOZ,37.408,223.408,CRUISING,,,,,49.61,,,GREEN,LOW,TRUE,,FALSE,,JRN_NDLS_DDN_01_20260902_161648,0.2257,1,1,0.4541,1,MEDIUM,Predicted Fog Visibility Risk (Speed cap 40.0 km/h),40,59.1,352.7,9:11:30,30,BASELINE_HISTORICAL_CALIBRATION,229.5,52.5
OBS_000295,9:12:00,8820,12017,ROUTE_NDLS_DDN_01,SYNTHETIC_SIMULATOR,OK,29.14636,77.703267,90.908,38,10.56,38,0,92.8,110,40,762.74,SEC_MTC_MOZ,,MTC,MOZ,37.092,223.092,CRUISING,,,,,49.77,,,GREEN,LOW,TRUE,,FALSE,,JRN_NDLS_DDN_01_20260902_161648,0.2257,1,1,0.4541,1,MEDIUM,Predicted Fog Visibility Risk (Speed cap 40.0 km/h),40,58.6,352.2,9:12:00,30,BASELINE_HISTORICAL_CALIBRATION,229,52
OBS_000296,9:12:30,8850,12017,ROUTE_NDLS_DDN_01,SYNTHETIC_SIMULATOR,OK,29.149146,77.703312,91.225,38,10.56,38,0,92.8,110,40,759.51,SEC_MTC_MOZ,,MTC,MOZ,36.775,222.775,CRUISING,,,,,49.93,,,GREEN,LOW,TRUE,,FALSE,,JRN_NDLS_DDN_01_20260902_161648,0.2257,1,1,0.4541,1,MEDIUM,Predicted Fog Visibility Risk (Speed cap 40.0 km/h),40,58.1,351.7,9:12:30,30,BASELINE_HISTORICAL_CALIBRATION,228.5,51.5
OBS_000297,9:13:00,8880,12017,ROUTE_NDLS_DDN_01,SYNTHETIC_SIMULATOR,OK,29.151932,77.703357,91.542,38,10.56,38,0,92.8,110,40,756.26,SEC_MTC_MOZ,,MTC,MOZ,36.458,222.458,CRUISING,,,,,50.09,,,GREEN,LOW,TRUE,,FALSE,,JRN_NDLS_DDN_01_20260902_161648,0.2257,1,1,0.4541,1,MEDIUM,Predicted Fog Visibility Risk (Speed cap 40.0 km/h),40,57.6,351.2,9:13:00,30,BASELINE_HISTORICAL_CALIBRATION,228,51
OBS_000298,9:13:30,8910,12017,ROUTE_NDLS_DDN_01,SYNTHETIC_SIMULATOR,OK,29.154718,77.703401,91.858,38,10.56,38,0,92.8,110,40,752.99,SEC_MTC_MOZ,,MTC,MOZ,36.142,222.142,CRUISING,,,,,50.25,,,GREEN,LOW,TRUE,,FALSE,,JRN_NDLS_DDN_01_20260902_161648,0.2257,1,1,0.4541,1,MEDIUM,Predicted Fog Visibility Risk (Speed cap 40.0 km/h),40,57.1,350.7,9:13:30,30,BASELINE_HISTORICAL_CALIBRATION,227.5,50.5
OBS_000299,9:14:00,8940,12017,ROUTE_NDLS_DDN_01,SYNTHETIC_SIMULATOR,OK,29.157504,77.703446,92.175,38,10.56,38,0,92.8,110,40,749.72,SEC_MTC_MOZ,,MTC,MOZ,35.825,221.825,CRUISING,,,,,50.41,,,GREEN,LOW,TRUE,,FALSE,,JRN_NDLS_DDN_01_20260902_161648,0.2257,1,1,0.4541,1,MEDIUM,Predicted Fog Visibility Risk (Speed cap 40.0 km/h),40,56.6,350.2,9:14:00,30,BASELINE_HISTORICAL_CALIBRATION,227,50
OBS_000300,9:14:30,8970,12017,ROUTE_NDLS_DDN_01,SYNTHETIC_SIMULATOR,OK,29.16029,77.703491,92.492,38,10.56,38,0,92.8,110,40,746.43,SEC_MTC_MOZ,,MTC,MOZ,35.508,221.508,CRUISING,,,,,50.57,,,GREEN,LOW,TRUE,,FALSE,,JRN_NDLS_DDN_01_20260902_161648,0.2257,1,1,0.4541,1,MEDIUM,Predicted Fog Visibility Risk (Speed cap 40.0 km/h),40,56.1,349.7,9:14:30,30,BASELINE_HISTORICAL_CALIBRATION,226.5,49.5
OBS_000301,9:15:00,9000,12017,ROUTE_NDLS_DDN_01,SYNTHETIC_SIMULATOR,OK,29.163076,77.703535,92.808,38,10.56,38,0,92.8,110,40,743.12,SEC_MTC_MOZ,,MTC,MOZ,35.192,221.192,CRUISING,,,,,50.73,,,GREEN,LOW,TRUE,,FALSE,,JRN_NDLS_DDN_01_20260902_161648,0.2257,1,1,0.4541,1,MEDIUM,Predicted Fog Visibility Risk (Speed cap 40.0 km/h),40,55.6,349.2,9:15:00,30,BASELINE_HISTORICAL_CALIBRATION,226,49
OBS_000302,9:15:30,9030,12017,ROUTE_NDLS_DDN_01,SYNTHETIC_SIMULATOR,OK,29.165862,77.70358,93.125,38,10.56,38,0,92.8,110,40,739.8,SEC_MTC_MOZ,,MTC,MOZ,34.875,220.875,CRUISING,,,,,50.89,,,GREEN,LOW,TRUE,,FALSE,,JRN_NDLS_DDN_01_20260902_161648,0.2257,1,1,0.4541,1,MEDIUM,Predicted Fog Visibility Risk (Speed cap 40.0 km/h),40,55.1,348.7,9:15:30,30,BASELINE_HISTORICAL_CALIBRATION,225.5,48.5
OBS_000303,9:16:00,9060,12017,ROUTE_NDLS_DDN_01,SYNTHETIC_SIMULATOR,OK,29.168648,77.703625,93.442,38,10.56,38,0,92.8,110,40,736.46,SEC_MTC_MOZ,,MTC,MOZ,34.558,220.558,CRUISING,,,,,51.05,,,GREEN,LOW,TRUE,,FALSE,,JRN_NDLS_DDN_01_20260902_161648,0.2257,1,1,0.4541,1,MEDIUM,Predicted Fog Visibility Risk (Speed cap 40.0 km/h),40,54.6,348.2,9:16:00,30,BASELINE_HISTORICAL_CALIBRATION,225,48
OBS_000304,9:16:30,9090,12017,ROUTE_NDLS_DDN_01,SYNTHETIC_SIMULATOR,OK,29.171434,77.703669,93.758,38,10.56,38,0,92.8,110,40,733.11,SEC_MTC_MOZ,,MTC,MOZ,34.242,220.242,CRUISING,,,,,51.21,,,GREEN,LOW,TRUE,,FALSE,,JRN_NDLS_DDN_01_20260902_161648,0.2257,1,1,0.4541,1,MEDIUM,Predicted Fog Visibility Risk (Speed cap 40.0 km/h),40,54.1,347.7,9:16:30,30,BASELINE_HISTORICAL_CALIBRATION,224.5,47.5
OBS_000305,9:17:00,9120,12017,ROUTE_NDLS_DDN_01,SYNTHETIC_SIMULATOR,OK,29.174221,77.703714,94.075,38,10.56,38,0,92.8,110,40,729.74,SEC_MTC_MOZ,,MTC,MOZ,33.925,219.925,CRUISING,,,,,51.37,,,GREEN,LOW,TRUE,,FALSE,,JRN_NDLS_DDN_01_20260902_161648,0.2257,1,1,0.4541,1,MEDIUM,Predicted Fog Visibility Risk (Speed cap 40.0 km/h),40,53.6,347.2,9:17:00,30,BASELINE_HISTORICAL_CALIBRATION,224,47
OBS_000306,9:17:30,9150,12017,ROUTE_NDLS_DDN_01,SYNTHETIC_SIMULATOR,OK,29.177007,77.703759,94.392,38,10.56,38,0,92.8,110,40,726.36,SEC_MTC_MOZ,,MTC,MOZ,33.608,219.608,CRUISING,,,,,51.53,,,GREEN,LOW,TRUE,,FALSE,,JRN_NDLS_DDN_01_20260902_161648,0.2257,1,1,0.4541,1,MEDIUM,Predicted Fog Visibility Risk (Speed cap 40.0 km/h),40,53.1,346.7,9:17:30,30,BASELINE_HISTORICAL_CALIBRATION,223.5,46.5
OBS_000307,9:18:00,9180,12017,ROUTE_NDLS_DDN_01,SYNTHETIC_SIMULATOR,OK,29.179793,77.703803,94.708,38,10.56,38,0,92.8,110,40,722.96,SEC_MTC_MOZ,,MTC,MOZ,33.292,219.292,CRUISING,,,,,51.69,,,GREEN,LOW,TRUE,,FALSE,,JRN_NDLS_DDN_01_20260902_161648,0.2257,1,1,0.4541,1,MEDIUM,Predicted Fog Visibility Risk (Speed cap 40.0 km/h),40,52.6,346.2,9:18:00,30,BASELINE_HISTORICAL_CALIBRATION,223,46
OBS_000308,9:18:30,9210,12017,ROUTE_NDLS_DDN_01,SYNTHETIC_SIMULATOR,OK,29.182579,77.703848,95.025,38,10.56,38,0,92.8,110,40,719.55,SEC_MTC_MOZ,,MTC,MOZ,32.975,218.975,CRUISING,,,,,51.85,,,GREEN,LOW,TRUE,,FALSE,,JRN_NDLS_DDN_01_20260902_161648,0.2257,1,1,0.4541,1,MEDIUM,Predicted Fog Visibility Risk (Speed cap 40.0 km/h),40,52.1,345.7,9:18:30,30,BASELINE_HISTORICAL_CALIBRATION,222.5,45.5
OBS_000309,9:19:00,9240,12017,ROUTE_NDLS_DDN_01,SYNTHETIC_SIMULATOR,OK,29.185365,77.703893,95.342,38,10.56,38,0,92.8,110,40,716.12,SEC_MTC_MOZ,,MTC,MOZ,32.658,218.658,CRUISING,,,,,52.01,,,GREEN,LOW,TRUE,,FALSE,,JRN_NDLS_DDN_01_20260902_161648,0.2257,1,1,0.4541,1,MEDIUM,Predicted Fog Visibility Risk (Speed cap 40.0 km/h),40,51.6,345.2,9:19:00,30,BASELINE_HISTORICAL_CALIBRATION,222,45
OBS_000310,9:19:30,9270,12017,ROUTE_NDLS_DDN_01,SYNTHETIC_SIMULATOR,OK,29.188151,77.703938,95.658,38,10.56,38,0,92.8,110,40,712.67,SEC_MTC_MOZ,,MTC,MOZ,32.342,218.342,CRUISING,,,,,52.17,,,GREEN,LOW,TRUE,,FALSE,,JRN_NDLS_DDN_01_20260902_161648,0.2257,1,1,0.4541,1,MEDIUM,Predicted Fog Visibility Risk (Speed cap 40.0 km/h),40,51.1,344.7,9:19:30,30,BASELINE_HISTORICAL_CALIBRATION,221.5,44.5
OBS_000311,9:20:00,9300,12017,ROUTE_NDLS_DDN_01,SYNTHETIC_SIMULATOR,OK,29.190937,77.703982,95.975,38,10.56,38,0,92.8,110,40,709.21,SEC_MTC_MOZ,,MTC,MOZ,32.025,218.025,CRUISING,,,,,52.33,,,GREEN,LOW,TRUE,,FALSE,,JRN_NDLS_DDN_01_20260902_161648,0.2257,1,1,0.4541,1,MEDIUM,Predicted Fog Visibility Risk (Speed cap 40.0 km/h),40,50.6,344.2,9:20:00,30,BASELINE_HISTORICAL_CALIBRATION,221,44
OBS_000312,9:20:30,9330,12017,ROUTE_NDLS_DDN_01,SYNTHETIC_SIMULATOR,OK,29.193723,77.704027,96.292,38,10.56,38,0,92.8,110,40,705.73,SEC_MTC_MOZ,,MTC,MOZ,31.708,217.708,CRUISING,,,,,52.49,,,GREEN,LOW,TRUE,,FALSE,,JRN_NDLS_DDN_01_20260902_161648,0.2257,1,1,0.4541,1,MEDIUM,Predicted Fog Visibility Risk (Speed cap 40.0 km/h),40,50.1,343.7,9:20:30,30,BASELINE_HISTORICAL_CALIBRATION,220.5,43.5
OBS_000313,9:21:00,9360,12017,ROUTE_NDLS_DDN_01,SYNTHETIC_SIMULATOR,OK,29.196509,77.704072,96.608,38,10.56,38,0,92.8,110,40,702.23,SEC_MTC_MOZ,,MTC,MOZ,31.392,217.392,CRUISING,,,,,52.66,,,GREEN,LOW,TRUE,,FALSE,,JRN_NDLS_DDN_01_20260902_161648,0.2257,1,1,0.4541,1,MEDIUM,Predicted Fog Visibility Risk (Speed cap 40.0 km/h),40,49.6,343.2,9:21:00,30,BASELINE_HISTORICAL_CALIBRATION,220,43
OBS_000314,9:21:30,9390,12017,ROUTE_NDLS_DDN_01,SYNTHETIC_SIMULATOR,OK,29.199295,77.704116,96.925,38,10.56,38,0,92.8,110,40,698.72,SEC_MTC_MOZ,,MTC,MOZ,31.075,217.075,CRUISING,,,,,52.82,,,GREEN,LOW,TRUE,,FALSE,,JRN_NDLS_DDN_01_20260902_161648,0.2257,1,1,0.4541,1,MEDIUM,Predicted Fog Visibility Risk (Speed cap 40.0 km/h),40,49.1,342.7,9:21:30,30,BASELINE_HISTORICAL_CALIBRATION,219.5,42.5
OBS_000315,9:22:00,9420,12017,ROUTE_NDLS_DDN_01,SYNTHETIC_SIMULATOR,OK,29.202082,77.704161,97.242,38,10.56,38,0,92.8,110,40,695.18,SEC_MTC_MOZ,,MTC,MOZ,30.758,216.758,CRUISING,,,,,52.98,,,GREEN,LOW,TRUE,,FALSE,,JRN_NDLS_DDN_01_20260902_161648,0.2257,1,1,0.4541,1,MEDIUM,Predicted Fog Visibility Risk (Speed cap 40.0 km/h),40,48.6,342.2,9:22:00,30,BASELINE_HISTORICAL_CALIBRATION,219,42
OBS_000316,9:22:30,9450,12017,ROUTE_NDLS_DDN_01,SYNTHETIC_SIMULATOR,OK,29.204868,77.704206,97.558,38,10.56,38,0,92.8,110,40,691.63,SEC_MTC_MOZ,,MTC,MOZ,30.442,216.442,CRUISING,,,,,53.14,,,GREEN,LOW,TRUE,,FALSE,,JRN_NDLS_DDN_01_20260902_161648,0.2257,1,1,0.4541,1,MEDIUM,Predicted Fog Visibility Risk (Speed cap 40.0 km/h),40,48.1,341.7,9:22:30,30,BASELINE_HISTORICAL_CALIBRATION,218.5,41.5
OBS_000317,9:23:00,9480,12017,ROUTE_NDLS_DDN_01,SYNTHETIC_SIMULATOR,OK,29.207654,77.70425,97.875,38,10.56,38,0,92.8,110,40,688.06,SEC_MTC_MOZ,,MTC,MOZ,30.125,216.125,CRUISING,,,,,53.3,,,GREEN,LOW,TRUE,,FALSE,,JRN_NDLS_DDN_01_20260902_161648,0.2257,1,1,0.4541,1,MEDIUM,Predicted Fog Visibility Risk (Speed cap 40.0 km/h),40,47.6,341.2,9:23:00,30,BASELINE_HISTORICAL_CALIBRATION,218,41
OBS_000318,9:23:30,9510,12017,ROUTE_NDLS_DDN_01,SYNTHETIC_SIMULATOR,OK,29.21044,77.704295,98.192,38,10.56,38,0,92.8,110,40,684.47,SEC_MTC_MOZ,,MTC,MOZ,29.808,215.808,CRUISING,,,,,53.46,,,GREEN,LOW,TRUE,,FALSE,,JRN_NDLS_DDN_01_20260902_161648,0.2257,1,1,0.4541,1,MEDIUM,Predicted Fog Visibility Risk (Speed cap 40.0 km/h),40,47.1,340.7,9:23:30,30,BASELINE_HISTORICAL_CALIBRATION,217.5,40.5
OBS_000319,9:24:00,9540,12017,ROUTE_NDLS_DDN_01,SYNTHETIC_SIMULATOR,OK,29.213226,77.70434,98.508,38,10.56,38,0,92.8,110,40,680.87,SEC_MTC_MOZ,,MTC,MOZ,29.492,215.492,CRUISING,,,,,53.62,,,GREEN,LOW,TRUE,,FALSE,,JRN_NDLS_DDN_01_20260902_161648,0.2257,1,1,0.4541,1,MEDIUM,Predicted Fog Visibility Risk (Speed cap 40.0 km/h),40,46.6,340.2,9:24:00,30,BASELINE_HISTORICAL_CALIBRATION,217,40
OBS_000320,9:24:30,9570,12017,ROUTE_NDLS_DDN_01,SYNTHETIC_SIMULATOR,OK,29.216012,77.704384,98.825,38,10.56,38,0,92.8,110,40,677.24,SEC_MTC_MOZ,,MTC,MOZ,29.175,215.175,CRUISING,,,,,53.78,,,GREEN,LOW,TRUE,,FALSE,,JRN_NDLS_DDN_01_20260902_161648,0.2257,1,1,0.4541,1,MEDIUM,Predicted Fog Visibility Risk (Speed cap 40.0 km/h),40,46.1,339.7,9:24:30,30,BASELINE_HISTORICAL_CALIBRATION,216.5,39.5
OBS_000321,9:25:00,9600,12017,ROUTE_NDLS_DDN_01,SYNTHETIC_SIMULATOR,OK,29.218798,77.704429,99.142,38,10.56,38,0,92.8,110,40,673.59,SEC_MTC_MOZ,,MTC,MOZ,28.858,214.858,CRUISING,,,,,53.94,,,GREEN,LOW,TRUE,,FALSE,,JRN_NDLS_DDN_01_20260902_161648,0.2257,1,1,0.4541,1,MEDIUM,Predicted Fog Visibility Risk (Speed cap 40.0 km/h),40,45.6,339.2,9:25:00,30,BASELINE_HISTORICAL_CALIBRATION,216,39
OBS_000322,9:25:30,9630,12017,ROUTE_NDLS_DDN_01,SYNTHETIC_SIMULATOR,OK,29.221584,77.704474,99.458,38,10.56,38,0,92.8,110,40,669.93,SEC_MTC_MOZ,,MTC,MOZ,28.542,214.542,CRUISING,,,,,54.1,,,GREEN,LOW,TRUE,,FALSE,,JRN_NDLS_DDN_01_20260902_161648,0.2257,1,1,0.4541,1,MEDIUM,Predicted Fog Visibility Risk (Speed cap 40.0 km/h),40,45.1,338.7,9:25:30,30,BASELINE_HISTORICAL_CALIBRATION,215.5,38.5
OBS_000323,9:26:00,9660,12017,ROUTE_NDLS_DDN_01,SYNTHETIC_SIMULATOR,OK,29.22437,77.704518,99.775,38,10.56,38,0,92.8,110,40,666.24,SEC_MTC_MOZ,,MTC,MOZ,28.225,214.225,CRUISING,,,,,54.26,,,GREEN,LOW,TRUE,,FALSE,,JRN_NDLS_DDN_01_20260902_161648,0.2257,1,1,0.4541,1,MEDIUM,Predicted Fog Visibility Risk (Speed cap 40.0 km/h),40,44.6,338.2,9:26:00,30,BASELINE_HISTORICAL_CALIBRATION,215,38
OBS_000324,9:26:30,9690,12017,ROUTE_NDLS_DDN_01,SYNTHETIC_SIMULATOR,OK,29.227157,77.704563,100.092,38,10.56,38,0,92.8,110,40,662.54,SEC_MTC_MOZ,,MTC,MOZ,27.908,213.908,CRUISING,,,,,54.42,,,GREEN,LOW,TRUE,,FALSE,,JRN_NDLS_DDN_01_20260902_161648,0.2257,1,1,0.4541,1,MEDIUM,Predicted Fog Visibility Risk (Speed cap 40.0 km/h),40,44.1,337.7,9:26:30,30,BASELINE_HISTORICAL_CALIBRATION,214.5,37.5
OBS_000325,9:27:00,9720,12017,ROUTE_NDLS_DDN_01,SYNTHETIC_SIMULATOR,OK,29.229943,77.704608,100.408,38,10.56,38,0,92.8,110,40,658.81,SEC_MTC_MOZ,,MTC,MOZ,27.592,213.592,CRUISING,,,,,54.58,,,GREEN,LOW,TRUE,,FALSE,,JRN_NDLS_DDN_01_20260902_161648,0.2257,1,1,0.4541,1,MEDIUM,Predicted Fog Visibility Risk (Speed cap 40.0 km/h),40,43.6,337.2,9:27:00,30,BASELINE_HISTORICAL_CALIBRATION,214,37
OBS_000326,9:27:30,9750,12017,ROUTE_NDLS_DDN_01,SYNTHETIC_SIMULATOR,OK,29.232729,77.704652,100.725,38,10.56,38,0,92.8,110,40,655.06,SEC_MTC_MOZ,,MTC,MOZ,27.275,213.275,CRUISING,,,,,54.74,,,GREEN,LOW,TRUE,,FALSE,,JRN_NDLS_DDN_01_20260902_161648,0.2257,1,1,0.4541,1,MEDIUM,Predicted Fog Visibility Risk (Speed cap 40.0 km/h),40,43.1,336.7,9:27:30,30,BASELINE_HISTORICAL_CALIBRATION,213.5,36.5
OBS_000327,9:28:00,9780,12017,ROUTE_NDLS_DDN_01,SYNTHETIC_SIMULATOR,OK,29.235515,77.704697,101.042,38,10.56,38,0,92.8,110,40,651.29,SEC_MTC_MOZ,,MTC,MOZ,26.958,212.958,CRUISING,,,,,54.9,,,GREEN,LOW,TRUE,,FALSE,,JRN_NDLS_DDN_01_20260902_161648,0.2257,1,1,0.4541,1,MEDIUM,Predicted Fog Visibility Risk (Speed cap 40.0 km/h),40,42.6,336.2,9:28:00,30,BASELINE_HISTORICAL_CALIBRATION,213,36
OBS_000328,9:28:30,9810,12017,ROUTE_NDLS_DDN_01,SYNTHETIC_SIMULATOR,OK,29.238301,77.704742,101.358,38,10.56,38,0,92.8,110,40,647.5,SEC_MTC_MOZ,,MTC,MOZ,26.642,212.642,CRUISING,,,,,55.06,,,GREEN,LOW,TRUE,,FALSE,,JRN_NDLS_DDN_01_20260902_161648,0.2257,1,1,0.4541,1,MEDIUM,Predicted Fog Visibility Risk (Speed cap 40.0 km/h),40,42.1,335.7,9:28:30,30,BASELINE_HISTORICAL_CALIBRATION,212.5,35.5
OBS_000329,9:29:00,9840,12017,ROUTE_NDLS_DDN_01,SYNTHETIC_SIMULATOR,OK,29.241087,77.704786,101.675,38,10.56,38,0,92.8,110,40,643.69,SEC_MTC_MOZ,,MTC,MOZ,26.325,212.325,CRUISING,,,,,55.22,,,GREEN,LOW,TRUE,,FALSE,,JRN_NDLS_DDN_01_20260902_161648,0.2257,1,1,0.4541,1,MEDIUM,Predicted Fog Visibility Risk (Speed cap 40.0 km/h),40,41.6,335.2,9:29:00,30,BASELINE_HISTORICAL_CALIBRATION,212,35
OBS_000330,9:29:30,9870,12017,ROUTE_NDLS_DDN_01,SYNTHETIC_SIMULATOR,OK,29.243873,77.704831,101.992,38,10.56,38,0,92.8,110,40,639.85,SEC_MTC_MOZ,,MTC,MOZ,26.008,212.008,CRUISING,,,,,55.38,,,GREEN,LOW,TRUE,,FALSE,,JRN_NDLS_DDN_01_20260902_161648,0.2257,1,1,0.4541,1,MEDIUM,Predicted Fog Visibility Risk (Speed cap 40.0 km/h),40,41.1,334.7,9:29:30,30,BASELINE_HISTORICAL_CALIBRATION,211.5,34.5
OBS_000331,9:30:00,9900,12017,ROUTE_NDLS_DDN_01,SYNTHETIC_SIMULATOR,OK,29.246659,77.704876,102.308,38,10.56,38,0,92.8,110,40,635.99,SEC_MTC_MOZ,,MTC,MOZ,25.692,211.692,CRUISING,,,,,55.54,,,GREEN,LOW,TRUE,,FALSE,,JRN_NDLS_DDN_01_20260902_161648,0.2257,1,1,0.4541,1,MEDIUM,Predicted Fog Visibility Risk (Speed cap 40.0 km/h),40,40.6,334.2,9:30:00,30,BASELINE_HISTORICAL_CALIBRATION,211,34
OBS_000332,9:30:30,9930,12017,ROUTE_NDLS_DDN_01,SYNTHETIC_SIMULATOR,OK,29.249445,77.70492,102.625,38,10.56,38,0,92.8,110,40,632.11,SEC_MTC_MOZ,,MTC,MOZ,25.375,211.375,CRUISING,,,,,55.7,,,GREEN,LOW,TRUE,,FALSE,,JRN_NDLS_DDN_01_20260902_161648,0.2257,1,1,0.4541,1,MEDIUM,Predicted Fog Visibility Risk (Speed cap 40.0 km/h),40,40.1,333.7,9:30:30,30,BASELINE_HISTORICAL_CALIBRATION,210.5,33.5
OBS_000333,9:31:00,9960,12017,ROUTE_NDLS_DDN_01,SYNTHETIC_SIMULATOR,OK,29.252231,77.704965,102.942,38,10.56,38,0,92.8,110,40,628.2,SEC_MTC_MOZ,,MTC,MOZ,25.058,211.058,CRUISING,,,,,55.86,,,GREEN,LOW,TRUE,,FALSE,,JRN_NDLS_DDN_01_20260902_161648,0.2257,1,1,0.4541,1,MEDIUM,Predicted Fog Visibility Risk (Speed cap 40.0 km/h),40,39.6,333.2,9:31:00,30,BASELINE_HISTORICAL_CALIBRATION,210,33
OBS_000334,9:31:30,9990,12017,ROUTE_NDLS_DDN_01,SYNTHETIC_SIMULATOR,OK,29.255018,77.70501,103.258,38,10.56,38,0,92.8,110,40,624.27,SEC_MTC_MOZ,,MTC,MOZ,24.742,210.742,CRUISING,,,,,56.02,,,GREEN,LOW,TRUE,,FALSE,,JRN_NDLS_DDN_01_20260902_161648,0.2257,1,1,0.4541,1,MEDIUM,Predicted Fog Visibility Risk (Speed cap 40.0 km/h),40,39.1,332.7,9:31:30,30,BASELINE_HISTORICAL_CALIBRATION,209.5,32.5
OBS_000335,9:32:00,10020,12017,ROUTE_NDLS_DDN_01,SYNTHETIC_SIMULATOR,OK,29.257804,77.705054,103.575,38,10.56,38,0,92.8,110,40,620.31,SEC_MTC_MOZ,,MTC,MOZ,24.425,210.425,CRUISING,,,,,56.18,,,GREEN,LOW,TRUE,,FALSE,,JRN_NDLS_DDN_01_20260902_161648,0.2257,1,1,0.4541,1,MEDIUM,Predicted Fog Visibility Risk (Speed cap 40.0 km/h),40,38.6,332.2,9:32:00,30,BASELINE_HISTORICAL_CALIBRATION,209,32
OBS_000336,9:32:30,10050,12017,ROUTE_NDLS_DDN_01,SYNTHETIC_SIMULATOR,OK,29.26059,77.705099,103.892,38,10.56,38,0,92.8,110,40,616.33,SEC_MTC_MOZ,,MTC,MOZ,24.108,210.108,CRUISING,,,,,56.34,,,GREEN,LOW,TRUE,,FALSE,,JRN_NDLS_DDN_01_20260902_161648,0.2257,1,1,0.4541,1,MEDIUM,Predicted Fog Visibility Risk (Speed cap 40.0 km/h),40,38.1,331.7,9:32:30,30,BASELINE_HISTORICAL_CALIBRATION,208.5,31.5
OBS_000337,9:33:00,10080,12017,ROUTE_NDLS_DDN_01,SYNTHETIC_SIMULATOR,OK,29.263376,77.705144,104.208,38,10.56,38,0,92.8,110,40,612.32,SEC_MTC_MOZ,,MTC,MOZ,23.792,209.792,CRUISING,,,,,56.5,,,GREEN,LOW,TRUE,,FALSE,,JRN_NDLS_DDN_01_20260902_161648,0.2257,1,1,0.4541,1,MEDIUM,Predicted Fog Visibility Risk (Speed cap 40.0 km/h),40,37.6,331.2,9:33:00,30,BASELINE_HISTORICAL_CALIBRATION,208,31
OBS_000338,9:33:30,10110,12017,ROUTE_NDLS_DDN_01,SYNTHETIC_SIMULATOR,OK,29.266162,77.705188,104.525,38,10.56,38,0,92.8,110,40,608.28,SEC_MTC_MOZ,,MTC,MOZ,23.475,209.475,CRUISING,,,,,56.66,,,GREEN,LOW,TRUE,,FALSE,,JRN_NDLS_DDN_01_20260902_161648,0.2257,1,1,0.4541,1,MEDIUM,Predicted Fog Visibility Risk (Speed cap 40.0 km/h),40,37.1,330.7,9:33:30,30,BASELINE_HISTORICAL_CALIBRATION,207.5,30.5
OBS_000339,9:34:00,10140,12017,ROUTE_NDLS_DDN_01,SYNTHETIC_SIMULATOR,OK,29.268948,77.705233,104.842,38,10.56,38,0,92.8,110,40,604.22,SEC_MTC_MOZ,,MTC,MOZ,23.158,209.158,CRUISING,,,,,56.82,,,GREEN,LOW,TRUE,,FALSE,,JRN_NDLS_DDN_01_20260902_161648,0.2257,1,1,0.4541,1,MEDIUM,Predicted Fog Visibility Risk (Speed cap 40.0 km/h),40,36.6,330.2,9:34:00,30,BASELINE_HISTORICAL_CALIBRATION,207,30
OBS_000340,9:34:30,10170,12017,ROUTE_NDLS_DDN_01,SYNTHETIC_SIMULATOR,OK,29.271734,77.705278,105.158,38,10.56,38,0,92.8,110,40,600.13,SEC_MTC_MOZ,,MTC,MOZ,22.842,208.842,CRUISING,,,,,56.98,,,GREEN,LOW,TRUE,,FALSE,,JRN_NDLS_DDN_01_20260902_161648,0.2257,1,1,0.4541,1,MEDIUM,Predicted Fog Visibility Risk (Speed cap 40.0 km/h),40,36.1,329.7,9:34:30,30,BASELINE_HISTORICAL_CALIBRATION,206.5,29.5
OBS_000341,9:35:00,10200,12017,ROUTE_NDLS_DDN_01,SYNTHETIC_SIMULATOR,OK,29.27452,77.705322,105.475,38,10.56,38,0,92.8,110,40,596.01,SEC_MTC_MOZ,,MTC,MOZ,22.525,208.525,CRUISING,,,,,57.14,,,GREEN,LOW,TRUE,,FALSE,,JRN_NDLS_DDN_01_20260902_161648,0.2257,1,1,0.4541,1,MEDIUM,Predicted Fog Visibility Risk (Speed cap 40.0 km/h),40,35.6,329.2,9:35:00,30,BASELINE_HISTORICAL_CALIBRATION,206,29
OBS_000342,9:35:30,10230,12017,ROUTE_NDLS_DDN_01,SYNTHETIC_SIMULATOR,OK,29.277306,77.705367,105.792,38,10.56,38,0,92.8,110,40,591.87,SEC_MTC_MOZ,,MTC,MOZ,22.208,208.208,CRUISING,,,,,57.3,,,GREEN,LOW,TRUE,,FALSE,,JRN_NDLS_DDN_01_20260902_161648,0.2257,1,1,0.4541,1,MEDIUM,Predicted Fog Visibility Risk (Speed cap 40.0 km/h),40,35.1,328.7,9:35:30,30,BASELINE_HISTORICAL_CALIBRATION,205.5,28.5
OBS_000343,9:36:00,10260,12017,ROUTE_NDLS_DDN_01,SYNTHETIC_SIMULATOR,OK,29.280092,77.705412,106.108,38,10.56,38,0,92.8,110,40,587.69,SEC_MTC_MOZ,,MTC,MOZ,21.892,207.892,CRUISING,,,,,57.46,,,GREEN,LOW,TRUE,,FALSE,,JRN_NDLS_DDN_01_20260902_161648,0.2257,1,1,0.4541,1,MEDIUM,Predicted Fog Visibility Risk (Speed cap 40.0 km/h),40,34.6,328.2,9:36:00,30,BASELINE_HISTORICAL_CALIBRATION,205,28
OBS_000344,9:36:30,10290,12017,ROUTE_NDLS_DDN_01,SYNTHETIC_SIMULATOR,OK,29.282879,77.705456,106.425,38,10.56,38,0,92.8,110,40,583.49,SEC_MTC_MOZ,,MTC,MOZ,21.575,207.575,CRUISING,,,,,57.62,,,GREEN,LOW,TRUE,,FALSE,,JRN_NDLS_DDN_01_20260902_161648,0.2257,1,1,0.4541,1,MEDIUM,Predicted Fog Visibility Risk (Speed cap 40.0 km/h),40,34.1,327.7,9:36:30,30,BASELINE_HISTORICAL_CALIBRATION,204.5,27.5
OBS_000345,9:37:00,10320,12017,ROUTE_NDLS_DDN_01,SYNTHETIC_SIMULATOR,OK,29.285665,77.705501,106.742,38,10.56,38,0,92.8,110,40,579.25,SEC_MTC_MOZ,,MTC,MOZ,21.258,207.258,CRUISING,,,,,57.78,,,GREEN,LOW,TRUE,,FALSE,,JRN_NDLS_DDN_01_20260902_161648,0.2257,1,1,0.4541,1,MEDIUM,Predicted Fog Visibility Risk (Speed cap 40.0 km/h),40,33.6,327.2,9:37:00,30,BASELINE_HISTORICAL_CALIBRATION,204,27
OBS_000346,9:37:30,10350,12017,ROUTE_NDLS_DDN_01,SYNTHETIC_SIMULATOR,OK,29.288451,77.705546,107.058,38,10.56,38,0,92.8,110,40,574.99,SEC_MTC_MOZ,,MTC,MOZ,20.942,206.942,CRUISING,,,,,57.94,,,GREEN,LOW,TRUE,,FALSE,,JRN_NDLS_DDN_01_20260902_161648,0.2257,1,1,0.4541,1,MEDIUM,Predicted Fog Visibility Risk (Speed cap 40.0 km/h),40,33.1,326.7,9:37:30,30,BASELINE_HISTORICAL_CALIBRATION,203.5,26.5
OBS_000347,9:38:00,10380,12017,ROUTE_NDLS_DDN_01,SYNTHETIC_SIMULATOR,OK,29.291237,77.70559,107.375,38,10.56,38,0,92.8,110,40,570.69,SEC_MTC_MOZ,,MTC,MOZ,20.625,206.625,CRUISING,,,,,58.1,,,GREEN,LOW,TRUE,,FALSE,,JRN_NDLS_DDN_01_20260902_161648,0.2257,1,1,0.4541,1,MEDIUM,Predicted Fog Visibility Risk (Speed cap 40.0 km/h),40,32.6,326.2,9:38:00,30,BASELINE_HISTORICAL_CALIBRATION,203,26
OBS_000348,9:38:30,10410,12017,ROUTE_NDLS_DDN_01,SYNTHETIC_SIMULATOR,OK,29.294023,77.705635,107.692,38,10.56,38,0,92.8,110,40,566.36,SEC_MTC_MOZ,,MTC,MOZ,20.308,206.308,CRUISING,,,,,58.26,,,GREEN,LOW,TRUE,,FALSE,,JRN_NDLS_DDN_01_20260902_161648,0.2257,1,1,0.4541,1,MEDIUM,Predicted Fog Visibility Risk (Speed cap 40.0 km/h),40,32.1,325.7,9:38:30,30,BASELINE_HISTORICAL_CALIBRATION,202.5,25.5
OBS_000349,9:39:00,10440,12017,ROUTE_NDLS_DDN_01,SYNTHETIC_SIMULATOR,OK,29.296809,77.70568,108.008,38,10.56,38,0,92.8,110,40,561.99,SEC_MTC_MOZ,,MTC,MOZ,19.992,205.992,CRUISING,,,,,58.42,,,GREEN,LOW,TRUE,,FALSE,,JRN_NDLS_DDN_01_20260902_161648,0.2257,1,1,0.4541,1,MEDIUM,Predicted Fog Visibility Risk (Speed cap 40.0 km/h),40,31.6,325.2,9:39:00,30,BASELINE_HISTORICAL_CALIBRATION,202,25
OBS_000350,9:39:30,10470,12017,ROUTE_NDLS_DDN_01,SYNTHETIC_SIMULATOR,OK,29.299595,77.705724,108.325,38,10.56,38,0,92.8,110,40,557.59,SEC_MTC_MOZ,,MTC,MOZ,19.675,205.675,CRUISING,,,,,58.58,,,GREEN,LOW,TRUE,,FALSE,,JRN_NDLS_DDN_01_20260902_161648,0.2257,1,1,0.4541,1,MEDIUM,Predicted Fog Visibility Risk (Speed cap 40.0 km/h),40,31.1,324.7,9:39:30,30,BASELINE_HISTORICAL_CALIBRATION,201.5,24.5
OBS_000351,9:40:00,10500,12017,ROUTE_NDLS_DDN_01,SYNTHETIC_SIMULATOR,OK,29.302381,77.705769,108.642,38,10.56,38,0,92.8,110,40,553.16,SEC_MTC_MOZ,,MTC,MOZ,19.358,205.358,CRUISING,,,,,58.74,,,GREEN,LOW,TRUE,,FALSE,,JRN_NDLS_DDN_01_20260902_161648,0.2257,1,1,0.4541,1,MEDIUM,Predicted Fog Visibility Risk (Speed cap 40.0 km/h),40,30.6,324.2,9:40:00,30,BASELINE_HISTORICAL_CALIBRATION,201,24
OBS_000352,9:40:30,10530,12017,ROUTE_NDLS_DDN_01,SYNTHETIC_SIMULATOR,OK,29.305167,77.705814,108.958,38,10.56,38,0,92.8,110,40,548.69,SEC_MTC_MOZ,,MTC,MOZ,19.042,205.042,CRUISING,,,,,58.9,,,GREEN,LOW,TRUE,,FALSE,,JRN_NDLS_DDN_01_20260902_161648,0.2257,1,1,0.4541,1,MEDIUM,Predicted Fog Visibility Risk (Speed cap 40.0 km/h),40,30.1,323.7,9:40:30,30,BASELINE_HISTORICAL_CALIBRATION,200.5,23.5
OBS_000353,9:41:00,10560,12017,ROUTE_NDLS_DDN_01,SYNTHETIC_SIMULATOR,OK,29.307953,77.705858,109.275,38,10.56,38,0,92.8,110,40,544.18,SEC_MTC_MOZ,,MTC,MOZ,18.725,204.725,CRUISING,,,,,59.06,,,GREEN,LOW,TRUE,,FALSE,,JRN_NDLS_DDN_01_20260902_161648,0.2257,1,1,0.4541,1,MEDIUM,Predicted Fog Visibility Risk (Speed cap 40.0 km/h),40,29.6,323.2,9:41:00,30,BASELINE_HISTORICAL_CALIBRATION,200,23
OBS_000354,9:41:30,10590,12017,ROUTE_NDLS_DDN_01,SYNTHETIC_SIMULATOR,OK,29.31074,77.705903,109.592,38,10.56,38,0,92.8,110,40,539.64,SEC_MTC_MOZ,,MTC,MOZ,18.408,204.408,CRUISING,,,,,59.22,,,GREEN,LOW,TRUE,,FALSE,,JRN_NDLS_DDN_01_20260902_161648,0.2257,1,1,0.4541,1,MEDIUM,Predicted Fog Visibility Risk (Speed cap 40.0 km/h),40,29.1,322.7,9:41:30,30,BASELINE_HISTORICAL_CALIBRATION,199.5,22.5
OBS_000355,9:42:00,10620,12017,ROUTE_NDLS_DDN_01,SYNTHETIC_SIMULATOR,OK,29.313526,77.705948,109.908,38,10.56,38,0,92.8,110,40,535.06,SEC_MTC_MOZ,,MTC,MOZ,18.092,204.092,CRUISING,,,,,59.38,,,GREEN,LOW,TRUE,,FALSE,,JRN_NDLS_DDN_01_20260902_161648,0.2257,1,1,0.4541,1,MEDIUM,Predicted Fog Visibility Risk (Speed cap 40.0 km/h),40,28.6,322.2,9:42:00,30,BASELINE_HISTORICAL_CALIBRATION,199,22
OBS_000356,9:42:30,10650,12017,ROUTE_NDLS_DDN_01,SYNTHETIC_SIMULATOR,OK,29.316312,77.705992,110.225,38,10.56,38,0,92.8,110,40,530.44,SEC_MTC_MOZ,,MTC,MOZ,17.775,203.775,CRUISING,,,,,59.54,,,GREEN,LOW,TRUE,,FALSE,,JRN_NDLS_DDN_01_20260902_161648,0.2257,1,1,0.4541,1,MEDIUM,Predicted Fog Visibility Risk (Speed cap 40.0 km/h),40,28.1,321.7,9:42:30,30,BASELINE_HISTORICAL_CALIBRATION,198.5,21.5
OBS_000357,9:43:00,10680,12017,ROUTE_NDLS_DDN_01,SYNTHETIC_SIMULATOR,OK,29.319098,77.706037,110.542,38,10.56,38,0,92.8,110,40,525.77,SEC_MTC_MOZ,,MTC,MOZ,17.458,203.458,CRUISING,,,,,59.7,,,GREEN,LOW,TRUE,,FALSE,,JRN_NDLS_DDN_01_20260902_161648,0.2257,1,1,0.4541,1,MEDIUM,Predicted Fog Visibility Risk (Speed cap 40.0 km/h),40,27.6,321.2,9:43:00,30,BASELINE_HISTORICAL_CALIBRATION,198,21
OBS_000358,9:43:30,10710,12017,ROUTE_NDLS_DDN_01,SYNTHETIC_SIMULATOR,OK,29.321884,77.706082,110.858,38,10.56,38,0,92.8,110,40,521.07,SEC_MTC_MOZ,,MTC,MOZ,17.142,203.142,CRUISING,,,,,59.86,,,GREEN,LOW,TRUE,,FALSE,,JRN_NDLS_DDN_01_20260902_161648,0.2257,1,1,0.4541,1,MEDIUM,Predicted Fog Visibility Risk (Speed cap 40.0 km/h),40,27.1,320.7,9:43:30,30,BASELINE_HISTORICAL_CALIBRATION,197.5,20.5
OBS_000359,9:44:00,10740,12017,ROUTE_NDLS_DDN_01,SYNTHETIC_SIMULATOR,OK,29.32467,77.706126,111.175,38,10.56,38,0,92.8,110,40,516.32,SEC_MTC_MOZ,,MTC,MOZ,16.825,202.825,CRUISING,,,,,60.02,,,GREEN,LOW,TRUE,,FALSE,,JRN_NDLS_DDN_01_20260902_161648,0.2257,1,1,0.4541,1,MEDIUM,Predicted Fog Visibility Risk (Speed cap 40.0 km/h),40,26.6,320.2,9:44:00,30,BASELINE_HISTORICAL_CALIBRATION,197,20
OBS_000360,9:44:30,10770,12017,ROUTE_NDLS_DDN_01,SYNTHETIC_SIMULATOR,OK,29.327456,77.706171,111.492,38,10.56,38,0,92.8,110,40,511.53,SEC_MTC_MOZ,,MTC,MOZ,16.508,202.508,CRUISING,,,,,60.18,,,GREEN,LOW,TRUE,,FALSE,,JRN_NDLS_DDN_01_20260902_161648,0.2257,1,1,0.4541,1,MEDIUM,Predicted Fog Visibility Risk (Speed cap 40.0 km/h),40,26.1,319.7,9:44:30,30,BASELINE_HISTORICAL_CALIBRATION,196.5,19.5
OBS_000361,9:45:00,10800,12017,ROUTE_NDLS_DDN_01,SYNTHETIC_SIMULATOR,OK,29.330242,77.706216,111.808,38,10.56,38,0,92.8,110,40,506.69,SEC_MTC_MOZ,,MTC,MOZ,16.192,202.192,CRUISING,,,,,60.34,,,GREEN,LOW,TRUE,,FALSE,,JRN_NDLS_DDN_01_20260902_161648,0.2257,1,1,0.4541,1,MEDIUM,Predicted Fog Visibility Risk (Speed cap 40.0 km/h),40,25.6,319.2,9:45:00,30,BASELINE_HISTORICAL_CALIBRATION,196,19
OBS_000362,9:45:30,10830,12017,ROUTE_NDLS_DDN_01,SYNTHETIC_SIMULATOR,OK,29.333028,77.70626,112.125,38,10.56,38,0,92.8,110,40,501.81,SEC_MTC_MOZ,,MTC,MOZ,15.875,201.875,CRUISING,,,,,60.5,,,GREEN,LOW,TRUE,,FALSE,,JRN_NDLS_DDN_01_20260902_161648,0.2257,1,1,0.4541,1,MEDIUM,Predicted Fog Visibility Risk (Speed cap 40.0 km/h),40,25.1,318.7,9:45:30,30,BASELINE_HISTORICAL_CALIBRATION,195.5,18.5
OBS_000363,9:46:00,10860,12017,ROUTE_NDLS_DDN_01,SYNTHETIC_SIMULATOR,OK,29.335814,77.706305,112.442,38,10.56,38,0,92.8,110,40,496.88,SEC_MTC_MOZ,,MTC,MOZ,15.558,201.558,CRUISING,,,,,60.66,,,GREEN,LOW,TRUE,,FALSE,,JRN_NDLS_DDN_01_20260902_161648,0.2257,1,1,0.4541,1,MEDIUM,Predicted Fog Visibility Risk (Speed cap 40.0 km/h),40,24.6,318.2,9:46:00,30,BASELINE_HISTORICAL_CALIBRATION,195,18
OBS_000364,9:46:30,10890,12017,ROUTE_NDLS_DDN_01,SYNTHETIC_SIMULATOR,OK,29.338601,77.70635,112.758,38,10.56,38,0,92.8,110,40,491.9,SEC_MTC_MOZ,,MTC,MOZ,15.242,201.242,CRUISING,,,,,60.82,,,GREEN,LOW,TRUE,,FALSE,,JRN_NDLS_DDN_01_20260902_161648,0.2257,1,1,0.4541,1,MEDIUM,Predicted Fog Visibility Risk (Speed cap 40.0 km/h),40,24.1,317.7,9:46:30,30,BASELINE_HISTORICAL_CALIBRATION,194.5,17.5
OBS_000365,9:47:00,10920,12017,ROUTE_NDLS_DDN_01,SYNTHETIC_SIMULATOR,OK,29.341387,77.706395,113.075,38,10.56,38,0,92.8,110,40,486.87,SEC_MTC_MOZ,,MTC,MOZ,14.925,200.925,CRUISING,,,,,60.98,,,GREEN,LOW,TRUE,,FALSE,,JRN_NDLS_DDN_01_20260902_161648,0.2257,1,1,0.4541,1,MEDIUM,Predicted Fog Visibility Risk (Speed cap 40.0 km/h),40,23.6,317.2,9:47:00,30,BASELINE_HISTORICAL_CALIBRATION,194,17
OBS_000366,9:47:30,10950,12017,ROUTE_NDLS_DDN_01,SYNTHETIC_SIMULATOR,OK,29.344173,77.706439,113.392,38,10.56,38,0,92.8,110,40,481.78,SEC_MTC_MOZ,,MTC,MOZ,14.608,200.608,CRUISING,,,,,61.14,,,GREEN,LOW,TRUE,,FALSE,,JRN_NDLS_DDN_01_20260902_161648,0.2257,1,1,0.4541,1,MEDIUM,Predicted Fog Visibility Risk (Speed cap 40.0 km/h),40,23.1,316.7,9:47:30,30,BASELINE_HISTORICAL_CALIBRATION,193.5,16.5
OBS_000367,9:48:00,10980,12017,ROUTE_NDLS_DDN_01,SYNTHETIC_SIMULATOR,OK,29.346959,77.706484,113.708,38,10.56,38,0,92.8,110,40,476.64,SEC_MTC_MOZ,,MTC,MOZ,14.292,200.292,CRUISING,,,,,61.3,,,GREEN,LOW,TRUE,,FALSE,,JRN_NDLS_DDN_01_20260902_161648,0.2257,1,1,0.4541,1,MEDIUM,Predicted Fog Visibility Risk (Speed cap 40.0 km/h),40,22.6,316.2,9:48:00,30,BASELINE_HISTORICAL_CALIBRATION,193,16
OBS_000368,9:48:30,11010,12017,ROUTE_NDLS_DDN_01,SYNTHETIC_SIMULATOR,OK,29.349745,77.706529,114.025,38,10.56,38,0,92.8,110,40,471.45,SEC_MTC_MOZ,,MTC,MOZ,13.975,199.975,CRUISING,,,,,61.46,,,GREEN,LOW,TRUE,,FALSE,,JRN_NDLS_DDN_01_20260902_161648,0.2257,1,1,0.4541,1,MEDIUM,Predicted Fog Visibility Risk (Speed cap 40.0 km/h),40,22.1,315.7,9:48:30,30,BASELINE_HISTORICAL_CALIBRATION,192.5,15.5
OBS_000369,9:49:00,11040,12017,ROUTE_NDLS_DDN_01,SYNTHETIC_SIMULATOR,OK,29.352531,77.706573,114.342,38,10.56,38,0,92.8,110,40,466.2,SEC_MTC_MOZ,,MTC,MOZ,13.658,199.658,CRUISING,,,,,61.62,,,GREEN,LOW,TRUE,,FALSE,,JRN_NDLS_DDN_01_20260902_161648,0.2257,1,1,0.4541,1,MEDIUM,Predicted Fog Visibility Risk (Speed cap 40.0 km/h),40,21.6,315.2,9:49:00,30,BASELINE_HISTORICAL_CALIBRATION,192,15
OBS_000370,9:49:30,11070,12017,ROUTE_NDLS_DDN_01,SYNTHETIC_SIMULATOR,OK,29.355317,77.706618,114.658,38,10.56,38,0,92.8,110,40,460.88,SEC_MTC_MOZ,,MTC,MOZ,13.342,199.342,CRUISING,,,,,61.78,,,GREEN,LOW,TRUE,,FALSE,,JRN_NDLS_DDN_01_20260902_161648,0.2257,1,1,0.4541,1,MEDIUM,Predicted Fog Visibility Risk (Speed cap 40.0 km/h),40,21.1,314.7,9:49:30,30,BASELINE_HISTORICAL_CALIBRATION,191.5,14.5
OBS_000371,9:50:00,11100,12017,ROUTE_NDLS_DDN_01,SYNTHETIC_SIMULATOR,OK,29.358103,77.706663,114.975,38,10.56,38,0,92.8,110,40,455.51,SEC_MTC_MOZ,,MTC,MOZ,13.025,199.025,CRUISING,,,,,61.94,,,GREEN,LOW,TRUE,,FALSE,,JRN_NDLS_DDN_01_20260902_161648,0.2257,1,1,0.4541,1,MEDIUM,Predicted Fog Visibility Risk (Speed cap 40.0 km/h),40,20.6,314.2,9:50:00,30,BASELINE_HISTORICAL_CALIBRATION,191,14
OBS_000372,9:50:30,11130,12017,ROUTE_NDLS_DDN_01,SYNTHETIC_SIMULATOR,OK,29.360889,77.706707,115.292,38,10.56,38,0,92.8,110,40,450.07,SEC_MTC_MOZ,,MTC,MOZ,12.708,198.708,CRUISING,,,,,62.1,,,GREEN,LOW,TRUE,,FALSE,,JRN_NDLS_DDN_01_20260902_161648,0.2257,1,1,0.4541,1,MEDIUM,Predicted Fog Visibility Risk (Speed cap 40.0 km/h),40,20.1,313.7,9:50:30,30,BASELINE_HISTORICAL_CALIBRATION,190.5,13.5
OBS_000373,9:51:00,11160,12017,ROUTE_NDLS_DDN_01,SYNTHETIC_SIMULATOR,OK,29.363675,77.706752,115.608,38,10.56,38,0,92.8,110,40,444.57,SEC_MTC_MOZ,,MTC,MOZ,12.392,198.392,CRUISING,,,,,62.26,,,GREEN,LOW,TRUE,,FALSE,,JRN_NDLS_DDN_01_20260902_161648,0.2257,1,1,0.4541,1,MEDIUM,Predicted Fog Visibility Risk (Speed cap 40.0 km/h),40,19.6,313.2,9:51:00,30,BASELINE_HISTORICAL_CALIBRATION,190,13
OBS_000374,9:51:30,11190,12017,ROUTE_NDLS_DDN_01,SYNTHETIC_SIMULATOR,OK,29.366462,77.706797,115.925,38,10.56,38,0,92.8,110,40,438.99,SEC_MTC_MOZ,,MTC,MOZ,12.075,198.075,CRUISING,,,,,62.42,,,GREEN,LOW,TRUE,,FALSE,,JRN_NDLS_DDN_01_20260902_161648,0.2257,1,1,0.4541,1,MEDIUM,Predicted Fog Visibility Risk (Speed cap 40.0 km/h),40,19.1,312.7,9:51:30,30,BASELINE_HISTORICAL_CALIBRATION,189.5,12.5
OBS_000375,9:52:00,11220,12017,ROUTE_NDLS_DDN_01,SYNTHETIC_SIMULATOR,OK,29.369248,77.706841,116.242,38,10.56,38,0,92.8,110,40,433.35,SEC_MTC_MOZ,,MTC,MOZ,11.758,197.758,CRUISING,,,,,62.58,,,GREEN,LOW,TRUE,,FALSE,,JRN_NDLS_DDN_01_20260902_161648,0.2257,1,1,0.4541,1,MEDIUM,Predicted Fog Visibility Risk (Speed cap 40.0 km/h),40,18.6,312.2,9:52:00,30,BASELINE_HISTORICAL_CALIBRATION,189,12
OBS_000376,9:52:30,11250,12017,ROUTE_NDLS_DDN_01,SYNTHETIC_SIMULATOR,OK,29.372034,77.706886,116.558,38,10.56,38,0,92.8,110,40,427.63,SEC_MTC_MOZ,,MTC,MOZ,11.442,197.442,CRUISING,,,,,62.74,,,GREEN,LOW,TRUE,,FALSE,,JRN_NDLS_DDN_01_20260902_161648,0.2257,1,1,0.4541,1,MEDIUM,Predicted Fog Visibility Risk (Speed cap 40.0 km/h),40,18.1,311.7,9:52:30,30,BASELINE_HISTORICAL_CALIBRATION,188.5,11.5
OBS_000377,9:53:00,11280,12017,ROUTE_NDLS_DDN_01,SYNTHETIC_SIMULATOR,OK,29.37482,77.706931,116.875,38,10.56,38,0,92.8,110,40,421.83,SEC_MTC_MOZ,,MTC,MOZ,11.125,197.125,CRUISING,,,,,62.9,,,GREEN,LOW,TRUE,,FALSE,,JRN_NDLS_DDN_01_20260902_161648,0.2257,1,1,0.4541,1,MEDIUM,Predicted Fog Visibility Risk (Speed cap 40.0 km/h),40,17.6,311.2,9:53:00,30,BASELINE_HISTORICAL_CALIBRATION,188,11
OBS_000378,9:53:30,11310,12017,ROUTE_NDLS_DDN_01,SYNTHETIC_SIMULATOR,OK,29.377606,77.706975,117.192,38,10.56,38,0,92.8,110,40,415.95,SEC_MTC_MOZ,,MTC,MOZ,10.808,196.808,CRUISING,,,,,63.06,,,GREEN,LOW,TRUE,,FALSE,,JRN_NDLS_DDN_01_20260902_161648,0.2257,1,1,0.4541,1,MEDIUM,Predicted Fog Visibility Risk (Speed cap 40.0 km/h),40,17.1,310.7,9:53:30,30,BASELINE_HISTORICAL_CALIBRATION,187.5,10.5
OBS_000379,9:54:00,11340,12017,ROUTE_NDLS_DDN_01,SYNTHETIC_SIMULATOR,OK,29.380392,77.70702,117.508,38,10.56,38,0,92.8,110,40,409.99,SEC_MTC_MOZ,,MTC,MOZ,10.492,196.492,CRUISING,,,,,63.22,,,GREEN,LOW,TRUE,,FALSE,,JRN_NDLS_DDN_01_20260902_161648,0.2257,1,1,0.4541,1,MEDIUM,Predicted Fog Visibility Risk (Speed cap 40.0 km/h),40,16.6,310.2,9:54:00,30,BASELINE_HISTORICAL_CALIBRATION,187,10
OBS_000380,9:54:30,11370,12017,ROUTE_NDLS_DDN_01,SYNTHETIC_SIMULATOR,OK,29.383178,77.707065,117.825,38,10.56,38,0,92.8,110,40,403.94,SEC_MTC_MOZ,,MTC,MOZ,10.175,196.175,CRUISING,,,,,63.38,,,GREEN,LOW,TRUE,,FALSE,,JRN_NDLS_DDN_01_20260902_161648,0.2257,1,1,0.4541,1,MEDIUM,Predicted Fog Visibility Risk (Speed cap 40.0 km/h),40,16.1,309.7,9:54:30,30,BASELINE_HISTORICAL_CALIBRATION,186.5,9.5
OBS_000381,9:55:00,11400,12017,ROUTE_NDLS_DDN_01,SYNTHETIC_SIMULATOR,OK,29.385964,77.707109,118.142,38,10.56,38,0,92.8,110,40,397.8,SEC_MTC_MOZ,,MTC,MOZ,9.858,195.858,CRUISING,,,,,63.54,,,GREEN,LOW,TRUE,,FALSE,,JRN_NDLS_DDN_01_20260902_161648,0.2257,1,1,0.4541,1,MEDIUM,Predicted Fog Visibility Risk (Speed cap 40.0 km/h),40,15.6,309.2,9:55:00,30,BASELINE_HISTORICAL_CALIBRATION,186,9
OBS_000382,9:55:30,11430,12017,ROUTE_NDLS_DDN_01,SYNTHETIC_SIMULATOR,OK,29.38875,77.707154,118.458,38,10.56,38,0,92.8,110,40,391.56,SEC_MTC_MOZ,,MTC,MOZ,9.542,195.542,CRUISING,,,,,63.7,,,GREEN,LOW,TRUE,,FALSE,,JRN_NDLS_DDN_01_20260902_161648,0.2257,1,1,0.4541,1,MEDIUM,Predicted Fog Visibility Risk (Speed cap 40.0 km/h),40,15.1,308.7,9:55:30,30,BASELINE_HISTORICAL_CALIBRATION,185.5,8.5
OBS_000383,9:56:00,11460,12017,ROUTE_NDLS_DDN_01,SYNTHETIC_SIMULATOR,OK,29.391536,77.707199,118.775,38,10.56,38,0,92.8,110,40,385.22,SEC_MTC_MOZ,,MTC,MOZ,9.225,195.225,CRUISING,,,,,63.86,,,GREEN,LOW,TRUE,,FALSE,,JRN_NDLS_DDN_01_20260902_161648,0.2257,1,1,0.4541,1,MEDIUM,Predicted Fog Visibility Risk (Speed cap 40.0 km/h),40,14.6,308.2,9:56:00,30,BASELINE_HISTORICAL_CALIBRATION,185,8
OBS_000384,9:56:30,11490,12017,ROUTE_NDLS_DDN_01,SYNTHETIC_SIMULATOR,OK,29.394323,77.707243,119.092,38,10.56,38,0,92.8,110,40,378.77,SEC_MTC_MOZ,,MTC,MOZ,8.908,194.908,CRUISING,,,,,64.02,,,GREEN,LOW,TRUE,,FALSE,,JRN_NDLS_DDN_01_20260902_161648,0.2257,1,1,0.4541,1,MEDIUM,Predicted Fog Visibility Risk (Speed cap 40.0 km/h),40,14.1,307.7,9:56:30,30,BASELINE_HISTORICAL_CALIBRATION,184.5,7.5
OBS_000385,9:57:00,11520,12017,ROUTE_NDLS_DDN_01,SYNTHETIC_SIMULATOR,OK,29.397109,77.707288,119.408,38,10.56,38,0,92.8,110,40,372.21,SEC_MTC_MOZ,,MTC,MOZ,8.592,194.592,CRUISING,,,,,64.19,,,GREEN,LOW,TRUE,,FALSE,,JRN_NDLS_DDN_01_20260902_161648,0.2257,1,1,0.4541,1,MEDIUM,Predicted Fog Visibility Risk (Speed cap 40.0 km/h),40,13.6,307.2,9:57:00,30,BASELINE_HISTORICAL_CALIBRATION,184,7
OBS_000386,9:57:30,11550,12017,ROUTE_NDLS_DDN_01,SYNTHETIC_SIMULATOR,OK,29.399895,77.707333,119.725,38,10.56,38,0,92.8,110,40,365.54,SEC_MTC_MOZ,,MTC,MOZ,8.275,194.275,CRUISING,,,,,64.35,,,GREEN,LOW,TRUE,,FALSE,,JRN_NDLS_DDN_01_20260902_161648,0.2257,1,1,0.4541,1,MEDIUM,Predicted Fog Visibility Risk (Speed cap 40.0 km/h),40,13.1,306.7,9:57:30,30,BASELINE_HISTORICAL_CALIBRATION,183.5,6.5
OBS_000387,9:58:00,11580,12017,ROUTE_NDLS_DDN_01,SYNTHETIC_SIMULATOR,OK,29.402681,77.707377,120.042,38,10.56,38,0,92.8,110,40,358.74,SEC_MTC_MOZ,,MTC,MOZ,7.958,193.958,CRUISING,,,,,64.51,,,GREEN,LOW,TRUE,,FALSE,,JRN_NDLS_DDN_01_20260902_161648,0.2257,1,1,0.4541,1,MEDIUM,Predicted Fog Visibility Risk (Speed cap 40.0 km/h),40,12.6,306.2,9:58:00,30,BASELINE_HISTORICAL_CALIBRATION,183,6
OBS_000388,9:58:30,11610,12017,ROUTE_NDLS_DDN_01,SYNTHETIC_SIMULATOR,OK,29.405467,77.707422,120.358,38,10.56,38,0,92.8,110,40,351.81,SEC_MTC_MOZ,,MTC,MOZ,7.642,193.642,CRUISING,,,,,64.67,,,GREEN,LOW,TRUE,,FALSE,,JRN_NDLS_DDN_01_20260902_161648,0.2257,1,1,0.4541,1,MEDIUM,Predicted Fog Visibility Risk (Speed cap 40.0 km/h),40,12.1,305.7,9:58:30,30,BASELINE_HISTORICAL_CALIBRATION,182.5,5.5
OBS_000389,9:59:00,11640,12017,ROUTE_NDLS_DDN_01,SYNTHETIC_SIMULATOR,OK,29.408253,77.707467,120.675,38,10.56,38,0,92.8,110,40,344.74,SEC_MTC_MOZ,,MTC,MOZ,7.325,193.325,CRUISING,,,,,64.83,,,GREEN,LOW,TRUE,,FALSE,,JRN_NDLS_DDN_01_20260902_161648,0.2257,1,1,0.4541,1,MEDIUM,Predicted Fog Visibility Risk (Speed cap 40.0 km/h),40,11.6,305.2,9:59:00,30,BASELINE_HISTORICAL_CALIBRATION,182,5
OBS_000390,9:59:30,11670,12017,ROUTE_NDLS_DDN_01,SYNTHETIC_SIMULATOR,OK,29.411039,77.707511,120.992,38,10.56,38,0,92.8,110,40,337.52,SEC_MTC_MOZ,,MTC,MOZ,7.008,193.008,CRUISING,,,,,64.99,,,GREEN,LOW,TRUE,,FALSE,,JRN_NDLS_DDN_01_20260902_161648,0.2257,1,1,0.4541,1,MEDIUM,Predicted Fog Visibility Risk (Speed cap 40.0 km/h),40,11.1,304.7,9:59:30,30,BASELINE_HISTORICAL_CALIBRATION,181.5,4.5
OBS_000391,10:00:00,11700,12017,ROUTE_NDLS_DDN_01,SYNTHETIC_SIMULATOR,OK,29.419764,77.707651,121.983,92,25.56,104.5,0.5,544.2,110,,330.14,SEC_MTC_MOZ,,MTC,MOZ,6.017,192.017,ACCELERATING,,,,,65.15,,,GREEN,LOW,FALSE,,FALSE,,JRN_NDLS_DDN_01_20260902_161648,0.2483,0,0.95,0.4541,1,NONE,NONE,,3.9,125.2,10:00:00,30,BASELINE_HISTORICAL_CALIBRATION,181,4
OBS_000392,10:00:30,11730,12017,ROUTE_NDLS_DDN_01,SYNTHETIC_SIMULATOR,OK,29.429405,77.707806,123.079,104.5,29.03,104.5,0.5,702.2,110,,305.89,SEC_MTC_MOZ,,MTC,MOZ,4.921,190.921,ACCELERATING,,,,,64.58,,,GREEN,LOW,FALSE,,FALSE,,JRN_NDLS_DDN_01_20260902_161648,0.2483,0,0.95,0.4541,1,NONE,NONE,,2.8,109.6,10:00:30,30,BASELINE_HISTORICAL_CALIBRATION,180.5,3.5
OBS_000393,10:01:00,11760,12017,ROUTE_NDLS_DDN_01,SYNTHETIC_SIMULATOR,OK,29.437067,77.707929,123.95,104.5,29.03,104.5,0,702.2,110,,276.64,SEC_MTC_MOZ,,MTC,MOZ,4.05,190.05,CRUISING,,,,,63.91,,,GREEN,LOW,FALSE,,FALSE,,JRN_NDLS_DDN_01_20260902_161648,0.2483,0,0.95,0.4541,1,NONE,NONE,,2.3,109.1,10:01:00,30,BASELINE_HISTORICAL_CALIBRATION,180,3
OBS_000394,10:01:30,11790,12017,ROUTE_NDLS_DDN_01,SYNTHETIC_SIMULATOR,OK,29.444729,77.708052,124.821,104.5,29.03,104.5,0,702.2,110,,250.97,SEC_MTC_MOZ,,MTC,MOZ,3.179,189.179,CRUISING,,,,,63.47,,,GREEN,LOW,FALSE,,FALSE,,JRN_NDLS_DDN_01_20260902_161648,0.2483,0,0.95,0.4541,1,NONE,NONE,,1.8,108.6,10:01:30,30,BASELINE_HISTORICAL_CALIBRATION,179.5,2.5
OBS_000395,10:02:00,11820,12017,ROUTE_NDLS_DDN_01,SYNTHETIC_SIMULATOR,OK,29.452391,77.708174,125.692,104.5,29.03,104.5,0,702.2,110,,222.36,SEC_MTC_MOZ,,MTC,MOZ,2.308,188.308,CRUISING,,,,,63.04,,,GREEN,LOW,FALSE,,FALSE,,JRN_NDLS_DDN_01_20260902_161648,0.2483,0,0.95,0.4541,1,NONE,NONE,,1.3,108.1,10:02:00,30,BASELINE_HISTORICAL_CALIBRATION,179,2
OBS_000396,10:02:30,11850,12017,ROUTE_NDLS_DDN_01,SYNTHETIC_SIMULATOR,OK,29.460053,77.708297,126.563,104.5,29.03,104.5,0,702.2,110,,189.47,SEC_MTC_MOZ,,MTC,MOZ,1.437,187.437,CRUISING,,,,,62.6,,,GREEN,LOW,FALSE,,FALSE,,JRN_NDLS_DDN_01_20260902_161648,0.2483,0,0.95,0.4541,1,NONE,NONE,,0.8,107.6,10:02:30,30,BASELINE_HISTORICAL_CALIBRATION,178.5,1.5
OBS_000397,10:03:00,11880,12017,ROUTE_NDLS_DDN_01,SYNTHETIC_SIMULATOR,OK,29.467714,77.70842,127.433,104.5,29.03,104.5,0,702.2,110,,149.52,SEC_MTC_MOZ,,MTC,MOZ,0.567,186.567,CRUISING,,,,,62.17,,,GREEN,LOW,FALSE,,FALSE,,JRN_NDLS_DDN_01_20260902_161648,0.2483,0,0.95,0.4541,1,NONE,NONE,,0.3,107.1,10:03:00,30,BASELINE_HISTORICAL_CALIBRATION,178,1
OBS_000398,10:03:30,11910,12017,ROUTE_NDLS_DDN_01,SYNTHETIC_SIMULATOR,OK,29.46825,77.708429,127.494,39.7,11.03,93.88,-0.6,101.3,110,,93.88,SEC_MTC_MOZ,,MTC,MOZ,0.506,186.506,DECELERATING,,,,,61.73,,,GREEN,LOW,FALSE,,FALSE,,JRN_NDLS_DDN_01_20260902_161648,0.2483,0,0.95,0.4541,1,NONE,NONE,,0.8,281.9,10:03:30,30,BASELINE_HISTORICAL_CALIBRATION,177.5,0.5
OBS_000399,10:04:00,11940,12017,ROUTE_NDLS_DDN_01,SYNTHETIC_SIMULATOR,OK,29.4727,77.7085,128,0,0,88.69,0,0,110,,88.69,SEC_MTC_MOZ,MOZ,MOZ,SRE,59,186,DWELLING,ARRIVED,10:04:00,,,62.17,,,GREEN,LOW,FALSE,,FALSE,,JRN_NDLS_DDN_01_20260902_161648,0.2483,0,0.95,0.4541,1,NONE,NONE,,141.6,446.4,10:04:00,30,BASELINE_HISTORICAL_CALIBRATION,177,39.5
OBS_000400,10:04:30,11970,12017,ROUTE_NDLS_DDN_01,SYNTHETIC_SIMULATOR,OK,29.4727,77.7085,128,0,0,0,0,0,100,,0,SEC_MOZ_SRE,MOZ,MOZ,SRE,59,186,DWELLING,,,,,62.12,,,GREEN,LOW,FALSE,,FALSE,,JRN_NDLS_DDN_01_20260902_161648,0.2483,0,0.95,0.4541,1,NONE,NONE,,141.6,446.4,10:04:30,30,BASELINE_HISTORICAL_CALIBRATION,176.5,39
OBS_000401,10:05:00,12000,12017,ROUTE_NDLS_DDN_01,SYNTHETIC_SIMULATOR,OK,29.4727,77.7085,128,0,0,0,0,0,100,,0,SEC_MOZ_SRE,MOZ,MOZ,SRE,59,186,DWELLING,,,,,62.62,,,GREEN,LOW,FALSE,,FALSE,,JRN_NDLS_DDN_01_20260902_161648,0.2483,0,0.95,0.4541,1,NONE,NONE,,141.6,446.4,10:05:00,30,BASELINE_HISTORICAL_CALIBRATION,176,38.5
OBS_000402,10:05:30,12030,12017,ROUTE_NDLS_DDN_01,SYNTHETIC_SIMULATOR,OK,29.4727,77.7085,128,0,0,0,0,0,100,,0,SEC_MOZ_SRE,MOZ,MOZ,SRE,59,186,DWELLING,,,,,63.12,,,GREEN,LOW,FALSE,,FALSE,,JRN_NDLS_DDN_01_20260902_161648,0.2483,0,0.95,0.4541,1,NONE,NONE,,141.6,446.4,10:05:30,30,BASELINE_HISTORICAL_CALIBRATION,175.5,38
OBS_000403,10:06:00,12060,12017,ROUTE_NDLS_DDN_01,SYNTHETIC_SIMULATOR,OK,29.4727,77.7085,128.675,54,15,95,0.5,187.5,100,,957.9,SEC_MOZ_SRE,MOZ,MOZ,SRE,58.325,185.325,ACCELERATING,DEPARTED,,10:06:00,2,63.62,,,GREEN,LOW,FALSE,,FALSE,,JRN_NDLS_DDN_01_20260902_161648,0.2483,0,0.95,0.4541,1,NONE,NONE,,64.8,205.9,10:06:00,30,BASELINE_HISTORICAL_CALIBRATION,175,37.5
OBS_000404,10:06:30,12090,12017,ROUTE_NDLS_DDN_01,SYNTHETIC_SIMULATOR,OK,29.486787,77.703841,129.692,95,26.39,95,0.5,580.3,100,,952.4,SEC_MOZ_SRE,,MOZ,SRE,57.308,184.308,ACCELERATING,,,,,63.4,,,GREEN,LOW,FALSE,,FALSE,,JRN_NDLS_DDN_01_20260902_161648,0.2483,0,0.95,0.4541,1,NONE,NONE,,36.2,116.4,10:06:30,30,BASELINE_HISTORICAL_CALIBRATION,174.5,37
OBS_000405,10:07:00,12120,12017,ROUTE_NDLS_DDN_01,SYNTHETIC_SIMULATOR,OK,29.493379,77.70166,130.483,95,26.39,95,0,580.3,100,,944.07,SEC_MOZ_SRE,,MOZ,SRE,56.517,183.517,CRUISING,,,,,62.81,,,GREEN,LOW,FALSE,,FALSE,,JRN_NDLS_DDN_01_20260902_161648,0.2483,0,0.95,0.4541,1,NONE,NONE,,35.7,115.9,10:07:00,30,BASELINE_HISTORICAL_CALIBRATION,174,36.5
OBS_000406,10:07:30,12150,12017,ROUTE_NDLS_DDN_01,SYNTHETIC_SIMULATOR,OK,29.499971,77.69948,131.275,95,26.39,95,0,580.3,100,,937.52,SEC_MOZ_SRE,,MOZ,SRE,55.725,182.725,CRUISING,,,,,62.46,,,GREEN,LOW,FALSE,,FALSE,,JRN_NDLS_DDN_01_20260902_161648,0.2483,0,0.95,0.4541,1,NONE,NONE,,35.2,115.4,10:07:30,30,BASELINE_HISTORICAL_CALIBRATION,173.5,36
OBS_000407,10:08:00,12180,12017,ROUTE_NDLS_DDN_01,SYNTHETIC_SIMULATOR,OK,29.506564,77.697299,132.067,95,26.39,95,0,580.3,100,,930.93,SEC_MOZ_SRE,,MOZ,SRE,54.933,181.933,CRUISING,,,,,62.11,,,GREEN,LOW,FALSE,,FALSE,,JRN_NDLS_DDN_01_20260902_161648,0.2483,0,0.95,0.4541,1,NONE,NONE,,34.7,114.9,10:08:00,30,BASELINE_HISTORICAL_CALIBRATION,173,35.5
OBS_000408,10:08:30,12210,12017,ROUTE_NDLS_DDN_01,SYNTHETIC_SIMULATOR,OK,29.513156,77.695119,132.858,95,26.39,95,0,580.3,100,,924.3,SEC_MOZ_SRE,,MOZ,SRE,54.142,181.142,CRUISING,,,,,61.76,,,GREEN,LOW,FALSE,,FALSE,,JRN_NDLS_DDN_01_20260902_161648,0.2483,0,0.95,0.4541,1,NONE,NONE,,34.2,114.4,10:08:30,30,BASELINE_HISTORICAL_CALIBRATION,172.5,35
OBS_000409,10:09:00,12240,12017,ROUTE_NDLS_DDN_01,SYNTHETIC_SIMULATOR,OK,29.519748,77.692939,133.65,95,26.39,95,0,580.3,100,,917.61,SEC_MOZ_SRE,,MOZ,SRE,53.35,180.35,CRUISING,,,,,61.41,,,GREEN,LOW,FALSE,,FALSE,,JRN_NDLS_DDN_01_20260902_161648,0.2483,0,0.95,0.4541,1,NONE,NONE,,33.7,113.9,10:09:00,30,BASELINE_HISTORICAL_CALIBRATION,172,34.5
OBS_000410,10:09:30,12270,12017,ROUTE_NDLS_DDN_01,SYNTHETIC_SIMULATOR,OK,29.526341,77.690758,134.442,95,26.39,95,0,580.3,100,,910.88,SEC_MOZ_SRE,,MOZ,SRE,52.558,179.558,CRUISING,,,,,61.06,,,GREEN,LOW,FALSE,,FALSE,,JRN_NDLS_DDN_01_20260902_161648,0.2483,0,0.95,0.4541,1,NONE,NONE,,33.2,113.4,10:09:30,30,BASELINE_HISTORICAL_CALIBRATION,171.5,34
OBS_000411,10:10:00,12300,12017,ROUTE_NDLS_DDN_01,SYNTHETIC_SIMULATOR,OK,29.532933,77.688578,135.233,95,26.39,95,0,580.3,100,,904.09,SEC_MOZ_SRE,,MOZ,SRE,51.767,178.767,CRUISING,,,,,60.71,,,GREEN,LOW,FALSE,,FALSE,,JRN_NDLS_DDN_01_20260902_161648,0.2483,0,0.95,0.4541,1,NONE,NONE,,32.7,112.9,10:10:00,30,BASELINE_HISTORICAL_CALIBRATION,171,33.5
OBS_000412,10:10:30,12330,12017,ROUTE_NDLS_DDN_01,SYNTHETIC_SIMULATOR,OK,29.539525,77.686397,136.025,95,26.39,95,0,580.3,100,,897.26,SEC_MOZ_SRE,,MOZ,SRE,50.975,177.975,CRUISING,,,,,60.36,,,GREEN,LOW,FALSE,,FALSE,,JRN_NDLS_DDN_01_20260902_161648,0.2483,0,0.95,0.4541,1,NONE,NONE,,32.2,112.4,10:10:30,30,BASELINE_HISTORICAL_CALIBRATION,170.5,33
OBS_000413,10:11:00,12360,12017,ROUTE_NDLS_DDN_01,SYNTHETIC_SIMULATOR,OK,29.546117,77.684217,136.817,95,26.39,95,0,580.3,100,,890.37,SEC_MOZ_SRE,,MOZ,SRE,50.183,177.183,CRUISING,,,,,60.01,,,GREEN,LOW,FALSE,,FALSE,,JRN_NDLS_DDN_01_20260902_161648,0.2483,0,0.95,0.4541,1,NONE,NONE,,31.7,111.9,10:11:00,30,BASELINE_HISTORICAL_CALIBRATION,170,32.5
OBS_000414,10:11:30,12390,12017,ROUTE_NDLS_DDN_01,SYNTHETIC_SIMULATOR,OK,29.55271,77.682036,137.608,95,26.39,95,0,580.3,100,,883.43,SEC_MOZ_SRE,,MOZ,SRE,49.392,176.392,CRUISING,,,,,59.66,,,GREEN,LOW,FALSE,,FALSE,,JRN_NDLS_DDN_01_20260902_161648,0.2483,0,0.95,0.4541,1,NONE,NONE,,31.2,111.4,10:11:30,30,BASELINE_HISTORICAL_CALIBRATION,169.5,32
OBS_000415,10:12:00,12420,12017,ROUTE_NDLS_DDN_01,SYNTHETIC_SIMULATOR,OK,29.559302,77.679856,138.4,95,26.39,95,0,580.3,100,,876.44,SEC_MOZ_SRE,,MOZ,SRE,48.6,175.6,CRUISING,,,,,59.31,,,GREEN,LOW,FALSE,,FALSE,,JRN_NDLS_DDN_01_20260902_161648,0.2483,0,0.95,0.4541,1,NONE,NONE,,30.7,110.9,10:12:00,30,BASELINE_HISTORICAL_CALIBRATION,169,31.5
OBS_000416,10:12:30,12450,12017,ROUTE_NDLS_DDN_01,SYNTHETIC_SIMULATOR,OK,29.565894,77.677675,139.192,95,26.39,95,0,580.3,100,,869.38,SEC_MOZ_SRE,,MOZ,SRE,47.808,174.808,CRUISING,,,,,58.96,,,GREEN,LOW,FALSE,,FALSE,,JRN_NDLS_DDN_01_20260902_161648,0.2483,0,0.95,0.4541,1,NONE,NONE,,30.2,110.4,10:12:30,30,BASELINE_HISTORICAL_CALIBRATION,168.5,31
OBS_000417,10:13:00,12480,12017,ROUTE_NDLS_DDN_01,SYNTHETIC_SIMULATOR,OK,29.572487,77.675495,139.983,95,26.39,95,0,580.3,100,,862.27,SEC_MOZ_SRE,,MOZ,SRE,47.017,174.017,CRUISING,,,,,58.61,,,GREEN,LOW,FALSE,,FALSE,,JRN_NDLS_DDN_01_20260902_161648,0.2483,0,0.95,0.4541,1,NONE,NONE,,29.7,109.9,10:13:00,30,BASELINE_HISTORICAL_CALIBRATION,168,30.5
OBS_000418,10:13:30,12510,12017,ROUTE_NDLS_DDN_01,SYNTHETIC_SIMULATOR,OK,29.579079,77.673315,140.775,95,26.39,95,0,580.3,100,,855.1,SEC_MOZ_SRE,,MOZ,SRE,46.225,173.225,CRUISING,,,,,58.26,,,GREEN,LOW,FALSE,,FALSE,,JRN_NDLS_DDN_01_20260902_161648,0.2483,0,0.95,0.4541,1,NONE,NONE,,29.2,109.4,10:13:30,30,BASELINE_HISTORICAL_CALIBRATION,167.5,30
OBS_000419,10:14:00,12540,12017,ROUTE_NDLS_DDN_01,SYNTHETIC_SIMULATOR,OK,29.585671,77.671134,141.567,95,26.39,95,0,580.3,100,,847.87,SEC_MOZ_SRE,,MOZ,SRE,45.433,172.433,CRUISING,,,,,57.91,,,GREEN,LOW,FALSE,,FALSE,,JRN_NDLS_DDN_01_20260902_161648,0.2483,0,0.95,0.4541,1,NONE,NONE,,28.7,108.9,10:14:00,30,BASELINE_HISTORICAL_CALIBRATION,167,29.5
OBS_000420,10:14:30,12570,12017,ROUTE_NDLS_DDN_01,SYNTHETIC_SIMULATOR,OK,29.592264,77.668954,142.358,95,26.39,95,0,580.3,100,,840.58,SEC_MOZ_SRE,,MOZ,SRE,44.642,171.642,CRUISING,,,,,57.56,,,GREEN,LOW,FALSE,,FALSE,,JRN_NDLS_DDN_01_20260902_161648,0.2483,0,0.95,0.4541,1,NONE,NONE,,28.2,108.4,10:14:30,30,BASELINE_HISTORICAL_CALIBRATION,166.5,29
OBS_000421,10:15:00,12600,12017,ROUTE_NDLS_DDN_01,SYNTHETIC_SIMULATOR,OK,29.598856,77.666773,143.15,95,26.39,95,0,580.3,100,,833.23,SEC_MOZ_SRE,,MOZ,SRE,43.85,170.85,CRUISING,,,,,57.21,,,GREEN,LOW,FALSE,,FALSE,,JRN_NDLS_DDN_01_20260902_161648,0.2483,0,0.95,0.4541,1,NONE,NONE,,27.7,107.9,10:15:00,30,BASELINE_HISTORICAL_CALIBRATION,166,28.5
OBS_000422,10:15:30,12630,12017,ROUTE_NDLS_DDN_01,SYNTHETIC_SIMULATOR,OK,29.605448,77.664593,143.942,95,26.39,95,0,580.3,100,,825.81,SEC_MOZ_SRE,,MOZ,SRE,43.058,170.058,CRUISING,,,,,56.86,,,GREEN,LOW,FALSE,,FALSE,,JRN_NDLS_DDN_01_20260902_161648,0.2483,0,0.95,0.4541,1,NONE,NONE,,27.2,107.4,10:15:30,30,BASELINE_HISTORICAL_CALIBRATION,165.5,28
OBS_000423,10:16:00,12660,12017,ROUTE_NDLS_DDN_01,SYNTHETIC_SIMULATOR,OK,29.61204,77.662412,144.733,95,26.39,95,0,580.3,100,,818.32,SEC_MOZ_SRE,,MOZ,SRE,42.267,169.267,CRUISING,,,,,56.51,,,GREEN,LOW,FALSE,,FALSE,,JRN_NDLS_DDN_01_20260902_161648,0.2483,0,0.95,0.4541,1,NONE,NONE,,26.7,106.9,10:16:00,30,BASELINE_HISTORICAL_CALIBRATION,165,27.5
OBS_000424,10:16:30,12690,12017,ROUTE_NDLS_DDN_01,SYNTHETIC_SIMULATOR,OK,29.618633,77.660232,145.525,95,26.39,95,0,580.3,100,,810.76,SEC_MOZ_SRE,,MOZ,SRE,41.475,168.475,CRUISING,,,,,56.17,,,GREEN,LOW,FALSE,,FALSE,,JRN_NDLS_DDN_01_20260902_161648,0.2483,0,0.95,0.4541,1,NONE,NONE,,26.2,106.4,10:16:30,30,BASELINE_HISTORICAL_CALIBRATION,164.5,27
OBS_000425,10:17:00,12720,12017,ROUTE_NDLS_DDN_01,SYNTHETIC_SIMULATOR,OK,29.625225,77.658052,146.317,95,26.39,95,0,580.3,100,,803.13,SEC_MOZ_SRE,,MOZ,SRE,40.683,167.683,CRUISING,,,,,55.82,,,GREEN,LOW,FALSE,,FALSE,,JRN_NDLS_DDN_01_20260902_161648,0.2483,0,0.95,0.4541,1,NONE,NONE,,25.7,105.9,10:17:00,30,BASELINE_HISTORICAL_CALIBRATION,164,26.5
OBS_000426,10:17:30,12750,12017,ROUTE_NDLS_DDN_01,SYNTHETIC_SIMULATOR,OK,29.631817,77.655871,147.108,95,26.39,95,0,580.3,100,,795.43,SEC_MOZ_SRE,,MOZ,SRE,39.892,166.892,CRUISING,,,,,55.47,,,GREEN,LOW,FALSE,,FALSE,,JRN_NDLS_DDN_01_20260902_161648,0.2483,0,0.95,0.4541,1,NONE,NONE,,25.2,105.4,10:17:30,30,BASELINE_HISTORICAL_CALIBRATION,163.5,26
OBS_000427,10:18:00,12780,12017,ROUTE_NDLS_DDN_01,SYNTHETIC_SIMULATOR,OK,29.63841,77.653691,147.9,95,26.39,95,0,580.3,100,,787.65,SEC_MOZ_SRE,,MOZ,SRE,39.1,166.1,CRUISING,,,,,55.12,,,GREEN,LOW,FALSE,,FALSE,,JRN_NDLS_DDN_01_20260902_161648,0.2483,0,0.95,0.4541,1,NONE,NONE,,24.7,104.9,10:18:00,30,BASELINE_HISTORICAL_CALIBRATION,163,25.5
OBS_000428,10:18:30,12810,12017,ROUTE_NDLS_DDN_01,SYNTHETIC_SIMULATOR,OK,29.645002,77.65151,148.692,95,26.39,95,0,580.3,100,,779.8,SEC_MOZ_SRE,,MOZ,SRE,38.308,165.308,CRUISING,,,,,54.77,,,GREEN,LOW,FALSE,,FALSE,,JRN_NDLS_DDN_01_20260902_161648,0.2483,0,0.95,0.4541,1,NONE,NONE,,24.2,104.4,10:18:30,30,BASELINE_HISTORICAL_CALIBRATION,162.5,25
OBS_000429,10:19:00,12840,12017,ROUTE_NDLS_DDN_01,SYNTHETIC_SIMULATOR,OK,29.651594,77.64933,149.483,95,26.39,95,0,580.3,100,,771.86,SEC_MOZ_SRE,,MOZ,SRE,37.517,164.517,CRUISING,,,,,54.42,,,GREEN,LOW,FALSE,,FALSE,,JRN_NDLS_DDN_01_20260902_161648,0.2483,0,0.95,0.4541,1,NONE,NONE,,23.7,103.9,10:19:00,30,BASELINE_HISTORICAL_CALIBRATION,162,24.5
OBS_000430,10:19:30,12870,12017,ROUTE_NDLS_DDN_01,SYNTHETIC_SIMULATOR,OK,29.658187,77.647149,150.275,95,26.39,95,0,580.3,100,,763.85,SEC_MOZ_SRE,,MOZ,SRE,36.725,163.725,CRUISING,,,,,54.07,,,GREEN,LOW,FALSE,,FALSE,,JRN_NDLS_DDN_01_20260902_161648,0.2483,0,0.95,0.4541,1,NONE,NONE,,23.2,103.4,10:19:30,30,BASELINE_HISTORICAL_CALIBRATION,161.5,24
OBS_000431,10:20:00,12900,12017,ROUTE_NDLS_DDN_01,SYNTHETIC_SIMULATOR,OK,29.664779,77.644969,151.067,95,26.39,95,0,580.3,100,,755.74,SEC_MOZ_SRE,,MOZ,SRE,35.933,162.933,CRUISING,,,,,53.72,,,GREEN,LOW,FALSE,,FALSE,,JRN_NDLS_DDN_01_20260902_161648,0.2483,0,0.95,0.4541,1,NONE,NONE,,22.7,102.9,10:20:00,30,BASELINE_HISTORICAL_CALIBRATION,161,23.5
OBS_000432,10:20:30,12930,12017,ROUTE_NDLS_DDN_01,SYNTHETIC_SIMULATOR,OK,29.671371,77.642788,151.858,95,26.39,95,0,580.3,100,,747.55,SEC_MOZ_SRE,,MOZ,SRE,35.142,162.142,CRUISING,,,,,53.37,,,GREEN,LOW,FALSE,,FALSE,,JRN_NDLS_DDN_01_20260902_161648,0.2483,0,0.95,0.4541,1,NONE,NONE,,22.2,102.4,10:20:30,30,BASELINE_HISTORICAL_CALIBRATION,160.5,23
OBS_000433,10:21:00,12960,12017,ROUTE_NDLS_DDN_01,SYNTHETIC_SIMULATOR,OK,29.677963,77.640608,152.65,95,26.39,95,0,580.3,100,,739.27,SEC_MOZ_SRE,,MOZ,SRE,34.35,161.35,CRUISING,,,,,53.02,,,GREEN,LOW,FALSE,,FALSE,,JRN_NDLS_DDN_01_20260902_161648,0.2483,0,0.95,0.4541,1,NONE,NONE,,21.7,101.9,10:21:00,30,BASELINE_HISTORICAL_CALIBRATION,160,22.5
OBS_000434,10:21:30,12990,12017,ROUTE_NDLS_DDN_01,SYNTHETIC_SIMULATOR,OK,29.684556,77.638428,153.442,95,26.39,95,0,580.3,100,,730.9,SEC_MOZ_SRE,,MOZ,SRE,33.558,160.558,CRUISING,,,,,52.67,,,GREEN,LOW,FALSE,,FALSE,,JRN_NDLS_DDN_01_20260902_161648,0.2483,0,0.95,0.4541,1,NONE,NONE,,21.2,101.4,10:21:30,30,BASELINE_HISTORICAL_CALIBRATION,159.5,22
OBS_000435,10:22:00,13020,12017,ROUTE_NDLS_DDN_01,SYNTHETIC_SIMULATOR,OK,29.691148,77.636247,154.233,95,26.39,95,0,580.3,100,,722.43,SEC_MOZ_SRE,,MOZ,SRE,32.767,159.767,CRUISING,,,,,52.32,,,GREEN,LOW,FALSE,,FALSE,,JRN_NDLS_DDN_01_20260902_161648,0.2483,0,0.95,0.4541,1,NONE,NONE,,20.7,100.9,10:22:00,30,BASELINE_HISTORICAL_CALIBRATION,159,21.5
OBS_000436,10:22:30,13050,12017,ROUTE_NDLS_DDN_01,SYNTHETIC_SIMULATOR,OK,29.69774,77.634067,155.025,95,26.39,95,0,580.3,100,,713.85,SEC_MOZ_SRE,,MOZ,SRE,31.975,158.975,CRUISING,,,,,51.97,,,GREEN,LOW,FALSE,,FALSE,,JRN_NDLS_DDN_01_20260902_161648,0.2483,0,0.95,0.4541,1,NONE,NONE,,20.2,100.4,10:22:30,30,BASELINE_HISTORICAL_CALIBRATION,158.5,21
OBS_000437,10:23:00,13080,12017,ROUTE_NDLS_DDN_01,SYNTHETIC_SIMULATOR,OK,29.704333,77.631886,155.817,95,26.39,95,0,580.3,100,,705.18,SEC_MOZ_SRE,,MOZ,SRE,31.183,158.183,CRUISING,,,,,51.62,,,GREEN,LOW,FALSE,,FALSE,,JRN_NDLS_DDN_01_20260902_161648,0.2483,0,0.95,0.4541,1,NONE,NONE,,19.7,99.9,10:23:00,30,BASELINE_HISTORICAL_CALIBRATION,158,20.5
OBS_000438,10:23:30,13110,12017,ROUTE_NDLS_DDN_01,SYNTHETIC_SIMULATOR,OK,29.710925,77.629706,156.608,95,26.39,95,0,580.3,100,,696.39,SEC_MOZ_SRE,,MOZ,SRE,30.392,157.392,CRUISING,,,,,51.27,,,GREEN,LOW,FALSE,,FALSE,,JRN_NDLS_DDN_01_20260902_161648,0.2483,0,0.95,0.4541,1,NONE,NONE,,19.2,99.4,10:23:30,30,BASELINE_HISTORICAL_CALIBRATION,157.5,20
OBS_000439,10:24:00,13140,12017,ROUTE_NDLS_DDN_01,SYNTHETIC_SIMULATOR,OK,29.717517,77.627525,157.4,95,26.39,95,0,580.3,100,,687.5,SEC_MOZ_SRE,,MOZ,SRE,29.6,156.6,CRUISING,,,,,50.92,,,GREEN,LOW,FALSE,,FALSE,,JRN_NDLS_DDN_01_20260902_161648,0.2483,0,0.95,0.4541,1,NONE,NONE,,18.7,98.9,10:24:00,30,BASELINE_HISTORICAL_CALIBRATION,157,19.5
OBS_000440,10:24:30,13170,12017,ROUTE_NDLS_DDN_01,SYNTHETIC_SIMULATOR,OK,29.72411,77.625345,158.192,95,26.39,95,0,580.3,100,,678.48,SEC_MOZ_SRE,,MOZ,SRE,28.808,155.808,CRUISING,,,,,50.57,,,GREEN,LOW,FALSE,,FALSE,,JRN_NDLS_DDN_01_20260902_161648,0.2483,0,0.95,0.4541,1,NONE,NONE,,18.2,98.4,10:24:30,30,BASELINE_HISTORICAL_CALIBRATION,156.5,19
OBS_000441,10:25:00,13200,12017,ROUTE_NDLS_DDN_01,SYNTHETIC_SIMULATOR,OK,29.730702,77.623165,158.983,95,26.39,95,0,580.3,100,,669.35,SEC_MOZ_SRE,,MOZ,SRE,28.017,155.017,CRUISING,,,,,50.22,,,GREEN,LOW,FALSE,,FALSE,,JRN_NDLS_DDN_01_20260902_161648,0.2483,0,0.95,0.4541,1,NONE,NONE,,17.7,97.9,10:25:00,30,BASELINE_HISTORICAL_CALIBRATION,156,18.5
OBS_000442,10:25:30,13230,12017,ROUTE_NDLS_DDN_01,SYNTHETIC_SIMULATOR,OK,29.737294,77.620984,159.775,95,26.39,95,0,580.3,100,,660.09,SEC_MOZ_SRE,,MOZ,SRE,27.225,154.225,CRUISING,,,,,49.87,,,GREEN,LOW,FALSE,,FALSE,,JRN_NDLS_DDN_01_20260902_161648,0.2483,0,0.95,0.4541,1,NONE,NONE,,17.2,97.4,10:25:30,30,BASELINE_HISTORICAL_CALIBRATION,155.5,18
OBS_000443,10:26:00,13260,12017,ROUTE_NDLS_DDN_01,SYNTHETIC_SIMULATOR,OK,29.743886,77.618804,160.567,95,26.39,95,0,580.3,100,,650.69,SEC_MOZ_SRE,,MOZ,SRE,26.433,153.433,CRUISING,,,,,49.52,,,GREEN,LOW,FALSE,,FALSE,,JRN_NDLS_DDN_01_20260902_161648,0.2483,0,0.95,0.4541,1,NONE,NONE,,16.7,96.9,10:26:00,30,BASELINE_HISTORICAL_CALIBRATION,155,17.5
OBS_000444,10:26:30,13290,12017,ROUTE_NDLS_DDN_01,SYNTHETIC_SIMULATOR,OK,29.750479,77.616623,161.358,95,26.39,95,0,580.3,100,,641.16,SEC_MOZ_SRE,,MOZ,SRE,25.642,152.642,CRUISING,,,,,49.17,,,GREEN,LOW,FALSE,,FALSE,,JRN_NDLS_DDN_01_20260902_161648,0.2483,0,0.95,0.4541,1,NONE,NONE,,16.2,96.4,10:26:30,30,BASELINE_HISTORICAL_CALIBRATION,154.5,17
OBS_000445,10:27:00,13320,12017,ROUTE_NDLS_DDN_01,SYNTHETIC_SIMULATOR,OK,29.757071,77.614443,162.15,95,26.39,95,0,580.3,100,,631.49,SEC_MOZ_SRE,,MOZ,SRE,24.85,151.85,CRUISING,,,,,48.82,,,GREEN,LOW,FALSE,,FALSE,,JRN_NDLS_DDN_01_20260902_161648,0.2483,0,0.95,0.4541,1,NONE,NONE,,15.7,95.9,10:27:00,30,BASELINE_HISTORICAL_CALIBRATION,154,16.5
OBS_000446,10:27:30,13350,12017,ROUTE_NDLS_DDN_01,SYNTHETIC_SIMULATOR,OK,29.763663,77.612262,162.942,95,26.39,95,0,580.3,100,,621.66,SEC_MOZ_SRE,,MOZ,SRE,24.058,151.058,CRUISING,,,,,48.47,,,GREEN,LOW,FALSE,,FALSE,,JRN_NDLS_DDN_01_20260902_161648,0.2483,0,0.95,0.4541,1,NONE,NONE,,15.2,95.4,10:27:30,30,BASELINE_HISTORICAL_CALIBRATION,153.5,16
OBS_000447,10:28:00,13380,12017,ROUTE_NDLS_DDN_01,SYNTHETIC_SIMULATOR,OK,29.770256,77.610082,163.733,95,26.39,95,0,580.3,100,,611.68,SEC_MOZ_SRE,,MOZ,SRE,23.267,150.267,CRUISING,,,,,48.12,,,GREEN,LOW,FALSE,,FALSE,,JRN_NDLS_DDN_01_20260902_161648,0.2483,0,0.95,0.4541,1,NONE,NONE,,14.7,94.9,10:28:00,30,BASELINE_HISTORICAL_CALIBRATION,153,15.5
OBS_000448,10:28:30,13410,12017,ROUTE_NDLS_DDN_01,SYNTHETIC_SIMULATOR,OK,29.776848,77.607901,164.525,95,26.39,95,0,580.3,100,,601.53,SEC_MOZ_SRE,,MOZ,SRE,22.475,149.475,CRUISING,,,,,47.77,,,GREEN,LOW,FALSE,,FALSE,,JRN_NDLS_DDN_01_20260902_161648,0.2483,0,0.95,0.4541,1,NONE,NONE,,14.2,94.4,10:28:30,30,BASELINE_HISTORICAL_CALIBRATION,152.5,15
OBS_000449,10:29:00,13440,12017,ROUTE_NDLS_DDN_01,SYNTHETIC_SIMULATOR,OK,29.78344,77.605721,165.317,95,26.39,95,0,580.3,100,,591.21,SEC_MOZ_SRE,,MOZ,SRE,21.683,148.683,CRUISING,,,,,47.42,,,GREEN,LOW,FALSE,,FALSE,,JRN_NDLS_DDN_01_20260902_161648,0.2483,0,0.95,0.4541,1,NONE,NONE,,13.7,93.9,10:29:00,30,BASELINE_HISTORICAL_CALIBRATION,152,14.5
OBS_000450,10:29:30,13470,12017,ROUTE_NDLS_DDN_01,SYNTHETIC_SIMULATOR,OK,29.790033,77.603541,166.108,95,26.39,95,0,580.3,100,,580.71,SEC_MOZ_SRE,,MOZ,SRE,20.892,147.892,CRUISING,,,,,47.07,,,GREEN,LOW,FALSE,,FALSE,,JRN_NDLS_DDN_01_20260902_161648,0.2483,0,0.95,0.4541,1,NONE,NONE,,13.2,93.4,10:29:30,30,BASELINE_HISTORICAL_CALIBRATION,151.5,14
OBS_000451,10:30:00,13500,12017,ROUTE_NDLS_DDN_01,SYNTHETIC_SIMULATOR,OK,29.796625,77.60136,166.9,95,26.39,95,0,580.3,100,,570.01,SEC_MOZ_SRE,,MOZ,SRE,20.1,147.1,CRUISING,,,,,46.72,,,GREEN,LOW,FALSE,,FALSE,,JRN_NDLS_DDN_01_20260902_161648,0.2483,0,0.95,0.4541,1,NONE,NONE,,12.7,92.9,10:30:00,30,BASELINE_HISTORICAL_CALIBRATION,151,13.5
OBS_000452,10:30:30,13530,12017,ROUTE_NDLS_DDN_01,SYNTHETIC_SIMULATOR,OK,29.803217,77.59918,167.692,95,26.39,95,0,580.3,100,,559.1,SEC_MOZ_SRE,,MOZ,SRE,19.308,146.308,CRUISING,,,,,46.37,,,GREEN,LOW,FALSE,,FALSE,,JRN_NDLS_DDN_01_20260902_161648,0.2483,0,0.95,0.4541,1,NONE,NONE,,12.2,92.4,10:30:30,30,BASELINE_HISTORICAL_CALIBRATION,150.5,13
OBS_000453,10:31:00,13560,12017,ROUTE_NDLS_DDN_01,SYNTHETIC_SIMULATOR,OK,29.80981,77.596999,168.483,95,26.39,95,0,580.3,100,,547.98,SEC_MOZ_SRE,,MOZ,SRE,18.517,145.517,CRUISING,,,,,46.03,,,GREEN,LOW,FALSE,,FALSE,,JRN_NDLS_DDN_01_20260902_161648,0.2483,0,0.95,0.4541,1,NONE,NONE,,11.7,91.9,10:31:00,30,BASELINE_HISTORICAL_CALIBRATION,150,12.5
OBS_000454,10:31:30,13590,12017,ROUTE_NDLS_DDN_01,SYNTHETIC_SIMULATOR,OK,29.816402,77.594819,169.275,95,26.39,95,0,580.3,100,,536.63,SEC_MOZ_SRE,,MOZ,SRE,17.725,144.725,CRUISING,,,,,45.68,,,GREEN,LOW,FALSE,,FALSE,,JRN_NDLS_DDN_01_20260902_161648,0.2483,0,0.95,0.4541,1,NONE,NONE,,11.2,91.4,10:31:30,30,BASELINE_HISTORICAL_CALIBRATION,149.5,12
OBS_000455,10:32:00,13620,12017,ROUTE_NDLS_DDN_01,SYNTHETIC_SIMULATOR,OK,29.822994,77.592638,170.067,95,26.39,95,0,580.3,100,,525.03,SEC_MOZ_SRE,,MOZ,SRE,16.933,143.933,CRUISING,,,,,45.33,,,GREEN,LOW,FALSE,,FALSE,,JRN_NDLS_DDN_01_20260902_161648,0.2483,0,0.95,0.4541,1,NONE,NONE,,10.7,90.9,10:32:00,30,BASELINE_HISTORICAL_CALIBRATION,149,11.5
OBS_000456,10:32:30,13650,12017,ROUTE_NDLS_DDN_01,SYNTHETIC_SIMULATOR,OK,29.829586,77.590458,170.858,95,26.39,95,0,580.3,100,,513.17,SEC_MOZ_SRE,,MOZ,SRE,16.142,143.142,CRUISING,,,,,44.98,,,GREEN,LOW,FALSE,,FALSE,,JRN_NDLS_DDN_01_20260902_161648,0.2483,0,0.95,0.4541,1,NONE,NONE,,10.2,90.4,10:32:30,30,BASELINE_HISTORICAL_CALIBRATION,148.5,11
OBS_000457,10:33:00,13680,12017,ROUTE_NDLS_DDN_01,SYNTHETIC_SIMULATOR,OK,29.836179,77.588278,171.65,95,26.39,95,0,580.3,100,,501.03,SEC_MOZ_SRE,,MOZ,SRE,15.35,142.35,CRUISING,,,,,44.63,,,GREEN,LOW,FALSE,,FALSE,,JRN_NDLS_DDN_01_20260902_161648,0.2483,0,0.95,0.4541,1,NONE,NONE,,9.7,89.9,10:33:00,30,BASELINE_HISTORICAL_CALIBRATION,148,10.5
OBS_000458,10:33:30,13710,12017,ROUTE_NDLS_DDN_01,SYNTHETIC_SIMULATOR,OK,29.842771,77.586097,172.442,95,26.39,95,0,580.3,100,,488.59,SEC_MOZ_SRE,,MOZ,SRE,14.558,141.558,CRUISING,,,,,44.28,,,GREEN,LOW,FALSE,,FALSE,,JRN_NDLS_DDN_01_20260902_161648,0.2483,0,0.95,0.4541,1,NONE,NONE,,9.2,89.4,10:33:30,30,BASELINE_HISTORICAL_CALIBRATION,147.5,10
OBS_000459,10:34:00,13740,12017,ROUTE_NDLS_DDN_01,SYNTHETIC_SIMULATOR,OK,29.849363,77.583917,173.233,95,26.39,95,0,580.3,100,,475.83,SEC_MOZ_SRE,,MOZ,SRE,13.767,140.767,CRUISING,,,,,43.93,,,GREEN,LOW,FALSE,,FALSE,,JRN_NDLS_DDN_01_20260902_161648,0.2483,0,0.95,0.4541,1,NONE,NONE,,8.7,88.9,10:34:00,30,BASELINE_HISTORICAL_CALIBRATION,147,9.5
OBS_000460,10:34:30,13770,12017,ROUTE_NDLS_DDN_01,SYNTHETIC_SIMULATOR,OK,29.855956,77.581736,174.025,95,26.39,95,0,580.3,100,,462.71,SEC_MOZ_SRE,,MOZ,SRE,12.975,139.975,CRUISING,,,,,43.58,,,GREEN,LOW,FALSE,,FALSE,,JRN_NDLS_DDN_01_20260902_161648,0.2483,0,0.95,0.4541,1,NONE,NONE,,8.2,88.4,10:34:30,30,BASELINE_HISTORICAL_CALIBRATION,146.5,9
OBS_000461,10:35:00,13800,12017,ROUTE_NDLS_DDN_01,SYNTHETIC_SIMULATOR,OK,29.862548,77.579556,174.817,95,26.39,95,0,580.3,100,,449.21,SEC_MOZ_SRE,,MOZ,SRE,12.183,139.183,CRUISING,,,,,43.23,,,GREEN,LOW,FALSE,,FALSE,,JRN_NDLS_DDN_01_20260902_161648,0.2483,0,0.95,0.4541,1,NONE,NONE,,7.7,87.9,10:35:00,30,BASELINE_HISTORICAL_CALIBRATION,146,8.5
OBS_000462,10:35:30,13830,12017,ROUTE_NDLS_DDN_01,SYNTHETIC_SIMULATOR,OK,29.86914,77.577375,175.608,95,26.39,95,0,580.3,100,,435.29,SEC_MOZ_SRE,,MOZ,SRE,11.392,138.392,CRUISING,,,,,42.88,,,GREEN,LOW,FALSE,,FALSE,,JRN_NDLS_DDN_01_20260902_161648,0.2483,0,0.95,0.4541,1,NONE,NONE,,7.2,87.4,10:35:30,30,BASELINE_HISTORICAL_CALIBRATION,145.5,8
OBS_000463,10:36:00,13860,12017,ROUTE_NDLS_DDN_01,SYNTHETIC_SIMULATOR,OK,29.875733,77.575195,176.4,95,26.39,95,0,580.3,100,,420.91,SEC_MOZ_SRE,,MOZ,SRE,10.6,137.6,CRUISING,,,,,42.53,,,GREEN,LOW,FALSE,,FALSE,,JRN_NDLS_DDN_01_20260902_161648,0.2483,0,0.95,0.4541,1,NONE,NONE,,6.7,86.9,10:36:00,30,BASELINE_HISTORICAL_CALIBRATION,145,7.5
OBS_000464,10:36:30,13890,12017,ROUTE_NDLS_DDN_01,SYNTHETIC_SIMULATOR,OK,29.882325,77.573014,177.192,95,26.39,95,0,580.3,100,,406.02,SEC_MOZ_SRE,,MOZ,SRE,9.808,136.808,CRUISING,,,,,42.18,,,GREEN,LOW,FALSE,,FALSE,,JRN_NDLS_DDN_01_20260902_161648,0.2483,0,0.95,0.4541,1,NONE,NONE,,6.2,86.4,10:36:30,30,BASELINE_HISTORICAL_CALIBRATION,144.5,7
OBS_000465,10:37:00,13920,12017,ROUTE_NDLS_DDN_01,SYNTHETIC_SIMULATOR,OK,29.888917,77.570834,177.983,95,26.39,95,0,580.3,100,,390.56,SEC_MOZ_SRE,,MOZ,SRE,9.017,136.017,CRUISING,,,,,41.83,,,GREEN,LOW,FALSE,,FALSE,,JRN_NDLS_DDN_01_20260902_161648,0.2483,0,0.95,0.4541,1,NONE,NONE,,5.7,85.9,10:37:00,30,BASELINE_HISTORICAL_CALIBRATION,144,6.5
OBS_000466,10:37:30,13950,12017,ROUTE_NDLS_DDN_01,SYNTHETIC_SIMULATOR,OK,29.895509,77.568654,178.775,95,26.39,95,0,580.3,100,,374.47,SEC_MOZ_SRE,,MOZ,SRE,8.225,135.225,CRUISING,,,,,41.48,,,GREEN,LOW,FALSE,,FALSE,,JRN_NDLS_DDN_01_20260902_161648,0.2483,0,0.95,0.4541,1,NONE,NONE,,5.2,85.4,10:37:30,30,BASELINE_HISTORICAL_CALIBRATION,143.5,6
OBS_000467,10:38:00,13980,12017,ROUTE_NDLS_DDN_01,SYNTHETIC_SIMULATOR,OK,29.902102,77.566473,179.567,95,26.39,95,0,580.3,100,,357.65,SEC_MOZ_SRE,,MOZ,SRE,7.433,134.433,CRUISING,,,,,41.13,,,GREEN,LOW,FALSE,,FALSE,,JRN_NDLS_DDN_01_20260902_161648,0.2483,0,0.95,0.4541,1,NONE,NONE,,4.7,84.9,10:38:00,30,BASELINE_HISTORICAL_CALIBRATION,143,5.5
OBS_000468,10:38:30,14010,12017,ROUTE_NDLS_DDN_01,SYNTHETIC_SIMULATOR,OK,29.908694,77.564293,180.358,95,26.39,95,0,580.3,100,,340,SEC_MOZ_SRE,,MOZ,SRE,6.642,133.642,CRUISING,,,,,40.78,,,GREEN,LOW,FALSE,,FALSE,,JRN_NDLS_DDN_01_20260902_161648,0.2483,0,0.95,0.4541,1,NONE,NONE,,4.2,84.4,10:38:30,30,BASELINE_HISTORICAL_CALIBRATION,142.5,5
OBS_000469,10:39:00,14040,12017,ROUTE_NDLS_DDN_01,SYNTHETIC_SIMULATOR,OK,29.915286,77.562112,181.15,95,26.39,95,0,580.3,100,,321.39,SEC_MOZ_SRE,,MOZ,SRE,5.85,132.85,CRUISING,,,,,40.43,,,GREEN,LOW,FALSE,,FALSE,,JRN_NDLS_DDN_01_20260902_161648,0.2483,0,0.95,0.4541,1,NONE,NONE,,3.7,83.9,10:39:00,30,BASELINE_HISTORICAL_CALIBRATION,142,4.5
OBS_000470,10:39:30,14070,12017,ROUTE_NDLS_DDN_01,SYNTHETIC_SIMULATOR,OK,29.921879,77.559932,181.942,95,26.39,95,0,580.3,100,,301.63,SEC_MOZ_SRE,,MOZ,SRE,5.058,132.058,CRUISING,,,,,40.08,,,GREEN,LOW,FALSE,,FALSE,,JRN_NDLS_DDN_01_20260902_161648,0.2483,0,0.95,0.4541,1,NONE,NONE,,3.2,83.4,10:39:30,30,BASELINE_HISTORICAL_CALIBRATION,141.5,4
OBS_000471,10:40:00,14100,12017,ROUTE_NDLS_DDN_01,SYNTHETIC_SIMULATOR,OK,29.928471,77.557751,182.733,95,26.39,95,0,580.3,100,,280.48,SEC_MOZ_SRE,,MOZ,SRE,4.267,131.267,CRUISING,,,,,39.73,,,GREEN,LOW,FALSE,,FALSE,,JRN_NDLS_DDN_01_20260902_161648,0.2483,0,0.95,0.4541,1,NONE,NONE,,2.7,82.9,10:40:00,30,BASELINE_HISTORICAL_CALIBRATION,141,3.5
OBS_000472,10:40:30,14130,12017,ROUTE_NDLS_DDN_01,SYNTHETIC_SIMULATOR,OK,29.935063,77.555571,183.525,95,26.39,95,0,580.3,100,,257.6,SEC_MOZ_SRE,,MOZ,SRE,3.475,130.475,CRUISING,,,,,39.38,,,GREEN,LOW,FALSE,,FALSE,,JRN_NDLS_DDN_01_20260902_161648,0.2483,0,0.95,0.4541,1,NONE,NONE,,2.2,82.4,10:40:30,30,BASELINE_HISTORICAL_CALIBRATION,140.5,3
OBS_000473,10:41:00,14160,12017,ROUTE_NDLS_DDN_01,SYNTHETIC_SIMULATOR,OK,29.941656,77.553391,184.317,95,26.39,95,0,580.3,100,,232.47,SEC_MOZ_SRE,,MOZ,SRE,2.683,129.683,CRUISING,,,,,39.03,,,GREEN,LOW,FALSE,,FALSE,,JRN_NDLS_DDN_01_20260902_161648,0.2483,0,0.95,0.4541,1,NONE,NONE,,1.7,81.9,10:41:00,30,BASELINE_HISTORICAL_CALIBRATION,140,2.5
OBS_000474,10:41:30,14190,12017,ROUTE_NDLS_DDN_01,SYNTHETIC_SIMULATOR,OK,29.948248,77.55121,185.108,95,26.39,95,0,580.3,100,,204.28,SEC_MOZ_SRE,,MOZ,SRE,1.892,128.892,CRUISING,,,,,38.68,,,GREEN,LOW,FALSE,,FALSE,,JRN_NDLS_DDN_01_20260902_161648,0.2483,0,0.95,0.4541,1,NONE,NONE,,1.2,81.4,10:41:30,30,BASELINE_HISTORICAL_CALIBRATION,139.5,2
OBS_000475,10:42:00,14220,12017,ROUTE_NDLS_DDN_01,SYNTHETIC_SIMULATOR,OK,29.95484,77.54903,185.9,95,26.39,95,0,580.3,100,,171.52,SEC_MOZ_SRE,,MOZ,SRE,1.1,128.1,CRUISING,,,,,38.33,,,GREEN,LOW,FALSE,,FALSE,,JRN_NDLS_DDN_01_20260902_161648,0.2483,0,0.95,0.4541,1,NONE,NONE,,0.7,80.9,10:42:00,30,BASELINE_HISTORICAL_CALIBRATION,139,1.5
OBS_000476,10:42:30,14250,12017,ROUTE_NDLS_DDN_01,SYNTHETIC_SIMULATOR,OK,29.961432,77.546849,186.692,95,26.39,95,0,580.3,100,,130.79,SEC_MOZ_SRE,,MOZ,SRE,0.308,127.308,CRUISING,,,,,37.98,,,GREEN,LOW,FALSE,,FALSE,,JRN_NDLS_DDN_01_20260902_161648,0.2483,0,0.95,0.4541,1,NONE,NONE,,0.2,80.4,10:42:30,30,BASELINE_HISTORICAL_CALIBRATION,138.5,1
OBS_000477,10:43:00,14280,12017,ROUTE_NDLS_DDN_01,SYNTHETIC_SIMULATOR,OK,29.961432,77.546849,186.692,30.2,8.39,69.25,-0.6,58.6,100,,69.25,SEC_MOZ_SRE,,MOZ,SRE,0.308,127.308,DECELERATING,,,,,37.63,,,GREEN,LOW,FALSE,,FALSE,,JRN_NDLS_DDN_01_20260902_161648,0.2483,0,0.95,0.4541,1,NONE,NONE,,0.6,252.9,10:43:00,30,BASELINE_HISTORICAL_CALIBRATION,138,0.5
OBS_000478,10:43:30,14310,12017,ROUTE_NDLS_DDN_01,SYNTHETIC_SIMULATOR,OK,29.964,77.546,187,0,0,69.25,0,0,100,,69.25,SEC_MOZ_SRE,SRE,SRE,RK,34,127,DWELLING,ARRIVED,10:43:30,,,38.13,,,GREEN,LOW,FALSE,,FALSE,,JRN_NDLS_DDN_01_20260902_161648,0.2483,0,0.95,0.4541,1,NONE,NONE,,81.6,304.8,10:43:30,30,BASELINE_HISTORICAL_CALIBRATION,137.5,31
OBS_000479,10:44:00,14340,12017,ROUTE_NDLS_DDN_01,SYNTHETIC_SIMULATOR,OK,29.964,77.546,187,0,0,0,0,0,100,,0,SEC_SRE_RK,SRE,SRE,RK,34,127,DWELLING,,,,,38.3,,,GREEN,LOW,FALSE,,FALSE,,JRN_NDLS_DDN_01_20260902_161648,0.2483,0,0.95,0.4541,1,NONE,NONE,,81.6,304.8,10:44:00,30,BASELINE_HISTORICAL_CALIBRATION,137,30.5
OBS_000480,10:44:30,14370,12017,ROUTE_NDLS_DDN_01,SYNTHETIC_SIMULATOR,OK,29.964,77.546,187,0,0,0,0,0,100,,0,SEC_SRE_RK,SRE,SRE,RK,34,127,DWELLING,,,,,38.8,,,GREEN,LOW,FALSE,,FALSE,,JRN_NDLS_DDN_01_20260902_161648,0.2483,0,0.95,0.4541,1,NONE,NONE,,81.6,304.8,10:44:30,30,BASELINE_HISTORICAL_CALIBRATION,136.5,30
OBS_000481,10:45:00,14400,12017,ROUTE_NDLS_DDN_01,SYNTHETIC_SIMULATOR,OK,29.964,77.546,187,0,0,0,0,0,100,,0,SEC_SRE_RK,SRE,SRE,RK,34,127,DWELLING,,,,,39.3,,,GREEN,LOW,FALSE,,FALSE,,JRN_NDLS_DDN_01_20260902_161648,0.2483,0,0.95,0.4541,1,NONE,NONE,,81.6,304.8,10:45:00,30,BASELINE_HISTORICAL_CALIBRATION,136,29.5
OBS_000482,10:45:30,14430,12017,ROUTE_NDLS_DDN_01,SYNTHETIC_SIMULATOR,OK,29.964,77.546,187,0,0,0,0,0,100,,0,SEC_SRE_RK,SRE,SRE,RK,34,127,DWELLING,,,,,39.8,,,GREEN,LOW,FALSE,,FALSE,,JRN_NDLS_DDN_01_20260902_161648,0.2483,0,0.95,0.4541,1,NONE,NONE,,81.6,304.8,10:45:30,30,BASELINE_HISTORICAL_CALIBRATION,135.5,29
OBS_000483,10:46:00,14460,12017,ROUTE_NDLS_DDN_01,SYNTHETIC_SIMULATOR,OK,29.964,77.546,187,0,0,0,0,0,100,,0,SEC_SRE_RK,SRE,SRE,RK,34,127,DWELLING,,,,,40.3,,,GREEN,LOW,FALSE,,FALSE,,JRN_NDLS_DDN_01_20260902_161648,0.2483,0,0.95,0.4541,1,NONE,NONE,,81.6,304.8,10:46:00,30,BASELINE_HISTORICAL_CALIBRATION,135,28.5
OBS_000484,10:46:30,14490,12017,ROUTE_NDLS_DDN_01,SYNTHETIC_SIMULATOR,OK,29.964,77.546,187,0,0,0,0,0,100,,0,SEC_SRE_RK,SRE,SRE,RK,34,127,DWELLING,,,,,40.8,,,GREEN,LOW,FALSE,,FALSE,,JRN_NDLS_DDN_01_20260902_161648,0.2483,0,0.95,0.4541,1,NONE,NONE,,81.6,304.8,10:46:30,30,BASELINE_HISTORICAL_CALIBRATION,134.5,28
OBS_000485,10:47:00,14520,12017,ROUTE_NDLS_DDN_01,SYNTHETIC_SIMULATOR,OK,29.964,77.546,187,0,0,0,0,0,100,,0,SEC_SRE_RK,SRE,SRE,RK,34,127,DWELLING,,,,,41.3,,,GREEN,LOW,FALSE,,FALSE,,JRN_NDLS_DDN_01_20260902_161648,0.2483,0,0.95,0.4541,1,NONE,NONE,,81.6,304.8,10:47:00,30,BASELINE_HISTORICAL_CALIBRATION,134,27.5
OBS_000486,10:47:30,14550,12017,ROUTE_NDLS_DDN_01,SYNTHETIC_SIMULATOR,OK,29.964,77.546,187,0,0,0,0,0,100,,0,SEC_SRE_RK,SRE,SRE,RK,34,127,DWELLING,,,,,41.8,,,GREEN,LOW,FALSE,,FALSE,,JRN_NDLS_DDN_01_20260902_161648,0.2483,0,0.95,0.4541,1,NONE,NONE,,81.6,304.8,10:47:30,30,BASELINE_HISTORICAL_CALIBRATION,133.5,27
OBS_000487,10:48:00,14580,12017,ROUTE_NDLS_DDN_01,SYNTHETIC_SIMULATOR,OK,29.964,77.546,187,0,0,0,0,0,100,,0,SEC_SRE_RK,SRE,SRE,RK,34,127,DWELLING,,,,,42.3,,,GREEN,LOW,FALSE,,FALSE,,JRN_NDLS_DDN_01_20260902_161648,0.2483,0,0.95,0.4541,1,NONE,NONE,,81.6,304.8,10:48:00,30,BASELINE_HISTORICAL_CALIBRATION,133,26.5
OBS_000488,10:48:30,14610,12017,ROUTE_NDLS_DDN_01,SYNTHETIC_SIMULATOR,OK,29.964,77.546,187,0,0,0,0,0,100,,0,SEC_SRE_RK,SRE,SRE,RK,34,127,DWELLING,,,,,42.8,,,GREEN,LOW,FALSE,,FALSE,,JRN_NDLS_DDN_01_20260902_161648,0.2483,0,0.95,0.4541,1,NONE,NONE,,81.6,304.8,10:48:30,30,BASELINE_HISTORICAL_CALIBRATION,132.5,26
OBS_000489,10:49:00,14640,12017,ROUTE_NDLS_DDN_01,SYNTHETIC_SIMULATOR,OK,29.964,77.546,187,0,0,0,0,0,100,,0,SEC_SRE_RK,SRE,SRE,RK,34,127,DWELLING,,,,,43.3,,,GREEN,LOW,FALSE,,FALSE,,JRN_NDLS_DDN_01_20260902_161648,0.2483,0,0.95,0.4541,1,NONE,NONE,,81.6,304.8,10:49:00,30,BASELINE_HISTORICAL_CALIBRATION,132,25.5
OBS_000490,10:49:30,14670,12017,ROUTE_NDLS_DDN_01,SYNTHETIC_SIMULATOR,OK,29.964,77.546,187,0,0,0,0,0,100,,0,SEC_SRE_RK,SRE,SRE,RK,34,127,DWELLING,,,,,43.8,,,GREEN,LOW,FALSE,,FALSE,,JRN_NDLS_DDN_01_20260902_161648,0.2483,0,0.95,0.4541,1,NONE,NONE,,81.6,304.8,10:49:30,30,BASELINE_HISTORICAL_CALIBRATION,131.5,25
OBS_000491,10:50:00,14700,12017,ROUTE_NDLS_DDN_01,SYNTHETIC_SIMULATOR,OK,29.964,77.546,187,0,0,0,0,0,100,,0,SEC_SRE_RK,SRE,SRE,RK,34,127,DWELLING,,,,,44.3,,,GREEN,LOW,FALSE,,FALSE,,JRN_NDLS_DDN_01_20260902_161648,0.2483,0,0.95,0.4541,1,NONE,NONE,,81.6,304.8,10:50:00,30,BASELINE_HISTORICAL_CALIBRATION,131,24.5
OBS_000492,10:50:30,14730,12017,ROUTE_NDLS_DDN_01,SYNTHETIC_SIMULATOR,OK,29.964,77.546,187,0,0,0,0,0,100,,0,SEC_SRE_RK,SRE,SRE,RK,34,127,DWELLING,,,,,44.8,,,GREEN,LOW,FALSE,,FALSE,,JRN_NDLS_DDN_01_20260902_161648,0.2483,0,0.95,0.4541,1,NONE,NONE,,81.6,304.8,10:50:30,30,BASELINE_HISTORICAL_CALIBRATION,130.5,24
OBS_000493,10:51:00,14760,12017,ROUTE_NDLS_DDN_01,SYNTHETIC_SIMULATOR,OK,29.964,77.546,187,0,0,0,0,0,100,,0,SEC_SRE_RK,SRE,SRE,RK,34,127,DWELLING,,,,,45.3,,,GREEN,LOW,FALSE,,FALSE,,JRN_NDLS_DDN_01_20260902_161648,0.2483,0,0.95,0.4541,1,NONE,NONE,,81.6,304.8,10:51:00,30,BASELINE_HISTORICAL_CALIBRATION,130,23.5
OBS_000494,10:51:30,14790,12017,ROUTE_NDLS_DDN_01,SYNTHETIC_SIMULATOR,OK,29.964,77.546,187,0,0,0,0,0,100,,0,SEC_SRE_RK,SRE,SRE,RK,34,127,DWELLING,,,,,45.8,,,GREEN,LOW,FALSE,,FALSE,,JRN_NDLS_DDN_01_20260902_161648,0.2483,0,0.95,0.4541,1,NONE,NONE,,81.6,304.8,10:51:30,30,BASELINE_HISTORICAL_CALIBRATION,129.5,23
OBS_000495,10:52:00,14820,12017,ROUTE_NDLS_DDN_01,SYNTHETIC_SIMULATOR,OK,29.964,77.546,187,0,0,0,0,0,100,,0,SEC_SRE_RK,SRE,SRE,RK,34,127,DWELLING,,,,,46.3,,,GREEN,LOW,FALSE,,FALSE,,JRN_NDLS_DDN_01_20260902_161648,0.2483,0,0.95,0.4541,1,NONE,NONE,,81.6,304.8,10:52:00,30,BASELINE_HISTORICAL_CALIBRATION,129,22.5
OBS_000496,10:52:30,14850,12017,ROUTE_NDLS_DDN_01,SYNTHETIC_SIMULATOR,OK,29.964,77.546,187,0,0,0,0,0,100,,0,SEC_SRE_RK,SRE,SRE,RK,34,127,DWELLING,,,,,46.8,,,GREEN,LOW,FALSE,,FALSE,,JRN_NDLS_DDN_01_20260902_161648,0.2483,0,0.95,0.4541,1,NONE,NONE,,81.6,304.8,10:52:30,30,BASELINE_HISTORICAL_CALIBRATION,128.5,22
OBS_000497,10:53:00,14880,12017,ROUTE_NDLS_DDN_01,SYNTHETIC_SIMULATOR,OK,29.964,77.546,187,0,0,0,0,0,100,,0,SEC_SRE_RK,SRE,SRE,RK,34,127,DWELLING,,,,,47.3,,,GREEN,LOW,FALSE,,FALSE,,JRN_NDLS_DDN_01_20260902_161648,0.2483,0,0.95,0.4541,1,NONE,NONE,,81.6,304.8,10:53:00,30,BASELINE_HISTORICAL_CALIBRATION,128,21.5
OBS_000498,10:53:30,14910,12017,ROUTE_NDLS_DDN_01,SYNTHETIC_SIMULATOR,OK,29.964,77.546,187.675,54,15,95,0.5,187.5,100,,727.16,SEC_SRE_RK,SRE,SRE,RK,33.325,126.325,ACCELERATING,DEPARTED,,10:53:30,10,47.8,,,GREEN,LOW,FALSE,,FALSE,,JRN_NDLS_DDN_01_20260902_161648,0.2483,0,0.95,0.4541,1,NONE,NONE,,37,140.4,10:53:30,30,BASELINE_HISTORICAL_CALIBRATION,127.5,21
OBS_000499,10:54:00,14940,12017,ROUTE_NDLS_DDN_01,SYNTHETIC_SIMULATOR,OK,29.958542,77.563016,188.692,95,26.39,95,0.5,580.3,100,,719.91,SEC_SRE_RK,,SRE,RK,32.308,125.308,ACCELERATING,,,,,47.58,,,GREEN,LOW,FALSE,,FALSE,,JRN_NDLS_DDN_01_20260902_161648,0.2483,0,0.95,0.4541,1,NONE,NONE,,20.4,79.1,10:54:00,30,BASELINE_HISTORICAL_CALIBRATION,127,20.5
OBS_000500,10:54:30,14970,12017,ROUTE_NDLS_DDN_01,SYNTHETIC_SIMULATOR,OK,29.955988,77.570979,189.483,95,26.39,95,0,580.3,100,,708.84,SEC_SRE_RK,,SRE,RK,31.517,124.517,CRUISING,,,,,46.99,,,GREEN,LOW,FALSE,,FALSE,,JRN_NDLS_DDN_01_20260902_161648,0.2483,0,0.95,0.4541,1,NONE,NONE,,19.9,78.6,10:54:30,30,BASELINE_HISTORICAL_CALIBRATION,126.5,20
OBS_000501,10:55:00,15000,12017,ROUTE_NDLS_DDN_01,SYNTHETIC_SIMULATOR,OK,29.953433,77.578943,190.275,95,26.39,95,0,580.3,100,,700.11,SEC_SRE_RK,,SRE,RK,30.725,123.725,CRUISING,,,,,46.64,,,GREEN,LOW,FALSE,,FALSE,,JRN_NDLS_DDN_01_20260902_161648,0.2483,0,0.95,0.4541,1,NONE,NONE,,19.4,78.1,10:55:00,30,BASELINE_HISTORICAL_CALIBRATION,126,19.5
OBS_000502,10:55:30,15030,12017,ROUTE_NDLS_DDN_01,SYNTHETIC_SIMULATOR,OK,29.950879,77.586906,191.067,95,26.39,95,0,580.3,100,,691.26,SEC_SRE_RK,,SRE,RK,29.933,122.933,CRUISING,,,,,46.29,,,GREEN,LOW,FALSE,,FALSE,,JRN_NDLS_DDN_01_20260902_161648,0.2483,0,0.95,0.4541,1,NONE,NONE,,18.9,77.6,10:55:30,30,BASELINE_HISTORICAL_CALIBRATION,125.5,19
OBS_000503,10:56:00,15060,12017,ROUTE_NDLS_DDN_01,SYNTHETIC_SIMULATOR,OK,29.948325,77.594869,191.858,95,26.39,95,0,580.3,100,,682.29,SEC_SRE_RK,,SRE,RK,29.142,122.142,CRUISING,,,,,45.94,,,GREEN,LOW,FALSE,,FALSE,,JRN_NDLS_DDN_01_20260902_161648,0.2483,0,0.95,0.4541,1,NONE,NONE,,18.4,77.1,10:56:00,30,BASELINE_HISTORICAL_CALIBRATION,125,18.5
OBS_000504,10:56:30,15090,12017,ROUTE_NDLS_DDN_01,SYNTHETIC_SIMULATOR,OK,29.94577,77.602832,192.65,95,26.39,95,0,580.3,100,,673.21,SEC_SRE_RK,,SRE,RK,28.35,121.35,CRUISING,,,,,45.59,,,GREEN,LOW,FALSE,,FALSE,,JRN_NDLS_DDN_01_20260902_161648,0.2483,0,0.95,0.4541,1,NONE,NONE,,17.9,76.6,10:56:30,30,BASELINE_HISTORICAL_CALIBRATION,124.5,18
OBS_000505,10:57:00,15120,12017,ROUTE_NDLS_DDN_01,SYNTHETIC_SIMULATOR,OK,29.943216,77.610796,193.442,95,26.39,95,0,580.3,100,,664,SEC_SRE_RK,,SRE,RK,27.558,120.558,CRUISING,,,,,45.24,,,GREEN,LOW,FALSE,,FALSE,,JRN_NDLS_DDN_01_20260902_161648,0.2483,0,0.95,0.4541,1,NONE,NONE,,17.4,76.1,10:57:00,30,BASELINE_HISTORICAL_CALIBRATION,124,17.5
OBS_000506,10:57:30,15150,12017,ROUTE_NDLS_DDN_01,SYNTHETIC_SIMULATOR,OK,29.940662,77.618759,194.233,95,26.39,95,0,580.3,100,,654.67,SEC_SRE_RK,,SRE,RK,26.767,119.767,CRUISING,,,,,44.89,,,GREEN,LOW,FALSE,,FALSE,,JRN_NDLS_DDN_01_20260902_161648,0.2483,0,0.95,0.4541,1,NONE,NONE,,16.9,75.6,10:57:30,30,BASELINE_HISTORICAL_CALIBRATION,123.5,17
OBS_000507,10:58:00,15180,12017,ROUTE_NDLS_DDN_01,SYNTHETIC_SIMULATOR,OK,29.938108,77.626722,195.025,95,26.39,95,0,580.3,100,,645.19,SEC_SRE_RK,,SRE,RK,25.975,118.975,CRUISING,,,,,44.54,,,GREEN,LOW,FALSE,,FALSE,,JRN_NDLS_DDN_01_20260902_161648,0.2483,0,0.95,0.4541,1,NONE,NONE,,16.4,75.1,10:58:00,30,BASELINE_HISTORICAL_CALIBRATION,123,16.5
OBS_000508,10:58:30,15210,12017,ROUTE_NDLS_DDN_01,SYNTHETIC_SIMULATOR,OK,29.935553,77.634685,195.817,95,26.39,95,0,580.3,100,,635.58,SEC_SRE_RK,,SRE,RK,25.183,118.183,CRUISING,,,,,44.19,,,GREEN,LOW,FALSE,,FALSE,,JRN_NDLS_DDN_01_20260902_161648,0.2483,0,0.95,0.4541,1,NONE,NONE,,15.9,74.6,10:58:30,30,BASELINE_HISTORICAL_CALIBRATION,122.5,16
OBS_000509,10:59:00,15240,12017,ROUTE_NDLS_DDN_01,SYNTHETIC_SIMULATOR,OK,29.932999,77.642649,196.608,95,26.39,95,0,580.3,100,,625.82,SEC_SRE_RK,,SRE,RK,24.392,117.392,CRUISING,,,,,43.84,,,GREEN,LOW,FALSE,,FALSE,,JRN_NDLS_DDN_01_20260902_161648,0.2483,0,0.95,0.4541,1,NONE,NONE,,15.4,74.1,10:59:00,30,BASELINE_HISTORICAL_CALIBRATION,122,15.5
OBS_000510,10:59:30,15270,12017,ROUTE_NDLS_DDN_01,SYNTHETIC_SIMULATOR,OK,29.930445,77.650612,197.4,95,26.39,95,0,580.3,100,,615.91,SEC_SRE_RK,,SRE,RK,23.6,116.6,CRUISING,,,,,43.49,,,GREEN,LOW,FALSE,,FALSE,,JRN_NDLS_DDN_01_20260902_161648,0.2483,0,0.95,0.4541,1,NONE,NONE,,14.9,73.6,10:59:30,30,BASELINE_HISTORICAL_CALIBRATION,121.5,15
OBS_000511,11:00:00,15300,12017,ROUTE_NDLS_DDN_01,SYNTHETIC_SIMULATOR,OK,29.92789,77.658575,198.192,95,26.39,95,0,580.3,100,,605.83,SEC_SRE_RK,,SRE,RK,22.808,115.808,CRUISING,,,,,43.14,,,GREEN,LOW,FALSE,,FALSE,,JRN_NDLS_DDN_01_20260902_161648,0.2472,0,0.95,0.4541,0.92,NONE,NONE,,14.4,73.1,11:00:00,30,BASELINE_HISTORICAL_CALIBRATION,121,14.5
OBS_000512,11:00:30,15330,12017,ROUTE_NDLS_DDN_01,SYNTHETIC_SIMULATOR,OK,29.925336,77.666538,198.983,95,26.39,95,0,580.3,100,,595.58,SEC_SRE_RK,,SRE,RK,22.017,115.017,CRUISING,,,,,42.79,,,GREEN,LOW,FALSE,,FALSE,,JRN_NDLS_DDN_01_20260902_161648,0.2472,0,0.95,0.4541,0.92,NONE,NONE,,13.9,72.6,11:00:30,30,BASELINE_HISTORICAL_CALIBRATION,120.5,14
OBS_000513,11:01:00,15360,12017,ROUTE_NDLS_DDN_01,SYNTHETIC_SIMULATOR,OK,29.922782,77.674501,199.775,95,26.39,95,0,580.3,100,,585.15,SEC_SRE_RK,,SRE,RK,21.225,114.225,CRUISING,,,,,42.44,,,GREEN,LOW,FALSE,,FALSE,,JRN_NDLS_DDN_01_20260902_161648,0.2472,0,0.95,0.4541,0.92,NONE,NONE,,13.4,72.1,11:01:00,30,BASELINE_HISTORICAL_CALIBRATION,120,13.5
OBS_000514,11:01:30,15390,12017,ROUTE_NDLS_DDN_01,SYNTHETIC_SIMULATOR,OK,29.920228,77.682465,200.567,95,26.39,95,0,580.3,100,,574.54,SEC_SRE_RK,,SRE,RK,20.433,113.433,CRUISING,,,,,42.09,,,GREEN,LOW,FALSE,,FALSE,,JRN_NDLS_DDN_01_20260902_161648,0.2472,0,0.95,0.4541,0.92,NONE,NONE,,12.9,71.6,11:01:30,30,BASELINE_HISTORICAL_CALIBRATION,119.5,13
OBS_000515,11:02:00,15420,12017,ROUTE_NDLS_DDN_01,SYNTHETIC_SIMULATOR,OK,29.917673,77.690428,201.358,95,26.39,95,0,580.3,100,,563.72,SEC_SRE_RK,,SRE,RK,19.642,112.642,CRUISING,,,,,41.74,,,GREEN,LOW,FALSE,,FALSE,,JRN_NDLS_DDN_01_20260902_161648,0.2472,0,0.95,0.4541,0.92,NONE,NONE,,12.4,71.1,11:02:00,30,BASELINE_HISTORICAL_CALIBRATION,119,12.5
OBS_000516,11:02:30,15450,12017,ROUTE_NDLS_DDN_01,SYNTHETIC_SIMULATOR,OK,29.915119,77.698391,202.15,95,26.39,95,0,580.3,100,,552.69,SEC_SRE_RK,,SRE,RK,18.85,111.85,CRUISING,,,,,41.39,,,GREEN,LOW,FALSE,,FALSE,,JRN_NDLS_DDN_01_20260902_161648,0.2472,0,0.95,0.4541,0.92,NONE,NONE,,11.9,70.6,11:02:30,30,BASELINE_HISTORICAL_CALIBRATION,118.5,12
OBS_000517,11:03:00,15480,12017,ROUTE_NDLS_DDN_01,SYNTHETIC_SIMULATOR,OK,29.912565,77.706354,202.942,95,26.39,95,0,580.3,100,,541.44,SEC_SRE_RK,,SRE,RK,18.058,111.058,CRUISING,,,,,41.04,,,GREEN,LOW,FALSE,,FALSE,,JRN_NDLS_DDN_01_20260902_161648,0.2472,0,0.95,0.4541,0.92,NONE,NONE,,11.4,70.1,11:03:00,30,BASELINE_HISTORICAL_CALIBRATION,118,11.5
OBS_000518,11:03:30,15510,12017,ROUTE_NDLS_DDN_01,SYNTHETIC_SIMULATOR,OK,29.91001,77.714318,203.733,95,26.39,95,0,580.3,100,,529.95,SEC_SRE_RK,,SRE,RK,17.267,110.267,CRUISING,,,,,40.69,,,GREEN,LOW,FALSE,,FALSE,,JRN_NDLS_DDN_01_20260902_161648,0.2472,0,0.95,0.4541,0.92,NONE,NONE,,10.9,69.6,11:03:30,30,BASELINE_HISTORICAL_CALIBRATION,117.5,11
OBS_000519,11:04:00,15540,12017,ROUTE_NDLS_DDN_01,SYNTHETIC_SIMULATOR,OK,29.907456,77.722281,204.525,95,26.39,95,0,580.3,100,,518.2,SEC_SRE_RK,,SRE,RK,16.475,109.475,CRUISING,,,,,40.34,,,GREEN,LOW,FALSE,,FALSE,,JRN_NDLS_DDN_01_20260902_161648,0.2472,0,0.95,0.4541,0.92,NONE,NONE,,10.4,69.1,11:04:00,30,BASELINE_HISTORICAL_CALIBRATION,117,10.5
OBS_000520,11:04:30,15570,12017,ROUTE_NDLS_DDN_01,SYNTHETIC_SIMULATOR,OK,29.904902,77.730244,205.317,95,26.39,95,0,580.3,100,,506.18,SEC_SRE_RK,,SRE,RK,15.683,108.683,CRUISING,,,,,39.99,,,GREEN,LOW,FALSE,,FALSE,,JRN_NDLS_DDN_01_20260902_161648,0.2472,0,0.95,0.4541,0.92,NONE,NONE,,9.9,68.6,11:04:30,30,BASELINE_HISTORICAL_CALIBRATION,116.5,10
OBS_000521,11:05:00,15600,12017,ROUTE_NDLS_DDN_01,SYNTHETIC_SIMULATOR,OK,29.902348,77.738207,206.108,95,26.39,95,0,580.3,100,,493.87,SEC_SRE_RK,,SRE,RK,14.892,107.892,CRUISING,,,,,39.64,,,GREEN,LOW,FALSE,,FALSE,,JRN_NDLS_DDN_01_20260902_161648,0.2472,0,0.95,0.4541,0.92,NONE,NONE,,9.4,68.1,11:05:00,30,BASELINE_HISTORICAL_CALIBRATION,116,9.5
OBS_000522,11:05:30,15630,12017,ROUTE_NDLS_DDN_01,SYNTHETIC_SIMULATOR,OK,29.899793,77.746171,206.9,95,26.39,95,0,580.3,100,,481.24,SEC_SRE_RK,,SRE,RK,14.1,107.1,CRUISING,,,,,39.29,,,GREEN,LOW,FALSE,,FALSE,,JRN_NDLS_DDN_01_20260902_161648,0.2472,0,0.95,0.4541,0.92,NONE,NONE,,8.9,67.6,11:05:30,30,BASELINE_HISTORICAL_CALIBRATION,115.5,9
OBS_000523,11:06:00,15660,12017,ROUTE_NDLS_DDN_01,SYNTHETIC_SIMULATOR,OK,29.897239,77.754134,207.692,95,26.39,95,0,580.3,100,,468.28,SEC_SRE_RK,,SRE,RK,13.308,106.308,CRUISING,,,,,38.94,,,GREEN,LOW,FALSE,,FALSE,,JRN_NDLS_DDN_01_20260902_161648,0.2472,0,0.95,0.4541,0.92,NONE,NONE,,8.4,67.1,11:06:00,30,BASELINE_HISTORICAL_CALIBRATION,115,8.5
OBS_000524,11:06:30,15690,12017,ROUTE_NDLS_DDN_01,SYNTHETIC_SIMULATOR,OK,29.894685,77.762097,208.483,95,26.39,95,0,580.3,100,,454.94,SEC_SRE_RK,,SRE,RK,12.517,105.517,CRUISING,,,,,38.6,,,GREEN,LOW,FALSE,,FALSE,,JRN_NDLS_DDN_01_20260902_161648,0.2472,0,0.95,0.4541,0.92,NONE,NONE,,7.9,66.6,11:06:30,30,BASELINE_HISTORICAL_CALIBRATION,114.5,8
OBS_000525,11:07:00,15720,12017,ROUTE_NDLS_DDN_01,SYNTHETIC_SIMULATOR,OK,29.89213,77.77006,209.275,95,26.39,95,0,580.3,100,,441.2,SEC_SRE_RK,,SRE,RK,11.725,104.725,CRUISING,,,,,38.25,,,GREEN,LOW,FALSE,,FALSE,,JRN_NDLS_DDN_01_20260902_161648,0.2472,0,0.95,0.4541,0.92,NONE,NONE,,7.4,66.1,11:07:00,30,BASELINE_HISTORICAL_CALIBRATION,114,7.5
OBS_000526,11:07:30,15750,12017,ROUTE_NDLS_DDN_01,SYNTHETIC_SIMULATOR,OK,29.889576,77.778024,210.067,95,26.39,95,0,580.3,100,,427.02,SEC_SRE_RK,,SRE,RK,10.933,103.933,CRUISING,,,,,37.9,,,GREEN,LOW,FALSE,,FALSE,,JRN_NDLS_DDN_01_20260902_161648,0.2472,0,0.95,0.4541,0.92,NONE,NONE,,6.9,65.6,11:07:30,30,BASELINE_HISTORICAL_CALIBRATION,113.5,7
OBS_000527,11:08:00,15780,12017,ROUTE_NDLS_DDN_01,SYNTHETIC_SIMULATOR,OK,29.887022,77.785987,210.858,95,26.39,95,0,580.3,100,,412.35,SEC_SRE_RK,,SRE,RK,10.142,103.142,CRUISING,,,,,37.55,,,GREEN,LOW,FALSE,,FALSE,,JRN_NDLS_DDN_01_20260902_161648,0.2472,0,0.95,0.4541,0.92,NONE,NONE,,6.4,65.1,11:08:00,30,BASELINE_HISTORICAL_CALIBRATION,113,6.5
OBS_000528,11:08:30,15810,12017,ROUTE_NDLS_DDN_01,SYNTHETIC_SIMULATOR,OK,29.884467,77.79395,211.65,95,26.39,95,0,580.3,100,,397.14,SEC_SRE_RK,,SRE,RK,9.35,102.35,CRUISING,,,,,37.2,,,GREEN,LOW,FALSE,,FALSE,,JRN_NDLS_DDN_01_20260902_161648,0.2472,0,0.95,0.4541,0.92,NONE,NONE,,5.9,64.6,11:08:30,30,BASELINE_HISTORICAL_CALIBRATION,112.5,6
OBS_000529,11:09:00,15840,12017,ROUTE_NDLS_DDN_01,SYNTHETIC_SIMULATOR,OK,29.881913,77.801913,212.442,95,26.39,95,0,580.3,100,,381.33,SEC_SRE_RK,,SRE,RK,8.558,101.558,CRUISING,,,,,36.85,,,GREEN,LOW,FALSE,,FALSE,,JRN_NDLS_DDN_01_20260902_161648,0.2472,0,0.95,0.4541,0.92,NONE,NONE,,5.4,64.1,11:09:00,30,BASELINE_HISTORICAL_CALIBRATION,112,5.5
OBS_000530,11:09:30,15870,12017,ROUTE_NDLS_DDN_01,SYNTHETIC_SIMULATOR,OK,29.879359,77.809876,213.233,95,26.39,95,0,580.3,100,,364.83,SEC_SRE_RK,,SRE,RK,7.767,100.767,CRUISING,,,,,36.5,,,GREEN,LOW,FALSE,,FALSE,,JRN_NDLS_DDN_01_20260902_161648,0.2472,0,0.95,0.4541,0.92,NONE,NONE,,4.9,63.6,11:09:30,30,BASELINE_HISTORICAL_CALIBRATION,111.5,5
OBS_000531,11:10:00,15900,12017,ROUTE_NDLS_DDN_01,SYNTHETIC_SIMULATOR,OK,29.876805,77.81784,214.025,95,26.39,95,0,580.3,100,,347.54,SEC_SRE_RK,,SRE,RK,6.975,99.975,CRUISING,,,,,36.15,,,GREEN,LOW,FALSE,,FALSE,,JRN_NDLS_DDN_01_20260902_161648,0.2472,0,0.95,0.4541,0.92,NONE,NONE,,4.4,63.1,11:10:00,30,BASELINE_HISTORICAL_CALIBRATION,111,4.5
OBS_000532,11:10:30,15930,12017,ROUTE_NDLS_DDN_01,SYNTHETIC_SIMULATOR,OK,29.87425,77.825803,214.817,95,26.39,95,0,580.3,100,,329.36,SEC_SRE_RK,,SRE,RK,6.183,99.183,CRUISING,,,,,35.8,,,GREEN,LOW,FALSE,,FALSE,,JRN_NDLS_DDN_01_20260902_161648,0.2472,0,0.95,0.4541,0.92,NONE,NONE,,3.9,62.6,11:10:30,30,BASELINE_HISTORICAL_CALIBRATION,110.5,4
OBS_000533,11:11:00,15960,12017,ROUTE_NDLS_DDN_01,SYNTHETIC_SIMULATOR,OK,29.871696,77.833766,215.608,95,26.39,95,0,580.3,100,,310.1,SEC_SRE_RK,,SRE,RK,5.392,98.392,CRUISING,,,,,35.45,,,GREEN,LOW,FALSE,,FALSE,,JRN_NDLS_DDN_01_20260902_161648,0.2472,0,0.95,0.4541,0.92,NONE,NONE,,3.4,62.1,11:11:00,30,BASELINE_HISTORICAL_CALIBRATION,110,3.5
OBS_000534,11:11:30,15990,12017,ROUTE_NDLS_DDN_01,SYNTHETIC_SIMULATOR,OK,29.869142,77.841729,216.4,95,26.39,95,0,580.3,100,,289.57,SEC_SRE_RK,,SRE,RK,4.6,97.6,CRUISING,,,,,35.1,,,GREEN,LOW,FALSE,,FALSE,,JRN_NDLS_DDN_01_20260902_161648,0.2472,0,0.95,0.4541,0.92,NONE,NONE,,2.9,61.6,11:11:30,30,BASELINE_HISTORICAL_CALIBRATION,109.5,3
OBS_000535,11:12:00,16020,12017,ROUTE_NDLS_DDN_01,SYNTHETIC_SIMULATOR,OK,29.866587,77.849693,217.192,95,26.39,95,0,580.3,100,,267.47,SEC_SRE_RK,,SRE,RK,3.808,96.808,CRUISING,,,,,34.75,,,GREEN,LOW,FALSE,,FALSE,,JRN_NDLS_DDN_01_20260902_161648,0.2472,0,0.95,0.4541,0.92,NONE,NONE,,2.4,61.1,11:12:00,30,BASELINE_HISTORICAL_CALIBRATION,109,2.5
OBS_000536,11:12:30,16050,12017,ROUTE_NDLS_DDN_01,SYNTHETIC_SIMULATOR,OK,29.864033,77.857656,217.983,95,26.39,95,0,580.3,100,,243.37,SEC_SRE_RK,,SRE,RK,3.017,96.017,CRUISING,,,,,34.4,,,GREEN,LOW,FALSE,,FALSE,,JRN_NDLS_DDN_01_20260902_161648,0.2472,0,0.95,0.4541,0.92,NONE,NONE,,1.9,60.6,11:12:30,30,BASELINE_HISTORICAL_CALIBRATION,108.5,2
OBS_000537,11:13:00,16080,12017,ROUTE_NDLS_DDN_01,SYNTHETIC_SIMULATOR,OK,29.861479,77.865619,218.775,95,26.39,95,0,580.3,100,,216.6,SEC_SRE_RK,,SRE,RK,2.225,95.225,CRUISING,,,,,34.05,,,GREEN,LOW,FALSE,,FALSE,,JRN_NDLS_DDN_01_20260902_161648,0.2472,0,0.95,0.4541,0.92,NONE,NONE,,1.4,60.1,11:13:00,30,BASELINE_HISTORICAL_CALIBRATION,108,1.5
OBS_000538,11:13:30,16110,12017,ROUTE_NDLS_DDN_01,SYNTHETIC_SIMULATOR,OK,29.858925,77.873582,219.567,95,26.39,95,0,580.3,100,,186.02,SEC_SRE_RK,,SRE,RK,1.433,94.433,CRUISING,,,,,33.7,,,GREEN,LOW,FALSE,,FALSE,,JRN_NDLS_DDN_01_20260902_161648,0.2472,0,0.95,0.4541,0.92,NONE,NONE,,0.9,59.6,11:13:30,30,BASELINE_HISTORICAL_CALIBRATION,107.5,1
OBS_000539,11:14:00,16140,12017,ROUTE_NDLS_DDN_01,SYNTHETIC_SIMULATOR,OK,29.85637,77.881546,220.358,95,26.39,95,0,580.3,100,,149.3,SEC_SRE_RK,,SRE,RK,0.642,93.642,CRUISING,,,,,33.35,,,GREEN,LOW,FALSE,,FALSE,,JRN_NDLS_DDN_01_20260902_161648,0.2472,0,0.95,0.4541,0.92,NONE,NONE,,0.4,59.1,11:14:00,30,BASELINE_HISTORICAL_CALIBRATION,107,0.5
OBS_000540,11:14:30,16170,12017,ROUTE_NDLS_DDN_01,SYNTHETIC_SIMULATOR,OK,29.8543,77.888,221,0,0,95,0,0,100,,99.9,SEC_SRE_RK,RK,RK,HW,42,93,DWELLING,ARRIVED,11:14:30,,,33,,,GREEN,LOW,FALSE,,FALSE,,JRN_NDLS_DDN_01_20260902_161648,0.2472,0,0.95,0.4541,0.92,NONE,NONE,,100.8,223.2,11:14:30,30,BASELINE_HISTORICAL_CALIBRATION,106.5,34.5
OBS_000541,11:15:00,16200,12017,ROUTE_NDLS_DDN_01,SYNTHETIC_SIMULATOR,OK,29.8543,77.888,221,0,0,0,0,0,80,,0,SEC_RK_HW,RK,RK,HW,42,93,DWELLING,,,,,32.81,,,GREEN,LOW,FALSE,,FALSE,,JRN_NDLS_DDN_01_20260902_161648,0.2472,0,0.95,0.4541,0.92,NONE,NONE,,100.8,223.2,11:15:00,30,BASELINE_HISTORICAL_CALIBRATION,106,34
OBS_000542,11:15:30,16230,12017,ROUTE_NDLS_DDN_01,SYNTHETIC_SIMULATOR,OK,29.8543,77.888,221,0,0,0,0,0,80,,0,SEC_RK_HW,RK,RK,HW,42,93,DWELLING,,,,,33.31,,,GREEN,LOW,FALSE,,FALSE,,JRN_NDLS_DDN_01_20260902_161648,0.2472,0,0.95,0.4541,0.92,NONE,NONE,,100.8,223.2,11:15:30,30,BASELINE_HISTORICAL_CALIBRATION,105.5,33.5
OBS_000543,11:16:00,16260,12017,ROUTE_NDLS_DDN_01,SYNTHETIC_SIMULATOR,OK,29.8543,77.888,221,0,0,0,0,0,80,,0,SEC_RK_HW,RK,RK,HW,42,93,DWELLING,,,,,33.81,,,GREEN,LOW,FALSE,,FALSE,,JRN_NDLS_DDN_01_20260902_161648,0.2472,0,0.95,0.4541,0.92,NONE,NONE,,100.8,223.2,11:16:00,30,BASELINE_HISTORICAL_CALIBRATION,105,33
OBS_000544,11:16:30,16290,12017,ROUTE_NDLS_DDN_01,SYNTHETIC_SIMULATOR,OK,29.8543,77.888,221.675,54,15,76,0.5,187.5,80,,808.2,SEC_RK_HW,RK,RK,HW,41.325,92.325,ACCELERATING,DEPARTED,,11:16:30,2,34.31,,,GREEN,LOW,FALSE,,FALSE,,JRN_NDLS_DDN_01_20260902_161648,0.2472,0,0.95,0.4541,0.92,NONE,NONE,,45.9,102.6,11:16:30,30,BASELINE_HISTORICAL_CALIBRATION,104.5,32.5
OBS_000545,11:17:00,16320,12017,ROUTE_NDLS_DDN_01,SYNTHETIC_SIMULATOR,OK,29.857637,77.897518,222.533,76,21.11,76,0.5,371.4,80,,801.68,SEC_RK_HW,,RK,HW,40.467,91.467,ACCELERATING,,,,,34.09,,,GREEN,LOW,FALSE,,FALSE,,JRN_NDLS_DDN_01_20260902_161648,0.2472,0,0.95,0.4541,0.92,NONE,NONE,,31.9,72.2,11:17:00,30,BASELINE_HISTORICAL_CALIBRATION,104,32
OBS_000546,11:17:30,16350,12017,ROUTE_NDLS_DDN_01,SYNTHETIC_SIMULATOR,OK,29.859015,77.901449,223.167,76,21.11,76,0,371.4,80,,793.31,SEC_RK_HW,,RK,HW,39.833,90.833,CRUISING,,,,,33.67,,,GREEN,LOW,FALSE,,FALSE,,JRN_NDLS_DDN_01_20260902_161648,0.2472,0,0.95,0.4541,0.92,NONE,NONE,,31.4,71.7,11:17:30,30,BASELINE_HISTORICAL_CALIBRATION,103.5,31.5
OBS_000547,11:18:00,16380,12017,ROUTE_NDLS_DDN_01,SYNTHETIC_SIMULATOR,OK,29.860393,77.90538,223.8,76,21.11,76,0,371.4,80,,787.08,SEC_RK_HW,,RK,HW,39.2,90.2,CRUISING,,,,,33.49,,,GREEN,LOW,FALSE,,FALSE,,JRN_NDLS_DDN_01_20260902_161648,0.2472,0,0.95,0.4541,0.92,NONE,NONE,,30.9,71.2,11:18:00,30,BASELINE_HISTORICAL_CALIBRATION,103,31
OBS_000548,11:18:30,16410,12017,ROUTE_NDLS_DDN_01,SYNTHETIC_SIMULATOR,OK,29.861772,77.909311,224.433,76,21.11,76,0,371.4,80,,780.79,SEC_RK_HW,,RK,HW,38.567,89.567,CRUISING,,,,,33.31,,,GREEN,LOW,FALSE,,FALSE,,JRN_NDLS_DDN_01_20260902_161648,0.2472,0,0.95,0.4541,0.92,NONE,NONE,,30.4,70.7,11:18:30,30,BASELINE_HISTORICAL_CALIBRATION,102.5,30.5
OBS_000549,11:19:00,16440,12017,ROUTE_NDLS_DDN_01,SYNTHETIC_SIMULATOR,OK,29.86315,77.913242,225.067,76,21.11,76,0,371.4,80,,774.46,SEC_RK_HW,,RK,HW,37.933,88.933,CRUISING,,,,,33.13,,,GREEN,LOW,FALSE,,FALSE,,JRN_NDLS_DDN_01_20260902_161648,0.2472,0,0.95,0.4541,0.92,NONE,NONE,,29.9,70.2,11:19:00,30,BASELINE_HISTORICAL_CALIBRATION,102,30
OBS_000550,11:19:30,16470,12017,ROUTE_NDLS_DDN_01,SYNTHETIC_SIMULATOR,OK,29.864528,77.917174,225.7,76,21.11,76,0,371.4,80,,768.07,SEC_RK_HW,,RK,HW,37.3,88.3,CRUISING,,,,,32.95,,,GREEN,LOW,FALSE,,FALSE,,JRN_NDLS_DDN_01_20260902_161648,0.2472,0,0.95,0.4541,0.92,NONE,NONE,,29.4,69.7,11:19:30,30,BASELINE_HISTORICAL_CALIBRATION,101.5,29.5
OBS_000551,11:20:00,16500,12017,ROUTE_NDLS_DDN_01,SYNTHETIC_SIMULATOR,OK,29.865906,77.921105,226.333,76,21.11,76,0,371.4,80,,761.64,SEC_RK_HW,,RK,HW,36.667,87.667,CRUISING,,,,,32.77,,,GREEN,LOW,FALSE,,FALSE,,JRN_NDLS_DDN_01_20260902_161648,0.2472,0,0.95,0.4541,0.92,NONE,NONE,,28.9,69.2,11:20:00,30,BASELINE_HISTORICAL_CALIBRATION,101,29
OBS_000552,11:20:30,16530,12017,ROUTE_NDLS_DDN_01,SYNTHETIC_SIMULATOR,OK,29.867285,77.925036,226.967,76,21.11,76,0,371.4,80,,755.14,SEC_RK_HW,,RK,HW,36.033,87.033,CRUISING,,,,,32.59,,,GREEN,LOW,FALSE,,FALSE,,JRN_NDLS_DDN_01_20260902_161648,0.2472,0,0.95,0.4541,0.92,NONE,NONE,,28.4,68.7,11:20:30,30,BASELINE_HISTORICAL_CALIBRATION,100.5,28.5
OBS_000553,11:21:00,16560,12017,ROUTE_NDLS_DDN_01,SYNTHETIC_SIMULATOR,OK,29.868663,77.928967,227.6,76,21.11,76,0,371.4,80,,748.59,SEC_RK_HW,,RK,HW,35.4,86.4,CRUISING,,,,,32.41,,,GREEN,LOW,FALSE,,FALSE,,JRN_NDLS_DDN_01_20260902_161648,0.2472,0,0.95,0.4541,0.92,NONE,NONE,,27.9,68.2,11:21:00,30,BASELINE_HISTORICAL_CALIBRATION,100,28
OBS_000554,11:21:30,16590,12017,ROUTE_NDLS_DDN_01,SYNTHETIC_SIMULATOR,OK,29.870041,77.932898,228.233,76,21.11,76,0,371.4,80,,741.98,SEC_RK_HW,,RK,HW,34.767,85.767,CRUISING,,,,,32.23,,,GREEN,LOW,FALSE,,FALSE,,JRN_NDLS_DDN_01_20260902_161648,0.2472,0,0.95,0.4541,0.92,NONE,NONE,,27.4,67.7,11:21:30,30,BASELINE_HISTORICAL_CALIBRATION,99.5,27.5
OBS_000555,11:22:00,16620,12017,ROUTE_NDLS_DDN_01,SYNTHETIC_SIMULATOR,OK,29.871419,77.93683,228.867,76,21.11,76,0,371.4,80,,735.32,SEC_RK_HW,,RK,HW,34.133,85.133,CRUISING,,,,,32.05,,,GREEN,LOW,FALSE,,FALSE,,JRN_NDLS_DDN_01_20260902_161648,0.2472,0,0.95,0.4541,0.92,NONE,NONE,,26.9,67.2,11:22:00,30,BASELINE_HISTORICAL_CALIBRATION,99,27
OBS_000556,11:22:30,16650,12017,ROUTE_NDLS_DDN_01,SYNTHETIC_SIMULATOR,OK,29.872798,77.940761,229.5,76,21.11,76,0,371.4,80,,728.59,SEC_RK_HW,,RK,HW,33.5,84.5,CRUISING,,,,,31.87,,,GREEN,LOW,FALSE,,FALSE,,JRN_NDLS_DDN_01_20260902_161648,0.2472,0,0.95,0.4541,0.92,NONE,NONE,,26.4,66.7,11:22:30,30,BASELINE_HISTORICAL_CALIBRATION,98.5,26.5
OBS_000557,11:23:00,16680,12017,ROUTE_NDLS_DDN_01,SYNTHETIC_SIMULATOR,OK,29.874176,77.944692,230.133,76,21.11,76,0,371.4,80,,721.8,SEC_RK_HW,,RK,HW,32.867,83.867,CRUISING,,,,,31.69,,,GREEN,LOW,FALSE,,FALSE,,JRN_NDLS_DDN_01_20260902_161648,0.2472,0,0.95,0.4541,0.92,NONE,NONE,,25.9,66.2,11:23:00,30,BASELINE_HISTORICAL_CALIBRATION,98,26
OBS_000558,11:23:30,16710,12017,ROUTE_NDLS_DDN_01,SYNTHETIC_SIMULATOR,OK,29.875554,77.948623,230.767,76,21.11,76,0,371.4,80,,714.94,SEC_RK_HW,,RK,HW,32.233,83.233,CRUISING,,,,,31.51,,,GREEN,LOW,FALSE,,FALSE,,JRN_NDLS_DDN_01_20260902_161648,0.2472,0,0.95,0.4541,0.92,NONE,NONE,,25.4,65.7,11:23:30,30,BASELINE_HISTORICAL_CALIBRATION,97.5,25.5
OBS_000559,11:24:00,16740,12017,ROUTE_NDLS_DDN_01,SYNTHETIC_SIMULATOR,OK,29.876932,77.952554,231.4,76,21.11,76,0,371.4,80,,708.02,SEC_RK_HW,,RK,HW,31.6,82.6,CRUISING,,,,,31.33,,,GREEN,LOW,FALSE,,FALSE,,JRN_NDLS_DDN_01_20260902_161648,0.2472,0,0.95,0.4541,0.92,NONE,NONE,,24.9,65.2,11:24:00,30,BASELINE_HISTORICAL_CALIBRATION,97,25
OBS_000560,11:24:30,16770,12017,ROUTE_NDLS_DDN_01,SYNTHETIC_SIMULATOR,OK,29.878311,77.956485,232.033,76,21.11,76,0,371.4,80,,701.03,SEC_RK_HW,,RK,HW,30.967,81.967,CRUISING,,,,,31.15,,,GREEN,LOW,FALSE,,FALSE,,JRN_NDLS_DDN_01_20260902_161648,0.2472,0,0.95,0.4541,0.92,NONE,NONE,,24.4,64.7,11:24:30,30,BASELINE_HISTORICAL_CALIBRATION,96.5,24.5
OBS_000561,11:25:00,16800,12017,ROUTE_NDLS_DDN_01,SYNTHETIC_SIMULATOR,OK,29.879689,77.960417,232.667,76,21.11,76,0,371.4,80,,693.97,SEC_RK_HW,,RK,HW,30.333,81.333,CRUISING,,,,,30.97,,,GREEN,LOW,FALSE,,FALSE,,JRN_NDLS_DDN_01_20260902_161648,0.2472,0,0.95,0.4541,0.92,NONE,NONE,,23.9,64.2,11:25:00,30,BASELINE_HISTORICAL_CALIBRATION,96,24
OBS_000562,11:25:30,16830,12017,ROUTE_NDLS_DDN_01,SYNTHETIC_SIMULATOR,OK,29.881067,77.964348,233.3,76,21.11,76,0,371.4,80,,686.84,SEC_RK_HW,,RK,HW,29.7,80.7,CRUISING,,,,,30.79,,,GREEN,LOW,FALSE,,FALSE,,JRN_NDLS_DDN_01_20260902_161648,0.2472,0,0.95,0.4541,0.92,NONE,NONE,,23.4,63.7,11:25:30,30,BASELINE_HISTORICAL_CALIBRATION,95.5,23.5
OBS_000563,11:26:00,16860,12017,ROUTE_NDLS_DDN_01,SYNTHETIC_SIMULATOR,OK,29.882445,77.968279,233.933,76,21.11,76,0,371.4,80,,679.63,SEC_RK_HW,,RK,HW,29.067,80.067,CRUISING,,,,,30.61,,,GREEN,LOW,FALSE,,FALSE,,JRN_NDLS_DDN_01_20260902_161648,0.2472,0,0.95,0.4541,0.92,NONE,NONE,,22.9,63.2,11:26:00,30,BASELINE_HISTORICAL_CALIBRATION,95,23
OBS_000564,11:26:30,16890,12017,ROUTE_NDLS_DDN_01,SYNTHETIC_SIMULATOR,OK,29.883824,77.97221,234.567,76,21.11,76,0,371.4,80,,672.34,SEC_RK_HW,,RK,HW,28.433,79.433,CRUISING,,,,,30.43,,,GREEN,LOW,FALSE,,FALSE,,JRN_NDLS_DDN_01_20260902_161648,0.2472,0,0.95,0.4541,0.92,NONE,NONE,,22.4,62.7,11:26:30,30,BASELINE_HISTORICAL_CALIBRATION,94.5,22.5
OBS_000565,11:27:00,16920,12017,ROUTE_NDLS_DDN_01,SYNTHETIC_SIMULATOR,OK,29.885202,77.976141,235.2,76,21.11,76,0,371.4,80,,664.98,SEC_RK_HW,,RK,HW,27.8,78.8,CRUISING,,,,,30.25,,,GREEN,LOW,FALSE,,FALSE,,JRN_NDLS_DDN_01_20260902_161648,0.2472,0,0.95,0.4541,0.92,NONE,NONE,,21.9,62.2,11:27:00,30,BASELINE_HISTORICAL_CALIBRATION,94,22
OBS_000566,11:27:30,16950,12017,ROUTE_NDLS_DDN_01,SYNTHETIC_SIMULATOR,OK,29.88658,77.980073,235.833,76,21.11,76,0,371.4,80,,657.53,SEC_RK_HW,,RK,HW,27.167,78.167,CRUISING,,,,,30.07,,,GREEN,LOW,FALSE,,FALSE,,JRN_NDLS_DDN_01_20260902_161648,0.2472,0,0.95,0.4541,0.92,NONE,NONE,,21.4,61.7,11:27:30,30,BASELINE_HISTORICAL_CALIBRATION,93.5,21.5
OBS_000567,11:28:00,16980,12017,ROUTE_NDLS_DDN_01,SYNTHETIC_SIMULATOR,OK,29.887958,77.984004,236.467,76,21.11,76,0,371.4,80,,650,SEC_RK_HW,,RK,HW,26.533,77.533,CRUISING,,,,,29.89,,,GREEN,LOW,FALSE,,FALSE,,JRN_NDLS_DDN_01_20260902_161648,0.2472,0,0.95,0.4541,0.92,NONE,NONE,,20.9,61.2,11:28:00,30,BASELINE_HISTORICAL_CALIBRATION,93,21
OBS_000568,11:28:30,17010,12017,ROUTE_NDLS_DDN_01,SYNTHETIC_SIMULATOR,OK,29.889337,77.987935,237.1,76,21.11,76,0,371.4,80,,642.38,SEC_RK_HW,,RK,HW,25.9,76.9,CRUISING,,,,,29.71,,,GREEN,LOW,FALSE,,FALSE,,JRN_NDLS_DDN_01_20260902_161648,0.2472,0,0.95,0.4541,0.92,NONE,NONE,,20.4,60.7,11:28:30,30,BASELINE_HISTORICAL_CALIBRATION,92.5,20.5
OBS_000569,11:29:00,17040,12017,ROUTE_NDLS_DDN_01,SYNTHETIC_SIMULATOR,OK,29.890715,77.991866,237.733,76,21.11,76,0,371.4,80,,634.66,SEC_RK_HW,,RK,HW,25.267,76.267,CRUISING,,,,,29.53,,,GREEN,LOW,FALSE,,FALSE,,JRN_NDLS_DDN_01_20260902_161648,0.2472,0,0.95,0.4541,0.92,NONE,NONE,,19.9,60.2,11:29:00,30,BASELINE_HISTORICAL_CALIBRATION,92,20
OBS_000570,11:29:30,17070,12017,ROUTE_NDLS_DDN_01,SYNTHETIC_SIMULATOR,OK,29.892093,77.995797,238.367,76,21.11,76,0,371.4,80,,626.86,SEC_RK_HW,,RK,HW,24.633,75.633,CRUISING,,,,,29.35,,,GREEN,LOW,FALSE,,FALSE,,JRN_NDLS_DDN_01_20260902_161648,0.2472,0,0.95,0.4541,0.92,NONE,NONE,,19.4,59.7,11:29:30,30,BASELINE_HISTORICAL_CALIBRATION,91.5,19.5
OBS_000571,11:30:00,17100,12017,ROUTE_NDLS_DDN_01,SYNTHETIC_SIMULATOR,OK,29.893471,77.999729,239,76,21.11,76,0,371.4,80,,618.95,SEC_RK_HW,,RK,HW,24,75,CRUISING,,,,,29.17,,,GREEN,LOW,FALSE,,FALSE,,JRN_NDLS_DDN_01_20260902_161648,0.2472,0,0.95,0.4541,0.92,NONE,NONE,,18.9,59.2,11:30:00,30,BASELINE_HISTORICAL_CALIBRATION,91,19
OBS_000572,11:30:30,17130,12017,ROUTE_NDLS_DDN_01,SYNTHETIC_SIMULATOR,OK,29.89485,78.00366,239.633,76,21.11,76,0,371.4,80,,610.94,SEC_RK_HW,,RK,HW,23.367,74.367,CRUISING,,,,,28.99,,,GREEN,LOW,FALSE,,FALSE,,JRN_NDLS_DDN_01_20260902_161648,0.2472,0,0.95,0.4541,0.92,NONE,NONE,,18.4,58.7,11:30:30,30,BASELINE_HISTORICAL_CALIBRATION,90.5,18.5
OBS_000573,11:31:00,17160,12017,ROUTE_NDLS_DDN_01,SYNTHETIC_SIMULATOR,OK,29.896228,78.007591,240.267,76,21.11,76,0,371.4,80,,602.83,SEC_RK_HW,,RK,HW,22.733,73.733,CRUISING,,,,,28.81,,,GREEN,LOW,FALSE,,FALSE,,JRN_NDLS_DDN_01_20260902_161648,0.2472,0,0.95,0.4541,0.92,NONE,NONE,,17.9,58.2,11:31:00,30,BASELINE_HISTORICAL_CALIBRATION,90,18
OBS_000574,11:31:30,17190,12017,ROUTE_NDLS_DDN_01,SYNTHETIC_SIMULATOR,OK,29.897606,78.011522,240.9,76,21.11,76,0,371.4,80,,594.6,SEC_RK_HW,,RK,HW,22.1,73.1,CRUISING,,,,,28.63,,,GREEN,LOW,FALSE,,FALSE,,JRN_NDLS_DDN_01_20260902_161648,0.2472,0,0.95,0.4541,0.92,NONE,NONE,,17.4,57.7,11:31:30,30,BASELINE_HISTORICAL_CALIBRATION,89.5,17.5
OBS_000575,11:32:00,17220,12017,ROUTE_NDLS_DDN_01,SYNTHETIC_SIMULATOR,OK,29.898984,78.015453,241.533,76,21.11,76,0,371.4,80,,586.26,SEC_RK_HW,,RK,HW,21.467,72.467,CRUISING,,,,,28.45,,,GREEN,LOW,FALSE,,FALSE,,JRN_NDLS_DDN_01_20260902_161648,0.2472,0,0.95,0.4541,0.92,NONE,NONE,,16.9,57.2,11:32:00,30,BASELINE_HISTORICAL_CALIBRATION,89,17
OBS_000576,11:32:30,17250,12017,ROUTE_NDLS_DDN_01,SYNTHETIC_SIMULATOR,OK,29.900363,78.019385,242.167,76,21.11,76,0,371.4,80,,577.8,SEC_RK_HW,,RK,HW,20.833,71.833,CRUISING,,,,,28.27,,,GREEN,LOW,FALSE,,FALSE,,JRN_NDLS_DDN_01_20260902_161648,0.2472,0,0.95,0.4541,0.92,NONE,NONE,,16.4,56.7,11:32:30,30,BASELINE_HISTORICAL_CALIBRATION,88.5,16.5
OBS_000577,11:33:00,17280,12017,ROUTE_NDLS_DDN_01,SYNTHETIC_SIMULATOR,OK,29.901741,78.023316,242.8,76,21.11,76,0,371.4,80,,569.21,SEC_RK_HW,,RK,HW,20.2,71.2,CRUISING,,,,,28.1,,,GREEN,LOW,FALSE,,FALSE,,JRN_NDLS_DDN_01_20260902_161648,0.2472,0,0.95,0.4541,0.92,NONE,NONE,,15.9,56.2,11:33:00,30,BASELINE_HISTORICAL_CALIBRATION,88,16
OBS_000578,11:33:30,17310,12017,ROUTE_NDLS_DDN_01,SYNTHETIC_SIMULATOR,OK,29.903119,78.027247,243.433,76,21.11,76,0,371.4,80,,560.49,SEC_RK_HW,,RK,HW,19.567,70.567,CRUISING,,,,,27.92,,,GREEN,LOW,FALSE,,FALSE,,JRN_NDLS_DDN_01_20260902_161648,0.2472,0,0.95,0.4541,0.92,NONE,NONE,,15.4,55.7,11:33:30,30,BASELINE_HISTORICAL_CALIBRATION,87.5,15.5
OBS_000579,11:34:00,17340,12017,ROUTE_NDLS_DDN_01,SYNTHETIC_SIMULATOR,OK,29.904497,78.031178,244.067,76,21.11,76,0,371.4,80,,551.63,SEC_RK_HW,,RK,HW,18.933,69.933,CRUISING,,,,,27.74,,,GREEN,LOW,FALSE,,FALSE,,JRN_NDLS_DDN_01_20260902_161648,0.2472,0,0.95,0.4541,0.92,NONE,NONE,,14.9,55.2,11:34:00,30,BASELINE_HISTORICAL_CALIBRATION,87,15
OBS_000580,11:34:30,17370,12017,ROUTE_NDLS_DDN_01,SYNTHETIC_SIMULATOR,OK,29.905876,78.035109,244.7,76,21.11,76,0,371.4,80,,542.63,SEC_RK_HW,,RK,HW,18.3,69.3,CRUISING,,,,,27.56,,,GREEN,LOW,FALSE,,FALSE,,JRN_NDLS_DDN_01_20260902_161648,0.2472,0,0.95,0.4541,0.92,NONE,NONE,,14.4,54.7,11:34:30,30,BASELINE_HISTORICAL_CALIBRATION,86.5,14.5
OBS_000581,11:35:00,17400,12017,ROUTE_NDLS_DDN_01,SYNTHETIC_SIMULATOR,OK,29.907254,78.03904,245.333,76,21.11,76,0,371.4,80,,533.48,SEC_RK_HW,,RK,HW,17.667,68.667,CRUISING,,,,,27.38,,,GREEN,LOW,FALSE,,FALSE,,JRN_NDLS_DDN_01_20260902_161648,0.2472,0,0.95,0.4541,0.92,NONE,NONE,,13.9,54.2,11:35:00,30,BASELINE_HISTORICAL_CALIBRATION,86,14
OBS_000582,11:35:30,17430,12017,ROUTE_NDLS_DDN_01,SYNTHETIC_SIMULATOR,OK,29.908632,78.042972,245.967,76,21.11,76,0,371.4,80,,524.17,SEC_RK_HW,,RK,HW,17.033,68.033,CRUISING,,,,,27.2,,,GREEN,LOW,FALSE,,FALSE,,JRN_NDLS_DDN_01_20260902_161648,0.2472,0,0.95,0.4541,0.92,NONE,NONE,,13.4,53.7,11:35:30,30,BASELINE_HISTORICAL_CALIBRATION,85.5,13.5
OBS_000583,11:36:00,17460,12017,ROUTE_NDLS_DDN_01,SYNTHETIC_SIMULATOR,OK,29.91001,78.046903,246.6,76,21.11,76,0,371.4,80,,514.69,SEC_RK_HW,,RK,HW,16.4,67.4,CRUISING,,,,,27.02,,,GREEN,LOW,FALSE,,FALSE,,JRN_NDLS_DDN_01_20260902_161648,0.2472,0,0.95,0.4541,0.92,NONE,NONE,,12.9,53.2,11:36:00,30,BASELINE_HISTORICAL_CALIBRATION,85,13
OBS_000584,11:36:30,17490,12017,ROUTE_NDLS_DDN_01,SYNTHETIC_SIMULATOR,OK,29.911389,78.050834,247.233,76,21.11,76,0,371.4,80,,505.03,SEC_RK_HW,,RK,HW,15.767,66.767,CRUISING,,,,,26.84,,,GREEN,LOW,FALSE,,FALSE,,JRN_NDLS_DDN_01_20260902_161648,0.2472,0,0.95,0.4541,0.92,NONE,NONE,,12.4,52.7,11:36:30,30,BASELINE_HISTORICAL_CALIBRATION,84.5,12.5
OBS_000585,11:37:00,17520,12017,ROUTE_NDLS_DDN_01,SYNTHETIC_SIMULATOR,OK,29.912767,78.054765,247.867,76,21.11,76,0,371.4,80,,495.18,SEC_RK_HW,,RK,HW,15.133,66.133,CRUISING,,,,,26.66,,,GREEN,LOW,FALSE,,FALSE,,JRN_NDLS_DDN_01_20260902_161648,0.2472,0,0.95,0.4541,0.92,NONE,NONE,,11.9,52.2,11:37:00,30,BASELINE_HISTORICAL_CALIBRATION,84,12
OBS_000586,11:37:30,17550,12017,ROUTE_NDLS_DDN_01,SYNTHETIC_SIMULATOR,OK,29.914145,78.058696,248.5,76,21.11,76,0,371.4,80,,485.13,SEC_RK_HW,,RK,HW,14.5,65.5,CRUISING,,,,,26.48,,,GREEN,LOW,FALSE,,FALSE,,JRN_NDLS_DDN_01_20260902_161648,0.2472,0,0.95,0.4541,0.92,NONE,NONE,,11.4,51.7,11:37:30,30,BASELINE_HISTORICAL_CALIBRATION,83.5,11.5
OBS_000587,11:38:00,17580,12017,ROUTE_NDLS_DDN_01,SYNTHETIC_SIMULATOR,OK,29.915523,78.062628,249.133,76,21.11,76,0,371.4,80,,474.87,SEC_RK_HW,,RK,HW,13.867,64.867,CRUISING,,,,,26.3,,,GREEN,LOW,FALSE,,FALSE,,JRN_NDLS_DDN_01_20260902_161648,0.2472,0,0.95,0.4541,0.92,NONE,NONE,,10.9,51.2,11:38:00,30,BASELINE_HISTORICAL_CALIBRATION,83,11
OBS_000588,11:38:30,17610,12017,ROUTE_NDLS_DDN_01,SYNTHETIC_SIMULATOR,OK,29.916902,78.066559,249.767,76,21.11,76,0,371.4,80,,464.39,SEC_RK_HW,,RK,HW,13.233,64.233,CRUISING,,,,,26.12,,,GREEN,LOW,FALSE,,FALSE,,JRN_NDLS_DDN_01_20260902_161648,0.2472,0,0.95,0.4541,0.92,NONE,NONE,,10.4,50.7,11:38:30,30,BASELINE_HISTORICAL_CALIBRATION,82.5,10.5
OBS_000589,11:39:00,17640,12017,ROUTE_NDLS_DDN_01,SYNTHETIC_SIMULATOR,OK,29.91828,78.07049,250.4,76,21.11,76,0,371.4,80,,453.66,SEC_RK_HW,,RK,HW,12.6,63.6,CRUISING,,,,,25.94,,,GREEN,LOW,FALSE,,FALSE,,JRN_NDLS_DDN_01_20260902_161648,0.2472,0,0.95,0.4541,0.92,NONE,NONE,,9.9,50.2,11:39:00,30,BASELINE_HISTORICAL_CALIBRATION,82,10
OBS_000590,11:39:30,17670,12017,ROUTE_NDLS_DDN_01,SYNTHETIC_SIMULATOR,OK,29.919658,78.074421,251.033,76,21.11,76,0,371.4,80,,442.67,SEC_RK_HW,,RK,HW,11.967,62.967,CRUISING,,,,,25.76,,,GREEN,LOW,FALSE,,FALSE,,JRN_NDLS_DDN_01_20260902_161648,0.2472,0,0.95,0.4541,0.92,NONE,NONE,,9.4,49.7,11:39:30,30,BASELINE_HISTORICAL_CALIBRATION,81.5,9.5
OBS_000591,11:40:00,17700,12017,ROUTE_NDLS_DDN_01,SYNTHETIC_SIMULATOR,OK,29.921037,78.078352,251.667,76,21.11,76,0,371.4,80,,431.4,SEC_RK_HW,,RK,HW,11.333,62.333,CRUISING,,,,,25.58,,,GREEN,LOW,FALSE,,FALSE,,JRN_NDLS_DDN_01_20260902_161648,0.2472,0,0.95,0.4541,0.92,NONE,NONE,,8.9,49.2,11:40:00,30,BASELINE_HISTORICAL_CALIBRATION,81,9
OBS_000592,11:40:30,17730,12017,ROUTE_NDLS_DDN_01,SYNTHETIC_SIMULATOR,OK,29.922415,78.082284,252.3,76,21.11,76,0,371.4,80,,419.83,SEC_RK_HW,,RK,HW,10.7,61.7,CRUISING,,,,,25.4,,,GREEN,LOW,FALSE,,FALSE,,JRN_NDLS_DDN_01_20260902_161648,0.2472,0,0.95,0.4541,0.92,NONE,NONE,,8.4,48.7,11:40:30,30,BASELINE_HISTORICAL_CALIBRATION,80.5,8.5
OBS_000593,11:41:00,17760,12017,ROUTE_NDLS_DDN_01,SYNTHETIC_SIMULATOR,OK,29.923793,78.086215,252.933,76,21.11,76,0,371.4,80,,407.93,SEC_RK_HW,,RK,HW,10.067,61.067,CRUISING,,,,,25.22,,,GREEN,LOW,FALSE,,FALSE,,JRN_NDLS_DDN_01_20260902_161648,0.2472,0,0.95,0.4541,0.92,NONE,NONE,,7.9,48.2,11:41:00,30,BASELINE_HISTORICAL_CALIBRATION,80,8
OBS_000594,11:41:30,17790,12017,ROUTE_NDLS_DDN_01,SYNTHETIC_SIMULATOR,OK,29.925171,78.090146,253.567,76,21.11,76,0,371.4,80,,395.67,SEC_RK_HW,,RK,HW,9.433,60.433,CRUISING,,,,,25.04,,,GREEN,LOW,FALSE,,FALSE,,JRN_NDLS_DDN_01_20260902_161648,0.2472,0,0.95,0.4541,0.92,NONE,NONE,,7.4,47.7,11:41:30,30,BASELINE_HISTORICAL_CALIBRATION,79.5,7.5
OBS_000595,11:42:00,17820,12017,ROUTE_NDLS_DDN_01,SYNTHETIC_SIMULATOR,OK,29.92655,78.094077,254.2,76,21.11,76,0,371.4,80,,383.02,SEC_RK_HW,,RK,HW,8.8,59.8,CRUISING,,,,,24.86,,,GREEN,LOW,FALSE,,FALSE,,JRN_NDLS_DDN_01_20260902_161648,0.2472,0,0.95,0.4541,0.92,NONE,NONE,,6.9,47.2,11:42:00,30,BASELINE_HISTORICAL_CALIBRATION,79,7
OBS_000596,11:42:30,17850,12017,ROUTE_NDLS_DDN_01,SYNTHETIC_SIMULATOR,OK,29.927928,78.098008,254.833,76,21.11,76,0,371.4,80,,369.94,SEC_RK_HW,,RK,HW,8.167,59.167,CRUISING,,,,,24.68,,,GREEN,LOW,FALSE,,FALSE,,JRN_NDLS_DDN_01_20260902_161648,0.2472,0,0.95,0.4541,0.92,NONE,NONE,,6.4,46.7,11:42:30,30,BASELINE_HISTORICAL_CALIBRATION,78.5,6.5
OBS_000597,11:43:00,17880,12017,ROUTE_NDLS_DDN_01,SYNTHETIC_SIMULATOR,OK,29.929306,78.10194,255.467,76,21.11,76,0,371.4,80,,356.38,SEC_RK_HW,,RK,HW,7.533,58.533,CRUISING,,,,,24.5,,,GREEN,LOW,FALSE,,FALSE,,JRN_NDLS_DDN_01_20260902_161648,0.2472,0,0.95,0.4541,0.92,NONE,NONE,,5.9,46.2,11:43:00,30,BASELINE_HISTORICAL_CALIBRATION,78,6
OBS_000598,11:43:30,17910,12017,ROUTE_NDLS_DDN_01,SYNTHETIC_SIMULATOR,OK,29.930684,78.105871,256.1,76,21.11,76,0,371.4,80,,342.28,SEC_RK_HW,,RK,HW,6.9,57.9,CRUISING,,,,,24.32,,,GREEN,LOW,FALSE,,FALSE,,JRN_NDLS_DDN_01_20260902_161648,0.2472,0,0.95,0.4541,0.92,NONE,NONE,,5.4,45.7,11:43:30,30,BASELINE_HISTORICAL_CALIBRATION,77.5,5.5
OBS_000599,11:44:00,17940,12017,ROUTE_NDLS_DDN_01,SYNTHETIC_SIMULATOR,OK,29.932063,78.109802,256.733,76,21.11,76,0,371.4,80,,327.58,SEC_RK_HW,,RK,HW,6.267,57.267,CRUISING,,,,,24.14,,,GREEN,LOW,FALSE,,FALSE,,JRN_NDLS_DDN_01_20260902_161648,0.2472,0,0.95,0.4541,0.92,NONE,NONE,,4.9,45.2,11:44:00,30,BASELINE_HISTORICAL_CALIBRATION,77,5
OBS_000600,11:44:30,17970,12017,ROUTE_NDLS_DDN_01,SYNTHETIC_SIMULATOR,OK,29.933441,78.113733,257.367,76,21.11,76,0,371.4,80,,312.18,SEC_RK_HW,,RK,HW,5.633,56.633,CRUISING,,,,,23.96,,,GREEN,LOW,FALSE,,FALSE,,JRN_NDLS_DDN_01_20260902_161648,0.2472,0,0.95,0.4541,0.92,NONE,NONE,,4.4,44.7,11:44:30,30,BASELINE_HISTORICAL_CALIBRATION,76.5,4.5
OBS_000601,11:45:00,18000,12017,ROUTE_NDLS_DDN_01,SYNTHETIC_SIMULATOR,OK,29.934819,78.117664,258,76,21.11,76,0,371.4,80,,295.99,SEC_RK_HW,,RK,HW,5,56,CRUISING,,,,,23.78,,,GREEN,LOW,FALSE,,FALSE,,JRN_NDLS_DDN_01_20260902_161648,0.2472,0,0.95,0.4541,0.92,NONE,NONE,,3.9,44.2,11:45:00,30,BASELINE_HISTORICAL_CALIBRATION,76,4
OBS_000602,11:45:30,18030,12017,ROUTE_NDLS_DDN_01,SYNTHETIC_SIMULATOR,OK,29.936197,78.121595,258.633,76,21.11,76,0,371.4,80,,278.85,SEC_RK_HW,,RK,HW,4.367,55.367,CRUISING,,,,,23.6,,,GREEN,LOW,FALSE,,FALSE,,JRN_NDLS_DDN_01_20260902_161648,0.2472,0,0.95,0.4541,0.92,NONE,NONE,,3.4,43.7,11:45:30,30,BASELINE_HISTORICAL_CALIBRATION,75.5,3.5
OBS_000603,11:46:00,18060,12017,ROUTE_NDLS_DDN_01,SYNTHETIC_SIMULATOR,OK,29.937576,78.125527,259.267,76,21.11,76,0,371.4,80,,260.6,SEC_RK_HW,,RK,HW,3.733,54.733,CRUISING,,,,,23.42,,,GREEN,LOW,FALSE,,FALSE,,JRN_NDLS_DDN_01_20260902_161648,0.2472,0,0.95,0.4541,0.92,NONE,NONE,,2.9,43.2,11:46:00,30,BASELINE_HISTORICAL_CALIBRATION,75,3
OBS_000604,11:46:30,18090,12017,ROUTE_NDLS_DDN_01,SYNTHETIC_SIMULATOR,OK,29.938954,78.129458,259.9,76,21.11,76,0,371.4,80,,240.96,SEC_RK_HW,,RK,HW,3.1,54.1,CRUISING,,,,,23.24,,,GREEN,LOW,FALSE,,FALSE,,JRN_NDLS_DDN_01_20260902_161648,0.2472,0,0.95,0.4541,0.92,NONE,NONE,,2.4,42.7,11:46:30,30,BASELINE_HISTORICAL_CALIBRATION,74.5,2.5
OBS_000605,11:47:00,18120,12017,ROUTE_NDLS_DDN_01,SYNTHETIC_SIMULATOR,OK,29.940332,78.133389,260.533,76,21.11,76,0,371.4,80,,219.57,SEC_RK_HW,,RK,HW,2.467,53.467,CRUISING,,,,,23.06,,,GREEN,LOW,FALSE,,FALSE,,JRN_NDLS_DDN_01_20260902_161648,0.2472,0,0.95,0.4541,0.92,NONE,NONE,,1.9,42.2,11:47:00,30,BASELINE_HISTORICAL_CALIBRATION,74,2
OBS_000606,11:47:30,18150,12017,ROUTE_NDLS_DDN_01,SYNTHETIC_SIMULATOR,OK,29.94171,78.13732,261.167,76,21.11,76,0,371.4,80,,195.86,SEC_RK_HW,,RK,HW,1.833,52.833,CRUISING,,,,,22.88,,,GREEN,LOW,FALSE,,FALSE,,JRN_NDLS_DDN_01_20260902_161648,0.2472,0,0.95,0.4541,0.92,NONE,NONE,,1.4,41.7,11:47:30,30,BASELINE_HISTORICAL_CALIBRATION,73.5,1.5
OBS_000607,11:48:00,18180,12017,ROUTE_NDLS_DDN_01,SYNTHETIC_SIMULATOR,OK,29.943089,78.141251,261.8,76,21.11,76,0,371.4,80,,168.85,SEC_RK_HW,,RK,HW,1.2,52.2,CRUISING,,,,,22.7,,,GREEN,LOW,FALSE,,FALSE,,JRN_NDLS_DDN_01_20260902_161648,0.2472,0,0.95,0.4541,0.92,NONE,NONE,,0.9,41.2,11:48:00,30,BASELINE_HISTORICAL_CALIBRATION,73,1
OBS_000608,11:48:30,18210,12017,ROUTE_NDLS_DDN_01,SYNTHETIC_SIMULATOR,OK,29.944467,78.145183,262.433,76,21.11,76,0,371.4,80,,136.61,SEC_RK_HW,,RK,HW,0.567,51.567,CRUISING,,,,,22.52,,,GREEN,LOW,FALSE,,FALSE,,JRN_NDLS_DDN_01_20260902_161648,0.2472,0,0.95,0.4541,0.92,NONE,NONE,,0.4,40.7,11:48:30,30,BASELINE_HISTORICAL_CALIBRATION,72.5,0.5
OBS_000609,11:49:00,18240,12017,ROUTE_NDLS_DDN_01,SYNTHETIC_SIMULATOR,OK,29.9457,78.1487,263,0,0,76,0,0,80,,93.88,SEC_RK_HW,HW,HW,DDN,51,51,DWELLING,ARRIVED,11:49:00,,,22.34,,,GREEN,LOW,FALSE,,FALSE,,JRN_NDLS_DDN_01_20260902_161648,0.2472,0,0.95,0.4541,0.92,NONE,NONE,,122.4,122.4,11:49:00,30,BASELINE_HISTORICAL_CALIBRATION,72,72
OBS_000610,11:49:30,18270,12017,ROUTE_NDLS_DDN_01,SYNTHETIC_SIMULATOR,OK,29.9457,78.1487,263,0,0,0,0,0,60,,0,SEC_HW_DDN,HW,HW,DDN,51,51,DWELLING,,,,,22.24,,,GREEN,LOW,FALSE,0.5,FALSE,EVT_003,JRN_NDLS_DDN_01_20260902_161648,0.2472,0,0.95,0.4541,0.92,NONE,NONE,,122.4,122.4,11:49:30,30,BASELINE_HISTORICAL_CALIBRATION,71.5,71.5
OBS_000611,11:50:00,18300,12017,ROUTE_NDLS_DDN_01,SYNTHETIC_SIMULATOR,OK,29.9457,78.1487,263,0,0,0,0,0,60,,0,SEC_HW_DDN,HW,HW,DDN,51,51,DWELLING,,,,,22.74,,,GREEN,LOW,FALSE,0.5,FALSE,EVT_003,JRN_NDLS_DDN_01_20260902_161648,0.2472,0,0.95,0.4541,0.92,NONE,NONE,,122.4,122.4,11:50:00,30,BASELINE_HISTORICAL_CALIBRATION,71,71
OBS_000612,11:50:30,18330,12017,ROUTE_NDLS_DDN_01,SYNTHETIC_SIMULATOR,OK,29.9457,78.1487,263,0,0,0,0,0,60,,0,SEC_HW_DDN,HW,HW,DDN,51,51,DWELLING,,,,,23.24,,,GREEN,LOW,FALSE,0.5,FALSE,EVT_003,JRN_NDLS_DDN_01_20260902_161648,0.2472,0,0.95,0.4541,0.92,NONE,NONE,,122.4,122.4,11:50:30,30,BASELINE_HISTORICAL_CALIBRATION,70.5,70.5
OBS_000613,11:51:00,18360,12017,ROUTE_NDLS_DDN_01,SYNTHETIC_SIMULATOR,OK,29.9457,78.1487,263,0,0,0,0,0,60,,0,SEC_HW_DDN,HW,HW,DDN,51,51,DWELLING,,,,,23.74,,,GREEN,LOW,FALSE,0.5,FALSE,EVT_003,JRN_NDLS_DDN_01_20260902_161648,0.2472,0,0.95,0.4541,0.92,NONE,NONE,,122.4,122.4,11:51:00,30,BASELINE_HISTORICAL_CALIBRATION,70,70
OBS_000614,11:51:30,18390,12017,ROUTE_NDLS_DDN_01,SYNTHETIC_SIMULATOR,OK,29.9457,78.1487,263,0,0,0,0,0,60,,0,SEC_HW_DDN,HW,HW,DDN,51,51,DWELLING,,,,,24.24,,,GREEN,LOW,FALSE,0.5,FALSE,EVT_003,JRN_NDLS_DDN_01_20260902_161648,0.2472,0,0.95,0.4541,0.92,NONE,NONE,,122.4,122.4,11:51:30,30,BASELINE_HISTORICAL_CALIBRATION,69.5,69.5
OBS_000615,11:52:00,18420,12017,ROUTE_NDLS_DDN_01,SYNTHETIC_SIMULATOR,OK,29.9457,78.1487,263,0,0,0,0,0,60,,0,SEC_HW_DDN,HW,HW,DDN,51,51,DWELLING,,,,,24.74,,,GREEN,LOW,FALSE,0.5,FALSE,EVT_003,JRN_NDLS_DDN_01_20260902_161648,0.2472,0,0.95,0.4541,0.92,NONE,NONE,,122.4,122.4,11:52:00,30,BASELINE_HISTORICAL_CALIBRATION,69,69
OBS_000616,11:52:30,18450,12017,ROUTE_NDLS_DDN_01,SYNTHETIC_SIMULATOR,OK,29.9457,78.1487,263,0,0,0,0,0,60,,0,SEC_HW_DDN,HW,HW,DDN,51,51,DWELLING,,,,,25.24,,,GREEN,LOW,FALSE,0.5,FALSE,EVT_003,JRN_NDLS_DDN_01_20260902_161648,0.2472,0,0.95,0.4541,0.92,NONE,NONE,,122.4,122.4,11:52:30,30,BASELINE_HISTORICAL_CALIBRATION,68.5,68.5
OBS_000617,11:53:00,18480,12017,ROUTE_NDLS_DDN_01,SYNTHETIC_SIMULATOR,OK,29.9457,78.1487,263,0,0,0,0,0,60,,0,SEC_HW_DDN,HW,HW,DDN,51,51,DWELLING,,,,,25.74,,,GREEN,LOW,FALSE,0.5,FALSE,EVT_003,JRN_NDLS_DDN_01_20260902_161648,0.2472,0,0.95,0.4541,0.92,NONE,NONE,,122.4,122.4,11:53:00,30,BASELINE_HISTORICAL_CALIBRATION,68,68
OBS_000618,11:53:30,18510,12017,ROUTE_NDLS_DDN_01,SYNTHETIC_SIMULATOR,OK,29.9457,78.1487,263,0,0,0,0,0,60,,0,SEC_HW_DDN,HW,HW,DDN,51,51,DWELLING,,,,,26.24,,,GREEN,LOW,FALSE,0.5,FALSE,EVT_003,JRN_NDLS_DDN_01_20260902_161648,0.2472,0,0.95,0.4541,0.92,NONE,NONE,,122.4,122.4,11:53:30,30,BASELINE_HISTORICAL_CALIBRATION,67.5,67.5
OBS_000619,11:54:00,18540,12017,ROUTE_NDLS_DDN_01,SYNTHETIC_SIMULATOR,OK,29.9457,78.1487,263,0,0,0,0,0,60,,0,SEC_HW_DDN,HW,HW,DDN,51,51,DWELLING,,,,,26.74,,,GREEN,LOW,FALSE,0.5,FALSE,EVT_003,JRN_NDLS_DDN_01_20260902_161648,0.2472,0,0.95,0.4541,0.92,NONE,NONE,,122.4,122.4,11:54:00,30,BASELINE_HISTORICAL_CALIBRATION,67,67
OBS_000620,11:54:30,18570,12017,ROUTE_NDLS_DDN_01,SYNTHETIC_SIMULATOR,OK,29.9457,78.1487,263,0,0,0,0,0,60,,0,SEC_HW_DDN,HW,HW,DDN,51,51,DWELLING,,,,,27.24,,,GREEN,LOW,FALSE,0.5,FALSE,EVT_003,JRN_NDLS_DDN_01_20260902_161648,0.2472,0,0.95,0.4541,0.92,NONE,NONE,,122.4,122.4,11:54:30,30,BASELINE_HISTORICAL_CALIBRATION,66.5,66.5
OBS_000621,11:55:00,18600,12017,ROUTE_NDLS_DDN_01,SYNTHETIC_SIMULATOR,OK,29.9457,78.1487,263,0,0,0,0,0,60,,0,SEC_HW_DDN,HW,HW,DDN,51,51,DWELLING,,,,,27.74,,,GREEN,LOW,FALSE,0.5,FALSE,EVT_003,JRN_NDLS_DDN_01_20260902_161648,0.2472,0,0.95,0.4541,0.92,NONE,NONE,,122.4,122.4,11:55:00,30,BASELINE_HISTORICAL_CALIBRATION,66,66
OBS_000622,11:55:30,18630,12017,ROUTE_NDLS_DDN_01,SYNTHETIC_SIMULATOR,OK,29.9457,78.1487,263,0,0,0,0,0,60,,0,SEC_HW_DDN,HW,HW,DDN,51,51,DWELLING,,,,,28.24,,,GREEN,LOW,FALSE,0.5,FALSE,EVT_003,JRN_NDLS_DDN_01_20260902_161648,0.2472,0,0.95,0.4541,0.92,NONE,NONE,,122.4,122.4,11:55:30,30,BASELINE_HISTORICAL_CALIBRATION,65.5,65.5
OBS_000623,11:56:00,18660,12017,ROUTE_NDLS_DDN_01,SYNTHETIC_SIMULATOR,OK,29.9457,78.1487,263,0,0,0,0,0,60,,0,SEC_HW_DDN,HW,HW,DDN,51,51,DWELLING,,,,,28.74,,,GREEN,LOW,FALSE,0.5,FALSE,EVT_003,JRN_NDLS_DDN_01_20260902_161648,0.2472,0,0.95,0.4541,0.92,NONE,NONE,,122.4,122.4,11:56:00,30,BASELINE_HISTORICAL_CALIBRATION,65,65
OBS_000624,11:56:30,18690,12017,ROUTE_NDLS_DDN_01,SYNTHETIC_SIMULATOR,OK,29.9457,78.1487,263,0,0,0,0,0,60,,0,SEC_HW_DDN,HW,HW,DDN,51,51,DWELLING,,,,,29.24,,,GREEN,LOW,FALSE,0.5,FALSE,EVT_003,JRN_NDLS_DDN_01_20260902_161648,0.2472,0,0.95,0.4541,0.92,NONE,NONE,,122.4,122.4,11:56:30,30,BASELINE_HISTORICAL_CALIBRATION,64.5,64.5
OBS_000625,11:57:00,18720,12017,ROUTE_NDLS_DDN_01,SYNTHETIC_SIMULATOR,OK,29.9457,78.1487,263.542,38,10.56,38,0.5,92.8,60,,890.59,SEC_HW_DDN,HW,HW,DDN,50.458,50.458,ACCELERATING,DEPARTED,,11:57:00,8,29.74,,,GREEN,LOW,FALSE,0.5,FALSE,EVT_003,JRN_NDLS_DDN_01_20260902_161648,0.2472,0,0.95,0.4541,0.92,NONE,NONE,,79.7,79.7,11:57:00,30,BASELINE_HISTORICAL_CALIBRATION,64,64
OBS_000626,11:57:30,18750,12017,ROUTE_NDLS_DDN_01,SYNTHETIC_SIMULATOR,OK,29.951927,78.146739,263.858,38,10.56,38,0,92.8,60,,885.85,SEC_HW_DDN,,HW,DDN,50.142,50.142,CRUISING,,,,,29.65,,,GREEN,LOW,FALSE,0.5,FALSE,EVT_003,JRN_NDLS_DDN_01_20260902_161648,0.2472,0,0.95,0.4541,0.92,NONE,NONE,,79.2,79.2,11:57:30,30,BASELINE_HISTORICAL_CALIBRATION,63.5,63.5
OBS_000627,11:58:00,18780,12017,ROUTE_NDLS_DDN_01,SYNTHETIC_SIMULATOR,OK,29.954225,78.146016,264.175,38,10.56,38,0,92.8,60,,883.06,SEC_HW_DDN,,HW,DDN,49.825,49.825,CRUISING,,,,,29.81,,,GREEN,LOW,FALSE,0.5,FALSE,EVT_003,JRN_NDLS_DDN_01_20260902_161648,0.2472,0,0.95,0.4541,0.92,NONE,NONE,,78.7,78.7,11:58:00,30,BASELINE_HISTORICAL_CALIBRATION,63,63
OBS_000628,11:58:30,18810,12017,ROUTE_NDLS_DDN_01,SYNTHETIC_SIMULATOR,OK,29.956522,78.145293,264.492,38,10.56,38,0,92.8,60,,880.27,SEC_HW_DDN,,HW,DDN,49.508,49.508,CRUISING,,,,,29.97,,,GREEN,LOW,FALSE,0.5,FALSE,EVT_003,JRN_NDLS_DDN_01_20260902_161648,0.2472,0,0.95,0.4541,0.92,NONE,NONE,,78.2,78.2,11:58:30,30,BASELINE_HISTORICAL_CALIBRATION,62.5,62.5
OBS_000629,11:59:00,18840,12017,ROUTE_NDLS_DDN_01,SYNTHETIC_SIMULATOR,OK,29.958819,78.144569,264.808,38,10.56,38,0,92.8,60,,877.47,SEC_HW_DDN,,HW,DDN,49.192,49.192,CRUISING,,,,,30.13,,,GREEN,LOW,FALSE,0.5,FALSE,EVT_003,JRN_NDLS_DDN_01_20260902_161648,0.2472,0,0.95,0.4541,0.92,NONE,NONE,,77.7,77.7,11:59:00,30,BASELINE_HISTORICAL_CALIBRATION,62,62
OBS_000630,11:59:30,18870,12017,ROUTE_NDLS_DDN_01,SYNTHETIC_SIMULATOR,OK,29.961117,78.143846,265.125,38,10.56,38,0,92.8,60,,874.66,SEC_HW_DDN,,HW,DDN,48.875,48.875,CRUISING,,,,,30.29,,,GREEN,LOW,FALSE,0.5,FALSE,EVT_003,JRN_NDLS_DDN_01_20260902_161648,0.2472,0,0.95,0.4541,0.92,NONE,NONE,,77.2,77.2,11:59:30,30,BASELINE_HISTORICAL_CALIBRATION,61.5,61.5
OBS_000631,12:00:00,18900,12017,ROUTE_NDLS_DDN_01,SYNTHETIC_SIMULATOR,OK,29.963414,78.143122,265.442,38,10.56,38,0,92.8,60,,871.84,SEC_HW_DDN,,HW,DDN,48.558,48.558,CRUISING,,,,,30.46,,,GREEN,LOW,FALSE,0.5,FALSE,EVT_003,JRN_NDLS_DDN_01_20260902_161648,0.2535,0,0.95,0.4541,1,LIGHT,NONE,,76.7,76.7,12:00:00,30,BASELINE_HISTORICAL_CALIBRATION,61,61
OBS_000632,12:00:30,18930,12017,ROUTE_NDLS_DDN_01,SYNTHETIC_SIMULATOR,OK,29.965711,78.142399,265.758,38,10.56,38,0,92.8,60,,869.01,SEC_HW_DDN,,HW,DDN,48.242,48.242,CRUISING,,,,,30.62,,,GREEN,LOW,FALSE,0.5,FALSE,EVT_003,JRN_NDLS_DDN_01_20260902_161648,0.2535,0,0.95,0.4541,1,LIGHT,NONE,,76.2,76.2,12:00:30,30,BASELINE_HISTORICAL_CALIBRATION,60.5,60.5
OBS_000633,12:01:00,18960,12017,ROUTE_NDLS_DDN_01,SYNTHETIC_SIMULATOR,OK,29.968009,78.141676,266.075,38,10.56,38,0,92.8,60,,866.17,SEC_HW_DDN,,HW,DDN,47.925,47.925,CRUISING,,,,,30.78,,,GREEN,LOW,FALSE,0.5,FALSE,EVT_003,JRN_NDLS_DDN_01_20260902_161648,0.2535,0,0.95,0.4541,1,LIGHT,NONE,,75.7,75.7,12:01:00,30,BASELINE_HISTORICAL_CALIBRATION,60,60
OBS_000634,12:01:30,18990,12017,ROUTE_NDLS_DDN_01,SYNTHETIC_SIMULATOR,OK,29.970306,78.140952,266.392,38,10.56,38,0,92.8,60,,863.32,SEC_HW_DDN,,HW,DDN,47.608,47.608,CRUISING,,,,,30.94,,,GREEN,LOW,FALSE,0.5,FALSE,EVT_003,JRN_NDLS_DDN_01_20260902_161648,0.2535,0,0.95,0.4541,1,LIGHT,NONE,,75.2,75.2,12:01:30,30,BASELINE_HISTORICAL_CALIBRATION,59.5,59.5
OBS_000635,12:02:00,19020,12017,ROUTE_NDLS_DDN_01,SYNTHETIC_SIMULATOR,OK,29.972604,78.140229,266.708,38,10.56,38,0,92.8,60,,860.47,SEC_HW_DDN,,HW,DDN,47.292,47.292,CRUISING,,,,,31.1,,,GREEN,LOW,FALSE,0.5,FALSE,EVT_003,JRN_NDLS_DDN_01_20260902_161648,0.2535,0,0.95,0.4541,1,LIGHT,NONE,,74.7,74.7,12:02:00,30,BASELINE_HISTORICAL_CALIBRATION,59,59
OBS_000636,12:02:30,19050,12017,ROUTE_NDLS_DDN_01,SYNTHETIC_SIMULATOR,OK,29.974901,78.139506,267.025,38,10.56,38,0,92.8,60,,857.6,SEC_HW_DDN,,HW,DDN,46.975,46.975,CRUISING,,,,,31.26,,,GREEN,LOW,FALSE,0.5,FALSE,EVT_003,JRN_NDLS_DDN_01_20260902_161648,0.2535,0,0.95,0.4541,1,LIGHT,NONE,,74.2,74.2,12:02:30,30,BASELINE_HISTORICAL_CALIBRATION,58.5,58.5
OBS_000637,12:03:00,19080,12017,ROUTE_NDLS_DDN_01,SYNTHETIC_SIMULATOR,OK,29.977198,78.138782,267.342,38,10.56,38,0,92.8,60,,854.73,SEC_HW_DDN,,HW,DDN,46.658,46.658,CRUISING,,,,,31.42,,,GREEN,LOW,FALSE,0.5,FALSE,EVT_003,JRN_NDLS_DDN_01_20260902_161648,0.2535,0,0.95,0.4541,1,LIGHT,NONE,,73.7,73.7,12:03:00,30,BASELINE_HISTORICAL_CALIBRATION,58,58
OBS_000638,12:03:30,19110,12017,ROUTE_NDLS_DDN_01,SYNTHETIC_SIMULATOR,OK,29.979496,78.138059,267.658,38,10.56,38,0,92.8,60,,851.84,SEC_HW_DDN,,HW,DDN,46.342,46.342,CRUISING,,,,,31.58,,,GREEN,LOW,FALSE,0.5,FALSE,EVT_003,JRN_NDLS_DDN_01_20260902_161648,0.2535,0,0.95,0.4541,1,LIGHT,NONE,,73.2,73.2,12:03:30,30,BASELINE_HISTORICAL_CALIBRATION,57.5,57.5
OBS_000639,12:04:00,19140,12017,ROUTE_NDLS_DDN_01,SYNTHETIC_SIMULATOR,OK,29.981793,78.137336,267.975,38,10.56,38,0,92.8,60,,848.94,SEC_HW_DDN,,HW,DDN,46.025,46.025,CRUISING,,,,,31.74,,,GREEN,LOW,FALSE,0.5,FALSE,EVT_003,JRN_NDLS_DDN_01_20260902_161648,0.2535,0,0.95,0.4541,1,LIGHT,NONE,,72.7,72.7,12:04:00,30,BASELINE_HISTORICAL_CALIBRATION,57,57
OBS_000640,12:04:30,19170,12017,ROUTE_NDLS_DDN_01,SYNTHETIC_SIMULATOR,OK,29.984091,78.136612,268.292,38,10.56,38,0,92.8,60,,846.04,SEC_HW_DDN,,HW,DDN,45.708,45.708,CRUISING,,,,,31.9,,,GREEN,LOW,FALSE,0.5,FALSE,EVT_003,JRN_NDLS_DDN_01_20260902_161648,0.2535,0,0.95,0.4541,1,LIGHT,NONE,,72.2,72.2,12:04:30,30,BASELINE_HISTORICAL_CALIBRATION,56.5,56.5
OBS_000641,12:05:00,19200,12017,ROUTE_NDLS_DDN_01,SYNTHETIC_SIMULATOR,OK,29.986388,78.135889,268.608,38,10.56,38,0,92.8,60,,843.12,SEC_HW_DDN,,HW,DDN,45.392,45.392,CRUISING,,,,,32.06,,,GREEN,LOW,FALSE,0.5,FALSE,EVT_003,JRN_NDLS_DDN_01_20260902_161648,0.2535,0,0.95,0.4541,1,LIGHT,NONE,,71.7,71.7,12:05:00,30,BASELINE_HISTORICAL_CALIBRATION,56,56
OBS_000642,12:05:30,19230,12017,ROUTE_NDLS_DDN_01,SYNTHETIC_SIMULATOR,OK,29.988685,78.135165,268.925,38,10.56,38,0,92.8,60,,840.2,SEC_HW_DDN,,HW,DDN,45.075,45.075,CRUISING,,,,,32.22,,,GREEN,LOW,FALSE,0.5,FALSE,EVT_003,JRN_NDLS_DDN_01_20260902_161648,0.2535,0,0.95,0.4541,1,LIGHT,NONE,,71.2,71.2,12:05:30,30,BASELINE_HISTORICAL_CALIBRATION,55.5,55.5
OBS_000643,12:06:00,19260,12017,ROUTE_NDLS_DDN_01,SYNTHETIC_SIMULATOR,OK,29.990983,78.134442,269.242,38,10.56,38,0,92.8,60,,837.26,SEC_HW_DDN,,HW,DDN,44.758,44.758,CRUISING,,,,,32.38,,,GREEN,LOW,FALSE,0.5,FALSE,EVT_003,JRN_NDLS_DDN_01_20260902_161648,0.2535,0,0.95,0.4541,1,LIGHT,NONE,,70.7,70.7,12:06:00,30,BASELINE_HISTORICAL_CALIBRATION,55,55
OBS_000644,12:06:30,19290,12017,ROUTE_NDLS_DDN_01,SYNTHETIC_SIMULATOR,OK,29.99328,78.133719,269.558,38,10.56,38,0,92.8,60,,834.32,SEC_HW_DDN,,HW,DDN,44.442,44.442,CRUISING,,,,,32.54,,,GREEN,LOW,FALSE,0.5,FALSE,EVT_003,JRN_NDLS_DDN_01_20260902_161648,0.2535,0,0.95,0.4541,1,LIGHT,NONE,,70.2,70.2,12:06:30,30,BASELINE_HISTORICAL_CALIBRATION,54.5,54.5
OBS_000645,12:07:00,19320,12017,ROUTE_NDLS_DDN_01,SYNTHETIC_SIMULATOR,OK,29.995577,78.132995,269.875,38,10.56,38,0,92.8,60,,831.36,SEC_HW_DDN,,HW,DDN,44.125,44.125,CRUISING,,,,,32.7,,,GREEN,LOW,FALSE,0.5,FALSE,EVT_003,JRN_NDLS_DDN_01_20260902_161648,0.2535,0,0.95,0.4541,1,LIGHT,NONE,,69.7,69.7,12:07:00,30,BASELINE_HISTORICAL_CALIBRATION,54,54
OBS_000646,12:07:30,19350,12017,ROUTE_NDLS_DDN_01,SYNTHETIC_SIMULATOR,OK,29.997875,78.132272,270.192,38,10.56,38,0,92.8,60,,828.39,SEC_HW_DDN,,HW,DDN,43.808,43.808,CRUISING,,,,,32.86,,,GREEN,LOW,FALSE,0.5,FALSE,EVT_003,JRN_NDLS_DDN_01_20260902_161648,0.2535,0,0.95,0.4541,1,LIGHT,NONE,,69.2,69.2,12:07:30,30,BASELINE_HISTORICAL_CALIBRATION,53.5,53.5
OBS_000647,12:08:00,19380,12017,ROUTE_NDLS_DDN_01,SYNTHETIC_SIMULATOR,OK,30.000172,78.131549,270.508,38,10.56,38,0,92.8,60,,825.41,SEC_HW_DDN,,HW,DDN,43.492,43.492,CRUISING,,,,,33.02,,,GREEN,LOW,FALSE,0.5,FALSE,EVT_003,JRN_NDLS_DDN_01_20260902_161648,0.2535,0,0.95,0.4541,1,LIGHT,NONE,,68.7,68.7,12:08:00,30,BASELINE_HISTORICAL_CALIBRATION,53,53
OBS_000648,12:08:30,19410,12017,ROUTE_NDLS_DDN_01,SYNTHETIC_SIMULATOR,OK,30.00247,78.130825,270.825,38,10.56,38,0,92.8,60,,822.42,SEC_HW_DDN,,HW,DDN,43.175,43.175,CRUISING,,,,,33.18,,,GREEN,LOW,FALSE,0.5,FALSE,EVT_003,JRN_NDLS_DDN_01_20260902_161648,0.2535,0,0.95,0.4541,1,LIGHT,NONE,,68.2,68.2,12:08:30,30,BASELINE_HISTORICAL_CALIBRATION,52.5,52.5
OBS_000649,12:09:00,19440,12017,ROUTE_NDLS_DDN_01,SYNTHETIC_SIMULATOR,OK,30.004767,78.130102,271.142,38,10.56,38,0,92.8,60,,819.43,SEC_HW_DDN,,HW,DDN,42.858,42.858,CRUISING,,,,,33.34,,,GREEN,LOW,FALSE,0.5,FALSE,EVT_003,JRN_NDLS_DDN_01_20260902_161648,0.2535,0,0.95,0.4541,1,LIGHT,NONE,,67.7,67.7,12:09:00,30,BASELINE_HISTORICAL_CALIBRATION,52,52
OBS_000650,12:09:30,19470,12017,ROUTE_NDLS_DDN_01,SYNTHETIC_SIMULATOR,OK,30.007064,78.129379,271.458,38,10.56,38,0,92.8,60,,816.41,SEC_HW_DDN,,HW,DDN,42.542,42.542,CRUISING,,,,,33.5,,,GREEN,LOW,FALSE,0.5,FALSE,EVT_003,JRN_NDLS_DDN_01_20260902_161648,0.2535,0,0.95,0.4541,1,LIGHT,NONE,,67.2,67.2,12:09:30,30,BASELINE_HISTORICAL_CALIBRATION,51.5,51.5
OBS_000651,12:10:00,19500,12017,ROUTE_NDLS_DDN_01,SYNTHETIC_SIMULATOR,OK,30.009362,78.128655,271.775,38,10.56,38,0,92.8,60,,813.39,SEC_HW_DDN,,HW,DDN,42.225,42.225,CRUISING,,,,,33.66,,,GREEN,LOW,FALSE,0.5,FALSE,EVT_003,JRN_NDLS_DDN_01_20260902_161648,0.2535,0,0.95,0.4541,1,LIGHT,NONE,,66.7,66.7,12:10:00,30,BASELINE_HISTORICAL_CALIBRATION,51,51
OBS_000652,12:10:30,19530,12017,ROUTE_NDLS_DDN_01,SYNTHETIC_SIMULATOR,OK,30.011659,78.127932,272.092,38,10.56,38,0,92.8,60,,810.36,SEC_HW_DDN,,HW,DDN,41.908,41.908,CRUISING,,,,,33.82,,,GREEN,LOW,FALSE,0.5,FALSE,EVT_003,JRN_NDLS_DDN_01_20260902_161648,0.2535,0,0.95,0.4541,1,LIGHT,NONE,,66.2,66.2,12:10:30,30,BASELINE_HISTORICAL_CALIBRATION,50.5,50.5
OBS_000653,12:11:00,19560,12017,ROUTE_NDLS_DDN_01,SYNTHETIC_SIMULATOR,OK,30.013957,78.127208,272.408,38,10.56,38,0,92.8,60,,807.32,SEC_HW_DDN,,HW,DDN,41.592,41.592,CRUISING,,,,,33.98,,,GREEN,LOW,FALSE,0.5,FALSE,EVT_003,JRN_NDLS_DDN_01_20260902_161648,0.2535,0,0.95,0.4541,1,LIGHT,NONE,,65.7,65.7,12:11:00,30,BASELINE_HISTORICAL_CALIBRATION,50,50
OBS_000654,12:11:30,19590,12017,ROUTE_NDLS_DDN_01,SYNTHETIC_SIMULATOR,OK,30.016254,78.126485,272.725,38,10.56,38,0,92.8,60,,804.26,SEC_HW_DDN,,HW,DDN,41.275,41.275,CRUISING,,,,,34.14,,,GREEN,LOW,FALSE,0.5,FALSE,EVT_003,JRN_NDLS_DDN_01_20260902_161648,0.2535,0,0.95,0.4541,1,LIGHT,NONE,,65.2,65.2,12:11:30,30,BASELINE_HISTORICAL_CALIBRATION,49.5,49.5
OBS_000655,12:12:00,19620,12017,ROUTE_NDLS_DDN_01,SYNTHETIC_SIMULATOR,OK,30.018551,78.125762,273.042,38,10.56,38,0,92.8,60,,801.19,SEC_HW_DDN,,HW,DDN,40.958,40.958,CRUISING,,,,,34.3,,,GREEN,LOW,FALSE,0.5,FALSE,EVT_003,JRN_NDLS_DDN_01_20260902_161648,0.2535,0,0.95,0.4541,1,LIGHT,NONE,,64.7,64.7,12:12:00,30,BASELINE_HISTORICAL_CALIBRATION,49,49
OBS_000656,12:12:30,19650,12017,ROUTE_NDLS_DDN_01,SYNTHETIC_SIMULATOR,OK,30.020849,78.125038,273.358,38,10.56,38,0,92.8,60,,798.11,SEC_HW_DDN,,HW,DDN,40.642,40.642,CRUISING,,,,,34.46,,,GREEN,LOW,FALSE,0.5,FALSE,EVT_003,JRN_NDLS_DDN_01_20260902_161648,0.2535,0,0.95,0.4541,1,LIGHT,NONE,,64.2,64.2,12:12:30,30,BASELINE_HISTORICAL_CALIBRATION,48.5,48.5
OBS_000657,12:13:00,19680,12017,ROUTE_NDLS_DDN_01,SYNTHETIC_SIMULATOR,OK,30.023146,78.124315,273.675,38,10.56,38,0,92.8,60,,795.02,SEC_HW_DDN,,HW,DDN,40.325,40.325,CRUISING,,,,,34.62,,,GREEN,LOW,FALSE,0.5,FALSE,EVT_003,JRN_NDLS_DDN_01_20260902_161648,0.2535,0,0.95,0.4541,1,LIGHT,NONE,,63.7,63.7,12:13:00,30,BASELINE_HISTORICAL_CALIBRATION,48,48
OBS_000658,12:13:30,19710,12017,ROUTE_NDLS_DDN_01,SYNTHETIC_SIMULATOR,OK,30.025443,78.123592,273.992,38,10.56,38,0,92.8,60,,791.92,SEC_HW_DDN,,HW,DDN,40.008,40.008,CRUISING,,,,,34.78,,,GREEN,LOW,FALSE,0.5,FALSE,EVT_003,JRN_NDLS_DDN_01_20260902_161648,0.2535,0,0.95,0.4541,1,LIGHT,NONE,,63.2,63.2,12:13:30,30,BASELINE_HISTORICAL_CALIBRATION,47.5,47.5
OBS_000659,12:14:00,19740,12017,ROUTE_NDLS_DDN_01,SYNTHETIC_SIMULATOR,OK,30.027741,78.122868,274.308,38,10.56,38,0,92.8,60,,788.8,SEC_HW_DDN,,HW,DDN,39.692,39.692,CRUISING,,,,,34.94,,,GREEN,LOW,FALSE,0.5,FALSE,EVT_003,JRN_NDLS_DDN_01_20260902_161648,0.2535,0,0.95,0.4541,1,LIGHT,NONE,,62.7,62.7,12:14:00,30,BASELINE_HISTORICAL_CALIBRATION,47,47
OBS_000660,12:14:30,19770,12017,ROUTE_NDLS_DDN_01,SYNTHETIC_SIMULATOR,OK,30.030038,78.122145,274.625,38,10.56,38,0,92.8,60,,785.67,SEC_HW_DDN,,HW,DDN,39.375,39.375,CRUISING,,,,,35.1,,,GREEN,LOW,FALSE,0.5,FALSE,EVT_003,JRN_NDLS_DDN_01_20260902_161648,0.2535,0,0.95,0.4541,1,LIGHT,NONE,,62.2,62.2,12:14:30,30,BASELINE_HISTORICAL_CALIBRATION,46.5,46.5
OBS_000661,12:15:00,19800,12017,ROUTE_NDLS_DDN_01,SYNTHETIC_SIMULATOR,OK,30.032336,78.121421,274.942,38,10.56,38,0,92.8,60,,782.53,SEC_HW_DDN,,HW,DDN,39.058,39.058,CRUISING,,,,,35.26,,,GREEN,LOW,FALSE,0.5,FALSE,EVT_003,JRN_NDLS_DDN_01_20260902_161648,0.2535,0,0.95,0.4541,1,LIGHT,NONE,,61.7,61.7,12:15:00,30,BASELINE_HISTORICAL_CALIBRATION,46,46
OBS_000662,12:15:30,19830,12017,ROUTE_NDLS_DDN_01,SYNTHETIC_SIMULATOR,OK,30.034633,78.120698,275.258,38,10.56,38,0,92.8,60,,779.38,SEC_HW_DDN,,HW,DDN,38.742,38.742,CRUISING,,,,,35.42,,,GREEN,LOW,FALSE,0.5,FALSE,EVT_003,JRN_NDLS_DDN_01_20260902_161648,0.2535,0,0.95,0.4541,1,LIGHT,NONE,,61.2,61.2,12:15:30,30,BASELINE_HISTORICAL_CALIBRATION,45.5,45.5
OBS_000663,12:16:00,19860,12017,ROUTE_NDLS_DDN_01,SYNTHETIC_SIMULATOR,OK,30.03693,78.119975,275.575,38,10.56,38,0,92.8,60,,776.22,SEC_HW_DDN,,HW,DDN,38.425,38.425,CRUISING,,,,,35.58,,,GREEN,LOW,FALSE,0.5,FALSE,EVT_003,JRN_NDLS_DDN_01_20260902_161648,0.2535,0,0.95,0.4541,1,LIGHT,NONE,,60.7,60.7,12:16:00,30,BASELINE_HISTORICAL_CALIBRATION,45,45
OBS_000664,12:16:30,19890,12017,ROUTE_NDLS_DDN_01,SYNTHETIC_SIMULATOR,OK,30.039228,78.119251,275.892,38,10.56,38,0,92.8,60,,773.04,SEC_HW_DDN,,HW,DDN,38.108,38.108,CRUISING,,,,,35.74,,,GREEN,LOW,FALSE,0.5,FALSE,EVT_003,JRN_NDLS_DDN_01_20260902_161648,0.2535,0,0.95,0.4541,1,LIGHT,NONE,,60.2,60.2,12:16:30,30,BASELINE_HISTORICAL_CALIBRATION,44.5,44.5
OBS_000665,12:17:00,19920,12017,ROUTE_NDLS_DDN_01,SYNTHETIC_SIMULATOR,OK,30.041525,78.118528,276.208,38,10.56,38,0,92.8,60,,769.84,SEC_HW_DDN,,HW,DDN,37.792,37.792,CRUISING,,,,,35.9,,,GREEN,LOW,FALSE,0.5,FALSE,EVT_003,JRN_NDLS_DDN_01_20260902_161648,0.2535,0,0.95,0.4541,1,LIGHT,NONE,,59.7,59.7,12:17:00,30,BASELINE_HISTORICAL_CALIBRATION,44,44
OBS_000666,12:17:30,19950,12017,ROUTE_NDLS_DDN_01,SYNTHETIC_SIMULATOR,OK,30.043823,78.117805,276.525,38,10.56,38,0,92.8,60,,766.64,SEC_HW_DDN,,HW,DDN,37.475,37.475,CRUISING,,,,,36.06,,,GREEN,LOW,FALSE,0.5,FALSE,EVT_003,JRN_NDLS_DDN_01_20260902_161648,0.2535,0,0.95,0.4541,1,LIGHT,NONE,,59.2,59.2,12:17:30,30,BASELINE_HISTORICAL_CALIBRATION,43.5,43.5
OBS_000667,12:18:00,19980,12017,ROUTE_NDLS_DDN_01,SYNTHETIC_SIMULATOR,OK,30.04612,78.117081,276.842,38,10.56,38,0,92.8,60,,763.42,SEC_HW_DDN,,HW,DDN,37.158,37.158,CRUISING,,,,,36.22,,,GREEN,LOW,FALSE,0.5,FALSE,EVT_003,JRN_NDLS_DDN_01_20260902_161648,0.2535,0,0.95,0.4541,1,LIGHT,NONE,,58.7,58.7,12:18:00,30,BASELINE_HISTORICAL_CALIBRATION,43,43
OBS_000668,12:18:30,20010,12017,ROUTE_NDLS_DDN_01,SYNTHETIC_SIMULATOR,OK,30.048417,78.116358,277.158,38,10.56,38,0,92.8,60,,760.19,SEC_HW_DDN,,HW,DDN,36.842,36.842,CRUISING,,,,,36.38,,,GREEN,LOW,FALSE,0.5,FALSE,EVT_003,JRN_NDLS_DDN_01_20260902_161648,0.2535,0,0.95,0.4541,1,LIGHT,NONE,,58.2,58.2,12:18:30,30,BASELINE_HISTORICAL_CALIBRATION,42.5,42.5
OBS_000669,12:19:00,20040,12017,ROUTE_NDLS_DDN_01,SYNTHETIC_SIMULATOR,OK,30.050715,78.115635,277.475,38,10.56,38,0,92.8,60,,756.94,SEC_HW_DDN,,HW,DDN,36.525,36.525,CRUISING,,,,,36.54,,,GREEN,LOW,FALSE,0.5,FALSE,EVT_003,JRN_NDLS_DDN_01_20260902_161648,0.2535,0,0.95,0.4541,1,LIGHT,NONE,,57.7,57.7,12:19:00,30,BASELINE_HISTORICAL_CALIBRATION,42,42
OBS_000670,12:19:30,20070,12017,ROUTE_NDLS_DDN_01,SYNTHETIC_SIMULATOR,OK,30.053012,78.114911,277.792,38,10.56,38,0,92.8,60,,753.68,SEC_HW_DDN,,HW,DDN,36.208,36.208,CRUISING,,,,,36.7,,,GREEN,LOW,FALSE,0.5,FALSE,EVT_003,JRN_NDLS_DDN_01_20260902_161648,0.2535,0,0.95,0.4541,1,LIGHT,NONE,,57.2,57.2,12:19:30,30,BASELINE_HISTORICAL_CALIBRATION,41.5,41.5
OBS_000671,12:20:00,20100,12017,ROUTE_NDLS_DDN_01,SYNTHETIC_SIMULATOR,OK,30.055309,78.114188,278.108,38,10.56,38,0,92.8,60,,750.41,SEC_HW_DDN,,HW,DDN,35.892,35.892,CRUISING,,,,,36.86,,,GREEN,LOW,FALSE,0.5,FALSE,EVT_003,JRN_NDLS_DDN_01_20260902_161648,0.2535,0,0.95,0.4541,1,LIGHT,NONE,,56.7,56.7,12:20:00,30,BASELINE_HISTORICAL_CALIBRATION,41,41
OBS_000672,12:20:30,20130,12017,ROUTE_NDLS_DDN_01,SYNTHETIC_SIMULATOR,OK,30.057607,78.113464,278.425,38,10.56,38,0,92.8,60,,747.12,SEC_HW_DDN,,HW,DDN,35.575,35.575,CRUISING,,,,,37.02,,,GREEN,LOW,FALSE,0.5,FALSE,EVT_003,JRN_NDLS_DDN_01_20260902_161648,0.2535,0,0.95,0.4541,1,LIGHT,NONE,,56.2,56.2,12:20:30,30,BASELINE_HISTORICAL_CALIBRATION,40.5,40.5
OBS_000673,12:21:00,20160,12017,ROUTE_NDLS_DDN_01,SYNTHETIC_SIMULATOR,OK,30.059904,78.112741,278.742,38,10.56,38,0,92.8,60,,743.82,SEC_HW_DDN,,HW,DDN,35.258,35.258,CRUISING,,,,,37.18,,,GREEN,LOW,FALSE,0.5,FALSE,EVT_003,JRN_NDLS_DDN_01_20260902_161648,0.2535,0,0.95,0.4541,1,LIGHT,NONE,,55.7,55.7,12:21:00,30,BASELINE_HISTORICAL_CALIBRATION,40,40
OBS_000674,12:21:30,20190,12017,ROUTE_NDLS_DDN_01,SYNTHETIC_SIMULATOR,OK,30.062202,78.112018,279.058,38,10.56,38,0,92.8,60,,740.5,SEC_HW_DDN,,HW,DDN,34.942,34.942,CRUISING,,,,,37.34,,,GREEN,LOW,FALSE,0.5,FALSE,EVT_003,JRN_NDLS_DDN_01_20260902_161648,0.2535,0,0.95,0.4541,1,LIGHT,NONE,,55.2,55.2,12:21:30,30,BASELINE_HISTORICAL_CALIBRATION,39.5,39.5
OBS_000675,12:22:00,20220,12017,ROUTE_NDLS_DDN_01,SYNTHETIC_SIMULATOR,OK,30.064499,78.111294,279.375,38,10.56,38,0,92.8,60,,737.17,SEC_HW_DDN,,HW,DDN,34.625,34.625,CRUISING,,,,,37.5,,,GREEN,LOW,FALSE,0.5,FALSE,EVT_003,JRN_NDLS_DDN_01_20260902_161648,0.2535,0,0.95,0.4541,1,LIGHT,NONE,,54.7,54.7,12:22:00,30,BASELINE_HISTORICAL_CALIBRATION,39,39
OBS_000676,12:22:30,20250,12017,ROUTE_NDLS_DDN_01,SYNTHETIC_SIMULATOR,OK,30.066796,78.110571,279.692,38,10.56,38,0,92.8,60,,733.82,SEC_HW_DDN,,HW,DDN,34.308,34.308,CRUISING,,,,,37.66,,,GREEN,LOW,FALSE,0.5,FALSE,EVT_003,JRN_NDLS_DDN_01_20260902_161648,0.2535,0,0.95,0.4541,1,LIGHT,NONE,,54.2,54.2,12:22:30,30,BASELINE_HISTORICAL_CALIBRATION,38.5,38.5
OBS_000677,12:23:00,20280,12017,ROUTE_NDLS_DDN_01,SYNTHETIC_SIMULATOR,OK,30.069094,78.109848,280.008,38,10.56,38,0,92.8,60,,730.45,SEC_HW_DDN,,HW,DDN,33.992,33.992,CRUISING,,,,,37.82,,,GREEN,LOW,FALSE,0.5,FALSE,EVT_003,JRN_NDLS_DDN_01_20260902_161648,0.2535,0,0.95,0.4541,1,LIGHT,NONE,,53.7,53.7,12:23:00,30,BASELINE_HISTORICAL_CALIBRATION,38,38
OBS_000678,12:23:30,20310,12017,ROUTE_NDLS_DDN_01,SYNTHETIC_SIMULATOR,OK,30.071391,78.109124,280.325,38,10.56,38,0,92.8,60,,727.08,SEC_HW_DDN,,HW,DDN,33.675,33.675,CRUISING,,,,,37.98,,,GREEN,LOW,FALSE,0.5,FALSE,EVT_003,JRN_NDLS_DDN_01_20260902_161648,0.2535,0,0.95,0.4541,1,LIGHT,NONE,,53.2,53.2,12:23:30,30,BASELINE_HISTORICAL_CALIBRATION,37.5,37.5
OBS_000679,12:24:00,20340,12017,ROUTE_NDLS_DDN_01,SYNTHETIC_SIMULATOR,OK,30.073689,78.108401,280.642,38,10.56,38,0,92.8,60,,723.68,SEC_HW_DDN,,HW,DDN,33.358,33.358,CRUISING,,,,,38.14,,,GREEN,LOW,FALSE,0.5,FALSE,EVT_003,JRN_NDLS_DDN_01_20260902_161648,0.2535,0,0.95,0.4541,1,LIGHT,NONE,,52.7,52.7,12:24:00,30,BASELINE_HISTORICAL_CALIBRATION,37,37
OBS_000680,12:24:30,20370,12017,ROUTE_NDLS_DDN_01,SYNTHETIC_SIMULATOR,OK,30.075986,78.107678,280.958,38,10.56,38,0,92.8,60,,720.27,SEC_HW_DDN,,HW,DDN,33.042,33.042,CRUISING,,,,,38.3,,,GREEN,LOW,FALSE,0.5,FALSE,EVT_003,JRN_NDLS_DDN_01_20260902_161648,0.2535,0,0.95,0.4541,1,LIGHT,NONE,,52.2,52.2,12:24:30,30,BASELINE_HISTORICAL_CALIBRATION,36.5,36.5
OBS_000681,12:25:00,20400,12017,ROUTE_NDLS_DDN_01,SYNTHETIC_SIMULATOR,OK,30.078283,78.106954,281.275,38,10.56,38,0,92.8,60,,716.84,SEC_HW_DDN,,HW,DDN,32.725,32.725,CRUISING,,,,,38.46,,,GREEN,LOW,FALSE,0.5,FALSE,EVT_003,JRN_NDLS_DDN_01_20260902_161648,0.2535,0,0.95,0.4541,1,LIGHT,NONE,,51.7,51.7,12:25:00,30,BASELINE_HISTORICAL_CALIBRATION,36,36
OBS_000682,12:25:30,20430,12017,ROUTE_NDLS_DDN_01,SYNTHETIC_SIMULATOR,OK,30.080581,78.106231,281.592,38,10.56,38,0,92.8,60,,713.4,SEC_HW_DDN,,HW,DDN,32.408,32.408,CRUISING,,,,,38.62,,,GREEN,LOW,FALSE,0.5,FALSE,EVT_003,JRN_NDLS_DDN_01_20260902_161648,0.2535,0,0.95,0.4541,1,LIGHT,NONE,,51.2,51.2,12:25:30,30,BASELINE_HISTORICAL_CALIBRATION,35.5,35.5
OBS_000683,12:26:00,20460,12017,ROUTE_NDLS_DDN_01,SYNTHETIC_SIMULATOR,OK,30.082878,78.105507,281.908,38,10.56,38,0,92.8,60,,709.94,SEC_HW_DDN,,HW,DDN,32.092,32.092,CRUISING,,,,,38.78,,,GREEN,LOW,FALSE,0.5,FALSE,EVT_003,JRN_NDLS_DDN_01_20260902_161648,0.2535,0,0.95,0.4541,1,LIGHT,NONE,,50.7,50.7,12:26:00,30,BASELINE_HISTORICAL_CALIBRATION,35,35
OBS_000684,12:26:30,20490,12017,ROUTE_NDLS_DDN_01,SYNTHETIC_SIMULATOR,OK,30.085175,78.104784,282.225,38,10.56,38,0,92.8,60,,706.46,SEC_HW_DDN,,HW,DDN,31.775,31.775,CRUISING,,,,,38.94,,,GREEN,LOW,FALSE,0.5,FALSE,EVT_003,JRN_NDLS_DDN_01_20260902_161648,0.2535,0,0.95,0.4541,1,LIGHT,NONE,,50.2,50.2,12:26:30,30,BASELINE_HISTORICAL_CALIBRATION,34.5,34.5
OBS_000685,12:27:00,20520,12017,ROUTE_NDLS_DDN_01,SYNTHETIC_SIMULATOR,OK,30.087473,78.104061,282.542,38,10.56,38,0,92.8,60,,702.97,SEC_HW_DDN,,HW,DDN,31.458,31.458,CRUISING,,,,,39.1,,,GREEN,LOW,FALSE,0.5,FALSE,EVT_003,JRN_NDLS_DDN_01_20260902_161648,0.2535,0,0.95,0.4541,1,LIGHT,NONE,,49.7,49.7,12:27:00,30,BASELINE_HISTORICAL_CALIBRATION,34,34
OBS_000686,12:27:30,20550,12017,ROUTE_NDLS_DDN_01,SYNTHETIC_SIMULATOR,OK,30.08977,78.103337,282.858,38,10.56,38,0,92.8,60,,699.46,SEC_HW_DDN,,HW,DDN,31.142,31.142,CRUISING,,,,,39.26,,,GREEN,LOW,FALSE,0.5,FALSE,EVT_003,JRN_NDLS_DDN_01_20260902_161648,0.2535,0,0.95,0.4541,1,LIGHT,NONE,,49.2,49.2,12:27:30,30,BASELINE_HISTORICAL_CALIBRATION,33.5,33.5
OBS_000687,12:28:00,20580,12017,ROUTE_NDLS_DDN_01,SYNTHETIC_SIMULATOR,OK,30.092068,78.102614,283.175,38,10.56,38,0,92.8,60,,695.93,SEC_HW_DDN,,HW,DDN,30.825,30.825,CRUISING,,,,,39.42,,,GREEN,LOW,FALSE,0.5,FALSE,EVT_003,JRN_NDLS_DDN_01_20260902_161648,0.2535,0,0.95,0.4541,1,LIGHT,NONE,,48.7,48.7,12:28:00,30,BASELINE_HISTORICAL_CALIBRATION,33,33
OBS_000688,12:28:30,20610,12017,ROUTE_NDLS_DDN_01,SYNTHETIC_SIMULATOR,OK,30.094365,78.101891,283.492,38,10.56,38,0,92.8,60,,692.38,SEC_HW_DDN,,HW,DDN,30.508,30.508,CRUISING,,,,,39.58,,,GREEN,LOW,FALSE,0.5,FALSE,EVT_003,JRN_NDLS_DDN_01_20260902_161648,0.2535,0,0.95,0.4541,1,LIGHT,NONE,,48.2,48.2,12:28:30,30,BASELINE_HISTORICAL_CALIBRATION,32.5,32.5
OBS_000689,12:29:00,20640,12017,ROUTE_NDLS_DDN_01,SYNTHETIC_SIMULATOR,OK,30.096662,78.101167,283.808,38,10.56,38,0,92.8,60,,688.81,SEC_HW_DDN,,HW,DDN,30.192,30.192,CRUISING,,,,,39.74,,,GREEN,LOW,FALSE,0.5,FALSE,EVT_003,JRN_NDLS_DDN_01_20260902_161648,0.2535,0,0.95,0.4541,1,LIGHT,NONE,,47.7,47.7,12:29:00,30,BASELINE_HISTORICAL_CALIBRATION,32,32
OBS_000690,12:29:30,20670,12017,ROUTE_NDLS_DDN_01,SYNTHETIC_SIMULATOR,OK,30.09896,78.100444,284.125,38,10.56,38,0,92.8,60,,685.23,SEC_HW_DDN,,HW,DDN,29.875,29.875,CRUISING,,,,,39.9,,,GREEN,LOW,FALSE,0.5,FALSE,EVT_003,JRN_NDLS_DDN_01_20260902_161648,0.2535,0,0.95,0.4541,1,LIGHT,NONE,,47.2,47.2,12:29:30,30,BASELINE_HISTORICAL_CALIBRATION,31.5,31.5
OBS_000691,12:30:00,20700,12017,ROUTE_NDLS_DDN_01,SYNTHETIC_SIMULATOR,OK,30.101257,78.099721,284.442,38,10.56,38,0,92.8,60,,681.63,SEC_HW_DDN,,HW,DDN,29.558,29.558,CRUISING,,,,,40.06,,,GREEN,LOW,FALSE,0.5,FALSE,EVT_003,JRN_NDLS_DDN_01_20260902_161648,0.2535,0,0.95,0.4541,1,LIGHT,NONE,,46.7,46.7,12:30:00,30,BASELINE_HISTORICAL_CALIBRATION,31,31
OBS_000692,12:30:30,20730,12017,ROUTE_NDLS_DDN_01,SYNTHETIC_SIMULATOR,OK,30.106336,78.098121,285.142,57,15.83,57,0.5,208.9,60,,678.01,SEC_HW_DDN,,HW,DDN,28.858,28.858,ACCELERATING,,,,,40.22,,,GREEN,LOW,FALSE,,FALSE,,JRN_NDLS_DDN_01_20260902_161648,0.2535,0,0.95,0.4541,1,LIGHT,NONE,,30.4,30.4,12:30:30,30,BASELINE_HISTORICAL_CALIBRATION,30.5,30.5
OBS_000693,12:31:00,20760,12017,ROUTE_NDLS_DDN_01,SYNTHETIC_SIMULATOR,OK,30.109782,78.097036,285.617,57,15.83,57,0,208.9,60,,669.93,SEC_HW_DDN,,HW,DDN,28.383,28.383,CRUISING,,,,,39.97,,,GREEN,LOW,FALSE,,FALSE,,JRN_NDLS_DDN_01_20260902_161648,0.2535,0,0.95,0.4541,1,LIGHT,NONE,,29.9,29.9,12:31:00,30,BASELINE_HISTORICAL_CALIBRATION,30,30
OBS_000694,12:31:30,20790,12017,ROUTE_NDLS_DDN_01,SYNTHETIC_SIMULATOR,OK,30.113228,78.095951,286.092,57,15.83,57,0,208.9,60,,664.39,SEC_HW_DDN,,HW,DDN,27.908,27.908,CRUISING,,,,,39.96,,,GREEN,LOW,FALSE,,FALSE,,JRN_NDLS_DDN_01_20260902_161648,0.2535,0,0.95,0.4541,1,LIGHT,NONE,,29.4,29.4,12:31:30,30,BASELINE_HISTORICAL_CALIBRATION,29.5,29.5
OBS_000695,12:32:00,20820,12017,ROUTE_NDLS_DDN_01,SYNTHETIC_SIMULATOR,OK,30.116674,78.094866,286.567,57,15.83,57,0,208.9,60,,658.81,SEC_HW_DDN,,HW,DDN,27.433,27.433,CRUISING,,,,,39.95,,,GREEN,LOW,FALSE,,FALSE,,JRN_NDLS_DDN_01_20260902_161648,0.2535,0,0.95,0.4541,1,LIGHT,NONE,,28.9,28.9,12:32:00,30,BASELINE_HISTORICAL_CALIBRATION,29,29
OBS_000696,12:32:30,20850,12017,ROUTE_NDLS_DDN_01,SYNTHETIC_SIMULATOR,OK,30.12012,78.093781,287.042,57,15.83,57,0,208.9,60,,653.18,SEC_HW_DDN,,HW,DDN,26.958,26.958,CRUISING,,,,,39.94,,,GREEN,LOW,FALSE,,FALSE,,JRN_NDLS_DDN_01_20260902_161648,0.2535,0,0.95,0.4541,1,LIGHT,NONE,,28.4,28.4,12:32:30,30,BASELINE_HISTORICAL_CALIBRATION,28.5,28.5
OBS_000697,12:33:00,20880,12017,ROUTE_NDLS_DDN_01,SYNTHETIC_SIMULATOR,OK,30.123566,78.092696,287.517,57,15.83,57,0,208.9,60,,647.5,SEC_HW_DDN,,HW,DDN,26.483,26.483,CRUISING,,,,,39.93,,,GREEN,LOW,FALSE,,FALSE,,JRN_NDLS_DDN_01_20260902_161648,0.2535,0,0.95,0.4541,1,LIGHT,NONE,,27.9,27.9,12:33:00,30,BASELINE_HISTORICAL_CALIBRATION,28,28
OBS_000698,12:33:30,20910,12017,ROUTE_NDLS_DDN_01,SYNTHETIC_SIMULATOR,OK,30.127012,78.091611,287.992,57,15.83,57,0,208.9,60,,641.77,SEC_HW_DDN,,HW,DDN,26.008,26.008,CRUISING,,,,,39.92,,,GREEN,LOW,FALSE,,FALSE,,JRN_NDLS_DDN_01_20260902_161648,0.2535,0,0.95,0.4541,1,LIGHT,NONE,,27.4,27.4,12:33:30,30,BASELINE_HISTORICAL_CALIBRATION,27.5,27.5
OBS_000699,12:34:00,20940,12017,ROUTE_NDLS_DDN_01,SYNTHETIC_SIMULATOR,OK,30.130458,78.090526,288.467,57,15.83,57,0,208.9,60,,635.99,SEC_HW_DDN,,HW,DDN,25.533,25.533,CRUISING,,,,,39.91,,,GREEN,LOW,FALSE,,FALSE,,JRN_NDLS_DDN_01_20260902_161648,0.2535,0,0.95,0.4541,1,LIGHT,NONE,,26.9,26.9,12:34:00,30,BASELINE_HISTORICAL_CALIBRATION,27,27
OBS_000700,12:34:30,20970,12017,ROUTE_NDLS_DDN_01,SYNTHETIC_SIMULATOR,OK,30.133904,78.089441,288.942,57,15.83,57,0,208.9,60,,630.15,SEC_HW_DDN,,HW,DDN,25.058,25.058,CRUISING,,,,,39.9,,,GREEN,LOW,FALSE,,FALSE,,JRN_NDLS_DDN_01_20260902_161648,0.2535,0,0.95,0.4541,1,LIGHT,NONE,,26.4,26.4,12:34:30,30,BASELINE_HISTORICAL_CALIBRATION,26.5,26.5
OBS_000701,12:35:00,21000,12017,ROUTE_NDLS_DDN_01,SYNTHETIC_SIMULATOR,OK,30.13735,78.088356,289.417,57,15.83,57,0,208.9,60,,624.27,SEC_HW_DDN,,HW,DDN,24.583,24.583,CRUISING,,,,,39.89,,,GREEN,LOW,FALSE,,FALSE,,JRN_NDLS_DDN_01_20260902_161648,0.2535,0,0.95,0.4541,1,LIGHT,NONE,,25.9,25.9,12:35:00,30,BASELINE_HISTORICAL_CALIBRATION,26,26
OBS_000702,12:35:30,21030,12017,ROUTE_NDLS_DDN_01,SYNTHETIC_SIMULATOR,OK,30.140796,78.087271,289.892,57,15.83,57,0,208.9,60,,618.32,SEC_HW_DDN,,HW,DDN,24.108,24.108,CRUISING,,,,,39.88,,,GREEN,LOW,FALSE,,FALSE,,JRN_NDLS_DDN_01_20260902_161648,0.2535,0,0.95,0.4541,1,LIGHT,NONE,,25.4,25.4,12:35:30,30,BASELINE_HISTORICAL_CALIBRATION,25.5,25.5
OBS_000703,12:36:00,21060,12017,ROUTE_NDLS_DDN_01,SYNTHETIC_SIMULATOR,OK,30.144242,78.086186,290.367,57,15.83,57,0,208.9,60,,612.32,SEC_HW_DDN,,HW,DDN,23.633,23.633,CRUISING,,,,,39.87,,,GREEN,LOW,FALSE,,FALSE,,JRN_NDLS_DDN_01_20260902_161648,0.2535,0,0.95,0.4541,1,LIGHT,NONE,,24.9,24.9,12:36:00,30,BASELINE_HISTORICAL_CALIBRATION,25,25
OBS_000704,12:36:30,21090,12017,ROUTE_NDLS_DDN_01,SYNTHETIC_SIMULATOR,OK,30.147689,78.085101,290.842,57,15.83,57,0,208.9,60,,606.26,SEC_HW_DDN,,HW,DDN,23.158,23.158,CRUISING,,,,,39.86,,,GREEN,LOW,FALSE,,FALSE,,JRN_NDLS_DDN_01_20260902_161648,0.2535,0,0.95,0.4541,1,LIGHT,NONE,,24.4,24.4,12:36:30,30,BASELINE_HISTORICAL_CALIBRATION,24.5,24.5
OBS_000705,12:37:00,21120,12017,ROUTE_NDLS_DDN_01,SYNTHETIC_SIMULATOR,OK,30.151135,78.084016,291.317,57,15.83,57,0,208.9,60,,600.13,SEC_HW_DDN,,HW,DDN,22.683,22.683,CRUISING,,,,,39.85,,,GREEN,LOW,FALSE,,FALSE,,JRN_NDLS_DDN_01_20260902_161648,0.2535,0,0.95,0.4541,1,LIGHT,NONE,,23.9,23.9,12:37:00,30,BASELINE_HISTORICAL_CALIBRATION,24,24
OBS_000706,12:37:30,21150,12017,ROUTE_NDLS_DDN_01,SYNTHETIC_SIMULATOR,OK,30.154581,78.082931,291.792,57,15.83,57,0,208.9,60,,593.95,SEC_HW_DDN,,HW,DDN,22.208,22.208,CRUISING,,,,,39.84,,,GREEN,LOW,FALSE,,FALSE,,JRN_NDLS_DDN_01_20260902_161648,0.2535,0,0.95,0.4541,1,LIGHT,NONE,,23.4,23.4,12:37:30,30,BASELINE_HISTORICAL_CALIBRATION,23.5,23.5
OBS_000707,12:38:00,21180,12017,ROUTE_NDLS_DDN_01,SYNTHETIC_SIMULATOR,OK,30.158027,78.081846,292.267,57,15.83,57,0,208.9,60,,587.69,SEC_HW_DDN,,HW,DDN,21.733,21.733,CRUISING,,,,,39.84,,,GREEN,LOW,FALSE,,FALSE,,JRN_NDLS_DDN_01_20260902_161648,0.2535,0,0.95,0.4541,1,LIGHT,NONE,,22.9,22.9,12:38:00,30,BASELINE_HISTORICAL_CALIBRATION,23,23
OBS_000708,12:38:30,21210,12017,ROUTE_NDLS_DDN_01,SYNTHETIC_SIMULATOR,OK,30.161473,78.080761,292.742,57,15.83,57,0,208.9,60,,581.37,SEC_HW_DDN,,HW,DDN,21.258,21.258,CRUISING,,,,,39.83,,,GREEN,LOW,FALSE,,FALSE,,JRN_NDLS_DDN_01_20260902_161648,0.2535,0,0.95,0.4541,1,LIGHT,NONE,,22.4,22.4,12:38:30,30,BASELINE_HISTORICAL_CALIBRATION,22.5,22.5
OBS_000709,12:39:00,21240,12017,ROUTE_NDLS_DDN_01,SYNTHETIC_SIMULATOR,OK,30.164919,78.079676,293.217,57,15.83,57,0,208.9,60,,574.99,SEC_HW_DDN,,HW,DDN,20.783,20.783,CRUISING,,,,,39.82,,,GREEN,LOW,FALSE,,FALSE,,JRN_NDLS_DDN_01_20260902_161648,0.2535,0,0.95,0.4541,1,LIGHT,NONE,,21.9,21.9,12:39:00,30,BASELINE_HISTORICAL_CALIBRATION,22,22
OBS_000710,12:39:30,21270,12017,ROUTE_NDLS_DDN_01,SYNTHETIC_SIMULATOR,OK,30.168365,78.078591,293.692,57,15.83,57,0,208.9,60,,568.53,SEC_HW_DDN,,HW,DDN,20.308,20.308,CRUISING,,,,,39.81,,,GREEN,LOW,FALSE,,FALSE,,JRN_NDLS_DDN_01_20260902_161648,0.2535,0,0.95,0.4541,1,LIGHT,NONE,,21.4,21.4,12:39:30,30,BASELINE_HISTORICAL_CALIBRATION,21.5,21.5
OBS_000711,12:40:00,21300,12017,ROUTE_NDLS_DDN_01,SYNTHETIC_SIMULATOR,OK,30.171811,78.077506,294.167,57,15.83,57,0,208.9,60,,561.99,SEC_HW_DDN,,HW,DDN,19.833,19.833,CRUISING,,,,,39.8,,,GREEN,LOW,FALSE,,FALSE,,JRN_NDLS_DDN_01_20260902_161648,0.2535,0,0.95,0.4541,1,LIGHT,NONE,,20.9,20.9,12:40:00,30,BASELINE_HISTORICAL_CALIBRATION,21,21
OBS_000712,12:40:30,21330,12017,ROUTE_NDLS_DDN_01,SYNTHETIC_SIMULATOR,OK,30.175257,78.076421,294.642,57,15.83,57,0,208.9,60,,555.38,SEC_HW_DDN,,HW,DDN,19.358,19.358,CRUISING,,,,,39.79,,,GREEN,LOW,FALSE,,FALSE,,JRN_NDLS_DDN_01_20260902_161648,0.2535,0,0.95,0.4541,1,LIGHT,NONE,,20.4,20.4,12:40:30,30,BASELINE_HISTORICAL_CALIBRATION,20.5,20.5
OBS_000713,12:41:00,21360,12017,ROUTE_NDLS_DDN_01,SYNTHETIC_SIMULATOR,OK,30.178703,78.075335,295.117,57,15.83,57,0,208.9,60,,548.69,SEC_HW_DDN,,HW,DDN,18.883,18.883,CRUISING,,,,,39.78,,,GREEN,LOW,FALSE,,FALSE,,JRN_NDLS_DDN_01_20260902_161648,0.2535,0,0.95,0.4541,1,LIGHT,NONE,,19.9,19.9,12:41:00,30,BASELINE_HISTORICAL_CALIBRATION,20,20
OBS_000714,12:41:30,21390,12017,ROUTE_NDLS_DDN_01,SYNTHETIC_SIMULATOR,OK,30.182149,78.07425,295.592,57,15.83,57,0,208.9,60,,541.92,SEC_HW_DDN,,HW,DDN,18.408,18.408,CRUISING,,,,,39.77,,,GREEN,LOW,FALSE,,FALSE,,JRN_NDLS_DDN_01_20260902_161648,0.2535,0,0.95,0.4541,1,LIGHT,NONE,,19.4,19.4,12:41:30,30,BASELINE_HISTORICAL_CALIBRATION,19.5,19.5
OBS_000715,12:42:00,21420,12017,ROUTE_NDLS_DDN_01,SYNTHETIC_SIMULATOR,OK,30.185595,78.073165,296.067,57,15.83,57,0,208.9,60,,535.06,SEC_HW_DDN,,HW,DDN,17.933,17.933,CRUISING,,,,,39.76,,,GREEN,LOW,FALSE,,FALSE,,JRN_NDLS_DDN_01_20260902_161648,0.2535,0,0.95,0.4541,1,LIGHT,NONE,,18.9,18.9,12:42:00,30,BASELINE_HISTORICAL_CALIBRATION,19,19
OBS_000716,12:42:30,21450,12017,ROUTE_NDLS_DDN_01,SYNTHETIC_SIMULATOR,OK,30.189042,78.07208,296.542,57,15.83,57,0,208.9,60,,528.11,SEC_HW_DDN,,HW,DDN,17.458,17.458,CRUISING,,,,,39.75,,,GREEN,LOW,FALSE,,FALSE,,JRN_NDLS_DDN_01_20260902_161648,0.2535,0,0.95,0.4541,1,LIGHT,NONE,,18.4,18.4,12:42:30,30,BASELINE_HISTORICAL_CALIBRATION,18.5,18.5
OBS_000717,12:43:00,21480,12017,ROUTE_NDLS_DDN_01,SYNTHETIC_SIMULATOR,OK,30.192488,78.070995,297.017,57,15.83,57,0,208.9,60,,521.07,SEC_HW_DDN,,HW,DDN,16.983,16.983,CRUISING,,,,,39.74,,,GREEN,LOW,FALSE,,FALSE,,JRN_NDLS_DDN_01_20260902_161648,0.2535,0,0.95,0.4541,1,LIGHT,NONE,,17.9,17.9,12:43:00,30,BASELINE_HISTORICAL_CALIBRATION,18,18
OBS_000718,12:43:30,21510,12017,ROUTE_NDLS_DDN_01,SYNTHETIC_SIMULATOR,OK,30.195934,78.06991,297.492,57,15.83,57,0,208.9,60,,513.93,SEC_HW_DDN,,HW,DDN,16.508,16.508,CRUISING,,,,,39.73,,,GREEN,LOW,FALSE,,FALSE,,JRN_NDLS_DDN_01_20260902_161648,0.2535,0,0.95,0.4541,1,LIGHT,NONE,,17.4,17.4,12:43:30,30,BASELINE_HISTORICAL_CALIBRATION,17.5,17.5
OBS_000719,12:44:00,21540,12017,ROUTE_NDLS_DDN_01,SYNTHETIC_SIMULATOR,OK,30.19938,78.068825,297.967,57,15.83,57,0,208.9,60,,506.69,SEC_HW_DDN,,HW,DDN,16.033,16.033,CRUISING,,,,,39.72,,,GREEN,LOW,FALSE,,FALSE,,JRN_NDLS_DDN_01_20260902_161648,0.2535,0,0.95,0.4541,1,LIGHT,NONE,,16.9,16.9,12:44:00,30,BASELINE_HISTORICAL_CALIBRATION,17,17
OBS_000720,12:44:30,21570,12017,ROUTE_NDLS_DDN_01,SYNTHETIC_SIMULATOR,OK,30.202826,78.06774,298.442,57,15.83,57,0,208.9,60,,499.35,SEC_HW_DDN,,HW,DDN,15.558,15.558,CRUISING,,,,,39.71,,,GREEN,LOW,FALSE,,FALSE,,JRN_NDLS_DDN_01_20260902_161648,0.2535,0,0.95,0.4541,1,LIGHT,NONE,,16.4,16.4,12:44:30,30,BASELINE_HISTORICAL_CALIBRATION,16.5,16.5
OBS_000721,12:45:00,21600,12017,ROUTE_NDLS_DDN_01,SYNTHETIC_SIMULATOR,OK,30.206272,78.066655,298.917,57,15.83,57,0,208.9,60,,491.9,SEC_HW_DDN,,HW,DDN,15.083,15.083,CRUISING,,,,,39.7,,,GREEN,LOW,FALSE,,FALSE,,JRN_NDLS_DDN_01_20260902_161648,0.2535,0,0.95,0.4541,1,LIGHT,NONE,,15.9,15.9,12:45:00,30,BASELINE_HISTORICAL_CALIBRATION,16,16
OBS_000722,12:45:30,21630,12017,ROUTE_NDLS_DDN_01,SYNTHETIC_SIMULATOR,OK,30.209718,78.06557,299.392,57,15.83,57,0,208.9,60,,484.33,SEC_HW_DDN,,HW,DDN,14.608,14.608,CRUISING,,,,,39.69,,,GREEN,LOW,FALSE,,FALSE,,JRN_NDLS_DDN_01_20260902_161648,0.2535,0,0.95,0.4541,1,LIGHT,NONE,,15.4,15.4,12:45:30,30,BASELINE_HISTORICAL_CALIBRATION,15.5,15.5
OBS_000723,12:46:00,21660,12017,ROUTE_NDLS_DDN_01,SYNTHETIC_SIMULATOR,OK,30.213164,78.064485,299.867,57,15.83,57,0,208.9,60,,476.64,SEC_HW_DDN,,HW,DDN,14.133,14.133,CRUISING,,,,,39.68,,,GREEN,LOW,FALSE,,FALSE,,JRN_NDLS_DDN_01_20260902_161648,0.2535,0,0.95,0.4541,1,LIGHT,NONE,,14.9,14.9,12:46:00,30,BASELINE_HISTORICAL_CALIBRATION,15,15
OBS_000724,12:46:30,21690,12017,ROUTE_NDLS_DDN_01,SYNTHETIC_SIMULATOR,OK,30.21661,78.0634,300.342,57,15.83,57,0,208.9,60,,468.83,SEC_HW_DDN,,HW,DDN,13.658,13.658,CRUISING,,,,,39.67,,,GREEN,LOW,FALSE,,FALSE,,JRN_NDLS_DDN_01_20260902_161648,0.2535,0,0.95,0.4541,1,LIGHT,NONE,,14.4,14.4,12:46:30,30,BASELINE_HISTORICAL_CALIBRATION,14.5,14.5
OBS_000725,12:47:00,21720,12017,ROUTE_NDLS_DDN_01,SYNTHETIC_SIMULATOR,OK,30.220056,78.062315,300.817,57,15.83,57,0,208.9,60,,460.88,SEC_HW_DDN,,HW,DDN,13.183,13.183,CRUISING,,,,,39.66,,,GREEN,LOW,FALSE,,FALSE,,JRN_NDLS_DDN_01_20260902_161648,0.2535,0,0.95,0.4541,1,LIGHT,NONE,,13.9,13.9,12:47:00,30,BASELINE_HISTORICAL_CALIBRATION,14,14
OBS_000726,12:47:30,21750,12017,ROUTE_NDLS_DDN_01,SYNTHETIC_SIMULATOR,OK,30.223502,78.06123,301.292,57,15.83,57,0,208.9,60,,452.8,SEC_HW_DDN,,HW,DDN,12.708,12.708,CRUISING,,,,,39.65,,,GREEN,LOW,FALSE,,FALSE,,JRN_NDLS_DDN_01_20260902_161648,0.2535,0,0.95,0.4541,1,LIGHT,NONE,,13.4,13.4,12:47:30,30,BASELINE_HISTORICAL_CALIBRATION,13.5,13.5
OBS_000727,12:48:00,21780,12017,ROUTE_NDLS_DDN_01,SYNTHETIC_SIMULATOR,OK,30.226948,78.060145,301.767,57,15.83,57,0,208.9,60,,444.57,SEC_HW_DDN,,HW,DDN,12.233,12.233,CRUISING,,,,,39.64,,,GREEN,LOW,FALSE,,FALSE,,JRN_NDLS_DDN_01_20260902_161648,0.2535,0,0.95,0.4541,1,LIGHT,NONE,,12.9,12.9,12:48:00,30,BASELINE_HISTORICAL_CALIBRATION,13,13
OBS_000728,12:48:30,21810,12017,ROUTE_NDLS_DDN_01,SYNTHETIC_SIMULATOR,OK,30.230394,78.05906,302.242,57,15.83,57,0,208.9,60,,436.18,SEC_HW_DDN,,HW,DDN,11.758,11.758,CRUISING,,,,,39.63,,,GREEN,LOW,FALSE,,FALSE,,JRN_NDLS_DDN_01_20260902_161648,0.2535,0,0.95,0.4541,1,LIGHT,NONE,,12.4,12.4,12:48:30,30,BASELINE_HISTORICAL_CALIBRATION,12.5,12.5
OBS_000729,12:49:00,21840,12017,ROUTE_NDLS_DDN_01,SYNTHETIC_SIMULATOR,OK,30.233841,78.057975,302.717,57,15.83,57,0,208.9,60,,427.63,SEC_HW_DDN,,HW,DDN,11.283,11.283,CRUISING,,,,,39.62,,,GREEN,LOW,FALSE,,FALSE,,JRN_NDLS_DDN_01_20260902_161648,0.2535,0,0.95,0.4541,1,LIGHT,NONE,,11.9,11.9,12:49:00,30,BASELINE_HISTORICAL_CALIBRATION,12,12
OBS_000730,12:49:30,21870,12017,ROUTE_NDLS_DDN_01,SYNTHETIC_SIMULATOR,OK,30.237287,78.05689,303.192,57,15.83,57,0,208.9,60,,418.9,SEC_HW_DDN,,HW,DDN,10.808,10.808,CRUISING,,,,,39.61,,,GREEN,LOW,FALSE,,FALSE,,JRN_NDLS_DDN_01_20260902_161648,0.2535,0,0.95,0.4541,1,LIGHT,NONE,,11.4,11.4,12:49:30,30,BASELINE_HISTORICAL_CALIBRATION,11.5,11.5
OBS_000731,12:50:00,21900,12017,ROUTE_NDLS_DDN_01,SYNTHETIC_SIMULATOR,OK,30.240733,78.055805,303.667,57,15.83,57,0,208.9,60,,409.99,SEC_HW_DDN,,HW,DDN,10.333,10.333,CRUISING,,,,,39.6,,,GREEN,LOW,FALSE,,FALSE,,JRN_NDLS_DDN_01_20260902_161648,0.2535,0,0.95,0.4541,1,LIGHT,NONE,,10.9,10.9,12:50:00,30,BASELINE_HISTORICAL_CALIBRATION,11,11
OBS_000732,12:50:30,21930,12017,ROUTE_NDLS_DDN_01,SYNTHETIC_SIMULATOR,OK,30.244179,78.05472,304.142,57,15.83,57,0,208.9,60,,400.88,SEC_HW_DDN,,HW,DDN,9.858,9.858,CRUISING,,,,,39.59,,,GREEN,LOW,FALSE,,FALSE,,JRN_NDLS_DDN_01_20260902_161648,0.2535,0,0.95,0.4541,1,LIGHT,NONE,,10.4,10.4,12:50:30,30,BASELINE_HISTORICAL_CALIBRATION,10.5,10.5
OBS_000733,12:51:00,21960,12017,ROUTE_NDLS_DDN_01,SYNTHETIC_SIMULATOR,OK,30.247625,78.053634,304.617,57,15.83,57,0,208.9,60,,391.56,SEC_HW_DDN,,HW,DDN,9.383,9.383,CRUISING,,,,,39.58,,,GREEN,LOW,FALSE,,FALSE,,JRN_NDLS_DDN_01_20260902_161648,0.2535,0,0.95,0.4541,1,LIGHT,NONE,,9.9,9.9,12:51:00,30,BASELINE_HISTORICAL_CALIBRATION,10,10
OBS_000734,12:51:30,21990,12017,ROUTE_NDLS_DDN_01,SYNTHETIC_SIMULATOR,OK,30.251071,78.052549,305.092,57,15.83,57,0,208.9,60,,382.01,SEC_HW_DDN,,HW,DDN,8.908,8.908,CRUISING,,,,,39.57,,,GREEN,LOW,FALSE,,FALSE,,JRN_NDLS_DDN_01_20260902_161648,0.2535,0,0.95,0.4541,1,LIGHT,NONE,,9.4,9.4,12:51:30,30,BASELINE_HISTORICAL_CALIBRATION,9.5,9.5
OBS_000735,12:52:00,22020,12017,ROUTE_NDLS_DDN_01,SYNTHETIC_SIMULATOR,OK,30.254517,78.051464,305.567,57,15.83,57,0,208.9,60,,372.21,SEC_HW_DDN,,HW,DDN,8.433,8.433,CRUISING,,,,,39.56,,,GREEN,LOW,FALSE,,FALSE,,JRN_NDLS_DDN_01_20260902_161648,0.2535,0,0.95,0.4541,1,LIGHT,NONE,,8.9,8.9,12:52:00,30,BASELINE_HISTORICAL_CALIBRATION,9,9
OBS_000736,12:52:30,22050,12017,ROUTE_NDLS_DDN_01,SYNTHETIC_SIMULATOR,OK,30.257963,78.050379,306.042,57,15.83,57,0,208.9,60,,362.15,SEC_HW_DDN,,HW,DDN,7.958,7.958,CRUISING,,,,,39.55,,,GREEN,LOW,FALSE,,FALSE,,JRN_NDLS_DDN_01_20260902_161648,0.2535,0,0.95,0.4541,1,LIGHT,NONE,,8.4,8.4,12:52:30,30,BASELINE_HISTORICAL_CALIBRATION,8.5,8.5
OBS_000737,12:53:00,22080,12017,ROUTE_NDLS_DDN_01,SYNTHETIC_SIMULATOR,OK,30.261409,78.049294,306.517,57,15.83,57,0,208.9,60,,351.81,SEC_HW_DDN,,HW,DDN,7.483,7.483,CRUISING,,,,,39.54,,,GREEN,LOW,FALSE,,FALSE,,JRN_NDLS_DDN_01_20260902_161648,0.2535,0,0.95,0.4541,1,LIGHT,NONE,,7.9,7.9,12:53:00,30,BASELINE_HISTORICAL_CALIBRATION,8,8
OBS_000738,12:53:30,22110,12017,ROUTE_NDLS_DDN_01,SYNTHETIC_SIMULATOR,OK,30.264855,78.048209,306.992,57,15.83,57,0,208.9,60,,341.15,SEC_HW_DDN,,HW,DDN,7.008,7.008,CRUISING,,,,,39.53,,,GREEN,LOW,FALSE,,FALSE,,JRN_NDLS_DDN_01_20260902_161648,0.2535,0,0.95,0.4541,1,LIGHT,NONE,,7.4,7.4,12:53:30,30,BASELINE_HISTORICAL_CALIBRATION,7.5,7.5
OBS_000739,12:54:00,22140,12017,ROUTE_NDLS_DDN_01,SYNTHETIC_SIMULATOR,OK,30.268301,78.047124,307.467,57,15.83,57,0,208.9,60,,330.14,SEC_HW_DDN,,HW,DDN,6.533,6.533,CRUISING,,,,,39.52,,,GREEN,LOW,FALSE,,FALSE,,JRN_NDLS_DDN_01_20260902_161648,0.2535,0,0.95,0.4541,1,LIGHT,NONE,,6.9,6.9,12:54:00,30,BASELINE_HISTORICAL_CALIBRATION,7,7
OBS_000740,12:54:30,22170,12017,ROUTE_NDLS_DDN_01,SYNTHETIC_SIMULATOR,OK,30.271747,78.046039,307.942,57,15.83,57,0,208.9,60,,318.76,SEC_HW_DDN,,HW,DDN,6.058,6.058,CRUISING,,,,,39.51,,,GREEN,LOW,FALSE,,FALSE,,JRN_NDLS_DDN_01_20260902_161648,0.2535,0,0.95,0.4541,1,LIGHT,NONE,,6.4,6.4,12:54:30,30,BASELINE_HISTORICAL_CALIBRATION,6.5,6.5
OBS_000741,12:55:00,22200,12017,ROUTE_NDLS_DDN_01,SYNTHETIC_SIMULATOR,OK,30.275193,78.044954,308.417,57,15.83,57,0,208.9,60,,306.95,SEC_HW_DDN,,HW,DDN,5.583,5.583,CRUISING,,,,,39.5,,,GREEN,LOW,FALSE,,FALSE,,JRN_NDLS_DDN_01_20260902_161648,0.2535,0,0.95,0.4541,1,LIGHT,NONE,,5.9,5.9,12:55:00,30,BASELINE_HISTORICAL_CALIBRATION,6,6
OBS_000742,12:55:30,22230,12017,ROUTE_NDLS_DDN_01,SYNTHETIC_SIMULATOR,OK,30.27864,78.043869,308.892,57,15.83,57,0,208.9,60,,294.67,SEC_HW_DDN,,HW,DDN,5.108,5.108,CRUISING,,,,,39.49,,,GREEN,LOW,FALSE,,FALSE,,JRN_NDLS_DDN_01_20260902_161648,0.2535,0,0.95,0.4541,1,LIGHT,NONE,,5.4,5.4,12:55:30,30,BASELINE_HISTORICAL_CALIBRATION,5.5,5.5
OBS_000743,12:56:00,22260,12017,ROUTE_NDLS_DDN_01,SYNTHETIC_SIMULATOR,OK,30.282086,78.042784,309.367,57,15.83,57,0,208.9,60,,281.86,SEC_HW_DDN,,HW,DDN,4.633,4.633,CRUISING,,,,,39.48,,,GREEN,LOW,FALSE,,FALSE,,JRN_NDLS_DDN_01_20260902_161648,0.2535,0,0.95,0.4541,1,LIGHT,NONE,,4.9,4.9,12:56:00,30,BASELINE_HISTORICAL_CALIBRATION,5,5
OBS_000744,12:56:30,22290,12017,ROUTE_NDLS_DDN_01,SYNTHETIC_SIMULATOR,OK,30.285532,78.041699,309.842,57,15.83,57,0,208.9,60,,268.44,SEC_HW_DDN,,HW,DDN,4.158,4.158,CRUISING,,,,,39.47,,,GREEN,LOW,FALSE,,FALSE,,JRN_NDLS_DDN_01_20260902_161648,0.2535,0,0.95,0.4541,1,LIGHT,NONE,,4.4,4.4,12:56:30,30,BASELINE_HISTORICAL_CALIBRATION,4.5,4.5
OBS_000745,12:57:00,22320,12017,ROUTE_NDLS_DDN_01,SYNTHETIC_SIMULATOR,OK,30.288978,78.040614,310.317,57,15.83,57,0,208.9,60,,254.3,SEC_HW_DDN,,HW,DDN,3.683,3.683,CRUISING,,,,,39.46,,,GREEN,LOW,FALSE,,FALSE,,JRN_NDLS_DDN_01_20260902_161648,0.2535,0,0.95,0.4541,1,LIGHT,NONE,,3.9,3.9,12:57:00,30,BASELINE_HISTORICAL_CALIBRATION,4,4
OBS_000746,12:57:30,22350,12017,ROUTE_NDLS_DDN_01,SYNTHETIC_SIMULATOR,OK,30.292424,78.039529,310.792,57,15.83,57,0,208.9,60,,239.34,SEC_HW_DDN,,HW,DDN,3.208,3.208,CRUISING,,,,,39.45,,,GREEN,LOW,FALSE,,FALSE,,JRN_NDLS_DDN_01_20260902_161648,0.2535,0,0.95,0.4541,1,LIGHT,NONE,,3.4,3.4,12:57:30,30,BASELINE_HISTORICAL_CALIBRATION,3.5,3.5
OBS_000747,12:58:00,22380,12017,ROUTE_NDLS_DDN_01,SYNTHETIC_SIMULATOR,OK,30.29587,78.038444,311.267,57,15.83,57,0,208.9,60,,223.37,SEC_HW_DDN,,HW,DDN,2.733,2.733,CRUISING,,,,,39.44,,,GREEN,LOW,FALSE,,FALSE,,JRN_NDLS_DDN_01_20260902_161648,0.2535,0,0.95,0.4541,1,LIGHT,NONE,,2.9,2.9,12:58:00,30,BASELINE_HISTORICAL_CALIBRATION,3,3
OBS_000748,12:58:30,22410,12017,ROUTE_NDLS_DDN_01,SYNTHETIC_SIMULATOR,OK,30.299316,78.037359,311.742,57,15.83,57,0,208.9,60,,206.18,SEC_HW_DDN,,HW,DDN,2.258,2.258,CRUISING,,,,,39.43,,,GREEN,LOW,FALSE,,FALSE,,JRN_NDLS_DDN_01_20260902_161648,0.2535,0,0.95,0.4541,1,LIGHT,NONE,,2.4,2.4,12:58:30,30,BASELINE_HISTORICAL_CALIBRATION,2.5,2.5
OBS_000749,12:59:00,22440,12017,ROUTE_NDLS_DDN_01,SYNTHETIC_SIMULATOR,OK,30.302762,78.036274,312.217,57,15.83,57,0,208.9,60,,187.41,SEC_HW_DDN,,HW,DDN,1.783,1.783,CRUISING,,,,,39.42,,,GREEN,LOW,FALSE,,FALSE,,JRN_NDLS_DDN_01_20260902_161648,0.2535,0,0.95,0.4541,1,LIGHT,NONE,,1.9,1.9,12:59:00,30,BASELINE_HISTORICAL_CALIBRATION,2,2
OBS_000750,12:59:30,22470,12017,ROUTE_NDLS_DDN_01,SYNTHETIC_SIMULATOR,OK,30.306208,78.035189,312.692,57,15.83,57,0,208.9,60,,166.54,SEC_HW_DDN,,HW,DDN,1.308,1.308,CRUISING,,,,,39.41,,,GREEN,LOW,FALSE,,FALSE,,JRN_NDLS_DDN_01_20260902_161648,0.2535,0,0.95,0.4541,1,LIGHT,NONE,,1.4,1.4,12:59:30,30,BASELINE_HISTORICAL_CALIBRATION,1.5,1.5
OBS_000751,13:00:00,22500,12017,ROUTE_NDLS_DDN_01,SYNTHETIC_SIMULATOR,OK,30.309654,78.034104,313.167,57,15.83,57,0,208.9,60,,142.64,SEC_HW_DDN,,HW,DDN,0.833,0.833,CRUISING,,,,,39.4,,,GREEN,LOW,FALSE,,FALSE,,JRN_NDLS_DDN_01_20260902_161648,0.257,0,0.95,0.4541,1,LIGHT,NONE,,0.9,0.9,13:00:00,30,BASELINE_HISTORICAL_CALIBRATION,1,1
OBS_000752,13:00:30,22530,12017,ROUTE_NDLS_DDN_01,SYNTHETIC_SIMULATOR,OK,30.3131,78.033019,313.642,57,15.83,57,0,208.9,60,,113.84,SEC_HW_DDN,,HW,DDN,0.358,0.358,CRUISING,,,,,39.39,,,GREEN,LOW,FALSE,,FALSE,,JRN_NDLS_DDN_01_20260902_161648,0.257,0,0.95,0.4541,1,LIGHT,NONE,,0.4,0.4,13:00:30,30,BASELINE_HISTORICAL_CALIBRATION,0.5,0.5
OBS_000753,13:01:00,22560,12017,ROUTE_NDLS_DDN_01,SYNTHETIC_SIMULATOR,OK,30.3157,78.0322,314,0,0,57,0,0,60,,74.65,SEC_HW_DDN,DDN,DDN,,0,0,COMPLETED,ARRIVED,13:01:00,,,39.38,,,GREEN,LOW,FALSE,,FALSE,,JRN_NDLS_DDN_01_20260902_161648,0.257,0,0.95,0.4541,1,LIGHT,NONE,,0,0,13:01:00,30,BASELINE_HISTORICAL_CALIBRATION,0,0
