observation_id,timestamp,simulation_time_sec,train_id,route_id,data_source,data_quality_status,latitude,longitude,current_position_km,current_speed_kmph,current_speed_mps,target_speed_kmph,current_acceleration_mps2,braking_distance_m,section_speed_limit_kmph,restriction_speed_kmph,approach_speed_kmph,current_section_id,current_station_id,previous_station_id,next_station_id,distance_to_next_station_km,distance_to_destination_km,movement_state,station_event,actual_arrival_time,actual_departure_time,actual_dwell_min,current_delay_min,arrival_delay_min,departure_delay_min,signal_state,congestion_level,fog_active,fog_visibility_km,unscheduled_halt,active_event_ids,journey_id,predicted_congestion_probability,predicted_fog_risk,predicted_delay_risk,predicted_operational_risk,prediction_confidence,predicted_speed_impact,active_predicted_restriction,predicted_restriction_speed_kmph,eta_to_next_station_min,eta_to_destination_min,prediction_timestamp,prediction_horizon_min,prediction_source,target_eta_to_destination_min,target_eta_to_next_station_min
OBS_000001,08:10:00,0.0,12050,ROUTE_NDLS_AGC_01,SYNTHETIC_SIMULATOR,OK,28.6431,77.2197,0.542,38.0,10.56,38.0,0.5,92.8,110.0,40.0,329.95,SEC_NDLS_NZM,NDLS,NDLS,NZM,6.458,194.458,ACCELERATING,DEPARTED,,08:10:00,,0.0,,,GREEN,LOW,True,,False,,JRN_AGRA_01,0.2313,1.0,1.0,0.4541,1.0,MEDIUM,Predicted Fog Visibility Risk (Speed cap 40.0 km/h),40.0,10.2,307.0,08:10:00,30.0,BASELINE_HISTORICAL_CALIBRATION,169.0,10.5
OBS_000002,08:10:30,30.0,12050,ROUTE_NDLS_AGC_01,SYNTHETIC_SIMULATOR,OK,28.636454,77.223832,0.858,38.0,10.56,38.0,0.0,92.8,110.0,40.0,316.92,SEC_NDLS_NZM,,NDLS,NZM,6.142,194.142,CRUISING,,,,,0.22,,,GREEN,LOW,True,,False,,JRN_AGRA_01,0.2313,1.0,1.0,0.4541,1.0,MEDIUM,Predicted Fog Visibility Risk (Speed cap 40.0 km/h),40.0,9.7,306.5,08:10:30,30.0,BASELINE_HISTORICAL_CALIBRATION,168.5,10.0
OBS_000003,08:11:00,60.0,12050,ROUTE_NDLS_AGC_01,SYNTHETIC_SIMULATOR,OK,28.634002,77.225357,1.175,38.0,10.56,38.0,0.0,92.8,110.0,40.0,309.06,SEC_NDLS_NZM,,NDLS,NZM,5.825,193.825,CRUISING,,,,,0.56,,,GREEN,LOW,True,,False,,JRN_AGRA_01,0.2313,1.0,1.0,0.4541,1.0,MEDIUM,Predicted Fog Visibility Risk (Speed cap 40.0 km/h),40.0,9.2,306.0,08:11:00,30.0,BASELINE_HISTORICAL_CALIBRATION,168.0,9.5
OBS_000004,08:11:30,90.0,12050,ROUTE_NDLS_AGC_01,SYNTHETIC_SIMULATOR,OK,28.63155,77.226881,1.492,38.0,10.56,38.0,0.0,92.8,110.0,40.0,300.98,SEC_NDLS_NZM,,NDLS,NZM,5.508,193.508,CRUISING,,,,,0.9,,,GREEN,LOW,True,,False,,JRN_AGRA_01,0.2313,1.0,1.0,0.4541,1.0,MEDIUM,Predicted Fog Visibility Risk (Speed cap 40.0 km/h),40.0,8.7,305.5,08:11:30,30.0,BASELINE_HISTORICAL_CALIBRATION,167.5,9.0
OBS_000005,08:12:00,120.0,12050,ROUTE_NDLS_AGC_01,SYNTHETIC_SIMULATOR,OK,28.629098,77.228406,1.808,38.0,10.56,38.0,0.0,92.8,110.0,40.0,292.69,SEC_NDLS_NZM,,NDLS,NZM,5.192,193.192,CRUISING,,,,,1.24,,,GREEN,LOW,True,,False,,JRN_AGRA_01,0.2313,1.0,1.0,0.4541,1.0,MEDIUM,Predicted Fog Visibility Risk (Speed cap 40.0 km/h),40.0,8.2,305.0,08:12:00,30.0,BASELINE_HISTORICAL_CALIBRATION,167.0,8.5
OBS_000006,08:12:30,150.0,12050,ROUTE_NDLS_AGC_01,SYNTHETIC_SIMULATOR,OK,28.626646,77.22993,2.125,38.0,10.56,38.0,0.0,92.8,110.0,40.0,284.15,SEC_NDLS_NZM,,NDLS,NZM,4.875,192.875,CRUISING,,,,,1.57,,,GREEN,LOW,True,,False,,JRN_AGRA_01,0.2313,1.0,1.0,0.4541,1.0,MEDIUM,Predicted Fog Visibility Risk (Speed cap 40.0 km/h),40.0,7.7,304.5,08:12:30,30.0,BASELINE_HISTORICAL_CALIBRATION,166.5,8.0
OBS_000007,08:13:00,180.0,12050,ROUTE_NDLS_AGC_01,SYNTHETIC_SIMULATOR,OK,28.624195,77.231455,2.442,38.0,10.56,38.0,0.0,92.8,110.0,40.0,275.35,SEC_NDLS_NZM,,NDLS,NZM,4.558,192.558,CRUISING,,,,,1.91,,,GREEN,LOW,True,,False,,JRN_AGRA_01,0.2313,1.0,1.0,0.4541,1.0,MEDIUM,Predicted Fog Visibility Risk (Speed cap 40.0 km/h),40.0,7.2,304.0,08:13:00,30.0,BASELINE_HISTORICAL_CALIBRATION,166.0,7.5
OBS_000008,08:13:30,210.0,12050,ROUTE_NDLS_AGC_01,SYNTHETIC_SIMULATOR,OK,28.621743,77.232979,2.758,38.0,10.56,38.0,0.0,92.8,110.0,40.0,266.25,SEC_NDLS_NZM,,NDLS,NZM,4.242,192.242,CRUISING,,,,,2.25,,,GREEN,LOW,True,,False,,JRN_AGRA_01,0.2313,1.0,1.0,0.4541,1.0,MEDIUM,Predicted Fog Visibility Risk (Speed cap 40.0 km/h),40.0,6.7,303.5,08:13:30,30.0,BASELINE_HISTORICAL_CALIBRATION,165.5,7.0
OBS_000009,08:14:00,240.0,12050,ROUTE_NDLS_AGC_01,SYNTHETIC_SIMULATOR,OK,28.619291,77.234504,3.075,38.0,10.56,38.0,0.0,92.8,110.0,40.0,256.84,SEC_NDLS_NZM,,NDLS,NZM,3.925,191.925,CRUISING,,,,,2.59,,,GREEN,LOW,True,,False,,JRN_AGRA_01,0.2313,1.0,1.0,0.4541,1.0,MEDIUM,Predicted Fog Visibility Risk (Speed cap 40.0 km/h),40.0,6.2,303.0,08:14:00,30.0,BASELINE_HISTORICAL_CALIBRATION,165.0,6.5
OBS_000010,08:14:30,270.0,12050,ROUTE_NDLS_AGC_01,SYNTHETIC_SIMULATOR,OK,28.616839,77.236028,3.392,38.0,10.56,38.0,0.0,92.8,110.0,40.0,247.07,SEC_NDLS_NZM,,NDLS,NZM,3.608,191.608,CRUISING,,,,,2.92,,,GREEN,LOW,True,,False,,JRN_AGRA_01,0.2313,1.0,1.0,0.4541,1.0,MEDIUM,Predicted Fog Visibility Risk (Speed cap 40.0 km/h),40.0,5.7,302.5,08:14:30,30.0,BASELINE_HISTORICAL_CALIBRATION,164.5,6.0
OBS_000011,08:15:00,300.0,12050,ROUTE_NDLS_AGC_01,SYNTHETIC_SIMULATOR,OK,28.614387,77.237553,3.708,38.0,10.56,38.0,0.0,92.8,110.0,40.0,236.89,SEC_NDLS_NZM,,NDLS,NZM,3.292,191.292,CRUISING,,,,,3.26,,,GREEN,LOW,True,,False,,JRN_AGRA_01,0.2313,1.0,1.0,0.4541,1.0,MEDIUM,Predicted Fog Visibility Risk (Speed cap 40.0 km/h),40.0,5.2,302.0,08:15:00,30.0,BASELINE_HISTORICAL_CALIBRATION,164.0,5.5
OBS_000012,08:15:30,330.0,12050,ROUTE_NDLS_AGC_01,SYNTHETIC_SIMULATOR,OK,28.611935,77.239078,4.025,38.0,10.56,38.0,0.0,92.8,110.0,40.0,226.26,SEC_NDLS_NZM,,NDLS,NZM,2.975,190.975,CRUISING,,,,,3.6,,,GREEN,LOW,True,,False,,JRN_AGRA_01,0.2313,1.0,1.0,0.4541,1.0,MEDIUM,Predicted Fog Visibility Risk (Speed cap 40.0 km/h),40.0,4.7,301.5,08:15:30,30.0,BASELINE_HISTORICAL_CALIBRATION,163.5,5.0
OBS_000013,08:16:00,360.0,12050,ROUTE_NDLS_AGC_01,SYNTHETIC_SIMULATOR,OK,28.609483,77.240602,4.342,38.0,10.56,38.0,0.0,92.8,110.0,40.0,215.1,SEC_NDLS_NZM,,NDLS,NZM,2.658,190.658,CRUISING,,,,,3.94,,,GREEN,LOW,True,,False,,JRN_AGRA_01,0.2313,1.0,1.0,0.4541,1.0,MEDIUM,Predicted Fog Visibility Risk (Speed cap 40.0 km/h),40.0,4.2,301.0,08:16:00,30.0,BASELINE_HISTORICAL_CALIBRATION,163.0,4.5
OBS_000014,08:16:30,390.0,12050,ROUTE_NDLS_AGC_01,SYNTHETIC_SIMULATOR,OK,28.607031,77.242127,4.658,38.0,10.56,38.0,0.0,92.8,110.0,40.0,203.33,SEC_NDLS_NZM,,NDLS,NZM,2.342,190.342,CRUISING,,,,,4.27,,,GREEN,LOW,True,,False,,JRN_AGRA_01,0.2313,1.0,1.0,0.4541,1.0,MEDIUM,Predicted Fog Visibility Risk (Speed cap 40.0 km/h),40.0,3.7,300.5,08:16:30,30.0,BASELINE_HISTORICAL_CALIBRATION,162.5,4.0
OBS_000015,08:17:00,420.0,12050,ROUTE_NDLS_AGC_01,SYNTHETIC_SIMULATOR,OK,28.604579,77.243651,4.975,38.0,10.56,38.0,0.0,92.8,110.0,40.0,190.83,SEC_NDLS_NZM,,NDLS,NZM,2.025,190.025,CRUISING,,,,,4.61,,,GREEN,LOW,True,,False,,JRN_AGRA_01,0.2313,1.0,1.0,0.4541,1.0,MEDIUM,Predicted Fog Visibility Risk (Speed cap 40.0 km/h),40.0,3.2,300.0,08:17:00,30.0,BASELINE_HISTORICAL_CALIBRATION,162.0,3.5
OBS_000016,08:17:30,450.0,12050,ROUTE_NDLS_AGC_01,SYNTHETIC_SIMULATOR,OK,28.602127,77.245176,5.292,38.0,10.56,38.0,0.0,92.8,110.0,40.0,177.46,SEC_NDLS_NZM,,NDLS,NZM,1.708,189.708,CRUISING,,,,,4.95,,,GREEN,LOW,True,,False,,JRN_AGRA_01,0.2313,1.0,1.0,0.4541,1.0,MEDIUM,Predicted Fog Visibility Risk (Speed cap 40.0 km/h),40.0,2.7,299.5,08:17:30,30.0,BASELINE_HISTORICAL_CALIBRATION,161.5,3.0
OBS_000017,08:18:00,480.0,12050,ROUTE_NDLS_AGC_01,SYNTHETIC_SIMULATOR,OK,28.599675,77.2467,5.608,38.0,10.56,38.0,0.0,92.8,110.0,40.0,163.0,SEC_NDLS_NZM,,NDLS,NZM,1.392,189.392,CRUISING,,,,,5.29,,,GREEN,LOW,True,,False,,JRN_AGRA_01,0.2313,1.0,1.0,0.4541,1.0,MEDIUM,Predicted Fog Visibility Risk (Speed cap 40.0 km/h),40.0,2.2,299.0,08:18:00,30.0,BASELINE_HISTORICAL_CALIBRATION,161.0,2.5
OBS_000018,08:18:30,510.0,12050,ROUTE_NDLS_AGC_01,SYNTHETIC_SIMULATOR,OK,28.597224,77.248225,5.925,38.0,10.56,38.0,0.0,92.8,110.0,40.0,147.12,SEC_NDLS_NZM,,NDLS,NZM,1.075,189.075,CRUISING,,,,,5.62,,,GREEN,LOW,True,,False,,JRN_AGRA_01,0.2313,1.0,1.0,0.4541,1.0,MEDIUM,Predicted Fog Visibility Risk (Speed cap 40.0 km/h),40.0,1.7,298.5,08:18:30,30.0,BASELINE_HISTORICAL_CALIBRATION,160.5,2.0
OBS_000019,08:19:00,540.0,12050,ROUTE_NDLS_AGC_01,SYNTHETIC_SIMULATOR,OK,28.594772,77.249749,6.242,38.0,10.56,38.0,0.0,92.8,110.0,40.0,129.3,SEC_NDLS_NZM,,NDLS,NZM,0.758,188.758,CRUISING,,,,,5.96,,,GREEN,LOW,True,,False,,JRN_AGRA_01,0.2313,1.0,1.0,0.4541,1.0,MEDIUM,Predicted Fog Visibility Risk (Speed cap 40.0 km/h),40.0,1.2,298.0,08:19:00,30.0,BASELINE_HISTORICAL_CALIBRATION,160.0,1.5
OBS_000020,08:19:30,570.0,12050,ROUTE_NDLS_AGC_01,SYNTHETIC_SIMULATOR,OK,28.59232,77.251274,6.558,38.0,10.56,38.0,0.0,92.8,110.0,40.0,108.6,SEC_NDLS_NZM,,NDLS,NZM,0.442,188.442,CRUISING,,,,,6.3,,,GREEN,LOW,True,,False,,JRN_AGRA_01,0.2313,1.0,1.0,0.4541,1.0,MEDIUM,Predicted Fog Visibility Risk (Speed cap 40.0 km/h),40.0,0.7,297.5,08:19:30,30.0,BASELINE_HISTORICAL_CALIBRATION,159.5,1.0
OBS_000021,08:20:00,600.0,12050,ROUTE_NDLS_AGC_01,SYNTHETIC_SIMULATOR,OK,28.589868,77.252798,6.875,38.0,10.56,38.0,0.0,92.8,110.0,40.0,82.88,SEC_NDLS_NZM,,NDLS,NZM,0.125,188.125,CRUISING,,,,,6.64,,,GREEN,LOW,True,,False,,JRN_AGRA_01,0.2313,1.0,1.0,0.4541,1.0,MEDIUM,Predicted Fog Visibility Risk (Speed cap 40.0 km/h),40.0,0.2,297.0,08:20:00,30.0,BASELINE_HISTORICAL_CALIBRATION,159.0,0.5
OBS_000022,08:20:30,630.0,12050,ROUTE_NDLS_AGC_01,SYNTHETIC_SIMULATOR,OK,28.5889,77.2534,7.0,0.0,0.0,38.0,0.0,0.0,110.0,40.0,44.09,SEC_NDLS_NZM,NZM,NZM,FDB,21.0,188.0,DWELLING,ARRIVED,08:20:30,,,6.97,,,GREEN,LOW,True,,False,,JRN_AGRA_01,0.2313,1.0,1.0,0.4541,1.0,MEDIUM,Predicted Fog Visibility Risk (Speed cap 40.0 km/h),40.0,50.4,451.2,08:20:30,30.0,BASELINE_HISTORICAL_CALIBRATION,158.5,34.5
OBS_000023,08:21:00,660.0,12050,ROUTE_NDLS_AGC_01,SYNTHETIC_SIMULATOR,OK,28.5889,77.2534,7.0,0.0,0.0,0.0,0.0,0.0,130.0,40.0,0.0,SEC_NZM_FDB,NZM,NZM,FDB,21.0,188.0,DWELLING,,,,,7.41,,,GREEN,LOW,True,,False,EVT_AGC_001,JRN_AGRA_01,0.2313,1.0,1.0,0.4541,1.0,MEDIUM,Predicted Fog Visibility Risk (Speed cap 40.0 km/h),40.0,50.4,451.2,08:21:00,30.0,BASELINE_HISTORICAL_CALIBRATION,158.0,34.0
OBS_000024,08:21:30,690.0,12050,ROUTE_NDLS_AGC_01,SYNTHETIC_SIMULATOR,OK,28.5889,77.2534,7.0,0.0,0.0,0.0,0.0,0.0,130.0,40.0,0.0,SEC_NZM_FDB,NZM,NZM,FDB,21.0,188.0,DWELLING,,,,,7.91,,,GREEN,LOW,True,,False,EVT_AGC_001,JRN_AGRA_01,0.2313,1.0,1.0,0.4541,1.0,MEDIUM,Predicted Fog Visibility Risk (Speed cap 40.0 km/h),40.0,50.4,451.2,08:21:30,30.0,BASELINE_HISTORICAL_CALIBRATION,157.5,33.5
OBS_000025,08:22:00,720.0,12050,ROUTE_NDLS_AGC_01,SYNTHETIC_SIMULATOR,OK,28.5889,77.2534,7.0,0.0,0.0,0.0,0.0,0.0,130.0,40.0,0.0,SEC_NZM_FDB,NZM,NZM,FDB,21.0,188.0,DWELLING,,,,,8.41,,,GREEN,LOW,True,,False,EVT_AGC_001,JRN_AGRA_01,0.2313,1.0,1.0,0.4541,1.0,MEDIUM,Predicted Fog Visibility Risk (Speed cap 40.0 km/h),40.0,50.4,451.2,08:22:00,30.0,BASELINE_HISTORICAL_CALIBRATION,157.0,33.0
OBS_000026,08:22:30,750.0,12050,ROUTE_NDLS_AGC_01,SYNTHETIC_SIMULATOR,OK,28.5889,77.2534,7.542,38.0,10.56,38.0,0.5,92.8,130.0,40.0,571.48,SEC_NZM_FDB,NZM,NZM,FDB,20.458,187.458,ACCELERATING,DEPARTED,,08:22:30,2,8.91,,,GREEN,LOW,True,,False,EVT_AGC_001,JRN_AGRA_01,0.2313,1.0,1.0,0.4541,1.0,MEDIUM,Predicted Fog Visibility Risk (Speed cap 40.0 km/h),40.0,32.3,296.0,08:22:30,30.0,BASELINE_HISTORICAL_CALIBRATION,156.5,32.5
OBS_000027,08:23:00,780.0,12050,ROUTE_NDLS_AGC_01,SYNTHETIC_SIMULATOR,OK,28.581543,77.256032,7.858,38.0,10.56,38.0,0.0,92.8,130.0,40.0,564.06,SEC_NZM_FDB,,NZM,FDB,20.142,187.142,CRUISING,,,,,9.13,,,GREEN,LOW,True,,False,EVT_AGC_001,JRN_AGRA_01,0.2313,1.0,1.0,0.4541,1.0,MEDIUM,Predicted Fog Visibility Risk (Speed cap 40.0 km/h),40.0,31.8,295.5,08:23:00,30.0,BASELINE_HISTORICAL_CALIBRATION,156.0,32.0
OBS_000028,08:23:30,810.0,12050,ROUTE_NDLS_AGC_01,SYNTHETIC_SIMULATOR,OK,28.578829,77.257003,8.175,38.0,10.56,38.0,0.0,92.8,130.0,40.0,559.68,SEC_NZM_FDB,,NZM,FDB,19.825,186.825,CRUISING,,,,,9.47,,,GREEN,LOW,True,,False,EVT_AGC_001,JRN_AGRA_01,0.2313,1.0,1.0,0.4541,1.0,MEDIUM,Predicted Fog Visibility Risk (Speed cap 40.0 km/h),40.0,31.3,295.0,08:23:30,30.0,BASELINE_HISTORICAL_CALIBRATION,155.5,31.5
OBS_000029,08:24:00,840.0,12050,ROUTE_NDLS_AGC_01,SYNTHETIC_SIMULATOR,OK,28.576114,77.257974,8.492,38.0,10.56,38.0,0.0,92.8,130.0,40.0,555.26,SEC_NZM_FDB,,NZM,FDB,19.508,186.508,CRUISING,,,,,9.81,,,GREEN,LOW,True,,False,EVT_AGC_001,JRN_AGRA_01,0.2313,1.0,1.0,0.4541,1.0,MEDIUM,Predicted Fog Visibility Risk (Speed cap 40.0 km/h),40.0,30.8,294.5,08:24:00,30.0,BASELINE_HISTORICAL_CALIBRATION,155.0,31.0
OBS_000030,08:24:30,870.0,12050,ROUTE_NDLS_AGC_01,SYNTHETIC_SIMULATOR,OK,28.5734,77.258946,8.808,38.0,10.56,38.0,0.0,92.8,130.0,40.0,550.81,SEC_NZM_FDB,,NZM,FDB,19.192,186.192,CRUISING,,,,,10.15,,,GREEN,LOW,True,,False,EVT_AGC_001,JRN_AGRA_01,0.2313,1.0,1.0,0.4541,1.0,MEDIUM,Predicted Fog Visibility Risk (Speed cap 40.0 km/h),40.0,30.3,294.0,08:24:30,30.0,BASELINE_HISTORICAL_CALIBRATION,154.5,30.5
OBS_000031,08:25:00,900.0,12050,ROUTE_NDLS_AGC_01,SYNTHETIC_SIMULATOR,OK,28.570686,77.259917,9.125,38.0,10.56,38.0,0.0,92.8,130.0,40.0,546.32,SEC_NZM_FDB,,NZM,FDB,18.875,185.875,CRUISING,,,,,10.48,,,GREEN,LOW,True,,False,EVT_AGC_001,JRN_AGRA_01,0.2313,1.0,1.0,0.4541,1.0,MEDIUM,Predicted Fog Visibility Risk (Speed cap 40.0 km/h),40.0,29.8,293.5,08:25:00,30.0,BASELINE_HISTORICAL_CALIBRATION,154.0,30.0
OBS_000032,08:25:30,930.0,12050,ROUTE_NDLS_AGC_01,SYNTHETIC_SIMULATOR,OK,28.567971,77.260888,9.442,38.0,10.56,38.0,0.0,92.8,130.0,40.0,541.8,SEC_NZM_FDB,,NZM,FDB,18.558,185.558,CRUISING,,,,,10.82,,,GREEN,LOW,True,,False,EVT_AGC_001,JRN_AGRA_01,0.2313,1.0,1.0,0.4541,1.0,MEDIUM,Predicted Fog Visibility Risk (Speed cap 40.0 km/h),40.0,29.3,293.0,08:25:30,30.0,BASELINE_HISTORICAL_CALIBRATION,153.5,29.5
OBS_000033,08:26:00,960.0,12050,ROUTE_NDLS_AGC_01,SYNTHETIC_SIMULATOR,OK,28.565257,77.261859,9.758,38.0,10.56,38.0,0.0,92.8,130.0,40.0,537.23,SEC_NZM_FDB,,NZM,FDB,18.242,185.242,CRUISING,,,,,11.16,,,GREEN,LOW,True,,False,EVT_AGC_001,JRN_AGRA_01,0.2313,1.0,1.0,0.4541,1.0,MEDIUM,Predicted Fog Visibility Risk (Speed cap 40.0 km/h),40.0,28.8,292.5,08:26:00,30.0,BASELINE_HISTORICAL_CALIBRATION,153.0,29.0
OBS_000034,08:26:30,990.0,12050,ROUTE_NDLS_AGC_01,SYNTHETIC_SIMULATOR,OK,28.562543,77.26283,10.075,38.0,10.56,38.0,0.0,92.8,130.0,40.0,532.63,SEC_NZM_FDB,,NZM,FDB,17.925,184.925,CRUISING,,,,,11.5,,,GREEN,LOW,True,,False,EVT_AGC_001,JRN_AGRA_01,0.2313,1.0,1.0,0.4541,1.0,MEDIUM,Predicted Fog Visibility Risk (Speed cap 40.0 km/h),40.0,28.3,292.0,08:26:30,30.0,BASELINE_HISTORICAL_CALIBRATION,152.5,28.5
OBS_000035,08:27:00,1020.0,12050,ROUTE_NDLS_AGC_01,SYNTHETIC_SIMULATOR,OK,28.559829,77.263801,10.392,38.0,10.56,38.0,0.0,92.8,130.0,40.0,527.99,SEC_NZM_FDB,,NZM,FDB,17.608,184.608,CRUISING,,,,,11.83,,,GREEN,LOW,True,,False,EVT_AGC_001,JRN_AGRA_01,0.2313,1.0,1.0,0.4541,1.0,MEDIUM,Predicted Fog Visibility Risk (Speed cap 40.0 km/h),40.0,27.8,291.5,08:27:00,30.0,BASELINE_HISTORICAL_CALIBRATION,152.0,28.0
OBS_000036,08:27:30,1050.0,12050,ROUTE_NDLS_AGC_01,SYNTHETIC_SIMULATOR,OK,28.557114,77.264772,10.708,38.0,10.56,38.0,0.0,92.8,130.0,40.0,523.3,SEC_NZM_FDB,,NZM,FDB,17.292,184.292,CRUISING,,,,,12.17,,,GREEN,LOW,True,,False,EVT_AGC_001,JRN_AGRA_01,0.2313,1.0,1.0,0.4541,1.0,MEDIUM,Predicted Fog Visibility Risk (Speed cap 40.0 km/h),40.0,27.3,291.0,08:27:30,30.0,BASELINE_HISTORICAL_CALIBRATION,151.5,27.5
OBS_000037,08:28:00,1080.0,12050,ROUTE_NDLS_AGC_01,SYNTHETIC_SIMULATOR,OK,28.5544,77.265743,11.025,38.0,10.56,38.0,0.0,92.8,130.0,40.0,518.57,SEC_NZM_FDB,,NZM,FDB,16.975,183.975,CRUISING,,,,,12.51,,,GREEN,LOW,True,,False,EVT_AGC_001,JRN_AGRA_01,0.2313,1.0,1.0,0.4541,1.0,MEDIUM,Predicted Fog Visibility Risk (Speed cap 40.0 km/h),40.0,26.8,290.5,08:28:00,30.0,BASELINE_HISTORICAL_CALIBRATION,151.0,27.0
OBS_000038,08:28:30,1110.0,12050,ROUTE_NDLS_AGC_01,SYNTHETIC_SIMULATOR,OK,28.551686,77.266714,11.342,38.0,10.56,38.0,0.0,92.8,130.0,40.0,513.8,SEC_NZM_FDB,,NZM,FDB,16.658,183.658,CRUISING,,,,,12.85,,,GREEN,LOW,True,,False,EVT_AGC_001,JRN_AGRA_01,0.2313,1.0,1.0,0.4541,1.0,MEDIUM,Predicted Fog Visibility Risk (Speed cap 40.0 km/h),40.0,26.3,290.0,08:28:30,30.0,BASELINE_HISTORICAL_CALIBRATION,150.5,26.5
OBS_000039,08:29:00,1140.0,12050,ROUTE_NDLS_AGC_01,SYNTHETIC_SIMULATOR,OK,28.548971,77.267686,11.658,38.0,10.56,38.0,0.0,92.8,130.0,40.0,508.99,SEC_NZM_FDB,,NZM,FDB,16.342,183.342,CRUISING,,,,,13.18,,,GREEN,LOW,True,,False,EVT_AGC_001,JRN_AGRA_01,0.2313,1.0,1.0,0.4541,1.0,MEDIUM,Predicted Fog Visibility Risk (Speed cap 40.0 km/h),40.0,25.8,289.5,08:29:00,30.0,BASELINE_HISTORICAL_CALIBRATION,150.0,26.0
OBS_000040,08:29:30,1170.0,12050,ROUTE_NDLS_AGC_01,SYNTHETIC_SIMULATOR,OK,28.546257,77.268657,11.975,38.0,10.56,38.0,0.0,92.8,130.0,40.0,504.13,SEC_NZM_FDB,,NZM,FDB,16.025,183.025,CRUISING,,,,,13.52,,,GREEN,LOW,True,,False,EVT_AGC_001,JRN_AGRA_01,0.2313,1.0,1.0,0.4541,1.0,MEDIUM,Predicted Fog Visibility Risk (Speed cap 40.0 km/h),40.0,25.3,289.0,08:29:30,30.0,BASELINE_HISTORICAL_CALIBRATION,149.5,25.5
OBS_000041,08:30:00,1200.0,12050,ROUTE_NDLS_AGC_01,SYNTHETIC_SIMULATOR,OK,28.543543,77.269628,12.292,38.0,10.56,38.0,0.0,92.8,130.0,40.0,499.22,SEC_NZM_FDB,,NZM,FDB,15.708,182.708,CRUISING,,,,,13.86,,,GREEN,LOW,True,,False,EVT_AGC_001,JRN_AGRA_01,0.2313,1.0,1.0,0.4541,1.0,MEDIUM,Predicted Fog Visibility Risk (Speed cap 40.0 km/h),40.0,24.8,288.5,08:30:00,30.0,BASELINE_HISTORICAL_CALIBRATION,149.0,25.0
OBS_000042,08:30:30,1230.0,12050,ROUTE_NDLS_AGC_01,SYNTHETIC_SIMULATOR,OK,28.540829,77.270599,12.608,38.0,10.56,38.0,0.0,92.8,130.0,40.0,494.26,SEC_NZM_FDB,,NZM,FDB,15.392,182.392,CRUISING,,,,,14.2,,,GREEN,LOW,True,,False,EVT_AGC_001,JRN_AGRA_01,0.2313,1.0,1.0,0.4541,1.0,MEDIUM,Predicted Fog Visibility Risk (Speed cap 40.0 km/h),40.0,24.3,288.0,08:30:30,30.0,BASELINE_HISTORICAL_CALIBRATION,148.5,24.5
OBS_000043,08:31:00,1260.0,12050,ROUTE_NDLS_AGC_01,SYNTHETIC_SIMULATOR,OK,28.538114,77.27157,12.925,38.0,10.56,38.0,0.0,92.8,130.0,40.0,489.26,SEC_NZM_FDB,,NZM,FDB,15.075,182.075,CRUISING,,,,,14.53,,,GREEN,LOW,True,,False,EVT_AGC_001,JRN_AGRA_01,0.2313,1.0,1.0,0.4541,1.0,MEDIUM,Predicted Fog Visibility Risk (Speed cap 40.0 km/h),40.0,23.8,287.5,08:31:00,30.0,BASELINE_HISTORICAL_CALIBRATION,148.0,24.0
OBS_000044,08:31:30,1290.0,12050,ROUTE_NDLS_AGC_01,SYNTHETIC_SIMULATOR,OK,28.5354,77.272541,13.242,38.0,10.56,38.0,0.0,92.8,130.0,40.0,484.2,SEC_NZM_FDB,,NZM,FDB,14.758,181.758,CRUISING,,,,,14.87,,,GREEN,LOW,True,,False,EVT_AGC_001,JRN_AGRA_01,0.2313,1.0,1.0,0.4541,1.0,MEDIUM,Predicted Fog Visibility Risk (Speed cap 40.0 km/h),40.0,23.3,287.0,08:31:30,30.0,BASELINE_HISTORICAL_CALIBRATION,147.5,23.5
OBS_000045,08:32:00,1320.0,12050,ROUTE_NDLS_AGC_01,SYNTHETIC_SIMULATOR,OK,28.532686,77.273512,13.558,38.0,10.56,38.0,0.0,92.8,130.0,40.0,479.08,SEC_NZM_FDB,,NZM,FDB,14.442,181.442,CRUISING,,,,,15.21,,,GREEN,LOW,True,,False,EVT_AGC_001,JRN_AGRA_01,0.2313,1.0,1.0,0.4541,1.0,MEDIUM,Predicted Fog Visibility Risk (Speed cap 40.0 km/h),40.0,22.8,286.5,08:32:00,30.0,BASELINE_HISTORICAL_CALIBRATION,147.0,23.0
OBS_000046,08:32:30,1350.0,12050,ROUTE_NDLS_AGC_01,SYNTHETIC_SIMULATOR,OK,28.529971,77.274483,13.875,38.0,10.56,38.0,0.0,92.8,130.0,40.0,473.92,SEC_NZM_FDB,,NZM,FDB,14.125,181.125,CRUISING,,,,,15.55,,,GREEN,LOW,True,,False,EVT_AGC_001,JRN_AGRA_01,0.2313,1.0,1.0,0.4541,1.0,MEDIUM,Predicted Fog Visibility Risk (Speed cap 40.0 km/h),40.0,22.3,286.0,08:32:30,30.0,BASELINE_HISTORICAL_CALIBRATION,146.5,22.5
OBS_000047,08:33:00,1380.0,12050,ROUTE_NDLS_AGC_01,SYNTHETIC_SIMULATOR,OK,28.527257,77.275454,14.192,38.0,10.56,38.0,0.0,92.8,130.0,40.0,468.69,SEC_NZM_FDB,,NZM,FDB,13.808,180.808,CRUISING,,,,,15.88,,,GREEN,LOW,True,,False,EVT_AGC_001,JRN_AGRA_01,0.2313,1.0,1.0,0.4541,1.0,MEDIUM,Predicted Fog Visibility Risk (Speed cap 40.0 km/h),40.0,21.8,285.5,08:33:00,30.0,BASELINE_HISTORICAL_CALIBRATION,146.0,22.0
OBS_000048,08:33:30,1410.0,12050,ROUTE_NDLS_AGC_01,SYNTHETIC_SIMULATOR,OK,28.524543,77.276426,14.508,38.0,10.56,38.0,0.0,92.8,130.0,40.0,463.41,SEC_NZM_FDB,,NZM,FDB,13.492,180.492,CRUISING,,,,,16.22,,,GREEN,LOW,True,,False,EVT_AGC_001,JRN_AGRA_01,0.2313,1.0,1.0,0.4541,1.0,MEDIUM,Predicted Fog Visibility Risk (Speed cap 40.0 km/h),40.0,21.3,285.0,08:33:30,30.0,BASELINE_HISTORICAL_CALIBRATION,145.5,21.5
OBS_000049,08:34:00,1440.0,12050,ROUTE_NDLS_AGC_01,SYNTHETIC_SIMULATOR,OK,28.521829,77.277397,14.825,38.0,10.56,38.0,0.0,92.8,130.0,40.0,458.06,SEC_NZM_FDB,,NZM,FDB,13.175,180.175,CRUISING,,,,,16.56,,,GREEN,LOW,True,,False,EVT_AGC_001,JRN_AGRA_01,0.2313,1.0,1.0,0.4541,1.0,MEDIUM,Predicted Fog Visibility Risk (Speed cap 40.0 km/h),40.0,20.8,284.5,08:34:00,30.0,BASELINE_HISTORICAL_CALIBRATION,145.0,21.0
OBS_000050,08:34:30,1470.0,12050,ROUTE_NDLS_AGC_01,SYNTHETIC_SIMULATOR,OK,28.519114,77.278368,15.142,38.0,10.56,38.0,0.0,92.8,130.0,40.0,452.66,SEC_NZM_FDB,,NZM,FDB,12.858,179.858,CRUISING,,,,,16.9,,,GREEN,LOW,True,,False,EVT_AGC_001,JRN_AGRA_01,0.2313,1.0,1.0,0.4541,1.0,MEDIUM,Predicted Fog Visibility Risk (Speed cap 40.0 km/h),40.0,20.3,284.0,08:34:30,30.0,BASELINE_HISTORICAL_CALIBRATION,144.5,20.5
OBS_000051,08:35:00,1500.0,12050,ROUTE_NDLS_AGC_01,SYNTHETIC_SIMULATOR,OK,28.5164,77.279339,15.458,38.0,10.56,38.0,0.0,92.8,130.0,40.0,447.18,SEC_NZM_FDB,,NZM,FDB,12.542,179.542,CRUISING,,,,,17.24,,,GREEN,LOW,True,,False,EVT_AGC_001,JRN_AGRA_01,0.2313,1.0,1.0,0.4541,1.0,MEDIUM,Predicted Fog Visibility Risk (Speed cap 40.0 km/h),40.0,19.8,283.5,08:35:00,30.0,BASELINE_HISTORICAL_CALIBRATION,144.0,20.0
OBS_000052,08:35:30,1530.0,12050,ROUTE_NDLS_AGC_01,SYNTHETIC_SIMULATOR,OK,28.513686,77.28031,15.775,38.0,10.56,38.0,0.0,92.8,130.0,40.0,441.64,SEC_NZM_FDB,,NZM,FDB,12.225,179.225,CRUISING,,,,,17.57,,,GREEN,LOW,True,,False,EVT_AGC_001,JRN_AGRA_01,0.2313,1.0,1.0,0.4541,1.0,MEDIUM,Predicted Fog Visibility Risk (Speed cap 40.0 km/h),40.0,19.3,283.0,08:35:30,30.0,BASELINE_HISTORICAL_CALIBRATION,143.5,19.5
OBS_000053,08:36:00,1560.0,12050,ROUTE_NDLS_AGC_01,SYNTHETIC_SIMULATOR,OK,28.510971,77.281281,16.092,38.0,10.56,38.0,0.0,92.8,130.0,40.0,436.03,SEC_NZM_FDB,,NZM,FDB,11.908,178.908,CRUISING,,,,,17.91,,,GREEN,LOW,True,,False,EVT_AGC_001,JRN_AGRA_01,0.2313,1.0,1.0,0.4541,1.0,MEDIUM,Predicted Fog Visibility Risk (Speed cap 40.0 km/h),40.0,18.8,282.5,08:36:00,30.0,BASELINE_HISTORICAL_CALIBRATION,143.0,19.0
OBS_000054,08:36:30,1590.0,12050,ROUTE_NDLS_AGC_01,SYNTHETIC_SIMULATOR,OK,28.508257,77.282252,16.408,38.0,10.56,38.0,0.0,92.8,130.0,40.0,430.35,SEC_NZM_FDB,,NZM,FDB,11.592,178.592,CRUISING,,,,,18.25,,,GREEN,LOW,True,,False,EVT_AGC_001,JRN_AGRA_01,0.2313,1.0,1.0,0.4541,1.0,MEDIUM,Predicted Fog Visibility Risk (Speed cap 40.0 km/h),40.0,18.3,282.0,08:36:30,30.0,BASELINE_HISTORICAL_CALIBRATION,142.5,18.5
OBS_000055,08:37:00,1620.0,12050,ROUTE_NDLS_AGC_01,SYNTHETIC_SIMULATOR,OK,28.505543,77.283223,16.725,38.0,10.56,38.0,0.0,92.8,130.0,40.0,424.59,SEC_NZM_FDB,,NZM,FDB,11.275,178.275,CRUISING,,,,,18.59,,,GREEN,LOW,True,,False,EVT_AGC_001,JRN_AGRA_01,0.2313,1.0,1.0,0.4541,1.0,MEDIUM,Predicted Fog Visibility Risk (Speed cap 40.0 km/h),40.0,17.8,281.5,08:37:00,30.0,BASELINE_HISTORICAL_CALIBRATION,142.0,18.0
OBS_000056,08:37:30,1650.0,12050,ROUTE_NDLS_AGC_01,SYNTHETIC_SIMULATOR,OK,28.502829,77.284194,17.042,38.0,10.56,38.0,0.0,92.8,130.0,40.0,418.75,SEC_NZM_FDB,,NZM,FDB,10.958,177.958,CRUISING,,,,,18.92,,,GREEN,LOW,True,,False,EVT_AGC_001,JRN_AGRA_01,0.2313,1.0,1.0,0.4541,1.0,MEDIUM,Predicted Fog Visibility Risk (Speed cap 40.0 km/h),40.0,17.3,281.0,08:37:30,30.0,BASELINE_HISTORICAL_CALIBRATION,141.5,17.5
OBS_000057,08:38:00,1680.0,12050,ROUTE_NDLS_AGC_01,SYNTHETIC_SIMULATOR,OK,28.500114,77.285166,17.358,38.0,10.56,38.0,0.0,92.8,130.0,40.0,412.82,SEC_NZM_FDB,,NZM,FDB,10.642,177.642,CRUISING,,,,,19.26,,,GREEN,LOW,True,,False,EVT_AGC_001,JRN_AGRA_01,0.2313,1.0,1.0,0.4541,1.0,MEDIUM,Predicted Fog Visibility Risk (Speed cap 40.0 km/h),40.0,16.8,280.5,08:38:00,30.0,BASELINE_HISTORICAL_CALIBRATION,141.0,17.0
OBS_000058,08:38:30,1710.0,12050,ROUTE_NDLS_AGC_01,SYNTHETIC_SIMULATOR,OK,28.4974,77.286137,17.675,38.0,10.56,38.0,0.0,92.8,130.0,40.0,406.82,SEC_NZM_FDB,,NZM,FDB,10.325,177.325,CRUISING,,,,,19.6,,,GREEN,LOW,True,,False,EVT_AGC_001,JRN_AGRA_01,0.2313,1.0,1.0,0.4541,1.0,MEDIUM,Predicted Fog Visibility Risk (Speed cap 40.0 km/h),40.0,16.3,280.0,08:38:30,30.0,BASELINE_HISTORICAL_CALIBRATION,140.5,16.5
OBS_000059,08:39:00,1740.0,12050,ROUTE_NDLS_AGC_01,SYNTHETIC_SIMULATOR,OK,28.494686,77.287108,17.992,38.0,10.56,38.0,0.0,92.8,130.0,40.0,400.72,SEC_NZM_FDB,,NZM,FDB,10.008,177.008,CRUISING,,,,,19.94,,,GREEN,LOW,True,,False,EVT_AGC_001,JRN_AGRA_01,0.2313,1.0,1.0,0.4541,1.0,MEDIUM,Predicted Fog Visibility Risk (Speed cap 40.0 km/h),40.0,15.8,279.5,08:39:00,30.0,BASELINE_HISTORICAL_CALIBRATION,140.0,16.0
OBS_000060,08:39:30,1770.0,12050,ROUTE_NDLS_AGC_01,SYNTHETIC_SIMULATOR,OK,28.491971,77.288079,18.308,38.0,10.56,38.0,0.0,92.8,130.0,40.0,394.52,SEC_NZM_FDB,,NZM,FDB,9.692,176.692,CRUISING,,,,,20.27,,,GREEN,LOW,True,,False,EVT_AGC_001,JRN_AGRA_01,0.2313,1.0,1.0,0.4541,1.0,MEDIUM,Predicted Fog Visibility Risk (Speed cap 40.0 km/h),40.0,15.3,279.0,08:39:30,30.0,BASELINE_HISTORICAL_CALIBRATION,139.5,15.5
OBS_000061,08:40:00,1800.0,12050,ROUTE_NDLS_AGC_01,SYNTHETIC_SIMULATOR,OK,28.489257,77.28905,18.625,38.0,10.56,38.0,0.0,92.8,130.0,40.0,388.23,SEC_NZM_FDB,,NZM,FDB,9.375,176.375,CRUISING,,,,,20.61,,,GREEN,LOW,True,,False,EVT_AGC_001,JRN_AGRA_01,0.2313,1.0,1.0,0.4541,1.0,MEDIUM,Predicted Fog Visibility Risk (Speed cap 40.0 km/h),40.0,14.8,278.5,08:40:00,30.0,BASELINE_HISTORICAL_CALIBRATION,139.0,15.0
OBS_000062,08:40:30,1830.0,12050,ROUTE_NDLS_AGC_01,SYNTHETIC_SIMULATOR,OK,28.486543,77.290021,18.942,38.0,10.56,38.0,0.0,92.8,130.0,40.0,381.84,SEC_NZM_FDB,,NZM,FDB,9.058,176.058,CRUISING,,,,,20.95,,,GREEN,LOW,True,,False,EVT_AGC_001,JRN_AGRA_01,0.2313,1.0,1.0,0.4541,1.0,MEDIUM,Predicted Fog Visibility Risk (Speed cap 40.0 km/h),40.0,14.3,278.0,08:40:30,30.0,BASELINE_HISTORICAL_CALIBRATION,138.5,14.5
OBS_000063,08:41:00,1860.0,12050,ROUTE_NDLS_AGC_01,SYNTHETIC_SIMULATOR,OK,28.483829,77.290992,19.258,38.0,10.56,38.0,0.0,92.8,130.0,40.0,375.33,SEC_NZM_FDB,,NZM,FDB,8.742,175.742,CRUISING,,,,,21.29,,,GREEN,LOW,True,,False,EVT_AGC_001,JRN_AGRA_01,0.2313,1.0,1.0,0.4541,1.0,MEDIUM,Predicted Fog Visibility Risk (Speed cap 40.0 km/h),40.0,13.8,277.5,08:41:00,30.0,BASELINE_HISTORICAL_CALIBRATION,138.0,14.0
OBS_000064,08:41:30,1890.0,12050,ROUTE_NDLS_AGC_01,SYNTHETIC_SIMULATOR,OK,28.481114,77.291963,19.575,38.0,10.56,38.0,0.0,92.8,130.0,40.0,368.71,SEC_NZM_FDB,,NZM,FDB,8.425,175.425,CRUISING,,,,,21.62,,,GREEN,LOW,True,,False,EVT_AGC_001,JRN_AGRA_01,0.2313,1.0,1.0,0.4541,1.0,MEDIUM,Predicted Fog Visibility Risk (Speed cap 40.0 km/h),40.0,13.3,277.0,08:41:30,30.0,BASELINE_HISTORICAL_CALIBRATION,137.5,13.5
OBS_000065,08:42:00,1920.0,12050,ROUTE_NDLS_AGC_01,SYNTHETIC_SIMULATOR,OK,28.4784,77.292934,19.892,38.0,10.56,38.0,0.0,92.8,130.0,40.0,361.97,SEC_NZM_FDB,,NZM,FDB,8.108,175.108,CRUISING,,,,,21.96,,,GREEN,LOW,True,,False,EVT_AGC_001,JRN_AGRA_01,0.2313,1.0,1.0,0.4541,1.0,MEDIUM,Predicted Fog Visibility Risk (Speed cap 40.0 km/h),40.0,12.8,276.5,08:42:00,30.0,BASELINE_HISTORICAL_CALIBRATION,137.0,13.0
OBS_000066,08:42:30,1950.0,12050,ROUTE_NDLS_AGC_01,SYNTHETIC_SIMULATOR,OK,28.475686,77.293906,20.208,38.0,10.56,38.0,0.0,92.8,130.0,40.0,355.11,SEC_NZM_FDB,,NZM,FDB,7.792,174.792,CRUISING,,,,,22.3,,,GREEN,LOW,True,,False,EVT_AGC_001,JRN_AGRA_01,0.2313,1.0,1.0,0.4541,1.0,MEDIUM,Predicted Fog Visibility Risk (Speed cap 40.0 km/h),40.0,12.3,276.0,08:42:30,30.0,BASELINE_HISTORICAL_CALIBRATION,136.5,12.5
OBS_000067,08:43:00,1980.0,12050,ROUTE_NDLS_AGC_01,SYNTHETIC_SIMULATOR,OK,28.472971,77.294877,20.525,38.0,10.56,38.0,0.0,92.8,130.0,40.0,348.1,SEC_NZM_FDB,,NZM,FDB,7.475,174.475,CRUISING,,,,,22.64,,,GREEN,LOW,True,,False,EVT_AGC_001,JRN_AGRA_01,0.2313,1.0,1.0,0.4541,1.0,MEDIUM,Predicted Fog Visibility Risk (Speed cap 40.0 km/h),40.0,11.8,275.5,08:43:00,30.0,BASELINE_HISTORICAL_CALIBRATION,136.0,12.0
OBS_000068,08:43:30,2010.0,12050,ROUTE_NDLS_AGC_01,SYNTHETIC_SIMULATOR,OK,28.470257,77.295848,20.842,38.0,10.56,38.0,0.0,92.8,130.0,40.0,340.96,SEC_NZM_FDB,,NZM,FDB,7.158,174.158,CRUISING,,,,,22.97,,,GREEN,LOW,True,,False,EVT_AGC_001,JRN_AGRA_01,0.2313,1.0,1.0,0.4541,1.0,MEDIUM,Predicted Fog Visibility Risk (Speed cap 40.0 km/h),40.0,11.3,275.0,08:43:30,30.0,BASELINE_HISTORICAL_CALIBRATION,135.5,11.5
OBS_000069,08:44:00,2040.0,12050,ROUTE_NDLS_AGC_01,SYNTHETIC_SIMULATOR,OK,28.467543,77.296819,21.158,38.0,10.56,38.0,0.0,92.8,130.0,40.0,333.66,SEC_NZM_FDB,,NZM,FDB,6.842,173.842,CRUISING,,,,,23.31,,,GREEN,LOW,True,,False,EVT_AGC_001,JRN_AGRA_01,0.2313,1.0,1.0,0.4541,1.0,MEDIUM,Predicted Fog Visibility Risk (Speed cap 40.0 km/h),40.0,10.8,274.5,08:44:00,30.0,BASELINE_HISTORICAL_CALIBRATION,135.0,11.0
OBS_000070,08:44:30,2070.0,12050,ROUTE_NDLS_AGC_01,SYNTHETIC_SIMULATOR,OK,28.464829,77.29779,21.475,38.0,10.56,38.0,0.0,92.8,130.0,40.0,326.19,SEC_NZM_FDB,,NZM,FDB,6.525,173.525,CRUISING,,,,,23.65,,,GREEN,LOW,True,,False,EVT_AGC_001,JRN_AGRA_01,0.2313,1.0,1.0,0.4541,1.0,MEDIUM,Predicted Fog Visibility Risk (Speed cap 40.0 km/h),40.0,10.3,274.0,08:44:30,30.0,BASELINE_HISTORICAL_CALIBRATION,134.5,10.5
OBS_000071,08:45:00,2100.0,12050,ROUTE_NDLS_AGC_01,SYNTHETIC_SIMULATOR,OK,28.462114,77.298761,21.792,38.0,10.56,38.0,0.0,92.8,130.0,40.0,318.55,SEC_NZM_FDB,,NZM,FDB,6.208,173.208,CRUISING,,,,,23.99,,,GREEN,LOW,True,,False,EVT_AGC_001,JRN_AGRA_01,0.2313,1.0,1.0,0.4541,1.0,MEDIUM,Predicted Fog Visibility Risk (Speed cap 40.0 km/h),40.0,9.8,273.5,08:45:00,30.0,BASELINE_HISTORICAL_CALIBRATION,134.0,10.0
OBS_000072,08:45:30,2130.0,12050,ROUTE_NDLS_AGC_01,SYNTHETIC_SIMULATOR,OK,28.4594,77.299732,22.108,38.0,10.56,38.0,0.0,92.8,130.0,40.0,310.73,SEC_NZM_FDB,,NZM,FDB,5.892,172.892,CRUISING,,,,,24.32,,,GREEN,LOW,True,,False,,JRN_AGRA_01,0.2313,1.0,1.0,0.4541,1.0,MEDIUM,Predicted Fog Visibility Risk (Speed cap 40.0 km/h),40.0,9.3,273.0,08:45:30,30.0,BASELINE_HISTORICAL_CALIBRATION,133.5,9.5
OBS_000073,08:46:00,2160.0,12050,ROUTE_NDLS_AGC_01,SYNTHETIC_SIMULATOR,OK,28.456686,77.300703,22.425,38.0,10.56,38.0,0.0,92.8,130.0,40.0,302.7,SEC_NZM_FDB,,NZM,FDB,5.575,172.575,CRUISING,,,,,24.66,,,GREEN,LOW,True,,False,,JRN_AGRA_01,0.2313,1.0,1.0,0.4541,1.0,MEDIUM,Predicted Fog Visibility Risk (Speed cap 40.0 km/h),40.0,8.8,272.5,08:46:00,30.0,BASELINE_HISTORICAL_CALIBRATION,133.0,9.0
OBS_000074,08:46:30,2190.0,12050,ROUTE_NDLS_AGC_01,SYNTHETIC_SIMULATOR,OK,28.453971,77.301674,22.742,38.0,10.56,38.0,0.0,92.8,130.0,40.0,294.45,SEC_NZM_FDB,,NZM,FDB,5.258,172.258,CRUISING,,,,,25.0,,,GREEN,LOW,True,,False,,JRN_AGRA_01,0.2313,1.0,1.0,0.4541,1.0,MEDIUM,Predicted Fog Visibility Risk (Speed cap 40.0 km/h),40.0,8.3,272.0,08:46:30,30.0,BASELINE_HISTORICAL_CALIBRATION,132.5,8.5
OBS_000075,08:47:00,2220.0,12050,ROUTE_NDLS_AGC_01,SYNTHETIC_SIMULATOR,OK,28.451257,77.302646,23.058,38.0,10.56,38.0,0.0,92.8,130.0,40.0,285.97,SEC_NZM_FDB,,NZM,FDB,4.942,171.942,CRUISING,,,,,25.34,,,GREEN,LOW,True,,False,,JRN_AGRA_01,0.2313,1.0,1.0,0.4541,1.0,MEDIUM,Predicted Fog Visibility Risk (Speed cap 40.0 km/h),40.0,7.8,271.5,08:47:00,30.0,BASELINE_HISTORICAL_CALIBRATION,132.0,8.0
OBS_000076,08:47:30,2250.0,12050,ROUTE_NDLS_AGC_01,SYNTHETIC_SIMULATOR,OK,28.448543,77.303617,23.375,38.0,10.56,38.0,0.0,92.8,130.0,40.0,277.22,SEC_NZM_FDB,,NZM,FDB,4.625,171.625,CRUISING,,,,,25.68,,,GREEN,LOW,True,,False,,JRN_AGRA_01,0.2313,1.0,1.0,0.4541,1.0,MEDIUM,Predicted Fog Visibility Risk (Speed cap 40.0 km/h),40.0,7.3,271.0,08:47:30,30.0,BASELINE_HISTORICAL_CALIBRATION,131.5,7.5
OBS_000077,08:48:00,2280.0,12050,ROUTE_NDLS_AGC_01,SYNTHETIC_SIMULATOR,OK,28.445829,77.304588,23.692,38.0,10.56,38.0,0.0,92.8,130.0,40.0,268.19,SEC_NZM_FDB,,NZM,FDB,4.308,171.308,CRUISING,,,,,26.01,,,GREEN,LOW,True,,False,,JRN_AGRA_01,0.2313,1.0,1.0,0.4541,1.0,MEDIUM,Predicted Fog Visibility Risk (Speed cap 40.0 km/h),40.0,6.8,270.5,08:48:00,30.0,BASELINE_HISTORICAL_CALIBRATION,131.0,7.0
OBS_000078,08:48:30,2310.0,12050,ROUTE_NDLS_AGC_01,SYNTHETIC_SIMULATOR,OK,28.443114,77.305559,24.008,38.0,10.56,38.0,0.0,92.8,130.0,40.0,258.85,SEC_NZM_FDB,,NZM,FDB,3.992,170.992,CRUISING,,,,,26.35,,,GREEN,LOW,True,,False,,JRN_AGRA_01,0.2313,1.0,1.0,0.4541,1.0,MEDIUM,Predicted Fog Visibility Risk (Speed cap 40.0 km/h),40.0,6.3,270.0,08:48:30,30.0,BASELINE_HISTORICAL_CALIBRATION,130.5,6.5
OBS_000079,08:49:00,2340.0,12050,ROUTE_NDLS_AGC_01,SYNTHETIC_SIMULATOR,OK,28.4404,77.30653,24.325,38.0,10.56,38.0,0.0,92.8,130.0,40.0,249.16,SEC_NZM_FDB,,NZM,FDB,3.675,170.675,CRUISING,,,,,26.69,,,GREEN,LOW,True,,False,,JRN_AGRA_01,0.2313,1.0,1.0,0.4541,1.0,MEDIUM,Predicted Fog Visibility Risk (Speed cap 40.0 km/h),40.0,5.8,269.5,08:49:00,30.0,BASELINE_HISTORICAL_CALIBRATION,130.0,6.0
OBS_000080,08:49:30,2370.0,12050,ROUTE_NDLS_AGC_01,SYNTHETIC_SIMULATOR,OK,28.437686,77.307501,24.642,38.0,10.56,38.0,0.0,92.8,130.0,40.0,239.07,SEC_NZM_FDB,,NZM,FDB,3.358,170.358,CRUISING,,,,,27.03,,,GREEN,LOW,True,,False,,JRN_AGRA_01,0.2313,1.0,1.0,0.4541,1.0,MEDIUM,Predicted Fog Visibility Risk (Speed cap 40.0 km/h),40.0,5.3,269.0,08:49:30,30.0,BASELINE_HISTORICAL_CALIBRATION,129.5,5.5
OBS_000081,08:50:00,2400.0,12050,ROUTE_NDLS_AGC_01,SYNTHETIC_SIMULATOR,OK,28.434971,77.308472,24.958,38.0,10.56,38.0,0.0,92.8,130.0,40.0,228.54,SEC_NZM_FDB,,NZM,FDB,3.042,170.042,CRUISING,,,,,27.36,,,GREEN,LOW,True,,False,,JRN_AGRA_01,0.2313,1.0,1.0,0.4541,1.0,MEDIUM,Predicted Fog Visibility Risk (Speed cap 40.0 km/h),40.0,4.8,268.5,08:50:00,30.0,BASELINE_HISTORICAL_CALIBRATION,129.0,5.0
OBS_000082,08:50:30,2430.0,12050,ROUTE_NDLS_AGC_01,SYNTHETIC_SIMULATOR,OK,28.432257,77.309443,25.275,38.0,10.56,38.0,0.0,92.8,130.0,40.0,217.49,SEC_NZM_FDB,,NZM,FDB,2.725,169.725,CRUISING,,,,,27.7,,,GREEN,LOW,True,,False,,JRN_AGRA_01,0.2313,1.0,1.0,0.4541,1.0,MEDIUM,Predicted Fog Visibility Risk (Speed cap 40.0 km/h),40.0,4.3,268.0,08:50:30,30.0,BASELINE_HISTORICAL_CALIBRATION,128.5,4.5
OBS_000083,08:51:00,2460.0,12050,ROUTE_NDLS_AGC_01,SYNTHETIC_SIMULATOR,OK,28.429543,77.310414,25.592,38.0,10.56,38.0,0.0,92.8,130.0,40.0,205.86,SEC_NZM_FDB,,NZM,FDB,2.408,169.408,CRUISING,,,,,28.04,,,GREEN,LOW,True,,False,,JRN_AGRA_01,0.2313,1.0,1.0,0.4541,1.0,MEDIUM,Predicted Fog Visibility Risk (Speed cap 40.0 km/h),40.0,3.8,267.5,08:51:00,30.0,BASELINE_HISTORICAL_CALIBRATION,128.0,4.0
OBS_000084,08:51:30,2490.0,12050,ROUTE_NDLS_AGC_01,SYNTHETIC_SIMULATOR,OK,28.426829,77.311386,25.908,38.0,10.56,38.0,0.0,92.8,130.0,40.0,193.53,SEC_NZM_FDB,,NZM,FDB,2.092,169.092,CRUISING,,,,,28.38,,,GREEN,LOW,True,,False,,JRN_AGRA_01,0.2313,1.0,1.0,0.4541,1.0,MEDIUM,Predicted Fog Visibility Risk (Speed cap 40.0 km/h),40.0,3.3,267.0,08:51:30,30.0,BASELINE_HISTORICAL_CALIBRATION,127.5,3.5
OBS_000085,08:52:00,2520.0,12050,ROUTE_NDLS_AGC_01,SYNTHETIC_SIMULATOR,OK,28.424114,77.312357,26.225,38.0,10.56,38.0,0.0,92.8,130.0,40.0,180.36,SEC_NZM_FDB,,NZM,FDB,1.775,168.775,CRUISING,,,,,28.71,,,GREEN,LOW,True,,False,,JRN_AGRA_01,0.2313,1.0,1.0,0.4541,1.0,MEDIUM,Predicted Fog Visibility Risk (Speed cap 40.0 km/h),40.0,2.8,266.5,08:52:00,30.0,BASELINE_HISTORICAL_CALIBRATION,127.0,3.0
OBS_000086,08:52:30,2550.0,12050,ROUTE_NDLS_AGC_01,SYNTHETIC_SIMULATOR,OK,28.4214,77.313328,26.542,38.0,10.56,38.0,0.0,92.8,130.0,40.0,166.15,SEC_NZM_FDB,,NZM,FDB,1.458,168.458,CRUISING,,,,,29.05,,,GREEN,LOW,True,,False,,JRN_AGRA_01,0.2313,1.0,1.0,0.4541,1.0,MEDIUM,Predicted Fog Visibility Risk (Speed cap 40.0 km/h),40.0,2.3,266.0,08:52:30,30.0,BASELINE_HISTORICAL_CALIBRATION,126.5,2.5
OBS_000087,08:53:00,2580.0,12050,ROUTE_NDLS_AGC_01,SYNTHETIC_SIMULATOR,OK,28.418686,77.314299,26.858,38.0,10.56,38.0,0.0,92.8,130.0,40.0,150.6,SEC_NZM_FDB,,NZM,FDB,1.142,168.142,CRUISING,,,,,29.39,,,GREEN,LOW,True,,False,,JRN_AGRA_01,0.2313,1.0,1.0,0.4541,1.0,MEDIUM,Predicted Fog Visibility Risk (Speed cap 40.0 km/h),40.0,1.8,265.5,08:53:00,30.0,BASELINE_HISTORICAL_CALIBRATION,126.0,2.0
OBS_000088,08:53:30,2610.0,12050,ROUTE_NDLS_AGC_01,SYNTHETIC_SIMULATOR,OK,28.415971,77.31527,27.175,38.0,10.56,38.0,0.0,92.8,130.0,40.0,133.25,SEC_NZM_FDB,,NZM,FDB,0.825,167.825,CRUISING,,,,,29.73,,,GREEN,LOW,True,,False,,JRN_AGRA_01,0.2313,1.0,1.0,0.4541,1.0,MEDIUM,Predicted Fog Visibility Risk (Speed cap 40.0 km/h),40.0,1.3,265.0,08:53:30,30.0,BASELINE_HISTORICAL_CALIBRATION,125.5,1.5
OBS_000089,08:54:00,2640.0,12050,ROUTE_NDLS_AGC_01,SYNTHETIC_SIMULATOR,OK,28.413257,77.316241,27.492,38.0,10.56,38.0,0.0,92.8,130.0,40.0,113.27,SEC_NZM_FDB,,NZM,FDB,0.508,167.508,CRUISING,,,,,30.06,,,GREEN,LOW,True,,False,,JRN_AGRA_01,0.2313,1.0,1.0,0.4541,1.0,MEDIUM,Predicted Fog Visibility Risk (Speed cap 40.0 km/h),40.0,0.8,264.5,08:54:00,30.0,BASELINE_HISTORICAL_CALIBRATION,125.0,1.0
OBS_000090,08:54:30,2670.0,12050,ROUTE_NDLS_AGC_01,SYNTHETIC_SIMULATOR,OK,28.410543,77.317212,27.808,38.0,10.56,38.0,0.0,92.8,130.0,40.0,88.91,SEC_NZM_FDB,,NZM,FDB,0.192,167.192,CRUISING,,,,,30.4,,,GREEN,LOW,True,,False,,JRN_AGRA_01,0.2313,1.0,1.0,0.4541,1.0,MEDIUM,Predicted Fog Visibility Risk (Speed cap 40.0 km/h),40.0,0.3,264.0,08:54:30,30.0,BASELINE_HISTORICAL_CALIBRATION,124.5,0.5
OBS_000091,08:55:00,2700.0,12050,ROUTE_NDLS_AGC_01,SYNTHETIC_SIMULATOR,OK,28.4089,77.3178,28.0,0.0,0.0,38.0,0.0,0.0,130.0,40.0,54.6,SEC_NZM_FDB,FDB,FDB,PWL,32.0,167.0,DWELLING,ARRIVED,08:55:00,,,30.74,,,GREEN,LOW,True,,False,,JRN_AGRA_01,0.2313,1.0,1.0,0.4541,1.0,MEDIUM,Predicted Fog Visibility Risk (Speed cap 40.0 km/h),40.0,76.8,400.8,08:55:00,30.0,BASELINE_HISTORICAL_CALIBRATION,124.0,51.0
OBS_000092,08:55:30,2730.0,12050,ROUTE_NDLS_AGC_01,SYNTHETIC_SIMULATOR,OK,28.4089,77.3178,28.0,0.0,0.0,0.0,0.0,0.0,130.0,40.0,0.0,SEC_FDB_PWL,FDB,FDB,PWL,32.0,167.0,DWELLING,,,,,31.14,,,GREEN,LOW,True,,False,,JRN_AGRA_01,0.2313,1.0,1.0,0.4541,1.0,MEDIUM,Predicted Fog Visibility Risk (Speed cap 40.0 km/h),40.0,76.8,400.8,08:55:30,30.0,BASELINE_HISTORICAL_CALIBRATION,123.5,50.5
OBS_000093,08:56:00,2760.0,12050,ROUTE_NDLS_AGC_01,SYNTHETIC_SIMULATOR,OK,28.4089,77.3178,28.542,38.0,10.56,38.0,0.5,92.8,130.0,40.0,705.45,SEC_FDB_PWL,FDB,FDB,PWL,31.458,166.458,ACCELERATING,DEPARTED,,08:56:00,1,31.64,,,GREEN,LOW,True,,False,,JRN_AGRA_01,0.2313,1.0,1.0,0.4541,1.0,MEDIUM,Predicted Fog Visibility Risk (Speed cap 40.0 km/h),40.0,49.7,262.8,08:56:00,30.0,BASELINE_HISTORICAL_CALIBRATION,123.0,50.0
OBS_000094,08:56:30,2790.0,12050,ROUTE_NDLS_AGC_01,SYNTHETIC_SIMULATOR,OK,28.401813,77.31802,28.858,38.0,10.56,38.0,0.0,92.8,130.0,40.0,699.46,SEC_FDB_PWL,,FDB,PWL,31.142,166.142,CRUISING,,,,,31.86,,,GREEN,LOW,True,,False,,JRN_AGRA_01,0.2313,1.0,1.0,0.4541,1.0,MEDIUM,Predicted Fog Visibility Risk (Speed cap 40.0 km/h),40.0,49.2,262.3,08:56:30,30.0,BASELINE_HISTORICAL_CALIBRATION,122.5,49.5
OBS_000095,08:57:00,2820.0,12050,ROUTE_NDLS_AGC_01,SYNTHETIC_SIMULATOR,OK,28.399199,77.318101,29.175,38.0,10.56,38.0,0.0,92.8,130.0,40.0,695.93,SEC_FDB_PWL,,FDB,PWL,30.825,165.825,CRUISING,,,,,32.2,,,GREEN,LOW,True,,False,,JRN_AGRA_01,0.2313,1.0,1.0,0.4541,1.0,MEDIUM,Predicted Fog Visibility Risk (Speed cap 40.0 km/h),40.0,48.7,261.8,08:57:00,30.0,BASELINE_HISTORICAL_CALIBRATION,122.0,49.0
OBS_000096,08:57:30,2850.0,12050,ROUTE_NDLS_AGC_01,SYNTHETIC_SIMULATOR,OK,28.396584,77.318182,29.492,38.0,10.56,38.0,0.0,92.8,130.0,40.0,692.38,SEC_FDB_PWL,,FDB,PWL,30.508,165.508,CRUISING,,,,,32.54,,,GREEN,LOW,True,,False,,JRN_AGRA_01,0.2313,1.0,1.0,0.4541,1.0,MEDIUM,Predicted Fog Visibility Risk (Speed cap 40.0 km/h),40.0,48.2,261.3,08:57:30,30.0,BASELINE_HISTORICAL_CALIBRATION,121.5,48.5
OBS_000097,08:58:00,2880.0,12050,ROUTE_NDLS_AGC_01,SYNTHETIC_SIMULATOR,OK,28.39397,77.318263,29.808,38.0,10.56,38.0,0.0,92.8,130.0,40.0,688.81,SEC_FDB_PWL,,FDB,PWL,30.192,165.192,CRUISING,,,,,32.88,,,GREEN,LOW,True,,False,,JRN_AGRA_01,0.2313,1.0,1.0,0.4541,1.0,MEDIUM,Predicted Fog Visibility Risk (Speed cap 40.0 km/h),40.0,47.7,260.8,08:58:00,30.0,BASELINE_HISTORICAL_CALIBRATION,121.0,48.0
OBS_000098,08:58:30,2910.0,12050,ROUTE_NDLS_AGC_01,SYNTHETIC_SIMULATOR,OK,28.391355,77.318345,30.125,38.0,10.56,38.0,0.0,92.8,130.0,40.0,685.23,SEC_FDB_PWL,,FDB,PWL,29.875,164.875,CRUISING,,,,,33.21,,,GREEN,LOW,True,,False,,JRN_AGRA_01,0.2313,1.0,1.0,0.4541,1.0,MEDIUM,Predicted Fog Visibility Risk (Speed cap 40.0 km/h),40.0,47.2,260.3,08:58:30,30.0,BASELINE_HISTORICAL_CALIBRATION,120.5,47.5
OBS_000099,08:59:00,2940.0,12050,ROUTE_NDLS_AGC_01,SYNTHETIC_SIMULATOR,OK,28.388741,77.318426,30.442,38.0,10.56,38.0,0.0,92.8,130.0,40.0,681.63,SEC_FDB_PWL,,FDB,PWL,29.558,164.558,CRUISING,,,,,33.55,,,GREEN,LOW,True,,False,,JRN_AGRA_01,0.2313,1.0,1.0,0.4541,1.0,MEDIUM,Predicted Fog Visibility Risk (Speed cap 40.0 km/h),40.0,46.7,259.8,08:59:00,30.0,BASELINE_HISTORICAL_CALIBRATION,120.0,47.0
OBS_000100,08:59:30,2970.0,12050,ROUTE_NDLS_AGC_01,SYNTHETIC_SIMULATOR,OK,28.386127,77.318507,30.758,38.0,10.56,38.0,0.0,92.8,130.0,40.0,678.01,SEC_FDB_PWL,,FDB,PWL,29.242,164.242,CRUISING,,,,,33.89,,,GREEN,LOW,True,,False,,JRN_AGRA_01,0.2313,1.0,1.0,0.4541,1.0,MEDIUM,Predicted Fog Visibility Risk (Speed cap 40.0 km/h),40.0,46.2,259.3,08:59:30,30.0,BASELINE_HISTORICAL_CALIBRATION,119.5,46.5
OBS_000101,09:00:00,3000.0,12050,ROUTE_NDLS_AGC_01,SYNTHETIC_SIMULATOR,OK,28.383512,77.318588,31.075,38.0,10.56,38.0,0.0,92.8,130.0,40.0,674.36,SEC_FDB_PWL,,FDB,PWL,28.925,163.925,CRUISING,,,,,34.23,,,GREEN,LOW,True,,False,,JRN_AGRA_01,0.2257,1.0,1.0,0.4541,1.0,MEDIUM,Predicted Fog Visibility Risk (Speed cap 40.0 km/h),40.0,45.7,258.8,09:00:00,30.0,BASELINE_HISTORICAL_CALIBRATION,119.0,46.0
OBS_000102,09:00:30,3030.0,12050,ROUTE_NDLS_AGC_01,SYNTHETIC_SIMULATOR,OK,28.380898,77.318669,31.392,38.0,10.56,38.0,0.0,92.8,130.0,40.0,670.7,SEC_FDB_PWL,,FDB,PWL,28.608,163.608,CRUISING,,,,,34.56,,,GREEN,LOW,True,,False,,JRN_AGRA_01,0.2257,1.0,1.0,0.4541,1.0,MEDIUM,Predicted Fog Visibility Risk (Speed cap 40.0 km/h),40.0,45.2,258.3,09:00:30,30.0,BASELINE_HISTORICAL_CALIBRATION,118.5,45.5
OBS_000103,09:01:00,3060.0,12050,ROUTE_NDLS_AGC_01,SYNTHETIC_SIMULATOR,OK,28.378283,77.31875,31.708,38.0,10.56,38.0,0.0,92.8,130.0,40.0,667.02,SEC_FDB_PWL,,FDB,PWL,28.292,163.292,CRUISING,,,,,34.9,,,GREEN,LOW,True,,False,,JRN_AGRA_01,0.2257,1.0,1.0,0.4541,1.0,MEDIUM,Predicted Fog Visibility Risk (Speed cap 40.0 km/h),40.0,44.7,257.8,09:01:00,30.0,BASELINE_HISTORICAL_CALIBRATION,118.0,45.0
OBS_000104,09:01:30,3090.0,12050,ROUTE_NDLS_AGC_01,SYNTHETIC_SIMULATOR,OK,28.375669,77.318831,32.025,38.0,10.56,38.0,0.0,92.8,130.0,40.0,663.32,SEC_FDB_PWL,,FDB,PWL,27.975,162.975,CRUISING,,,,,35.24,,,GREEN,LOW,True,,False,,JRN_AGRA_01,0.2257,1.0,1.0,0.4541,1.0,MEDIUM,Predicted Fog Visibility Risk (Speed cap 40.0 km/h),40.0,44.2,257.3,09:01:30,30.0,BASELINE_HISTORICAL_CALIBRATION,117.5,44.5
OBS_000105,09:02:00,3120.0,12050,ROUTE_NDLS_AGC_01,SYNTHETIC_SIMULATOR,OK,28.373054,77.318913,32.342,38.0,10.56,38.0,0.0,92.8,130.0,40.0,659.6,SEC_FDB_PWL,,FDB,PWL,27.658,162.658,CRUISING,,,,,35.58,,,GREEN,LOW,True,,False,,JRN_AGRA_01,0.2257,1.0,1.0,0.4541,1.0,MEDIUM,Predicted Fog Visibility Risk (Speed cap 40.0 km/h),40.0,43.7,256.8,09:02:00,30.0,BASELINE_HISTORICAL_CALIBRATION,117.0,44.0
OBS_000106,09:02:30,3150.0,12050,ROUTE_NDLS_AGC_01,SYNTHETIC_SIMULATOR,OK,28.37044,77.318994,32.658,38.0,10.56,38.0,0.0,92.8,130.0,40.0,655.85,SEC_FDB_PWL,,FDB,PWL,27.342,162.342,CRUISING,,,,,35.91,,,GREEN,LOW,True,,False,,JRN_AGRA_01,0.2257,1.0,1.0,0.4541,1.0,MEDIUM,Predicted Fog Visibility Risk (Speed cap 40.0 km/h),40.0,43.2,256.3,09:02:30,30.0,BASELINE_HISTORICAL_CALIBRATION,116.5,43.5
OBS_000107,09:03:00,3180.0,12050,ROUTE_NDLS_AGC_01,SYNTHETIC_SIMULATOR,OK,28.367825,77.319075,32.975,38.0,10.56,38.0,0.0,92.8,130.0,40.0,652.09,SEC_FDB_PWL,,FDB,PWL,27.025,162.025,CRUISING,,,,,36.25,,,GREEN,LOW,True,,False,,JRN_AGRA_01,0.2257,1.0,1.0,0.4541,1.0,MEDIUM,Predicted Fog Visibility Risk (Speed cap 40.0 km/h),40.0,42.7,255.8,09:03:00,30.0,BASELINE_HISTORICAL_CALIBRATION,116.0,43.0
OBS_000108,09:03:30,3210.0,12050,ROUTE_NDLS_AGC_01,SYNTHETIC_SIMULATOR,OK,28.365211,77.319156,33.292,38.0,10.56,38.0,0.0,92.8,130.0,40.0,648.3,SEC_FDB_PWL,,FDB,PWL,26.708,161.708,CRUISING,,,,,36.59,,,GREEN,LOW,True,,False,,JRN_AGRA_01,0.2257,1.0,1.0,0.4541,1.0,MEDIUM,Predicted Fog Visibility Risk (Speed cap 40.0 km/h),40.0,42.2,255.3,09:03:30,30.0,BASELINE_HISTORICAL_CALIBRATION,115.5,42.5
OBS_000109,09:04:00,3240.0,12050,ROUTE_NDLS_AGC_01,SYNTHETIC_SIMULATOR,OK,28.362596,77.319237,33.608,38.0,10.56,38.0,0.0,92.8,130.0,40.0,644.49,SEC_FDB_PWL,,FDB,PWL,26.392,161.392,CRUISING,,,,,36.93,,,GREEN,LOW,True,,False,,JRN_AGRA_01,0.2257,1.0,1.0,0.4541,1.0,MEDIUM,Predicted Fog Visibility Risk (Speed cap 40.0 km/h),40.0,41.7,254.8,09:04:00,30.0,BASELINE_HISTORICAL_CALIBRATION,115.0,42.0
OBS_000110,09:04:30,3270.0,12050,ROUTE_NDLS_AGC_01,SYNTHETIC_SIMULATOR,OK,28.359982,77.319318,33.925,38.0,10.56,38.0,0.0,92.8,130.0,40.0,640.66,SEC_FDB_PWL,,FDB,PWL,26.075,161.075,CRUISING,,,,,37.26,,,GREEN,LOW,True,,False,,JRN_AGRA_01,0.2257,1.0,1.0,0.4541,1.0,MEDIUM,Predicted Fog Visibility Risk (Speed cap 40.0 km/h),40.0,41.2,254.3,09:04:30,30.0,BASELINE_HISTORICAL_CALIBRATION,114.5,41.5
OBS_000111,09:05:00,3300.0,12050,ROUTE_NDLS_AGC_01,SYNTHETIC_SIMULATOR,OK,28.357367,77.319399,34.242,38.0,10.56,38.0,0.0,92.8,130.0,40.0,636.8,SEC_FDB_PWL,,FDB,PWL,25.758,160.758,CRUISING,,,,,37.6,,,GREEN,LOW,True,,False,,JRN_AGRA_01,0.2257,1.0,1.0,0.4541,1.0,MEDIUM,Predicted Fog Visibility Risk (Speed cap 40.0 km/h),40.0,40.7,253.8,09:05:00,30.0,BASELINE_HISTORICAL_CALIBRATION,114.0,41.0
OBS_000112,09:05:30,3330.0,12050,ROUTE_NDLS_AGC_01,SYNTHETIC_SIMULATOR,OK,28.354753,77.319481,34.558,38.0,10.56,38.0,0.0,92.8,130.0,40.0,632.92,SEC_FDB_PWL,,FDB,PWL,25.442,160.442,CRUISING,,,,,37.94,,,GREEN,LOW,True,,False,,JRN_AGRA_01,0.2257,1.0,1.0,0.4541,1.0,MEDIUM,Predicted Fog Visibility Risk (Speed cap 40.0 km/h),40.0,40.2,253.3,09:05:30,30.0,BASELINE_HISTORICAL_CALIBRATION,113.5,40.5
OBS_000113,09:06:00,3360.0,12050,ROUTE_NDLS_AGC_01,SYNTHETIC_SIMULATOR,OK,28.352138,77.319562,34.875,38.0,10.56,38.0,0.0,92.8,130.0,40.0,629.02,SEC_FDB_PWL,,FDB,PWL,25.125,160.125,CRUISING,,,,,38.28,,,GREEN,LOW,True,,False,,JRN_AGRA_01,0.2257,1.0,1.0,0.4541,1.0,MEDIUM,Predicted Fog Visibility Risk (Speed cap 40.0 km/h),40.0,39.7,252.8,09:06:00,30.0,BASELINE_HISTORICAL_CALIBRATION,113.0,40.0
OBS_000114,09:06:30,3390.0,12050,ROUTE_NDLS_AGC_01,SYNTHETIC_SIMULATOR,OK,28.349524,77.319643,35.192,38.0,10.56,38.0,0.0,92.8,130.0,40.0,625.1,SEC_FDB_PWL,,FDB,PWL,24.808,159.808,CRUISING,,,,,38.62,,,GREEN,LOW,True,,False,,JRN_AGRA_01,0.2257,1.0,1.0,0.4541,1.0,MEDIUM,Predicted Fog Visibility Risk (Speed cap 40.0 km/h),40.0,39.2,252.3,09:06:30,30.0,BASELINE_HISTORICAL_CALIBRATION,112.5,39.5
OBS_000115,09:07:00,3420.0,12050,ROUTE_NDLS_AGC_01,SYNTHETIC_SIMULATOR,OK,28.346909,77.319724,35.508,38.0,10.56,38.0,0.0,92.8,130.0,40.0,621.14,SEC_FDB_PWL,,FDB,PWL,24.492,159.492,CRUISING,,,,,38.95,,,GREEN,LOW,True,,False,,JRN_AGRA_01,0.2257,1.0,1.0,0.4541,1.0,MEDIUM,Predicted Fog Visibility Risk (Speed cap 40.0 km/h),40.0,38.7,251.8,09:07:00,30.0,BASELINE_HISTORICAL_CALIBRATION,112.0,39.0
OBS_000116,09:07:30,3450.0,12050,ROUTE_NDLS_AGC_01,SYNTHETIC_SIMULATOR,OK,28.344295,77.319805,35.825,38.0,10.56,38.0,0.0,92.8,130.0,40.0,617.17,SEC_FDB_PWL,,FDB,PWL,24.175,159.175,CRUISING,,,,,39.29,,,GREEN,LOW,True,,False,,JRN_AGRA_01,0.2257,1.0,1.0,0.4541,1.0,MEDIUM,Predicted Fog Visibility Risk (Speed cap 40.0 km/h),40.0,38.2,251.3,09:07:30,30.0,BASELINE_HISTORICAL_CALIBRATION,111.5,38.5
OBS_000117,09:08:00,3480.0,12050,ROUTE_NDLS_AGC_01,SYNTHETIC_SIMULATOR,OK,28.34168,77.319886,36.142,38.0,10.56,38.0,0.0,92.8,130.0,40.0,613.16,SEC_FDB_PWL,,FDB,PWL,23.858,158.858,CRUISING,,,,,39.63,,,GREEN,LOW,True,,False,,JRN_AGRA_01,0.2257,1.0,1.0,0.4541,1.0,MEDIUM,Predicted Fog Visibility Risk (Speed cap 40.0 km/h),40.0,37.7,250.8,09:08:00,30.0,BASELINE_HISTORICAL_CALIBRATION,111.0,38.0
OBS_000118,09:08:30,3510.0,12050,ROUTE_NDLS_AGC_01,SYNTHETIC_SIMULATOR,OK,28.339066,77.319967,36.458,38.0,10.56,38.0,0.0,92.8,130.0,40.0,609.13,SEC_FDB_PWL,,FDB,PWL,23.542,158.542,CRUISING,,,,,39.97,,,GREEN,LOW,True,,False,,JRN_AGRA_01,0.2257,1.0,1.0,0.4541,1.0,MEDIUM,Predicted Fog Visibility Risk (Speed cap 40.0 km/h),40.0,37.2,250.3,09:08:30,30.0,BASELINE_HISTORICAL_CALIBRATION,110.5,37.5
OBS_000119,09:09:00,3540.0,12050,ROUTE_NDLS_AGC_01,SYNTHETIC_SIMULATOR,OK,28.336451,77.320049,36.775,38.0,10.56,38.0,0.0,92.8,130.0,40.0,605.08,SEC_FDB_PWL,,FDB,PWL,23.225,158.225,CRUISING,,,,,40.3,,,GREEN,LOW,True,,False,,JRN_AGRA_01,0.2257,1.0,1.0,0.4541,1.0,MEDIUM,Predicted Fog Visibility Risk (Speed cap 40.0 km/h),40.0,36.7,249.8,09:09:00,30.0,BASELINE_HISTORICAL_CALIBRATION,110.0,37.0
OBS_000120,09:09:30,3570.0,12050,ROUTE_NDLS_AGC_01,SYNTHETIC_SIMULATOR,OK,28.333837,77.32013,37.092,38.0,10.56,38.0,0.0,92.8,130.0,40.0,601.0,SEC_FDB_PWL,,FDB,PWL,22.908,157.908,CRUISING,,,,,40.64,,,GREEN,LOW,True,,False,,JRN_AGRA_01,0.2257,1.0,1.0,0.4541,1.0,MEDIUM,Predicted Fog Visibility Risk (Speed cap 40.0 km/h),40.0,36.2,249.3,09:09:30,30.0,BASELINE_HISTORICAL_CALIBRATION,109.5,36.5
OBS_000121,09:10:00,3600.0,12050,ROUTE_NDLS_AGC_01,SYNTHETIC_SIMULATOR,OK,28.331222,77.320211,37.408,38.0,10.56,38.0,0.0,92.8,130.0,40.0,596.88,SEC_FDB_PWL,,FDB,PWL,22.592,157.592,CRUISING,,,,,40.98,,,GREEN,LOW,True,,False,,JRN_AGRA_01,0.2257,1.0,1.0,0.4541,1.0,MEDIUM,Predicted Fog Visibility Risk (Speed cap 40.0 km/h),40.0,35.7,248.8,09:10:00,30.0,BASELINE_HISTORICAL_CALIBRATION,109.0,36.0
OBS_000122,09:10:30,3630.0,12050,ROUTE_NDLS_AGC_01,SYNTHETIC_SIMULATOR,OK,28.328608,77.320292,37.725,38.0,10.56,38.0,0.0,92.8,130.0,40.0,592.74,SEC_FDB_PWL,,FDB,PWL,22.275,157.275,CRUISING,,,,,41.32,,,GREEN,LOW,True,,False,,JRN_AGRA_01,0.2257,1.0,1.0,0.4541,1.0,MEDIUM,Predicted Fog Visibility Risk (Speed cap 40.0 km/h),40.0,35.2,248.3,09:10:30,30.0,BASELINE_HISTORICAL_CALIBRATION,108.5,35.5
OBS_000123,09:11:00,3660.0,12050,ROUTE_NDLS_AGC_01,SYNTHETIC_SIMULATOR,OK,28.325993,77.320373,38.042,38.0,10.56,38.0,0.0,92.8,130.0,40.0,588.58,SEC_FDB_PWL,,FDB,PWL,21.958,156.958,CRUISING,,,,,41.65,,,GREEN,LOW,True,,False,,JRN_AGRA_01,0.2257,1.0,1.0,0.4541,1.0,MEDIUM,Predicted Fog Visibility Risk (Speed cap 40.0 km/h),40.0,34.7,247.8,09:11:00,30.0,BASELINE_HISTORICAL_CALIBRATION,108.0,35.0
OBS_000124,09:11:30,3690.0,12050,ROUTE_NDLS_AGC_01,SYNTHETIC_SIMULATOR,OK,28.323379,77.320454,38.358,38.0,10.56,38.0,0.0,92.8,130.0,40.0,584.38,SEC_FDB_PWL,,FDB,PWL,21.642,156.642,CRUISING,,,,,41.99,,,GREEN,LOW,True,,False,,JRN_AGRA_01,0.2257,1.0,1.0,0.4541,1.0,MEDIUM,Predicted Fog Visibility Risk (Speed cap 40.0 km/h),40.0,34.2,247.3,09:11:30,30.0,BASELINE_HISTORICAL_CALIBRATION,107.5,34.5
OBS_000125,09:12:00,3720.0,12050,ROUTE_NDLS_AGC_01,SYNTHETIC_SIMULATOR,OK,28.320765,77.320535,38.675,38.0,10.56,38.0,0.0,92.8,130.0,40.0,580.15,SEC_FDB_PWL,,FDB,PWL,21.325,156.325,CRUISING,,,,,42.33,,,GREEN,LOW,True,,False,,JRN_AGRA_01,0.2257,1.0,1.0,0.4541,1.0,MEDIUM,Predicted Fog Visibility Risk (Speed cap 40.0 km/h),40.0,33.7,246.8,09:12:00,30.0,BASELINE_HISTORICAL_CALIBRATION,107.0,34.0
OBS_000126,09:12:30,3750.0,12050,ROUTE_NDLS_AGC_01,SYNTHETIC_SIMULATOR,OK,28.31815,77.320617,38.992,38.0,10.56,38.0,0.0,92.8,130.0,40.0,575.89,SEC_FDB_PWL,,FDB,PWL,21.008,156.008,CRUISING,,,,,42.67,,,GREEN,LOW,True,,False,,JRN_AGRA_01,0.2257,1.0,1.0,0.4541,1.0,MEDIUM,Predicted Fog Visibility Risk (Speed cap 40.0 km/h),40.0,33.2,246.3,09:12:30,30.0,BASELINE_HISTORICAL_CALIBRATION,106.5,33.5
OBS_000127,09:13:00,3780.0,12050,ROUTE_NDLS_AGC_01,SYNTHETIC_SIMULATOR,OK,28.315536,77.320698,39.308,38.0,10.56,38.0,0.0,92.8,130.0,40.0,571.6,SEC_FDB_PWL,,FDB,PWL,20.692,155.692,CRUISING,,,,,43.0,,,GREEN,LOW,True,,False,,JRN_AGRA_01,0.2257,1.0,1.0,0.4541,1.0,MEDIUM,Predicted Fog Visibility Risk (Speed cap 40.0 km/h),40.0,32.7,245.8,09:13:00,30.0,BASELINE_HISTORICAL_CALIBRATION,106.0,33.0
OBS_000128,09:13:30,3810.0,12050,ROUTE_NDLS_AGC_01,SYNTHETIC_SIMULATOR,OK,28.312921,77.320779,39.625,38.0,10.56,38.0,0.0,92.8,130.0,40.0,567.27,SEC_FDB_PWL,,FDB,PWL,20.375,155.375,CRUISING,,,,,43.34,,,GREEN,LOW,True,,False,,JRN_AGRA_01,0.2257,1.0,1.0,0.4541,1.0,MEDIUM,Predicted Fog Visibility Risk (Speed cap 40.0 km/h),40.0,32.2,245.3,09:13:30,30.0,BASELINE_HISTORICAL_CALIBRATION,105.5,32.5
OBS_000129,09:14:00,3840.0,12050,ROUTE_NDLS_AGC_01,SYNTHETIC_SIMULATOR,OK,28.310307,77.32086,39.942,38.0,10.56,38.0,0.0,92.8,130.0,40.0,562.91,SEC_FDB_PWL,,FDB,PWL,20.058,155.058,CRUISING,,,,,43.68,,,GREEN,LOW,True,,False,,JRN_AGRA_01,0.2257,1.0,1.0,0.4541,1.0,MEDIUM,Predicted Fog Visibility Risk (Speed cap 40.0 km/h),40.0,31.7,244.8,09:14:00,30.0,BASELINE_HISTORICAL_CALIBRATION,105.0,32.0
OBS_000130,09:14:30,3870.0,12050,ROUTE_NDLS_AGC_01,SYNTHETIC_SIMULATOR,OK,28.307692,77.320941,40.258,38.0,10.56,38.0,0.0,92.8,130.0,40.0,558.52,SEC_FDB_PWL,,FDB,PWL,19.742,154.742,CRUISING,,,,,44.02,,,GREEN,LOW,True,,False,,JRN_AGRA_01,0.2257,1.0,1.0,0.4541,1.0,MEDIUM,Predicted Fog Visibility Risk (Speed cap 40.0 km/h),40.0,31.2,244.3,09:14:30,30.0,BASELINE_HISTORICAL_CALIBRATION,104.5,31.5
OBS_000131,09:15:00,3900.0,12050,ROUTE_NDLS_AGC_01,SYNTHETIC_SIMULATOR,OK,28.305078,77.321022,40.575,38.0,10.56,38.0,0.0,92.8,130.0,40.0,554.1,SEC_FDB_PWL,,FDB,PWL,19.425,154.425,CRUISING,,,,,44.35,,,GREEN,LOW,True,,False,,JRN_AGRA_01,0.2257,1.0,1.0,0.4541,1.0,MEDIUM,Predicted Fog Visibility Risk (Speed cap 40.0 km/h),40.0,30.7,243.8,09:15:00,30.0,BASELINE_HISTORICAL_CALIBRATION,104.0,31.0
OBS_000132,09:15:30,3930.0,12050,ROUTE_NDLS_AGC_01,SYNTHETIC_SIMULATOR,OK,28.302463,77.321103,40.892,38.0,10.56,38.0,0.0,92.8,130.0,40.0,549.63,SEC_FDB_PWL,,FDB,PWL,19.108,154.108,CRUISING,,,,,44.69,,,GREEN,LOW,True,,False,,JRN_AGRA_01,0.2257,1.0,1.0,0.4541,1.0,MEDIUM,Predicted Fog Visibility Risk (Speed cap 40.0 km/h),40.0,30.2,243.3,09:15:30,30.0,BASELINE_HISTORICAL_CALIBRATION,103.5,30.5
OBS_000133,09:16:00,3960.0,12050,ROUTE_NDLS_AGC_01,SYNTHETIC_SIMULATOR,OK,28.299849,77.321185,41.208,38.0,10.56,38.0,0.0,92.8,130.0,40.0,545.14,SEC_FDB_PWL,,FDB,PWL,18.792,153.792,CRUISING,,,,,45.03,,,GREEN,LOW,True,,False,,JRN_AGRA_01,0.2257,1.0,1.0,0.4541,1.0,MEDIUM,Predicted Fog Visibility Risk (Speed cap 40.0 km/h),40.0,29.7,242.8,09:16:00,30.0,BASELINE_HISTORICAL_CALIBRATION,103.0,30.0
OBS_000134,09:16:30,3990.0,12050,ROUTE_NDLS_AGC_01,SYNTHETIC_SIMULATOR,OK,28.297234,77.321266,41.525,38.0,10.56,38.0,0.0,92.8,130.0,40.0,540.6,SEC_FDB_PWL,,FDB,PWL,18.475,153.475,CRUISING,,,,,45.37,,,GREEN,LOW,True,,False,,JRN_AGRA_01,0.2257,1.0,1.0,0.4541,1.0,MEDIUM,Predicted Fog Visibility Risk (Speed cap 40.0 km/h),40.0,29.2,242.3,09:16:30,30.0,BASELINE_HISTORICAL_CALIBRATION,102.5,29.5
OBS_000135,09:17:00,4020.0,12050,ROUTE_NDLS_AGC_01,SYNTHETIC_SIMULATOR,OK,28.29462,77.321347,41.842,38.0,10.56,38.0,0.0,92.8,130.0,40.0,536.03,SEC_FDB_PWL,,FDB,PWL,18.158,153.158,CRUISING,,,,,45.71,,,GREEN,LOW,True,,False,,JRN_AGRA_01,0.2257,1.0,1.0,0.4541,1.0,MEDIUM,Predicted Fog Visibility Risk (Speed cap 40.0 km/h),40.0,28.7,241.8,09:17:00,30.0,BASELINE_HISTORICAL_CALIBRATION,102.0,29.0
OBS_000136,09:17:30,4050.0,12050,ROUTE_NDLS_AGC_01,SYNTHETIC_SIMULATOR,OK,28.292005,77.321428,42.158,38.0,10.56,38.0,0.0,92.8,130.0,40.0,531.41,SEC_FDB_PWL,,FDB,PWL,17.842,152.842,CRUISING,,,,,46.04,,,GREEN,LOW,True,,False,,JRN_AGRA_01,0.2257,1.0,1.0,0.4541,1.0,MEDIUM,Predicted Fog Visibility Risk (Speed cap 40.0 km/h),40.0,28.2,241.3,09:17:30,30.0,BASELINE_HISTORICAL_CALIBRATION,101.5,28.5
OBS_000137,09:18:00,4080.0,12050,ROUTE_NDLS_AGC_01,SYNTHETIC_SIMULATOR,OK,28.289391,77.321509,42.475,38.0,10.56,38.0,0.0,92.8,130.0,40.0,526.76,SEC_FDB_PWL,,FDB,PWL,17.525,152.525,CRUISING,,,,,46.38,,,GREEN,LOW,True,,False,,JRN_AGRA_01,0.2257,1.0,1.0,0.4541,1.0,MEDIUM,Predicted Fog Visibility Risk (Speed cap 40.0 km/h),40.0,27.7,240.8,09:18:00,30.0,BASELINE_HISTORICAL_CALIBRATION,101.0,28.0
OBS_000138,09:18:30,4110.0,12050,ROUTE_NDLS_AGC_01,SYNTHETIC_SIMULATOR,OK,28.286776,77.32159,42.792,38.0,10.56,38.0,0.0,92.8,130.0,40.0,522.06,SEC_FDB_PWL,,FDB,PWL,17.208,152.208,CRUISING,,,,,46.72,,,GREEN,LOW,True,,False,,JRN_AGRA_01,0.2257,1.0,1.0,0.4541,1.0,MEDIUM,Predicted Fog Visibility Risk (Speed cap 40.0 km/h),40.0,27.2,240.3,09:18:30,30.0,BASELINE_HISTORICAL_CALIBRATION,100.5,27.5
OBS_000139,09:19:00,4140.0,12050,ROUTE_NDLS_AGC_01,SYNTHETIC_SIMULATOR,OK,28.284162,77.321672,43.108,38.0,10.56,38.0,0.0,92.8,130.0,40.0,517.32,SEC_FDB_PWL,,FDB,PWL,16.892,151.892,CRUISING,,,,,47.06,,,GREEN,LOW,True,,False,,JRN_AGRA_01,0.2257,1.0,1.0,0.4541,1.0,MEDIUM,Predicted Fog Visibility Risk (Speed cap 40.0 km/h),40.0,26.7,239.8,09:19:00,30.0,BASELINE_HISTORICAL_CALIBRATION,100.0,27.0
OBS_000140,09:19:30,4170.0,12050,ROUTE_NDLS_AGC_01,SYNTHETIC_SIMULATOR,OK,28.281547,77.321753,43.425,38.0,10.56,38.0,0.0,92.8,130.0,40.0,512.54,SEC_FDB_PWL,,FDB,PWL,16.575,151.575,CRUISING,,,,,47.39,,,GREEN,LOW,True,,False,,JRN_AGRA_01,0.2257,1.0,1.0,0.4541,1.0,MEDIUM,Predicted Fog Visibility Risk (Speed cap 40.0 km/h),40.0,26.2,239.3,09:19:30,30.0,BASELINE_HISTORICAL_CALIBRATION,99.5,26.5
OBS_000141,09:20:00,4200.0,12050,ROUTE_NDLS_AGC_01,SYNTHETIC_SIMULATOR,OK,28.278933,77.321834,43.742,38.0,10.56,38.0,0.0,92.8,130.0,40.0,507.71,SEC_FDB_PWL,,FDB,PWL,16.258,151.258,CRUISING,,,,,47.73,,,GREEN,LOW,True,,False,,JRN_AGRA_01,0.2257,1.0,1.0,0.4541,1.0,MEDIUM,Predicted Fog Visibility Risk (Speed cap 40.0 km/h),40.0,25.7,238.8,09:20:00,30.0,BASELINE_HISTORICAL_CALIBRATION,99.0,26.0
OBS_000142,09:20:30,4230.0,12050,ROUTE_NDLS_AGC_01,SYNTHETIC_SIMULATOR,OK,28.276318,77.321915,44.058,38.0,10.56,38.0,0.0,92.8,130.0,40.0,502.84,SEC_FDB_PWL,,FDB,PWL,15.942,150.942,CRUISING,,,,,48.07,,,GREEN,LOW,True,,False,,JRN_AGRA_01,0.2257,1.0,1.0,0.4541,1.0,MEDIUM,Predicted Fog Visibility Risk (Speed cap 40.0 km/h),40.0,25.2,238.3,09:20:30,30.0,BASELINE_HISTORICAL_CALIBRATION,98.5,25.5
OBS_000143,09:21:00,4260.0,12050,ROUTE_NDLS_AGC_01,SYNTHETIC_SIMULATOR,OK,28.273704,77.321996,44.375,38.0,10.56,38.0,0.0,92.8,130.0,40.0,497.92,SEC_FDB_PWL,,FDB,PWL,15.625,150.625,CRUISING,,,,,48.41,,,GREEN,LOW,True,,False,,JRN_AGRA_01,0.2257,1.0,1.0,0.4541,1.0,MEDIUM,Predicted Fog Visibility Risk (Speed cap 40.0 km/h),40.0,24.7,237.8,09:21:00,30.0,BASELINE_HISTORICAL_CALIBRATION,98.0,25.0
OBS_000144,09:21:30,4290.0,12050,ROUTE_NDLS_AGC_01,SYNTHETIC_SIMULATOR,OK,28.271089,77.322077,44.692,38.0,10.56,38.0,0.0,92.8,130.0,40.0,492.95,SEC_FDB_PWL,,FDB,PWL,15.308,150.308,CRUISING,,,,,48.74,,,GREEN,LOW,True,,False,,JRN_AGRA_01,0.2257,1.0,1.0,0.4541,1.0,MEDIUM,Predicted Fog Visibility Risk (Speed cap 40.0 km/h),40.0,24.2,237.3,09:21:30,30.0,BASELINE_HISTORICAL_CALIBRATION,97.5,24.5
OBS_000145,09:22:00,4320.0,12050,ROUTE_NDLS_AGC_01,SYNTHETIC_SIMULATOR,OK,28.268475,77.322158,45.008,38.0,10.56,38.0,0.0,92.8,130.0,40.0,487.93,SEC_FDB_PWL,,FDB,PWL,14.992,149.992,CRUISING,,,,,49.08,,,GREEN,LOW,True,,False,,JRN_AGRA_01,0.2257,1.0,1.0,0.4541,1.0,MEDIUM,Predicted Fog Visibility Risk (Speed cap 40.0 km/h),40.0,23.7,236.8,09:22:00,30.0,BASELINE_HISTORICAL_CALIBRATION,97.0,24.0
OBS_000146,09:22:30,4350.0,12050,ROUTE_NDLS_AGC_01,SYNTHETIC_SIMULATOR,OK,28.26586,77.32224,45.325,38.0,10.56,38.0,0.0,92.8,130.0,40.0,482.86,SEC_FDB_PWL,,FDB,PWL,14.675,149.675,CRUISING,,,,,49.42,,,GREEN,LOW,True,,False,,JRN_AGRA_01,0.2257,1.0,1.0,0.4541,1.0,MEDIUM,Predicted Fog Visibility Risk (Speed cap 40.0 km/h),40.0,23.2,236.3,09:22:30,30.0,BASELINE_HISTORICAL_CALIBRATION,96.5,23.5
OBS_000147,09:23:00,4380.0,12050,ROUTE_NDLS_AGC_01,SYNTHETIC_SIMULATOR,OK,28.263246,77.322321,45.642,38.0,10.56,38.0,0.0,92.8,130.0,40.0,477.73,SEC_FDB_PWL,,FDB,PWL,14.358,149.358,CRUISING,,,,,49.76,,,GREEN,LOW,True,,False,,JRN_AGRA_01,0.2257,1.0,1.0,0.4541,1.0,MEDIUM,Predicted Fog Visibility Risk (Speed cap 40.0 km/h),40.0,22.7,235.8,09:23:00,30.0,BASELINE_HISTORICAL_CALIBRATION,96.0,23.0
OBS_000148,09:23:30,4410.0,12050,ROUTE_NDLS_AGC_01,SYNTHETIC_SIMULATOR,OK,28.260632,77.322402,45.958,38.0,10.56,38.0,0.0,92.8,130.0,40.0,472.55,SEC_FDB_PWL,,FDB,PWL,14.042,149.042,CRUISING,,,,,50.09,,,GREEN,LOW,True,,False,,JRN_AGRA_01,0.2257,1.0,1.0,0.4541,1.0,MEDIUM,Predicted Fog Visibility Risk (Speed cap 40.0 km/h),40.0,22.2,235.3,09:23:30,30.0,BASELINE_HISTORICAL_CALIBRATION,95.5,22.5
OBS_000149,09:24:00,4440.0,12050,ROUTE_NDLS_AGC_01,SYNTHETIC_SIMULATOR,OK,28.258017,77.322483,46.275,38.0,10.56,38.0,0.0,92.8,130.0,40.0,467.31,SEC_FDB_PWL,,FDB,PWL,13.725,148.725,CRUISING,,,,,50.43,,,GREEN,LOW,True,,False,,JRN_AGRA_01,0.2257,1.0,1.0,0.4541,1.0,MEDIUM,Predicted Fog Visibility Risk (Speed cap 40.0 km/h),40.0,21.7,234.8,09:24:00,30.0,BASELINE_HISTORICAL_CALIBRATION,95.0,22.0
OBS_000150,09:24:30,4470.0,12050,ROUTE_NDLS_AGC_01,SYNTHETIC_SIMULATOR,OK,28.255403,77.322564,46.592,38.0,10.56,38.0,0.0,92.8,130.0,40.0,462.01,SEC_FDB_PWL,,FDB,PWL,13.408,148.408,CRUISING,,,,,50.77,,,GREEN,LOW,True,,False,,JRN_AGRA_01,0.2257,1.0,1.0,0.4541,1.0,MEDIUM,Predicted Fog Visibility Risk (Speed cap 40.0 km/h),40.0,21.2,234.3,09:24:30,30.0,BASELINE_HISTORICAL_CALIBRATION,94.5,21.5
OBS_000151,09:25:00,4500.0,12050,ROUTE_NDLS_AGC_01,SYNTHETIC_SIMULATOR,OK,28.252788,77.322645,46.908,38.0,10.56,38.0,0.0,92.8,130.0,40.0,456.65,SEC_FDB_PWL,,FDB,PWL,13.092,148.092,CRUISING,,,,,51.11,,,GREEN,LOW,True,,False,,JRN_AGRA_01,0.2257,1.0,1.0,0.4541,1.0,MEDIUM,Predicted Fog Visibility Risk (Speed cap 40.0 km/h),40.0,20.7,233.8,09:25:00,30.0,BASELINE_HISTORICAL_CALIBRATION,94.0,21.0
OBS_000152,09:25:30,4530.0,12050,ROUTE_NDLS_AGC_01,SYNTHETIC_SIMULATOR,OK,28.250174,77.322726,47.225,38.0,10.56,38.0,0.0,92.8,130.0,40.0,451.22,SEC_FDB_PWL,,FDB,PWL,12.775,147.775,CRUISING,,,,,51.44,,,GREEN,LOW,True,,False,,JRN_AGRA_01,0.2257,1.0,1.0,0.4541,1.0,MEDIUM,Predicted Fog Visibility Risk (Speed cap 40.0 km/h),40.0,20.2,233.3,09:25:30,30.0,BASELINE_HISTORICAL_CALIBRATION,93.5,20.5
OBS_000153,09:26:00,4560.0,12050,ROUTE_NDLS_AGC_01,SYNTHETIC_SIMULATOR,OK,28.247559,77.322808,47.542,38.0,10.56,38.0,0.0,92.8,130.0,40.0,445.73,SEC_FDB_PWL,,FDB,PWL,12.458,147.458,CRUISING,,,,,51.78,,,GREEN,LOW,True,,False,,JRN_AGRA_01,0.2257,1.0,1.0,0.4541,1.0,MEDIUM,Predicted Fog Visibility Risk (Speed cap 40.0 km/h),40.0,19.7,232.8,09:26:00,30.0,BASELINE_HISTORICAL_CALIBRATION,93.0,20.0
OBS_000154,09:26:30,4590.0,12050,ROUTE_NDLS_AGC_01,SYNTHETIC_SIMULATOR,OK,28.244945,77.322889,47.858,38.0,10.56,38.0,0.0,92.8,130.0,40.0,440.17,SEC_FDB_PWL,,FDB,PWL,12.142,147.142,CRUISING,,,,,52.12,,,GREEN,LOW,True,,False,,JRN_AGRA_01,0.2257,1.0,1.0,0.4541,1.0,MEDIUM,Predicted Fog Visibility Risk (Speed cap 40.0 km/h),40.0,19.2,232.3,09:26:30,30.0,BASELINE_HISTORICAL_CALIBRATION,92.5,19.5
OBS_000155,09:27:00,4620.0,12050,ROUTE_NDLS_AGC_01,SYNTHETIC_SIMULATOR,OK,28.24233,77.32297,48.175,38.0,10.56,38.0,0.0,92.8,130.0,40.0,434.54,SEC_FDB_PWL,,FDB,PWL,11.825,146.825,CRUISING,,,,,52.46,,,GREEN,LOW,True,,False,,JRN_AGRA_01,0.2257,1.0,1.0,0.4541,1.0,MEDIUM,Predicted Fog Visibility Risk (Speed cap 40.0 km/h),40.0,18.7,231.8,09:27:00,30.0,BASELINE_HISTORICAL_CALIBRATION,92.0,19.0
OBS_000156,09:27:30,4650.0,12050,ROUTE_NDLS_AGC_01,SYNTHETIC_SIMULATOR,OK,28.239716,77.323051,48.492,38.0,10.56,38.0,0.0,92.8,130.0,40.0,428.84,SEC_FDB_PWL,,FDB,PWL,11.508,146.508,CRUISING,,,,,52.79,,,GREEN,LOW,True,,False,,JRN_AGRA_01,0.2257,1.0,1.0,0.4541,1.0,MEDIUM,Predicted Fog Visibility Risk (Speed cap 40.0 km/h),40.0,18.2,231.3,09:27:30,30.0,BASELINE_HISTORICAL_CALIBRATION,91.5,18.5
OBS_000157,09:28:00,4680.0,12050,ROUTE_NDLS_AGC_01,SYNTHETIC_SIMULATOR,OK,28.237101,77.323132,48.808,38.0,10.56,38.0,0.0,92.8,130.0,40.0,423.06,SEC_FDB_PWL,,FDB,PWL,11.192,146.192,CRUISING,,,,,53.13,,,GREEN,LOW,True,,False,,JRN_AGRA_01,0.2257,1.0,1.0,0.4541,1.0,MEDIUM,Predicted Fog Visibility Risk (Speed cap 40.0 km/h),40.0,17.7,230.8,09:28:00,30.0,BASELINE_HISTORICAL_CALIBRATION,91.0,18.0
OBS_000158,09:28:30,4710.0,12050,ROUTE_NDLS_AGC_01,SYNTHETIC_SIMULATOR,OK,28.234487,77.323213,49.125,38.0,10.56,38.0,0.0,92.8,130.0,40.0,417.2,SEC_FDB_PWL,,FDB,PWL,10.875,145.875,CRUISING,,,,,53.47,,,GREEN,LOW,True,,False,,JRN_AGRA_01,0.2257,1.0,1.0,0.4541,1.0,MEDIUM,Predicted Fog Visibility Risk (Speed cap 40.0 km/h),40.0,17.2,230.3,09:28:30,30.0,BASELINE_HISTORICAL_CALIBRATION,90.5,17.5
OBS_000159,09:29:00,4740.0,12050,ROUTE_NDLS_AGC_01,SYNTHETIC_SIMULATOR,OK,28.231872,77.323294,49.442,38.0,10.56,38.0,0.0,92.8,130.0,40.0,411.25,SEC_FDB_PWL,,FDB,PWL,10.558,145.558,CRUISING,,,,,53.81,,,GREEN,LOW,True,,False,,JRN_AGRA_01,0.2257,1.0,1.0,0.4541,1.0,MEDIUM,Predicted Fog Visibility Risk (Speed cap 40.0 km/h),40.0,16.7,229.8,09:29:00,30.0,BASELINE_HISTORICAL_CALIBRATION,90.0,17.0
OBS_000160,09:29:30,4770.0,12050,ROUTE_NDLS_AGC_01,SYNTHETIC_SIMULATOR,OK,28.229258,77.323376,49.758,38.0,10.56,38.0,0.0,92.8,130.0,40.0,405.22,SEC_FDB_PWL,,FDB,PWL,10.242,145.242,CRUISING,,,,,54.15,,,GREEN,LOW,True,,False,,JRN_AGRA_01,0.2257,1.0,1.0,0.4541,1.0,MEDIUM,Predicted Fog Visibility Risk (Speed cap 40.0 km/h),40.0,16.2,229.3,09:29:30,30.0,BASELINE_HISTORICAL_CALIBRATION,89.5,16.5
OBS_000161,09:30:00,4800.0,12050,ROUTE_NDLS_AGC_01,SYNTHETIC_SIMULATOR,OK,28.226643,77.323457,50.075,38.0,10.56,38.0,0.0,92.8,130.0,40.0,399.1,SEC_FDB_PWL,,FDB,PWL,9.925,144.925,CRUISING,,,,,54.48,,,GREEN,LOW,True,,False,,JRN_AGRA_01,0.2257,1.0,1.0,0.4541,1.0,MEDIUM,Predicted Fog Visibility Risk (Speed cap 40.0 km/h),40.0,15.7,228.8,09:30:00,30.0,BASELINE_HISTORICAL_CALIBRATION,89.0,16.0
OBS_000162,09:30:30,4830.0,12050,ROUTE_NDLS_AGC_01,SYNTHETIC_SIMULATOR,OK,28.224029,77.323538,50.392,38.0,10.56,38.0,0.0,92.8,130.0,40.0,392.88,SEC_FDB_PWL,,FDB,PWL,9.608,144.608,CRUISING,,,,,54.82,,,GREEN,LOW,True,,False,,JRN_AGRA_01,0.2257,1.0,1.0,0.4541,1.0,MEDIUM,Predicted Fog Visibility Risk (Speed cap 40.0 km/h),40.0,15.2,228.3,09:30:30,30.0,BASELINE_HISTORICAL_CALIBRATION,88.5,15.5
OBS_000163,09:31:00,4860.0,12050,ROUTE_NDLS_AGC_01,SYNTHETIC_SIMULATOR,OK,28.221414,77.323619,50.708,38.0,10.56,38.0,0.0,92.8,130.0,40.0,386.56,SEC_FDB_PWL,,FDB,PWL,9.292,144.292,CRUISING,,,,,55.16,,,GREEN,LOW,True,,False,,JRN_AGRA_01,0.2257,1.0,1.0,0.4541,1.0,MEDIUM,Predicted Fog Visibility Risk (Speed cap 40.0 km/h),40.0,14.7,227.8,09:31:00,30.0,BASELINE_HISTORICAL_CALIBRATION,88.0,15.0
OBS_000164,09:31:30,4890.0,12050,ROUTE_NDLS_AGC_01,SYNTHETIC_SIMULATOR,OK,28.2188,77.3237,51.025,38.0,10.56,38.0,0.0,92.8,130.0,40.0,380.14,SEC_FDB_PWL,,FDB,PWL,8.975,143.975,CRUISING,,,,,55.5,,,GREEN,LOW,True,,False,,JRN_AGRA_01,0.2257,1.0,1.0,0.4541,1.0,MEDIUM,Predicted Fog Visibility Risk (Speed cap 40.0 km/h),40.0,14.2,227.3,09:31:30,30.0,BASELINE_HISTORICAL_CALIBRATION,87.5,14.5
OBS_000165,09:32:00,4920.0,12050,ROUTE_NDLS_AGC_01,SYNTHETIC_SIMULATOR,OK,28.216185,77.323781,51.342,38.0,10.56,38.0,0.0,92.8,130.0,40.0,373.6,SEC_FDB_PWL,,FDB,PWL,8.658,143.658,CRUISING,,,,,55.83,,,GREEN,LOW,True,,False,,JRN_AGRA_01,0.2257,1.0,1.0,0.4541,1.0,MEDIUM,Predicted Fog Visibility Risk (Speed cap 40.0 km/h),40.0,13.7,226.8,09:32:00,30.0,BASELINE_HISTORICAL_CALIBRATION,87.0,14.0
OBS_000166,09:32:30,4950.0,12050,ROUTE_NDLS_AGC_01,SYNTHETIC_SIMULATOR,OK,28.213571,77.323862,51.658,38.0,10.56,38.0,0.0,92.8,130.0,40.0,366.95,SEC_FDB_PWL,,FDB,PWL,8.342,143.342,CRUISING,,,,,56.17,,,GREEN,LOW,True,,False,,JRN_AGRA_01,0.2257,1.0,1.0,0.4541,1.0,MEDIUM,Predicted Fog Visibility Risk (Speed cap 40.0 km/h),40.0,13.2,226.3,09:32:30,30.0,BASELINE_HISTORICAL_CALIBRATION,86.5,13.5
OBS_000167,09:33:00,4980.0,12050,ROUTE_NDLS_AGC_01,SYNTHETIC_SIMULATOR,OK,28.210956,77.323944,51.975,38.0,10.56,38.0,0.0,92.8,130.0,40.0,360.18,SEC_FDB_PWL,,FDB,PWL,8.025,143.025,CRUISING,,,,,56.51,,,GREEN,LOW,True,,False,,JRN_AGRA_01,0.2257,1.0,1.0,0.4541,1.0,MEDIUM,Predicted Fog Visibility Risk (Speed cap 40.0 km/h),40.0,12.7,225.8,09:33:00,30.0,BASELINE_HISTORICAL_CALIBRATION,86.0,13.0
OBS_000168,09:33:30,5010.0,12050,ROUTE_NDLS_AGC_01,SYNTHETIC_SIMULATOR,OK,28.208342,77.324025,52.292,38.0,10.56,38.0,0.0,92.8,130.0,40.0,353.28,SEC_FDB_PWL,,FDB,PWL,7.708,142.708,CRUISING,,,,,56.85,,,GREEN,LOW,True,,False,,JRN_AGRA_01,0.2257,1.0,1.0,0.4541,1.0,MEDIUM,Predicted Fog Visibility Risk (Speed cap 40.0 km/h),40.0,12.2,225.3,09:33:30,30.0,BASELINE_HISTORICAL_CALIBRATION,85.5,12.5
OBS_000169,09:34:00,5040.0,12050,ROUTE_NDLS_AGC_01,SYNTHETIC_SIMULATOR,OK,28.205727,77.324106,52.608,38.0,10.56,38.0,0.0,92.8,130.0,40.0,346.24,SEC_FDB_PWL,,FDB,PWL,7.392,142.392,CRUISING,,,,,57.18,,,GREEN,LOW,True,,False,,JRN_AGRA_01,0.2257,1.0,1.0,0.4541,1.0,MEDIUM,Predicted Fog Visibility Risk (Speed cap 40.0 km/h),40.0,11.7,224.8,09:34:00,30.0,BASELINE_HISTORICAL_CALIBRATION,85.0,12.0
OBS_000170,09:34:30,5070.0,12050,ROUTE_NDLS_AGC_01,SYNTHETIC_SIMULATOR,OK,28.203113,77.324187,52.925,38.0,10.56,38.0,0.0,92.8,130.0,40.0,339.05,SEC_FDB_PWL,,FDB,PWL,7.075,142.075,CRUISING,,,,,57.52,,,GREEN,LOW,True,,False,,JRN_AGRA_01,0.2257,1.0,1.0,0.4541,1.0,MEDIUM,Predicted Fog Visibility Risk (Speed cap 40.0 km/h),40.0,11.2,224.3,09:34:30,30.0,BASELINE_HISTORICAL_CALIBRATION,84.5,11.5
OBS_000171,09:35:00,5100.0,12050,ROUTE_NDLS_AGC_01,SYNTHETIC_SIMULATOR,OK,28.200498,77.324268,53.242,38.0,10.56,38.0,0.0,92.8,130.0,40.0,331.71,SEC_FDB_PWL,,FDB,PWL,6.758,141.758,CRUISING,,,,,57.86,,,GREEN,LOW,True,,False,,JRN_AGRA_01,0.2257,1.0,1.0,0.4541,1.0,MEDIUM,Predicted Fog Visibility Risk (Speed cap 40.0 km/h),40.0,10.7,223.8,09:35:00,30.0,BASELINE_HISTORICAL_CALIBRATION,84.0,11.0
OBS_000172,09:35:30,5130.0,12050,ROUTE_NDLS_AGC_01,SYNTHETIC_SIMULATOR,OK,28.197884,77.324349,53.558,38.0,10.56,38.0,0.0,92.8,130.0,40.0,324.2,SEC_FDB_PWL,,FDB,PWL,6.442,141.442,CRUISING,,,,,58.2,,,GREEN,LOW,True,,False,,JRN_AGRA_01,0.2257,1.0,1.0,0.4541,1.0,MEDIUM,Predicted Fog Visibility Risk (Speed cap 40.0 km/h),40.0,10.2,223.3,09:35:30,30.0,BASELINE_HISTORICAL_CALIBRATION,83.5,10.5
OBS_000173,09:36:00,5160.0,12050,ROUTE_NDLS_AGC_01,SYNTHETIC_SIMULATOR,OK,28.19527,77.32443,53.875,38.0,10.56,38.0,0.0,92.8,130.0,40.0,316.51,SEC_FDB_PWL,,FDB,PWL,6.125,141.125,CRUISING,,,,,58.53,,,GREEN,LOW,True,,False,,JRN_AGRA_01,0.2257,1.0,1.0,0.4541,1.0,MEDIUM,Predicted Fog Visibility Risk (Speed cap 40.0 km/h),40.0,9.7,222.8,09:36:00,30.0,BASELINE_HISTORICAL_CALIBRATION,83.0,10.0
OBS_000174,09:36:30,5190.0,12050,ROUTE_NDLS_AGC_01,SYNTHETIC_SIMULATOR,OK,28.192655,77.324512,54.192,38.0,10.56,38.0,0.0,92.8,130.0,40.0,308.64,SEC_FDB_PWL,,FDB,PWL,5.808,140.808,CRUISING,,,,,58.87,,,GREEN,LOW,True,,False,,JRN_AGRA_01,0.2257,1.0,1.0,0.4541,1.0,MEDIUM,Predicted Fog Visibility Risk (Speed cap 40.0 km/h),40.0,9.2,222.3,09:36:30,30.0,BASELINE_HISTORICAL_CALIBRATION,82.5,9.5
OBS_000175,09:37:00,5220.0,12050,ROUTE_NDLS_AGC_01,SYNTHETIC_SIMULATOR,OK,28.190041,77.324593,54.508,38.0,10.56,38.0,0.0,92.8,130.0,40.0,300.55,SEC_FDB_PWL,,FDB,PWL,5.492,140.492,CRUISING,,,,,59.21,,,GREEN,LOW,True,,False,,JRN_AGRA_01,0.2257,1.0,1.0,0.4541,1.0,MEDIUM,Predicted Fog Visibility Risk (Speed cap 40.0 km/h),40.0,8.7,221.8,09:37:00,30.0,BASELINE_HISTORICAL_CALIBRATION,82.0,9.0
OBS_000176,09:37:30,5250.0,12050,ROUTE_NDLS_AGC_01,SYNTHETIC_SIMULATOR,OK,28.187426,77.324674,54.825,38.0,10.56,38.0,0.0,92.8,130.0,40.0,292.24,SEC_FDB_PWL,,FDB,PWL,5.175,140.175,CRUISING,,,,,59.55,,,GREEN,LOW,True,,False,,JRN_AGRA_01,0.2257,1.0,1.0,0.4541,1.0,MEDIUM,Predicted Fog Visibility Risk (Speed cap 40.0 km/h),40.0,8.2,221.3,09:37:30,30.0,BASELINE_HISTORICAL_CALIBRATION,81.5,8.5
OBS_000177,09:38:00,5280.0,12050,ROUTE_NDLS_AGC_01,SYNTHETIC_SIMULATOR,OK,28.184812,77.324755,55.142,38.0,10.56,38.0,0.0,92.8,130.0,40.0,283.69,SEC_FDB_PWL,,FDB,PWL,4.858,139.858,CRUISING,,,,,59.88,,,GREEN,LOW,True,,False,,JRN_AGRA_01,0.2257,1.0,1.0,0.4541,1.0,MEDIUM,Predicted Fog Visibility Risk (Speed cap 40.0 km/h),40.0,7.7,220.8,09:38:00,30.0,BASELINE_HISTORICAL_CALIBRATION,81.0,8.0
OBS_000178,09:38:30,5310.0,12050,ROUTE_NDLS_AGC_01,SYNTHETIC_SIMULATOR,OK,28.182197,77.324836,55.458,38.0,10.56,38.0,0.0,92.8,130.0,40.0,274.88,SEC_FDB_PWL,,FDB,PWL,4.542,139.542,CRUISING,,,,,60.22,,,GREEN,LOW,True,,False,,JRN_AGRA_01,0.2257,1.0,1.0,0.4541,1.0,MEDIUM,Predicted Fog Visibility Risk (Speed cap 40.0 km/h),40.0,7.2,220.3,09:38:30,30.0,BASELINE_HISTORICAL_CALIBRATION,80.5,7.5
OBS_000179,09:39:00,5340.0,12050,ROUTE_NDLS_AGC_01,SYNTHETIC_SIMULATOR,OK,28.179583,77.324917,55.775,38.0,10.56,38.0,0.0,92.8,130.0,40.0,265.77,SEC_FDB_PWL,,FDB,PWL,4.225,139.225,CRUISING,,,,,60.56,,,GREEN,LOW,True,,False,,JRN_AGRA_01,0.2257,1.0,1.0,0.4541,1.0,MEDIUM,Predicted Fog Visibility Risk (Speed cap 40.0 km/h),40.0,6.7,219.8,09:39:00,30.0,BASELINE_HISTORICAL_CALIBRATION,80.0,7.0
OBS_000180,09:39:30,5370.0,12050,ROUTE_NDLS_AGC_01,SYNTHETIC_SIMULATOR,OK,28.176968,77.324998,56.092,38.0,10.56,38.0,0.0,92.8,130.0,40.0,256.33,SEC_FDB_PWL,,FDB,PWL,3.908,138.908,CRUISING,,,,,60.9,,,GREEN,LOW,True,,False,,JRN_AGRA_01,0.2257,1.0,1.0,0.4541,1.0,MEDIUM,Predicted Fog Visibility Risk (Speed cap 40.0 km/h),40.0,6.2,219.3,09:39:30,30.0,BASELINE_HISTORICAL_CALIBRATION,79.5,6.5
OBS_000181,09:40:00,5400.0,12050,ROUTE_NDLS_AGC_01,SYNTHETIC_SIMULATOR,OK,28.174354,77.32508,56.408,38.0,10.56,38.0,0.0,92.8,130.0,40.0,246.54,SEC_FDB_PWL,,FDB,PWL,3.592,138.592,CRUISING,,,,,61.24,,,GREEN,LOW,True,,False,,JRN_AGRA_01,0.2257,1.0,1.0,0.4541,1.0,MEDIUM,Predicted Fog Visibility Risk (Speed cap 40.0 km/h),40.0,5.7,218.8,09:40:00,30.0,BASELINE_HISTORICAL_CALIBRATION,79.0,6.0
OBS_000182,09:40:30,5430.0,12050,ROUTE_NDLS_AGC_01,SYNTHETIC_SIMULATOR,OK,28.171739,77.325161,56.725,38.0,10.56,38.0,0.0,92.8,130.0,40.0,236.34,SEC_FDB_PWL,,FDB,PWL,3.275,138.275,CRUISING,,,,,61.57,,,GREEN,LOW,True,,False,,JRN_AGRA_01,0.2257,1.0,1.0,0.4541,1.0,MEDIUM,Predicted Fog Visibility Risk (Speed cap 40.0 km/h),40.0,5.2,218.3,09:40:30,30.0,BASELINE_HISTORICAL_CALIBRATION,78.5,5.5
OBS_000183,09:41:00,5460.0,12050,ROUTE_NDLS_AGC_01,SYNTHETIC_SIMULATOR,OK,28.169125,77.325242,57.042,38.0,10.56,38.0,0.0,92.8,130.0,40.0,225.68,SEC_FDB_PWL,,FDB,PWL,2.958,137.958,CRUISING,,,,,61.91,,,GREEN,LOW,True,,False,,JRN_AGRA_01,0.2257,1.0,1.0,0.4541,1.0,MEDIUM,Predicted Fog Visibility Risk (Speed cap 40.0 km/h),40.0,4.7,217.8,09:41:00,30.0,BASELINE_HISTORICAL_CALIBRATION,78.0,5.0
OBS_000184,09:41:30,5490.0,12050,ROUTE_NDLS_AGC_01,SYNTHETIC_SIMULATOR,OK,28.16651,77.325323,57.358,38.0,10.56,38.0,0.0,92.8,130.0,40.0,214.49,SEC_FDB_PWL,,FDB,PWL,2.642,137.642,CRUISING,,,,,62.25,,,GREEN,LOW,True,,False,,JRN_AGRA_01,0.2257,1.0,1.0,0.4541,1.0,MEDIUM,Predicted Fog Visibility Risk (Speed cap 40.0 km/h),40.0,4.2,217.3,09:41:30,30.0,BASELINE_HISTORICAL_CALIBRATION,77.5,4.5
OBS_000185,09:42:00,5520.0,12050,ROUTE_NDLS_AGC_01,SYNTHETIC_SIMULATOR,OK,28.163896,77.325404,57.675,38.0,10.56,38.0,0.0,92.8,130.0,40.0,202.69,SEC_FDB_PWL,,FDB,PWL,2.325,137.325,CRUISING,,,,,62.59,,,GREEN,LOW,True,,False,,JRN_AGRA_01,0.2257,1.0,1.0,0.4541,1.0,MEDIUM,Predicted Fog Visibility Risk (Speed cap 40.0 km/h),40.0,3.7,216.8,09:42:00,30.0,BASELINE_HISTORICAL_CALIBRATION,77.0,4.0
OBS_000186,09:42:30,5550.0,12050,ROUTE_NDLS_AGC_01,SYNTHETIC_SIMULATOR,OK,28.161281,77.325485,57.992,38.0,10.56,38.0,0.0,92.8,130.0,40.0,190.15,SEC_FDB_PWL,,FDB,PWL,2.008,137.008,CRUISING,,,,,62.92,,,GREEN,LOW,True,,False,,JRN_AGRA_01,0.2257,1.0,1.0,0.4541,1.0,MEDIUM,Predicted Fog Visibility Risk (Speed cap 40.0 km/h),40.0,3.2,216.3,09:42:30,30.0,BASELINE_HISTORICAL_CALIBRATION,76.5,3.5
OBS_000187,09:43:00,5580.0,12050,ROUTE_NDLS_AGC_01,SYNTHETIC_SIMULATOR,OK,28.158667,77.325567,58.308,38.0,10.56,38.0,0.0,92.8,130.0,40.0,176.73,SEC_FDB_PWL,,FDB,PWL,1.692,136.692,CRUISING,,,,,63.26,,,GREEN,LOW,True,,False,,JRN_AGRA_01,0.2257,1.0,1.0,0.4541,1.0,MEDIUM,Predicted Fog Visibility Risk (Speed cap 40.0 km/h),40.0,2.7,215.8,09:43:00,30.0,BASELINE_HISTORICAL_CALIBRATION,76.0,3.0
OBS_000188,09:43:30,5610.0,12050,ROUTE_NDLS_AGC_01,SYNTHETIC_SIMULATOR,OK,28.156052,77.325648,58.625,38.0,10.56,38.0,0.0,92.8,130.0,40.0,162.2,SEC_FDB_PWL,,FDB,PWL,1.375,136.375,CRUISING,,,,,63.6,,,GREEN,LOW,True,,False,,JRN_AGRA_01,0.2257,1.0,1.0,0.4541,1.0,MEDIUM,Predicted Fog Visibility Risk (Speed cap 40.0 km/h),40.0,2.2,215.3,09:43:30,30.0,BASELINE_HISTORICAL_CALIBRATION,75.5,2.5
OBS_000189,09:44:00,5640.0,12050,ROUTE_NDLS_AGC_01,SYNTHETIC_SIMULATOR,OK,28.153438,77.325729,58.942,38.0,10.56,38.0,0.0,92.8,130.0,40.0,146.23,SEC_FDB_PWL,,FDB,PWL,1.058,136.058,CRUISING,,,,,63.94,,,GREEN,LOW,True,,False,,JRN_AGRA_01,0.2257,1.0,1.0,0.4541,1.0,MEDIUM,Predicted Fog Visibility Risk (Speed cap 40.0 km/h),40.0,1.7,214.8,09:44:00,30.0,BASELINE_HISTORICAL_CALIBRATION,75.0,2.0
OBS_000190,09:44:30,5670.0,12050,ROUTE_NDLS_AGC_01,SYNTHETIC_SIMULATOR,OK,28.150823,77.32581,59.258,38.0,10.56,38.0,0.0,92.8,130.0,40.0,128.29,SEC_FDB_PWL,,FDB,PWL,0.742,135.742,CRUISING,,,,,64.27,,,GREEN,LOW,True,,False,,JRN_AGRA_01,0.2257,1.0,1.0,0.4541,1.0,MEDIUM,Predicted Fog Visibility Risk (Speed cap 40.0 km/h),40.0,1.2,214.3,09:44:30,30.0,BASELINE_HISTORICAL_CALIBRATION,74.5,1.5
OBS_000191,09:45:00,5700.0,12050,ROUTE_NDLS_AGC_01,SYNTHETIC_SIMULATOR,OK,28.148209,77.325891,59.575,38.0,10.56,38.0,0.0,92.8,130.0,40.0,107.4,SEC_FDB_PWL,,FDB,PWL,0.425,135.425,CRUISING,,,,,64.61,,,GREEN,LOW,True,,False,,JRN_AGRA_01,0.2257,1.0,1.0,0.4541,1.0,MEDIUM,Predicted Fog Visibility Risk (Speed cap 40.0 km/h),40.0,0.7,213.8,09:45:00,30.0,BASELINE_HISTORICAL_CALIBRATION,74.0,1.0
OBS_000192,09:45:30,5730.0,12050,ROUTE_NDLS_AGC_01,SYNTHETIC_SIMULATOR,OK,28.145594,77.325972,59.892,38.0,10.56,38.0,0.0,92.8,130.0,40.0,81.3,SEC_FDB_PWL,,FDB,PWL,0.108,135.108,CRUISING,,,,,64.95,,,GREEN,LOW,True,,False,,JRN_AGRA_01,0.2257,1.0,1.0,0.4541,1.0,MEDIUM,Predicted Fog Visibility Risk (Speed cap 40.0 km/h),40.0,0.2,213.3,09:45:30,30.0,BASELINE_HISTORICAL_CALIBRATION,73.5,0.5
OBS_000193,09:46:00,5760.0,12050,ROUTE_NDLS_AGC_01,SYNTHETIC_SIMULATOR,OK,28.1447,77.326,60.0,0.0,0.0,38.0,0.0,0.0,130.0,40.0,41.05,SEC_FDB_PWL,PWL,PWL,MTJ,81.0,135.0,DWELLING,ARRIVED,09:46:00,,,65.29,,,GREEN,LOW,True,,False,,JRN_AGRA_01,0.2257,1.0,1.0,0.4541,1.0,MEDIUM,Predicted Fog Visibility Risk (Speed cap 40.0 km/h),40.0,194.4,324.0,09:46:00,30.0,BASELINE_HISTORICAL_CALIBRATION,73.0,42.5
OBS_000194,09:46:30,5790.0,12050,ROUTE_NDLS_AGC_01,SYNTHETIC_SIMULATOR,OK,28.1447,77.326,60.0,0.0,0.0,0.0,0.0,0.0,160.0,40.0,0.0,SEC_PWL_MTJ,PWL,PWL,MTJ,81.0,135.0,DWELLING,,,,,65.73,,,GREEN,LOW,True,,False,,JRN_AGRA_01,0.2257,1.0,1.0,0.4541,1.0,MEDIUM,Predicted Fog Visibility Risk (Speed cap 40.0 km/h),40.0,194.4,324.0,09:46:30,30.0,BASELINE_HISTORICAL_CALIBRATION,72.5,42.0
OBS_000195,09:47:00,5820.0,12050,ROUTE_NDLS_AGC_01,SYNTHETIC_SIMULATOR,OK,28.1447,77.326,60.542,38.0,10.56,38.0,0.5,92.8,160.0,40.0,1122.37,SEC_PWL_MTJ,PWL,PWL,MTJ,80.458,134.458,ACCELERATING,DEPARTED,,09:47:00,1,66.23,,,GREEN,LOW,True,,False,,JRN_AGRA_01,0.2257,1.0,1.0,0.4541,1.0,MEDIUM,Predicted Fog Visibility Risk (Speed cap 40.0 km/h),40.0,127.0,212.3,09:47:00,30.0,BASELINE_HISTORICAL_CALIBRATION,72.0,41.5
OBS_000196,09:47:30,5850.0,12050,ROUTE_NDLS_AGC_01,SYNTHETIC_SIMULATOR,OK,28.137788,77.329684,60.858,38.0,10.56,38.0,0.0,92.8,160.0,40.0,1118.61,SEC_PWL_MTJ,,PWL,MTJ,80.142,134.142,CRUISING,,,,,66.45,,,GREEN,LOW,True,,False,,JRN_AGRA_01,0.2257,1.0,1.0,0.4541,1.0,MEDIUM,Predicted Fog Visibility Risk (Speed cap 40.0 km/h),40.0,126.5,211.8,09:47:30,30.0,BASELINE_HISTORICAL_CALIBRATION,71.5,41.0
OBS_000197,09:48:00,5880.0,12050,ROUTE_NDLS_AGC_01,SYNTHETIC_SIMULATOR,OK,28.135238,77.331044,61.175,38.0,10.56,38.0,0.0,92.8,160.0,40.0,1116.41,SEC_PWL_MTJ,,PWL,MTJ,79.825,133.825,CRUISING,,,,,66.79,,,GREEN,LOW,True,,False,,JRN_AGRA_01,0.2257,1.0,1.0,0.4541,1.0,MEDIUM,Predicted Fog Visibility Risk (Speed cap 40.0 km/h),40.0,126.0,211.3,09:48:00,30.0,BASELINE_HISTORICAL_CALIBRATION,71.0,40.5
OBS_000198,09:48:30,5910.0,12050,ROUTE_NDLS_AGC_01,SYNTHETIC_SIMULATOR,OK,28.132687,77.332403,61.492,38.0,10.56,38.0,0.0,92.8,160.0,40.0,1114.2,SEC_PWL_MTJ,,PWL,MTJ,79.508,133.508,CRUISING,,,,,67.13,,,GREEN,LOW,True,,False,,JRN_AGRA_01,0.2257,1.0,1.0,0.4541,1.0,MEDIUM,Predicted Fog Visibility Risk (Speed cap 40.0 km/h),40.0,125.5,210.8,09:48:30,30.0,BASELINE_HISTORICAL_CALIBRATION,70.5,40.0
OBS_000199,09:49:00,5940.0,12050,ROUTE_NDLS_AGC_01,SYNTHETIC_SIMULATOR,OK,28.130137,77.333762,61.808,38.0,10.56,38.0,0.0,92.8,160.0,40.0,1111.99,SEC_PWL_MTJ,,PWL,MTJ,79.192,133.192,CRUISING,,,,,67.47,,,GREEN,LOW,True,,False,,JRN_AGRA_01,0.2257,1.0,1.0,0.4541,1.0,MEDIUM,Predicted Fog Visibility Risk (Speed cap 40.0 km/h),40.0,125.0,210.3,09:49:00,30.0,BASELINE_HISTORICAL_CALIBRATION,70.0,39.5
OBS_000200,09:49:30,5970.0,12050,ROUTE_NDLS_AGC_01,SYNTHETIC_SIMULATOR,OK,28.127587,77.335122,62.125,38.0,10.56,38.0,0.0,92.8,160.0,40.0,1109.77,SEC_PWL_MTJ,,PWL,MTJ,78.875,132.875,CRUISING,,,,,67.8,,,GREEN,LOW,True,,False,,JRN_AGRA_01,0.2257,1.0,1.0,0.4541,1.0,MEDIUM,Predicted Fog Visibility Risk (Speed cap 40.0 km/h),40.0,124.5,209.8,09:49:30,30.0,BASELINE_HISTORICAL_CALIBRATION,69.5,39.0
OBS_000201,09:50:00,6000.0,12050,ROUTE_NDLS_AGC_01,SYNTHETIC_SIMULATOR,OK,28.125037,77.336481,62.442,38.0,10.56,38.0,0.0,92.8,160.0,40.0,1107.55,SEC_PWL_MTJ,,PWL,MTJ,78.558,132.558,CRUISING,,,,,68.14,,,GREEN,LOW,True,,False,,JRN_AGRA_01,0.2257,1.0,1.0,0.4541,1.0,MEDIUM,Predicted Fog Visibility Risk (Speed cap 40.0 km/h),40.0,124.0,209.3,09:50:00,30.0,BASELINE_HISTORICAL_CALIBRATION,69.0,38.5
OBS_000202,09:50:30,6030.0,12050,ROUTE_NDLS_AGC_01,SYNTHETIC_SIMULATOR,OK,28.122487,77.33784,62.758,38.0,10.56,38.0,0.0,92.8,160.0,40.0,1105.32,SEC_PWL_MTJ,,PWL,MTJ,78.242,132.242,CRUISING,,,,,68.48,,,GREEN,LOW,True,,False,,JRN_AGRA_01,0.2257,1.0,1.0,0.4541,1.0,MEDIUM,Predicted Fog Visibility Risk (Speed cap 40.0 km/h),40.0,123.5,208.8,09:50:30,30.0,BASELINE_HISTORICAL_CALIBRATION,68.5,38.0
OBS_000203,09:51:00,6060.0,12050,ROUTE_NDLS_AGC_01,SYNTHETIC_SIMULATOR,OK,28.119937,77.3392,63.075,38.0,10.56,38.0,0.0,92.8,160.0,40.0,1103.09,SEC_PWL_MTJ,,PWL,MTJ,77.925,131.925,CRUISING,,,,,68.82,,,GREEN,LOW,True,,False,,JRN_AGRA_01,0.2257,1.0,1.0,0.4541,1.0,MEDIUM,Predicted Fog Visibility Risk (Speed cap 40.0 km/h),40.0,123.0,208.3,09:51:00,30.0,BASELINE_HISTORICAL_CALIBRATION,68.0,37.5
OBS_000204,09:51:30,6090.0,12050,ROUTE_NDLS_AGC_01,SYNTHETIC_SIMULATOR,OK,28.117387,77.340559,63.392,38.0,10.56,38.0,0.0,92.8,160.0,40.0,1100.86,SEC_PWL_MTJ,,PWL,MTJ,77.608,131.608,CRUISING,,,,,69.15,,,GREEN,LOW,True,,False,,JRN_AGRA_01,0.2257,1.0,1.0,0.4541,1.0,MEDIUM,Predicted Fog Visibility Risk (Speed cap 40.0 km/h),40.0,122.5,207.8,09:51:30,30.0,BASELINE_HISTORICAL_CALIBRATION,67.5,37.0
OBS_000205,09:52:00,6120.0,12050,ROUTE_NDLS_AGC_01,SYNTHETIC_SIMULATOR,OK,28.114836,77.341918,63.708,38.0,10.56,38.0,0.0,92.8,160.0,40.0,1098.62,SEC_PWL_MTJ,,PWL,MTJ,77.292,131.292,CRUISING,,,,,69.49,,,GREEN,LOW,True,,False,,JRN_AGRA_01,0.2257,1.0,1.0,0.4541,1.0,MEDIUM,Predicted Fog Visibility Risk (Speed cap 40.0 km/h),40.0,122.0,207.3,09:52:00,30.0,BASELINE_HISTORICAL_CALIBRATION,67.0,36.5
OBS_000206,09:52:30,6150.0,12050,ROUTE_NDLS_AGC_01,SYNTHETIC_SIMULATOR,OK,28.112286,77.343278,64.025,38.0,10.56,38.0,0.0,92.8,160.0,40.0,1096.38,SEC_PWL_MTJ,,PWL,MTJ,76.975,130.975,CRUISING,,,,,69.83,,,GREEN,LOW,True,,False,,JRN_AGRA_01,0.2257,1.0,1.0,0.4541,1.0,MEDIUM,Predicted Fog Visibility Risk (Speed cap 40.0 km/h),40.0,121.5,206.8,09:52:30,30.0,BASELINE_HISTORICAL_CALIBRATION,66.5,36.0
OBS_000207,09:53:00,6180.0,12050,ROUTE_NDLS_AGC_01,SYNTHETIC_SIMULATOR,OK,28.109736,77.344637,64.342,38.0,10.56,38.0,0.0,92.8,160.0,40.0,1094.13,SEC_PWL_MTJ,,PWL,MTJ,76.658,130.658,CRUISING,,,,,70.17,,,GREEN,LOW,True,,False,,JRN_AGRA_01,0.2257,1.0,1.0,0.4541,1.0,MEDIUM,Predicted Fog Visibility Risk (Speed cap 40.0 km/h),40.0,121.0,206.3,09:53:00,30.0,BASELINE_HISTORICAL_CALIBRATION,66.0,35.5
OBS_000208,09:53:30,6210.0,12050,ROUTE_NDLS_AGC_01,SYNTHETIC_SIMULATOR,OK,28.107186,77.345996,64.658,38.0,10.56,38.0,0.0,92.8,160.0,40.0,1091.87,SEC_PWL_MTJ,,PWL,MTJ,76.342,130.342,CRUISING,,,,,70.5,,,GREEN,LOW,True,,False,,JRN_AGRA_01,0.2257,1.0,1.0,0.4541,1.0,MEDIUM,Predicted Fog Visibility Risk (Speed cap 40.0 km/h),40.0,120.5,205.8,09:53:30,30.0,BASELINE_HISTORICAL_CALIBRATION,65.5,35.0
OBS_000209,09:54:00,6240.0,12050,ROUTE_NDLS_AGC_01,SYNTHETIC_SIMULATOR,OK,28.104636,77.347356,64.975,38.0,10.56,38.0,0.0,92.8,160.0,40.0,1089.62,SEC_PWL_MTJ,,PWL,MTJ,76.025,130.025,CRUISING,,,,,70.84,,,GREEN,LOW,True,,False,,JRN_AGRA_01,0.2257,1.0,1.0,0.4541,1.0,MEDIUM,Predicted Fog Visibility Risk (Speed cap 40.0 km/h),40.0,120.0,205.3,09:54:00,30.0,BASELINE_HISTORICAL_CALIBRATION,65.0,34.5
OBS_000210,09:54:30,6270.0,12050,ROUTE_NDLS_AGC_01,SYNTHETIC_SIMULATOR,OK,28.102086,77.348715,65.292,38.0,10.56,38.0,0.0,92.8,160.0,40.0,1087.35,SEC_PWL_MTJ,,PWL,MTJ,75.708,129.708,CRUISING,,,,,71.18,,,GREEN,LOW,True,,False,,JRN_AGRA_01,0.2257,1.0,1.0,0.4541,1.0,MEDIUM,Predicted Fog Visibility Risk (Speed cap 40.0 km/h),40.0,119.5,204.8,09:54:30,30.0,BASELINE_HISTORICAL_CALIBRATION,64.5,34.0
OBS_000211,09:55:00,6300.0,12050,ROUTE_NDLS_AGC_01,SYNTHETIC_SIMULATOR,OK,28.099536,77.350074,65.608,38.0,10.56,38.0,0.0,92.8,160.0,40.0,1085.09,SEC_PWL_MTJ,,PWL,MTJ,75.392,129.392,CRUISING,,,,,71.52,,,GREEN,LOW,True,,False,,JRN_AGRA_01,0.2257,1.0,1.0,0.4541,1.0,MEDIUM,Predicted Fog Visibility Risk (Speed cap 40.0 km/h),40.0,119.0,204.3,09:55:00,30.0,BASELINE_HISTORICAL_CALIBRATION,64.0,33.5
OBS_000212,09:55:30,6330.0,12050,ROUTE_NDLS_AGC_01,SYNTHETIC_SIMULATOR,OK,28.096985,77.351434,65.925,38.0,10.56,38.0,0.0,92.8,160.0,40.0,1082.82,SEC_PWL_MTJ,,PWL,MTJ,75.075,129.075,CRUISING,,,,,71.85,,,GREEN,LOW,True,,False,,JRN_AGRA_01,0.2257,1.0,1.0,0.4541,1.0,MEDIUM,Predicted Fog Visibility Risk (Speed cap 40.0 km/h),40.0,118.5,203.8,09:55:30,30.0,BASELINE_HISTORICAL_CALIBRATION,63.5,33.0
OBS_000213,09:56:00,6360.0,12050,ROUTE_NDLS_AGC_01,SYNTHETIC_SIMULATOR,OK,28.094435,77.352793,66.242,38.0,10.56,38.0,0.0,92.8,160.0,40.0,1080.54,SEC_PWL_MTJ,,PWL,MTJ,74.758,128.758,CRUISING,,,,,72.19,,,GREEN,LOW,True,,False,,JRN_AGRA_01,0.2257,1.0,1.0,0.4541,1.0,MEDIUM,Predicted Fog Visibility Risk (Speed cap 40.0 km/h),40.0,118.0,203.3,09:56:00,30.0,BASELINE_HISTORICAL_CALIBRATION,63.0,32.5
OBS_000214,09:56:30,6390.0,12050,ROUTE_NDLS_AGC_01,SYNTHETIC_SIMULATOR,OK,28.091885,77.354152,66.558,38.0,10.56,38.0,0.0,92.8,160.0,40.0,1078.26,SEC_PWL_MTJ,,PWL,MTJ,74.442,128.442,CRUISING,,,,,72.53,,,GREEN,LOW,True,,False,,JRN_AGRA_01,0.2257,1.0,1.0,0.4541,1.0,MEDIUM,Predicted Fog Visibility Risk (Speed cap 40.0 km/h),40.0,117.5,202.8,09:56:30,30.0,BASELINE_HISTORICAL_CALIBRATION,62.5,32.0
OBS_000215,09:57:00,6420.0,12050,ROUTE_NDLS_AGC_01,SYNTHETIC_SIMULATOR,OK,28.089335,77.355512,66.875,38.0,10.56,38.0,0.0,92.8,160.0,40.0,1075.97,SEC_PWL_MTJ,,PWL,MTJ,74.125,128.125,CRUISING,,,,,72.87,,,GREEN,LOW,True,,False,,JRN_AGRA_01,0.2257,1.0,1.0,0.4541,1.0,MEDIUM,Predicted Fog Visibility Risk (Speed cap 40.0 km/h),40.0,117.0,202.3,09:57:00,30.0,BASELINE_HISTORICAL_CALIBRATION,62.0,31.5
OBS_000216,09:57:30,6450.0,12050,ROUTE_NDLS_AGC_01,SYNTHETIC_SIMULATOR,OK,28.086785,77.356871,67.192,38.0,10.56,38.0,0.0,92.8,160.0,40.0,1073.68,SEC_PWL_MTJ,,PWL,MTJ,73.808,127.808,CRUISING,,,,,73.21,,,GREEN,LOW,True,,False,,JRN_AGRA_01,0.2257,1.0,1.0,0.4541,1.0,MEDIUM,Predicted Fog Visibility Risk (Speed cap 40.0 km/h),40.0,116.5,201.8,09:57:30,30.0,BASELINE_HISTORICAL_CALIBRATION,61.5,31.0
OBS_000217,09:58:00,6480.0,12050,ROUTE_NDLS_AGC_01,SYNTHETIC_SIMULATOR,OK,28.084235,77.35823,67.508,38.0,10.56,38.0,0.0,92.8,160.0,40.0,1071.39,SEC_PWL_MTJ,,PWL,MTJ,73.492,127.492,CRUISING,,,,,73.54,,,GREEN,LOW,True,,False,,JRN_AGRA_01,0.2257,1.0,1.0,0.4541,1.0,MEDIUM,Predicted Fog Visibility Risk (Speed cap 40.0 km/h),40.0,116.0,201.3,09:58:00,30.0,BASELINE_HISTORICAL_CALIBRATION,61.0,30.5
OBS_000218,09:58:30,6510.0,12050,ROUTE_NDLS_AGC_01,SYNTHETIC_SIMULATOR,OK,28.081685,77.35959,67.825,38.0,10.56,38.0,0.0,92.8,160.0,40.0,1069.08,SEC_PWL_MTJ,,PWL,MTJ,73.175,127.175,CRUISING,,,,,73.88,,,GREEN,LOW,True,,False,,JRN_AGRA_01,0.2257,1.0,1.0,0.4541,1.0,MEDIUM,Predicted Fog Visibility Risk (Speed cap 40.0 km/h),40.0,115.5,200.8,09:58:30,30.0,BASELINE_HISTORICAL_CALIBRATION,60.5,30.0
OBS_000219,09:59:00,6540.0,12050,ROUTE_NDLS_AGC_01,SYNTHETIC_SIMULATOR,OK,28.079134,77.360949,68.142,38.0,10.56,38.0,0.0,92.8,160.0,40.0,1066.78,SEC_PWL_MTJ,,PWL,MTJ,72.858,126.858,CRUISING,,,,,74.22,,,GREEN,LOW,True,,False,,JRN_AGRA_01,0.2257,1.0,1.0,0.4541,1.0,MEDIUM,Predicted Fog Visibility Risk (Speed cap 40.0 km/h),40.0,115.0,200.3,09:59:00,30.0,BASELINE_HISTORICAL_CALIBRATION,60.0,29.5
OBS_000220,09:59:30,6570.0,12050,ROUTE_NDLS_AGC_01,SYNTHETIC_SIMULATOR,OK,28.076584,77.362308,68.458,38.0,10.56,38.0,0.0,92.8,160.0,40.0,1064.47,SEC_PWL_MTJ,,PWL,MTJ,72.542,126.542,CRUISING,,,,,74.56,,,GREEN,LOW,True,,False,,JRN_AGRA_01,0.2257,1.0,1.0,0.4541,1.0,MEDIUM,Predicted Fog Visibility Risk (Speed cap 40.0 km/h),40.0,114.5,199.8,09:59:30,30.0,BASELINE_HISTORICAL_CALIBRATION,59.5,29.0
OBS_000221,10:00:00,6600.0,12050,ROUTE_NDLS_AGC_01,SYNTHETIC_SIMULATOR,OK,28.068598,77.366565,69.45,92.0,25.56,152.0,0.5,544.2,160.0,,1062.15,SEC_PWL_MTJ,,PWL,MTJ,71.55,125.55,ACCELERATING,,,,,74.89,,,GREEN,LOW,False,,False,,JRN_AGRA_01,0.2483,0.0,0.95,0.4541,1.0,NONE,NONE,,46.7,81.9,10:00:00,30.0,BASELINE_HISTORICAL_CALIBRATION,59.0,28.5
OBS_000222,10:00:30,6630.0,12050,ROUTE_NDLS_AGC_01,SYNTHETIC_SIMULATOR,OK,28.056988,77.372753,70.892,146.0,40.56,152.0,0.5,1370.6,160.0,,1054.87,SEC_PWL_MTJ,,PWL,MTJ,70.108,124.108,ACCELERATING,,,,,74.88,,,GREEN,LOW,False,,False,,JRN_AGRA_01,0.2483,0.0,0.95,0.4541,1.0,NONE,NONE,,28.8,51.0,10:00:30,30.0,BASELINE_HISTORICAL_CALIBRATION,58.5,28.0
OBS_000223,10:01:00,6660.0,12050,ROUTE_NDLS_AGC_01,SYNTHETIC_SIMULATOR,OK,28.044976,77.379157,72.383,152.0,42.22,152.0,0.5,1485.6,160.0,,1044.19,SEC_PWL_MTJ,,PWL,MTJ,68.617,122.617,ACCELERATING,,,,,74.65,,,GREEN,LOW,False,,False,,JRN_AGRA_01,0.2483,0.0,0.95,0.4541,1.0,NONE,NONE,,27.1,48.4,10:01:00,30.0,BASELINE_HISTORICAL_CALIBRATION,58.0,27.5
OBS_000224,10:01:30,6690.0,12050,ROUTE_NDLS_AGC_01,SYNTHETIC_SIMULATOR,OK,28.034775,77.384594,73.65,152.0,42.22,152.0,0.0,1485.6,160.0,,1033.02,SEC_PWL_MTJ,,PWL,MTJ,67.35,121.35,CRUISING,,,,,74.38,,,GREEN,LOW,False,,False,,JRN_AGRA_01,0.2483,0.0,0.95,0.4541,1.0,NONE,NONE,,26.6,47.9,10:01:30,30.0,BASELINE_HISTORICAL_CALIBRATION,57.5,27.0
OBS_000225,10:02:00,6720.0,12050,ROUTE_NDLS_AGC_01,SYNTHETIC_SIMULATOR,OK,28.024575,77.390031,74.917,152.0,42.22,152.0,0.0,1485.6,160.0,,1023.44,SEC_PWL_MTJ,,PWL,MTJ,66.083,120.083,CRUISING,,,,,74.23,,,GREEN,LOW,False,,False,,JRN_AGRA_01,0.2483,0.0,0.95,0.4541,1.0,NONE,NONE,,26.1,47.4,10:02:00,30.0,BASELINE_HISTORICAL_CALIBRATION,57.0,26.5
OBS_000226,10:02:30,6750.0,12050,ROUTE_NDLS_AGC_01,SYNTHETIC_SIMULATOR,OK,28.014374,77.395468,76.183,152.0,42.22,152.0,0.0,1485.6,160.0,,1013.77,SEC_PWL_MTJ,,PWL,MTJ,64.817,118.817,CRUISING,,,,,74.08,,,GREEN,LOW,False,,False,,JRN_AGRA_01,0.2483,0.0,0.95,0.4541,1.0,NONE,NONE,,25.6,46.9,10:02:30,30.0,BASELINE_HISTORICAL_CALIBRATION,56.5,26.0
OBS_000227,10:03:00,6780.0,12050,ROUTE_NDLS_AGC_01,SYNTHETIC_SIMULATOR,OK,28.004174,77.400906,77.45,152.0,42.22,152.0,0.0,1485.6,160.0,,1004.01,SEC_PWL_MTJ,,PWL,MTJ,63.55,117.55,CRUISING,,,,,73.93,,,GREEN,LOW,False,,False,,JRN_AGRA_01,0.2483,0.0,0.95,0.4541,1.0,NONE,NONE,,25.1,46.4,10:03:00,30.0,BASELINE_HISTORICAL_CALIBRATION,56.0,25.5
OBS_000228,10:03:30,6810.0,12050,ROUTE_NDLS_AGC_01,SYNTHETIC_SIMULATOR,OK,27.993973,77.406343,78.717,152.0,42.22,152.0,0.0,1485.6,160.0,,994.15,SEC_PWL_MTJ,,PWL,MTJ,62.283,116.283,CRUISING,,,,,73.78,,,GREEN,LOW,False,,False,,JRN_AGRA_01,0.2483,0.0,0.95,0.4541,1.0,NONE,NONE,,24.6,45.9,10:03:30,30.0,BASELINE_HISTORICAL_CALIBRATION,55.5,25.0
OBS_000229,10:04:00,6840.0,12050,ROUTE_NDLS_AGC_01,SYNTHETIC_SIMULATOR,OK,27.983772,77.41178,79.983,152.0,42.22,152.0,0.0,1485.6,160.0,,984.19,SEC_PWL_MTJ,,PWL,MTJ,61.017,115.017,CRUISING,,,,,73.63,,,GREEN,LOW,False,,False,,JRN_AGRA_01,0.2483,0.0,0.95,0.4541,1.0,NONE,NONE,,24.1,45.4,10:04:00,30.0,BASELINE_HISTORICAL_CALIBRATION,55.0,24.5
OBS_000230,10:04:30,6870.0,12050,ROUTE_NDLS_AGC_01,SYNTHETIC_SIMULATOR,OK,27.973572,77.417218,81.25,152.0,42.22,152.0,0.0,1485.6,160.0,,974.13,SEC_PWL_MTJ,,PWL,MTJ,59.75,113.75,CRUISING,,,,,73.48,,,GREEN,LOW,False,,False,,JRN_AGRA_01,0.2483,0.0,0.95,0.4541,1.0,NONE,NONE,,23.6,44.9,10:04:30,30.0,BASELINE_HISTORICAL_CALIBRATION,54.5,24.0
OBS_000231,10:05:00,6900.0,12050,ROUTE_NDLS_AGC_01,SYNTHETIC_SIMULATOR,OK,27.963371,77.422655,82.517,152.0,42.22,152.0,0.0,1485.6,160.0,,963.97,SEC_PWL_MTJ,,PWL,MTJ,58.483,112.483,CRUISING,,,,,73.33,,,GREEN,LOW,False,,False,,JRN_AGRA_01,0.2483,0.0,0.95,0.4541,1.0,NONE,NONE,,23.1,44.4,10:05:00,30.0,BASELINE_HISTORICAL_CALIBRATION,54.0,23.5
OBS_000232,10:05:30,6930.0,12050,ROUTE_NDLS_AGC_01,SYNTHETIC_SIMULATOR,OK,27.953171,77.428092,83.783,152.0,42.22,152.0,0.0,1485.6,160.0,,953.69,SEC_PWL_MTJ,,PWL,MTJ,57.217,111.217,CRUISING,,,,,73.18,,,GREEN,LOW,False,,False,,JRN_AGRA_01,0.2483,0.0,0.95,0.4541,1.0,NONE,NONE,,22.6,43.9,10:05:30,30.0,BASELINE_HISTORICAL_CALIBRATION,53.5,23.0
OBS_000233,10:06:00,6960.0,12050,ROUTE_NDLS_AGC_01,SYNTHETIC_SIMULATOR,OK,27.94297,77.433529,85.05,152.0,42.22,152.0,0.0,1485.6,160.0,,943.31,SEC_PWL_MTJ,,PWL,MTJ,55.95,109.95,CRUISING,,,,,73.03,,,GREEN,LOW,False,,False,,JRN_AGRA_01,0.2483,0.0,0.95,0.4541,1.0,NONE,NONE,,22.1,43.4,10:06:00,30.0,BASELINE_HISTORICAL_CALIBRATION,53.0,22.5
OBS_000234,10:06:30,6990.0,12050,ROUTE_NDLS_AGC_01,SYNTHETIC_SIMULATOR,OK,27.93277,77.438967,86.317,152.0,42.22,152.0,0.0,1485.6,160.0,,932.81,SEC_PWL_MTJ,,PWL,MTJ,54.683,108.683,CRUISING,,,,,72.88,,,GREEN,LOW,False,,False,,JRN_AGRA_01,0.2483,0.0,0.95,0.4541,1.0,NONE,NONE,,21.6,42.9,10:06:30,30.0,BASELINE_HISTORICAL_CALIBRATION,52.5,22.0
OBS_000235,10:07:00,7020.0,12050,ROUTE_NDLS_AGC_01,SYNTHETIC_SIMULATOR,OK,27.922569,77.444404,87.583,152.0,42.22,152.0,0.0,1485.6,160.0,,922.19,SEC_PWL_MTJ,,PWL,MTJ,53.417,107.417,CRUISING,,,,,72.74,,,GREEN,LOW,False,,False,,JRN_AGRA_01,0.2483,0.0,0.95,0.4541,1.0,NONE,NONE,,21.1,42.4,10:07:00,30.0,BASELINE_HISTORICAL_CALIBRATION,52.0,21.5
OBS_000236,10:07:30,7050.0,12050,ROUTE_NDLS_AGC_01,SYNTHETIC_SIMULATOR,OK,27.912368,77.449841,88.85,152.0,42.22,152.0,0.0,1485.6,160.0,,911.45,SEC_PWL_MTJ,,PWL,MTJ,52.15,106.15,CRUISING,,,,,72.59,,,GREEN,LOW,False,,False,,JRN_AGRA_01,0.2483,0.0,0.95,0.4541,1.0,NONE,NONE,,20.6,41.9,10:07:30,30.0,BASELINE_HISTORICAL_CALIBRATION,51.5,21.0
OBS_000237,10:08:00,7080.0,12050,ROUTE_NDLS_AGC_01,SYNTHETIC_SIMULATOR,OK,27.902168,77.455279,90.117,152.0,42.22,152.0,0.0,1485.6,160.0,,900.58,SEC_PWL_MTJ,,PWL,MTJ,50.883,104.883,CRUISING,,,,,72.44,,,GREEN,LOW,False,,False,,JRN_AGRA_01,0.2483,0.0,0.95,0.4541,1.0,NONE,NONE,,20.1,41.4,10:08:00,30.0,BASELINE_HISTORICAL_CALIBRATION,51.0,20.5
OBS_000238,10:08:30,7110.0,12050,ROUTE_NDLS_AGC_01,SYNTHETIC_SIMULATOR,OK,27.891967,77.460716,91.383,152.0,42.22,152.0,0.0,1485.6,160.0,,889.57,SEC_PWL_MTJ,,PWL,MTJ,49.617,103.617,CRUISING,,,,,72.29,,,GREEN,LOW,False,,False,,JRN_AGRA_01,0.2483,0.0,0.95,0.4541,1.0,NONE,NONE,,19.6,40.9,10:08:30,30.0,BASELINE_HISTORICAL_CALIBRATION,50.5,20.0
OBS_000239,10:09:00,7140.0,12050,ROUTE_NDLS_AGC_01,SYNTHETIC_SIMULATOR,OK,27.881767,77.466153,92.65,152.0,42.22,152.0,0.0,1485.6,160.0,,878.43,SEC_PWL_MTJ,,PWL,MTJ,48.35,102.35,CRUISING,,,,,72.14,,,GREEN,LOW,False,,False,,JRN_AGRA_01,0.2483,0.0,0.95,0.4541,1.0,NONE,NONE,,19.1,40.4,10:09:00,30.0,BASELINE_HISTORICAL_CALIBRATION,50.0,19.5
OBS_000240,10:09:30,7170.0,12050,ROUTE_NDLS_AGC_01,SYNTHETIC_SIMULATOR,OK,27.871566,77.47159,93.917,152.0,42.22,152.0,0.0,1485.6,160.0,,867.14,SEC_PWL_MTJ,,PWL,MTJ,47.083,101.083,CRUISING,,,,,71.99,,,GREEN,LOW,False,,False,,JRN_AGRA_01,0.2483,0.0,0.95,0.4541,1.0,NONE,NONE,,18.6,39.9,10:09:30,30.0,BASELINE_HISTORICAL_CALIBRATION,49.5,19.0
OBS_000241,10:10:00,7200.0,12050,ROUTE_NDLS_AGC_01,SYNTHETIC_SIMULATOR,OK,27.861366,77.477028,95.183,152.0,42.22,152.0,0.0,1485.6,160.0,,855.71,SEC_PWL_MTJ,,PWL,MTJ,45.817,99.817,CRUISING,,,,,71.84,,,GREEN,LOW,False,,False,,JRN_AGRA_01,0.2483,0.0,0.95,0.4541,1.0,NONE,NONE,,18.1,39.4,10:10:00,30.0,BASELINE_HISTORICAL_CALIBRATION,49.0,18.5
OBS_000242,10:10:30,7230.0,12050,ROUTE_NDLS_AGC_01,SYNTHETIC_SIMULATOR,OK,27.851165,77.482465,96.45,152.0,42.22,152.0,0.0,1485.6,160.0,,844.12,SEC_PWL_MTJ,,PWL,MTJ,44.55,98.55,CRUISING,,,,,71.69,,,GREEN,LOW,False,,False,,JRN_AGRA_01,0.2483,0.0,0.95,0.4541,1.0,NONE,NONE,,17.6,38.9,10:10:30,30.0,BASELINE_HISTORICAL_CALIBRATION,48.5,18.0
OBS_000243,10:11:00,7260.0,12050,ROUTE_NDLS_AGC_01,SYNTHETIC_SIMULATOR,OK,27.840964,77.487902,97.717,152.0,42.22,152.0,0.0,1485.6,160.0,,832.37,SEC_PWL_MTJ,,PWL,MTJ,43.283,97.283,CRUISING,,,,,71.54,,,GREEN,LOW,False,,False,,JRN_AGRA_01,0.2483,0.0,0.95,0.4541,1.0,NONE,NONE,,17.1,38.4,10:11:00,30.0,BASELINE_HISTORICAL_CALIBRATION,48.0,17.5
OBS_000244,10:11:30,7290.0,12050,ROUTE_NDLS_AGC_01,SYNTHETIC_SIMULATOR,OK,27.830764,77.49334,98.983,152.0,42.22,152.0,0.0,1485.6,160.0,,820.45,SEC_PWL_MTJ,,PWL,MTJ,42.017,96.017,CRUISING,,,,,71.39,,,GREEN,LOW,False,,False,,JRN_AGRA_01,0.2483,0.0,0.95,0.4541,1.0,NONE,NONE,,16.6,37.9,10:11:30,30.0,BASELINE_HISTORICAL_CALIBRATION,47.5,17.0
OBS_000245,10:12:00,7320.0,12050,ROUTE_NDLS_AGC_01,SYNTHETIC_SIMULATOR,OK,27.820563,77.498777,100.25,152.0,42.22,152.0,0.0,1485.6,160.0,,808.36,SEC_PWL_MTJ,,PWL,MTJ,40.75,94.75,CRUISING,,,,,71.24,,,GREEN,LOW,False,,False,,JRN_AGRA_01,0.2483,0.0,0.95,0.4541,1.0,NONE,NONE,,16.1,37.4,10:12:00,30.0,BASELINE_HISTORICAL_CALIBRATION,47.0,16.5
OBS_000246,10:12:30,7350.0,12050,ROUTE_NDLS_AGC_01,SYNTHETIC_SIMULATOR,OK,27.810363,77.504214,101.517,152.0,42.22,152.0,0.0,1485.6,160.0,,796.08,SEC_PWL_MTJ,,PWL,MTJ,39.483,93.483,CRUISING,,,,,71.09,,,GREEN,LOW,False,,False,,JRN_AGRA_01,0.2483,0.0,0.95,0.4541,1.0,NONE,NONE,,15.6,36.9,10:12:30,30.0,BASELINE_HISTORICAL_CALIBRATION,46.5,16.0
OBS_000247,10:13:00,7380.0,12050,ROUTE_NDLS_AGC_01,SYNTHETIC_SIMULATOR,OK,27.800162,77.509651,102.783,152.0,42.22,152.0,0.0,1485.6,160.0,,783.61,SEC_PWL_MTJ,,PWL,MTJ,38.217,92.217,CRUISING,,,,,70.94,,,GREEN,LOW,False,,False,,JRN_AGRA_01,0.2483,0.0,0.95,0.4541,1.0,NONE,NONE,,15.1,36.4,10:13:00,30.0,BASELINE_HISTORICAL_CALIBRATION,46.0,15.5
OBS_000248,10:13:30,7410.0,12050,ROUTE_NDLS_AGC_01,SYNTHETIC_SIMULATOR,OK,27.789962,77.515089,104.05,152.0,42.22,152.0,0.0,1485.6,160.0,,770.94,SEC_PWL_MTJ,,PWL,MTJ,36.95,90.95,CRUISING,,,,,70.79,,,GREEN,LOW,False,,False,,JRN_AGRA_01,0.2483,0.0,0.95,0.4541,1.0,NONE,NONE,,14.6,35.9,10:13:30,30.0,BASELINE_HISTORICAL_CALIBRATION,45.5,15.0
OBS_000249,10:14:00,7440.0,12050,ROUTE_NDLS_AGC_01,SYNTHETIC_SIMULATOR,OK,27.779761,77.520526,105.317,152.0,42.22,152.0,0.0,1485.6,160.0,,758.05,SEC_PWL_MTJ,,PWL,MTJ,35.683,89.683,CRUISING,,,,,70.64,,,GREEN,LOW,False,,False,,JRN_AGRA_01,0.2483,0.0,0.95,0.4541,1.0,NONE,NONE,,14.1,35.4,10:14:00,30.0,BASELINE_HISTORICAL_CALIBRATION,45.0,14.5
OBS_000250,10:14:30,7470.0,12050,ROUTE_NDLS_AGC_01,SYNTHETIC_SIMULATOR,OK,27.76956,77.525963,106.583,152.0,42.22,152.0,0.0,1485.6,160.0,,744.95,SEC_PWL_MTJ,,PWL,MTJ,34.417,88.417,CRUISING,,,,,70.49,,,GREEN,LOW,False,,False,,JRN_AGRA_01,0.2483,0.0,0.95,0.4541,1.0,NONE,NONE,,13.6,34.9,10:14:30,30.0,BASELINE_HISTORICAL_CALIBRATION,44.5,14.0
OBS_000251,10:15:00,7500.0,12050,ROUTE_NDLS_AGC_01,SYNTHETIC_SIMULATOR,OK,27.75936,77.531401,107.85,152.0,42.22,152.0,0.0,1485.6,160.0,,731.61,SEC_PWL_MTJ,,PWL,MTJ,33.15,87.15,CRUISING,,,,,70.34,,,GREEN,LOW,False,,False,,JRN_AGRA_01,0.2483,0.0,0.95,0.4541,1.0,NONE,NONE,,13.1,34.4,10:15:00,30.0,BASELINE_HISTORICAL_CALIBRATION,44.0,13.5
OBS_000252,10:15:30,7530.0,12050,ROUTE_NDLS_AGC_01,SYNTHETIC_SIMULATOR,OK,27.749159,77.536838,109.117,152.0,42.22,152.0,0.0,1485.6,160.0,,718.02,SEC_PWL_MTJ,,PWL,MTJ,31.883,85.883,CRUISING,,,,,70.19,,,GREEN,LOW,False,,False,,JRN_AGRA_01,0.2483,0.0,0.95,0.4541,1.0,NONE,NONE,,12.6,33.9,10:15:30,30.0,BASELINE_HISTORICAL_CALIBRATION,43.5,13.0
OBS_000253,10:16:00,7560.0,12050,ROUTE_NDLS_AGC_01,SYNTHETIC_SIMULATOR,OK,27.738959,77.542275,110.383,152.0,42.22,152.0,0.0,1485.6,160.0,,704.17,SEC_PWL_MTJ,,PWL,MTJ,30.617,84.617,CRUISING,,,,,70.04,,,GREEN,LOW,False,,False,,JRN_AGRA_01,0.2483,0.0,0.95,0.4541,1.0,NONE,NONE,,12.1,33.4,10:16:00,30.0,BASELINE_HISTORICAL_CALIBRATION,43.0,12.5
OBS_000254,10:16:30,7590.0,12050,ROUTE_NDLS_AGC_01,SYNTHETIC_SIMULATOR,OK,27.728758,77.547712,111.65,152.0,42.22,152.0,0.0,1485.6,160.0,,690.04,SEC_PWL_MTJ,,PWL,MTJ,29.35,83.35,CRUISING,,,,,69.89,,,GREEN,LOW,False,,False,,JRN_AGRA_01,0.2483,0.0,0.95,0.4541,1.0,NONE,NONE,,11.6,32.9,10:16:30,30.0,BASELINE_HISTORICAL_CALIBRATION,42.5,12.0
OBS_000255,10:17:00,7620.0,12050,ROUTE_NDLS_AGC_01,SYNTHETIC_SIMULATOR,OK,27.718558,77.55315,112.917,152.0,42.22,152.0,0.0,1485.6,160.0,,675.61,SEC_PWL_MTJ,,PWL,MTJ,28.083,82.083,CRUISING,,,,,69.74,,,GREEN,LOW,False,,False,,JRN_AGRA_01,0.2483,0.0,0.95,0.4541,1.0,NONE,NONE,,11.1,32.4,10:17:00,30.0,BASELINE_HISTORICAL_CALIBRATION,42.0,11.5
OBS_000256,10:17:30,7650.0,12050,ROUTE_NDLS_AGC_01,SYNTHETIC_SIMULATOR,OK,27.708357,77.558587,114.183,152.0,42.22,152.0,0.0,1485.6,160.0,,660.87,SEC_PWL_MTJ,,PWL,MTJ,26.817,80.817,CRUISING,,,,,69.59,,,GREEN,LOW,False,,False,,JRN_AGRA_01,0.2483,0.0,0.95,0.4541,1.0,NONE,NONE,,10.6,31.9,10:17:30,30.0,BASELINE_HISTORICAL_CALIBRATION,41.5,11.0
OBS_000257,10:18:00,7680.0,12050,ROUTE_NDLS_AGC_01,SYNTHETIC_SIMULATOR,OK,27.698156,77.564024,115.45,152.0,42.22,152.0,0.0,1485.6,160.0,,645.8,SEC_PWL_MTJ,,PWL,MTJ,25.55,79.55,CRUISING,,,,,69.44,,,GREEN,LOW,False,,False,,JRN_AGRA_01,0.2483,0.0,0.95,0.4541,1.0,NONE,NONE,,10.1,31.4,10:18:00,30.0,BASELINE_HISTORICAL_CALIBRATION,41.0,10.5
OBS_000258,10:18:30,7710.0,12050,ROUTE_NDLS_AGC_01,SYNTHETIC_SIMULATOR,OK,27.687956,77.569462,116.717,152.0,42.22,152.0,0.0,1485.6,160.0,,630.36,SEC_PWL_MTJ,,PWL,MTJ,24.283,78.283,CRUISING,,,,,69.29,,,GREEN,LOW,False,,False,,JRN_AGRA_01,0.2483,0.0,0.95,0.4541,1.0,NONE,NONE,,9.6,30.9,10:18:30,30.0,BASELINE_HISTORICAL_CALIBRATION,40.5,10.0
OBS_000259,10:19:00,7740.0,12050,ROUTE_NDLS_AGC_01,SYNTHETIC_SIMULATOR,OK,27.677755,77.574899,117.983,152.0,42.22,152.0,0.0,1485.6,160.0,,614.54,SEC_PWL_MTJ,,PWL,MTJ,23.017,77.017,CRUISING,,,,,69.15,,,GREEN,LOW,False,,False,,JRN_AGRA_01,0.2483,0.0,0.95,0.4541,1.0,NONE,NONE,,9.1,30.4,10:19:00,30.0,BASELINE_HISTORICAL_CALIBRATION,40.0,9.5
OBS_000260,10:19:30,7770.0,12050,ROUTE_NDLS_AGC_01,SYNTHETIC_SIMULATOR,OK,27.667555,77.580336,119.25,152.0,42.22,152.0,0.0,1485.6,160.0,,598.29,SEC_PWL_MTJ,,PWL,MTJ,21.75,75.75,CRUISING,,,,,69.0,,,GREEN,LOW,False,,False,,JRN_AGRA_01,0.2483,0.0,0.95,0.4541,1.0,NONE,NONE,,8.6,29.9,10:19:30,30.0,BASELINE_HISTORICAL_CALIBRATION,39.5,9.0
OBS_000261,10:20:00,7800.0,12050,ROUTE_NDLS_AGC_01,SYNTHETIC_SIMULATOR,OK,27.657354,77.585773,120.517,152.0,42.22,152.0,0.0,1485.6,160.0,,581.6,SEC_PWL_MTJ,,PWL,MTJ,20.483,74.483,CRUISING,,,,,68.85,,,GREEN,LOW,False,,False,,JRN_AGRA_01,0.2483,0.0,0.95,0.4541,1.0,NONE,NONE,,8.1,29.4,10:20:00,30.0,BASELINE_HISTORICAL_CALIBRATION,39.0,8.5
OBS_000262,10:20:30,7830.0,12050,ROUTE_NDLS_AGC_01,SYNTHETIC_SIMULATOR,OK,27.647153,77.591211,121.783,152.0,42.22,152.0,0.0,1485.6,160.0,,564.41,SEC_PWL_MTJ,,PWL,MTJ,19.217,73.217,CRUISING,,,,,68.7,,,GREEN,LOW,False,,False,,JRN_AGRA_01,0.2483,0.0,0.95,0.4541,1.0,NONE,NONE,,7.6,28.9,10:20:30,30.0,BASELINE_HISTORICAL_CALIBRATION,38.5,8.0
OBS_000263,10:21:00,7860.0,12050,ROUTE_NDLS_AGC_01,SYNTHETIC_SIMULATOR,OK,27.636953,77.596648,123.05,152.0,42.22,152.0,0.0,1485.6,160.0,,546.68,SEC_PWL_MTJ,,PWL,MTJ,17.95,71.95,CRUISING,,,,,68.55,,,GREEN,LOW,False,,False,,JRN_AGRA_01,0.2483,0.0,0.95,0.4541,1.0,NONE,NONE,,7.1,28.4,10:21:00,30.0,BASELINE_HISTORICAL_CALIBRATION,38.0,7.5
OBS_000264,10:21:30,7890.0,12050,ROUTE_NDLS_AGC_01,SYNTHETIC_SIMULATOR,OK,27.626752,77.602085,124.317,152.0,42.22,152.0,0.0,1485.6,160.0,,528.35,SEC_PWL_MTJ,,PWL,MTJ,16.683,70.683,CRUISING,,,,,68.4,,,GREEN,LOW,False,,False,,JRN_AGRA_01,0.2483,0.0,0.95,0.4541,1.0,NONE,NONE,,6.6,27.9,10:21:30,30.0,BASELINE_HISTORICAL_CALIBRATION,37.5,7.0
OBS_000265,10:22:00,7920.0,12050,ROUTE_NDLS_AGC_01,SYNTHETIC_SIMULATOR,OK,27.616552,77.607523,125.583,152.0,42.22,152.0,0.0,1485.6,160.0,,509.37,SEC_PWL_MTJ,,PWL,MTJ,15.417,69.417,CRUISING,,,,,68.25,,,GREEN,LOW,False,,False,,JRN_AGRA_01,0.2483,0.0,0.95,0.4541,1.0,NONE,NONE,,6.1,27.4,10:22:00,30.0,BASELINE_HISTORICAL_CALIBRATION,37.0,6.5
OBS_000266,10:22:30,7950.0,12050,ROUTE_NDLS_AGC_01,SYNTHETIC_SIMULATOR,OK,27.606351,77.61296,126.85,152.0,42.22,152.0,0.0,1485.6,160.0,,489.65,SEC_PWL_MTJ,,PWL,MTJ,14.15,68.15,CRUISING,,,,,68.1,,,GREEN,LOW,False,,False,,JRN_AGRA_01,0.2483,0.0,0.95,0.4541,1.0,NONE,NONE,,5.6,26.9,10:22:30,30.0,BASELINE_HISTORICAL_CALIBRATION,36.5,6.0
OBS_000267,10:23:00,7980.0,12050,ROUTE_NDLS_AGC_01,SYNTHETIC_SIMULATOR,OK,27.596151,77.618397,128.117,152.0,42.22,152.0,0.0,1485.6,160.0,,469.11,SEC_PWL_MTJ,,PWL,MTJ,12.883,66.883,CRUISING,,,,,67.95,,,GREEN,LOW,False,,False,,JRN_AGRA_01,0.2483,0.0,0.95,0.4541,1.0,NONE,NONE,,5.1,26.4,10:23:00,30.0,BASELINE_HISTORICAL_CALIBRATION,36.0,5.5
OBS_000268,10:23:30,8010.0,12050,ROUTE_NDLS_AGC_01,SYNTHETIC_SIMULATOR,OK,27.58595,77.623834,129.383,152.0,42.22,152.0,0.0,1485.6,160.0,,447.62,SEC_PWL_MTJ,,PWL,MTJ,11.617,65.617,CRUISING,,,,,67.8,,,GREEN,LOW,False,,False,,JRN_AGRA_01,0.2483,0.0,0.95,0.4541,1.0,NONE,NONE,,4.6,25.9,10:23:30,30.0,BASELINE_HISTORICAL_CALIBRATION,35.5,5.0
OBS_000269,10:24:00,8040.0,12050,ROUTE_NDLS_AGC_01,SYNTHETIC_SIMULATOR,OK,27.575749,77.629272,130.65,152.0,42.22,152.0,0.0,1485.6,160.0,,425.04,SEC_PWL_MTJ,,PWL,MTJ,10.35,64.35,CRUISING,,,,,67.65,,,GREEN,LOW,False,,False,,JRN_AGRA_01,0.2483,0.0,0.95,0.4541,1.0,NONE,NONE,,4.1,25.4,10:24:00,30.0,BASELINE_HISTORICAL_CALIBRATION,35.0,4.5
OBS_000270,10:24:30,8070.0,12050,ROUTE_NDLS_AGC_01,SYNTHETIC_SIMULATOR,OK,27.565549,77.634709,131.917,152.0,42.22,152.0,0.0,1485.6,160.0,,401.2,SEC_PWL_MTJ,,PWL,MTJ,9.083,63.083,CRUISING,,,,,67.5,,,GREEN,LOW,False,,False,,JRN_AGRA_01,0.2483,0.0,0.95,0.4541,1.0,NONE,NONE,,3.6,24.9,10:24:30,30.0,BASELINE_HISTORICAL_CALIBRATION,34.5,4.0
OBS_000271,10:25:00,8100.0,12050,ROUTE_NDLS_AGC_01,SYNTHETIC_SIMULATOR,OK,27.555348,77.640146,133.183,152.0,42.22,152.0,0.0,1485.6,160.0,,375.85,SEC_PWL_MTJ,,PWL,MTJ,7.817,61.817,CRUISING,,,,,67.35,,,GREEN,LOW,False,,False,,JRN_AGRA_01,0.2483,0.0,0.95,0.4541,1.0,NONE,NONE,,3.1,24.4,10:25:00,30.0,BASELINE_HISTORICAL_CALIBRATION,34.0,3.5
OBS_000272,10:25:30,8130.0,12050,ROUTE_NDLS_AGC_01,SYNTHETIC_SIMULATOR,OK,27.545148,77.645584,134.45,152.0,42.22,152.0,0.0,1485.6,160.0,,348.66,SEC_PWL_MTJ,,PWL,MTJ,6.55,60.55,CRUISING,,,,,67.2,,,GREEN,LOW,False,,False,,JRN_AGRA_01,0.2483,0.0,0.95,0.4541,1.0,NONE,NONE,,2.6,23.9,10:25:30,30.0,BASELINE_HISTORICAL_CALIBRATION,33.5,3.0
OBS_000273,10:26:00,8160.0,12050,ROUTE_NDLS_AGC_01,SYNTHETIC_SIMULATOR,OK,27.534947,77.651021,135.717,152.0,42.22,152.0,0.0,1485.6,160.0,,319.16,SEC_PWL_MTJ,,PWL,MTJ,5.283,59.283,CRUISING,,,,,67.05,,,GREEN,LOW,False,,False,,JRN_AGRA_01,0.2483,0.0,0.95,0.4541,1.0,NONE,NONE,,2.1,23.4,10:26:00,30.0,BASELINE_HISTORICAL_CALIBRATION,33.0,2.5
OBS_000274,10:26:30,8190.0,12050,ROUTE_NDLS_AGC_01,SYNTHETIC_SIMULATOR,OK,27.524747,77.656458,136.983,152.0,42.22,152.0,0.0,1485.6,160.0,,286.65,SEC_PWL_MTJ,,PWL,MTJ,4.017,58.017,CRUISING,,,,,66.9,,,GREEN,LOW,False,,False,,JRN_AGRA_01,0.2483,0.0,0.95,0.4541,1.0,NONE,NONE,,1.6,22.9,10:26:30,30.0,BASELINE_HISTORICAL_CALIBRATION,32.5,2.0
OBS_000275,10:27:00,8220.0,12050,ROUTE_NDLS_AGC_01,SYNTHETIC_SIMULATOR,OK,27.514546,77.661895,138.25,152.0,42.22,152.0,0.0,1485.6,160.0,,249.93,SEC_PWL_MTJ,,PWL,MTJ,2.75,56.75,CRUISING,,,,,66.75,,,GREEN,LOW,False,,False,,JRN_AGRA_01,0.2483,0.0,0.95,0.4541,1.0,NONE,NONE,,1.1,22.4,10:27:00,30.0,BASELINE_HISTORICAL_CALIBRATION,32.0,1.5
OBS_000276,10:27:30,8250.0,12050,ROUTE_NDLS_AGC_01,SYNTHETIC_SIMULATOR,OK,27.504345,77.667333,139.517,152.0,42.22,152.0,0.0,1485.6,160.0,,206.8,SEC_PWL_MTJ,,PWL,MTJ,1.483,55.483,CRUISING,,,,,66.6,,,GREEN,LOW,False,,False,,JRN_AGRA_01,0.2483,0.0,0.95,0.4541,1.0,NONE,NONE,,0.6,21.9,10:27:30,30.0,BASELINE_HISTORICAL_CALIBRATION,31.5,1.0
OBS_000277,10:28:00,8280.0,12050,ROUTE_NDLS_AGC_01,SYNTHETIC_SIMULATOR,OK,27.494145,77.67277,140.783,152.0,42.22,151.88,0.0,1485.6,160.0,,151.88,SEC_PWL_MTJ,,PWL,MTJ,0.217,54.217,CRUISING,,,,,66.45,,,GREEN,LOW,False,,False,,JRN_AGRA_01,0.2483,0.0,0.95,0.4541,1.0,NONE,NONE,,0.1,21.4,10:28:00,30.0,BASELINE_HISTORICAL_CALIBRATION,31.0,0.5
OBS_000278,10:28:30,8310.0,12050,ROUTE_NDLS_AGC_01,SYNTHETIC_SIMULATOR,OK,27.4924,77.6737,141.0,0.0,0.0,58.05,0.0,0.0,160.0,,58.05,SEC_PWL_MTJ,MTJ,MTJ,RKM,50.0,54.0,DWELLING,ARRIVED,10:28:30,,,66.3,,,GREEN,LOW,False,,False,,JRN_AGRA_01,0.2483,0.0,0.95,0.4541,1.0,NONE,NONE,,120.0,129.6,10:28:30,30.0,BASELINE_HISTORICAL_CALIBRATION,30.5,26.5
OBS_000279,10:29:00,8340.0,12050,ROUTE_NDLS_AGC_01,SYNTHETIC_SIMULATOR,OK,27.4924,77.6737,141.0,0.0,0.0,0.0,0.0,0.0,130.0,,0.0,SEC_MTJ_RKM,MTJ,MTJ,RKM,50.0,54.0,DWELLING,,,,,66.69,,,GREEN,LOW,False,,False,,JRN_AGRA_01,0.2483,0.0,0.95,0.4541,1.0,NONE,NONE,,120.0,129.6,10:29:00,30.0,BASELINE_HISTORICAL_CALIBRATION,30.0,26.0
OBS_000280,10:29:30,8370.0,12050,ROUTE_NDLS_AGC_01,SYNTHETIC_SIMULATOR,OK,27.4924,77.6737,141.0,0.0,0.0,0.0,0.0,0.0,130.0,,0.0,SEC_MTJ_RKM,MTJ,MTJ,RKM,50.0,54.0,DWELLING,,,,,67.19,,,GREEN,LOW,False,,False,,JRN_AGRA_01,0.2483,0.0,0.95,0.4541,1.0,NONE,NONE,,120.0,129.6,10:29:30,30.0,BASELINE_HISTORICAL_CALIBRATION,29.5,25.5
OBS_000281,10:30:00,8400.0,12050,ROUTE_NDLS_AGC_01,SYNTHETIC_SIMULATOR,OK,27.4924,77.6737,141.0,0.0,0.0,0.0,0.0,0.0,130.0,,0.0,SEC_MTJ_RKM,MTJ,MTJ,RKM,50.0,54.0,DWELLING,,,,,67.69,,,GREEN,LOW,False,,False,,JRN_AGRA_01,0.2483,0.0,0.95,0.4541,1.0,NONE,NONE,,120.0,129.6,10:30:00,30.0,BASELINE_HISTORICAL_CALIBRATION,29.0,25.0
OBS_000282,10:30:30,8430.0,12050,ROUTE_NDLS_AGC_01,SYNTHETIC_SIMULATOR,OK,27.4924,77.6737,141.675,54.0,15.0,123.5,0.5,187.5,130.0,,881.82,SEC_MTJ_RKM,MTJ,MTJ,RKM,49.325,53.325,ACCELERATING,DEPARTED,,10:30:30,2,68.19,,,GREEN,LOW,False,,False,,JRN_AGRA_01,0.2483,0.0,0.95,0.4541,1.0,NONE,NONE,,54.8,59.2,10:30:30,30.0,BASELINE_HISTORICAL_CALIBRATION,28.5,24.5
OBS_000283,10:31:00,8460.0,12050,ROUTE_NDLS_AGC_01,SYNTHETIC_SIMULATOR,OK,27.481884,77.685245,142.8,108.0,30.0,123.5,0.5,750.0,130.0,,875.84,SEC_MTJ_RKM,,MTJ,RKM,48.2,52.2,ACCELERATING,,,,,68.35,,,GREEN,LOW,False,,False,,JRN_AGRA_01,0.2483,0.0,0.95,0.4541,1.0,NONE,NONE,,26.8,29.0,10:31:00,30.0,BASELINE_HISTORICAL_CALIBRATION,28.0,24.0
OBS_000284,10:31:30,8490.0,12050,ROUTE_NDLS_AGC_01,SYNTHETIC_SIMULATOR,OK,27.474558,77.693289,144.054,123.5,34.31,123.5,0.5,980.7,130.0,,865.8,SEC_MTJ_RKM,,MTJ,RKM,46.946,50.946,ACCELERATING,,,,,68.27,,,GREEN,LOW,False,,False,,JRN_AGRA_01,0.2483,0.0,0.95,0.4541,1.0,NONE,NONE,,22.8,24.8,10:31:30,30.0,BASELINE_HISTORICAL_CALIBRATION,27.5,23.5
OBS_000285,10:32:00,8520.0,12050,ROUTE_NDLS_AGC_01,SYNTHETIC_SIMULATOR,OK,27.468545,77.69989,145.083,123.5,34.31,123.5,0.0,980.7,130.0,,854.46,SEC_MTJ_RKM,,MTJ,RKM,45.917,49.917,CRUISING,,,,,68.13,,,GREEN,LOW,False,,False,,JRN_AGRA_01,0.2483,0.0,0.95,0.4541,1.0,NONE,NONE,,22.3,24.3,10:32:00,30.0,BASELINE_HISTORICAL_CALIBRATION,27.0,23.0
OBS_000286,10:32:30,8550.0,12050,ROUTE_NDLS_AGC_01,SYNTHETIC_SIMULATOR,OK,27.462533,77.706492,146.112,123.5,34.31,123.5,0.0,980.7,130.0,,845.04,SEC_MTJ_RKM,,MTJ,RKM,44.888,48.888,CRUISING,,,,,68.1,,,GREEN,LOW,False,,False,,JRN_AGRA_01,0.2483,0.0,0.95,0.4541,1.0,NONE,NONE,,21.8,23.8,10:32:30,30.0,BASELINE_HISTORICAL_CALIBRATION,26.5,22.5
OBS_000287,10:33:00,8580.0,12050,ROUTE_NDLS_AGC_01,SYNTHETIC_SIMULATOR,OK,27.45652,77.713093,147.142,123.5,34.31,123.5,0.0,980.7,130.0,,835.52,SEC_MTJ_RKM,,MTJ,RKM,43.858,47.858,CRUISING,,,,,68.07,,,GREEN,LOW,False,,False,,JRN_AGRA_01,0.2483,0.0,0.95,0.4541,1.0,NONE,NONE,,21.3,23.3,10:33:00,30.0,BASELINE_HISTORICAL_CALIBRATION,26.0,22.0
OBS_000288,10:33:30,8610.0,12050,ROUTE_NDLS_AGC_01,SYNTHETIC_SIMULATOR,OK,27.450508,77.719694,148.171,123.5,34.31,123.5,0.0,980.7,130.0,,825.88,SEC_MTJ_RKM,,MTJ,RKM,42.829,46.829,CRUISING,,,,,68.04,,,GREEN,LOW,False,,False,,JRN_AGRA_01,0.2483,0.0,0.95,0.4541,1.0,NONE,NONE,,20.8,22.8,10:33:30,30.0,BASELINE_HISTORICAL_CALIBRATION,25.5,21.5
OBS_000289,10:34:00,8640.0,12050,ROUTE_NDLS_AGC_01,SYNTHETIC_SIMULATOR,OK,27.444496,77.726295,149.2,123.5,34.31,123.5,0.0,980.7,130.0,,816.14,SEC_MTJ_RKM,,MTJ,RKM,41.8,45.8,CRUISING,,,,,68.01,,,GREEN,LOW,False,,False,,JRN_AGRA_01,0.2483,0.0,0.95,0.4541,1.0,NONE,NONE,,20.3,22.3,10:34:00,30.0,BASELINE_HISTORICAL_CALIBRATION,25.0,21.0
OBS_000290,10:34:30,8670.0,12050,ROUTE_NDLS_AGC_01,SYNTHETIC_SIMULATOR,OK,27.438483,77.732896,150.229,123.5,34.31,123.5,0.0,980.7,130.0,,806.27,SEC_MTJ_RKM,,MTJ,RKM,40.771,44.771,CRUISING,,,,,67.99,,,GREEN,LOW,False,,False,,JRN_AGRA_01,0.2483,0.0,0.95,0.4541,1.0,NONE,NONE,,19.8,21.8,10:34:30,30.0,BASELINE_HISTORICAL_CALIBRATION,24.5,20.5
OBS_000291,10:35:00,8700.0,12050,ROUTE_NDLS_AGC_01,SYNTHETIC_SIMULATOR,OK,27.432471,77.739497,151.258,123.5,34.31,123.5,0.0,980.7,130.0,,796.28,SEC_MTJ_RKM,,MTJ,RKM,39.742,43.742,CRUISING,,,,,67.96,,,GREEN,LOW,False,,False,,JRN_AGRA_01,0.2483,0.0,0.95,0.4541,1.0,NONE,NONE,,19.3,21.3,10:35:00,30.0,BASELINE_HISTORICAL_CALIBRATION,24.0,20.0
OBS_000292,10:35:30,8730.0,12050,ROUTE_NDLS_AGC_01,SYNTHETIC_SIMULATOR,OK,27.426458,77.746098,152.287,123.5,34.31,123.5,0.0,980.7,130.0,,786.17,SEC_MTJ_RKM,,MTJ,RKM,38.713,42.713,CRUISING,,,,,67.93,,,GREEN,LOW,False,,False,,JRN_AGRA_01,0.2483,0.0,0.95,0.4541,1.0,NONE,NONE,,18.8,20.8,10:35:30,30.0,BASELINE_HISTORICAL_CALIBRATION,23.5,19.5
OBS_000293,10:36:00,8760.0,12050,ROUTE_NDLS_AGC_01,SYNTHETIC_SIMULATOR,OK,27.420446,77.752699,153.317,123.5,34.31,123.5,0.0,980.7,130.0,,775.92,SEC_MTJ_RKM,,MTJ,RKM,37.683,41.683,CRUISING,,,,,67.9,,,GREEN,LOW,False,,False,,JRN_AGRA_01,0.2483,0.0,0.95,0.4541,1.0,NONE,NONE,,18.3,20.3,10:36:00,30.0,BASELINE_HISTORICAL_CALIBRATION,23.0,19.0
OBS_000294,10:36:30,8790.0,12050,ROUTE_NDLS_AGC_01,SYNTHETIC_SIMULATOR,OK,27.414434,77.7593,154.346,123.5,34.31,123.5,0.0,980.7,130.0,,765.54,SEC_MTJ_RKM,,MTJ,RKM,36.654,40.654,CRUISING,,,,,67.88,,,GREEN,LOW,False,,False,,JRN_AGRA_01,0.2483,0.0,0.95,0.4541,1.0,NONE,NONE,,17.8,19.8,10:36:30,30.0,BASELINE_HISTORICAL_CALIBRATION,22.5,18.5
OBS_000295,10:37:00,8820.0,12050,ROUTE_NDLS_AGC_01,SYNTHETIC_SIMULATOR,OK,27.408421,77.765901,155.375,123.5,34.31,123.5,0.0,980.7,130.0,,755.01,SEC_MTJ_RKM,,MTJ,RKM,35.625,39.625,CRUISING,,,,,67.85,,,GREEN,LOW,False,,False,,JRN_AGRA_01,0.2483,0.0,0.95,0.4541,1.0,NONE,NONE,,17.3,19.3,10:37:00,30.0,BASELINE_HISTORICAL_CALIBRATION,22.0,18.0
OBS_000296,10:37:30,8850.0,12050,ROUTE_NDLS_AGC_01,SYNTHETIC_SIMULATOR,OK,27.402409,77.772502,156.404,123.5,34.31,123.5,0.0,980.7,130.0,,744.34,SEC_MTJ_RKM,,MTJ,RKM,34.596,38.596,CRUISING,,,,,67.82,,,GREEN,LOW,False,,False,,JRN_AGRA_01,0.2483,0.0,0.95,0.4541,1.0,NONE,NONE,,16.8,18.8,10:37:30,30.0,BASELINE_HISTORICAL_CALIBRATION,21.5,17.5
OBS_000297,10:38:00,8880.0,12050,ROUTE_NDLS_AGC_01,SYNTHETIC_SIMULATOR,OK,27.396396,77.779103,157.433,123.5,34.31,123.5,0.0,980.7,130.0,,733.51,SEC_MTJ_RKM,,MTJ,RKM,33.567,37.567,CRUISING,,,,,67.79,,,GREEN,LOW,False,,False,,JRN_AGRA_01,0.2483,0.0,0.95,0.4541,1.0,NONE,NONE,,16.3,18.3,10:38:00,30.0,BASELINE_HISTORICAL_CALIBRATION,21.0,17.0
OBS_000298,10:38:30,8910.0,12050,ROUTE_NDLS_AGC_01,SYNTHETIC_SIMULATOR,OK,27.390384,77.785704,158.462,123.5,34.31,123.5,0.0,980.7,130.0,,722.52,SEC_MTJ_RKM,,MTJ,RKM,32.538,36.538,CRUISING,,,,,67.76,,,GREEN,LOW,False,,False,,JRN_AGRA_01,0.2483,0.0,0.95,0.4541,1.0,NONE,NONE,,15.8,17.8,10:38:30,30.0,BASELINE_HISTORICAL_CALIBRATION,20.5,16.5
OBS_000299,10:39:00,8940.0,12050,ROUTE_NDLS_AGC_01,SYNTHETIC_SIMULATOR,OK,27.384372,77.792306,159.492,123.5,34.31,123.5,0.0,980.7,130.0,,711.35,SEC_MTJ_RKM,,MTJ,RKM,31.508,35.508,CRUISING,,,,,67.74,,,GREEN,LOW,False,,False,,JRN_AGRA_01,0.2483,0.0,0.95,0.4541,1.0,NONE,NONE,,15.3,17.3,10:39:00,30.0,BASELINE_HISTORICAL_CALIBRATION,20.0,16.0
OBS_000300,10:39:30,8970.0,12050,ROUTE_NDLS_AGC_01,SYNTHETIC_SIMULATOR,OK,27.378359,77.798907,160.521,123.5,34.31,123.5,0.0,980.7,130.0,,700.01,SEC_MTJ_RKM,,MTJ,RKM,30.479,34.479,CRUISING,,,,,67.71,,,GREEN,LOW,False,,False,,JRN_AGRA_01,0.2483,0.0,0.95,0.4541,1.0,NONE,NONE,,14.8,16.8,10:39:30,30.0,BASELINE_HISTORICAL_CALIBRATION,19.5,15.5
OBS_000301,10:40:00,9000.0,12050,ROUTE_NDLS_AGC_01,SYNTHETIC_SIMULATOR,OK,27.372347,77.805508,161.55,123.5,34.31,123.5,0.0,980.7,130.0,,688.49,SEC_MTJ_RKM,,MTJ,RKM,29.45,33.45,CRUISING,,,,,67.68,,,GREEN,LOW,False,,False,,JRN_AGRA_01,0.2483,0.0,0.95,0.4541,1.0,NONE,NONE,,14.3,16.3,10:40:00,30.0,BASELINE_HISTORICAL_CALIBRATION,19.0,15.0
OBS_000302,10:40:30,9030.0,12050,ROUTE_NDLS_AGC_01,SYNTHETIC_SIMULATOR,OK,27.366335,77.812109,162.579,123.5,34.31,123.5,0.0,980.7,130.0,,676.76,SEC_MTJ_RKM,,MTJ,RKM,28.421,32.421,CRUISING,,,,,67.65,,,GREEN,LOW,False,,False,,JRN_AGRA_01,0.2483,0.0,0.95,0.4541,1.0,NONE,NONE,,13.8,15.8,10:40:30,30.0,BASELINE_HISTORICAL_CALIBRATION,18.5,14.5
OBS_000303,10:41:00,9060.0,12050,ROUTE_NDLS_AGC_01,SYNTHETIC_SIMULATOR,OK,27.360322,77.81871,163.608,123.5,34.31,123.5,0.0,980.7,130.0,,664.83,SEC_MTJ_RKM,,MTJ,RKM,27.392,31.392,CRUISING,,,,,67.63,,,GREEN,LOW,False,,False,,JRN_AGRA_01,0.2483,0.0,0.95,0.4541,1.0,NONE,NONE,,13.3,15.3,10:41:00,30.0,BASELINE_HISTORICAL_CALIBRATION,18.0,14.0
OBS_000304,10:41:30,9090.0,12050,ROUTE_NDLS_AGC_01,SYNTHETIC_SIMULATOR,OK,27.35431,77.825311,164.637,123.5,34.31,123.5,0.0,980.7,130.0,,652.68,SEC_MTJ_RKM,,MTJ,RKM,26.363,30.363,CRUISING,,,,,67.6,,,GREEN,LOW,False,,False,,JRN_AGRA_01,0.2483,0.0,0.95,0.4541,1.0,NONE,NONE,,12.8,14.8,10:41:30,30.0,BASELINE_HISTORICAL_CALIBRATION,17.5,13.5
OBS_000305,10:42:00,9120.0,12050,ROUTE_NDLS_AGC_01,SYNTHETIC_SIMULATOR,OK,27.348297,77.831912,165.667,123.5,34.31,123.5,0.0,980.7,130.0,,640.3,SEC_MTJ_RKM,,MTJ,RKM,25.333,29.333,CRUISING,,,,,67.57,,,GREEN,LOW,False,,False,,JRN_AGRA_01,0.2483,0.0,0.95,0.4541,1.0,NONE,NONE,,12.3,14.3,10:42:00,30.0,BASELINE_HISTORICAL_CALIBRATION,17.0,13.0
OBS_000306,10:42:30,9150.0,12050,ROUTE_NDLS_AGC_01,SYNTHETIC_SIMULATOR,OK,27.342285,77.838513,166.696,123.5,34.31,123.5,0.0,980.7,130.0,,627.68,SEC_MTJ_RKM,,MTJ,RKM,24.304,28.304,CRUISING,,,,,67.54,,,GREEN,LOW,False,,False,,JRN_AGRA_01,0.2483,0.0,0.95,0.4541,1.0,NONE,NONE,,11.8,13.8,10:42:30,30.0,BASELINE_HISTORICAL_CALIBRATION,16.5,12.5
OBS_000307,10:43:00,9180.0,12050,ROUTE_NDLS_AGC_01,SYNTHETIC_SIMULATOR,OK,27.336273,77.845114,167.725,123.5,34.31,123.5,0.0,980.7,130.0,,614.8,SEC_MTJ_RKM,,MTJ,RKM,23.275,27.275,CRUISING,,,,,67.51,,,GREEN,LOW,False,,False,,JRN_AGRA_01,0.2483,0.0,0.95,0.4541,1.0,NONE,NONE,,11.3,13.3,10:43:00,30.0,BASELINE_HISTORICAL_CALIBRATION,16.0,12.0
OBS_000308,10:43:30,9210.0,12050,ROUTE_NDLS_AGC_01,SYNTHETIC_SIMULATOR,OK,27.33026,77.851715,168.754,123.5,34.31,123.5,0.0,980.7,130.0,,601.64,SEC_MTJ_RKM,,MTJ,RKM,22.246,26.246,CRUISING,,,,,67.49,,,GREEN,LOW,False,,False,,JRN_AGRA_01,0.2483,0.0,0.95,0.4541,1.0,NONE,NONE,,10.8,12.8,10:43:30,30.0,BASELINE_HISTORICAL_CALIBRATION,15.5,11.5
OBS_000309,10:44:00,9240.0,12050,ROUTE_NDLS_AGC_01,SYNTHETIC_SIMULATOR,OK,27.324248,77.858316,169.783,123.5,34.31,123.5,0.0,980.7,130.0,,588.19,SEC_MTJ_RKM,,MTJ,RKM,21.217,25.217,CRUISING,,,,,67.46,,,GREEN,LOW,False,,False,,JRN_AGRA_01,0.2483,0.0,0.95,0.4541,1.0,NONE,NONE,,10.3,12.3,10:44:00,30.0,BASELINE_HISTORICAL_CALIBRATION,15.0,11.0
OBS_000310,10:44:30,9270.0,12050,ROUTE_NDLS_AGC_01,SYNTHETIC_SIMULATOR,OK,27.318235,77.864917,170.812,123.5,34.31,123.5,0.0,980.7,130.0,,574.42,SEC_MTJ_RKM,,MTJ,RKM,20.188,24.188,CRUISING,,,,,67.43,,,GREEN,LOW,False,,False,,JRN_AGRA_01,0.2483,0.0,0.95,0.4541,1.0,NONE,NONE,,9.8,11.8,10:44:30,30.0,BASELINE_HISTORICAL_CALIBRATION,14.5,10.5
OBS_000311,10:45:00,9300.0,12050,ROUTE_NDLS_AGC_01,SYNTHETIC_SIMULATOR,OK,27.312223,77.871518,171.842,123.5,34.31,123.5,0.0,980.7,130.0,,560.32,SEC_MTJ_RKM,,MTJ,RKM,19.158,23.158,CRUISING,,,,,67.4,,,GREEN,LOW,False,,False,,JRN_AGRA_01,0.2483,0.0,0.95,0.4541,1.0,NONE,NONE,,9.3,11.3,10:45:00,30.0,BASELINE_HISTORICAL_CALIBRATION,14.0,10.0
OBS_000312,10:45:30,9330.0,12050,ROUTE_NDLS_AGC_01,SYNTHETIC_SIMULATOR,OK,27.306211,77.87812,172.871,123.5,34.31,123.5,0.0,980.7,130.0,,545.85,SEC_MTJ_RKM,,MTJ,RKM,18.129,22.129,CRUISING,,,,,67.38,,,GREEN,LOW,False,,False,,JRN_AGRA_01,0.2483,0.0,0.95,0.4541,1.0,NONE,NONE,,8.8,10.8,10:45:30,30.0,BASELINE_HISTORICAL_CALIBRATION,13.5,9.5
OBS_000313,10:46:00,9360.0,12050,ROUTE_NDLS_AGC_01,SYNTHETIC_SIMULATOR,OK,27.300198,77.884721,173.9,123.5,34.31,123.5,0.0,980.7,130.0,,530.98,SEC_MTJ_RKM,,MTJ,RKM,17.1,21.1,CRUISING,,,,,67.35,,,GREEN,LOW,False,,False,,JRN_AGRA_01,0.2483,0.0,0.95,0.4541,1.0,NONE,NONE,,8.3,10.3,10:46:00,30.0,BASELINE_HISTORICAL_CALIBRATION,13.0,9.0
OBS_000314,10:46:30,9390.0,12050,ROUTE_NDLS_AGC_01,SYNTHETIC_SIMULATOR,OK,27.294186,77.891322,174.929,123.5,34.31,123.5,0.0,980.7,130.0,,515.69,SEC_MTJ_RKM,,MTJ,RKM,16.071,20.071,CRUISING,,,,,67.32,,,GREEN,LOW,False,,False,,JRN_AGRA_01,0.2483,0.0,0.95,0.4541,1.0,NONE,NONE,,7.8,9.8,10:46:30,30.0,BASELINE_HISTORICAL_CALIBRATION,12.5,8.5
OBS_000315,10:47:00,9420.0,12050,ROUTE_NDLS_AGC_01,SYNTHETIC_SIMULATOR,OK,27.288173,77.897923,175.958,123.5,34.31,123.5,0.0,980.7,130.0,,499.93,SEC_MTJ_RKM,,MTJ,RKM,15.042,19.042,CRUISING,,,,,67.29,,,GREEN,LOW,False,,False,,JRN_AGRA_01,0.2483,0.0,0.95,0.4541,1.0,NONE,NONE,,7.3,9.3,10:47:00,30.0,BASELINE_HISTORICAL_CALIBRATION,12.0,8.0
OBS_000316,10:47:30,9450.0,12050,ROUTE_NDLS_AGC_01,SYNTHETIC_SIMULATOR,OK,27.282161,77.904524,176.987,123.5,34.31,123.5,0.0,980.7,130.0,,483.66,SEC_MTJ_RKM,,MTJ,RKM,14.013,18.013,CRUISING,,,,,67.26,,,GREEN,LOW,False,,False,,JRN_AGRA_01,0.2483,0.0,0.95,0.4541,1.0,NONE,NONE,,6.8,8.8,10:47:30,30.0,BASELINE_HISTORICAL_CALIBRATION,11.5,7.5
OBS_000317,10:48:00,9480.0,12050,ROUTE_NDLS_AGC_01,SYNTHETIC_SIMULATOR,OK,27.276149,77.911125,178.017,123.5,34.31,123.5,0.0,980.7,130.0,,466.82,SEC_MTJ_RKM,,MTJ,RKM,12.983,16.983,CRUISING,,,,,67.24,,,GREEN,LOW,False,,False,,JRN_AGRA_01,0.2483,0.0,0.95,0.4541,1.0,NONE,NONE,,6.3,8.3,10:48:00,30.0,BASELINE_HISTORICAL_CALIBRATION,11.0,7.0
OBS_000318,10:48:30,9510.0,12050,ROUTE_NDLS_AGC_01,SYNTHETIC_SIMULATOR,OK,27.270136,77.917726,179.046,123.5,34.31,123.5,0.0,980.7,130.0,,449.35,SEC_MTJ_RKM,,MTJ,RKM,11.954,15.954,CRUISING,,,,,67.21,,,GREEN,LOW,False,,False,,JRN_AGRA_01,0.2483,0.0,0.95,0.4541,1.0,NONE,NONE,,5.8,7.8,10:48:30,30.0,BASELINE_HISTORICAL_CALIBRATION,10.5,6.5
OBS_000319,10:49:00,9540.0,12050,ROUTE_NDLS_AGC_01,SYNTHETIC_SIMULATOR,OK,27.264124,77.924327,180.075,123.5,34.31,123.5,0.0,980.7,130.0,,431.17,SEC_MTJ_RKM,,MTJ,RKM,10.925,14.925,CRUISING,,,,,67.18,,,GREEN,LOW,False,,False,,JRN_AGRA_01,0.2483,0.0,0.95,0.4541,1.0,NONE,NONE,,5.3,7.3,10:49:00,30.0,BASELINE_HISTORICAL_CALIBRATION,10.0,6.0
OBS_000320,10:49:30,9570.0,12050,ROUTE_NDLS_AGC_01,SYNTHETIC_SIMULATOR,OK,27.258111,77.930928,181.104,123.5,34.31,123.5,0.0,980.7,130.0,,412.2,SEC_MTJ_RKM,,MTJ,RKM,9.896,13.896,CRUISING,,,,,67.15,,,GREEN,LOW,False,,False,,JRN_AGRA_01,0.2483,0.0,0.95,0.4541,1.0,NONE,NONE,,4.8,6.8,10:49:30,30.0,BASELINE_HISTORICAL_CALIBRATION,9.5,5.5
OBS_000321,10:50:00,9600.0,12050,ROUTE_NDLS_AGC_01,SYNTHETIC_SIMULATOR,OK,27.252099,77.937529,182.133,123.5,34.31,123.5,0.0,980.7,130.0,,392.3,SEC_MTJ_RKM,,MTJ,RKM,8.867,12.867,CRUISING,,,,,67.13,,,GREEN,LOW,False,,False,,JRN_AGRA_01,0.2483,0.0,0.95,0.4541,1.0,NONE,NONE,,4.3,6.3,10:50:00,30.0,BASELINE_HISTORICAL_CALIBRATION,9.0,5.0
OBS_000322,10:50:30,9630.0,12050,ROUTE_NDLS_AGC_01,SYNTHETIC_SIMULATOR,OK,27.246087,77.94413,183.162,123.5,34.31,123.5,0.0,980.7,130.0,,371.34,SEC_MTJ_RKM,,MTJ,RKM,7.838,11.838,CRUISING,,,,,67.1,,,GREEN,LOW,False,,False,,JRN_AGRA_01,0.2483,0.0,0.95,0.4541,1.0,NONE,NONE,,3.8,5.8,10:50:30,30.0,BASELINE_HISTORICAL_CALIBRATION,8.5,4.5
OBS_000323,10:51:00,9660.0,12050,ROUTE_NDLS_AGC_01,SYNTHETIC_SIMULATOR,OK,27.240074,77.950731,184.192,123.5,34.31,123.5,0.0,980.7,130.0,,349.13,SEC_MTJ_RKM,,MTJ,RKM,6.808,10.808,CRUISING,,,,,67.07,,,GREEN,LOW,False,,False,,JRN_AGRA_01,0.2483,0.0,0.95,0.4541,1.0,NONE,NONE,,3.3,5.3,10:51:00,30.0,BASELINE_HISTORICAL_CALIBRATION,8.0,4.0
OBS_000324,10:51:30,9690.0,12050,ROUTE_NDLS_AGC_01,SYNTHETIC_SIMULATOR,OK,27.234062,77.957332,185.221,123.5,34.31,123.5,0.0,980.7,130.0,,325.4,SEC_MTJ_RKM,,MTJ,RKM,5.779,9.779,CRUISING,,,,,67.04,,,GREEN,LOW,False,,False,,JRN_AGRA_01,0.2483,0.0,0.95,0.4541,1.0,NONE,NONE,,2.8,4.8,10:51:30,30.0,BASELINE_HISTORICAL_CALIBRATION,7.5,3.5
OBS_000325,10:52:00,9720.0,12050,ROUTE_NDLS_AGC_01,SYNTHETIC_SIMULATOR,OK,27.22805,77.963933,186.25,123.5,34.31,123.5,0.0,980.7,130.0,,299.8,SEC_MTJ_RKM,,MTJ,RKM,4.75,8.75,CRUISING,,,,,67.01,,,GREEN,LOW,False,,False,,JRN_AGRA_01,0.2483,0.0,0.95,0.4541,1.0,NONE,NONE,,2.3,4.3,10:52:00,30.0,BASELINE_HISTORICAL_CALIBRATION,7.0,3.0
OBS_000326,10:52:30,9750.0,12050,ROUTE_NDLS_AGC_01,SYNTHETIC_SIMULATOR,OK,27.222037,77.970535,187.279,123.5,34.31,123.5,0.0,980.7,130.0,,271.79,SEC_MTJ_RKM,,MTJ,RKM,3.721,7.721,CRUISING,,,,,66.99,,,GREEN,LOW,False,,False,,JRN_AGRA_01,0.2483,0.0,0.95,0.4541,1.0,NONE,NONE,,1.8,3.8,10:52:30,30.0,BASELINE_HISTORICAL_CALIBRATION,6.5,2.5
OBS_000327,10:53:00,9780.0,12050,ROUTE_NDLS_AGC_01,SYNTHETIC_SIMULATOR,OK,27.216025,77.977136,188.308,123.5,34.31,123.5,0.0,980.7,130.0,,240.55,SEC_MTJ_RKM,,MTJ,RKM,2.692,6.692,CRUISING,,,,,66.96,,,GREEN,LOW,False,,False,,JRN_AGRA_01,0.2483,0.0,0.95,0.4541,1.0,NONE,NONE,,1.3,3.3,10:53:00,30.0,BASELINE_HISTORICAL_CALIBRATION,6.0,2.0
OBS_000328,10:53:30,9810.0,12050,ROUTE_NDLS_AGC_01,SYNTHETIC_SIMULATOR,OK,27.210012,77.983737,189.337,123.5,34.31,123.5,0.0,980.7,130.0,,204.6,SEC_MTJ_RKM,,MTJ,RKM,1.663,5.663,CRUISING,,,,,66.93,,,GREEN,LOW,False,,False,,JRN_AGRA_01,0.2483,0.0,0.95,0.4541,1.0,NONE,NONE,,0.8,2.8,10:53:30,30.0,BASELINE_HISTORICAL_CALIBRATION,5.5,1.5
OBS_000329,10:54:00,9840.0,12050,ROUTE_NDLS_AGC_01,SYNTHETIC_SIMULATOR,OK,27.204,77.990338,190.367,123.5,34.31,123.5,0.0,980.7,130.0,,160.8,SEC_MTJ_RKM,,MTJ,RKM,0.633,4.633,CRUISING,,,,,66.9,,,GREEN,LOW,False,,False,,JRN_AGRA_01,0.2483,0.0,0.95,0.4541,1.0,NONE,NONE,,0.3,2.3,10:54:00,30.0,BASELINE_HISTORICAL_CALIBRATION,5.0,1.0
OBS_000330,10:54:30,9870.0,12050,ROUTE_NDLS_AGC_01,SYNTHETIC_SIMULATOR,OK,27.20272,77.991744,190.586,58.7,16.31,99.25,-0.6,221.6,130.0,,99.25,SEC_MTJ_RKM,,MTJ,RKM,0.414,4.414,DECELERATING,,,,,66.88,,,GREEN,LOW,False,,False,,JRN_AGRA_01,0.2483,0.0,0.95,0.4541,1.0,NONE,NONE,,0.4,4.5,10:54:30,30.0,BASELINE_HISTORICAL_CALIBRATION,4.5,0.5
OBS_000331,10:55:00,9900.0,12050,ROUTE_NDLS_AGC_01,SYNTHETIC_SIMULATOR,OK,27.2003,77.9944,191.0,0.0,0.0,80.26,0.0,0.0,130.0,,80.26,SEC_MTJ_RKM,RKM,RKM,AGC,4.0,4.0,DWELLING,ARRIVED,10:55:00,,,67.26,,,GREEN,LOW,False,,False,,JRN_AGRA_01,0.2483,0.0,0.95,0.4541,1.0,NONE,NONE,,9.6,9.6,10:55:00,30.0,BASELINE_HISTORICAL_CALIBRATION,4.0,4.0
OBS_000332,10:55:30,9930.0,12050,ROUTE_NDLS_AGC_01,SYNTHETIC_SIMULATOR,OK,27.2003,77.9944,191.0,0.0,0.0,0.0,0.0,0.0,90.0,,0.0,SEC_RKM_AGC,RKM,RKM,AGC,4.0,4.0,DWELLING,,,,,67.55,,,GREEN,LOW,False,,False,,JRN_AGRA_01,0.2483,0.0,0.95,0.4541,1.0,NONE,NONE,,9.6,9.6,10:55:30,30.0,BASELINE_HISTORICAL_CALIBRATION,3.5,3.5
OBS_000333,10:56:00,9960.0,12050,ROUTE_NDLS_AGC_01,SYNTHETIC_SIMULATOR,OK,27.2003,77.9944,191.675,54.0,15.0,85.5,0.5,187.5,90.0,,249.42,SEC_RKM_AGC,RKM,RKM,AGC,3.325,3.325,ACCELERATING,DEPARTED,,10:56:00,1,68.05,,,GREEN,LOW,False,,False,,JRN_AGRA_01,0.2483,0.0,0.95,0.4541,1.0,NONE,NONE,,3.7,3.7,10:56:00,30.0,BASELINE_HISTORICAL_CALIBRATION,3.0,3.0
OBS_000334,10:56:30,9990.0,12050,ROUTE_NDLS_AGC_01,SYNTHETIC_SIMULATOR,OK,27.183691,77.999721,192.613,85.5,23.75,85.5,0.5,470.1,90.0,,227.4,SEC_RKM_AGC,,RKM,AGC,2.387,2.387,ACCELERATING,,,,,68.21,,,GREEN,LOW,False,,False,,JRN_AGRA_01,0.2483,0.0,0.95,0.4541,1.0,NONE,NONE,,1.7,1.7,10:56:30,30.0,BASELINE_HISTORICAL_CALIBRATION,2.5,2.5
OBS_000335,10:57:00,10020.0,12050,ROUTE_NDLS_AGC_01,SYNTHETIC_SIMULATOR,OK,27.176353,78.002072,193.325,85.5,23.75,85.5,0.0,470.1,90.0,,192.69,SEC_RKM_AGC,,RKM,AGC,1.675,1.675,CRUISING,,,,,68.22,,,GREEN,LOW,False,,False,,JRN_AGRA_01,0.2483,0.0,0.95,0.4541,1.0,NONE,NONE,,1.2,1.2,10:57:00,30.0,BASELINE_HISTORICAL_CALIBRATION,2.0,2.0
OBS_000336,10:57:30,10050.0,12050,ROUTE_NDLS_AGC_01,SYNTHETIC_SIMULATOR,OK,27.169014,78.004424,194.037,85.5,23.75,85.5,0.0,470.1,90.0,,161.4,SEC_RKM_AGC,,RKM,AGC,0.963,0.963,CRUISING,,,,,68.36,,,GREEN,LOW,False,,False,,JRN_AGRA_01,0.2483,0.0,0.95,0.4541,1.0,NONE,NONE,,0.7,0.7,10:57:30,30.0,BASELINE_HISTORICAL_CALIBRATION,1.5,1.5
OBS_000337,10:58:00,10080.0,12050,ROUTE_NDLS_AGC_01,SYNTHETIC_SIMULATOR,OK,27.161675,78.006775,194.75,85.5,23.75,85.5,0.0,470.1,90.0,,122.35,SEC_RKM_AGC,,RKM,AGC,0.25,0.25,CRUISING,,,,,68.49,,,GREEN,LOW,False,,False,,JRN_AGRA_01,0.2483,0.0,0.95,0.4541,1.0,NONE,NONE,,0.2,0.2,10:58:00,30.0,BASELINE_HISTORICAL_CALIBRATION,1.0,1.0
OBS_000338,10:58:30,10110.0,12050,ROUTE_NDLS_AGC_01,SYNTHETIC_SIMULATOR,OK,27.161675,78.006775,194.75,20.7,5.75,62.35,-0.6,27.6,90.0,,62.35,SEC_RKM_AGC,,RKM,AGC,0.25,0.25,DECELERATING,,,,,68.63,,,GREEN,LOW,False,,False,,JRN_AGRA_01,0.2483,0.0,0.95,0.4541,1.0,NONE,NONE,,0.6,0.6,10:58:30,30.0,BASELINE_HISTORICAL_CALIBRATION,0.5,0.5
OBS_000339,10:59:00,10140.0,12050,ROUTE_NDLS_AGC_01,SYNTHETIC_SIMULATOR,OK,27.1591,78.0076,195.0,0.0,0.0,62.35,0.0,0.0,90.0,,62.35,SEC_RKM_AGC,AGC,AGC,,0.0,0.0,COMPLETED,ARRIVED,10:59:00,,,69.13,,,GREEN,LOW,False,,False,,JRN_AGRA_01,0.2483,0.0,0.95,0.4541,1.0,NONE,NONE,,0.0,0.0,10:59:00,30.0,BASELINE_HISTORICAL_CALIBRATION,0.0,0.0
