observation_id,timestamp,simulation_time_sec,train_id,route_id,data_source,data_quality_status,latitude,longitude,current_position_km,current_speed_kmph,current_speed_mps,target_speed_kmph,current_acceleration_mps2,braking_distance_m,section_speed_limit_kmph,restriction_speed_kmph,approach_speed_kmph,current_section_id,current_station_id,previous_station_id,next_station_id,distance_to_next_station_km,distance_to_destination_km,movement_state,station_event,actual_arrival_time,actual_departure_time,actual_dwell_min,current_delay_min,arrival_delay_min,departure_delay_min,signal_state,congestion_level,fog_active,fog_visibility_km,unscheduled_halt,active_event_ids,journey_id,predicted_congestion_probability,predicted_fog_risk,predicted_delay_risk,predicted_operational_risk,prediction_confidence,predicted_speed_impact,active_predicted_restriction,predicted_restriction_speed_kmph,eta_to_next_station_min,eta_to_destination_min,prediction_timestamp,prediction_horizon_min,prediction_source,target_eta_to_destination_min,target_eta_to_next_station_min
OBS_000001,06:10:00,0.0,12004,ROUTE_NDLS_LKO_01,SYNTHETIC_SIMULATOR,OK,28.6431,77.2197,0.675,54.0,15.0,104.5,0.5,187.5,110.0,,623.54,SEC_NDLS_GZB,NDLS,NDLS,GZB,24.325,511.325,ACCELERATING,DEPARTED,,06:10:00,,0.0,,,GREEN,LOW,False,,False,,JRN_NDLS_LKO_01_20260902_190156,0.2397,0.0,0.4541,0.4541,1.0,NONE,NONE,,27.0,568.1,06:10:00,30.0,BASELINE_HISTORICAL_CALIBRATION,351.5,14.5
OBS_000002,06:10:30,30.0,12004,ROUTE_NDLS_LKO_01,SYNTHETIC_SIMULATOR,OK,28.644857,77.235149,1.771,104.5,29.03,104.5,0.5,702.2,110.0,,615.06,SEC_NDLS_GZB,,NDLS,GZB,23.229,510.229,ACCELERATING,,,,,-0.01,,,GREEN,LOW,False,,False,,JRN_NDLS_LKO_01_20260902_190156,0.2397,0.0,0.4541,0.4541,1.0,NONE,NONE,,13.3,293.0,06:10:30,30.0,BASELINE_HISTORICAL_CALIBRATION,351.0,14.0
OBS_000003,06:11:00,60.0,12004,ROUTE_NDLS_LKO_01,SYNTHETIC_SIMULATOR,OK,28.645721,77.242746,2.642,104.5,29.03,104.5,0.0,702.2,110.0,,601.05,SEC_NDLS_GZB,,NDLS,GZB,22.358,509.358,CRUISING,,,,,-0.35,,,GREEN,LOW,False,,False,,JRN_NDLS_LKO_01_20260902_190156,0.2397,0.0,0.4541,0.4541,1.0,NONE,NONE,,12.8,292.5,06:11:00,30.0,BASELINE_HISTORICAL_CALIBRATION,350.5,13.5
OBS_000004,06:11:30,90.0,12004,ROUTE_NDLS_LKO_01,SYNTHETIC_SIMULATOR,OK,28.646584,77.250343,3.513,104.5,29.03,104.5,0.0,702.2,110.0,,589.68,SEC_NDLS_GZB,,NDLS,GZB,21.488,508.488,CRUISING,,,,,-0.51,,,GREEN,LOW,False,,False,,JRN_NDLS_LKO_01_20260902_190156,0.2397,0.0,0.4541,0.4541,1.0,NONE,NONE,,12.3,292.0,06:11:30,30.0,BASELINE_HISTORICAL_CALIBRATION,350.0,13.0
OBS_000005,06:12:00,120.0,12004,ROUTE_NDLS_LKO_01,SYNTHETIC_SIMULATOR,OK,28.647448,77.25794,4.383,104.5,29.03,104.5,0.0,702.2,110.0,,578.08,SEC_NDLS_GZB,,NDLS,GZB,20.617,507.617,CRUISING,,,,,-0.68,,,GREEN,LOW,False,,False,,JRN_NDLS_LKO_01_20260902_190156,0.2397,0.0,0.4541,0.4541,1.0,NONE,NONE,,11.8,291.5,06:12:00,30.0,BASELINE_HISTORICAL_CALIBRATION,349.5,12.5
OBS_000006,06:12:30,150.0,12004,ROUTE_NDLS_LKO_01,SYNTHETIC_SIMULATOR,OK,28.648312,77.265537,5.254,104.5,29.03,104.5,0.0,702.2,110.0,,566.24,SEC_NDLS_GZB,,NDLS,GZB,19.746,506.746,CRUISING,,,,,-0.84,,,GREEN,LOW,False,,False,,JRN_NDLS_LKO_01_20260902_190156,0.2397,0.0,0.4541,0.4541,1.0,NONE,NONE,,11.3,291.0,06:12:30,30.0,BASELINE_HISTORICAL_CALIBRATION,349.0,12.0
OBS_000007,06:13:00,180.0,12004,ROUTE_NDLS_LKO_01,SYNTHETIC_SIMULATOR,OK,28.649176,77.273134,6.125,104.5,29.03,104.5,0.0,702.2,110.0,,554.15,SEC_NDLS_GZB,,NDLS,GZB,18.875,505.875,CRUISING,,,,,-1.0,,,GREEN,LOW,False,,False,,JRN_NDLS_LKO_01_20260902_190156,0.2397,0.0,0.4541,0.4541,1.0,NONE,NONE,,10.8,290.5,06:13:00,30.0,BASELINE_HISTORICAL_CALIBRATION,348.5,11.5
OBS_000008,06:13:30,210.0,12004,ROUTE_NDLS_LKO_01,SYNTHETIC_SIMULATOR,OK,28.65004,77.280732,6.996,104.5,29.03,104.5,0.0,702.2,110.0,,541.8,SEC_NDLS_GZB,,NDLS,GZB,18.004,505.004,CRUISING,,,,,-1.17,,,GREEN,LOW,False,,False,,JRN_NDLS_LKO_01_20260902_190156,0.2397,0.0,0.4541,0.4541,1.0,NONE,NONE,,10.3,290.0,06:13:30,30.0,BASELINE_HISTORICAL_CALIBRATION,348.0,11.0
OBS_000009,06:14:00,240.0,12004,ROUTE_NDLS_LKO_01,SYNTHETIC_SIMULATOR,OK,28.650904,77.288329,7.867,104.5,29.03,104.5,0.0,702.2,110.0,,529.15,SEC_NDLS_GZB,,NDLS,GZB,17.133,504.133,CRUISING,,,,,-1.33,,,GREEN,LOW,False,,False,,JRN_NDLS_LKO_01_20260902_190156,0.2397,0.0,0.4541,0.4541,1.0,NONE,NONE,,9.8,289.5,06:14:00,30.0,BASELINE_HISTORICAL_CALIBRATION,347.5,10.5
OBS_000010,06:14:30,270.0,12004,ROUTE_NDLS_LKO_01,SYNTHETIC_SIMULATOR,OK,28.651768,77.295926,8.737,104.5,29.03,104.5,0.0,702.2,110.0,,516.2,SEC_NDLS_GZB,,NDLS,GZB,16.263,503.262,CRUISING,,,,,-1.49,,,GREEN,LOW,False,,False,,JRN_NDLS_LKO_01_20260902_190156,0.2397,0.0,0.4541,0.4541,1.0,NONE,NONE,,9.3,289.0,06:14:30,30.0,BASELINE_HISTORICAL_CALIBRATION,347.0,10.0
OBS_000011,06:15:00,300.0,12004,ROUTE_NDLS_LKO_01,SYNTHETIC_SIMULATOR,OK,28.652631,77.303523,9.608,104.5,29.03,104.5,0.0,702.2,110.0,,502.91,SEC_NDLS_GZB,,NDLS,GZB,15.392,502.392,CRUISING,,,,,-1.66,,,GREEN,LOW,False,,False,,JRN_NDLS_LKO_01_20260902_190156,0.2397,0.0,0.4541,0.4541,1.0,NONE,NONE,,8.8,288.5,06:15:00,30.0,BASELINE_HISTORICAL_CALIBRATION,346.5,9.5
OBS_000012,06:15:30,330.0,12004,ROUTE_NDLS_LKO_01,SYNTHETIC_SIMULATOR,OK,28.653495,77.31112,10.479,104.5,29.03,104.5,0.0,702.2,110.0,,489.26,SEC_NDLS_GZB,,NDLS,GZB,14.521,501.521,CRUISING,,,,,-1.82,,,GREEN,LOW,False,,False,,JRN_NDLS_LKO_01_20260902_190156,0.2397,0.0,0.4541,0.4541,1.0,NONE,NONE,,8.3,288.0,06:15:30,30.0,BASELINE_HISTORICAL_CALIBRATION,346.0,9.0
OBS_000013,06:16:00,360.0,12004,ROUTE_NDLS_LKO_01,SYNTHETIC_SIMULATOR,OK,28.654359,77.318717,11.35,104.5,29.03,104.5,0.0,702.2,110.0,,475.21,SEC_NDLS_GZB,,NDLS,GZB,13.65,500.65,CRUISING,,,,,-1.98,,,GREEN,LOW,False,,False,,JRN_NDLS_LKO_01_20260902_190156,0.2397,0.0,0.4541,0.4541,1.0,NONE,NONE,,7.8,287.5,06:16:00,30.0,BASELINE_HISTORICAL_CALIBRATION,345.5,8.5
OBS_000014,06:16:30,390.0,12004,ROUTE_NDLS_LKO_01,SYNTHETIC_SIMULATOR,OK,28.655223,77.326315,12.221,104.5,29.03,104.5,0.0,702.2,110.0,,460.74,SEC_NDLS_GZB,,NDLS,GZB,12.779,499.779,CRUISING,,,,,-2.15,,,GREEN,LOW,False,,False,,JRN_NDLS_LKO_01_20260902_190156,0.2397,0.0,0.4541,0.4541,1.0,NONE,NONE,,7.3,287.0,06:16:30,30.0,BASELINE_HISTORICAL_CALIBRATION,345.0,8.0
OBS_000015,06:17:00,420.0,12004,ROUTE_NDLS_LKO_01,SYNTHETIC_SIMULATOR,OK,28.656087,77.333912,13.092,104.5,29.03,104.5,0.0,702.2,110.0,,445.8,SEC_NDLS_GZB,,NDLS,GZB,11.908,498.908,CRUISING,,,,,-2.31,,,GREEN,LOW,False,,False,,JRN_NDLS_LKO_01_20260902_190156,0.2397,0.0,0.4541,0.4541,1.0,NONE,NONE,,6.8,286.5,06:17:00,30.0,BASELINE_HISTORICAL_CALIBRATION,344.5,7.5
OBS_000016,06:17:30,450.0,12004,ROUTE_NDLS_LKO_01,SYNTHETIC_SIMULATOR,OK,28.656951,77.341509,13.963,104.5,29.03,104.5,0.0,702.2,110.0,,430.35,SEC_NDLS_GZB,,NDLS,GZB,11.037,498.038,CRUISING,,,,,-2.47,,,GREEN,LOW,False,,False,,JRN_NDLS_LKO_01_20260902_190156,0.2397,0.0,0.4541,0.4541,1.0,NONE,NONE,,6.3,286.0,06:17:30,30.0,BASELINE_HISTORICAL_CALIBRATION,344.0,7.0
OBS_000017,06:18:00,480.0,12004,ROUTE_NDLS_LKO_01,SYNTHETIC_SIMULATOR,OK,28.657815,77.349106,14.833,104.5,29.03,104.5,0.0,702.2,110.0,,414.31,SEC_NDLS_GZB,,NDLS,GZB,10.167,497.167,CRUISING,,,,,-2.64,,,GREEN,LOW,False,,False,,JRN_NDLS_LKO_01_20260902_190156,0.2397,0.0,0.4541,0.4541,1.0,NONE,NONE,,5.8,285.5,06:18:00,30.0,BASELINE_HISTORICAL_CALIBRATION,343.5,6.5
OBS_000018,06:18:30,510.0,12004,ROUTE_NDLS_LKO_01,SYNTHETIC_SIMULATOR,OK,28.658679,77.356703,15.704,104.5,29.03,104.5,0.0,702.2,110.0,,397.63,SEC_NDLS_GZB,,NDLS,GZB,9.296,496.296,CRUISING,,,,,-2.8,,,GREEN,LOW,False,,False,,JRN_NDLS_LKO_01_20260902_190156,0.2397,0.0,0.4541,0.4541,1.0,NONE,NONE,,5.3,285.0,06:18:30,30.0,BASELINE_HISTORICAL_CALIBRATION,343.0,6.0
OBS_000019,06:19:00,540.0,12004,ROUTE_NDLS_LKO_01,SYNTHETIC_SIMULATOR,OK,28.659542,77.3643,16.575,104.5,29.03,104.5,0.0,702.2,110.0,,380.22,SEC_NDLS_GZB,,NDLS,GZB,8.425,495.425,CRUISING,,,,,-2.96,,,GREEN,LOW,False,,False,,JRN_NDLS_LKO_01_20260902_190156,0.2397,0.0,0.4541,0.4541,1.0,NONE,NONE,,4.8,284.5,06:19:00,30.0,BASELINE_HISTORICAL_CALIBRATION,342.5,5.5
OBS_000020,06:19:30,570.0,12004,ROUTE_NDLS_LKO_01,SYNTHETIC_SIMULATOR,OK,28.660406,77.371897,17.446,104.5,29.03,104.5,0.0,702.2,110.0,,361.97,SEC_NDLS_GZB,,NDLS,GZB,7.554,494.554,CRUISING,,,,,-3.13,,,GREEN,LOW,False,,False,,JRN_NDLS_LKO_01_20260902_190156,0.2397,0.0,0.4541,0.4541,1.0,NONE,NONE,,4.3,284.0,06:19:30,30.0,BASELINE_HISTORICAL_CALIBRATION,342.0,5.0
OBS_000021,06:20:00,600.0,12004,ROUTE_NDLS_LKO_01,SYNTHETIC_SIMULATOR,OK,28.66127,77.379495,18.317,104.5,29.03,104.5,0.0,702.2,110.0,,342.76,SEC_NDLS_GZB,,NDLS,GZB,6.683,493.683,CRUISING,,,,,-3.29,,,GREEN,LOW,False,,False,,JRN_NDLS_LKO_01_20260902_190156,0.2397,0.0,0.4541,0.4541,1.0,NONE,NONE,,3.8,283.5,06:20:00,30.0,BASELINE_HISTORICAL_CALIBRATION,341.5,4.5
OBS_000022,06:20:30,630.0,12004,ROUTE_NDLS_LKO_01,SYNTHETIC_SIMULATOR,OK,28.662134,77.387092,19.188,104.5,29.03,104.5,0.0,702.2,110.0,,322.4,SEC_NDLS_GZB,,NDLS,GZB,5.812,492.812,CRUISING,,,,,-3.45,,,GREEN,LOW,False,,False,,JRN_NDLS_LKO_01_20260902_190156,0.2397,0.0,0.4541,0.4541,1.0,NONE,NONE,,3.3,283.0,06:20:30,30.0,BASELINE_HISTORICAL_CALIBRATION,341.0,4.0
OBS_000023,06:21:00,660.0,12004,ROUTE_NDLS_LKO_01,SYNTHETIC_SIMULATOR,OK,28.662998,77.394689,20.058,104.5,29.03,104.5,0.0,702.2,110.0,,300.66,SEC_NDLS_GZB,,NDLS,GZB,4.942,491.942,CRUISING,,,,,-3.62,,,GREEN,LOW,False,,False,,JRN_NDLS_LKO_01_20260902_190156,0.2397,0.0,0.4541,0.4541,1.0,NONE,NONE,,2.8,282.5,06:21:00,30.0,BASELINE_HISTORICAL_CALIBRATION,340.5,3.5
OBS_000024,06:21:30,690.0,12004,ROUTE_NDLS_LKO_01,SYNTHETIC_SIMULATOR,OK,28.663862,77.402286,20.929,104.5,29.03,104.5,0.0,702.2,110.0,,277.22,SEC_NDLS_GZB,,NDLS,GZB,4.071,491.071,CRUISING,,,,,-3.78,,,GREEN,LOW,False,,False,,JRN_NDLS_LKO_01_20260902_190156,0.2397,0.0,0.4541,0.4541,1.0,NONE,NONE,,2.3,282.0,06:21:30,30.0,BASELINE_HISTORICAL_CALIBRATION,340.0,3.0
OBS_000025,06:22:00,720.0,12004,ROUTE_NDLS_LKO_01,SYNTHETIC_SIMULATOR,OK,28.664726,77.409883,21.8,104.5,29.03,104.5,0.0,702.2,110.0,,251.61,SEC_NDLS_GZB,,NDLS,GZB,3.2,490.2,CRUISING,,,,,-3.94,,,GREEN,LOW,False,,False,,JRN_NDLS_LKO_01_20260902_190156,0.2397,0.0,0.4541,0.4541,1.0,NONE,NONE,,1.8,281.5,06:22:00,30.0,BASELINE_HISTORICAL_CALIBRATION,339.5,2.5
OBS_000026,06:22:30,750.0,12004,ROUTE_NDLS_LKO_01,SYNTHETIC_SIMULATOR,OK,28.665589,77.41748,22.671,104.5,29.03,104.5,0.0,702.2,110.0,,223.08,SEC_NDLS_GZB,,NDLS,GZB,2.329,489.329,CRUISING,,,,,-4.11,,,GREEN,LOW,False,,False,,JRN_NDLS_LKO_01_20260902_190156,0.2397,0.0,0.4541,0.4541,1.0,NONE,NONE,,1.3,281.0,06:22:30,30.0,BASELINE_HISTORICAL_CALIBRATION,339.0,2.0
OBS_000027,06:23:00,780.0,12004,ROUTE_NDLS_LKO_01,SYNTHETIC_SIMULATOR,OK,28.666453,77.425078,23.542,104.5,29.03,104.5,0.0,702.2,110.0,,190.32,SEC_NDLS_GZB,,NDLS,GZB,1.458,488.458,CRUISING,,,,,-4.27,,,GREEN,LOW,False,,False,,JRN_NDLS_LKO_01_20260902_190156,0.2397,0.0,0.4541,0.4541,1.0,NONE,NONE,,0.8,280.5,06:23:00,30.0,BASELINE_HISTORICAL_CALIBRATION,338.5,1.5
OBS_000028,06:23:30,810.0,12004,ROUTE_NDLS_LKO_01,SYNTHETIC_SIMULATOR,OK,28.667317,77.432675,24.412,104.5,29.03,104.5,0.0,702.2,110.0,,150.6,SEC_NDLS_GZB,,NDLS,GZB,0.588,487.587,CRUISING,,,,,-4.43,,,GREEN,LOW,False,,False,,JRN_NDLS_LKO_01_20260902_190156,0.2397,0.0,0.4541,0.4541,1.0,NONE,NONE,,0.3,280.0,06:23:30,30.0,BASELINE_HISTORICAL_CALIBRATION,338.0,1.0
OBS_000029,06:24:00,840.0,12004,ROUTE_NDLS_LKO_01,SYNTHETIC_SIMULATOR,OK,28.667378,77.433205,24.473,39.7,11.03,95.59,-0.6,101.3,110.0,,95.59,SEC_NDLS_GZB,,NDLS,GZB,0.527,487.527,DECELERATING,,,,,-4.6,,,GREEN,LOW,False,,False,,JRN_NDLS_LKO_01_20260902_190156,0.2397,0.0,0.4541,0.4541,1.0,NONE,NONE,,0.8,736.8,06:24:00,30.0,BASELINE_HISTORICAL_CALIBRATION,337.5,0.5
OBS_000030,06:24:30,870.0,12004,ROUTE_NDLS_LKO_01,SYNTHETIC_SIMULATOR,OK,28.6679,77.4378,25.0,0.0,0.0,90.5,0.0,0.0,110.0,,90.5,SEC_NDLS_GZB,GZB,GZB,ALJN,106.0,487.0,DWELLING,ARRIVED,06:24:30,,,-4.14,,,GREEN,LOW,False,,False,,JRN_NDLS_LKO_01_20260902_190156,0.2397,0.0,0.4541,0.4541,1.0,NONE,NONE,,254.4,1168.8,06:24:30,30.0,BASELINE_HISTORICAL_CALIBRATION,337.0,79.0
OBS_000031,06:25:00,900.0,12004,ROUTE_NDLS_LKO_01,SYNTHETIC_SIMULATOR,OK,28.6679,77.4378,25.0,0.0,0.0,0.0,0.0,0.0,130.0,,0.0,SEC_GZB_ALJN,GZB,GZB,ALJN,106.0,487.0,DWELLING,,,,,-4.04,,,GREEN,LOW,False,,False,,JRN_NDLS_LKO_01_20260902_190156,0.2397,0.0,0.4541,0.4541,1.0,NONE,NONE,,254.4,1168.8,06:25:00,30.0,BASELINE_HISTORICAL_CALIBRATION,336.5,78.5
OBS_000032,06:25:30,930.0,12004,ROUTE_NDLS_LKO_01,SYNTHETIC_SIMULATOR,OK,28.6679,77.4378,25.0,0.0,0.0,0.0,0.0,0.0,130.0,,0.0,SEC_GZB_ALJN,GZB,GZB,ALJN,106.0,487.0,DWELLING,,,,,-3.54,,,GREEN,LOW,False,,False,,JRN_NDLS_LKO_01_20260902_190156,0.2397,0.0,0.4541,0.4541,1.0,NONE,NONE,,254.4,1168.8,06:25:30,30.0,BASELINE_HISTORICAL_CALIBRATION,336.0,78.0
OBS_000033,06:26:00,960.0,12004,ROUTE_NDLS_LKO_01,SYNTHETIC_SIMULATOR,OK,28.6679,77.4378,25.0,0.0,0.0,0.0,0.0,0.0,130.0,,0.0,SEC_GZB_ALJN,GZB,GZB,ALJN,106.0,487.0,DWELLING,,,,,-3.04,,,GREEN,LOW,False,,False,,JRN_NDLS_LKO_01_20260902_190156,0.2397,0.0,0.4541,0.4541,1.0,NONE,NONE,,254.4,1168.8,06:26:00,30.0,BASELINE_HISTORICAL_CALIBRATION,335.5,77.5
OBS_000034,06:26:30,990.0,12004,ROUTE_NDLS_LKO_01,SYNTHETIC_SIMULATOR,OK,28.6679,77.4378,25.0,0.0,0.0,0.0,0.0,0.0,130.0,,0.0,SEC_GZB_ALJN,GZB,GZB,ALJN,106.0,487.0,DWELLING,,,,,-2.54,,,GREEN,LOW,False,,False,,JRN_NDLS_LKO_01_20260902_190156,0.2397,0.0,0.4541,0.4541,1.0,NONE,NONE,,254.4,1168.8,06:26:30,30.0,BASELINE_HISTORICAL_CALIBRATION,335.0,77.0
OBS_000035,06:27:00,1020.0,12004,ROUTE_NDLS_LKO_01,SYNTHETIC_SIMULATOR,OK,28.6679,77.4378,25.0,0.0,0.0,0.0,0.0,0.0,130.0,,0.0,SEC_GZB_ALJN,GZB,GZB,ALJN,106.0,487.0,DWELLING,,,,,-2.04,,,GREEN,LOW,False,,False,,JRN_NDLS_LKO_01_20260902_190156,0.2397,0.0,0.4541,0.4541,1.0,NONE,NONE,,254.4,1168.8,06:27:00,30.0,BASELINE_HISTORICAL_CALIBRATION,334.5,76.5
OBS_000036,06:27:30,1050.0,12004,ROUTE_NDLS_LKO_01,SYNTHETIC_SIMULATOR,OK,28.6679,77.4378,25.0,0.0,0.0,0.0,0.0,0.0,130.0,,0.0,SEC_GZB_ALJN,GZB,GZB,ALJN,106.0,487.0,DWELLING,,,,,-1.54,,,GREEN,LOW,False,,False,,JRN_NDLS_LKO_01_20260902_190156,0.2397,0.0,0.4541,0.4541,1.0,NONE,NONE,,254.4,1168.8,06:27:30,30.0,BASELINE_HISTORICAL_CALIBRATION,334.0,76.0
OBS_000037,06:28:00,1080.0,12004,ROUTE_NDLS_LKO_01,SYNTHETIC_SIMULATOR,OK,28.6679,77.4378,25.0,0.0,0.0,0.0,0.0,0.0,130.0,,0.0,SEC_GZB_ALJN,GZB,GZB,ALJN,106.0,487.0,DWELLING,,,,,-1.04,,,GREEN,LOW,False,,False,,JRN_NDLS_LKO_01_20260902_190156,0.2397,0.0,0.4541,0.4541,1.0,NONE,NONE,,254.4,1168.8,06:28:00,30.0,BASELINE_HISTORICAL_CALIBRATION,333.5,75.5
OBS_000038,06:28:30,1110.0,12004,ROUTE_NDLS_LKO_01,SYNTHETIC_SIMULATOR,OK,28.6679,77.4378,25.0,0.0,0.0,0.0,0.0,0.0,130.0,,0.0,SEC_GZB_ALJN,GZB,GZB,ALJN,106.0,487.0,DWELLING,,,,,-0.54,,,GREEN,LOW,False,,False,,JRN_NDLS_LKO_01_20260902_190156,0.2397,0.0,0.4541,0.4541,1.0,NONE,NONE,,254.4,1168.8,06:28:30,30.0,BASELINE_HISTORICAL_CALIBRATION,333.0,75.0
OBS_000039,06:29:00,1140.0,12004,ROUTE_NDLS_LKO_01,SYNTHETIC_SIMULATOR,OK,28.6679,77.4378,25.0,0.0,0.0,0.0,0.0,0.0,130.0,,0.0,SEC_GZB_ALJN,GZB,GZB,ALJN,106.0,487.0,DWELLING,,,,,-0.04,,,GREEN,LOW,False,,False,,JRN_NDLS_LKO_01_20260902_190156,0.2397,0.0,0.4541,0.4541,1.0,NONE,NONE,,254.4,1168.8,06:29:00,30.0,BASELINE_HISTORICAL_CALIBRATION,332.5,74.5
OBS_000040,06:29:30,1170.0,12004,ROUTE_NDLS_LKO_01,SYNTHETIC_SIMULATOR,OK,28.6679,77.4378,25.0,0.0,0.0,0.0,0.0,0.0,130.0,,0.0,SEC_GZB_ALJN,GZB,GZB,ALJN,106.0,487.0,DWELLING,,,,,0.46,,,GREEN,LOW,False,,False,,JRN_NDLS_LKO_01_20260902_190156,0.2397,0.0,0.4541,0.4541,1.0,NONE,NONE,,254.4,1168.8,06:29:30,30.0,BASELINE_HISTORICAL_CALIBRATION,332.0,74.0
OBS_000041,06:30:00,1200.0,12004,ROUTE_NDLS_LKO_01,SYNTHETIC_SIMULATOR,OK,28.6679,77.4378,25.0,0.0,0.0,0.0,0.0,0.0,130.0,,0.0,SEC_GZB_ALJN,GZB,GZB,ALJN,106.0,487.0,DWELLING,,,,,0.96,,,GREEN,LOW,False,,False,,JRN_NDLS_LKO_01_20260902_190156,0.2397,0.0,0.4541,0.4541,1.0,NONE,NONE,,254.4,1168.8,06:30:00,30.0,BASELINE_HISTORICAL_CALIBRATION,331.5,73.5
OBS_000042,06:30:30,1230.0,12004,ROUTE_NDLS_LKO_01,SYNTHETIC_SIMULATOR,OK,28.6679,77.4378,25.0,0.0,0.0,0.0,0.0,0.0,130.0,,0.0,SEC_GZB_ALJN,GZB,GZB,ALJN,106.0,487.0,DWELLING,,,,,1.46,,,GREEN,LOW,False,,False,,JRN_NDLS_LKO_01_20260902_190156,0.2397,0.0,0.4541,0.4541,1.0,NONE,NONE,,254.4,1168.8,06:30:30,30.0,BASELINE_HISTORICAL_CALIBRATION,331.0,73.0
OBS_000043,06:31:00,1260.0,12004,ROUTE_NDLS_LKO_01,SYNTHETIC_SIMULATOR,OK,28.6679,77.4378,25.0,0.0,0.0,0.0,0.0,0.0,130.0,,0.0,SEC_GZB_ALJN,GZB,GZB,ALJN,106.0,487.0,DWELLING,,,,,1.96,,,GREEN,LOW,False,,False,,JRN_NDLS_LKO_01_20260902_190156,0.2397,0.0,0.4541,0.4541,1.0,NONE,NONE,,254.4,1168.8,06:31:00,30.0,BASELINE_HISTORICAL_CALIBRATION,330.5,72.5
OBS_000044,06:31:30,1290.0,12004,ROUTE_NDLS_LKO_01,SYNTHETIC_SIMULATOR,OK,28.6679,77.4378,25.0,0.0,0.0,0.0,0.0,0.0,130.0,,0.0,SEC_GZB_ALJN,GZB,GZB,ALJN,106.0,487.0,DWELLING,,,,,2.46,,,GREEN,LOW,False,,False,,JRN_NDLS_LKO_01_20260902_190156,0.2397,0.0,0.4541,0.4541,1.0,NONE,NONE,,254.4,1168.8,06:31:30,30.0,BASELINE_HISTORICAL_CALIBRATION,330.0,72.0
OBS_000045,06:32:00,1320.0,12004,ROUTE_NDLS_LKO_01,SYNTHETIC_SIMULATOR,OK,28.6679,77.4378,25.0,0.0,0.0,0.0,0.0,0.0,130.0,,0.0,SEC_GZB_ALJN,GZB,GZB,ALJN,106.0,487.0,DWELLING,,,,,2.96,,,GREEN,LOW,False,,False,,JRN_NDLS_LKO_01_20260902_190156,0.2397,0.0,0.4541,0.4541,1.0,NONE,NONE,,254.4,1168.8,06:32:00,30.0,BASELINE_HISTORICAL_CALIBRATION,329.5,71.5
OBS_000046,06:32:30,1350.0,12004,ROUTE_NDLS_LKO_01,SYNTHETIC_SIMULATOR,OK,28.6679,77.4378,25.0,0.0,0.0,0.0,0.0,0.0,130.0,,0.0,SEC_GZB_ALJN,GZB,GZB,ALJN,106.0,487.0,DWELLING,,,,,3.46,,,GREEN,LOW,False,,False,,JRN_NDLS_LKO_01_20260902_190156,0.2397,0.0,0.4541,0.4541,1.0,NONE,NONE,,254.4,1168.8,06:32:30,30.0,BASELINE_HISTORICAL_CALIBRATION,329.0,71.0
OBS_000047,06:33:00,1380.0,12004,ROUTE_NDLS_LKO_01,SYNTHETIC_SIMULATOR,OK,28.6679,77.4378,25.0,0.0,0.0,0.0,0.0,0.0,130.0,,0.0,SEC_GZB_ALJN,GZB,GZB,ALJN,106.0,487.0,DWELLING,,,,,3.96,,,GREEN,LOW,False,,False,,JRN_NDLS_LKO_01_20260902_190156,0.2397,0.0,0.4541,0.4541,1.0,NONE,NONE,,254.4,1168.8,06:33:00,30.0,BASELINE_HISTORICAL_CALIBRATION,328.5,70.5
OBS_000048,06:33:30,1410.0,12004,ROUTE_NDLS_LKO_01,SYNTHETIC_SIMULATOR,OK,28.6679,77.4378,25.0,0.0,0.0,0.0,0.0,0.0,130.0,,0.0,SEC_GZB_ALJN,GZB,GZB,ALJN,106.0,487.0,DWELLING,,,,,4.46,,,GREEN,LOW,False,,False,,JRN_NDLS_LKO_01_20260902_190156,0.2397,0.0,0.4541,0.4541,1.0,NONE,NONE,,254.4,1168.8,06:33:30,30.0,BASELINE_HISTORICAL_CALIBRATION,328.0,70.0
OBS_000049,06:34:00,1440.0,12004,ROUTE_NDLS_LKO_01,SYNTHETIC_SIMULATOR,OK,28.6679,77.4378,25.0,0.0,0.0,0.0,0.0,0.0,130.0,,0.0,SEC_GZB_ALJN,GZB,GZB,ALJN,106.0,487.0,DWELLING,,,,,4.96,,,GREEN,LOW,False,,False,,JRN_NDLS_LKO_01_20260902_190156,0.2397,0.0,0.4541,0.4541,1.0,NONE,NONE,,254.4,1168.8,06:34:00,30.0,BASELINE_HISTORICAL_CALIBRATION,327.5,69.5
OBS_000050,06:34:30,1470.0,12004,ROUTE_NDLS_LKO_01,SYNTHETIC_SIMULATOR,OK,28.6679,77.4378,25.0,0.0,0.0,0.0,0.0,0.0,130.0,,0.0,SEC_GZB_ALJN,GZB,GZB,ALJN,106.0,487.0,DWELLING,,,,,5.46,,,GREEN,LOW,False,,False,,JRN_NDLS_LKO_01_20260902_190156,0.2397,0.0,0.4541,0.4541,1.0,NONE,NONE,,254.4,1168.8,06:34:30,30.0,BASELINE_HISTORICAL_CALIBRATION,327.0,69.0
OBS_000051,06:35:00,1500.0,12004,ROUTE_NDLS_LKO_01,SYNTHETIC_SIMULATOR,OK,28.6679,77.4378,25.0,0.0,0.0,0.0,0.0,0.0,130.0,,0.0,SEC_GZB_ALJN,GZB,GZB,ALJN,106.0,487.0,DWELLING,,,,,5.96,,,GREEN,LOW,False,,False,,JRN_NDLS_LKO_01_20260902_190156,0.2397,0.0,0.4541,0.4541,1.0,NONE,NONE,,254.4,1168.8,06:35:00,30.0,BASELINE_HISTORICAL_CALIBRATION,326.5,68.5
OBS_000052,06:35:30,1530.0,12004,ROUTE_NDLS_LKO_01,SYNTHETIC_SIMULATOR,OK,28.6679,77.4378,25.0,0.0,0.0,0.0,0.0,0.0,130.0,,0.0,SEC_GZB_ALJN,GZB,GZB,ALJN,106.0,487.0,DWELLING,,,,,6.46,,,GREEN,LOW,False,,False,,JRN_NDLS_LKO_01_20260902_190156,0.2397,0.0,0.4541,0.4541,1.0,NONE,NONE,,254.4,1168.8,06:35:30,30.0,BASELINE_HISTORICAL_CALIBRATION,326.0,68.0
OBS_000053,06:36:00,1560.0,12004,ROUTE_NDLS_LKO_01,SYNTHETIC_SIMULATOR,OK,28.6679,77.4378,25.0,0.0,0.0,0.0,0.0,0.0,130.0,,0.0,SEC_GZB_ALJN,GZB,GZB,ALJN,106.0,487.0,DWELLING,,,,,6.96,,,GREEN,LOW,False,,False,,JRN_NDLS_LKO_01_20260902_190156,0.2397,0.0,0.4541,0.4541,1.0,NONE,NONE,,254.4,1168.8,06:36:00,30.0,BASELINE_HISTORICAL_CALIBRATION,325.5,67.5
OBS_000054,06:36:30,1590.0,12004,ROUTE_NDLS_LKO_01,SYNTHETIC_SIMULATOR,OK,28.6679,77.4378,25.0,0.0,0.0,0.0,0.0,0.0,130.0,,0.0,SEC_GZB_ALJN,GZB,GZB,ALJN,106.0,487.0,DWELLING,,,,,7.46,,,GREEN,LOW,False,,False,,JRN_NDLS_LKO_01_20260902_190156,0.2397,0.0,0.4541,0.4541,1.0,NONE,NONE,,254.4,1168.8,06:36:30,30.0,BASELINE_HISTORICAL_CALIBRATION,325.0,67.0
OBS_000055,06:37:00,1620.0,12004,ROUTE_NDLS_LKO_01,SYNTHETIC_SIMULATOR,OK,28.6679,77.4378,25.0,0.0,0.0,0.0,0.0,0.0,130.0,,0.0,SEC_GZB_ALJN,GZB,GZB,ALJN,106.0,487.0,DWELLING,,,,,7.96,,,GREEN,LOW,False,,False,,JRN_NDLS_LKO_01_20260902_190156,0.2397,0.0,0.4541,0.4541,1.0,NONE,NONE,,254.4,1168.8,06:37:00,30.0,BASELINE_HISTORICAL_CALIBRATION,324.5,66.5
OBS_000056,06:37:30,1650.0,12004,ROUTE_NDLS_LKO_01,SYNTHETIC_SIMULATOR,OK,28.6679,77.4378,25.0,0.0,0.0,0.0,0.0,0.0,130.0,,0.0,SEC_GZB_ALJN,GZB,GZB,ALJN,106.0,487.0,DWELLING,,,,,8.46,,,GREEN,LOW,False,,False,,JRN_NDLS_LKO_01_20260902_190156,0.2397,0.0,0.4541,0.4541,1.0,NONE,NONE,,254.4,1168.8,06:37:30,30.0,BASELINE_HISTORICAL_CALIBRATION,324.0,66.0
OBS_000057,06:38:00,1680.0,12004,ROUTE_NDLS_LKO_01,SYNTHETIC_SIMULATOR,OK,28.6679,77.4378,25.0,0.0,0.0,0.0,0.0,0.0,130.0,,0.0,SEC_GZB_ALJN,GZB,GZB,ALJN,106.0,487.0,DWELLING,,,,,8.96,,,GREEN,LOW,False,,False,,JRN_NDLS_LKO_01_20260902_190156,0.2397,0.0,0.4541,0.4541,1.0,NONE,NONE,,254.4,1168.8,06:38:00,30.0,BASELINE_HISTORICAL_CALIBRATION,323.5,65.5
OBS_000058,06:38:30,1710.0,12004,ROUTE_NDLS_LKO_01,SYNTHETIC_SIMULATOR,OK,28.6679,77.4378,25.0,0.0,0.0,0.0,0.0,0.0,130.0,,0.0,SEC_GZB_ALJN,GZB,GZB,ALJN,106.0,487.0,DWELLING,,,,,9.46,,,GREEN,LOW,False,,False,,JRN_NDLS_LKO_01_20260902_190156,0.2397,0.0,0.4541,0.4541,1.0,NONE,NONE,,254.4,1168.8,06:38:30,30.0,BASELINE_HISTORICAL_CALIBRATION,323.0,65.0
OBS_000059,06:39:00,1740.0,12004,ROUTE_NDLS_LKO_01,SYNTHETIC_SIMULATOR,OK,28.6679,77.4378,25.0,0.0,0.0,0.0,0.0,0.0,130.0,,0.0,SEC_GZB_ALJN,GZB,GZB,ALJN,106.0,487.0,DWELLING,,,,,9.96,,,GREEN,LOW,False,,False,,JRN_NDLS_LKO_01_20260902_190156,0.2397,0.0,0.4541,0.4541,1.0,NONE,NONE,,254.4,1168.8,06:39:00,30.0,BASELINE_HISTORICAL_CALIBRATION,322.5,64.5
OBS_000060,06:39:30,1770.0,12004,ROUTE_NDLS_LKO_01,SYNTHETIC_SIMULATOR,OK,28.6679,77.4378,25.0,0.0,0.0,0.0,0.0,0.0,130.0,,0.0,SEC_GZB_ALJN,GZB,GZB,ALJN,106.0,487.0,DWELLING,,,,,10.46,,,GREEN,LOW,False,,False,,JRN_NDLS_LKO_01_20260902_190156,0.2397,0.0,0.4541,0.4541,1.0,NONE,NONE,,254.4,1168.8,06:39:30,30.0,BASELINE_HISTORICAL_CALIBRATION,322.0,64.0
OBS_000061,06:40:00,1800.0,12004,ROUTE_NDLS_LKO_01,SYNTHETIC_SIMULATOR,OK,28.6679,77.4378,25.675,54.0,15.0,123.5,0.5,187.5,130.0,,1283.94,SEC_GZB_ALJN,GZB,GZB,ALJN,105.325,486.325,ACCELERATING,DEPARTED,,06:40:00,2,10.96,,,GREEN,LOW,False,,False,,JRN_NDLS_LKO_01_20260902_190156,0.2397,0.0,0.4541,0.4541,1.0,NONE,NONE,,117.0,540.4,06:40:00,30.0,BASELINE_HISTORICAL_CALIBRATION,321.5,63.5
OBS_000062,06:40:30,1830.0,12004,ROUTE_NDLS_LKO_01,SYNTHETIC_SIMULATOR,OK,28.654816,77.448841,26.8,108.0,30.0,123.5,0.5,750.0,130.0,,1279.85,SEC_GZB_ALJN,,GZB,ALJN,104.2,485.2,ACCELERATING,,,,,10.94,,,GREEN,LOW,False,,False,,JRN_NDLS_LKO_01_20260902_190156,0.2397,0.0,0.4541,0.4541,1.0,NONE,NONE,,57.9,269.6,06:40:30,30.0,BASELINE_HISTORICAL_CALIBRATION,321.0,63.0
OBS_000063,06:41:00,1860.0,12004,ROUTE_NDLS_LKO_01,SYNTHETIC_SIMULATOR,OK,28.6457,77.456534,28.054,123.5,34.31,123.5,0.5,980.7,130.0,,1273.0,SEC_GZB_ALJN,,GZB,ALJN,102.946,483.946,ACCELERATING,,,,,10.59,,,GREEN,LOW,False,,False,,JRN_NDLS_LKO_01_20260902_190156,0.2397,0.0,0.4541,0.4541,1.0,NONE,NONE,,50.0,235.1,06:41:00,30.0,BASELINE_HISTORICAL_CALIBRATION,320.5,62.5
OBS_000064,06:41:30,1890.0,12004,ROUTE_NDLS_LKO_01,SYNTHETIC_SIMULATOR,OK,28.638219,77.462847,29.083,123.5,34.31,123.5,0.0,980.7,130.0,,1265.31,SEC_GZB_ALJN,,GZB,ALJN,101.917,482.917,CRUISING,,,,,10.13,,,GREEN,LOW,False,,False,,JRN_NDLS_LKO_01_20260902_190156,0.2397,0.0,0.4541,0.4541,1.0,NONE,NONE,,49.5,234.6,06:41:30,30.0,BASELINE_HISTORICAL_CALIBRATION,320.0,62.0
OBS_000065,06:42:00,1920.0,12004,ROUTE_NDLS_LKO_01,SYNTHETIC_SIMULATOR,OK,28.630738,77.46916,30.113,123.5,34.31,123.5,0.0,980.7,130.0,,1258.97,SEC_GZB_ALJN,,GZB,ALJN,100.887,481.887,CRUISING,,,,,9.85,,,GREEN,LOW,False,,False,,JRN_NDLS_LKO_01_20260902_190156,0.2397,0.0,0.4541,0.4541,1.0,NONE,NONE,,49.0,234.1,06:42:00,30.0,BASELINE_HISTORICAL_CALIBRATION,319.5,61.5
OBS_000066,06:42:30,1950.0,12004,ROUTE_NDLS_LKO_01,SYNTHETIC_SIMULATOR,OK,28.623257,77.475473,31.142,123.5,34.31,123.5,0.0,980.7,130.0,,1252.6,SEC_GZB_ALJN,,GZB,ALJN,99.858,480.858,CRUISING,,,,,9.56,,,GREEN,LOW,False,,False,,JRN_NDLS_LKO_01_20260902_190156,0.2397,0.0,0.4541,0.4541,1.0,NONE,NONE,,48.5,233.6,06:42:30,30.0,BASELINE_HISTORICAL_CALIBRATION,319.0,61.0
OBS_000067,06:43:00,1980.0,12004,ROUTE_NDLS_LKO_01,SYNTHETIC_SIMULATOR,OK,28.615776,77.481786,32.171,123.5,34.31,123.5,0.0,980.7,130.0,,1246.19,SEC_GZB_ALJN,,GZB,ALJN,98.829,479.829,CRUISING,,,,,9.28,,,GREEN,LOW,False,,False,,JRN_NDLS_LKO_01_20260902_190156,0.2397,0.0,0.4541,0.4541,1.0,NONE,NONE,,48.0,233.1,06:43:00,30.0,BASELINE_HISTORICAL_CALIBRATION,318.5,60.5
OBS_000068,06:43:30,2010.0,12004,ROUTE_NDLS_LKO_01,SYNTHETIC_SIMULATOR,OK,28.608295,77.488098,33.2,123.5,34.31,123.5,0.0,980.7,130.0,,1239.75,SEC_GZB_ALJN,,GZB,ALJN,97.8,478.8,CRUISING,,,,,8.99,,,GREEN,LOW,False,,False,,JRN_NDLS_LKO_01_20260902_190156,0.2397,0.0,0.4541,0.4541,1.0,NONE,NONE,,47.5,232.6,06:43:30,30.0,BASELINE_HISTORICAL_CALIBRATION,318.0,60.0
OBS_000069,06:44:00,2040.0,12004,ROUTE_NDLS_LKO_01,SYNTHETIC_SIMULATOR,OK,28.600814,77.494411,34.229,123.5,34.31,123.5,0.0,980.7,130.0,,1233.28,SEC_GZB_ALJN,,GZB,ALJN,96.771,477.771,CRUISING,,,,,8.71,,,GREEN,LOW,False,,False,,JRN_NDLS_LKO_01_20260902_190156,0.2397,0.0,0.4541,0.4541,1.0,NONE,NONE,,47.0,232.1,06:44:00,30.0,BASELINE_HISTORICAL_CALIBRATION,317.5,59.5
OBS_000070,06:44:30,2070.0,12004,ROUTE_NDLS_LKO_01,SYNTHETIC_SIMULATOR,OK,28.593334,77.500724,35.258,123.5,34.31,123.5,0.0,980.7,130.0,,1226.78,SEC_GZB_ALJN,,GZB,ALJN,95.742,476.742,CRUISING,,,,,8.43,,,GREEN,LOW,False,,False,,JRN_NDLS_LKO_01_20260902_190156,0.2397,0.0,0.4541,0.4541,1.0,NONE,NONE,,46.5,231.6,06:44:30,30.0,BASELINE_HISTORICAL_CALIBRATION,317.0,59.0
OBS_000071,06:45:00,2100.0,12004,ROUTE_NDLS_LKO_01,SYNTHETIC_SIMULATOR,OK,28.585853,77.507037,36.288,123.5,34.31,123.5,0.0,980.7,130.0,,1220.24,SEC_GZB_ALJN,,GZB,ALJN,94.713,475.712,CRUISING,,,,,8.14,,,GREEN,LOW,False,,False,,JRN_NDLS_LKO_01_20260902_190156,0.2397,0.0,0.4541,0.4541,1.0,NONE,NONE,,46.0,231.1,06:45:00,30.0,BASELINE_HISTORICAL_CALIBRATION,316.5,58.5
OBS_000072,06:45:30,2130.0,12004,ROUTE_NDLS_LKO_01,SYNTHETIC_SIMULATOR,OK,28.578372,77.51335,37.317,123.5,34.31,123.5,0.0,980.7,130.0,,1213.66,SEC_GZB_ALJN,,GZB,ALJN,93.683,474.683,CRUISING,,,,,7.86,,,GREEN,LOW,False,,False,,JRN_NDLS_LKO_01_20260902_190156,0.2397,0.0,0.4541,0.4541,1.0,NONE,NONE,,45.5,230.6,06:45:30,30.0,BASELINE_HISTORICAL_CALIBRATION,316.0,58.0
OBS_000073,06:46:00,2160.0,12004,ROUTE_NDLS_LKO_01,SYNTHETIC_SIMULATOR,OK,28.570891,77.519663,38.346,123.5,34.31,123.5,0.0,980.7,130.0,,1207.05,SEC_GZB_ALJN,,GZB,ALJN,92.654,473.654,CRUISING,,,,,7.58,,,GREEN,LOW,False,,False,,JRN_NDLS_LKO_01_20260902_190156,0.2397,0.0,0.4541,0.4541,1.0,NONE,NONE,,45.0,230.1,06:46:00,30.0,BASELINE_HISTORICAL_CALIBRATION,315.5,57.5
OBS_000074,06:46:30,2190.0,12004,ROUTE_NDLS_LKO_01,SYNTHETIC_SIMULATOR,OK,28.56341,77.525976,39.375,123.5,34.31,123.5,0.0,980.7,130.0,,1200.4,SEC_GZB_ALJN,,GZB,ALJN,91.625,472.625,CRUISING,,,,,7.29,,,GREEN,LOW,False,,False,,JRN_NDLS_LKO_01_20260902_190156,0.2397,0.0,0.4541,0.4541,1.0,NONE,NONE,,44.5,229.6,06:46:30,30.0,BASELINE_HISTORICAL_CALIBRATION,315.0,57.0
OBS_000075,06:47:00,2220.0,12004,ROUTE_NDLS_LKO_01,SYNTHETIC_SIMULATOR,OK,28.555929,77.532289,40.404,123.5,34.31,123.5,0.0,980.7,130.0,,1193.71,SEC_GZB_ALJN,,GZB,ALJN,90.596,471.596,CRUISING,,,,,7.01,,,GREEN,LOW,False,,False,,JRN_NDLS_LKO_01_20260902_190156,0.2397,0.0,0.4541,0.4541,1.0,NONE,NONE,,44.0,229.1,06:47:00,30.0,BASELINE_HISTORICAL_CALIBRATION,314.5,56.5
OBS_000076,06:47:30,2250.0,12004,ROUTE_NDLS_LKO_01,SYNTHETIC_SIMULATOR,OK,28.548448,77.538601,41.433,123.5,34.31,123.5,0.0,980.7,130.0,,1186.99,SEC_GZB_ALJN,,GZB,ALJN,89.567,470.567,CRUISING,,,,,6.72,,,GREEN,LOW,False,,False,,JRN_NDLS_LKO_01_20260902_190156,0.2397,0.0,0.4541,0.4541,1.0,NONE,NONE,,43.5,228.6,06:47:30,30.0,BASELINE_HISTORICAL_CALIBRATION,314.0,56.0
OBS_000077,06:48:00,2280.0,12004,ROUTE_NDLS_LKO_01,SYNTHETIC_SIMULATOR,OK,28.540967,77.544914,42.462,123.5,34.31,123.5,0.0,980.7,130.0,,1180.23,SEC_GZB_ALJN,,GZB,ALJN,88.538,469.538,CRUISING,,,,,6.44,,,GREEN,LOW,False,,False,,JRN_NDLS_LKO_01_20260902_190156,0.2397,0.0,0.4541,0.4541,1.0,NONE,NONE,,43.0,228.1,06:48:00,30.0,BASELINE_HISTORICAL_CALIBRATION,313.5,55.5
OBS_000078,06:48:30,2310.0,12004,ROUTE_NDLS_LKO_01,SYNTHETIC_SIMULATOR,OK,28.533487,77.551227,43.492,123.5,34.31,123.5,0.0,980.7,130.0,,1173.43,SEC_GZB_ALJN,,GZB,ALJN,87.508,468.508,CRUISING,,,,,6.16,,,GREEN,LOW,False,,False,,JRN_NDLS_LKO_01_20260902_190156,0.2397,0.0,0.4541,0.4541,1.0,NONE,NONE,,42.5,227.6,06:48:30,30.0,BASELINE_HISTORICAL_CALIBRATION,313.0,55.0
OBS_000079,06:49:00,2340.0,12004,ROUTE_NDLS_LKO_01,SYNTHETIC_SIMULATOR,OK,28.526006,77.55754,44.521,123.5,34.31,123.5,0.0,980.7,130.0,,1166.59,SEC_GZB_ALJN,,GZB,ALJN,86.479,467.479,CRUISING,,,,,5.87,,,GREEN,LOW,False,,False,,JRN_NDLS_LKO_01_20260902_190156,0.2397,0.0,0.4541,0.4541,1.0,NONE,NONE,,42.0,227.1,06:49:00,30.0,BASELINE_HISTORICAL_CALIBRATION,312.5,54.5
OBS_000080,06:49:30,2370.0,12004,ROUTE_NDLS_LKO_01,SYNTHETIC_SIMULATOR,OK,28.518525,77.563853,45.55,123.5,34.31,123.5,0.0,980.7,130.0,,1159.71,SEC_GZB_ALJN,,GZB,ALJN,85.45,466.45,CRUISING,,,,,5.59,,,GREEN,LOW,False,,False,,JRN_NDLS_LKO_01_20260902_190156,0.2397,0.0,0.4541,0.4541,1.0,NONE,NONE,,41.5,226.6,06:49:30,30.0,BASELINE_HISTORICAL_CALIBRATION,312.0,54.0
OBS_000081,06:50:00,2400.0,12004,ROUTE_NDLS_LKO_01,SYNTHETIC_SIMULATOR,OK,28.511044,77.570166,46.579,123.5,34.31,123.5,0.0,980.7,130.0,,1152.79,SEC_GZB_ALJN,,GZB,ALJN,84.421,465.421,CRUISING,,,,,5.3,,,GREEN,LOW,False,,False,,JRN_NDLS_LKO_01_20260902_190156,0.2397,0.0,0.4541,0.4541,1.0,NONE,NONE,,41.0,226.1,06:50:00,30.0,BASELINE_HISTORICAL_CALIBRATION,311.5,53.5
OBS_000082,06:50:30,2430.0,12004,ROUTE_NDLS_LKO_01,SYNTHETIC_SIMULATOR,OK,28.503563,77.576479,47.608,123.5,34.31,123.5,0.0,980.7,130.0,,1145.82,SEC_GZB_ALJN,,GZB,ALJN,83.392,464.392,CRUISING,,,,,5.02,,,GREEN,LOW,False,,False,,JRN_NDLS_LKO_01_20260902_190156,0.2397,0.0,0.4541,0.4541,1.0,NONE,NONE,,40.5,225.6,06:50:30,30.0,BASELINE_HISTORICAL_CALIBRATION,311.0,53.0
OBS_000083,06:51:00,2460.0,12004,ROUTE_NDLS_LKO_01,SYNTHETIC_SIMULATOR,OK,28.496082,77.582792,48.637,123.5,34.31,123.5,0.0,980.7,130.0,,1138.82,SEC_GZB_ALJN,,GZB,ALJN,82.363,463.363,CRUISING,,,,,4.74,,,GREEN,LOW,False,,False,,JRN_NDLS_LKO_01_20260902_190156,0.2397,0.0,0.4541,0.4541,1.0,NONE,NONE,,40.0,225.1,06:51:00,30.0,BASELINE_HISTORICAL_CALIBRATION,310.5,52.5
OBS_000084,06:51:30,2490.0,12004,ROUTE_NDLS_LKO_01,SYNTHETIC_SIMULATOR,OK,28.488601,77.589104,49.667,123.5,34.31,123.5,0.0,980.7,130.0,,1131.77,SEC_GZB_ALJN,,GZB,ALJN,81.333,462.333,CRUISING,,,,,4.45,,,GREEN,LOW,False,,False,,JRN_NDLS_LKO_01_20260902_190156,0.2397,0.0,0.4541,0.4541,1.0,NONE,NONE,,39.5,224.6,06:51:30,30.0,BASELINE_HISTORICAL_CALIBRATION,310.0,52.0
OBS_000085,06:52:00,2520.0,12004,ROUTE_NDLS_LKO_01,SYNTHETIC_SIMULATOR,OK,28.48112,77.595417,50.696,123.5,34.31,123.5,0.0,980.7,130.0,,1124.68,SEC_GZB_ALJN,,GZB,ALJN,80.304,461.304,CRUISING,,,,,4.17,,,GREEN,LOW,False,,False,,JRN_NDLS_LKO_01_20260902_190156,0.2397,0.0,0.4541,0.4541,1.0,NONE,NONE,,39.0,224.1,06:52:00,30.0,BASELINE_HISTORICAL_CALIBRATION,309.5,51.5
OBS_000086,06:52:30,2550.0,12004,ROUTE_NDLS_LKO_01,SYNTHETIC_SIMULATOR,OK,28.47364,77.60173,51.725,123.5,34.31,123.5,0.0,980.7,130.0,,1117.54,SEC_GZB_ALJN,,GZB,ALJN,79.275,460.275,CRUISING,,,,,3.88,,,GREEN,LOW,False,,False,,JRN_NDLS_LKO_01_20260902_190156,0.2397,0.0,0.4541,0.4541,1.0,NONE,NONE,,38.5,223.6,06:52:30,30.0,BASELINE_HISTORICAL_CALIBRATION,309.0,51.0
OBS_000087,06:53:00,2580.0,12004,ROUTE_NDLS_LKO_01,SYNTHETIC_SIMULATOR,OK,28.466159,77.608043,52.754,123.5,34.31,123.5,0.0,980.7,130.0,,1110.35,SEC_GZB_ALJN,,GZB,ALJN,78.246,459.246,CRUISING,,,,,3.6,,,GREEN,LOW,False,,False,,JRN_NDLS_LKO_01_20260902_190156,0.2397,0.0,0.4541,0.4541,1.0,NONE,NONE,,38.0,223.1,06:53:00,30.0,BASELINE_HISTORICAL_CALIBRATION,308.5,50.5
OBS_000088,06:53:30,2610.0,12004,ROUTE_NDLS_LKO_01,SYNTHETIC_SIMULATOR,OK,28.458678,77.614356,53.783,123.5,34.31,123.5,0.0,980.7,130.0,,1103.12,SEC_GZB_ALJN,,GZB,ALJN,77.217,458.217,CRUISING,,,,,3.32,,,GREEN,LOW,False,,False,,JRN_NDLS_LKO_01_20260902_190156,0.2397,0.0,0.4541,0.4541,1.0,NONE,NONE,,37.5,222.6,06:53:30,30.0,BASELINE_HISTORICAL_CALIBRATION,308.0,50.0
OBS_000089,06:54:00,2640.0,12004,ROUTE_NDLS_LKO_01,SYNTHETIC_SIMULATOR,OK,28.451197,77.620669,54.812,123.5,34.31,123.5,0.0,980.7,130.0,,1095.84,SEC_GZB_ALJN,,GZB,ALJN,76.188,457.188,CRUISING,,,,,3.03,,,GREEN,LOW,False,,False,,JRN_NDLS_LKO_01_20260902_190156,0.2397,0.0,0.4541,0.4541,1.0,NONE,NONE,,37.0,222.1,06:54:00,30.0,BASELINE_HISTORICAL_CALIBRATION,307.5,49.5
OBS_000090,06:54:30,2670.0,12004,ROUTE_NDLS_LKO_01,SYNTHETIC_SIMULATOR,OK,28.443716,77.626982,55.842,123.5,34.31,123.5,0.0,980.7,130.0,,1088.52,SEC_GZB_ALJN,,GZB,ALJN,75.158,456.158,CRUISING,,,,,2.75,,,GREEN,LOW,False,,False,,JRN_NDLS_LKO_01_20260902_190156,0.2397,0.0,0.4541,0.4541,1.0,NONE,NONE,,36.5,221.6,06:54:30,30.0,BASELINE_HISTORICAL_CALIBRATION,307.0,49.0
OBS_000091,06:55:00,2700.0,12004,ROUTE_NDLS_LKO_01,SYNTHETIC_SIMULATOR,OK,28.436235,77.633294,56.871,123.5,34.31,123.5,0.0,980.7,130.0,,1081.14,SEC_GZB_ALJN,,GZB,ALJN,74.129,455.129,CRUISING,,,,,2.46,,,GREEN,LOW,False,,False,,JRN_NDLS_LKO_01_20260902_190156,0.2397,0.0,0.4541,0.4541,1.0,NONE,NONE,,36.0,221.1,06:55:00,30.0,BASELINE_HISTORICAL_CALIBRATION,306.5,48.5
OBS_000092,06:55:30,2730.0,12004,ROUTE_NDLS_LKO_01,SYNTHETIC_SIMULATOR,OK,28.428754,77.639607,57.9,123.5,34.31,123.5,0.0,980.7,130.0,,1073.71,SEC_GZB_ALJN,,GZB,ALJN,73.1,454.1,CRUISING,,,,,2.18,,,GREEN,LOW,False,,False,,JRN_NDLS_LKO_01_20260902_190156,0.2397,0.0,0.4541,0.4541,1.0,NONE,NONE,,35.5,220.6,06:55:30,30.0,BASELINE_HISTORICAL_CALIBRATION,306.0,48.0
OBS_000093,06:56:00,2760.0,12004,ROUTE_NDLS_LKO_01,SYNTHETIC_SIMULATOR,OK,28.421273,77.64592,58.929,123.5,34.31,123.5,0.0,980.7,130.0,,1066.23,SEC_GZB_ALJN,,GZB,ALJN,72.071,453.071,CRUISING,,,,,1.9,,,GREEN,LOW,False,,False,,JRN_NDLS_LKO_01_20260902_190156,0.2397,0.0,0.4541,0.4541,1.0,NONE,NONE,,35.0,220.1,06:56:00,30.0,BASELINE_HISTORICAL_CALIBRATION,305.5,47.5
OBS_000094,06:56:30,2790.0,12004,ROUTE_NDLS_LKO_01,SYNTHETIC_SIMULATOR,OK,28.413792,77.652233,59.958,123.5,34.31,123.5,0.0,980.7,130.0,,1058.7,SEC_GZB_ALJN,,GZB,ALJN,71.042,452.042,CRUISING,,,,,1.61,,,GREEN,LOW,False,,False,,JRN_NDLS_LKO_01_20260902_190156,0.2397,0.0,0.4541,0.4541,1.0,NONE,NONE,,34.5,219.6,06:56:30,30.0,BASELINE_HISTORICAL_CALIBRATION,305.0,47.0
OBS_000095,06:57:00,2820.0,12004,ROUTE_NDLS_LKO_01,SYNTHETIC_SIMULATOR,OK,28.406312,77.658546,60.987,123.5,34.31,123.5,0.0,980.7,130.0,,1051.11,SEC_GZB_ALJN,,GZB,ALJN,70.013,451.013,CRUISING,,,,,1.33,,,GREEN,LOW,False,,False,,JRN_NDLS_LKO_01_20260902_190156,0.2397,0.0,0.4541,0.4541,1.0,NONE,NONE,,34.0,219.1,06:57:00,30.0,BASELINE_HISTORICAL_CALIBRATION,304.5,46.5
OBS_000096,06:57:30,2850.0,12004,ROUTE_NDLS_LKO_01,SYNTHETIC_SIMULATOR,OK,28.398831,77.664859,62.017,123.5,34.31,123.5,0.0,980.7,130.0,,1043.47,SEC_GZB_ALJN,,GZB,ALJN,68.983,449.983,CRUISING,,,,,1.04,,,GREEN,LOW,False,,False,,JRN_NDLS_LKO_01_20260902_190156,0.2397,0.0,0.4541,0.4541,1.0,NONE,NONE,,33.5,218.6,06:57:30,30.0,BASELINE_HISTORICAL_CALIBRATION,304.0,46.0
OBS_000097,06:58:00,2880.0,12004,ROUTE_NDLS_LKO_01,SYNTHETIC_SIMULATOR,OK,28.39135,77.671172,63.046,123.5,34.31,123.5,0.0,980.7,130.0,,1035.77,SEC_GZB_ALJN,,GZB,ALJN,67.954,448.954,CRUISING,,,,,0.76,,,GREEN,LOW,False,,False,,JRN_NDLS_LKO_01_20260902_190156,0.2397,0.0,0.4541,0.4541,1.0,NONE,NONE,,33.0,218.1,06:58:00,30.0,BASELINE_HISTORICAL_CALIBRATION,303.5,45.5
OBS_000098,06:58:30,2910.0,12004,ROUTE_NDLS_LKO_01,SYNTHETIC_SIMULATOR,OK,28.383869,77.677485,64.075,123.5,34.31,123.5,0.0,980.7,130.0,,1028.02,SEC_GZB_ALJN,,GZB,ALJN,66.925,447.925,CRUISING,,,,,0.48,,,GREEN,LOW,False,,False,,JRN_NDLS_LKO_01_20260902_190156,0.2397,0.0,0.4541,0.4541,1.0,NONE,NONE,,32.5,217.6,06:58:30,30.0,BASELINE_HISTORICAL_CALIBRATION,303.0,45.0
OBS_000099,06:59:00,2940.0,12004,ROUTE_NDLS_LKO_01,SYNTHETIC_SIMULATOR,OK,28.376388,77.683797,65.104,123.5,34.31,123.5,0.0,980.7,130.0,,1020.2,SEC_GZB_ALJN,,GZB,ALJN,65.896,446.896,CRUISING,,,,,0.19,,,GREEN,LOW,False,,False,,JRN_NDLS_LKO_01_20260902_190156,0.2397,0.0,0.4541,0.4541,1.0,NONE,NONE,,32.0,217.1,06:59:00,30.0,BASELINE_HISTORICAL_CALIBRATION,302.5,44.5
OBS_000100,06:59:30,2970.0,12004,ROUTE_NDLS_LKO_01,SYNTHETIC_SIMULATOR,OK,28.368907,77.69011,66.133,123.5,34.31,123.5,0.0,980.7,130.0,,1012.33,SEC_GZB_ALJN,,GZB,ALJN,64.867,445.867,CRUISING,,,,,-0.09,,,GREEN,LOW,False,,False,,JRN_NDLS_LKO_01_20260902_190156,0.2397,0.0,0.4541,0.4541,1.0,NONE,NONE,,31.5,216.6,06:59:30,30.0,BASELINE_HISTORICAL_CALIBRATION,302.0,44.0
OBS_000101,07:00:00,3000.0,12004,ROUTE_NDLS_LKO_01,SYNTHETIC_SIMULATOR,OK,28.361426,77.696423,67.162,123.5,34.31,123.5,0.0,980.7,130.0,,1004.39,SEC_GZB_ALJN,,GZB,ALJN,63.838,444.838,CRUISING,,,,,-0.37,,,GREEN,LOW,False,,False,,JRN_NDLS_LKO_01_20260902_190156,0.2301,0.0,0.4541,0.4541,1.0,NONE,NONE,,31.0,216.1,07:00:00,30.0,BASELINE_HISTORICAL_CALIBRATION,301.5,43.5
OBS_000102,07:00:30,3030.0,12004,ROUTE_NDLS_LKO_01,SYNTHETIC_SIMULATOR,OK,28.353945,77.702736,68.192,123.5,34.31,123.5,0.0,980.7,130.0,,996.39,SEC_GZB_ALJN,,GZB,ALJN,62.808,443.808,CRUISING,,,,,-0.66,,,GREEN,LOW,False,,False,,JRN_NDLS_LKO_01_20260902_190156,0.2301,0.0,0.4541,0.4541,1.0,NONE,NONE,,30.5,215.6,07:00:30,30.0,BASELINE_HISTORICAL_CALIBRATION,301.0,43.0
OBS_000103,07:01:00,3060.0,12004,ROUTE_NDLS_LKO_01,SYNTHETIC_SIMULATOR,OK,28.346465,77.709049,69.221,123.5,34.31,123.5,0.0,980.7,130.0,,988.33,SEC_GZB_ALJN,,GZB,ALJN,61.779,442.779,CRUISING,,,,,-0.94,,,GREEN,LOW,False,,False,,JRN_NDLS_LKO_01_20260902_190156,0.2301,0.0,0.4541,0.4541,1.0,NONE,NONE,,30.0,215.1,07:01:00,30.0,BASELINE_HISTORICAL_CALIBRATION,300.5,42.5
OBS_000104,07:01:30,3090.0,12004,ROUTE_NDLS_LKO_01,SYNTHETIC_SIMULATOR,OK,28.338984,77.715362,70.25,123.5,34.31,123.5,0.0,980.7,130.0,,980.2,SEC_GZB_ALJN,,GZB,ALJN,60.75,441.75,CRUISING,,,,,-1.23,,,GREEN,LOW,False,,False,,JRN_NDLS_LKO_01_20260902_190156,0.2301,0.0,0.4541,0.4541,1.0,NONE,NONE,,29.5,214.6,07:01:30,30.0,BASELINE_HISTORICAL_CALIBRATION,300.0,42.0
OBS_000105,07:02:00,3120.0,12004,ROUTE_NDLS_LKO_01,SYNTHETIC_SIMULATOR,OK,28.331503,77.721675,71.279,123.5,34.31,123.5,0.0,980.7,130.0,,972.0,SEC_GZB_ALJN,,GZB,ALJN,59.721,440.721,CRUISING,,,,,-1.51,,,GREEN,LOW,False,,False,,JRN_NDLS_LKO_01_20260902_190156,0.2301,0.0,0.4541,0.4541,1.0,NONE,NONE,,29.0,214.1,07:02:00,30.0,BASELINE_HISTORICAL_CALIBRATION,299.5,41.5
OBS_000106,07:02:30,3150.0,12004,ROUTE_NDLS_LKO_01,SYNTHETIC_SIMULATOR,OK,28.324022,77.727988,72.308,123.5,34.31,123.5,0.0,980.7,130.0,,963.73,SEC_GZB_ALJN,,GZB,ALJN,58.692,439.692,CRUISING,,,,,-1.79,,,GREEN,LOW,False,,False,,JRN_NDLS_LKO_01_20260902_190156,0.2301,0.0,0.4541,0.4541,1.0,NONE,NONE,,28.5,213.6,07:02:30,30.0,BASELINE_HISTORICAL_CALIBRATION,299.0,41.0
OBS_000107,07:03:00,3180.0,12004,ROUTE_NDLS_LKO_01,SYNTHETIC_SIMULATOR,OK,28.316541,77.7343,73.337,123.5,34.31,123.5,0.0,980.7,130.0,,955.39,SEC_GZB_ALJN,,GZB,ALJN,57.663,438.663,CRUISING,,,,,-2.08,,,GREEN,LOW,False,,False,,JRN_NDLS_LKO_01_20260902_190156,0.2301,0.0,0.4541,0.4541,1.0,NONE,NONE,,28.0,213.1,07:03:00,30.0,BASELINE_HISTORICAL_CALIBRATION,298.5,40.5
OBS_000108,07:03:30,3210.0,12004,ROUTE_NDLS_LKO_01,SYNTHETIC_SIMULATOR,OK,28.30906,77.740613,74.367,123.5,34.31,123.5,0.0,980.7,130.0,,946.98,SEC_GZB_ALJN,,GZB,ALJN,56.633,437.633,CRUISING,,,,,-2.36,,,GREEN,LOW,False,,False,,JRN_NDLS_LKO_01_20260902_190156,0.2301,0.0,0.4541,0.4541,1.0,NONE,NONE,,27.5,212.6,07:03:30,30.0,BASELINE_HISTORICAL_CALIBRATION,298.0,40.0
OBS_000109,07:04:00,3240.0,12004,ROUTE_NDLS_LKO_01,SYNTHETIC_SIMULATOR,OK,28.301579,77.746926,75.396,123.5,34.31,123.5,0.0,980.7,130.0,,938.49,SEC_GZB_ALJN,,GZB,ALJN,55.604,436.604,CRUISING,,,,,-2.65,,,GREEN,LOW,False,,False,,JRN_NDLS_LKO_01_20260902_190156,0.2301,0.0,0.4541,0.4541,1.0,NONE,NONE,,27.0,212.1,07:04:00,30.0,BASELINE_HISTORICAL_CALIBRATION,297.5,39.5
OBS_000110,07:04:30,3270.0,12004,ROUTE_NDLS_LKO_01,SYNTHETIC_SIMULATOR,OK,28.294098,77.753239,76.425,123.5,34.31,123.5,0.0,980.7,130.0,,929.92,SEC_GZB_ALJN,,GZB,ALJN,54.575,435.575,CRUISING,,,,,-2.93,,,GREEN,LOW,False,,False,,JRN_NDLS_LKO_01_20260902_190156,0.2301,0.0,0.4541,0.4541,1.0,NONE,NONE,,26.5,211.6,07:04:30,30.0,BASELINE_HISTORICAL_CALIBRATION,297.0,39.0
OBS_000111,07:05:00,3300.0,12004,ROUTE_NDLS_LKO_01,SYNTHETIC_SIMULATOR,OK,28.286618,77.759552,77.454,123.5,34.31,123.5,0.0,980.7,130.0,,921.28,SEC_GZB_ALJN,,GZB,ALJN,53.546,434.546,CRUISING,,,,,-3.21,,,GREEN,LOW,False,,False,,JRN_NDLS_LKO_01_20260902_190156,0.2301,0.0,0.4541,0.4541,1.0,NONE,NONE,,26.0,211.1,07:05:00,30.0,BASELINE_HISTORICAL_CALIBRATION,296.5,38.5
OBS_000112,07:05:30,3330.0,12004,ROUTE_NDLS_LKO_01,SYNTHETIC_SIMULATOR,OK,28.279137,77.765865,78.483,123.5,34.31,123.5,0.0,980.7,130.0,,912.55,SEC_GZB_ALJN,,GZB,ALJN,52.517,433.517,CRUISING,,,,,-3.5,,,GREEN,LOW,False,,False,,JRN_NDLS_LKO_01_20260902_190156,0.2301,0.0,0.4541,0.4541,1.0,NONE,NONE,,25.5,210.6,07:05:30,30.0,BASELINE_HISTORICAL_CALIBRATION,296.0,38.0
OBS_000113,07:06:00,3360.0,12004,ROUTE_NDLS_LKO_01,SYNTHETIC_SIMULATOR,OK,28.271656,77.772178,79.513,123.5,34.31,123.5,0.0,980.7,130.0,,903.74,SEC_GZB_ALJN,,GZB,ALJN,51.487,432.488,CRUISING,,,,,-3.78,,,GREEN,LOW,False,,False,,JRN_NDLS_LKO_01_20260902_190156,0.2301,0.0,0.4541,0.4541,1.0,NONE,NONE,,25.0,210.1,07:06:00,30.0,BASELINE_HISTORICAL_CALIBRATION,295.5,37.5
OBS_000114,07:06:30,3390.0,12004,ROUTE_NDLS_LKO_01,SYNTHETIC_SIMULATOR,OK,28.264175,77.77849,80.542,123.5,34.31,123.5,0.0,980.7,130.0,,894.84,SEC_GZB_ALJN,,GZB,ALJN,50.458,431.458,CRUISING,,,,,-4.07,,,GREEN,LOW,False,,False,,JRN_NDLS_LKO_01_20260902_190156,0.2301,0.0,0.4541,0.4541,1.0,NONE,NONE,,24.5,209.6,07:06:30,30.0,BASELINE_HISTORICAL_CALIBRATION,295.0,37.0
OBS_000115,07:07:00,3420.0,12004,ROUTE_NDLS_LKO_01,SYNTHETIC_SIMULATOR,OK,28.256694,77.784803,81.571,123.5,34.31,123.5,0.0,980.7,130.0,,885.85,SEC_GZB_ALJN,,GZB,ALJN,49.429,430.429,CRUISING,,,,,-4.35,,,GREEN,LOW,False,,False,,JRN_NDLS_LKO_01_20260902_190156,0.2301,0.0,0.4541,0.4541,1.0,NONE,NONE,,24.0,209.1,07:07:00,30.0,BASELINE_HISTORICAL_CALIBRATION,294.5,36.5
OBS_000116,07:07:30,3450.0,12004,ROUTE_NDLS_LKO_01,SYNTHETIC_SIMULATOR,OK,28.249213,77.791116,82.6,123.5,34.31,123.5,0.0,980.7,130.0,,876.77,SEC_GZB_ALJN,,GZB,ALJN,48.4,429.4,CRUISING,,,,,-4.63,,,GREEN,LOW,False,,False,,JRN_NDLS_LKO_01_20260902_190156,0.2301,0.0,0.4541,0.4541,1.0,NONE,NONE,,23.5,208.6,07:07:30,30.0,BASELINE_HISTORICAL_CALIBRATION,294.0,36.0
OBS_000117,07:08:00,3480.0,12004,ROUTE_NDLS_LKO_01,SYNTHETIC_SIMULATOR,OK,28.241732,77.797429,83.629,123.5,34.31,123.5,0.0,980.7,130.0,,867.59,SEC_GZB_ALJN,,GZB,ALJN,47.371,428.371,CRUISING,,,,,-4.92,,,GREEN,LOW,False,,False,,JRN_NDLS_LKO_01_20260902_190156,0.2301,0.0,0.4541,0.4541,1.0,NONE,NONE,,23.0,208.1,07:08:00,30.0,BASELINE_HISTORICAL_CALIBRATION,293.5,35.5
OBS_000118,07:08:30,3510.0,12004,ROUTE_NDLS_LKO_01,SYNTHETIC_SIMULATOR,OK,28.234251,77.803742,84.658,123.5,34.31,123.5,0.0,980.7,130.0,,858.32,SEC_GZB_ALJN,,GZB,ALJN,46.342,427.342,CRUISING,,,,,-5.2,,,GREEN,LOW,False,,False,,JRN_NDLS_LKO_01_20260902_190156,0.2301,0.0,0.4541,0.4541,1.0,NONE,NONE,,22.5,207.6,07:08:30,30.0,BASELINE_HISTORICAL_CALIBRATION,293.0,35.0
OBS_000119,07:09:00,3540.0,12004,ROUTE_NDLS_LKO_01,SYNTHETIC_SIMULATOR,OK,28.226771,77.810055,85.688,123.5,34.31,123.5,0.0,980.7,130.0,,848.94,SEC_GZB_ALJN,,GZB,ALJN,45.312,426.312,CRUISING,,,,,-5.49,,,GREEN,LOW,False,,False,,JRN_NDLS_LKO_01_20260902_190156,0.2301,0.0,0.4541,0.4541,1.0,NONE,NONE,,22.0,207.1,07:09:00,30.0,BASELINE_HISTORICAL_CALIBRATION,292.5,34.5
OBS_000120,07:09:30,3570.0,12004,ROUTE_NDLS_LKO_01,SYNTHETIC_SIMULATOR,OK,28.21929,77.816368,86.717,123.5,34.31,123.5,0.0,980.7,130.0,,839.46,SEC_GZB_ALJN,,GZB,ALJN,44.283,425.283,CRUISING,,,,,-5.77,,,GREEN,LOW,False,,False,,JRN_NDLS_LKO_01_20260902_190156,0.2301,0.0,0.4541,0.4541,1.0,NONE,NONE,,21.5,206.6,07:09:30,30.0,BASELINE_HISTORICAL_CALIBRATION,292.0,34.0
OBS_000121,07:10:00,3600.0,12004,ROUTE_NDLS_LKO_01,SYNTHETIC_SIMULATOR,OK,28.217697,77.817712,86.936,58.7,16.31,76.0,-0.6,221.6,130.0,,829.88,SEC_GZB_ALJN,,GZB,ALJN,44.064,425.064,DECELERATING,,,,,-6.05,,,GREEN,LOW,False,,False,EVT_LKO_002,JRN_NDLS_LKO_01_20260902_190156,0.2301,0.0,0.4541,0.4541,1.0,NONE,NONE,,45.0,434.5,07:10:00,30.0,BASELINE_HISTORICAL_CALIBRATION,291.5,33.5
OBS_000122,07:10:30,3630.0,12004,ROUTE_NDLS_LKO_01,SYNTHETIC_SIMULATOR,OK,28.211457,77.822977,87.794,76.0,21.11,76.0,0.5,371.4,130.0,,827.82,SEC_GZB_ALJN,,GZB,ALJN,43.206,424.206,ACCELERATING,,,,,-5.72,,,GREEN,LOW,False,,False,EVT_LKO_002,JRN_NDLS_LKO_01_20260902_190156,0.2301,0.0,0.4541,0.4541,1.0,NONE,NONE,,34.1,334.9,07:10:30,30.0,BASELINE_HISTORICAL_CALIBRATION,291.0,33.0
OBS_000123,07:11:00,3660.0,12004,ROUTE_NDLS_LKO_01,SYNTHETIC_SIMULATOR,OK,28.206854,77.826862,88.428,76.0,21.11,76.0,0.0,371.4,130.0,,819.72,SEC_GZB_ALJN,,GZB,ALJN,42.572,423.572,CRUISING,,,,,-5.87,,,GREEN,LOW,False,,False,EVT_LKO_002,JRN_NDLS_LKO_01_20260902_190156,0.2301,0.0,0.4541,0.4541,1.0,NONE,NONE,,33.6,334.4,07:11:00,30.0,BASELINE_HISTORICAL_CALIBRATION,290.5,32.5
OBS_000124,07:11:30,3690.0,12004,ROUTE_NDLS_LKO_01,SYNTHETIC_SIMULATOR,OK,28.20225,77.830747,89.061,76.0,21.11,76.0,0.0,371.4,130.0,,813.69,SEC_GZB_ALJN,,GZB,ALJN,41.939,422.939,CRUISING,,,,,-5.86,,,GREEN,LOW,False,,False,EVT_LKO_002,JRN_NDLS_LKO_01_20260902_190156,0.2301,0.0,0.4541,0.4541,1.0,NONE,NONE,,33.1,333.9,07:11:30,30.0,BASELINE_HISTORICAL_CALIBRATION,290.0,32.0
OBS_000125,07:12:00,3720.0,12004,ROUTE_NDLS_LKO_01,SYNTHETIC_SIMULATOR,OK,28.197647,77.834632,89.694,76.0,21.11,76.0,0.0,371.4,130.0,,807.61,SEC_GZB_ALJN,,GZB,ALJN,41.306,422.306,CRUISING,,,,,-5.84,,,GREEN,LOW,False,,False,EVT_LKO_002,JRN_NDLS_LKO_01_20260902_190156,0.2301,0.0,0.4541,0.4541,1.0,NONE,NONE,,32.6,333.4,07:12:00,30.0,BASELINE_HISTORICAL_CALIBRATION,289.5,31.5
OBS_000126,07:12:30,3750.0,12004,ROUTE_NDLS_LKO_01,SYNTHETIC_SIMULATOR,OK,28.193043,77.838516,90.328,76.0,21.11,76.0,0.0,371.4,130.0,,801.49,SEC_GZB_ALJN,,GZB,ALJN,40.672,421.673,CRUISING,,,,,-5.82,,,GREEN,LOW,False,,False,EVT_LKO_002,JRN_NDLS_LKO_01_20260902_190156,0.2301,0.0,0.4541,0.4541,1.0,NONE,NONE,,32.1,332.9,07:12:30,30.0,BASELINE_HISTORICAL_CALIBRATION,289.0,31.0
OBS_000127,07:13:00,3780.0,12004,ROUTE_NDLS_LKO_01,SYNTHETIC_SIMULATOR,OK,28.188439,77.842401,90.961,76.0,21.11,76.0,0.0,371.4,130.0,,795.32,SEC_GZB_ALJN,,GZB,ALJN,40.039,421.039,CRUISING,,,,,-5.8,,,GREEN,LOW,False,,False,EVT_LKO_002,JRN_NDLS_LKO_01_20260902_190156,0.2301,0.0,0.4541,0.4541,1.0,NONE,NONE,,31.6,332.4,07:13:00,30.0,BASELINE_HISTORICAL_CALIBRATION,288.5,30.5
OBS_000128,07:13:30,3810.0,12004,ROUTE_NDLS_LKO_01,SYNTHETIC_SIMULATOR,OK,28.183836,77.846286,91.594,76.0,21.11,76.0,0.0,371.4,130.0,,789.11,SEC_GZB_ALJN,,GZB,ALJN,39.406,420.406,CRUISING,,,,,-5.79,,,GREEN,LOW,False,,False,EVT_LKO_002,JRN_NDLS_LKO_01_20260902_190156,0.2301,0.0,0.4541,0.4541,1.0,NONE,NONE,,31.1,331.9,07:13:30,30.0,BASELINE_HISTORICAL_CALIBRATION,288.0,30.0
OBS_000129,07:14:00,3840.0,12004,ROUTE_NDLS_LKO_01,SYNTHETIC_SIMULATOR,OK,28.179232,77.850171,92.228,76.0,21.11,76.0,0.0,371.4,130.0,,782.84,SEC_GZB_ALJN,,GZB,ALJN,38.772,419.772,CRUISING,,,,,-5.77,,,GREEN,LOW,False,,False,EVT_LKO_002,JRN_NDLS_LKO_01_20260902_190156,0.2301,0.0,0.4541,0.4541,1.0,NONE,NONE,,30.6,331.4,07:14:00,30.0,BASELINE_HISTORICAL_CALIBRATION,287.5,29.5
OBS_000130,07:14:30,3870.0,12004,ROUTE_NDLS_LKO_01,SYNTHETIC_SIMULATOR,OK,28.174629,77.854056,92.861,76.0,21.11,76.0,0.0,371.4,130.0,,776.52,SEC_GZB_ALJN,,GZB,ALJN,38.139,419.139,CRUISING,,,,,-5.75,,,GREEN,LOW,False,,False,EVT_LKO_002,JRN_NDLS_LKO_01_20260902_190156,0.2301,0.0,0.4541,0.4541,1.0,NONE,NONE,,30.1,330.9,07:14:30,30.0,BASELINE_HISTORICAL_CALIBRATION,287.0,29.0
OBS_000131,07:15:00,3900.0,12004,ROUTE_NDLS_LKO_01,SYNTHETIC_SIMULATOR,OK,28.170025,77.857941,93.494,76.0,21.11,76.0,0.0,371.4,130.0,,770.16,SEC_GZB_ALJN,,GZB,ALJN,37.506,418.506,CRUISING,,,,,-5.73,,,GREEN,LOW,False,,False,EVT_LKO_002,JRN_NDLS_LKO_01_20260902_190156,0.2301,0.0,0.4541,0.4541,1.0,NONE,NONE,,29.6,330.4,07:15:00,30.0,BASELINE_HISTORICAL_CALIBRATION,286.5,28.5
OBS_000132,07:15:30,3930.0,12004,ROUTE_NDLS_LKO_01,SYNTHETIC_SIMULATOR,OK,28.165421,77.861825,94.127,76.0,21.11,76.0,0.0,371.4,130.0,,763.73,SEC_GZB_ALJN,,GZB,ALJN,36.873,417.873,CRUISING,,,,,-5.72,,,GREEN,LOW,False,,False,EVT_LKO_002,JRN_NDLS_LKO_01_20260902_190156,0.2301,0.0,0.4541,0.4541,1.0,NONE,NONE,,29.1,329.9,07:15:30,30.0,BASELINE_HISTORICAL_CALIBRATION,286.0,28.0
OBS_000133,07:16:00,3960.0,12004,ROUTE_NDLS_LKO_01,SYNTHETIC_SIMULATOR,OK,28.160818,77.86571,94.761,76.0,21.11,76.0,0.0,371.4,130.0,,757.26,SEC_GZB_ALJN,,GZB,ALJN,36.239,417.239,CRUISING,,,,,-5.7,,,GREEN,LOW,False,,False,EVT_LKO_002,JRN_NDLS_LKO_01_20260902_190156,0.2301,0.0,0.4541,0.4541,1.0,NONE,NONE,,28.6,329.4,07:16:00,30.0,BASELINE_HISTORICAL_CALIBRATION,285.5,27.5
OBS_000134,07:16:30,3990.0,12004,ROUTE_NDLS_LKO_01,SYNTHETIC_SIMULATOR,OK,28.156214,77.869595,95.394,76.0,21.11,76.0,0.0,371.4,130.0,,750.73,SEC_GZB_ALJN,,GZB,ALJN,35.606,416.606,CRUISING,,,,,-5.68,,,GREEN,LOW,False,,False,EVT_LKO_002,JRN_NDLS_LKO_01_20260902_190156,0.2301,0.0,0.4541,0.4541,1.0,NONE,NONE,,28.1,328.9,07:16:30,30.0,BASELINE_HISTORICAL_CALIBRATION,285.0,27.0
OBS_000135,07:17:00,4020.0,12004,ROUTE_NDLS_LKO_01,SYNTHETIC_SIMULATOR,OK,28.15161,77.87348,96.027,76.0,21.11,76.0,0.0,371.4,130.0,,744.14,SEC_GZB_ALJN,,GZB,ALJN,34.973,415.973,CRUISING,,,,,-5.66,,,GREEN,LOW,False,,False,EVT_LKO_002,JRN_NDLS_LKO_01_20260902_190156,0.2301,0.0,0.4541,0.4541,1.0,NONE,NONE,,27.6,328.4,07:17:00,30.0,BASELINE_HISTORICAL_CALIBRATION,284.5,26.5
OBS_000136,07:17:30,4050.0,12004,ROUTE_NDLS_LKO_01,SYNTHETIC_SIMULATOR,OK,28.147007,77.877365,96.661,76.0,21.11,76.0,0.0,371.4,130.0,,737.49,SEC_GZB_ALJN,,GZB,ALJN,34.339,415.339,CRUISING,,,,,-5.65,,,GREEN,LOW,False,,False,EVT_LKO_002,JRN_NDLS_LKO_01_20260902_190156,0.2301,0.0,0.4541,0.4541,1.0,NONE,NONE,,27.1,327.9,07:17:30,30.0,BASELINE_HISTORICAL_CALIBRATION,284.0,26.0
OBS_000137,07:18:00,4080.0,12004,ROUTE_NDLS_LKO_01,SYNTHETIC_SIMULATOR,OK,28.142403,77.88125,97.294,76.0,21.11,76.0,0.0,371.4,130.0,,730.78,SEC_GZB_ALJN,,GZB,ALJN,33.706,414.706,CRUISING,,,,,-5.63,,,GREEN,LOW,False,,False,EVT_LKO_002,JRN_NDLS_LKO_01_20260902_190156,0.2301,0.0,0.4541,0.4541,1.0,NONE,NONE,,26.6,327.4,07:18:00,30.0,BASELINE_HISTORICAL_CALIBRATION,283.5,25.5
OBS_000138,07:18:30,4110.0,12004,ROUTE_NDLS_LKO_01,SYNTHETIC_SIMULATOR,OK,28.1378,77.885135,97.927,76.0,21.11,76.0,0.0,371.4,130.0,,724.01,SEC_GZB_ALJN,,GZB,ALJN,33.073,414.073,CRUISING,,,,,-5.61,,,GREEN,LOW,False,,False,EVT_LKO_002,JRN_NDLS_LKO_01_20260902_190156,0.2301,0.0,0.4541,0.4541,1.0,NONE,NONE,,26.1,326.9,07:18:30,30.0,BASELINE_HISTORICAL_CALIBRATION,283.0,25.0
OBS_000139,07:19:00,4140.0,12004,ROUTE_NDLS_LKO_01,SYNTHETIC_SIMULATOR,OK,28.133196,77.889019,98.561,76.0,21.11,76.0,0.0,371.4,130.0,,717.18,SEC_GZB_ALJN,,GZB,ALJN,32.439,413.439,CRUISING,,,,,-5.59,,,GREEN,LOW,False,,False,EVT_LKO_002,JRN_NDLS_LKO_01_20260902_190156,0.2301,0.0,0.4541,0.4541,1.0,NONE,NONE,,25.6,326.4,07:19:00,30.0,BASELINE_HISTORICAL_CALIBRATION,282.5,24.5
OBS_000140,07:19:30,4170.0,12004,ROUTE_NDLS_LKO_01,SYNTHETIC_SIMULATOR,OK,28.128592,77.892904,99.194,76.0,21.11,76.0,0.0,371.4,130.0,,710.28,SEC_GZB_ALJN,,GZB,ALJN,31.806,412.806,CRUISING,,,,,-5.58,,,GREEN,LOW,False,,False,EVT_LKO_002,JRN_NDLS_LKO_01_20260902_190156,0.2301,0.0,0.4541,0.4541,1.0,NONE,NONE,,25.1,325.9,07:19:30,30.0,BASELINE_HISTORICAL_CALIBRATION,282.0,24.0
OBS_000141,07:20:00,4200.0,12004,ROUTE_NDLS_LKO_01,SYNTHETIC_SIMULATOR,OK,28.123989,77.896789,99.827,76.0,21.11,76.0,0.0,371.4,130.0,,703.31,SEC_GZB_ALJN,,GZB,ALJN,31.173,412.173,CRUISING,,,,,-5.56,,,GREEN,LOW,False,,False,EVT_LKO_002,JRN_NDLS_LKO_01_20260902_190156,0.2301,0.0,0.4541,0.4541,1.0,NONE,NONE,,24.6,325.4,07:20:00,30.0,BASELINE_HISTORICAL_CALIBRATION,281.5,23.5
OBS_000142,07:20:30,4230.0,12004,ROUTE_NDLS_LKO_01,SYNTHETIC_SIMULATOR,OK,28.119385,77.900674,100.461,76.0,21.11,76.0,0.0,371.4,130.0,,696.27,SEC_GZB_ALJN,,GZB,ALJN,30.539,411.539,CRUISING,,,,,-5.54,,,GREEN,LOW,False,,False,EVT_LKO_002,JRN_NDLS_LKO_01_20260902_190156,0.2301,0.0,0.4541,0.4541,1.0,NONE,NONE,,24.1,324.9,07:20:30,30.0,BASELINE_HISTORICAL_CALIBRATION,281.0,23.0
OBS_000143,07:21:00,4260.0,12004,ROUTE_NDLS_LKO_01,SYNTHETIC_SIMULATOR,OK,28.114782,77.904559,101.094,76.0,21.11,76.0,0.0,371.4,130.0,,689.16,SEC_GZB_ALJN,,GZB,ALJN,29.906,410.906,CRUISING,,,,,-5.52,,,GREEN,LOW,False,,False,EVT_LKO_002,JRN_NDLS_LKO_01_20260902_190156,0.2301,0.0,0.4541,0.4541,1.0,NONE,NONE,,23.6,324.4,07:21:00,30.0,BASELINE_HISTORICAL_CALIBRATION,280.5,22.5
OBS_000144,07:21:30,4290.0,12004,ROUTE_NDLS_LKO_01,SYNTHETIC_SIMULATOR,OK,28.110178,77.908444,101.727,76.0,21.11,76.0,0.0,371.4,130.0,,681.98,SEC_GZB_ALJN,,GZB,ALJN,29.273,410.273,CRUISING,,,,,-5.51,,,GREEN,LOW,False,,False,EVT_LKO_002,JRN_NDLS_LKO_01_20260902_190156,0.2301,0.0,0.4541,0.4541,1.0,NONE,NONE,,23.1,323.9,07:21:30,30.0,BASELINE_HISTORICAL_CALIBRATION,280.0,22.0
OBS_000145,07:22:00,4320.0,12004,ROUTE_NDLS_LKO_01,SYNTHETIC_SIMULATOR,OK,28.105574,77.912328,102.361,76.0,21.11,76.0,0.0,371.4,130.0,,674.72,SEC_GZB_ALJN,,GZB,ALJN,28.639,409.639,CRUISING,,,,,-5.49,,,GREEN,LOW,False,,False,EVT_LKO_002,JRN_NDLS_LKO_01_20260902_190156,0.2301,0.0,0.4541,0.4541,1.0,NONE,NONE,,22.6,323.4,07:22:00,30.0,BASELINE_HISTORICAL_CALIBRATION,279.5,21.5
OBS_000146,07:22:30,4350.0,12004,ROUTE_NDLS_LKO_01,SYNTHETIC_SIMULATOR,OK,28.100971,77.916213,102.994,76.0,21.11,76.0,0.0,371.4,130.0,,667.38,SEC_GZB_ALJN,,GZB,ALJN,28.006,409.006,CRUISING,,,,,-5.47,,,GREEN,LOW,False,,False,EVT_LKO_002,JRN_NDLS_LKO_01_20260902_190156,0.2301,0.0,0.4541,0.4541,1.0,NONE,NONE,,22.1,322.9,07:22:30,30.0,BASELINE_HISTORICAL_CALIBRATION,279.0,21.0
OBS_000147,07:23:00,4380.0,12004,ROUTE_NDLS_LKO_01,SYNTHETIC_SIMULATOR,OK,28.096367,77.920098,103.627,76.0,21.11,76.0,0.0,371.4,130.0,,659.96,SEC_GZB_ALJN,,GZB,ALJN,27.373,408.373,CRUISING,,,,,-5.45,,,GREEN,LOW,False,,False,EVT_LKO_002,JRN_NDLS_LKO_01_20260902_190156,0.2301,0.0,0.4541,0.4541,1.0,NONE,NONE,,21.6,322.4,07:23:00,30.0,BASELINE_HISTORICAL_CALIBRATION,278.5,20.5
OBS_000148,07:23:30,4410.0,12004,ROUTE_NDLS_LKO_01,SYNTHETIC_SIMULATOR,OK,28.091763,77.923983,104.261,76.0,21.11,76.0,0.0,371.4,130.0,,652.45,SEC_GZB_ALJN,,GZB,ALJN,26.739,407.739,CRUISING,,,,,-5.44,,,GREEN,LOW,False,,False,EVT_LKO_002,JRN_NDLS_LKO_01_20260902_190156,0.2301,0.0,0.4541,0.4541,1.0,NONE,NONE,,21.1,321.9,07:23:30,30.0,BASELINE_HISTORICAL_CALIBRATION,278.0,20.0
OBS_000149,07:24:00,4440.0,12004,ROUTE_NDLS_LKO_01,SYNTHETIC_SIMULATOR,OK,28.08716,77.927868,104.894,76.0,21.11,76.0,0.0,371.4,130.0,,644.86,SEC_GZB_ALJN,,GZB,ALJN,26.106,407.106,CRUISING,,,,,-5.42,,,GREEN,LOW,False,,False,EVT_LKO_002,JRN_NDLS_LKO_01_20260902_190156,0.2301,0.0,0.4541,0.4541,1.0,NONE,NONE,,20.6,321.4,07:24:00,30.0,BASELINE_HISTORICAL_CALIBRATION,277.5,19.5
OBS_000150,07:24:30,4470.0,12004,ROUTE_NDLS_LKO_01,SYNTHETIC_SIMULATOR,OK,28.082556,77.931753,105.527,76.0,21.11,76.0,0.0,371.4,130.0,,637.18,SEC_GZB_ALJN,,GZB,ALJN,25.473,406.473,CRUISING,,,,,-5.4,,,GREEN,LOW,False,,False,EVT_LKO_002,JRN_NDLS_LKO_01_20260902_190156,0.2301,0.0,0.4541,0.4541,1.0,NONE,NONE,,20.1,320.9,07:24:30,30.0,BASELINE_HISTORICAL_CALIBRATION,277.0,19.0
OBS_000151,07:25:00,4500.0,12004,ROUTE_NDLS_LKO_01,SYNTHETIC_SIMULATOR,OK,28.077953,77.935637,106.161,76.0,21.11,76.0,0.0,371.4,130.0,,629.4,SEC_GZB_ALJN,,GZB,ALJN,24.839,405.839,CRUISING,,,,,-5.38,,,GREEN,LOW,False,,False,EVT_LKO_002,JRN_NDLS_LKO_01_20260902_190156,0.2301,0.0,0.4541,0.4541,1.0,NONE,NONE,,19.6,320.4,07:25:00,30.0,BASELINE_HISTORICAL_CALIBRATION,276.5,18.5
OBS_000152,07:25:30,4530.0,12004,ROUTE_NDLS_LKO_01,SYNTHETIC_SIMULATOR,OK,28.073349,77.939522,106.794,76.0,21.11,76.0,0.0,371.4,130.0,,621.53,SEC_GZB_ALJN,,GZB,ALJN,24.206,405.206,CRUISING,,,,,-5.36,,,GREEN,LOW,False,,False,EVT_LKO_002,JRN_NDLS_LKO_01_20260902_190156,0.2301,0.0,0.4541,0.4541,1.0,NONE,NONE,,19.1,319.9,07:25:30,30.0,BASELINE_HISTORICAL_CALIBRATION,276.0,18.0
OBS_000153,07:26:00,4560.0,12004,ROUTE_NDLS_LKO_01,SYNTHETIC_SIMULATOR,OK,28.068745,77.943407,107.427,76.0,21.11,76.0,0.0,371.4,130.0,,613.55,SEC_GZB_ALJN,,GZB,ALJN,23.573,404.573,CRUISING,,,,,-5.35,,,GREEN,LOW,False,,False,EVT_LKO_002,JRN_NDLS_LKO_01_20260902_190156,0.2301,0.0,0.4541,0.4541,1.0,NONE,NONE,,18.6,319.4,07:26:00,30.0,BASELINE_HISTORICAL_CALIBRATION,275.5,17.5
OBS_000154,07:26:30,4590.0,12004,ROUTE_NDLS_LKO_01,SYNTHETIC_SIMULATOR,OK,28.064142,77.947292,108.061,76.0,21.11,76.0,0.0,371.4,130.0,,605.47,SEC_GZB_ALJN,,GZB,ALJN,22.939,403.939,CRUISING,,,,,-5.33,,,GREEN,LOW,False,,False,EVT_LKO_002,JRN_NDLS_LKO_01_20260902_190156,0.2301,0.0,0.4541,0.4541,1.0,NONE,NONE,,18.1,318.9,07:26:30,30.0,BASELINE_HISTORICAL_CALIBRATION,275.0,17.0
OBS_000155,07:27:00,4620.0,12004,ROUTE_NDLS_LKO_01,SYNTHETIC_SIMULATOR,OK,28.059538,77.951177,108.694,76.0,21.11,76.0,0.0,371.4,130.0,,597.29,SEC_GZB_ALJN,,GZB,ALJN,22.306,403.306,CRUISING,,,,,-5.31,,,GREEN,LOW,False,,False,EVT_LKO_002,JRN_NDLS_LKO_01_20260902_190156,0.2301,0.0,0.4541,0.4541,1.0,NONE,NONE,,17.6,318.4,07:27:00,30.0,BASELINE_HISTORICAL_CALIBRATION,274.5,16.5
OBS_000156,07:27:30,4650.0,12004,ROUTE_NDLS_LKO_01,SYNTHETIC_SIMULATOR,OK,28.054935,77.955062,109.327,76.0,21.11,76.0,0.0,371.4,130.0,,588.98,SEC_GZB_ALJN,,GZB,ALJN,21.673,402.673,CRUISING,,,,,-5.29,,,GREEN,LOW,False,,False,EVT_LKO_002,JRN_NDLS_LKO_01_20260902_190156,0.2301,0.0,0.4541,0.4541,1.0,NONE,NONE,,17.1,317.9,07:27:30,30.0,BASELINE_HISTORICAL_CALIBRATION,274.0,16.0
OBS_000157,07:28:00,4680.0,12004,ROUTE_NDLS_LKO_01,SYNTHETIC_SIMULATOR,OK,28.050331,77.958947,109.961,76.0,21.11,76.0,0.0,371.4,130.0,,580.56,SEC_GZB_ALJN,,GZB,ALJN,21.039,402.039,CRUISING,,,,,-5.28,,,GREEN,LOW,False,,False,EVT_LKO_002,JRN_NDLS_LKO_01_20260902_190156,0.2301,0.0,0.4541,0.4541,1.0,NONE,NONE,,16.6,317.4,07:28:00,30.0,BASELINE_HISTORICAL_CALIBRATION,273.5,15.5
OBS_000158,07:28:30,4710.0,12004,ROUTE_NDLS_LKO_01,SYNTHETIC_SIMULATOR,OK,28.045727,77.962831,110.594,76.0,21.11,76.0,0.0,371.4,130.0,,572.01,SEC_GZB_ALJN,,GZB,ALJN,20.406,401.406,CRUISING,,,,,-5.26,,,GREEN,LOW,False,,False,EVT_LKO_002,JRN_NDLS_LKO_01_20260902_190156,0.2301,0.0,0.4541,0.4541,1.0,NONE,NONE,,16.1,316.9,07:28:30,30.0,BASELINE_HISTORICAL_CALIBRATION,273.0,15.0
OBS_000159,07:29:00,4740.0,12004,ROUTE_NDLS_LKO_01,SYNTHETIC_SIMULATOR,OK,28.041124,77.966716,111.227,76.0,21.11,76.0,0.0,371.4,130.0,,563.34,SEC_GZB_ALJN,,GZB,ALJN,19.773,400.773,CRUISING,,,,,-5.24,,,GREEN,LOW,False,,False,EVT_LKO_002,JRN_NDLS_LKO_01_20260902_190156,0.2301,0.0,0.4541,0.4541,1.0,NONE,NONE,,15.6,316.4,07:29:00,30.0,BASELINE_HISTORICAL_CALIBRATION,272.5,14.5
OBS_000160,07:29:30,4770.0,12004,ROUTE_NDLS_LKO_01,SYNTHETIC_SIMULATOR,OK,28.03652,77.970601,111.861,76.0,21.11,76.0,0.0,371.4,130.0,,554.53,SEC_GZB_ALJN,,GZB,ALJN,19.139,400.139,CRUISING,,,,,-5.22,,,GREEN,LOW,False,,False,EVT_LKO_002,JRN_NDLS_LKO_01_20260902_190156,0.2301,0.0,0.4541,0.4541,1.0,NONE,NONE,,15.1,315.9,07:29:30,30.0,BASELINE_HISTORICAL_CALIBRATION,272.0,14.0
OBS_000161,07:30:00,4800.0,12004,ROUTE_NDLS_LKO_01,SYNTHETIC_SIMULATOR,OK,28.031916,77.974486,112.494,76.0,21.11,76.0,0.0,371.4,130.0,,545.58,SEC_GZB_ALJN,,GZB,ALJN,18.506,399.506,CRUISING,,,,,-5.21,,,GREEN,LOW,False,,False,EVT_LKO_002,JRN_NDLS_LKO_01_20260902_190156,0.2301,0.0,0.4541,0.4541,1.0,NONE,NONE,,14.6,315.4,07:30:00,30.0,BASELINE_HISTORICAL_CALIBRATION,271.5,13.5
OBS_000162,07:30:30,4830.0,12004,ROUTE_NDLS_LKO_01,SYNTHETIC_SIMULATOR,OK,28.027313,77.978371,113.127,76.0,21.11,76.0,0.0,371.4,130.0,,536.47,SEC_GZB_ALJN,,GZB,ALJN,17.873,398.873,CRUISING,,,,,-5.19,,,GREEN,LOW,False,,False,EVT_LKO_002,JRN_NDLS_LKO_01_20260902_190156,0.2301,0.0,0.4541,0.4541,1.0,NONE,NONE,,14.1,314.9,07:30:30,30.0,BASELINE_HISTORICAL_CALIBRATION,271.0,13.0
OBS_000163,07:31:00,4860.0,12004,ROUTE_NDLS_LKO_01,SYNTHETIC_SIMULATOR,OK,28.022709,77.982256,113.761,76.0,21.11,76.0,0.0,371.4,130.0,,527.21,SEC_GZB_ALJN,,GZB,ALJN,17.239,398.239,CRUISING,,,,,-5.17,,,GREEN,LOW,False,,False,EVT_LKO_002,JRN_NDLS_LKO_01_20260902_190156,0.2301,0.0,0.4541,0.4541,1.0,NONE,NONE,,13.6,314.4,07:31:00,30.0,BASELINE_HISTORICAL_CALIBRATION,270.5,12.5
OBS_000164,07:31:30,4890.0,12004,ROUTE_NDLS_LKO_01,SYNTHETIC_SIMULATOR,OK,28.018106,77.98614,114.394,76.0,21.11,76.0,0.0,371.4,130.0,,517.79,SEC_GZB_ALJN,,GZB,ALJN,16.606,397.606,CRUISING,,,,,-5.15,,,GREEN,LOW,False,,False,EVT_LKO_002,JRN_NDLS_LKO_01_20260902_190156,0.2301,0.0,0.4541,0.4541,1.0,NONE,NONE,,13.1,313.9,07:31:30,30.0,BASELINE_HISTORICAL_CALIBRATION,270.0,12.0
OBS_000165,07:32:00,4920.0,12004,ROUTE_NDLS_LKO_01,SYNTHETIC_SIMULATOR,OK,28.013502,77.990025,115.027,76.0,21.11,76.0,0.0,371.4,130.0,,508.19,SEC_GZB_ALJN,,GZB,ALJN,15.973,396.973,CRUISING,,,,,-5.14,,,GREEN,LOW,False,,False,EVT_LKO_002,JRN_NDLS_LKO_01_20260902_190156,0.2301,0.0,0.4541,0.4541,1.0,NONE,NONE,,12.6,313.4,07:32:00,30.0,BASELINE_HISTORICAL_CALIBRATION,269.5,11.5
OBS_000166,07:32:30,4950.0,12004,ROUTE_NDLS_LKO_01,SYNTHETIC_SIMULATOR,OK,28.008898,77.99391,115.661,76.0,21.11,76.0,0.0,371.4,130.0,,498.4,SEC_GZB_ALJN,,GZB,ALJN,15.339,396.339,CRUISING,,,,,-5.12,,,GREEN,LOW,False,,False,EVT_LKO_002,JRN_NDLS_LKO_01_20260902_190156,0.2301,0.0,0.4541,0.4541,1.0,NONE,NONE,,12.1,312.9,07:32:30,30.0,BASELINE_HISTORICAL_CALIBRATION,269.0,11.0
OBS_000167,07:33:00,4980.0,12004,ROUTE_NDLS_LKO_01,SYNTHETIC_SIMULATOR,OK,28.004295,77.997795,116.294,76.0,21.11,76.0,0.0,371.4,130.0,,488.42,SEC_GZB_ALJN,,GZB,ALJN,14.706,395.706,CRUISING,,,,,-5.1,,,GREEN,LOW,False,,False,EVT_LKO_002,JRN_NDLS_LKO_01_20260902_190156,0.2301,0.0,0.4541,0.4541,1.0,NONE,NONE,,11.6,312.4,07:33:00,30.0,BASELINE_HISTORICAL_CALIBRATION,268.5,10.5
OBS_000168,07:33:30,5010.0,12004,ROUTE_NDLS_LKO_01,SYNTHETIC_SIMULATOR,OK,27.999691,78.00168,116.927,76.0,21.11,76.0,0.0,371.4,130.0,,478.23,SEC_GZB_ALJN,,GZB,ALJN,14.073,395.073,CRUISING,,,,,-5.08,,,GREEN,LOW,False,,False,EVT_LKO_002,JRN_NDLS_LKO_01_20260902_190156,0.2301,0.0,0.4541,0.4541,1.0,NONE,NONE,,11.1,311.9,07:33:30,30.0,BASELINE_HISTORICAL_CALIBRATION,268.0,10.0
OBS_000169,07:34:00,5040.0,12004,ROUTE_NDLS_LKO_01,SYNTHETIC_SIMULATOR,OK,27.995088,78.005565,117.561,76.0,21.11,76.0,0.0,371.4,130.0,,467.82,SEC_GZB_ALJN,,GZB,ALJN,13.439,394.439,CRUISING,,,,,-5.07,,,GREEN,LOW,False,,False,EVT_LKO_002,JRN_NDLS_LKO_01_20260902_190156,0.2301,0.0,0.4541,0.4541,1.0,NONE,NONE,,10.6,311.4,07:34:00,30.0,BASELINE_HISTORICAL_CALIBRATION,267.5,9.5
OBS_000170,07:34:30,5070.0,12004,ROUTE_NDLS_LKO_01,SYNTHETIC_SIMULATOR,OK,27.990484,78.00945,118.194,76.0,21.11,76.0,0.0,371.4,130.0,,457.17,SEC_GZB_ALJN,,GZB,ALJN,12.806,393.806,CRUISING,,,,,-5.05,,,GREEN,LOW,False,,False,EVT_LKO_002,JRN_NDLS_LKO_01_20260902_190156,0.2301,0.0,0.4541,0.4541,1.0,NONE,NONE,,10.1,310.9,07:34:30,30.0,BASELINE_HISTORICAL_CALIBRATION,267.0,9.0
OBS_000171,07:35:00,5100.0,12004,ROUTE_NDLS_LKO_01,SYNTHETIC_SIMULATOR,OK,27.98588,78.013334,118.827,76.0,21.11,76.0,0.0,371.4,130.0,,446.27,SEC_GZB_ALJN,,GZB,ALJN,12.173,393.173,CRUISING,,,,,-5.03,,,GREEN,LOW,False,,False,EVT_LKO_002,JRN_NDLS_LKO_01_20260902_190156,0.2301,0.0,0.4541,0.4541,1.0,NONE,NONE,,9.6,310.4,07:35:00,30.0,BASELINE_HISTORICAL_CALIBRATION,266.5,8.5
OBS_000172,07:35:30,5130.0,12004,ROUTE_NDLS_LKO_01,SYNTHETIC_SIMULATOR,OK,27.981277,78.017219,119.461,76.0,21.11,76.0,0.0,371.4,130.0,,435.09,SEC_GZB_ALJN,,GZB,ALJN,11.539,392.539,CRUISING,,,,,-5.01,,,GREEN,LOW,False,,False,EVT_LKO_002,JRN_NDLS_LKO_01_20260902_190156,0.2301,0.0,0.4541,0.4541,1.0,NONE,NONE,,9.1,309.9,07:35:30,30.0,BASELINE_HISTORICAL_CALIBRATION,266.0,8.0
OBS_000173,07:36:00,5160.0,12004,ROUTE_NDLS_LKO_01,SYNTHETIC_SIMULATOR,OK,27.976673,78.021104,120.094,76.0,21.11,76.0,0.0,371.4,130.0,,423.62,SEC_GZB_ALJN,,GZB,ALJN,10.906,391.906,CRUISING,,,,,-5.0,,,GREEN,LOW,False,,False,EVT_LKO_002,JRN_NDLS_LKO_01_20260902_190156,0.2301,0.0,0.4541,0.4541,1.0,NONE,NONE,,8.6,309.4,07:36:00,30.0,BASELINE_HISTORICAL_CALIBRATION,265.5,7.5
OBS_000174,07:36:30,5190.0,12004,ROUTE_NDLS_LKO_01,SYNTHETIC_SIMULATOR,OK,27.972069,78.024989,120.727,76.0,21.11,76.0,0.0,371.4,130.0,,411.83,SEC_GZB_ALJN,,GZB,ALJN,10.273,391.273,CRUISING,,,,,-4.98,,,GREEN,LOW,False,,False,EVT_LKO_002,JRN_NDLS_LKO_01_20260902_190156,0.2301,0.0,0.4541,0.4541,1.0,NONE,NONE,,8.1,308.9,07:36:30,30.0,BASELINE_HISTORICAL_CALIBRATION,265.0,7.0
OBS_000175,07:37:00,5220.0,12004,ROUTE_NDLS_LKO_01,SYNTHETIC_SIMULATOR,OK,27.967466,78.028874,121.361,76.0,21.11,76.0,0.0,371.4,130.0,,399.7,SEC_GZB_ALJN,,GZB,ALJN,9.639,390.639,CRUISING,,,,,-4.96,,,GREEN,LOW,False,,False,EVT_LKO_002,JRN_NDLS_LKO_01_20260902_190156,0.2301,0.0,0.4541,0.4541,1.0,NONE,NONE,,7.6,308.4,07:37:00,30.0,BASELINE_HISTORICAL_CALIBRATION,264.5,6.5
OBS_000176,07:37:30,5250.0,12004,ROUTE_NDLS_LKO_01,SYNTHETIC_SIMULATOR,OK,27.962862,78.032759,121.994,76.0,21.11,76.0,0.0,371.4,130.0,,387.18,SEC_GZB_ALJN,,GZB,ALJN,9.006,390.006,CRUISING,,,,,-4.94,,,GREEN,LOW,False,,False,EVT_LKO_002,JRN_NDLS_LKO_01_20260902_190156,0.2301,0.0,0.4541,0.4541,1.0,NONE,NONE,,7.1,307.9,07:37:30,30.0,BASELINE_HISTORICAL_CALIBRATION,264.0,6.0
OBS_000177,07:38:00,5280.0,12004,ROUTE_NDLS_LKO_01,SYNTHETIC_SIMULATOR,OK,27.958259,78.036643,122.627,76.0,21.11,76.0,0.0,371.4,130.0,,374.24,SEC_GZB_ALJN,,GZB,ALJN,8.373,389.373,CRUISING,,,,,-4.93,,,GREEN,LOW,False,,False,EVT_LKO_002,JRN_NDLS_LKO_01_20260902_190156,0.2301,0.0,0.4541,0.4541,1.0,NONE,NONE,,6.6,307.4,07:38:00,30.0,BASELINE_HISTORICAL_CALIBRATION,263.5,5.5
OBS_000178,07:38:30,5310.0,12004,ROUTE_NDLS_LKO_01,SYNTHETIC_SIMULATOR,OK,27.953655,78.040528,123.261,76.0,21.11,76.0,0.0,371.4,130.0,,360.85,SEC_GZB_ALJN,,GZB,ALJN,7.739,388.739,CRUISING,,,,,-4.91,,,GREEN,LOW,False,,False,EVT_LKO_002,JRN_NDLS_LKO_01_20260902_190156,0.2301,0.0,0.4541,0.4541,1.0,NONE,NONE,,6.1,306.9,07:38:30,30.0,BASELINE_HISTORICAL_CALIBRATION,263.0,5.0
OBS_000179,07:39:00,5340.0,12004,ROUTE_NDLS_LKO_01,SYNTHETIC_SIMULATOR,OK,27.949051,78.044413,123.894,76.0,21.11,76.0,0.0,371.4,130.0,,346.93,SEC_GZB_ALJN,,GZB,ALJN,7.106,388.106,CRUISING,,,,,-4.89,,,GREEN,LOW,False,,False,EVT_LKO_002,JRN_NDLS_LKO_01_20260902_190156,0.2301,0.0,0.4541,0.4541,1.0,NONE,NONE,,5.6,306.4,07:39:00,30.0,BASELINE_HISTORICAL_CALIBRATION,262.5,4.5
OBS_000180,07:39:30,5370.0,12004,ROUTE_NDLS_LKO_01,SYNTHETIC_SIMULATOR,OK,27.944448,78.048298,124.527,76.0,21.11,76.0,0.0,371.4,130.0,,332.43,SEC_GZB_ALJN,,GZB,ALJN,6.473,387.473,CRUISING,,,,,-4.87,,,GREEN,LOW,False,,False,EVT_LKO_002,JRN_NDLS_LKO_01_20260902_190156,0.2301,0.0,0.4541,0.4541,1.0,NONE,NONE,,5.1,305.9,07:39:30,30.0,BASELINE_HISTORICAL_CALIBRATION,262.0,4.0
OBS_000181,07:40:00,5400.0,12004,ROUTE_NDLS_LKO_01,SYNTHETIC_SIMULATOR,OK,27.939844,78.052183,125.161,76.0,21.11,76.0,0.0,371.4,130.0,,317.27,SEC_GZB_ALJN,,GZB,ALJN,5.839,386.839,CRUISING,,,,,-4.85,,,GREEN,LOW,False,,False,EVT_LKO_002,JRN_NDLS_LKO_01_20260902_190156,0.2301,0.0,0.4541,0.4541,1.0,NONE,NONE,,4.6,305.4,07:40:00,30.0,BASELINE_HISTORICAL_CALIBRATION,261.5,3.5
OBS_000182,07:40:30,5430.0,12004,ROUTE_NDLS_LKO_01,SYNTHETIC_SIMULATOR,OK,27.930728,78.059876,126.415,123.5,34.31,123.5,0.5,980.7,130.0,,301.35,SEC_GZB_ALJN,,GZB,ALJN,4.585,385.585,ACCELERATING,,,,,-4.84,,,GREEN,LOW,False,,False,,JRN_NDLS_LKO_01_20260902_190156,0.2301,0.0,0.4541,0.4541,1.0,NONE,NONE,,2.2,187.3,07:40:30,30.0,BASELINE_HISTORICAL_CALIBRATION,261.0,3.0
OBS_000183,07:41:00,5460.0,12004,ROUTE_NDLS_LKO_01,SYNTHETIC_SIMULATOR,OK,27.923247,78.066189,127.444,123.5,34.31,123.5,0.0,980.7,130.0,,267.03,SEC_GZB_ALJN,,GZB,ALJN,3.556,384.556,CRUISING,,,,,-5.29,,,GREEN,LOW,False,,False,,JRN_NDLS_LKO_01_20260902_190156,0.2301,0.0,0.4541,0.4541,1.0,NONE,NONE,,1.7,186.8,07:41:00,30.0,BASELINE_HISTORICAL_CALIBRATION,260.5,2.5
OBS_000184,07:41:30,5490.0,12004,ROUTE_NDLS_LKO_01,SYNTHETIC_SIMULATOR,OK,27.915766,78.072502,128.473,123.5,34.31,123.5,0.0,980.7,130.0,,235.16,SEC_GZB_ALJN,,GZB,ALJN,2.527,383.527,CRUISING,,,,,-5.58,,,GREEN,LOW,False,,False,,JRN_NDLS_LKO_01_20260902_190156,0.2301,0.0,0.4541,0.4541,1.0,NONE,NONE,,1.2,186.3,07:41:30,30.0,BASELINE_HISTORICAL_CALIBRATION,260.0,2.0
OBS_000185,07:42:00,5520.0,12004,ROUTE_NDLS_LKO_01,SYNTHETIC_SIMULATOR,OK,27.908285,78.078814,129.502,123.5,34.31,123.5,0.0,980.7,130.0,,198.23,SEC_GZB_ALJN,,GZB,ALJN,1.498,382.498,CRUISING,,,,,-5.86,,,GREEN,LOW,False,,False,,JRN_NDLS_LKO_01_20260902_190156,0.2301,0.0,0.4541,0.4541,1.0,NONE,NONE,,0.7,185.8,07:42:00,30.0,BASELINE_HISTORICAL_CALIBRATION,259.5,1.5
OBS_000186,07:42:30,5550.0,12004,ROUTE_NDLS_LKO_01,SYNTHETIC_SIMULATOR,OK,27.900804,78.085127,130.532,123.5,34.31,123.5,0.0,980.7,130.0,,152.61,SEC_GZB_ALJN,,GZB,ALJN,0.468,381.468,CRUISING,,,,,-6.14,,,GREEN,LOW,False,,False,,JRN_NDLS_LKO_01_20260902_190156,0.2301,0.0,0.4541,0.4541,1.0,NONE,NONE,,0.2,185.3,07:42:30,30.0,BASELINE_HISTORICAL_CALIBRATION,259.0,1.0
OBS_000187,07:43:00,5580.0,12004,ROUTE_NDLS_LKO_01,SYNTHETIC_SIMULATOR,OK,27.899211,78.086472,130.751,58.7,16.31,85.34,-0.6,221.6,130.0,,85.34,SEC_GZB_ALJN,,GZB,ALJN,0.249,381.249,DECELERATING,,,,,-6.43,,,GREEN,LOW,False,,False,,JRN_NDLS_LKO_01_20260902_190156,0.2301,0.0,0.4541,0.4541,1.0,NONE,NONE,,0.3,389.7,07:43:00,30.0,BASELINE_HISTORICAL_CALIBRATION,258.5,0.5
OBS_000188,07:43:30,5610.0,12004,ROUTE_NDLS_LKO_01,SYNTHETIC_SIMULATOR,OK,27.8974,78.088,131.0,0.0,0.0,62.25,0.0,0.0,130.0,,62.25,SEC_GZB_ALJN,ALJN,ALJN,TDL,78.0,381.0,DWELLING,ARRIVED,07:43:30,,,-6.1,,,GREEN,LOW,False,,False,,JRN_NDLS_LKO_01_20260902_190156,0.2301,0.0,0.4541,0.4541,1.0,NONE,NONE,,187.2,914.4,07:43:30,30.0,BASELINE_HISTORICAL_CALIBRATION,258.0,46.5
OBS_000189,07:44:00,5640.0,12004,ROUTE_NDLS_LKO_01,SYNTHETIC_SIMULATOR,OK,27.8974,78.088,131.0,0.0,0.0,0.0,0.0,0.0,130.0,,0.0,SEC_ALJN_TDL,ALJN,ALJN,TDL,78.0,381.0,DWELLING,,,,,-5.79,,,GREEN,LOW,False,,False,,JRN_NDLS_LKO_01_20260902_190156,0.2301,0.0,0.4541,0.4541,1.0,NONE,NONE,,187.2,914.4,07:44:00,30.0,BASELINE_HISTORICAL_CALIBRATION,257.5,46.0
OBS_000190,07:44:30,5670.0,12004,ROUTE_NDLS_LKO_01,SYNTHETIC_SIMULATOR,OK,27.8974,78.088,131.0,0.0,0.0,0.0,0.0,0.0,130.0,,0.0,SEC_ALJN_TDL,ALJN,ALJN,TDL,78.0,381.0,DWELLING,,,,,-5.29,,,GREEN,LOW,False,,False,,JRN_NDLS_LKO_01_20260902_190156,0.2301,0.0,0.4541,0.4541,1.0,NONE,NONE,,187.2,914.4,07:44:30,30.0,BASELINE_HISTORICAL_CALIBRATION,257.0,45.5
OBS_000191,07:45:00,5700.0,12004,ROUTE_NDLS_LKO_01,SYNTHETIC_SIMULATOR,OK,27.8974,78.088,131.0,0.0,0.0,0.0,0.0,0.0,130.0,,0.0,SEC_ALJN_TDL,ALJN,ALJN,TDL,78.0,381.0,DWELLING,,,,,-4.79,,,GREEN,LOW,False,,False,,JRN_NDLS_LKO_01_20260902_190156,0.2301,0.0,0.4541,0.4541,1.0,NONE,NONE,,187.2,914.4,07:45:00,30.0,BASELINE_HISTORICAL_CALIBRATION,256.5,45.0
OBS_000192,07:45:30,5730.0,12004,ROUTE_NDLS_LKO_01,SYNTHETIC_SIMULATOR,OK,27.8974,78.088,131.0,0.0,0.0,0.0,0.0,0.0,130.0,,0.0,SEC_ALJN_TDL,ALJN,ALJN,TDL,78.0,381.0,DWELLING,,,,,-4.29,,,GREEN,LOW,False,,False,,JRN_NDLS_LKO_01_20260902_190156,0.2301,0.0,0.4541,0.4541,1.0,NONE,NONE,,187.2,914.4,07:45:30,30.0,BASELINE_HISTORICAL_CALIBRATION,256.0,44.5
OBS_000193,07:46:00,5760.0,12004,ROUTE_NDLS_LKO_01,SYNTHETIC_SIMULATOR,OK,27.8974,78.088,131.0,0.0,0.0,0.0,0.0,0.0,130.0,,0.0,SEC_ALJN_TDL,ALJN,ALJN,TDL,78.0,381.0,DWELLING,,,,,-3.79,,,GREEN,LOW,False,,False,,JRN_NDLS_LKO_01_20260902_190156,0.2301,0.0,0.4541,0.4541,1.0,NONE,NONE,,187.2,914.4,07:46:00,30.0,BASELINE_HISTORICAL_CALIBRATION,255.5,44.0
OBS_000194,07:46:30,5790.0,12004,ROUTE_NDLS_LKO_01,SYNTHETIC_SIMULATOR,OK,27.8974,78.088,131.0,0.0,0.0,0.0,0.0,0.0,130.0,,0.0,SEC_ALJN_TDL,ALJN,ALJN,TDL,78.0,381.0,DWELLING,,,,,-3.29,,,GREEN,LOW,False,,False,,JRN_NDLS_LKO_01_20260902_190156,0.2301,0.0,0.4541,0.4541,1.0,NONE,NONE,,187.2,914.4,07:46:30,30.0,BASELINE_HISTORICAL_CALIBRATION,255.0,43.5
OBS_000195,07:47:00,5820.0,12004,ROUTE_NDLS_LKO_01,SYNTHETIC_SIMULATOR,OK,27.8974,78.088,131.0,0.0,0.0,0.0,0.0,0.0,130.0,,0.0,SEC_ALJN_TDL,ALJN,ALJN,TDL,78.0,381.0,DWELLING,,,,,-2.79,,,GREEN,LOW,False,,False,,JRN_NDLS_LKO_01_20260902_190156,0.2301,0.0,0.4541,0.4541,1.0,NONE,NONE,,187.2,914.4,07:47:00,30.0,BASELINE_HISTORICAL_CALIBRATION,254.5,43.0
OBS_000196,07:47:30,5850.0,12004,ROUTE_NDLS_LKO_01,SYNTHETIC_SIMULATOR,OK,27.8974,78.088,131.0,0.0,0.0,0.0,0.0,0.0,130.0,,0.0,SEC_ALJN_TDL,ALJN,ALJN,TDL,78.0,381.0,DWELLING,,,,,-2.29,,,GREEN,LOW,False,,False,,JRN_NDLS_LKO_01_20260902_190156,0.2301,0.0,0.4541,0.4541,1.0,NONE,NONE,,187.2,914.4,07:47:30,30.0,BASELINE_HISTORICAL_CALIBRATION,254.0,42.5
OBS_000197,07:48:00,5880.0,12004,ROUTE_NDLS_LKO_01,SYNTHETIC_SIMULATOR,OK,27.8974,78.088,131.0,0.0,0.0,0.0,0.0,0.0,130.0,,0.0,SEC_ALJN_TDL,ALJN,ALJN,TDL,78.0,381.0,DWELLING,,,,,-1.79,,,GREEN,LOW,False,,False,,JRN_NDLS_LKO_01_20260902_190156,0.2301,0.0,0.4541,0.4541,1.0,NONE,NONE,,187.2,914.4,07:48:00,30.0,BASELINE_HISTORICAL_CALIBRATION,253.5,42.0
OBS_000198,07:48:30,5910.0,12004,ROUTE_NDLS_LKO_01,SYNTHETIC_SIMULATOR,OK,27.8974,78.088,131.0,0.0,0.0,0.0,0.0,0.0,130.0,,0.0,SEC_ALJN_TDL,ALJN,ALJN,TDL,78.0,381.0,DWELLING,,,,,-1.29,,,GREEN,LOW,False,,False,,JRN_NDLS_LKO_01_20260902_190156,0.2301,0.0,0.4541,0.4541,1.0,NONE,NONE,,187.2,914.4,07:48:30,30.0,BASELINE_HISTORICAL_CALIBRATION,253.0,41.5
OBS_000199,07:49:00,5940.0,12004,ROUTE_NDLS_LKO_01,SYNTHETIC_SIMULATOR,OK,27.8974,78.088,131.0,0.0,0.0,0.0,0.0,0.0,130.0,,0.0,SEC_ALJN_TDL,ALJN,ALJN,TDL,78.0,381.0,DWELLING,,,,,-0.79,,,GREEN,LOW,False,,False,,JRN_NDLS_LKO_01_20260902_190156,0.2301,0.0,0.4541,0.4541,1.0,NONE,NONE,,187.2,914.4,07:49:00,30.0,BASELINE_HISTORICAL_CALIBRATION,252.5,41.0
OBS_000200,07:49:30,5970.0,12004,ROUTE_NDLS_LKO_01,SYNTHETIC_SIMULATOR,OK,27.8974,78.088,131.0,0.0,0.0,0.0,0.0,0.0,130.0,,0.0,SEC_ALJN_TDL,ALJN,ALJN,TDL,78.0,381.0,DWELLING,,,,,-0.29,,,GREEN,LOW,False,,False,,JRN_NDLS_LKO_01_20260902_190156,0.2301,0.0,0.4541,0.4541,1.0,NONE,NONE,,187.2,914.4,07:49:30,30.0,BASELINE_HISTORICAL_CALIBRATION,252.0,40.5
OBS_000201,07:50:00,6000.0,12004,ROUTE_NDLS_LKO_01,SYNTHETIC_SIMULATOR,OK,27.8974,78.088,131.0,0.0,0.0,0.0,0.0,0.0,130.0,,0.0,SEC_ALJN_TDL,ALJN,ALJN,TDL,78.0,381.0,DWELLING,,,,,0.21,,,GREEN,LOW,False,,False,,JRN_NDLS_LKO_01_20260902_190156,0.2301,0.0,0.4541,0.4541,1.0,NONE,NONE,,187.2,914.4,07:50:00,30.0,BASELINE_HISTORICAL_CALIBRATION,251.5,40.0
OBS_000202,07:50:30,6030.0,12004,ROUTE_NDLS_LKO_01,SYNTHETIC_SIMULATOR,OK,27.8974,78.088,131.0,0.0,0.0,0.0,0.0,0.0,130.0,,0.0,SEC_ALJN_TDL,ALJN,ALJN,TDL,78.0,381.0,DWELLING,,,,,0.71,,,GREEN,LOW,False,,False,,JRN_NDLS_LKO_01_20260902_190156,0.2301,0.0,0.4541,0.4541,1.0,NONE,NONE,,187.2,914.4,07:50:30,30.0,BASELINE_HISTORICAL_CALIBRATION,251.0,39.5
OBS_000203,07:51:00,6060.0,12004,ROUTE_NDLS_LKO_01,SYNTHETIC_SIMULATOR,OK,27.8974,78.088,131.0,0.0,0.0,0.0,0.0,0.0,130.0,,0.0,SEC_ALJN_TDL,ALJN,ALJN,TDL,78.0,381.0,DWELLING,,,,,1.21,,,GREEN,LOW,False,,False,,JRN_NDLS_LKO_01_20260902_190156,0.2301,0.0,0.4541,0.4541,1.0,NONE,NONE,,187.2,914.4,07:51:00,30.0,BASELINE_HISTORICAL_CALIBRATION,250.5,39.0
OBS_000204,07:51:30,6090.0,12004,ROUTE_NDLS_LKO_01,SYNTHETIC_SIMULATOR,OK,27.8974,78.088,131.0,0.0,0.0,0.0,0.0,0.0,130.0,,0.0,SEC_ALJN_TDL,ALJN,ALJN,TDL,78.0,381.0,DWELLING,,,,,1.71,,,GREEN,LOW,False,,False,,JRN_NDLS_LKO_01_20260902_190156,0.2301,0.0,0.4541,0.4541,1.0,NONE,NONE,,187.2,914.4,07:51:30,30.0,BASELINE_HISTORICAL_CALIBRATION,250.0,38.5
OBS_000205,07:52:00,6120.0,12004,ROUTE_NDLS_LKO_01,SYNTHETIC_SIMULATOR,OK,27.8974,78.088,131.675,54.0,15.0,123.5,0.5,187.5,130.0,,1101.39,SEC_ALJN_TDL,ALJN,ALJN,TDL,77.325,380.325,ACCELERATING,DEPARTED,,07:52:00,2,2.21,,,GREEN,LOW,False,,False,,JRN_NDLS_LKO_01_20260902_190156,0.2301,0.0,0.4541,0.4541,1.0,NONE,NONE,,85.9,422.6,07:52:00,30.0,BASELINE_HISTORICAL_CALIBRATION,249.5,38.0
OBS_000206,07:52:30,6150.0,12004,ROUTE_NDLS_LKO_01,SYNTHETIC_SIMULATOR,OK,27.881486,78.091471,132.8,108.0,30.0,123.5,0.5,750.0,130.0,,1096.61,SEC_ALJN_TDL,,ALJN,TDL,76.2,379.2,ACCELERATING,,,,,2.2,,,GREEN,LOW,False,,False,,JRN_NDLS_LKO_01_20260902_190156,0.2301,0.0,0.4541,0.4541,1.0,NONE,NONE,,42.3,210.7,07:52:30,30.0,BASELINE_HISTORICAL_CALIBRATION,249.0,37.5
OBS_000207,07:53:00,6180.0,12004,ROUTE_NDLS_LKO_01,SYNTHETIC_SIMULATOR,OK,27.870398,78.093889,134.054,123.5,34.31,123.5,0.5,980.7,130.0,,1088.61,SEC_ALJN_TDL,,ALJN,TDL,74.946,377.946,ACCELERATING,,,,,1.84,,,GREEN,LOW,False,,False,,JRN_NDLS_LKO_01_20260902_190156,0.2301,0.0,0.4541,0.4541,1.0,NONE,NONE,,36.4,183.6,07:53:00,30.0,BASELINE_HISTORICAL_CALIBRATION,248.5,37.0
OBS_000208,07:53:30,6210.0,12004,ROUTE_NDLS_LKO_01,SYNTHETIC_SIMULATOR,OK,27.861299,78.095874,135.083,123.5,34.31,123.5,0.0,980.7,130.0,,1079.61,SEC_ALJN_TDL,,ALJN,TDL,73.917,376.917,CRUISING,,,,,1.39,,,GREEN,LOW,False,,False,,JRN_NDLS_LKO_01_20260902_190156,0.2301,0.0,0.4541,0.4541,1.0,NONE,NONE,,35.9,183.1,07:53:30,30.0,BASELINE_HISTORICAL_CALIBRATION,248.0,36.5
OBS_000209,07:54:00,6240.0,12004,ROUTE_NDLS_LKO_01,SYNTHETIC_SIMULATOR,OK,27.8522,78.097858,136.112,123.5,34.31,123.5,0.0,980.7,130.0,,1072.17,SEC_ALJN_TDL,,ALJN,TDL,72.888,375.888,CRUISING,,,,,1.1,,,GREEN,LOW,False,,False,,JRN_NDLS_LKO_01_20260902_190156,0.2301,0.0,0.4541,0.4541,1.0,NONE,NONE,,35.4,182.6,07:54:00,30.0,BASELINE_HISTORICAL_CALIBRATION,247.5,36.0
OBS_000210,07:54:30,6270.0,12004,ROUTE_NDLS_LKO_01,SYNTHETIC_SIMULATOR,OK,27.843101,78.099842,137.142,123.5,34.31,123.5,0.0,980.7,130.0,,1064.68,SEC_ALJN_TDL,,ALJN,TDL,71.858,374.858,CRUISING,,,,,0.82,,,GREEN,LOW,False,,False,,JRN_NDLS_LKO_01_20260902_190156,0.2301,0.0,0.4541,0.4541,1.0,NONE,NONE,,34.9,182.1,07:54:30,30.0,BASELINE_HISTORICAL_CALIBRATION,247.0,35.5
OBS_000211,07:55:00,6300.0,12004,ROUTE_NDLS_LKO_01,SYNTHETIC_SIMULATOR,OK,27.834002,78.101827,138.171,123.5,34.31,123.5,0.0,980.7,130.0,,1057.14,SEC_ALJN_TDL,,ALJN,TDL,70.829,373.829,CRUISING,,,,,0.54,,,GREEN,LOW,False,,False,,JRN_NDLS_LKO_01_20260902_190156,0.2301,0.0,0.4541,0.4541,1.0,NONE,NONE,,34.4,181.6,07:55:00,30.0,BASELINE_HISTORICAL_CALIBRATION,246.5,35.0
OBS_000212,07:55:30,6330.0,12004,ROUTE_NDLS_LKO_01,SYNTHETIC_SIMULATOR,OK,27.824904,78.103811,139.2,123.5,34.31,123.5,0.0,980.7,130.0,,1049.54,SEC_ALJN_TDL,,ALJN,TDL,69.8,372.8,CRUISING,,,,,0.25,,,GREEN,LOW,False,,False,,JRN_NDLS_LKO_01_20260902_190156,0.2301,0.0,0.4541,0.4541,1.0,NONE,NONE,,33.9,181.1,07:55:30,30.0,BASELINE_HISTORICAL_CALIBRATION,246.0,34.5
OBS_000213,07:56:00,6360.0,12004,ROUTE_NDLS_LKO_01,SYNTHETIC_SIMULATOR,OK,27.815805,78.105796,140.229,123.5,34.31,123.5,0.0,980.7,130.0,,1041.89,SEC_ALJN_TDL,,ALJN,TDL,68.771,371.771,CRUISING,,,,,-0.03,,,GREEN,LOW,False,,False,,JRN_NDLS_LKO_01_20260902_190156,0.2301,0.0,0.4541,0.4541,1.0,NONE,NONE,,33.4,180.6,07:56:00,30.0,BASELINE_HISTORICAL_CALIBRATION,245.5,34.0
OBS_000214,07:56:30,6390.0,12004,ROUTE_NDLS_LKO_01,SYNTHETIC_SIMULATOR,OK,27.806706,78.10778,141.258,123.5,34.31,123.5,0.0,980.7,130.0,,1034.18,SEC_ALJN_TDL,,ALJN,TDL,67.742,370.742,CRUISING,,,,,-0.32,,,GREEN,LOW,False,,False,,JRN_NDLS_LKO_01_20260902_190156,0.2301,0.0,0.4541,0.4541,1.0,NONE,NONE,,32.9,180.1,07:56:30,30.0,BASELINE_HISTORICAL_CALIBRATION,245.0,33.5
OBS_000215,07:57:00,6420.0,12004,ROUTE_NDLS_LKO_01,SYNTHETIC_SIMULATOR,OK,27.797607,78.109765,142.287,123.5,34.31,123.5,0.0,980.7,130.0,,1026.41,SEC_ALJN_TDL,,ALJN,TDL,66.713,369.713,CRUISING,,,,,-0.6,,,GREEN,LOW,False,,False,,JRN_NDLS_LKO_01_20260902_190156,0.2301,0.0,0.4541,0.4541,1.0,NONE,NONE,,32.4,179.6,07:57:00,30.0,BASELINE_HISTORICAL_CALIBRATION,244.5,33.0
OBS_000216,07:57:30,6450.0,12004,ROUTE_NDLS_LKO_01,SYNTHETIC_SIMULATOR,OK,27.788508,78.111749,143.317,123.5,34.31,123.5,0.0,980.7,130.0,,1018.58,SEC_ALJN_TDL,,ALJN,TDL,65.683,368.683,CRUISING,,,,,-0.88,,,GREEN,LOW,False,,False,,JRN_NDLS_LKO_01_20260902_190156,0.2301,0.0,0.4541,0.4541,1.0,NONE,NONE,,31.9,179.1,07:57:30,30.0,BASELINE_HISTORICAL_CALIBRATION,244.0,32.5
OBS_000217,07:58:00,6480.0,12004,ROUTE_NDLS_LKO_01,SYNTHETIC_SIMULATOR,OK,27.779409,78.113734,144.346,123.5,34.31,123.5,0.0,980.7,130.0,,1010.7,SEC_ALJN_TDL,,ALJN,TDL,64.654,367.654,CRUISING,,,,,-1.17,,,GREEN,LOW,False,,False,,JRN_NDLS_LKO_01_20260902_190156,0.2301,0.0,0.4541,0.4541,1.0,NONE,NONE,,31.4,178.6,07:58:00,30.0,BASELINE_HISTORICAL_CALIBRATION,243.5,32.0
OBS_000218,07:58:30,6510.0,12004,ROUTE_NDLS_LKO_01,SYNTHETIC_SIMULATOR,OK,27.77031,78.115718,145.375,123.5,34.31,123.5,0.0,980.7,130.0,,1002.75,SEC_ALJN_TDL,,ALJN,TDL,63.625,366.625,CRUISING,,,,,-1.45,,,GREEN,LOW,False,,False,,JRN_NDLS_LKO_01_20260902_190156,0.2301,0.0,0.4541,0.4541,1.0,NONE,NONE,,30.9,178.1,07:58:30,30.0,BASELINE_HISTORICAL_CALIBRATION,243.0,31.5
OBS_000219,07:59:00,6540.0,12004,ROUTE_NDLS_LKO_01,SYNTHETIC_SIMULATOR,OK,27.761211,78.117702,146.404,123.5,34.31,123.5,0.0,980.7,130.0,,994.73,SEC_ALJN_TDL,,ALJN,TDL,62.596,365.596,CRUISING,,,,,-1.73,,,GREEN,LOW,False,,False,,JRN_NDLS_LKO_01_20260902_190156,0.2301,0.0,0.4541,0.4541,1.0,NONE,NONE,,30.4,177.6,07:59:00,30.0,BASELINE_HISTORICAL_CALIBRATION,242.5,31.0
OBS_000220,07:59:30,6570.0,12004,ROUTE_NDLS_LKO_01,SYNTHETIC_SIMULATOR,OK,27.752112,78.119687,147.433,123.5,34.31,123.5,0.0,980.7,130.0,,986.66,SEC_ALJN_TDL,,ALJN,TDL,61.567,364.567,CRUISING,,,,,-2.02,,,GREEN,LOW,False,,False,,JRN_NDLS_LKO_01_20260902_190156,0.2301,0.0,0.4541,0.4541,1.0,NONE,NONE,,29.9,177.1,07:59:30,30.0,BASELINE_HISTORICAL_CALIBRATION,242.0,30.5
OBS_000221,08:00:00,6600.0,12004,ROUTE_NDLS_LKO_01,SYNTHETIC_SIMULATOR,OK,27.743014,78.121671,148.462,123.5,34.31,123.5,0.0,980.7,130.0,,978.51,SEC_ALJN_TDL,,ALJN,TDL,60.538,363.538,CRUISING,,,,,-2.3,,,GREEN,LOW,False,,False,,JRN_NDLS_LKO_01_20260902_190156,0.2313,0.0,0.4541,0.4541,1.0,NONE,NONE,,29.4,176.6,08:00:00,30.0,BASELINE_HISTORICAL_CALIBRATION,241.5,30.0
OBS_000222,08:00:30,6630.0,12004,ROUTE_NDLS_LKO_01,SYNTHETIC_SIMULATOR,OK,27.733915,78.123656,149.492,123.5,34.31,123.5,0.0,980.7,130.0,,970.3,SEC_ALJN_TDL,,ALJN,TDL,59.508,362.508,CRUISING,,,,,-2.59,,,GREEN,LOW,False,,False,,JRN_NDLS_LKO_01_20260902_190156,0.2313,0.0,0.4541,0.4541,1.0,NONE,NONE,,28.9,176.1,08:00:30,30.0,BASELINE_HISTORICAL_CALIBRATION,241.0,29.5
OBS_000223,08:01:00,6660.0,12004,ROUTE_NDLS_LKO_01,SYNTHETIC_SIMULATOR,OK,27.724816,78.12564,150.521,123.5,34.31,123.5,0.0,980.7,130.0,,962.02,SEC_ALJN_TDL,,ALJN,TDL,58.479,361.479,CRUISING,,,,,-2.87,,,GREEN,LOW,False,,False,,JRN_NDLS_LKO_01_20260902_190156,0.2313,0.0,0.4541,0.4541,1.0,NONE,NONE,,28.4,175.6,08:01:00,30.0,BASELINE_HISTORICAL_CALIBRATION,240.5,29.0
OBS_000224,08:01:30,6690.0,12004,ROUTE_NDLS_LKO_01,SYNTHETIC_SIMULATOR,OK,27.715717,78.127625,151.55,123.5,34.31,123.5,0.0,980.7,130.0,,953.66,SEC_ALJN_TDL,,ALJN,TDL,57.45,360.45,CRUISING,,,,,-3.15,,,GREEN,LOW,False,,False,,JRN_NDLS_LKO_01_20260902_190156,0.2313,0.0,0.4541,0.4541,1.0,NONE,NONE,,27.9,175.1,08:01:30,30.0,BASELINE_HISTORICAL_CALIBRATION,240.0,28.5
OBS_000225,08:02:00,6720.0,12004,ROUTE_NDLS_LKO_01,SYNTHETIC_SIMULATOR,OK,27.706618,78.129609,152.579,123.5,34.31,123.5,0.0,980.7,130.0,,945.23,SEC_ALJN_TDL,,ALJN,TDL,56.421,359.421,CRUISING,,,,,-3.44,,,GREEN,LOW,False,,False,,JRN_NDLS_LKO_01_20260902_190156,0.2313,0.0,0.4541,0.4541,1.0,NONE,NONE,,27.4,174.6,08:02:00,30.0,BASELINE_HISTORICAL_CALIBRATION,239.5,28.0
OBS_000226,08:02:30,6750.0,12004,ROUTE_NDLS_LKO_01,SYNTHETIC_SIMULATOR,OK,27.697519,78.131594,153.608,123.5,34.31,123.5,0.0,980.7,130.0,,936.73,SEC_ALJN_TDL,,ALJN,TDL,55.392,358.392,CRUISING,,,,,-3.72,,,GREEN,LOW,False,,False,,JRN_NDLS_LKO_01_20260902_190156,0.2313,0.0,0.4541,0.4541,1.0,NONE,NONE,,26.9,174.1,08:02:30,30.0,BASELINE_HISTORICAL_CALIBRATION,239.0,27.5
OBS_000227,08:03:00,6780.0,12004,ROUTE_NDLS_LKO_01,SYNTHETIC_SIMULATOR,OK,27.68842,78.133578,154.637,123.5,34.31,123.5,0.0,980.7,130.0,,928.14,SEC_ALJN_TDL,,ALJN,TDL,54.363,357.363,CRUISING,,,,,-4.01,,,GREEN,LOW,False,,False,,JRN_NDLS_LKO_01_20260902_190156,0.2313,0.0,0.4541,0.4541,1.0,NONE,NONE,,26.4,173.6,08:03:00,30.0,BASELINE_HISTORICAL_CALIBRATION,238.5,27.0
OBS_000228,08:03:30,6810.0,12004,ROUTE_NDLS_LKO_01,SYNTHETIC_SIMULATOR,OK,27.679321,78.135562,155.667,123.5,34.31,123.5,0.0,980.7,130.0,,919.48,SEC_ALJN_TDL,,ALJN,TDL,53.333,356.333,CRUISING,,,,,-4.29,,,GREEN,LOW,False,,False,,JRN_NDLS_LKO_01_20260902_190156,0.2313,0.0,0.4541,0.4541,1.0,NONE,NONE,,25.9,173.1,08:03:30,30.0,BASELINE_HISTORICAL_CALIBRATION,238.0,26.5
OBS_000229,08:04:00,6840.0,12004,ROUTE_NDLS_LKO_01,SYNTHETIC_SIMULATOR,OK,27.670222,78.137547,156.696,123.5,34.31,123.5,0.0,980.7,130.0,,910.74,SEC_ALJN_TDL,,ALJN,TDL,52.304,355.304,CRUISING,,,,,-4.57,,,GREEN,LOW,False,,False,,JRN_NDLS_LKO_01_20260902_190156,0.2313,0.0,0.4541,0.4541,1.0,NONE,NONE,,25.4,172.6,08:04:00,30.0,BASELINE_HISTORICAL_CALIBRATION,237.5,26.0
OBS_000230,08:04:30,6870.0,12004,ROUTE_NDLS_LKO_01,SYNTHETIC_SIMULATOR,OK,27.661124,78.139531,157.725,123.5,34.31,123.5,0.0,980.7,130.0,,901.91,SEC_ALJN_TDL,,ALJN,TDL,51.275,354.275,CRUISING,,,,,-4.86,,,GREEN,LOW,False,,False,,JRN_NDLS_LKO_01_20260902_190156,0.2313,0.0,0.4541,0.4541,1.0,NONE,NONE,,24.9,172.1,08:04:30,30.0,BASELINE_HISTORICAL_CALIBRATION,237.0,25.5
OBS_000231,08:05:00,6900.0,12004,ROUTE_NDLS_LKO_01,SYNTHETIC_SIMULATOR,OK,27.652025,78.141516,158.754,123.5,34.31,123.5,0.0,980.7,130.0,,892.99,SEC_ALJN_TDL,,ALJN,TDL,50.246,353.246,CRUISING,,,,,-5.14,,,GREEN,LOW,False,,False,,JRN_NDLS_LKO_01_20260902_190156,0.2313,0.0,0.4541,0.4541,1.0,NONE,NONE,,24.4,171.6,08:05:00,30.0,BASELINE_HISTORICAL_CALIBRATION,236.5,25.0
OBS_000232,08:05:30,6930.0,12004,ROUTE_NDLS_LKO_01,SYNTHETIC_SIMULATOR,OK,27.642926,78.1435,159.783,123.5,34.31,123.5,0.0,980.7,130.0,,883.98,SEC_ALJN_TDL,,ALJN,TDL,49.217,352.217,CRUISING,,,,,-5.43,,,GREEN,LOW,False,,False,,JRN_NDLS_LKO_01_20260902_190156,0.2313,0.0,0.4541,0.4541,1.0,NONE,NONE,,23.9,171.1,08:05:30,30.0,BASELINE_HISTORICAL_CALIBRATION,236.0,24.5
OBS_000233,08:06:00,6960.0,12004,ROUTE_NDLS_LKO_01,SYNTHETIC_SIMULATOR,OK,27.633827,78.145485,160.812,123.5,34.31,123.5,0.0,980.7,130.0,,874.88,SEC_ALJN_TDL,,ALJN,TDL,48.188,351.188,CRUISING,,,,,-5.71,,,GREEN,LOW,False,,False,,JRN_NDLS_LKO_01_20260902_190156,0.2313,0.0,0.4541,0.4541,1.0,NONE,NONE,,23.4,170.6,08:06:00,30.0,BASELINE_HISTORICAL_CALIBRATION,235.5,24.0
OBS_000234,08:06:30,6990.0,12004,ROUTE_NDLS_LKO_01,SYNTHETIC_SIMULATOR,OK,27.624728,78.147469,161.842,123.5,34.31,123.5,0.0,980.7,130.0,,865.69,SEC_ALJN_TDL,,ALJN,TDL,47.158,350.158,CRUISING,,,,,-5.99,,,GREEN,LOW,False,,False,,JRN_NDLS_LKO_01_20260902_190156,0.2313,0.0,0.4541,0.4541,1.0,NONE,NONE,,22.9,170.1,08:06:30,30.0,BASELINE_HISTORICAL_CALIBRATION,235.0,23.5
OBS_000235,08:07:00,7020.0,12004,ROUTE_NDLS_LKO_01,SYNTHETIC_SIMULATOR,OK,27.615629,78.149454,162.871,123.5,34.31,123.5,0.0,980.7,130.0,,856.39,SEC_ALJN_TDL,,ALJN,TDL,46.129,349.129,CRUISING,,,,,-6.28,,,GREEN,LOW,False,,False,,JRN_NDLS_LKO_01_20260902_190156,0.2313,0.0,0.4541,0.4541,1.0,NONE,NONE,,22.4,169.6,08:07:00,30.0,BASELINE_HISTORICAL_CALIBRATION,234.5,23.0
OBS_000236,08:07:30,7050.0,12004,ROUTE_NDLS_LKO_01,SYNTHETIC_SIMULATOR,OK,27.60653,78.151438,163.9,123.5,34.31,123.5,0.0,980.7,130.0,,847.0,SEC_ALJN_TDL,,ALJN,TDL,45.1,348.1,CRUISING,,,,,-6.56,,,GREEN,LOW,False,,False,,JRN_NDLS_LKO_01_20260902_190156,0.2313,0.0,0.4541,0.4541,1.0,NONE,NONE,,21.9,169.1,08:07:30,30.0,BASELINE_HISTORICAL_CALIBRATION,234.0,22.5
OBS_000237,08:08:00,7080.0,12004,ROUTE_NDLS_LKO_01,SYNTHETIC_SIMULATOR,OK,27.597431,78.153422,164.929,123.5,34.31,123.5,0.0,980.7,130.0,,837.49,SEC_ALJN_TDL,,ALJN,TDL,44.071,347.071,CRUISING,,,,,-6.85,,,GREEN,LOW,False,,False,,JRN_NDLS_LKO_01_20260902_190156,0.2313,0.0,0.4541,0.4541,1.0,NONE,NONE,,21.4,168.6,08:08:00,30.0,BASELINE_HISTORICAL_CALIBRATION,233.5,22.0
OBS_000238,08:08:30,7110.0,12004,ROUTE_NDLS_LKO_01,SYNTHETIC_SIMULATOR,OK,27.588332,78.155407,165.958,123.5,34.31,123.5,0.0,980.7,130.0,,827.88,SEC_ALJN_TDL,,ALJN,TDL,43.042,346.042,CRUISING,,,,,-7.13,,,GREEN,LOW,False,,False,,JRN_NDLS_LKO_01_20260902_190156,0.2313,0.0,0.4541,0.4541,1.0,NONE,NONE,,20.9,168.1,08:08:30,30.0,BASELINE_HISTORICAL_CALIBRATION,233.0,21.5
OBS_000239,08:09:00,7140.0,12004,ROUTE_NDLS_LKO_01,SYNTHETIC_SIMULATOR,OK,27.579234,78.157391,166.987,123.5,34.31,123.5,0.0,980.7,130.0,,818.16,SEC_ALJN_TDL,,ALJN,TDL,42.013,345.013,CRUISING,,,,,-7.41,,,GREEN,LOW,False,,False,,JRN_NDLS_LKO_01_20260902_190156,0.2313,0.0,0.4541,0.4541,1.0,NONE,NONE,,20.4,167.6,08:09:00,30.0,BASELINE_HISTORICAL_CALIBRATION,232.5,21.0
OBS_000240,08:09:30,7170.0,12004,ROUTE_NDLS_LKO_01,SYNTHETIC_SIMULATOR,OK,27.570135,78.159376,168.017,123.5,34.31,123.5,0.0,980.7,130.0,,808.32,SEC_ALJN_TDL,,ALJN,TDL,40.983,343.983,CRUISING,,,,,-7.7,,,GREEN,LOW,False,,False,,JRN_NDLS_LKO_01_20260902_190156,0.2313,0.0,0.4541,0.4541,1.0,NONE,NONE,,19.9,167.1,08:09:30,30.0,BASELINE_HISTORICAL_CALIBRATION,232.0,20.5
OBS_000241,08:10:00,7200.0,12004,ROUTE_NDLS_LKO_01,SYNTHETIC_SIMULATOR,OK,27.561036,78.16136,169.046,123.5,34.31,123.5,0.0,980.7,130.0,,798.36,SEC_ALJN_TDL,,ALJN,TDL,39.954,342.954,CRUISING,,,,,-7.98,,,GREEN,LOW,False,,False,,JRN_NDLS_LKO_01_20260902_190156,0.2313,0.0,0.4541,0.4541,1.0,NONE,NONE,,19.4,166.6,08:10:00,30.0,BASELINE_HISTORICAL_CALIBRATION,231.5,20.0
OBS_000242,08:10:30,7230.0,12004,ROUTE_NDLS_LKO_01,SYNTHETIC_SIMULATOR,OK,27.551937,78.163345,170.075,123.5,34.31,123.5,0.0,980.7,130.0,,788.27,SEC_ALJN_TDL,,ALJN,TDL,38.925,341.925,CRUISING,,,,,-8.27,,,GREEN,LOW,False,,False,,JRN_NDLS_LKO_01_20260902_190156,0.2313,0.0,0.4541,0.4541,1.0,NONE,NONE,,18.9,166.1,08:10:30,30.0,BASELINE_HISTORICAL_CALIBRATION,231.0,19.5
OBS_000243,08:11:00,7260.0,12004,ROUTE_NDLS_LKO_01,SYNTHETIC_SIMULATOR,OK,27.542838,78.165329,171.104,123.5,34.31,123.5,0.0,980.7,130.0,,778.05,SEC_ALJN_TDL,,ALJN,TDL,37.896,340.896,CRUISING,,,,,-8.55,,,GREEN,LOW,False,,False,,JRN_NDLS_LKO_01_20260902_190156,0.2313,0.0,0.4541,0.4541,1.0,NONE,NONE,,18.4,165.6,08:11:00,30.0,BASELINE_HISTORICAL_CALIBRATION,230.5,19.0
OBS_000244,08:11:30,7290.0,12004,ROUTE_NDLS_LKO_01,SYNTHETIC_SIMULATOR,OK,27.533739,78.167314,172.133,123.5,34.31,123.5,0.0,980.7,130.0,,767.7,SEC_ALJN_TDL,,ALJN,TDL,36.867,339.867,CRUISING,,,,,-8.83,,,GREEN,LOW,False,,False,,JRN_NDLS_LKO_01_20260902_190156,0.2313,0.0,0.4541,0.4541,1.0,NONE,NONE,,17.9,165.1,08:11:30,30.0,BASELINE_HISTORICAL_CALIBRATION,230.0,18.5
OBS_000245,08:12:00,7320.0,12004,ROUTE_NDLS_LKO_01,SYNTHETIC_SIMULATOR,OK,27.52464,78.169298,173.162,123.5,34.31,123.5,0.0,980.7,130.0,,757.2,SEC_ALJN_TDL,,ALJN,TDL,35.838,338.838,CRUISING,,,,,-9.12,,,GREEN,LOW,False,,False,,JRN_NDLS_LKO_01_20260902_190156,0.2313,0.0,0.4541,0.4541,1.0,NONE,NONE,,17.4,164.6,08:12:00,30.0,BASELINE_HISTORICAL_CALIBRATION,229.5,18.0
OBS_000246,08:12:30,7350.0,12004,ROUTE_NDLS_LKO_01,SYNTHETIC_SIMULATOR,OK,27.515541,78.171282,174.192,123.5,34.31,123.5,0.0,980.7,130.0,,746.56,SEC_ALJN_TDL,,ALJN,TDL,34.808,337.808,CRUISING,,,,,-9.4,,,GREEN,LOW,False,,False,,JRN_NDLS_LKO_01_20260902_190156,0.2313,0.0,0.4541,0.4541,1.0,NONE,NONE,,16.9,164.1,08:12:30,30.0,BASELINE_HISTORICAL_CALIBRATION,229.0,17.5
OBS_000247,08:13:00,7380.0,12004,ROUTE_NDLS_LKO_01,SYNTHETIC_SIMULATOR,OK,27.506442,78.173267,175.221,123.5,34.31,123.5,0.0,980.7,130.0,,735.76,SEC_ALJN_TDL,,ALJN,TDL,33.779,336.779,CRUISING,,,,,-9.69,,,GREEN,LOW,False,,False,,JRN_NDLS_LKO_01_20260902_190156,0.2313,0.0,0.4541,0.4541,1.0,NONE,NONE,,16.4,163.6,08:13:00,30.0,BASELINE_HISTORICAL_CALIBRATION,228.5,17.0
OBS_000248,08:13:30,7410.0,12004,ROUTE_NDLS_LKO_01,SYNTHETIC_SIMULATOR,OK,27.497344,78.175251,176.25,123.5,34.31,123.5,0.0,980.7,130.0,,724.8,SEC_ALJN_TDL,,ALJN,TDL,32.75,335.75,CRUISING,,,,,-9.97,,,GREEN,LOW,False,,False,,JRN_NDLS_LKO_01_20260902_190156,0.2313,0.0,0.4541,0.4541,1.0,NONE,NONE,,15.9,163.1,08:13:30,30.0,BASELINE_HISTORICAL_CALIBRATION,228.0,16.5
OBS_000249,08:14:00,7440.0,12004,ROUTE_NDLS_LKO_01,SYNTHETIC_SIMULATOR,OK,27.488245,78.177236,177.279,123.5,34.31,123.5,0.0,980.7,130.0,,713.67,SEC_ALJN_TDL,,ALJN,TDL,31.721,334.721,CRUISING,,,,,-10.25,,,GREEN,LOW,False,,False,,JRN_NDLS_LKO_01_20260902_190156,0.2313,0.0,0.4541,0.4541,1.0,NONE,NONE,,15.4,162.6,08:14:00,30.0,BASELINE_HISTORICAL_CALIBRATION,227.5,16.0
OBS_000250,08:14:30,7470.0,12004,ROUTE_NDLS_LKO_01,SYNTHETIC_SIMULATOR,OK,27.479146,78.17922,178.308,123.5,34.31,123.5,0.0,980.7,130.0,,702.37,SEC_ALJN_TDL,,ALJN,TDL,30.692,333.692,CRUISING,,,,,-10.54,,,GREEN,LOW,False,,False,,JRN_NDLS_LKO_01_20260902_190156,0.2313,0.0,0.4541,0.4541,1.0,NONE,NONE,,14.9,162.1,08:14:30,30.0,BASELINE_HISTORICAL_CALIBRATION,227.0,15.5
OBS_000251,08:15:00,7500.0,12004,ROUTE_NDLS_LKO_01,SYNTHETIC_SIMULATOR,OK,27.470047,78.181205,179.337,123.5,34.31,123.5,0.0,980.7,130.0,,690.88,SEC_ALJN_TDL,,ALJN,TDL,29.663,332.663,CRUISING,,,,,-10.82,,,GREEN,LOW,False,,False,,JRN_NDLS_LKO_01_20260902_190156,0.2313,0.0,0.4541,0.4541,1.0,NONE,NONE,,14.4,161.6,08:15:00,30.0,BASELINE_HISTORICAL_CALIBRATION,226.5,15.0
OBS_000252,08:15:30,7530.0,12004,ROUTE_NDLS_LKO_01,SYNTHETIC_SIMULATOR,OK,27.460948,78.183189,180.367,123.5,34.31,123.5,0.0,980.7,130.0,,679.2,SEC_ALJN_TDL,,ALJN,TDL,28.633,331.633,CRUISING,,,,,-11.1,,,GREEN,LOW,False,,False,,JRN_NDLS_LKO_01_20260902_190156,0.2313,0.0,0.4541,0.4541,1.0,NONE,NONE,,13.9,161.1,08:15:30,30.0,BASELINE_HISTORICAL_CALIBRATION,226.0,14.5
OBS_000253,08:16:00,7560.0,12004,ROUTE_NDLS_LKO_01,SYNTHETIC_SIMULATOR,OK,27.451849,78.185174,181.396,123.5,34.31,123.5,0.0,980.7,130.0,,667.31,SEC_ALJN_TDL,,ALJN,TDL,27.604,330.604,CRUISING,,,,,-11.39,,,GREEN,LOW,False,,False,,JRN_NDLS_LKO_01_20260902_190156,0.2313,0.0,0.4541,0.4541,1.0,NONE,NONE,,13.4,160.6,08:16:00,30.0,BASELINE_HISTORICAL_CALIBRATION,225.5,14.0
OBS_000254,08:16:30,7590.0,12004,ROUTE_NDLS_LKO_01,SYNTHETIC_SIMULATOR,OK,27.44275,78.187158,182.425,123.5,34.31,123.5,0.0,980.7,130.0,,655.21,SEC_ALJN_TDL,,ALJN,TDL,26.575,329.575,CRUISING,,,,,-11.67,,,GREEN,LOW,False,,False,,JRN_NDLS_LKO_01_20260902_190156,0.2313,0.0,0.4541,0.4541,1.0,NONE,NONE,,12.9,160.1,08:16:30,30.0,BASELINE_HISTORICAL_CALIBRATION,225.0,13.5
OBS_000255,08:17:00,7620.0,12004,ROUTE_NDLS_LKO_01,SYNTHETIC_SIMULATOR,OK,27.433651,78.189142,183.454,123.5,34.31,123.5,0.0,980.7,130.0,,642.88,SEC_ALJN_TDL,,ALJN,TDL,25.546,328.546,CRUISING,,,,,-11.96,,,GREEN,LOW,False,,False,,JRN_NDLS_LKO_01_20260902_190156,0.2313,0.0,0.4541,0.4541,1.0,NONE,NONE,,12.4,159.6,08:17:00,30.0,BASELINE_HISTORICAL_CALIBRATION,224.5,13.0
OBS_000256,08:17:30,7650.0,12004,ROUTE_NDLS_LKO_01,SYNTHETIC_SIMULATOR,OK,27.424552,78.191127,184.483,123.5,34.31,123.5,0.0,980.7,130.0,,630.31,SEC_ALJN_TDL,,ALJN,TDL,24.517,327.517,CRUISING,,,,,-12.24,,,GREEN,LOW,False,,False,,JRN_NDLS_LKO_01_20260902_190156,0.2313,0.0,0.4541,0.4541,1.0,NONE,NONE,,11.9,159.1,08:17:30,30.0,BASELINE_HISTORICAL_CALIBRATION,224.0,12.5
OBS_000257,08:18:00,7680.0,12004,ROUTE_NDLS_LKO_01,SYNTHETIC_SIMULATOR,OK,27.415454,78.193111,185.512,123.5,34.31,123.5,0.0,980.7,130.0,,617.48,SEC_ALJN_TDL,,ALJN,TDL,23.488,326.488,CRUISING,,,,,-12.52,,,GREEN,LOW,False,,False,,JRN_NDLS_LKO_01_20260902_190156,0.2313,0.0,0.4541,0.4541,1.0,NONE,NONE,,11.4,158.6,08:18:00,30.0,BASELINE_HISTORICAL_CALIBRATION,223.5,12.0
OBS_000258,08:18:30,7710.0,12004,ROUTE_NDLS_LKO_01,SYNTHETIC_SIMULATOR,OK,27.406355,78.195096,186.542,123.5,34.31,123.5,0.0,980.7,130.0,,604.38,SEC_ALJN_TDL,,ALJN,TDL,22.458,325.458,CRUISING,,,,,-12.81,,,GREEN,LOW,False,,False,,JRN_NDLS_LKO_01_20260902_190156,0.2313,0.0,0.4541,0.4541,1.0,NONE,NONE,,10.9,158.1,08:18:30,30.0,BASELINE_HISTORICAL_CALIBRATION,223.0,11.5
OBS_000259,08:19:00,7740.0,12004,ROUTE_NDLS_LKO_01,SYNTHETIC_SIMULATOR,OK,27.397256,78.19708,187.571,123.5,34.31,123.5,0.0,980.7,130.0,,590.99,SEC_ALJN_TDL,,ALJN,TDL,21.429,324.429,CRUISING,,,,,-13.09,,,GREEN,LOW,False,,False,,JRN_NDLS_LKO_01_20260902_190156,0.2313,0.0,0.4541,0.4541,1.0,NONE,NONE,,10.4,157.6,08:19:00,30.0,BASELINE_HISTORICAL_CALIBRATION,222.5,11.0
OBS_000260,08:19:30,7770.0,12004,ROUTE_NDLS_LKO_01,SYNTHETIC_SIMULATOR,OK,27.388157,78.199065,188.6,123.5,34.31,123.5,0.0,980.7,130.0,,577.29,SEC_ALJN_TDL,,ALJN,TDL,20.4,323.4,CRUISING,,,,,-13.38,,,GREEN,LOW,False,,False,,JRN_NDLS_LKO_01_20260902_190156,0.2313,0.0,0.4541,0.4541,1.0,NONE,NONE,,9.9,157.1,08:19:30,30.0,BASELINE_HISTORICAL_CALIBRATION,222.0,10.5
OBS_000261,08:20:00,7800.0,12004,ROUTE_NDLS_LKO_01,SYNTHETIC_SIMULATOR,OK,27.379058,78.201049,189.629,123.5,34.31,123.5,0.0,980.7,130.0,,563.26,SEC_ALJN_TDL,,ALJN,TDL,19.371,322.371,CRUISING,,,,,-13.66,,,GREEN,LOW,False,,False,,JRN_NDLS_LKO_01_20260902_190156,0.2313,0.0,0.4541,0.4541,1.0,NONE,NONE,,9.4,156.6,08:20:00,30.0,BASELINE_HISTORICAL_CALIBRATION,221.5,10.0
OBS_000262,08:20:30,7830.0,12004,ROUTE_NDLS_LKO_01,SYNTHETIC_SIMULATOR,OK,27.369959,78.203034,190.658,123.5,34.31,123.5,0.0,980.7,130.0,,548.87,SEC_ALJN_TDL,,ALJN,TDL,18.342,321.342,CRUISING,,,,,-13.94,,,GREEN,LOW,False,,False,,JRN_NDLS_LKO_01_20260902_190156,0.2313,0.0,0.4541,0.4541,1.0,NONE,NONE,,8.9,156.1,08:20:30,30.0,BASELINE_HISTORICAL_CALIBRATION,221.0,9.5
OBS_000263,08:21:00,7860.0,12004,ROUTE_NDLS_LKO_01,SYNTHETIC_SIMULATOR,OK,27.36086,78.205018,191.687,123.5,34.31,123.5,0.0,980.7,130.0,,534.09,SEC_ALJN_TDL,,ALJN,TDL,17.313,320.313,CRUISING,,,,,-14.23,,,GREEN,LOW,False,,False,,JRN_NDLS_LKO_01_20260902_190156,0.2313,0.0,0.4541,0.4541,1.0,NONE,NONE,,8.4,155.6,08:21:00,30.0,BASELINE_HISTORICAL_CALIBRATION,220.5,9.0
OBS_000264,08:21:30,7890.0,12004,ROUTE_NDLS_LKO_01,SYNTHETIC_SIMULATOR,OK,27.351761,78.207002,192.717,123.5,34.31,123.5,0.0,980.7,130.0,,518.89,SEC_ALJN_TDL,,ALJN,TDL,16.283,319.283,CRUISING,,,,,-14.51,,,GREEN,LOW,False,,False,,JRN_NDLS_LKO_01_20260902_190156,0.2313,0.0,0.4541,0.4541,1.0,NONE,NONE,,7.9,155.1,08:21:30,30.0,BASELINE_HISTORICAL_CALIBRATION,220.0,8.5
OBS_000265,08:22:00,7920.0,12004,ROUTE_NDLS_LKO_01,SYNTHETIC_SIMULATOR,OK,27.342662,78.208987,193.746,123.5,34.31,123.5,0.0,980.7,130.0,,503.23,SEC_ALJN_TDL,,ALJN,TDL,15.254,318.254,CRUISING,,,,,-14.8,,,GREEN,LOW,False,,False,,JRN_NDLS_LKO_01_20260902_190156,0.2313,0.0,0.4541,0.4541,1.0,NONE,NONE,,7.4,154.6,08:22:00,30.0,BASELINE_HISTORICAL_CALIBRATION,219.5,8.0
OBS_000266,08:22:30,7950.0,12004,ROUTE_NDLS_LKO_01,SYNTHETIC_SIMULATOR,OK,27.333564,78.210971,194.775,123.5,34.31,123.5,0.0,980.7,130.0,,487.07,SEC_ALJN_TDL,,ALJN,TDL,14.225,317.225,CRUISING,,,,,-15.08,,,GREEN,LOW,False,,False,,JRN_NDLS_LKO_01_20260902_190156,0.2313,0.0,0.4541,0.4541,1.0,NONE,NONE,,6.9,154.1,08:22:30,30.0,BASELINE_HISTORICAL_CALIBRATION,219.0,7.5
OBS_000267,08:23:00,7980.0,12004,ROUTE_NDLS_LKO_01,SYNTHETIC_SIMULATOR,OK,27.324465,78.212956,195.804,123.5,34.31,123.5,0.0,980.7,130.0,,470.35,SEC_ALJN_TDL,,ALJN,TDL,13.196,316.196,CRUISING,,,,,-15.36,,,GREEN,LOW,False,,False,,JRN_NDLS_LKO_01_20260902_190156,0.2313,0.0,0.4541,0.4541,1.0,NONE,NONE,,6.4,153.6,08:23:00,30.0,BASELINE_HISTORICAL_CALIBRATION,218.5,7.0
OBS_000268,08:23:30,8010.0,12004,ROUTE_NDLS_LKO_01,SYNTHETIC_SIMULATOR,OK,27.315366,78.21494,196.833,123.5,34.31,123.5,0.0,980.7,130.0,,453.01,SEC_ALJN_TDL,,ALJN,TDL,12.167,315.167,CRUISING,,,,,-15.65,,,GREEN,LOW,False,,False,,JRN_NDLS_LKO_01_20260902_190156,0.2313,0.0,0.4541,0.4541,1.0,NONE,NONE,,5.9,153.1,08:23:30,30.0,BASELINE_HISTORICAL_CALIBRATION,218.0,6.5
OBS_000269,08:24:00,8040.0,12004,ROUTE_NDLS_LKO_01,SYNTHETIC_SIMULATOR,OK,27.306267,78.216925,197.862,123.5,34.31,123.5,0.0,980.7,130.0,,434.99,SEC_ALJN_TDL,,ALJN,TDL,11.138,314.138,CRUISING,,,,,-15.93,,,GREEN,LOW,False,,False,,JRN_NDLS_LKO_01_20260902_190156,0.2313,0.0,0.4541,0.4541,1.0,NONE,NONE,,5.4,152.6,08:24:00,30.0,BASELINE_HISTORICAL_CALIBRATION,217.5,6.0
OBS_000270,08:24:30,8070.0,12004,ROUTE_NDLS_LKO_01,SYNTHETIC_SIMULATOR,OK,27.297168,78.218909,198.892,123.5,34.31,123.5,0.0,980.7,130.0,,416.19,SEC_ALJN_TDL,,ALJN,TDL,10.108,313.108,CRUISING,,,,,-16.22,,,GREEN,LOW,False,,False,,JRN_NDLS_LKO_01_20260902_190156,0.2313,0.0,0.4541,0.4541,1.0,NONE,NONE,,4.9,152.1,08:24:30,30.0,BASELINE_HISTORICAL_CALIBRATION,217.0,5.5
OBS_000271,08:25:00,8100.0,12004,ROUTE_NDLS_LKO_01,SYNTHETIC_SIMULATOR,OK,27.288069,78.220894,199.921,123.5,34.31,123.5,0.0,980.7,130.0,,396.49,SEC_ALJN_TDL,,ALJN,TDL,9.079,312.079,CRUISING,,,,,-16.5,,,GREEN,LOW,False,,False,,JRN_NDLS_LKO_01_20260902_190156,0.2313,0.0,0.4541,0.4541,1.0,NONE,NONE,,4.4,151.6,08:25:00,30.0,BASELINE_HISTORICAL_CALIBRATION,216.5,5.0
OBS_000272,08:25:30,8130.0,12004,ROUTE_NDLS_LKO_01,SYNTHETIC_SIMULATOR,OK,27.27897,78.222878,200.95,123.5,34.31,123.5,0.0,980.7,130.0,,375.76,SEC_ALJN_TDL,,ALJN,TDL,8.05,311.05,CRUISING,,,,,-16.78,,,GREEN,LOW,False,,False,,JRN_NDLS_LKO_01_20260902_190156,0.2313,0.0,0.4541,0.4541,1.0,NONE,NONE,,3.9,151.1,08:25:30,30.0,BASELINE_HISTORICAL_CALIBRATION,216.0,4.5
OBS_000273,08:26:00,8160.0,12004,ROUTE_NDLS_LKO_01,SYNTHETIC_SIMULATOR,OK,27.269871,78.224862,201.979,123.5,34.31,123.5,0.0,980.7,130.0,,353.83,SEC_ALJN_TDL,,ALJN,TDL,7.021,310.021,CRUISING,,,,,-17.07,,,GREEN,LOW,False,,False,,JRN_NDLS_LKO_01_20260902_190156,0.2313,0.0,0.4541,0.4541,1.0,NONE,NONE,,3.4,150.6,08:26:00,30.0,BASELINE_HISTORICAL_CALIBRATION,215.5,4.0
OBS_000274,08:26:30,8190.0,12004,ROUTE_NDLS_LKO_01,SYNTHETIC_SIMULATOR,OK,27.260772,78.226847,203.008,123.5,34.31,123.5,0.0,980.7,130.0,,330.44,SEC_ALJN_TDL,,ALJN,TDL,5.992,308.992,CRUISING,,,,,-17.35,,,GREEN,LOW,False,,False,,JRN_NDLS_LKO_01_20260902_190156,0.2313,0.0,0.4541,0.4541,1.0,NONE,NONE,,2.9,150.1,08:26:30,30.0,BASELINE_HISTORICAL_CALIBRATION,215.0,3.5
OBS_000275,08:27:00,8220.0,12004,ROUTE_NDLS_LKO_01,SYNTHETIC_SIMULATOR,OK,27.251674,78.228831,204.037,123.5,34.31,123.5,0.0,980.7,130.0,,305.26,SEC_ALJN_TDL,,ALJN,TDL,4.963,307.963,CRUISING,,,,,-17.64,,,GREEN,LOW,False,,False,,JRN_NDLS_LKO_01_20260902_190156,0.2313,0.0,0.4541,0.4541,1.0,NONE,NONE,,2.4,149.6,08:27:00,30.0,BASELINE_HISTORICAL_CALIBRATION,214.5,3.0
OBS_000276,08:27:30,8250.0,12004,ROUTE_NDLS_LKO_01,SYNTHETIC_SIMULATOR,OK,27.242575,78.230816,205.067,123.5,34.31,123.5,0.0,980.7,130.0,,277.81,SEC_ALJN_TDL,,ALJN,TDL,3.933,306.933,CRUISING,,,,,-17.92,,,GREEN,LOW,False,,False,,JRN_NDLS_LKO_01_20260902_190156,0.2313,0.0,0.4541,0.4541,1.0,NONE,NONE,,1.9,149.1,08:27:30,30.0,BASELINE_HISTORICAL_CALIBRATION,214.0,2.5
OBS_000277,08:28:00,8280.0,12004,ROUTE_NDLS_LKO_01,SYNTHETIC_SIMULATOR,OK,27.233476,78.2328,206.096,123.5,34.31,123.5,0.0,980.7,130.0,,247.33,SEC_ALJN_TDL,,ALJN,TDL,2.904,305.904,CRUISING,,,,,-18.2,,,GREEN,LOW,False,,False,,JRN_NDLS_LKO_01_20260902_190156,0.2313,0.0,0.4541,0.4541,1.0,NONE,NONE,,1.4,148.6,08:28:00,30.0,BASELINE_HISTORICAL_CALIBRATION,213.5,2.0
OBS_000278,08:28:30,8310.0,12004,ROUTE_NDLS_LKO_01,SYNTHETIC_SIMULATOR,OK,27.224377,78.234785,207.125,123.5,34.31,123.5,0.0,980.7,130.0,,212.52,SEC_ALJN_TDL,,ALJN,TDL,1.875,304.875,CRUISING,,,,,-18.49,,,GREEN,LOW,False,,False,,JRN_NDLS_LKO_01_20260902_190156,0.2313,0.0,0.4541,0.4541,1.0,NONE,NONE,,0.9,148.1,08:28:30,30.0,BASELINE_HISTORICAL_CALIBRATION,213.0,1.5
OBS_000279,08:29:00,8340.0,12004,ROUTE_NDLS_LKO_01,SYNTHETIC_SIMULATOR,OK,27.215278,78.236769,208.154,123.5,34.31,123.5,0.0,980.7,130.0,,170.76,SEC_ALJN_TDL,,ALJN,TDL,0.846,303.846,CRUISING,,,,,-18.77,,,GREEN,LOW,False,,False,,JRN_NDLS_LKO_01_20260902_190156,0.2313,0.0,0.4541,0.4541,1.0,NONE,NONE,,0.4,147.6,08:29:00,30.0,BASELINE_HISTORICAL_CALIBRATION,212.5,1.0
OBS_000280,08:29:30,8370.0,12004,ROUTE_NDLS_LKO_01,SYNTHETIC_SIMULATOR,OK,27.21334,78.237192,208.373,58.7,16.31,114.69,-0.6,221.6,130.0,,114.69,SEC_ALJN_TDL,,ALJN,TDL,0.627,303.627,DECELERATING,,,,,-19.05,,,GREEN,LOW,False,,False,,JRN_NDLS_LKO_01_20260902_190156,0.2313,0.0,0.4541,0.4541,1.0,NONE,NONE,,0.6,310.4,08:29:30,30.0,BASELINE_HISTORICAL_CALIBRATION,212.0,0.5
OBS_000281,08:30:00,8400.0,12004,ROUTE_NDLS_LKO_01,SYNTHETIC_SIMULATOR,OK,27.2078,78.2384,209.0,0.0,0.0,98.72,0.0,0.0,130.0,,98.72,SEC_ALJN_TDL,TDL,TDL,ETW,92.0,303.0,DWELLING,ARRIVED,08:30:00,,,-18.72,,,GREEN,LOW,False,,False,,JRN_NDLS_LKO_01_20260902_190156,0.2313,0.0,0.4541,0.4541,1.0,NONE,NONE,,220.8,727.2,08:30:00,30.0,BASELINE_HISTORICAL_CALIBRATION,211.5,62.0
OBS_000282,08:30:30,8430.0,12004,ROUTE_NDLS_LKO_01,SYNTHETIC_SIMULATOR,OK,27.2078,78.2384,209.0,0.0,0.0,0.0,0.0,0.0,130.0,,0.0,SEC_TDL_ETW,TDL,TDL,ETW,92.0,303.0,DWELLING,,,,,-18.7,,,GREEN,LOW,False,,False,,JRN_NDLS_LKO_01_20260902_190156,0.2313,0.0,0.4541,0.4541,1.0,NONE,NONE,,220.8,727.2,08:30:30,30.0,BASELINE_HISTORICAL_CALIBRATION,211.0,61.5
OBS_000283,08:31:00,8460.0,12004,ROUTE_NDLS_LKO_01,SYNTHETIC_SIMULATOR,OK,27.2078,78.2384,209.0,0.0,0.0,0.0,0.0,0.0,130.0,,0.0,SEC_TDL_ETW,TDL,TDL,ETW,92.0,303.0,DWELLING,,,,,-18.2,,,GREEN,LOW,False,,False,,JRN_NDLS_LKO_01_20260902_190156,0.2313,0.0,0.4541,0.4541,1.0,NONE,NONE,,220.8,727.2,08:31:00,30.0,BASELINE_HISTORICAL_CALIBRATION,210.5,61.0
OBS_000284,08:31:30,8490.0,12004,ROUTE_NDLS_LKO_01,SYNTHETIC_SIMULATOR,OK,27.2078,78.2384,209.0,0.0,0.0,0.0,0.0,0.0,130.0,,0.0,SEC_TDL_ETW,TDL,TDL,ETW,92.0,303.0,DWELLING,,,,,-17.7,,,GREEN,LOW,False,,False,,JRN_NDLS_LKO_01_20260902_190156,0.2313,0.0,0.4541,0.4541,1.0,NONE,NONE,,220.8,727.2,08:31:30,30.0,BASELINE_HISTORICAL_CALIBRATION,210.0,60.5
OBS_000285,08:32:00,8520.0,12004,ROUTE_NDLS_LKO_01,SYNTHETIC_SIMULATOR,OK,27.2078,78.2384,209.0,0.0,0.0,0.0,0.0,0.0,130.0,,0.0,SEC_TDL_ETW,TDL,TDL,ETW,92.0,303.0,DWELLING,,,,,-17.2,,,GREEN,LOW,False,,False,,JRN_NDLS_LKO_01_20260902_190156,0.2313,0.0,0.4541,0.4541,1.0,NONE,NONE,,220.8,727.2,08:32:00,30.0,BASELINE_HISTORICAL_CALIBRATION,209.5,60.0
OBS_000286,08:32:30,8550.0,12004,ROUTE_NDLS_LKO_01,SYNTHETIC_SIMULATOR,OK,27.2078,78.2384,209.0,0.0,0.0,0.0,0.0,0.0,130.0,,0.0,SEC_TDL_ETW,TDL,TDL,ETW,92.0,303.0,DWELLING,,,,,-16.7,,,GREEN,LOW,False,,False,,JRN_NDLS_LKO_01_20260902_190156,0.2313,0.0,0.4541,0.4541,1.0,NONE,NONE,,220.8,727.2,08:32:30,30.0,BASELINE_HISTORICAL_CALIBRATION,209.0,59.5
OBS_000287,08:33:00,8580.0,12004,ROUTE_NDLS_LKO_01,SYNTHETIC_SIMULATOR,OK,27.2078,78.2384,209.0,0.0,0.0,0.0,0.0,0.0,130.0,,0.0,SEC_TDL_ETW,TDL,TDL,ETW,92.0,303.0,DWELLING,,,,,-16.2,,,GREEN,LOW,False,,False,,JRN_NDLS_LKO_01_20260902_190156,0.2313,0.0,0.4541,0.4541,1.0,NONE,NONE,,220.8,727.2,08:33:00,30.0,BASELINE_HISTORICAL_CALIBRATION,208.5,59.0
OBS_000288,08:33:30,8610.0,12004,ROUTE_NDLS_LKO_01,SYNTHETIC_SIMULATOR,OK,27.2078,78.2384,209.0,0.0,0.0,0.0,0.0,0.0,130.0,,0.0,SEC_TDL_ETW,TDL,TDL,ETW,92.0,303.0,DWELLING,,,,,-15.7,,,GREEN,LOW,False,,False,,JRN_NDLS_LKO_01_20260902_190156,0.2313,0.0,0.4541,0.4541,1.0,NONE,NONE,,220.8,727.2,08:33:30,30.0,BASELINE_HISTORICAL_CALIBRATION,208.0,58.5
OBS_000289,08:34:00,8640.0,12004,ROUTE_NDLS_LKO_01,SYNTHETIC_SIMULATOR,OK,27.2078,78.2384,209.0,0.0,0.0,0.0,0.0,0.0,130.0,,0.0,SEC_TDL_ETW,TDL,TDL,ETW,92.0,303.0,DWELLING,,,,,-15.2,,,GREEN,LOW,False,,False,,JRN_NDLS_LKO_01_20260902_190156,0.2313,0.0,0.4541,0.4541,1.0,NONE,NONE,,220.8,727.2,08:34:00,30.0,BASELINE_HISTORICAL_CALIBRATION,207.5,58.0
OBS_000290,08:34:30,8670.0,12004,ROUTE_NDLS_LKO_01,SYNTHETIC_SIMULATOR,OK,27.2078,78.2384,209.0,0.0,0.0,0.0,0.0,0.0,130.0,,0.0,SEC_TDL_ETW,TDL,TDL,ETW,92.0,303.0,DWELLING,,,,,-14.7,,,GREEN,LOW,False,,False,,JRN_NDLS_LKO_01_20260902_190156,0.2313,0.0,0.4541,0.4541,1.0,NONE,NONE,,220.8,727.2,08:34:30,30.0,BASELINE_HISTORICAL_CALIBRATION,207.0,57.5
OBS_000291,08:35:00,8700.0,12004,ROUTE_NDLS_LKO_01,SYNTHETIC_SIMULATOR,OK,27.2078,78.2384,209.0,0.0,0.0,0.0,0.0,0.0,130.0,,0.0,SEC_TDL_ETW,TDL,TDL,ETW,92.0,303.0,DWELLING,,,,,-14.2,,,GREEN,LOW,False,,False,,JRN_NDLS_LKO_01_20260902_190156,0.2313,0.0,0.4541,0.4541,1.0,NONE,NONE,,220.8,727.2,08:35:00,30.0,BASELINE_HISTORICAL_CALIBRATION,206.5,57.0
OBS_000292,08:35:30,8730.0,12004,ROUTE_NDLS_LKO_01,SYNTHETIC_SIMULATOR,OK,27.2078,78.2384,209.0,0.0,0.0,0.0,0.0,0.0,130.0,,0.0,SEC_TDL_ETW,TDL,TDL,ETW,92.0,303.0,DWELLING,,,,,-13.7,,,GREEN,LOW,False,,False,,JRN_NDLS_LKO_01_20260902_190156,0.2313,0.0,0.4541,0.4541,1.0,NONE,NONE,,220.8,727.2,08:35:30,30.0,BASELINE_HISTORICAL_CALIBRATION,206.0,56.5
OBS_000293,08:36:00,8760.0,12004,ROUTE_NDLS_LKO_01,SYNTHETIC_SIMULATOR,OK,27.2078,78.2384,209.0,0.0,0.0,0.0,0.0,0.0,130.0,,0.0,SEC_TDL_ETW,TDL,TDL,ETW,92.0,303.0,DWELLING,,,,,-13.2,,,GREEN,LOW,False,,False,,JRN_NDLS_LKO_01_20260902_190156,0.2313,0.0,0.4541,0.4541,1.0,NONE,NONE,,220.8,727.2,08:36:00,30.0,BASELINE_HISTORICAL_CALIBRATION,205.5,56.0
OBS_000294,08:36:30,8790.0,12004,ROUTE_NDLS_LKO_01,SYNTHETIC_SIMULATOR,OK,27.2078,78.2384,209.0,0.0,0.0,0.0,0.0,0.0,130.0,,0.0,SEC_TDL_ETW,TDL,TDL,ETW,92.0,303.0,DWELLING,,,,,-12.7,,,GREEN,LOW,False,,False,,JRN_NDLS_LKO_01_20260902_190156,0.2313,0.0,0.4541,0.4541,1.0,NONE,NONE,,220.8,727.2,08:36:30,30.0,BASELINE_HISTORICAL_CALIBRATION,205.0,55.5
OBS_000295,08:37:00,8820.0,12004,ROUTE_NDLS_LKO_01,SYNTHETIC_SIMULATOR,OK,27.2078,78.2384,209.0,0.0,0.0,0.0,0.0,0.0,130.0,,0.0,SEC_TDL_ETW,TDL,TDL,ETW,92.0,303.0,DWELLING,,,,,-12.2,,,GREEN,LOW,False,,False,,JRN_NDLS_LKO_01_20260902_190156,0.2313,0.0,0.4541,0.4541,1.0,NONE,NONE,,220.8,727.2,08:37:00,30.0,BASELINE_HISTORICAL_CALIBRATION,204.5,55.0
OBS_000296,08:37:30,8850.0,12004,ROUTE_NDLS_LKO_01,SYNTHETIC_SIMULATOR,OK,27.2078,78.2384,209.0,0.0,0.0,0.0,0.0,0.0,130.0,,0.0,SEC_TDL_ETW,TDL,TDL,ETW,92.0,303.0,DWELLING,,,,,-11.7,,,GREEN,LOW,False,,False,,JRN_NDLS_LKO_01_20260902_190156,0.2313,0.0,0.4541,0.4541,1.0,NONE,NONE,,220.8,727.2,08:37:30,30.0,BASELINE_HISTORICAL_CALIBRATION,204.0,54.5
OBS_000297,08:38:00,8880.0,12004,ROUTE_NDLS_LKO_01,SYNTHETIC_SIMULATOR,OK,27.2078,78.2384,209.0,0.0,0.0,0.0,0.0,0.0,130.0,,0.0,SEC_TDL_ETW,TDL,TDL,ETW,92.0,303.0,DWELLING,,,,,-11.2,,,GREEN,LOW,False,,False,,JRN_NDLS_LKO_01_20260902_190156,0.2313,0.0,0.4541,0.4541,1.0,NONE,NONE,,220.8,727.2,08:38:00,30.0,BASELINE_HISTORICAL_CALIBRATION,203.5,54.0
OBS_000298,08:38:30,8910.0,12004,ROUTE_NDLS_LKO_01,SYNTHETIC_SIMULATOR,OK,27.2078,78.2384,209.0,0.0,0.0,0.0,0.0,0.0,130.0,,0.0,SEC_TDL_ETW,TDL,TDL,ETW,92.0,303.0,DWELLING,,,,,-10.7,,,GREEN,LOW,False,,False,,JRN_NDLS_LKO_01_20260902_190156,0.2313,0.0,0.4541,0.4541,1.0,NONE,NONE,,220.8,727.2,08:38:30,30.0,BASELINE_HISTORICAL_CALIBRATION,203.0,53.5
OBS_000299,08:39:00,8940.0,12004,ROUTE_NDLS_LKO_01,SYNTHETIC_SIMULATOR,OK,27.2078,78.2384,209.0,0.0,0.0,0.0,0.0,0.0,130.0,,0.0,SEC_TDL_ETW,TDL,TDL,ETW,92.0,303.0,DWELLING,,,,,-10.2,,,GREEN,LOW,False,,False,,JRN_NDLS_LKO_01_20260902_190156,0.2313,0.0,0.4541,0.4541,1.0,NONE,NONE,,220.8,727.2,08:39:00,30.0,BASELINE_HISTORICAL_CALIBRATION,202.5,53.0
OBS_000300,08:39:30,8970.0,12004,ROUTE_NDLS_LKO_01,SYNTHETIC_SIMULATOR,OK,27.2078,78.2384,209.0,0.0,0.0,0.0,0.0,0.0,130.0,,0.0,SEC_TDL_ETW,TDL,TDL,ETW,92.0,303.0,DWELLING,,,,,-9.7,,,GREEN,LOW,False,,False,,JRN_NDLS_LKO_01_20260902_190156,0.2313,0.0,0.4541,0.4541,1.0,NONE,NONE,,220.8,727.2,08:39:30,30.0,BASELINE_HISTORICAL_CALIBRATION,202.0,52.5
OBS_000301,08:40:00,9000.0,12004,ROUTE_NDLS_LKO_01,SYNTHETIC_SIMULATOR,OK,27.2078,78.2384,209.0,0.0,0.0,0.0,0.0,0.0,130.0,,0.0,SEC_TDL_ETW,TDL,TDL,ETW,92.0,303.0,DWELLING,,,,,-9.2,,,GREEN,LOW,False,,False,,JRN_NDLS_LKO_01_20260902_190156,0.2313,0.0,0.4541,0.4541,1.0,NONE,NONE,,220.8,727.2,08:40:00,30.0,BASELINE_HISTORICAL_CALIBRATION,201.5,52.0
OBS_000302,08:40:30,9030.0,12004,ROUTE_NDLS_LKO_01,SYNTHETIC_SIMULATOR,OK,27.2078,78.2384,209.0,0.0,0.0,0.0,0.0,0.0,130.0,,0.0,SEC_TDL_ETW,TDL,TDL,ETW,92.0,303.0,DWELLING,,,,,-8.7,,,GREEN,LOW,False,,False,,JRN_NDLS_LKO_01_20260902_190156,0.2313,0.0,0.4541,0.4541,1.0,NONE,NONE,,220.8,727.2,08:40:30,30.0,BASELINE_HISTORICAL_CALIBRATION,201.0,51.5
OBS_000303,08:41:00,9060.0,12004,ROUTE_NDLS_LKO_01,SYNTHETIC_SIMULATOR,OK,27.2078,78.2384,209.0,0.0,0.0,0.0,0.0,0.0,130.0,,0.0,SEC_TDL_ETW,TDL,TDL,ETW,92.0,303.0,DWELLING,,,,,-8.2,,,GREEN,LOW,False,,False,,JRN_NDLS_LKO_01_20260902_190156,0.2313,0.0,0.4541,0.4541,1.0,NONE,NONE,,220.8,727.2,08:41:00,30.0,BASELINE_HISTORICAL_CALIBRATION,200.5,51.0
OBS_000304,08:41:30,9090.0,12004,ROUTE_NDLS_LKO_01,SYNTHETIC_SIMULATOR,OK,27.2078,78.2384,209.0,0.0,0.0,0.0,0.0,0.0,130.0,,0.0,SEC_TDL_ETW,TDL,TDL,ETW,92.0,303.0,DWELLING,,,,,-7.7,,,GREEN,LOW,False,,False,,JRN_NDLS_LKO_01_20260902_190156,0.2313,0.0,0.4541,0.4541,1.0,NONE,NONE,,220.8,727.2,08:41:30,30.0,BASELINE_HISTORICAL_CALIBRATION,200.0,50.5
OBS_000305,08:42:00,9120.0,12004,ROUTE_NDLS_LKO_01,SYNTHETIC_SIMULATOR,OK,27.2078,78.2384,209.0,0.0,0.0,0.0,0.0,0.0,130.0,,0.0,SEC_TDL_ETW,TDL,TDL,ETW,92.0,303.0,DWELLING,,,,,-7.2,,,GREEN,LOW,False,,False,,JRN_NDLS_LKO_01_20260902_190156,0.2313,0.0,0.4541,0.4541,1.0,NONE,NONE,,220.8,727.2,08:42:00,30.0,BASELINE_HISTORICAL_CALIBRATION,199.5,50.0
OBS_000306,08:42:30,9150.0,12004,ROUTE_NDLS_LKO_01,SYNTHETIC_SIMULATOR,OK,27.2078,78.2384,209.0,0.0,0.0,0.0,0.0,0.0,130.0,,0.0,SEC_TDL_ETW,TDL,TDL,ETW,92.0,303.0,DWELLING,,,,,-6.7,,,GREEN,LOW,False,,False,,JRN_NDLS_LKO_01_20260902_190156,0.2313,0.0,0.4541,0.4541,1.0,NONE,NONE,,220.8,727.2,08:42:30,30.0,BASELINE_HISTORICAL_CALIBRATION,199.0,49.5
OBS_000307,08:43:00,9180.0,12004,ROUTE_NDLS_LKO_01,SYNTHETIC_SIMULATOR,OK,27.2078,78.2384,209.0,0.0,0.0,0.0,0.0,0.0,130.0,,0.0,SEC_TDL_ETW,TDL,TDL,ETW,92.0,303.0,DWELLING,,,,,-6.2,,,GREEN,LOW,False,,False,,JRN_NDLS_LKO_01_20260902_190156,0.2313,0.0,0.4541,0.4541,1.0,NONE,NONE,,220.8,727.2,08:43:00,30.0,BASELINE_HISTORICAL_CALIBRATION,198.5,49.0
OBS_000308,08:43:30,9210.0,12004,ROUTE_NDLS_LKO_01,SYNTHETIC_SIMULATOR,OK,27.2078,78.2384,209.0,0.0,0.0,0.0,0.0,0.0,130.0,,0.0,SEC_TDL_ETW,TDL,TDL,ETW,92.0,303.0,DWELLING,,,,,-5.7,,,GREEN,LOW,False,,False,,JRN_NDLS_LKO_01_20260902_190156,0.2313,0.0,0.4541,0.4541,1.0,NONE,NONE,,220.8,727.2,08:43:30,30.0,BASELINE_HISTORICAL_CALIBRATION,198.0,48.5
OBS_000309,08:44:00,9240.0,12004,ROUTE_NDLS_LKO_01,SYNTHETIC_SIMULATOR,OK,27.2078,78.2384,209.0,0.0,0.0,0.0,0.0,0.0,130.0,,0.0,SEC_TDL_ETW,TDL,TDL,ETW,92.0,303.0,DWELLING,,,,,-5.2,,,GREEN,LOW,False,,False,,JRN_NDLS_LKO_01_20260902_190156,0.2313,0.0,0.4541,0.4541,1.0,NONE,NONE,,220.8,727.2,08:44:00,30.0,BASELINE_HISTORICAL_CALIBRATION,197.5,48.0
OBS_000310,08:44:30,9270.0,12004,ROUTE_NDLS_LKO_01,SYNTHETIC_SIMULATOR,OK,27.2078,78.2384,209.0,0.0,0.0,0.0,0.0,0.0,130.0,,0.0,SEC_TDL_ETW,TDL,TDL,ETW,92.0,303.0,DWELLING,,,,,-4.7,,,GREEN,LOW,False,,False,,JRN_NDLS_LKO_01_20260902_190156,0.2313,0.0,0.4541,0.4541,1.0,NONE,NONE,,220.8,727.2,08:44:30,30.0,BASELINE_HISTORICAL_CALIBRATION,197.0,47.5
OBS_000311,08:45:00,9300.0,12004,ROUTE_NDLS_LKO_01,SYNTHETIC_SIMULATOR,OK,27.2078,78.2384,209.0,0.0,0.0,0.0,0.0,0.0,130.0,,0.0,SEC_TDL_ETW,TDL,TDL,ETW,92.0,303.0,DWELLING,,,,,-4.2,,,GREEN,LOW,False,,False,,JRN_NDLS_LKO_01_20260902_190156,0.2313,0.0,0.4541,0.4541,1.0,NONE,NONE,,220.8,727.2,08:45:00,30.0,BASELINE_HISTORICAL_CALIBRATION,196.5,47.0
OBS_000312,08:45:30,9330.0,12004,ROUTE_NDLS_LKO_01,SYNTHETIC_SIMULATOR,OK,27.2078,78.2384,209.0,0.0,0.0,0.0,0.0,0.0,130.0,,0.0,SEC_TDL_ETW,TDL,TDL,ETW,92.0,303.0,DWELLING,,,,,-3.7,,,GREEN,LOW,False,,False,,JRN_NDLS_LKO_01_20260902_190156,0.2313,0.0,0.4541,0.4541,1.0,NONE,NONE,,220.8,727.2,08:45:30,30.0,BASELINE_HISTORICAL_CALIBRATION,196.0,46.5
OBS_000313,08:46:00,9360.0,12004,ROUTE_NDLS_LKO_01,SYNTHETIC_SIMULATOR,OK,27.2078,78.2384,209.0,0.0,0.0,0.0,0.0,0.0,130.0,,0.0,SEC_TDL_ETW,TDL,TDL,ETW,92.0,303.0,DWELLING,,,,,-3.2,,,GREEN,LOW,False,,False,,JRN_NDLS_LKO_01_20260902_190156,0.2313,0.0,0.4541,0.4541,1.0,NONE,NONE,,220.8,727.2,08:46:00,30.0,BASELINE_HISTORICAL_CALIBRATION,195.5,46.0
OBS_000314,08:46:30,9390.0,12004,ROUTE_NDLS_LKO_01,SYNTHETIC_SIMULATOR,OK,27.2078,78.2384,209.0,0.0,0.0,0.0,0.0,0.0,130.0,,0.0,SEC_TDL_ETW,TDL,TDL,ETW,92.0,303.0,DWELLING,,,,,-2.7,,,GREEN,LOW,False,,False,,JRN_NDLS_LKO_01_20260902_190156,0.2313,0.0,0.4541,0.4541,1.0,NONE,NONE,,220.8,727.2,08:46:30,30.0,BASELINE_HISTORICAL_CALIBRATION,195.0,45.5
OBS_000315,08:47:00,9420.0,12004,ROUTE_NDLS_LKO_01,SYNTHETIC_SIMULATOR,OK,27.2078,78.2384,209.675,54.0,15.0,123.5,0.5,187.5,130.0,,1196.15,SEC_TDL_ETW,TDL,TDL,ETW,91.325,302.325,ACCELERATING,DEPARTED,,08:47:00,2,-2.2,,,GREEN,LOW,False,,False,,JRN_NDLS_LKO_01_20260902_190156,0.2313,0.0,0.4541,0.4541,1.0,NONE,NONE,,101.5,335.9,08:47:00,30.0,BASELINE_HISTORICAL_CALIBRATION,194.5,45.0
OBS_000316,08:47:30,9450.0,12004,ROUTE_NDLS_LKO_01,SYNTHETIC_SIMULATOR,OK,27.199367,78.253843,210.8,108.0,30.0,123.5,0.5,750.0,130.0,,1191.76,SEC_TDL_ETW,,TDL,ETW,90.2,301.2,ACCELERATING,,,,,-2.21,,,GREEN,LOW,False,,False,,JRN_NDLS_LKO_01_20260902_190156,0.2313,0.0,0.4541,0.4541,1.0,NONE,NONE,,50.1,167.3,08:47:30,30.0,BASELINE_HISTORICAL_CALIBRATION,194.0,44.5
OBS_000317,08:48:00,9480.0,12004,ROUTE_NDLS_LKO_01,SYNTHETIC_SIMULATOR,OK,27.193492,78.264603,212.054,123.5,34.31,123.5,0.5,980.7,130.0,,1184.39,SEC_TDL_ETW,,TDL,ETW,88.946,299.946,ACCELERATING,,,,,-2.57,,,GREEN,LOW,False,,False,,JRN_NDLS_LKO_01_20260902_190156,0.2313,0.0,0.4541,0.4541,1.0,NONE,NONE,,43.2,145.7,08:48:00,30.0,BASELINE_HISTORICAL_CALIBRATION,193.5,44.0
OBS_000318,08:48:30,9510.0,12004,ROUTE_NDLS_LKO_01,SYNTHETIC_SIMULATOR,OK,27.18867,78.273432,213.083,123.5,34.31,123.5,0.0,980.7,130.0,,1176.13,SEC_TDL_ETW,,TDL,ETW,87.917,298.917,CRUISING,,,,,-3.03,,,GREEN,LOW,False,,False,,JRN_NDLS_LKO_01_20260902_190156,0.2313,0.0,0.4541,0.4541,1.0,NONE,NONE,,42.7,145.2,08:48:30,30.0,BASELINE_HISTORICAL_CALIBRATION,193.0,43.5
OBS_000319,08:49:00,9540.0,12004,ROUTE_NDLS_LKO_01,SYNTHETIC_SIMULATOR,OK,27.183849,78.282262,214.112,123.5,34.31,123.5,0.0,980.7,130.0,,1169.31,SEC_TDL_ETW,,TDL,ETW,86.888,297.888,CRUISING,,,,,-3.31,,,GREEN,LOW,False,,False,,JRN_NDLS_LKO_01_20260902_190156,0.2313,0.0,0.4541,0.4541,1.0,NONE,NONE,,42.2,144.7,08:49:00,30.0,BASELINE_HISTORICAL_CALIBRATION,192.5,43.0
OBS_000320,08:49:30,9570.0,12004,ROUTE_NDLS_LKO_01,SYNTHETIC_SIMULATOR,OK,27.179028,78.291091,215.142,123.5,34.31,123.5,0.0,980.7,130.0,,1162.44,SEC_TDL_ETW,,TDL,ETW,85.858,296.858,CRUISING,,,,,-3.59,,,GREEN,LOW,False,,False,,JRN_NDLS_LKO_01_20260902_190156,0.2313,0.0,0.4541,0.4541,1.0,NONE,NONE,,41.7,144.2,08:49:30,30.0,BASELINE_HISTORICAL_CALIBRATION,192.0,42.5
OBS_000321,08:50:00,9600.0,12004,ROUTE_NDLS_LKO_01,SYNTHETIC_SIMULATOR,OK,27.174206,78.299921,216.171,123.5,34.31,123.5,0.0,980.7,130.0,,1155.54,SEC_TDL_ETW,,TDL,ETW,84.829,295.829,CRUISING,,,,,-3.88,,,GREEN,LOW,False,,False,,JRN_NDLS_LKO_01_20260902_190156,0.2313,0.0,0.4541,0.4541,1.0,NONE,NONE,,41.2,143.7,08:50:00,30.0,BASELINE_HISTORICAL_CALIBRATION,191.5,42.0
OBS_000322,08:50:30,9630.0,12004,ROUTE_NDLS_LKO_01,SYNTHETIC_SIMULATOR,OK,27.169385,78.308751,217.2,123.5,34.31,123.5,0.0,980.7,130.0,,1148.59,SEC_TDL_ETW,,TDL,ETW,83.8,294.8,CRUISING,,,,,-4.16,,,GREEN,LOW,False,,False,,JRN_NDLS_LKO_01_20260902_190156,0.2313,0.0,0.4541,0.4541,1.0,NONE,NONE,,40.7,143.2,08:50:30,30.0,BASELINE_HISTORICAL_CALIBRATION,191.0,41.5
OBS_000323,08:51:00,9660.0,12004,ROUTE_NDLS_LKO_01,SYNTHETIC_SIMULATOR,OK,27.164563,78.31758,218.229,123.5,34.31,123.5,0.0,980.7,130.0,,1141.6,SEC_TDL_ETW,,TDL,ETW,82.771,293.771,CRUISING,,,,,-4.45,,,GREEN,LOW,False,,False,,JRN_NDLS_LKO_01_20260902_190156,0.2313,0.0,0.4541,0.4541,1.0,NONE,NONE,,40.2,142.7,08:51:00,30.0,BASELINE_HISTORICAL_CALIBRATION,190.5,41.0
OBS_000324,08:51:30,9690.0,12004,ROUTE_NDLS_LKO_01,SYNTHETIC_SIMULATOR,OK,27.159742,78.32641,219.258,123.5,34.31,123.5,0.0,980.7,130.0,,1134.57,SEC_TDL_ETW,,TDL,ETW,81.742,292.742,CRUISING,,,,,-4.73,,,GREEN,LOW,False,,False,,JRN_NDLS_LKO_01_20260902_190156,0.2313,0.0,0.4541,0.4541,1.0,NONE,NONE,,39.7,142.2,08:51:30,30.0,BASELINE_HISTORICAL_CALIBRATION,190.0,40.5
OBS_000325,08:52:00,9720.0,12004,ROUTE_NDLS_LKO_01,SYNTHETIC_SIMULATOR,OK,27.154921,78.335239,220.287,123.5,34.31,123.5,0.0,980.7,130.0,,1127.5,SEC_TDL_ETW,,TDL,ETW,80.713,291.713,CRUISING,,,,,-5.01,,,GREEN,LOW,False,,False,,JRN_NDLS_LKO_01_20260902_190156,0.2313,0.0,0.4541,0.4541,1.0,NONE,NONE,,39.2,141.7,08:52:00,30.0,BASELINE_HISTORICAL_CALIBRATION,189.5,40.0
OBS_000326,08:52:30,9750.0,12004,ROUTE_NDLS_LKO_01,SYNTHETIC_SIMULATOR,OK,27.150099,78.344069,221.317,123.5,34.31,123.5,0.0,980.7,130.0,,1120.38,SEC_TDL_ETW,,TDL,ETW,79.683,290.683,CRUISING,,,,,-5.3,,,GREEN,LOW,False,,False,,JRN_NDLS_LKO_01_20260902_190156,0.2313,0.0,0.4541,0.4541,1.0,NONE,NONE,,38.7,141.2,08:52:30,30.0,BASELINE_HISTORICAL_CALIBRATION,189.0,39.5
OBS_000327,08:53:00,9780.0,12004,ROUTE_NDLS_LKO_01,SYNTHETIC_SIMULATOR,OK,27.145278,78.352899,222.346,123.5,34.31,123.5,0.0,980.7,130.0,,1113.21,SEC_TDL_ETW,,TDL,ETW,78.654,289.654,CRUISING,,,,,-5.58,,,GREEN,LOW,False,,False,,JRN_NDLS_LKO_01_20260902_190156,0.2313,0.0,0.4541,0.4541,1.0,NONE,NONE,,38.2,140.7,08:53:00,30.0,BASELINE_HISTORICAL_CALIBRATION,188.5,39.0
OBS_000328,08:53:30,9810.0,12004,ROUTE_NDLS_LKO_01,SYNTHETIC_SIMULATOR,OK,27.140456,78.361728,223.375,123.5,34.31,123.5,0.0,980.7,130.0,,1106.0,SEC_TDL_ETW,,TDL,ETW,77.625,288.625,CRUISING,,,,,-5.86,,,GREEN,LOW,False,,False,,JRN_NDLS_LKO_01_20260902_190156,0.2313,0.0,0.4541,0.4541,1.0,NONE,NONE,,37.7,140.2,08:53:30,30.0,BASELINE_HISTORICAL_CALIBRATION,188.0,38.5
OBS_000329,08:54:00,9840.0,12004,ROUTE_NDLS_LKO_01,SYNTHETIC_SIMULATOR,OK,27.135635,78.370558,224.404,123.5,34.31,123.5,0.0,980.7,130.0,,1098.74,SEC_TDL_ETW,,TDL,ETW,76.596,287.596,CRUISING,,,,,-6.15,,,GREEN,LOW,False,,False,,JRN_NDLS_LKO_01_20260902_190156,0.2313,0.0,0.4541,0.4541,1.0,NONE,NONE,,37.2,139.7,08:54:00,30.0,BASELINE_HISTORICAL_CALIBRATION,187.5,38.0
OBS_000330,08:54:30,9870.0,12004,ROUTE_NDLS_LKO_01,SYNTHETIC_SIMULATOR,OK,27.130813,78.379387,225.433,123.5,34.31,123.5,0.0,980.7,130.0,,1091.43,SEC_TDL_ETW,,TDL,ETW,75.567,286.567,CRUISING,,,,,-6.43,,,GREEN,LOW,False,,False,,JRN_NDLS_LKO_01_20260902_190156,0.2313,0.0,0.4541,0.4541,1.0,NONE,NONE,,36.7,139.2,08:54:30,30.0,BASELINE_HISTORICAL_CALIBRATION,187.0,37.5
OBS_000331,08:55:00,9900.0,12004,ROUTE_NDLS_LKO_01,SYNTHETIC_SIMULATOR,OK,27.125992,78.388217,226.462,123.5,34.31,123.5,0.0,980.7,130.0,,1084.07,SEC_TDL_ETW,,TDL,ETW,74.538,285.538,CRUISING,,,,,-6.72,,,GREEN,LOW,False,,False,,JRN_NDLS_LKO_01_20260902_190156,0.2313,0.0,0.4541,0.4541,1.0,NONE,NONE,,36.2,138.7,08:55:00,30.0,BASELINE_HISTORICAL_CALIBRATION,186.5,37.0
OBS_000332,08:55:30,9930.0,12004,ROUTE_NDLS_LKO_01,SYNTHETIC_SIMULATOR,OK,27.121171,78.397046,227.492,123.5,34.31,123.5,0.0,980.7,130.0,,1076.66,SEC_TDL_ETW,,TDL,ETW,73.508,284.508,CRUISING,,,,,-7.0,,,GREEN,LOW,False,,False,,JRN_NDLS_LKO_01_20260902_190156,0.2313,0.0,0.4541,0.4541,1.0,NONE,NONE,,35.7,138.2,08:55:30,30.0,BASELINE_HISTORICAL_CALIBRATION,186.0,36.5
OBS_000333,08:56:00,9960.0,12004,ROUTE_NDLS_LKO_01,SYNTHETIC_SIMULATOR,OK,27.116349,78.405876,228.521,123.5,34.31,123.5,0.0,980.7,130.0,,1069.21,SEC_TDL_ETW,,TDL,ETW,72.479,283.479,CRUISING,,,,,-7.28,,,GREEN,LOW,False,,False,,JRN_NDLS_LKO_01_20260902_190156,0.2313,0.0,0.4541,0.4541,1.0,NONE,NONE,,35.2,137.7,08:56:00,30.0,BASELINE_HISTORICAL_CALIBRATION,185.5,36.0
OBS_000334,08:56:30,9990.0,12004,ROUTE_NDLS_LKO_01,SYNTHETIC_SIMULATOR,OK,27.111528,78.414706,229.55,123.5,34.31,123.5,0.0,980.7,130.0,,1061.69,SEC_TDL_ETW,,TDL,ETW,71.45,282.45,CRUISING,,,,,-7.57,,,GREEN,LOW,False,,False,,JRN_NDLS_LKO_01_20260902_190156,0.2313,0.0,0.4541,0.4541,1.0,NONE,NONE,,34.7,137.2,08:56:30,30.0,BASELINE_HISTORICAL_CALIBRATION,185.0,35.5
OBS_000335,08:57:00,10020.0,12004,ROUTE_NDLS_LKO_01,SYNTHETIC_SIMULATOR,OK,27.106706,78.423535,230.579,123.5,34.31,123.5,0.0,980.7,130.0,,1054.13,SEC_TDL_ETW,,TDL,ETW,70.421,281.421,CRUISING,,,,,-7.85,,,GREEN,LOW,False,,False,,JRN_NDLS_LKO_01_20260902_190156,0.2313,0.0,0.4541,0.4541,1.0,NONE,NONE,,34.2,136.7,08:57:00,30.0,BASELINE_HISTORICAL_CALIBRATION,184.5,35.0
OBS_000336,08:57:30,10050.0,12004,ROUTE_NDLS_LKO_01,SYNTHETIC_SIMULATOR,OK,27.101885,78.432365,231.608,123.5,34.31,123.5,0.0,980.7,130.0,,1046.51,SEC_TDL_ETW,,TDL,ETW,69.392,280.392,CRUISING,,,,,-8.14,,,GREEN,LOW,False,,False,,JRN_NDLS_LKO_01_20260902_190156,0.2313,0.0,0.4541,0.4541,1.0,NONE,NONE,,33.7,136.2,08:57:30,30.0,BASELINE_HISTORICAL_CALIBRATION,184.0,34.5
OBS_000337,08:58:00,10080.0,12004,ROUTE_NDLS_LKO_01,SYNTHETIC_SIMULATOR,OK,27.097063,78.441194,232.637,123.5,34.31,123.5,0.0,980.7,130.0,,1038.84,SEC_TDL_ETW,,TDL,ETW,68.363,279.363,CRUISING,,,,,-8.42,,,GREEN,LOW,False,,False,,JRN_NDLS_LKO_01_20260902_190156,0.2313,0.0,0.4541,0.4541,1.0,NONE,NONE,,33.2,135.7,08:58:00,30.0,BASELINE_HISTORICAL_CALIBRATION,183.5,34.0
OBS_000338,08:58:30,10110.0,12004,ROUTE_NDLS_LKO_01,SYNTHETIC_SIMULATOR,OK,27.092242,78.450024,233.667,123.5,34.31,123.5,0.0,980.7,130.0,,1031.1,SEC_TDL_ETW,,TDL,ETW,67.333,278.333,CRUISING,,,,,-8.7,,,GREEN,LOW,False,,False,,JRN_NDLS_LKO_01_20260902_190156,0.2313,0.0,0.4541,0.4541,1.0,NONE,NONE,,32.7,135.2,08:58:30,30.0,BASELINE_HISTORICAL_CALIBRATION,183.0,33.5
OBS_000339,08:59:00,10140.0,12004,ROUTE_NDLS_LKO_01,SYNTHETIC_SIMULATOR,OK,27.087421,78.458853,234.696,123.5,34.31,123.5,0.0,980.7,130.0,,1023.31,SEC_TDL_ETW,,TDL,ETW,66.304,277.304,CRUISING,,,,,-8.99,,,GREEN,LOW,False,,False,,JRN_NDLS_LKO_01_20260902_190156,0.2313,0.0,0.4541,0.4541,1.0,NONE,NONE,,32.2,134.7,08:59:00,30.0,BASELINE_HISTORICAL_CALIBRATION,182.5,33.0
OBS_000340,08:59:30,10170.0,12004,ROUTE_NDLS_LKO_01,SYNTHETIC_SIMULATOR,OK,27.082599,78.467683,235.725,123.5,34.31,123.5,0.0,980.7,130.0,,1015.46,SEC_TDL_ETW,,TDL,ETW,65.275,276.275,CRUISING,,,,,-9.27,,,GREEN,LOW,False,,False,,JRN_NDLS_LKO_01_20260902_190156,0.2313,0.0,0.4541,0.4541,1.0,NONE,NONE,,31.7,134.2,08:59:30,30.0,BASELINE_HISTORICAL_CALIBRATION,182.0,32.5
OBS_000341,09:00:00,10200.0,12004,ROUTE_NDLS_LKO_01,SYNTHETIC_SIMULATOR,OK,27.077778,78.476513,236.754,123.5,34.31,123.5,0.0,980.7,130.0,,1007.55,SEC_TDL_ETW,,TDL,ETW,64.246,275.246,CRUISING,,,,,-9.56,,,GREEN,LOW,False,,False,,JRN_NDLS_LKO_01_20260902_190156,0.2257,0.0,0.4541,0.4541,0.92,NONE,NONE,,31.2,133.7,09:00:00,30.0,BASELINE_HISTORICAL_CALIBRATION,181.5,32.0
OBS_000342,09:00:30,10230.0,12004,ROUTE_NDLS_LKO_01,SYNTHETIC_SIMULATOR,OK,27.072956,78.485342,237.783,123.5,34.31,123.5,0.0,980.7,130.0,,999.58,SEC_TDL_ETW,,TDL,ETW,63.217,274.217,CRUISING,,,,,-9.84,,,GREEN,LOW,False,,False,,JRN_NDLS_LKO_01_20260902_190156,0.2257,0.0,0.4541,0.4541,0.92,NONE,NONE,,30.7,133.2,09:00:30,30.0,BASELINE_HISTORICAL_CALIBRATION,181.0,31.5
OBS_000343,09:01:00,10260.0,12004,ROUTE_NDLS_LKO_01,SYNTHETIC_SIMULATOR,OK,27.068135,78.494172,238.812,123.5,34.31,123.5,0.0,980.7,130.0,,991.54,SEC_TDL_ETW,,TDL,ETW,62.188,273.188,CRUISING,,,,,-10.12,,,GREEN,LOW,False,,False,,JRN_NDLS_LKO_01_20260902_190156,0.2257,0.0,0.4541,0.4541,0.92,NONE,NONE,,30.2,132.7,09:01:00,30.0,BASELINE_HISTORICAL_CALIBRATION,180.5,31.0
OBS_000344,09:01:30,10290.0,12004,ROUTE_NDLS_LKO_01,SYNTHETIC_SIMULATOR,OK,27.063313,78.503001,239.842,123.5,34.31,123.5,0.0,980.7,130.0,,983.43,SEC_TDL_ETW,,TDL,ETW,61.158,272.158,CRUISING,,,,,-10.41,,,GREEN,LOW,False,,False,,JRN_NDLS_LKO_01_20260902_190156,0.2257,0.0,0.4541,0.4541,0.92,NONE,NONE,,29.7,132.2,09:01:30,30.0,BASELINE_HISTORICAL_CALIBRATION,180.0,30.5
OBS_000345,09:02:00,10320.0,12004,ROUTE_NDLS_LKO_01,SYNTHETIC_SIMULATOR,OK,27.058492,78.511831,240.871,123.5,34.31,123.5,0.0,980.7,130.0,,975.26,SEC_TDL_ETW,,TDL,ETW,60.129,271.129,CRUISING,,,,,-10.69,,,GREEN,LOW,False,,False,,JRN_NDLS_LKO_01_20260902_190156,0.2257,0.0,0.4541,0.4541,0.92,NONE,NONE,,29.2,131.7,09:02:00,30.0,BASELINE_HISTORICAL_CALIBRATION,179.5,30.0
OBS_000346,09:02:30,10350.0,12004,ROUTE_NDLS_LKO_01,SYNTHETIC_SIMULATOR,OK,27.053671,78.520661,241.9,123.5,34.31,123.5,0.0,980.7,130.0,,967.02,SEC_TDL_ETW,,TDL,ETW,59.1,270.1,CRUISING,,,,,-10.98,,,GREEN,LOW,False,,False,,JRN_NDLS_LKO_01_20260902_190156,0.2257,0.0,0.4541,0.4541,0.92,NONE,NONE,,28.7,131.2,09:02:30,30.0,BASELINE_HISTORICAL_CALIBRATION,179.0,29.5
OBS_000347,09:03:00,10380.0,12004,ROUTE_NDLS_LKO_01,SYNTHETIC_SIMULATOR,OK,27.048849,78.52949,242.929,123.5,34.31,123.5,0.0,980.7,130.0,,958.71,SEC_TDL_ETW,,TDL,ETW,58.071,269.071,CRUISING,,,,,-11.26,,,GREEN,LOW,False,,False,,JRN_NDLS_LKO_01_20260902_190156,0.2257,0.0,0.4541,0.4541,0.92,NONE,NONE,,28.2,130.7,09:03:00,30.0,BASELINE_HISTORICAL_CALIBRATION,178.5,29.0
OBS_000348,09:03:30,10410.0,12004,ROUTE_NDLS_LKO_01,SYNTHETIC_SIMULATOR,OK,27.044028,78.53832,243.958,123.5,34.31,123.5,0.0,980.7,130.0,,950.32,SEC_TDL_ETW,,TDL,ETW,57.042,268.042,CRUISING,,,,,-11.54,,,GREEN,LOW,False,,False,,JRN_NDLS_LKO_01_20260902_190156,0.2257,0.0,0.4541,0.4541,0.92,NONE,NONE,,27.7,130.2,09:03:30,30.0,BASELINE_HISTORICAL_CALIBRATION,178.0,28.5
OBS_000349,09:04:00,10440.0,12004,ROUTE_NDLS_LKO_01,SYNTHETIC_SIMULATOR,OK,27.039206,78.547149,244.987,123.5,34.31,123.5,0.0,980.7,130.0,,941.87,SEC_TDL_ETW,,TDL,ETW,56.013,267.013,CRUISING,,,,,-11.83,,,GREEN,LOW,False,,False,,JRN_NDLS_LKO_01_20260902_190156,0.2257,0.0,0.4541,0.4541,0.92,NONE,NONE,,27.2,129.7,09:04:00,30.0,BASELINE_HISTORICAL_CALIBRATION,177.5,28.0
OBS_000350,09:04:30,10470.0,12004,ROUTE_NDLS_LKO_01,SYNTHETIC_SIMULATOR,OK,27.034385,78.555979,246.017,123.5,34.31,123.5,0.0,980.7,130.0,,933.33,SEC_TDL_ETW,,TDL,ETW,54.983,265.983,CRUISING,,,,,-12.11,,,GREEN,LOW,False,,False,,JRN_NDLS_LKO_01_20260902_190156,0.2257,0.0,0.4541,0.4541,0.92,NONE,NONE,,26.7,129.2,09:04:30,30.0,BASELINE_HISTORICAL_CALIBRATION,177.0,27.5
OBS_000351,09:05:00,10500.0,12004,ROUTE_NDLS_LKO_01,SYNTHETIC_SIMULATOR,OK,27.029564,78.564808,247.046,123.5,34.31,123.5,0.0,980.7,130.0,,924.72,SEC_TDL_ETW,,TDL,ETW,53.954,264.954,CRUISING,,,,,-12.4,,,GREEN,LOW,False,,False,,JRN_NDLS_LKO_01_20260902_190156,0.2257,0.0,0.4541,0.4541,0.92,NONE,NONE,,26.2,128.7,09:05:00,30.0,BASELINE_HISTORICAL_CALIBRATION,176.5,27.0
OBS_000352,09:05:30,10530.0,12004,ROUTE_NDLS_LKO_01,SYNTHETIC_SIMULATOR,OK,27.024742,78.573638,248.075,123.5,34.31,123.5,0.0,980.7,130.0,,916.02,SEC_TDL_ETW,,TDL,ETW,52.925,263.925,CRUISING,,,,,-12.68,,,GREEN,LOW,False,,False,,JRN_NDLS_LKO_01_20260902_190156,0.2257,0.0,0.4541,0.4541,0.92,NONE,NONE,,25.7,128.2,09:05:30,30.0,BASELINE_HISTORICAL_CALIBRATION,176.0,26.5
OBS_000353,09:06:00,10560.0,12004,ROUTE_NDLS_LKO_01,SYNTHETIC_SIMULATOR,OK,27.019921,78.582468,249.104,123.5,34.31,123.5,0.0,980.7,130.0,,907.24,SEC_TDL_ETW,,TDL,ETW,51.896,262.896,CRUISING,,,,,-12.96,,,GREEN,LOW,False,,False,,JRN_NDLS_LKO_01_20260902_190156,0.2257,0.0,0.4541,0.4541,0.92,NONE,NONE,,25.2,127.7,09:06:00,30.0,BASELINE_HISTORICAL_CALIBRATION,175.5,26.0
OBS_000354,09:06:30,10590.0,12004,ROUTE_NDLS_LKO_01,SYNTHETIC_SIMULATOR,OK,27.015099,78.591297,250.133,123.5,34.31,123.5,0.0,980.7,130.0,,898.38,SEC_TDL_ETW,,TDL,ETW,50.867,261.867,CRUISING,,,,,-13.25,,,GREEN,LOW,False,,False,,JRN_NDLS_LKO_01_20260902_190156,0.2257,0.0,0.4541,0.4541,0.92,NONE,NONE,,24.7,127.2,09:06:30,30.0,BASELINE_HISTORICAL_CALIBRATION,175.0,25.5
OBS_000355,09:07:00,10620.0,12004,ROUTE_NDLS_LKO_01,SYNTHETIC_SIMULATOR,OK,27.010278,78.600127,251.162,123.5,34.31,123.5,0.0,980.7,130.0,,889.43,SEC_TDL_ETW,,TDL,ETW,49.838,260.838,CRUISING,,,,,-13.53,,,GREEN,LOW,False,,False,,JRN_NDLS_LKO_01_20260902_190156,0.2257,0.0,0.4541,0.4541,0.92,NONE,NONE,,24.2,126.7,09:07:00,30.0,BASELINE_HISTORICAL_CALIBRATION,174.5,25.0
OBS_000356,09:07:30,10650.0,12004,ROUTE_NDLS_LKO_01,SYNTHETIC_SIMULATOR,OK,27.005456,78.608956,252.192,123.5,34.31,123.5,0.0,980.7,130.0,,880.38,SEC_TDL_ETW,,TDL,ETW,48.808,259.808,CRUISING,,,,,-13.82,,,GREEN,LOW,False,,False,,JRN_NDLS_LKO_01_20260902_190156,0.2257,0.0,0.4541,0.4541,0.92,NONE,NONE,,23.7,126.2,09:07:30,30.0,BASELINE_HISTORICAL_CALIBRATION,174.0,24.5
OBS_000357,09:08:00,10680.0,12004,ROUTE_NDLS_LKO_01,SYNTHETIC_SIMULATOR,OK,27.000635,78.617786,253.221,123.5,34.31,123.5,0.0,980.7,130.0,,871.24,SEC_TDL_ETW,,TDL,ETW,47.779,258.779,CRUISING,,,,,-14.1,,,GREEN,LOW,False,,False,,JRN_NDLS_LKO_01_20260902_190156,0.2257,0.0,0.4541,0.4541,0.92,NONE,NONE,,23.2,125.7,09:08:00,30.0,BASELINE_HISTORICAL_CALIBRATION,173.5,24.0
OBS_000358,09:08:30,10710.0,12004,ROUTE_NDLS_LKO_01,SYNTHETIC_SIMULATOR,OK,26.995814,78.626615,254.25,123.5,34.31,123.5,0.0,980.7,130.0,,862.01,SEC_TDL_ETW,,TDL,ETW,46.75,257.75,CRUISING,,,,,-14.38,,,GREEN,LOW,False,,False,,JRN_NDLS_LKO_01_20260902_190156,0.2257,0.0,0.4541,0.4541,0.92,NONE,NONE,,22.7,125.2,09:08:30,30.0,BASELINE_HISTORICAL_CALIBRATION,173.0,23.5
OBS_000359,09:09:00,10740.0,12004,ROUTE_NDLS_LKO_01,SYNTHETIC_SIMULATOR,OK,26.990992,78.635445,255.279,123.5,34.31,123.5,0.0,980.7,130.0,,852.68,SEC_TDL_ETW,,TDL,ETW,45.721,256.721,CRUISING,,,,,-14.67,,,GREEN,LOW,False,,False,,JRN_NDLS_LKO_01_20260902_190156,0.2257,0.0,0.4541,0.4541,0.92,NONE,NONE,,22.2,124.7,09:09:00,30.0,BASELINE_HISTORICAL_CALIBRATION,172.5,23.0
OBS_000360,09:09:30,10770.0,12004,ROUTE_NDLS_LKO_01,SYNTHETIC_SIMULATOR,OK,26.986171,78.644275,256.308,123.5,34.31,123.5,0.0,980.7,130.0,,843.24,SEC_TDL_ETW,,TDL,ETW,44.692,255.692,CRUISING,,,,,-14.95,,,GREEN,LOW,False,,False,,JRN_NDLS_LKO_01_20260902_190156,0.2257,0.0,0.4541,0.4541,0.92,NONE,NONE,,21.7,124.2,09:09:30,30.0,BASELINE_HISTORICAL_CALIBRATION,172.0,22.5
OBS_000361,09:10:00,10800.0,12004,ROUTE_NDLS_LKO_01,SYNTHETIC_SIMULATOR,OK,26.981349,78.653104,257.337,123.5,34.31,123.5,0.0,980.7,130.0,,833.69,SEC_TDL_ETW,,TDL,ETW,43.663,254.663,CRUISING,,,,,-15.23,,,GREEN,LOW,False,,False,,JRN_NDLS_LKO_01_20260902_190156,0.2257,0.0,0.4541,0.4541,0.92,NONE,NONE,,21.2,123.7,09:10:00,30.0,BASELINE_HISTORICAL_CALIBRATION,171.5,22.0
OBS_000362,09:10:30,10830.0,12004,ROUTE_NDLS_LKO_01,SYNTHETIC_SIMULATOR,OK,26.976528,78.661934,258.367,123.5,34.31,123.5,0.0,980.7,130.0,,824.04,SEC_TDL_ETW,,TDL,ETW,42.633,253.633,CRUISING,,,,,-15.52,,,GREEN,LOW,False,,False,,JRN_NDLS_LKO_01_20260902_190156,0.2257,0.0,0.4541,0.4541,0.92,NONE,NONE,,20.7,123.2,09:10:30,30.0,BASELINE_HISTORICAL_CALIBRATION,171.0,21.5
OBS_000363,09:11:00,10860.0,12004,ROUTE_NDLS_LKO_01,SYNTHETIC_SIMULATOR,OK,26.971706,78.670763,259.396,123.5,34.31,123.5,0.0,980.7,130.0,,814.27,SEC_TDL_ETW,,TDL,ETW,41.604,252.604,CRUISING,,,,,-15.8,,,GREEN,LOW,False,,False,,JRN_NDLS_LKO_01_20260902_190156,0.2257,0.0,0.4541,0.4541,0.92,NONE,NONE,,20.2,122.7,09:11:00,30.0,BASELINE_HISTORICAL_CALIBRATION,170.5,21.0
OBS_000364,09:11:30,10890.0,12004,ROUTE_NDLS_LKO_01,SYNTHETIC_SIMULATOR,OK,26.966885,78.679593,260.425,123.5,34.31,123.5,0.0,980.7,130.0,,804.38,SEC_TDL_ETW,,TDL,ETW,40.575,251.575,CRUISING,,,,,-16.09,,,GREEN,LOW,False,,False,,JRN_NDLS_LKO_01_20260902_190156,0.2257,0.0,0.4541,0.4541,0.92,NONE,NONE,,19.7,122.2,09:11:30,30.0,BASELINE_HISTORICAL_CALIBRATION,170.0,20.5
OBS_000365,09:12:00,10920.0,12004,ROUTE_NDLS_LKO_01,SYNTHETIC_SIMULATOR,OK,26.962064,78.688423,261.454,123.5,34.31,123.5,0.0,980.7,130.0,,794.37,SEC_TDL_ETW,,TDL,ETW,39.546,250.546,CRUISING,,,,,-16.37,,,GREEN,LOW,False,,False,,JRN_NDLS_LKO_01_20260902_190156,0.2257,0.0,0.4541,0.4541,0.92,NONE,NONE,,19.2,121.7,09:12:00,30.0,BASELINE_HISTORICAL_CALIBRATION,169.5,20.0
OBS_000366,09:12:30,10950.0,12004,ROUTE_NDLS_LKO_01,SYNTHETIC_SIMULATOR,OK,26.957242,78.697252,262.483,123.5,34.31,123.5,0.0,980.7,130.0,,784.23,SEC_TDL_ETW,,TDL,ETW,38.517,249.517,CRUISING,,,,,-16.65,,,GREEN,LOW,False,,False,,JRN_NDLS_LKO_01_20260902_190156,0.2257,0.0,0.4541,0.4541,0.92,NONE,NONE,,18.7,121.2,09:12:30,30.0,BASELINE_HISTORICAL_CALIBRATION,169.0,19.5
OBS_000367,09:13:00,10980.0,12004,ROUTE_NDLS_LKO_01,SYNTHETIC_SIMULATOR,OK,26.952421,78.706082,263.512,123.5,34.31,123.5,0.0,980.7,130.0,,773.96,SEC_TDL_ETW,,TDL,ETW,37.488,248.488,CRUISING,,,,,-16.94,,,GREEN,LOW,False,,False,,JRN_NDLS_LKO_01_20260902_190156,0.2257,0.0,0.4541,0.4541,0.92,NONE,NONE,,18.2,120.7,09:13:00,30.0,BASELINE_HISTORICAL_CALIBRATION,168.5,19.0
OBS_000368,09:13:30,11010.0,12004,ROUTE_NDLS_LKO_01,SYNTHETIC_SIMULATOR,OK,26.947599,78.714911,264.542,123.5,34.31,123.5,0.0,980.7,130.0,,763.55,SEC_TDL_ETW,,TDL,ETW,36.458,247.458,CRUISING,,,,,-17.22,,,GREEN,LOW,False,,False,,JRN_NDLS_LKO_01_20260902_190156,0.2257,0.0,0.4541,0.4541,0.92,NONE,NONE,,17.7,120.2,09:13:30,30.0,BASELINE_HISTORICAL_CALIBRATION,168.0,18.5
OBS_000369,09:14:00,11040.0,12004,ROUTE_NDLS_LKO_01,SYNTHETIC_SIMULATOR,OK,26.942778,78.723741,265.571,123.5,34.31,123.5,0.0,980.7,130.0,,752.99,SEC_TDL_ETW,,TDL,ETW,35.429,246.429,CRUISING,,,,,-17.51,,,GREEN,LOW,False,,False,,JRN_NDLS_LKO_01_20260902_190156,0.2257,0.0,0.4541,0.4541,0.92,NONE,NONE,,17.2,119.7,09:14:00,30.0,BASELINE_HISTORICAL_CALIBRATION,167.5,18.0
OBS_000370,09:14:30,11070.0,12004,ROUTE_NDLS_LKO_01,SYNTHETIC_SIMULATOR,OK,26.937957,78.73257,266.6,123.5,34.31,123.5,0.0,980.7,130.0,,742.29,SEC_TDL_ETW,,TDL,ETW,34.4,245.4,CRUISING,,,,,-17.79,,,GREEN,LOW,False,,False,,JRN_NDLS_LKO_01_20260902_190156,0.2257,0.0,0.4541,0.4541,0.92,NONE,NONE,,16.7,119.2,09:14:30,30.0,BASELINE_HISTORICAL_CALIBRATION,167.0,17.5
OBS_000371,09:15:00,11100.0,12004,ROUTE_NDLS_LKO_01,SYNTHETIC_SIMULATOR,OK,26.933135,78.7414,267.629,123.5,34.31,123.5,0.0,980.7,130.0,,731.43,SEC_TDL_ETW,,TDL,ETW,33.371,244.371,CRUISING,,,,,-18.07,,,GREEN,LOW,False,,False,,JRN_NDLS_LKO_01_20260902_190156,0.2257,0.0,0.4541,0.4541,0.92,NONE,NONE,,16.2,118.7,09:15:00,30.0,BASELINE_HISTORICAL_CALIBRATION,166.5,17.0
OBS_000372,09:15:30,11130.0,12004,ROUTE_NDLS_LKO_01,SYNTHETIC_SIMULATOR,OK,26.928314,78.75023,268.658,123.5,34.31,123.5,0.0,980.7,130.0,,720.4,SEC_TDL_ETW,,TDL,ETW,32.342,243.342,CRUISING,,,,,-18.36,,,GREEN,LOW,False,,False,,JRN_NDLS_LKO_01_20260902_190156,0.2257,0.0,0.4541,0.4541,0.92,NONE,NONE,,15.7,118.2,09:15:30,30.0,BASELINE_HISTORICAL_CALIBRATION,166.0,16.5
OBS_000373,09:16:00,11160.0,12004,ROUTE_NDLS_LKO_01,SYNTHETIC_SIMULATOR,OK,26.923492,78.759059,269.687,123.5,34.31,123.5,0.0,980.7,130.0,,709.21,SEC_TDL_ETW,,TDL,ETW,31.313,242.313,CRUISING,,,,,-18.64,,,GREEN,LOW,False,,False,,JRN_NDLS_LKO_01_20260902_190156,0.2257,0.0,0.4541,0.4541,0.92,NONE,NONE,,15.2,117.7,09:16:00,30.0,BASELINE_HISTORICAL_CALIBRATION,165.5,16.0
OBS_000374,09:16:30,11190.0,12004,ROUTE_NDLS_LKO_01,SYNTHETIC_SIMULATOR,OK,26.918671,78.767889,270.717,123.5,34.31,123.5,0.0,980.7,130.0,,697.83,SEC_TDL_ETW,,TDL,ETW,30.283,241.283,CRUISING,,,,,-18.93,,,GREEN,LOW,False,,False,,JRN_NDLS_LKO_01_20260902_190156,0.2257,0.0,0.4541,0.4541,0.92,NONE,NONE,,14.7,117.2,09:16:30,30.0,BASELINE_HISTORICAL_CALIBRATION,165.0,15.5
OBS_000375,09:17:00,11220.0,12004,ROUTE_NDLS_LKO_01,SYNTHETIC_SIMULATOR,OK,26.913849,78.776718,271.746,123.5,34.31,123.5,0.0,980.7,130.0,,686.27,SEC_TDL_ETW,,TDL,ETW,29.254,240.254,CRUISING,,,,,-19.21,,,GREEN,LOW,False,,False,,JRN_NDLS_LKO_01_20260902_190156,0.2257,0.0,0.4541,0.4541,0.92,NONE,NONE,,14.2,116.7,09:17:00,30.0,BASELINE_HISTORICAL_CALIBRATION,164.5,15.0
OBS_000376,09:17:30,11250.0,12004,ROUTE_NDLS_LKO_01,SYNTHETIC_SIMULATOR,OK,26.909028,78.785548,272.775,123.5,34.31,123.5,0.0,980.7,130.0,,674.51,SEC_TDL_ETW,,TDL,ETW,28.225,239.225,CRUISING,,,,,-19.49,,,GREEN,LOW,False,,False,,JRN_NDLS_LKO_01_20260902_190156,0.2257,0.0,0.4541,0.4541,0.92,NONE,NONE,,13.7,116.2,09:17:30,30.0,BASELINE_HISTORICAL_CALIBRATION,164.0,14.5
OBS_000377,09:18:00,11280.0,12004,ROUTE_NDLS_LKO_01,SYNTHETIC_SIMULATOR,OK,26.904207,78.794377,273.804,123.5,34.31,123.5,0.0,980.7,130.0,,662.54,SEC_TDL_ETW,,TDL,ETW,27.196,238.196,CRUISING,,,,,-19.78,,,GREEN,LOW,False,,False,,JRN_NDLS_LKO_01_20260902_190156,0.2257,0.0,0.4541,0.4541,0.92,NONE,NONE,,13.2,115.7,09:18:00,30.0,BASELINE_HISTORICAL_CALIBRATION,163.5,14.0
OBS_000378,09:18:30,11310.0,12004,ROUTE_NDLS_LKO_01,SYNTHETIC_SIMULATOR,OK,26.899385,78.803207,274.833,123.5,34.31,123.5,0.0,980.7,130.0,,650.35,SEC_TDL_ETW,,TDL,ETW,26.167,237.167,CRUISING,,,,,-20.06,,,GREEN,LOW,False,,False,,JRN_NDLS_LKO_01_20260902_190156,0.2257,0.0,0.4541,0.4541,0.92,NONE,NONE,,12.7,115.2,09:18:30,30.0,BASELINE_HISTORICAL_CALIBRATION,163.0,13.5
OBS_000379,09:19:00,11340.0,12004,ROUTE_NDLS_LKO_01,SYNTHETIC_SIMULATOR,OK,26.894564,78.812037,275.862,123.5,34.31,123.5,0.0,980.7,130.0,,637.92,SEC_TDL_ETW,,TDL,ETW,25.138,236.138,CRUISING,,,,,-20.35,,,GREEN,LOW,False,,False,,JRN_NDLS_LKO_01_20260902_190156,0.2257,0.0,0.4541,0.4541,0.92,NONE,NONE,,12.2,114.7,09:19:00,30.0,BASELINE_HISTORICAL_CALIBRATION,162.5,13.0
OBS_000380,09:19:30,11370.0,12004,ROUTE_NDLS_LKO_01,SYNTHETIC_SIMULATOR,OK,26.889742,78.820866,276.892,123.5,34.31,123.5,0.0,980.7,130.0,,625.25,SEC_TDL_ETW,,TDL,ETW,24.108,235.108,CRUISING,,,,,-20.63,,,GREEN,LOW,False,,False,,JRN_NDLS_LKO_01_20260902_190156,0.2257,0.0,0.4541,0.4541,0.92,NONE,NONE,,11.7,114.2,09:19:30,30.0,BASELINE_HISTORICAL_CALIBRATION,162.0,12.5
OBS_000381,09:20:00,11400.0,12004,ROUTE_NDLS_LKO_01,SYNTHETIC_SIMULATOR,OK,26.884921,78.829696,277.921,123.5,34.31,123.5,0.0,980.7,130.0,,612.32,SEC_TDL_ETW,,TDL,ETW,23.079,234.079,CRUISING,,,,,-20.91,,,GREEN,LOW,False,,False,,JRN_NDLS_LKO_01_20260902_190156,0.2257,0.0,0.4541,0.4541,0.92,NONE,NONE,,11.2,113.7,09:20:00,30.0,BASELINE_HISTORICAL_CALIBRATION,161.5,12.0
OBS_000382,09:20:30,11430.0,12004,ROUTE_NDLS_LKO_01,SYNTHETIC_SIMULATOR,OK,26.880099,78.838525,278.95,123.5,34.31,123.5,0.0,980.7,130.0,,599.11,SEC_TDL_ETW,,TDL,ETW,22.05,233.05,CRUISING,,,,,-21.2,,,GREEN,LOW,False,,False,,JRN_NDLS_LKO_01_20260902_190156,0.2257,0.0,0.4541,0.4541,0.92,NONE,NONE,,10.7,113.2,09:20:30,30.0,BASELINE_HISTORICAL_CALIBRATION,161.0,11.5
OBS_000383,09:21:00,11460.0,12004,ROUTE_NDLS_LKO_01,SYNTHETIC_SIMULATOR,OK,26.875278,78.847355,279.979,123.5,34.31,123.5,0.0,980.7,130.0,,585.6,SEC_TDL_ETW,,TDL,ETW,21.021,232.021,CRUISING,,,,,-21.48,,,GREEN,LOW,False,,False,,JRN_NDLS_LKO_01_20260902_190156,0.2257,0.0,0.4541,0.4541,0.92,NONE,NONE,,10.2,112.7,09:21:00,30.0,BASELINE_HISTORICAL_CALIBRATION,160.5,11.0
OBS_000384,09:21:30,11490.0,12004,ROUTE_NDLS_LKO_01,SYNTHETIC_SIMULATOR,OK,26.870457,78.856185,281.008,123.5,34.31,123.5,0.0,980.7,130.0,,571.77,SEC_TDL_ETW,,TDL,ETW,19.992,230.992,CRUISING,,,,,-21.77,,,GREEN,LOW,False,,False,,JRN_NDLS_LKO_01_20260902_190156,0.2257,0.0,0.4541,0.4541,0.92,NONE,NONE,,9.7,112.2,09:21:30,30.0,BASELINE_HISTORICAL_CALIBRATION,160.0,10.5
OBS_000385,09:22:00,11520.0,12004,ROUTE_NDLS_LKO_01,SYNTHETIC_SIMULATOR,OK,26.865635,78.865014,282.037,123.5,34.31,123.5,0.0,980.7,130.0,,557.59,SEC_TDL_ETW,,TDL,ETW,18.963,229.963,CRUISING,,,,,-22.05,,,GREEN,LOW,False,,False,,JRN_NDLS_LKO_01_20260902_190156,0.2257,0.0,0.4541,0.4541,0.92,NONE,NONE,,9.2,111.7,09:22:00,30.0,BASELINE_HISTORICAL_CALIBRATION,159.5,10.0
OBS_000386,09:22:30,11550.0,12004,ROUTE_NDLS_LKO_01,SYNTHETIC_SIMULATOR,OK,26.860814,78.873844,283.067,123.5,34.31,123.5,0.0,980.7,130.0,,543.05,SEC_TDL_ETW,,TDL,ETW,17.933,228.933,CRUISING,,,,,-22.33,,,GREEN,LOW,False,,False,,JRN_NDLS_LKO_01_20260902_190156,0.2257,0.0,0.4541,0.4541,0.92,NONE,NONE,,8.7,111.2,09:22:30,30.0,BASELINE_HISTORICAL_CALIBRATION,159.0,9.5
OBS_000387,09:23:00,11580.0,12004,ROUTE_NDLS_LKO_01,SYNTHETIC_SIMULATOR,OK,26.855992,78.882673,284.096,123.5,34.31,123.5,0.0,980.7,130.0,,528.11,SEC_TDL_ETW,,TDL,ETW,16.904,227.904,CRUISING,,,,,-22.62,,,GREEN,LOW,False,,False,,JRN_NDLS_LKO_01_20260902_190156,0.2257,0.0,0.4541,0.4541,0.92,NONE,NONE,,8.2,110.7,09:23:00,30.0,BASELINE_HISTORICAL_CALIBRATION,158.5,9.0
OBS_000388,09:23:30,11610.0,12004,ROUTE_NDLS_LKO_01,SYNTHETIC_SIMULATOR,OK,26.851171,78.891503,285.125,123.5,34.31,123.5,0.0,980.7,130.0,,512.73,SEC_TDL_ETW,,TDL,ETW,15.875,226.875,CRUISING,,,,,-22.9,,,GREEN,LOW,False,,False,,JRN_NDLS_LKO_01_20260902_190156,0.2257,0.0,0.4541,0.4541,0.92,NONE,NONE,,7.7,110.2,09:23:30,30.0,BASELINE_HISTORICAL_CALIBRATION,158.0,8.5
OBS_000389,09:24:00,11640.0,12004,ROUTE_NDLS_LKO_01,SYNTHETIC_SIMULATOR,OK,26.84635,78.900332,286.154,123.5,34.31,123.5,0.0,980.7,130.0,,496.88,SEC_TDL_ETW,,TDL,ETW,14.846,225.846,CRUISING,,,,,-23.19,,,GREEN,LOW,False,,False,,JRN_NDLS_LKO_01_20260902_190156,0.2257,0.0,0.4541,0.4541,0.92,NONE,NONE,,7.2,109.7,09:24:00,30.0,BASELINE_HISTORICAL_CALIBRATION,157.5,8.0
OBS_000390,09:24:30,11670.0,12004,ROUTE_NDLS_LKO_01,SYNTHETIC_SIMULATOR,OK,26.841528,78.909162,287.183,123.5,34.31,123.5,0.0,980.7,130.0,,480.5,SEC_TDL_ETW,,TDL,ETW,13.817,224.817,CRUISING,,,,,-23.47,,,GREEN,LOW,False,,False,,JRN_NDLS_LKO_01_20260902_190156,0.2257,0.0,0.4541,0.4541,0.92,NONE,NONE,,6.7,109.2,09:24:30,30.0,BASELINE_HISTORICAL_CALIBRATION,157.0,7.5
OBS_000391,09:25:00,11700.0,12004,ROUTE_NDLS_LKO_01,SYNTHETIC_SIMULATOR,OK,26.836707,78.917992,288.212,123.5,34.31,123.5,0.0,980.7,130.0,,463.55,SEC_TDL_ETW,,TDL,ETW,12.788,223.788,CRUISING,,,,,-23.75,,,GREEN,LOW,False,,False,,JRN_NDLS_LKO_01_20260902_190156,0.2257,0.0,0.4541,0.4541,0.92,NONE,NONE,,6.2,108.7,09:25:00,30.0,BASELINE_HISTORICAL_CALIBRATION,156.5,7.0
OBS_000392,09:25:30,11730.0,12004,ROUTE_NDLS_LKO_01,SYNTHETIC_SIMULATOR,OK,26.831885,78.926821,289.242,123.5,34.31,123.5,0.0,980.7,130.0,,445.95,SEC_TDL_ETW,,TDL,ETW,11.758,222.758,CRUISING,,,,,-24.04,,,GREEN,LOW,False,,False,,JRN_NDLS_LKO_01_20260902_190156,0.2257,0.0,0.4541,0.4541,0.92,NONE,NONE,,5.7,108.2,09:25:30,30.0,BASELINE_HISTORICAL_CALIBRATION,156.0,6.5
OBS_000393,09:26:00,11760.0,12004,ROUTE_NDLS_LKO_01,SYNTHETIC_SIMULATOR,OK,26.827064,78.935651,290.271,123.5,34.31,123.5,0.0,980.7,130.0,,427.63,SEC_TDL_ETW,,TDL,ETW,10.729,221.729,CRUISING,,,,,-24.32,,,GREEN,LOW,False,,False,,JRN_NDLS_LKO_01_20260902_190156,0.2257,0.0,0.4541,0.4541,0.92,NONE,NONE,,5.2,107.7,09:26:00,30.0,BASELINE_HISTORICAL_CALIBRATION,155.5,6.0
OBS_000394,09:26:30,11790.0,12004,ROUTE_NDLS_LKO_01,SYNTHETIC_SIMULATOR,OK,26.822242,78.94448,291.3,123.5,34.31,123.5,0.0,980.7,130.0,,408.49,SEC_TDL_ETW,,TDL,ETW,9.7,220.7,CRUISING,,,,,-24.6,,,GREEN,LOW,False,,False,,JRN_NDLS_LKO_01_20260902_190156,0.2257,0.0,0.4541,0.4541,0.92,NONE,NONE,,4.7,107.2,09:26:30,30.0,BASELINE_HISTORICAL_CALIBRATION,155.0,5.5
OBS_000395,09:27:00,11820.0,12004,ROUTE_NDLS_LKO_01,SYNTHETIC_SIMULATOR,OK,26.817421,78.95331,292.329,123.5,34.31,123.5,0.0,980.7,130.0,,388.4,SEC_TDL_ETW,,TDL,ETW,8.671,219.671,CRUISING,,,,,-24.89,,,GREEN,LOW,False,,False,,JRN_NDLS_LKO_01_20260902_190156,0.2257,0.0,0.4541,0.4541,0.92,NONE,NONE,,4.2,106.7,09:27:00,30.0,BASELINE_HISTORICAL_CALIBRATION,154.5,5.0
OBS_000396,09:27:30,11850.0,12004,ROUTE_NDLS_LKO_01,SYNTHETIC_SIMULATOR,OK,26.8126,78.962139,293.358,123.5,34.31,123.5,0.0,980.7,130.0,,367.22,SEC_TDL_ETW,,TDL,ETW,7.642,218.642,CRUISING,,,,,-25.17,,,GREEN,LOW,False,,False,,JRN_NDLS_LKO_01_20260902_190156,0.2257,0.0,0.4541,0.4541,0.92,NONE,NONE,,3.7,106.2,09:27:30,30.0,BASELINE_HISTORICAL_CALIBRATION,154.0,4.5
OBS_000397,09:28:00,11880.0,12004,ROUTE_NDLS_LKO_01,SYNTHETIC_SIMULATOR,OK,26.807778,78.970969,294.388,123.5,34.31,123.5,0.0,980.7,130.0,,344.74,SEC_TDL_ETW,,TDL,ETW,6.612,217.612,CRUISING,,,,,-25.46,,,GREEN,LOW,False,,False,,JRN_NDLS_LKO_01_20260902_190156,0.2257,0.0,0.4541,0.4541,0.92,NONE,NONE,,3.2,105.7,09:28:00,30.0,BASELINE_HISTORICAL_CALIBRATION,153.5,4.0
OBS_000398,09:28:30,11910.0,12004,ROUTE_NDLS_LKO_01,SYNTHETIC_SIMULATOR,OK,26.802957,78.979799,295.417,123.5,34.31,123.5,0.0,980.7,130.0,,320.68,SEC_TDL_ETW,,TDL,ETW,5.583,216.583,CRUISING,,,,,-25.74,,,GREEN,LOW,False,,False,,JRN_NDLS_LKO_01_20260902_190156,0.2257,0.0,0.4541,0.4541,0.92,NONE,NONE,,2.7,105.2,09:28:30,30.0,BASELINE_HISTORICAL_CALIBRATION,153.0,3.5
OBS_000399,09:29:00,11940.0,12004,ROUTE_NDLS_LKO_01,SYNTHETIC_SIMULATOR,OK,26.798135,78.988628,296.446,123.5,34.31,123.5,0.0,980.7,130.0,,294.67,SEC_TDL_ETW,,TDL,ETW,4.554,215.554,CRUISING,,,,,-26.02,,,GREEN,LOW,False,,False,,JRN_NDLS_LKO_01_20260902_190156,0.2257,0.0,0.4541,0.4541,0.92,NONE,NONE,,2.2,104.7,09:29:00,30.0,BASELINE_HISTORICAL_CALIBRATION,152.5,3.0
OBS_000400,09:29:30,11970.0,12004,ROUTE_NDLS_LKO_01,SYNTHETIC_SIMULATOR,OK,26.793314,78.997458,297.475,123.5,34.31,123.5,0.0,980.7,130.0,,266.13,SEC_TDL_ETW,,TDL,ETW,3.525,214.525,CRUISING,,,,,-26.31,,,GREEN,LOW,False,,False,,JRN_NDLS_LKO_01_20260902_190156,0.2257,0.0,0.4541,0.4541,0.92,NONE,NONE,,1.7,104.2,09:29:30,30.0,BASELINE_HISTORICAL_CALIBRATION,152.0,2.5
OBS_000401,09:30:00,12000.0,12004,ROUTE_NDLS_LKO_01,SYNTHETIC_SIMULATOR,OK,26.788492,79.006287,298.504,123.5,34.31,123.5,0.0,980.7,130.0,,234.14,SEC_TDL_ETW,,TDL,ETW,2.496,213.496,CRUISING,,,,,-26.59,,,GREEN,LOW,False,,False,,JRN_NDLS_LKO_01_20260902_190156,0.2257,0.0,0.4541,0.4541,0.92,NONE,NONE,,1.2,103.7,09:30:00,30.0,BASELINE_HISTORICAL_CALIBRATION,151.5,2.0
OBS_000402,09:30:30,12030.0,12004,ROUTE_NDLS_LKO_01,SYNTHETIC_SIMULATOR,OK,26.783671,79.015117,299.533,123.5,34.31,123.5,0.0,980.7,130.0,,197.02,SEC_TDL_ETW,,TDL,ETW,1.467,212.467,CRUISING,,,,,-26.88,,,GREEN,LOW,False,,False,,JRN_NDLS_LKO_01_20260902_190156,0.2257,0.0,0.4541,0.4541,0.92,NONE,NONE,,0.7,103.2,09:30:30,30.0,BASELINE_HISTORICAL_CALIBRATION,151.0,1.5
OBS_000403,09:31:00,12060.0,12004,ROUTE_NDLS_LKO_01,SYNTHETIC_SIMULATOR,OK,26.77885,79.023947,300.563,123.5,34.31,123.5,0.0,980.7,130.0,,151.03,SEC_TDL_ETW,,TDL,ETW,0.437,211.437,CRUISING,,,,,-27.16,,,GREEN,LOW,False,,False,,JRN_NDLS_LKO_01_20260902_190156,0.2257,0.0,0.4541,0.4541,0.92,NONE,NONE,,0.2,102.7,09:31:00,30.0,BASELINE_HISTORICAL_CALIBRATION,150.5,1.0
OBS_000404,09:31:30,12090.0,12004,ROUTE_NDLS_LKO_01,SYNTHETIC_SIMULATOR,OK,26.777823,79.025827,300.782,58.7,16.31,82.49,-0.6,221.6,130.0,,82.49,SEC_TDL_ETW,,TDL,ETW,0.218,211.218,DECELERATING,,,,,-27.44,,,GREEN,LOW,False,,False,,JRN_NDLS_LKO_01_20260902_190156,0.2257,0.0,0.4541,0.4541,0.92,NONE,NONE,,0.2,215.9,09:31:30,30.0,BASELINE_HISTORICAL_CALIBRATION,150.0,0.5
OBS_000405,09:32:00,12120.0,12004,ROUTE_NDLS_LKO_01,SYNTHETIC_SIMULATOR,OK,26.7768,79.0277,301.0,0.0,0.0,58.27,0.0,0.0,130.0,,58.27,SEC_TDL_ETW,ETW,ETW,CNB,139.0,211.0,DWELLING,ARRIVED,09:32:00,,,-27.11,,,GREEN,LOW,False,,False,,JRN_NDLS_LKO_01_20260902_190156,0.2257,0.0,0.4541,0.4541,0.92,NONE,NONE,,333.6,506.4,09:32:00,30.0,BASELINE_HISTORICAL_CALIBRATION,149.5,77.5
OBS_000406,09:32:30,12150.0,12004,ROUTE_NDLS_LKO_01,SYNTHETIC_SIMULATOR,OK,26.7768,79.0277,301.0,0.0,0.0,0.0,0.0,0.0,130.0,,0.0,SEC_ETW_CNB,ETW,ETW,CNB,139.0,211.0,DWELLING,,,,,-26.78,,,GREEN,LOW,False,,False,,JRN_NDLS_LKO_01_20260902_190156,0.2257,0.0,0.4541,0.4541,0.92,NONE,NONE,,333.6,506.4,09:32:30,30.0,BASELINE_HISTORICAL_CALIBRATION,149.0,77.0
OBS_000407,09:33:00,12180.0,12004,ROUTE_NDLS_LKO_01,SYNTHETIC_SIMULATOR,OK,26.7768,79.0277,301.0,0.0,0.0,0.0,0.0,0.0,130.0,,0.0,SEC_ETW_CNB,ETW,ETW,CNB,139.0,211.0,DWELLING,,,,,-26.28,,,GREEN,LOW,False,,False,,JRN_NDLS_LKO_01_20260902_190156,0.2257,0.0,0.4541,0.4541,0.92,NONE,NONE,,333.6,506.4,09:33:00,30.0,BASELINE_HISTORICAL_CALIBRATION,148.5,76.5
OBS_000408,09:33:30,12210.0,12004,ROUTE_NDLS_LKO_01,SYNTHETIC_SIMULATOR,OK,26.7768,79.0277,301.0,0.0,0.0,0.0,0.0,0.0,130.0,,0.0,SEC_ETW_CNB,ETW,ETW,CNB,139.0,211.0,DWELLING,,,,,-25.78,,,GREEN,LOW,False,,False,,JRN_NDLS_LKO_01_20260902_190156,0.2257,0.0,0.4541,0.4541,0.92,NONE,NONE,,333.6,506.4,09:33:30,30.0,BASELINE_HISTORICAL_CALIBRATION,148.0,76.0
OBS_000409,09:34:00,12240.0,12004,ROUTE_NDLS_LKO_01,SYNTHETIC_SIMULATOR,OK,26.7768,79.0277,301.0,0.0,0.0,0.0,0.0,0.0,130.0,,0.0,SEC_ETW_CNB,ETW,ETW,CNB,139.0,211.0,DWELLING,,,,,-25.28,,,GREEN,LOW,False,,False,,JRN_NDLS_LKO_01_20260902_190156,0.2257,0.0,0.4541,0.4541,0.92,NONE,NONE,,333.6,506.4,09:34:00,30.0,BASELINE_HISTORICAL_CALIBRATION,147.5,75.5
OBS_000410,09:34:30,12270.0,12004,ROUTE_NDLS_LKO_01,SYNTHETIC_SIMULATOR,OK,26.7768,79.0277,301.0,0.0,0.0,0.0,0.0,0.0,130.0,,0.0,SEC_ETW_CNB,ETW,ETW,CNB,139.0,211.0,DWELLING,,,,,-24.78,,,GREEN,LOW,False,,False,,JRN_NDLS_LKO_01_20260902_190156,0.2257,0.0,0.4541,0.4541,0.92,NONE,NONE,,333.6,506.4,09:34:30,30.0,BASELINE_HISTORICAL_CALIBRATION,147.0,75.0
OBS_000411,09:35:00,12300.0,12004,ROUTE_NDLS_LKO_01,SYNTHETIC_SIMULATOR,OK,26.7768,79.0277,301.0,0.0,0.0,0.0,0.0,0.0,130.0,,0.0,SEC_ETW_CNB,ETW,ETW,CNB,139.0,211.0,DWELLING,,,,,-24.28,,,GREEN,LOW,False,,False,,JRN_NDLS_LKO_01_20260902_190156,0.2257,0.0,0.4541,0.4541,0.92,NONE,NONE,,333.6,506.4,09:35:00,30.0,BASELINE_HISTORICAL_CALIBRATION,146.5,74.5
OBS_000412,09:35:30,12330.0,12004,ROUTE_NDLS_LKO_01,SYNTHETIC_SIMULATOR,OK,26.7768,79.0277,301.0,0.0,0.0,0.0,0.0,0.0,130.0,,0.0,SEC_ETW_CNB,ETW,ETW,CNB,139.0,211.0,DWELLING,,,,,-23.78,,,GREEN,LOW,False,,False,,JRN_NDLS_LKO_01_20260902_190156,0.2257,0.0,0.4541,0.4541,0.92,NONE,NONE,,333.6,506.4,09:35:30,30.0,BASELINE_HISTORICAL_CALIBRATION,146.0,74.0
OBS_000413,09:36:00,12360.0,12004,ROUTE_NDLS_LKO_01,SYNTHETIC_SIMULATOR,OK,26.7768,79.0277,301.0,0.0,0.0,0.0,0.0,0.0,130.0,,0.0,SEC_ETW_CNB,ETW,ETW,CNB,139.0,211.0,DWELLING,,,,,-23.28,,,GREEN,LOW,False,,False,,JRN_NDLS_LKO_01_20260902_190156,0.2257,0.0,0.4541,0.4541,0.92,NONE,NONE,,333.6,506.4,09:36:00,30.0,BASELINE_HISTORICAL_CALIBRATION,145.5,73.5
OBS_000414,09:36:30,12390.0,12004,ROUTE_NDLS_LKO_01,SYNTHETIC_SIMULATOR,OK,26.7768,79.0277,301.0,0.0,0.0,0.0,0.0,0.0,130.0,,0.0,SEC_ETW_CNB,ETW,ETW,CNB,139.0,211.0,DWELLING,,,,,-22.78,,,GREEN,LOW,False,,False,,JRN_NDLS_LKO_01_20260902_190156,0.2257,0.0,0.4541,0.4541,0.92,NONE,NONE,,333.6,506.4,09:36:30,30.0,BASELINE_HISTORICAL_CALIBRATION,145.0,73.0
OBS_000415,09:37:00,12420.0,12004,ROUTE_NDLS_LKO_01,SYNTHETIC_SIMULATOR,OK,26.7768,79.0277,301.0,0.0,0.0,0.0,0.0,0.0,130.0,,0.0,SEC_ETW_CNB,ETW,ETW,CNB,139.0,211.0,DWELLING,,,,,-22.28,,,GREEN,LOW,False,,False,,JRN_NDLS_LKO_01_20260902_190156,0.2257,0.0,0.4541,0.4541,0.92,NONE,NONE,,333.6,506.4,09:37:00,30.0,BASELINE_HISTORICAL_CALIBRATION,144.5,72.5
OBS_000416,09:37:30,12450.0,12004,ROUTE_NDLS_LKO_01,SYNTHETIC_SIMULATOR,OK,26.7768,79.0277,301.0,0.0,0.0,0.0,0.0,0.0,130.0,,0.0,SEC_ETW_CNB,ETW,ETW,CNB,139.0,211.0,DWELLING,,,,,-21.78,,,GREEN,LOW,False,,False,,JRN_NDLS_LKO_01_20260902_190156,0.2257,0.0,0.4541,0.4541,0.92,NONE,NONE,,333.6,506.4,09:37:30,30.0,BASELINE_HISTORICAL_CALIBRATION,144.0,72.0
OBS_000417,09:38:00,12480.0,12004,ROUTE_NDLS_LKO_01,SYNTHETIC_SIMULATOR,OK,26.7768,79.0277,301.0,0.0,0.0,0.0,0.0,0.0,130.0,,0.0,SEC_ETW_CNB,ETW,ETW,CNB,139.0,211.0,DWELLING,,,,,-21.28,,,GREEN,LOW,False,,False,,JRN_NDLS_LKO_01_20260902_190156,0.2257,0.0,0.4541,0.4541,0.92,NONE,NONE,,333.6,506.4,09:38:00,30.0,BASELINE_HISTORICAL_CALIBRATION,143.5,71.5
OBS_000418,09:38:30,12510.0,12004,ROUTE_NDLS_LKO_01,SYNTHETIC_SIMULATOR,OK,26.7768,79.0277,301.0,0.0,0.0,0.0,0.0,0.0,130.0,,0.0,SEC_ETW_CNB,ETW,ETW,CNB,139.0,211.0,DWELLING,,,,,-20.78,,,GREEN,LOW,False,,False,,JRN_NDLS_LKO_01_20260902_190156,0.2257,0.0,0.4541,0.4541,0.92,NONE,NONE,,333.6,506.4,09:38:30,30.0,BASELINE_HISTORICAL_CALIBRATION,143.0,71.0
OBS_000419,09:39:00,12540.0,12004,ROUTE_NDLS_LKO_01,SYNTHETIC_SIMULATOR,OK,26.7768,79.0277,301.0,0.0,0.0,0.0,0.0,0.0,130.0,,0.0,SEC_ETW_CNB,ETW,ETW,CNB,139.0,211.0,DWELLING,,,,,-20.28,,,GREEN,LOW,False,,False,,JRN_NDLS_LKO_01_20260902_190156,0.2257,0.0,0.4541,0.4541,0.92,NONE,NONE,,333.6,506.4,09:39:00,30.0,BASELINE_HISTORICAL_CALIBRATION,142.5,70.5
OBS_000420,09:39:30,12570.0,12004,ROUTE_NDLS_LKO_01,SYNTHETIC_SIMULATOR,OK,26.7768,79.0277,301.0,0.0,0.0,0.0,0.0,0.0,130.0,,0.0,SEC_ETW_CNB,ETW,ETW,CNB,139.0,211.0,DWELLING,,,,,-19.78,,,GREEN,LOW,False,,False,,JRN_NDLS_LKO_01_20260902_190156,0.2257,0.0,0.4541,0.4541,0.92,NONE,NONE,,333.6,506.4,09:39:30,30.0,BASELINE_HISTORICAL_CALIBRATION,142.0,70.0
OBS_000421,09:40:00,12600.0,12004,ROUTE_NDLS_LKO_01,SYNTHETIC_SIMULATOR,OK,26.7768,79.0277,301.0,0.0,0.0,0.0,0.0,0.0,130.0,,0.0,SEC_ETW_CNB,ETW,ETW,CNB,139.0,211.0,DWELLING,,,,,-19.28,,,GREEN,LOW,False,,False,,JRN_NDLS_LKO_01_20260902_190156,0.2257,0.0,0.4541,0.4541,0.92,NONE,NONE,,333.6,506.4,09:40:00,30.0,BASELINE_HISTORICAL_CALIBRATION,141.5,69.5
OBS_000422,09:40:30,12630.0,12004,ROUTE_NDLS_LKO_01,SYNTHETIC_SIMULATOR,OK,26.7768,79.0277,301.0,0.0,0.0,0.0,0.0,0.0,130.0,,0.0,SEC_ETW_CNB,ETW,ETW,CNB,139.0,211.0,DWELLING,,,,,-18.78,,,GREEN,LOW,False,,False,,JRN_NDLS_LKO_01_20260902_190156,0.2257,0.0,0.4541,0.4541,0.92,NONE,NONE,,333.6,506.4,09:40:30,30.0,BASELINE_HISTORICAL_CALIBRATION,141.0,69.0
OBS_000423,09:41:00,12660.0,12004,ROUTE_NDLS_LKO_01,SYNTHETIC_SIMULATOR,OK,26.7768,79.0277,301.0,0.0,0.0,0.0,0.0,0.0,130.0,,0.0,SEC_ETW_CNB,ETW,ETW,CNB,139.0,211.0,DWELLING,,,,,-18.28,,,GREEN,LOW,False,,False,,JRN_NDLS_LKO_01_20260902_190156,0.2257,0.0,0.4541,0.4541,0.92,NONE,NONE,,333.6,506.4,09:41:00,30.0,BASELINE_HISTORICAL_CALIBRATION,140.5,68.5
OBS_000424,09:41:30,12690.0,12004,ROUTE_NDLS_LKO_01,SYNTHETIC_SIMULATOR,OK,26.7768,79.0277,301.0,0.0,0.0,0.0,0.0,0.0,130.0,,0.0,SEC_ETW_CNB,ETW,ETW,CNB,139.0,211.0,DWELLING,,,,,-17.78,,,GREEN,LOW,False,,False,,JRN_NDLS_LKO_01_20260902_190156,0.2257,0.0,0.4541,0.4541,0.92,NONE,NONE,,333.6,506.4,09:41:30,30.0,BASELINE_HISTORICAL_CALIBRATION,140.0,68.0
OBS_000425,09:42:00,12720.0,12004,ROUTE_NDLS_LKO_01,SYNTHETIC_SIMULATOR,OK,26.7768,79.0277,301.675,54.0,15.0,123.5,0.5,187.5,130.0,,1470.28,SEC_ETW_CNB,ETW,ETW,CNB,138.325,210.325,ACCELERATING,DEPARTED,,09:42:00,2,-17.28,,,GREEN,LOW,False,,False,,JRN_NDLS_LKO_01_20260902_190156,0.2257,0.0,0.4541,0.4541,0.92,NONE,NONE,,153.7,233.7,09:42:00,30.0,BASELINE_HISTORICAL_CALIBRATION,139.5,67.5
OBS_000426,09:42:30,12750.0,12004,ROUTE_NDLS_LKO_01,SYNTHETIC_SIMULATOR,OK,26.772619,79.044832,302.8,108.0,30.0,123.5,0.5,750.0,130.0,,1466.71,SEC_ETW_CNB,,ETW,CNB,137.2,209.2,ACCELERATING,,,,,-17.29,,,GREEN,LOW,False,,False,,JRN_NDLS_LKO_01_20260902_190156,0.2257,0.0,0.4541,0.4541,0.92,NONE,NONE,,76.2,116.2,09:42:30,30.0,BASELINE_HISTORICAL_CALIBRATION,139.0,67.0
OBS_000427,09:43:00,12780.0,12004,ROUTE_NDLS_LKO_01,SYNTHETIC_SIMULATOR,OK,26.769705,79.05677,304.054,123.5,34.31,123.5,0.5,980.7,130.0,,1460.73,SEC_ETW_CNB,,ETW,CNB,135.946,207.946,ACCELERATING,,,,,-17.65,,,GREEN,LOW,False,,False,,JRN_NDLS_LKO_01_20260902_190156,0.2257,0.0,0.4541,0.4541,0.92,NONE,NONE,,66.0,101.0,09:43:00,30.0,BASELINE_HISTORICAL_CALIBRATION,138.5,66.5
OBS_000428,09:43:30,12810.0,12004,ROUTE_NDLS_LKO_01,SYNTHETIC_SIMULATOR,OK,26.767314,79.066565,305.083,123.5,34.31,123.5,0.0,980.7,130.0,,1454.04,SEC_ETW_CNB,,ETW,CNB,134.917,206.917,CRUISING,,,,,-18.1,,,GREEN,LOW,False,,False,,JRN_NDLS_LKO_01_20260902_190156,0.2257,0.0,0.4541,0.4541,0.92,NONE,NONE,,65.5,100.5,09:43:30,30.0,BASELINE_HISTORICAL_CALIBRATION,138.0,66.0
OBS_000429,09:44:00,12840.0,12004,ROUTE_NDLS_LKO_01,SYNTHETIC_SIMULATOR,OK,26.764924,79.076361,306.113,123.5,34.31,123.5,0.0,980.7,130.0,,1448.52,SEC_ETW_CNB,,ETW,CNB,133.887,205.887,CRUISING,,,,,-18.39,,,GREEN,LOW,False,,False,,JRN_NDLS_LKO_01_20260902_190156,0.2257,0.0,0.4541,0.4541,0.92,NONE,NONE,,65.0,100.0,09:44:00,30.0,BASELINE_HISTORICAL_CALIBRATION,137.5,65.5
OBS_000430,09:44:30,12870.0,12004,ROUTE_NDLS_LKO_01,SYNTHETIC_SIMULATOR,OK,26.762533,79.086156,307.142,123.5,34.31,123.5,0.0,980.7,130.0,,1442.99,SEC_ETW_CNB,,ETW,CNB,132.858,204.858,CRUISING,,,,,-18.67,,,GREEN,LOW,False,,False,,JRN_NDLS_LKO_01_20260902_190156,0.2257,0.0,0.4541,0.4541,0.92,NONE,NONE,,64.5,99.5,09:44:30,30.0,BASELINE_HISTORICAL_CALIBRATION,137.0,65.0
OBS_000431,09:45:00,12900.0,12004,ROUTE_NDLS_LKO_01,SYNTHETIC_SIMULATOR,OK,26.760142,79.095952,308.171,123.5,34.31,123.5,0.0,980.7,130.0,,1437.43,SEC_ETW_CNB,,ETW,CNB,131.829,203.829,CRUISING,,,,,-18.96,,,GREEN,LOW,False,,False,,JRN_NDLS_LKO_01_20260902_190156,0.2257,0.0,0.4541,0.4541,0.92,NONE,NONE,,64.0,99.0,09:45:00,30.0,BASELINE_HISTORICAL_CALIBRATION,136.5,64.5
OBS_000432,09:45:30,12930.0,12004,ROUTE_NDLS_LKO_01,SYNTHETIC_SIMULATOR,OK,26.757751,79.105747,309.2,123.5,34.31,123.5,0.0,980.7,130.0,,1431.85,SEC_ETW_CNB,,ETW,CNB,130.8,202.8,CRUISING,,,,,-19.24,,,GREEN,LOW,False,,False,,JRN_NDLS_LKO_01_20260902_190156,0.2257,0.0,0.4541,0.4541,0.92,NONE,NONE,,63.5,98.5,09:45:30,30.0,BASELINE_HISTORICAL_CALIBRATION,136.0,64.0
OBS_000433,09:46:00,12960.0,12004,ROUTE_NDLS_LKO_01,SYNTHETIC_SIMULATOR,OK,26.75536,79.115543,310.229,123.5,34.31,123.5,0.0,980.7,130.0,,1426.25,SEC_ETW_CNB,,ETW,CNB,129.771,201.771,CRUISING,,,,,-19.52,,,GREEN,LOW,False,,False,,JRN_NDLS_LKO_01_20260902_190156,0.2257,0.0,0.4541,0.4541,0.92,NONE,NONE,,63.0,98.0,09:46:00,30.0,BASELINE_HISTORICAL_CALIBRATION,135.5,63.5
OBS_000434,09:46:30,12990.0,12004,ROUTE_NDLS_LKO_01,SYNTHETIC_SIMULATOR,OK,26.75297,79.125339,311.258,123.5,34.31,123.5,0.0,980.7,130.0,,1420.63,SEC_ETW_CNB,,ETW,CNB,128.742,200.742,CRUISING,,,,,-19.81,,,GREEN,LOW,False,,False,,JRN_NDLS_LKO_01_20260902_190156,0.2257,0.0,0.4541,0.4541,0.92,NONE,NONE,,62.5,97.5,09:46:30,30.0,BASELINE_HISTORICAL_CALIBRATION,135.0,63.0
OBS_000435,09:47:00,13020.0,12004,ROUTE_NDLS_LKO_01,SYNTHETIC_SIMULATOR,OK,26.750579,79.135134,312.288,123.5,34.31,123.5,0.0,980.7,130.0,,1414.99,SEC_ETW_CNB,,ETW,CNB,127.712,199.712,CRUISING,,,,,-20.09,,,GREEN,LOW,False,,False,,JRN_NDLS_LKO_01_20260902_190156,0.2257,0.0,0.4541,0.4541,0.92,NONE,NONE,,62.0,97.0,09:47:00,30.0,BASELINE_HISTORICAL_CALIBRATION,134.5,62.5
OBS_000436,09:47:30,13050.0,12004,ROUTE_NDLS_LKO_01,SYNTHETIC_SIMULATOR,OK,26.748188,79.14493,313.317,123.5,34.31,123.5,0.0,980.7,130.0,,1409.32,SEC_ETW_CNB,,ETW,CNB,126.683,198.683,CRUISING,,,,,-20.38,,,GREEN,LOW,False,,False,,JRN_NDLS_LKO_01_20260902_190156,0.2257,0.0,0.4541,0.4541,0.92,NONE,NONE,,61.5,96.5,09:47:30,30.0,BASELINE_HISTORICAL_CALIBRATION,134.0,62.0
OBS_000437,09:48:00,13080.0,12004,ROUTE_NDLS_LKO_01,SYNTHETIC_SIMULATOR,OK,26.745797,79.154725,314.346,123.5,34.31,123.5,0.0,980.7,130.0,,1403.63,SEC_ETW_CNB,,ETW,CNB,125.654,197.654,CRUISING,,,,,-20.66,,,GREEN,LOW,False,,False,,JRN_NDLS_LKO_01_20260902_190156,0.2257,0.0,0.4541,0.4541,0.92,NONE,NONE,,61.0,96.0,09:48:00,30.0,BASELINE_HISTORICAL_CALIBRATION,133.5,61.5
OBS_000438,09:48:30,13110.0,12004,ROUTE_NDLS_LKO_01,SYNTHETIC_SIMULATOR,OK,26.743407,79.164521,315.375,123.5,34.31,123.5,0.0,980.7,130.0,,1397.92,SEC_ETW_CNB,,ETW,CNB,124.625,196.625,CRUISING,,,,,-20.94,,,GREEN,LOW,False,,False,,JRN_NDLS_LKO_01_20260902_190156,0.2257,0.0,0.4541,0.4541,0.92,NONE,NONE,,60.5,95.5,09:48:30,30.0,BASELINE_HISTORICAL_CALIBRATION,133.0,61.0
OBS_000439,09:49:00,13140.0,12004,ROUTE_NDLS_LKO_01,SYNTHETIC_SIMULATOR,OK,26.741016,79.174317,316.404,123.5,34.31,123.5,0.0,980.7,130.0,,1392.18,SEC_ETW_CNB,,ETW,CNB,123.596,195.596,CRUISING,,,,,-21.23,,,GREEN,LOW,False,,False,,JRN_NDLS_LKO_01_20260902_190156,0.2257,0.0,0.4541,0.4541,0.92,NONE,NONE,,60.0,95.0,09:49:00,30.0,BASELINE_HISTORICAL_CALIBRATION,132.5,60.5
OBS_000440,09:49:30,13170.0,12004,ROUTE_NDLS_LKO_01,SYNTHETIC_SIMULATOR,OK,26.738625,79.184112,317.433,123.5,34.31,123.5,0.0,980.7,130.0,,1386.42,SEC_ETW_CNB,,ETW,CNB,122.567,194.567,CRUISING,,,,,-21.51,,,GREEN,LOW,False,,False,,JRN_NDLS_LKO_01_20260902_190156,0.2257,0.0,0.4541,0.4541,0.92,NONE,NONE,,59.5,94.5,09:49:30,30.0,BASELINE_HISTORICAL_CALIBRATION,132.0,60.0
OBS_000441,09:50:00,13200.0,12004,ROUTE_NDLS_LKO_01,SYNTHETIC_SIMULATOR,OK,26.736234,79.193908,318.463,123.5,34.31,123.5,0.0,980.7,130.0,,1380.64,SEC_ETW_CNB,,ETW,CNB,121.537,193.537,CRUISING,,,,,-21.79,,,GREEN,LOW,False,,False,,JRN_NDLS_LKO_01_20260902_190156,0.2257,0.0,0.4541,0.4541,0.92,NONE,NONE,,59.0,94.0,09:50:00,30.0,BASELINE_HISTORICAL_CALIBRATION,131.5,59.5
OBS_000442,09:50:30,13230.0,12004,ROUTE_NDLS_LKO_01,SYNTHETIC_SIMULATOR,OK,26.733843,79.203703,319.492,123.5,34.31,123.5,0.0,980.7,130.0,,1374.83,SEC_ETW_CNB,,ETW,CNB,120.508,192.508,CRUISING,,,,,-22.08,,,GREEN,LOW,False,,False,,JRN_NDLS_LKO_01_20260902_190156,0.2257,0.0,0.4541,0.4541,0.92,NONE,NONE,,58.5,93.5,09:50:30,30.0,BASELINE_HISTORICAL_CALIBRATION,131.0,59.0
OBS_000443,09:51:00,13260.0,12004,ROUTE_NDLS_LKO_01,SYNTHETIC_SIMULATOR,OK,26.731453,79.213499,320.521,123.5,34.31,123.5,0.0,980.7,130.0,,1368.99,SEC_ETW_CNB,,ETW,CNB,119.479,191.479,CRUISING,,,,,-22.36,,,GREEN,LOW,False,,False,,JRN_NDLS_LKO_01_20260902_190156,0.2257,0.0,0.4541,0.4541,0.92,NONE,NONE,,58.0,93.0,09:51:00,30.0,BASELINE_HISTORICAL_CALIBRATION,130.5,58.5
OBS_000444,09:51:30,13290.0,12004,ROUTE_NDLS_LKO_01,SYNTHETIC_SIMULATOR,OK,26.729062,79.223295,321.55,123.5,34.31,123.5,0.0,980.7,130.0,,1363.14,SEC_ETW_CNB,,ETW,CNB,118.45,190.45,CRUISING,,,,,-22.65,,,GREEN,LOW,False,,False,,JRN_NDLS_LKO_01_20260902_190156,0.2257,0.0,0.4541,0.4541,0.92,NONE,NONE,,57.5,92.5,09:51:30,30.0,BASELINE_HISTORICAL_CALIBRATION,130.0,58.0
OBS_000445,09:52:00,13320.0,12004,ROUTE_NDLS_LKO_01,SYNTHETIC_SIMULATOR,OK,26.726671,79.23309,322.579,123.5,34.31,123.5,0.0,980.7,130.0,,1357.25,SEC_ETW_CNB,,ETW,CNB,117.421,189.421,CRUISING,,,,,-22.93,,,GREEN,LOW,False,,False,,JRN_NDLS_LKO_01_20260902_190156,0.2257,0.0,0.4541,0.4541,0.92,NONE,NONE,,57.0,92.0,09:52:00,30.0,BASELINE_HISTORICAL_CALIBRATION,129.5,57.5
OBS_000446,09:52:30,13350.0,12004,ROUTE_NDLS_LKO_01,SYNTHETIC_SIMULATOR,OK,26.72428,79.242886,323.608,123.5,34.31,123.5,0.0,980.7,130.0,,1351.34,SEC_ETW_CNB,,ETW,CNB,116.392,188.392,CRUISING,,,,,-23.21,,,GREEN,LOW,False,,False,,JRN_NDLS_LKO_01_20260902_190156,0.2257,0.0,0.4541,0.4541,0.92,NONE,NONE,,56.5,91.5,09:52:30,30.0,BASELINE_HISTORICAL_CALIBRATION,129.0,57.0
OBS_000447,09:53:00,13380.0,12004,ROUTE_NDLS_LKO_01,SYNTHETIC_SIMULATOR,OK,26.72189,79.252681,324.638,123.5,34.31,123.5,0.0,980.7,130.0,,1345.41,SEC_ETW_CNB,,ETW,CNB,115.362,187.362,CRUISING,,,,,-23.5,,,GREEN,LOW,False,,False,,JRN_NDLS_LKO_01_20260902_190156,0.2257,0.0,0.4541,0.4541,0.92,NONE,NONE,,56.0,91.0,09:53:00,30.0,BASELINE_HISTORICAL_CALIBRATION,128.5,56.5
OBS_000448,09:53:30,13410.0,12004,ROUTE_NDLS_LKO_01,SYNTHETIC_SIMULATOR,OK,26.719499,79.262477,325.667,123.5,34.31,123.5,0.0,980.7,130.0,,1339.45,SEC_ETW_CNB,,ETW,CNB,114.333,186.333,CRUISING,,,,,-23.78,,,GREEN,LOW,False,,False,,JRN_NDLS_LKO_01_20260902_190156,0.2257,0.0,0.4541,0.4541,0.92,NONE,NONE,,55.5,90.5,09:53:30,30.0,BASELINE_HISTORICAL_CALIBRATION,128.0,56.0
OBS_000449,09:54:00,13440.0,12004,ROUTE_NDLS_LKO_01,SYNTHETIC_SIMULATOR,OK,26.717108,79.272273,326.696,123.5,34.31,123.5,0.0,980.7,130.0,,1333.46,SEC_ETW_CNB,,ETW,CNB,113.304,185.304,CRUISING,,,,,-24.07,,,GREEN,LOW,False,,False,,JRN_NDLS_LKO_01_20260902_190156,0.2257,0.0,0.4541,0.4541,0.92,NONE,NONE,,55.0,90.0,09:54:00,30.0,BASELINE_HISTORICAL_CALIBRATION,127.5,55.5
OBS_000450,09:54:30,13470.0,12004,ROUTE_NDLS_LKO_01,SYNTHETIC_SIMULATOR,OK,26.714717,79.282068,327.725,123.5,34.31,123.5,0.0,980.7,130.0,,1327.44,SEC_ETW_CNB,,ETW,CNB,112.275,184.275,CRUISING,,,,,-24.35,,,GREEN,LOW,False,,False,,JRN_NDLS_LKO_01_20260902_190156,0.2257,0.0,0.4541,0.4541,0.92,NONE,NONE,,54.5,89.5,09:54:30,30.0,BASELINE_HISTORICAL_CALIBRATION,127.0,55.0
OBS_000451,09:55:00,13500.0,12004,ROUTE_NDLS_LKO_01,SYNTHETIC_SIMULATOR,OK,26.712326,79.291864,328.754,123.5,34.31,123.5,0.0,980.7,130.0,,1321.4,SEC_ETW_CNB,,ETW,CNB,111.246,183.246,CRUISING,,,,,-24.63,,,GREEN,LOW,False,,False,,JRN_NDLS_LKO_01_20260902_190156,0.2257,0.0,0.4541,0.4541,0.92,NONE,NONE,,54.0,89.0,09:55:00,30.0,BASELINE_HISTORICAL_CALIBRATION,126.5,54.5
OBS_000452,09:55:30,13530.0,12004,ROUTE_NDLS_LKO_01,SYNTHETIC_SIMULATOR,OK,26.709936,79.301659,329.783,123.5,34.31,123.5,0.0,980.7,130.0,,1315.33,SEC_ETW_CNB,,ETW,CNB,110.217,182.217,CRUISING,,,,,-24.92,,,GREEN,LOW,False,,False,,JRN_NDLS_LKO_01_20260902_190156,0.2257,0.0,0.4541,0.4541,0.92,NONE,NONE,,53.5,88.5,09:55:30,30.0,BASELINE_HISTORICAL_CALIBRATION,126.0,54.0
OBS_000453,09:56:00,13560.0,12004,ROUTE_NDLS_LKO_01,SYNTHETIC_SIMULATOR,OK,26.707545,79.311455,330.813,123.5,34.31,123.5,0.0,980.7,130.0,,1309.23,SEC_ETW_CNB,,ETW,CNB,109.187,181.187,CRUISING,,,,,-25.2,,,GREEN,LOW,False,,False,,JRN_NDLS_LKO_01_20260902_190156,0.2257,0.0,0.4541,0.4541,0.92,NONE,NONE,,53.0,88.0,09:56:00,30.0,BASELINE_HISTORICAL_CALIBRATION,125.5,53.5
OBS_000454,09:56:30,13590.0,12004,ROUTE_NDLS_LKO_01,SYNTHETIC_SIMULATOR,OK,26.705154,79.321251,331.842,123.5,34.31,123.5,0.0,980.7,130.0,,1303.11,SEC_ETW_CNB,,ETW,CNB,108.158,180.158,CRUISING,,,,,-25.49,,,GREEN,LOW,False,,False,,JRN_NDLS_LKO_01_20260902_190156,0.2257,0.0,0.4541,0.4541,0.92,NONE,NONE,,52.5,87.5,09:56:30,30.0,BASELINE_HISTORICAL_CALIBRATION,125.0,53.0
OBS_000455,09:57:00,13620.0,12004,ROUTE_NDLS_LKO_01,SYNTHETIC_SIMULATOR,OK,26.702763,79.331046,332.871,123.5,34.31,123.5,0.0,980.7,130.0,,1296.95,SEC_ETW_CNB,,ETW,CNB,107.129,179.129,CRUISING,,,,,-25.77,,,GREEN,LOW,False,,False,,JRN_NDLS_LKO_01_20260902_190156,0.2257,0.0,0.4541,0.4541,0.92,NONE,NONE,,52.0,87.0,09:57:00,30.0,BASELINE_HISTORICAL_CALIBRATION,124.5,52.5
OBS_000456,09:57:30,13650.0,12004,ROUTE_NDLS_LKO_01,SYNTHETIC_SIMULATOR,OK,26.700373,79.340842,333.9,123.5,34.31,123.5,0.0,980.7,130.0,,1290.76,SEC_ETW_CNB,,ETW,CNB,106.1,178.1,CRUISING,,,,,-26.05,,,GREEN,LOW,False,,False,,JRN_NDLS_LKO_01_20260902_190156,0.2257,0.0,0.4541,0.4541,0.92,NONE,NONE,,51.5,86.5,09:57:30,30.0,BASELINE_HISTORICAL_CALIBRATION,124.0,52.0
OBS_000457,09:58:00,13680.0,12004,ROUTE_NDLS_LKO_01,SYNTHETIC_SIMULATOR,OK,26.697982,79.350637,334.929,123.5,34.31,123.5,0.0,980.7,130.0,,1284.55,SEC_ETW_CNB,,ETW,CNB,105.071,177.071,CRUISING,,,,,-26.34,,,GREEN,LOW,False,,False,,JRN_NDLS_LKO_01_20260902_190156,0.2257,0.0,0.4541,0.4541,0.92,NONE,NONE,,51.0,86.0,09:58:00,30.0,BASELINE_HISTORICAL_CALIBRATION,123.5,51.5
OBS_000458,09:58:30,13710.0,12004,ROUTE_NDLS_LKO_01,SYNTHETIC_SIMULATOR,OK,26.695591,79.360433,335.958,123.5,34.31,123.5,0.0,980.7,130.0,,1278.3,SEC_ETW_CNB,,ETW,CNB,104.042,176.042,CRUISING,,,,,-26.62,,,GREEN,LOW,False,,False,,JRN_NDLS_LKO_01_20260902_190156,0.2257,0.0,0.4541,0.4541,0.92,NONE,NONE,,50.5,85.5,09:58:30,30.0,BASELINE_HISTORICAL_CALIBRATION,123.0,51.0
OBS_000459,09:59:00,13740.0,12004,ROUTE_NDLS_LKO_01,SYNTHETIC_SIMULATOR,OK,26.6932,79.370229,336.988,123.5,34.31,123.5,0.0,980.7,130.0,,1272.03,SEC_ETW_CNB,,ETW,CNB,103.012,175.012,CRUISING,,,,,-26.91,,,GREEN,LOW,False,,False,,JRN_NDLS_LKO_01_20260902_190156,0.2257,0.0,0.4541,0.4541,0.92,NONE,NONE,,50.0,85.0,09:59:00,30.0,BASELINE_HISTORICAL_CALIBRATION,122.5,50.5
OBS_000460,09:59:30,13770.0,12004,ROUTE_NDLS_LKO_01,SYNTHETIC_SIMULATOR,OK,26.690809,79.380024,338.017,123.5,34.31,123.5,0.0,980.7,130.0,,1265.72,SEC_ETW_CNB,,ETW,CNB,101.983,173.983,CRUISING,,,,,-27.19,,,GREEN,LOW,False,,False,,JRN_NDLS_LKO_01_20260902_190156,0.2257,0.0,0.4541,0.4541,0.92,NONE,NONE,,49.5,84.5,09:59:30,30.0,BASELINE_HISTORICAL_CALIBRATION,122.0,50.0
OBS_000461,10:00:00,13800.0,12004,ROUTE_NDLS_LKO_01,SYNTHETIC_SIMULATOR,OK,26.688419,79.38982,339.046,123.5,34.31,123.5,0.0,980.7,130.0,,1259.38,SEC_ETW_CNB,,ETW,CNB,100.954,172.954,CRUISING,,,,,-27.47,,,GREEN,LOW,False,,False,,JRN_NDLS_LKO_01_20260902_190156,0.2483,0.0,0.4541,0.4541,0.92,NONE,NONE,,49.0,84.0,10:00:00,30.0,BASELINE_HISTORICAL_CALIBRATION,121.5,49.5
OBS_000462,10:00:30,13830.0,12004,ROUTE_NDLS_LKO_01,SYNTHETIC_SIMULATOR,OK,26.686028,79.399615,340.075,123.5,34.31,123.5,0.0,980.7,130.0,,1253.01,SEC_ETW_CNB,,ETW,CNB,99.925,171.925,CRUISING,,,,,-27.76,,,GREEN,LOW,False,,False,,JRN_NDLS_LKO_01_20260902_190156,0.2483,0.0,0.4541,0.4541,0.92,NONE,NONE,,48.5,83.5,10:00:30,30.0,BASELINE_HISTORICAL_CALIBRATION,121.0,49.0
OBS_000463,10:01:00,13860.0,12004,ROUTE_NDLS_LKO_01,SYNTHETIC_SIMULATOR,OK,26.683637,79.409411,341.104,123.5,34.31,123.5,0.0,980.7,130.0,,1246.61,SEC_ETW_CNB,,ETW,CNB,98.896,170.896,CRUISING,,,,,-28.04,,,GREEN,LOW,False,,False,,JRN_NDLS_LKO_01_20260902_190156,0.2483,0.0,0.4541,0.4541,0.92,NONE,NONE,,48.0,83.0,10:01:00,30.0,BASELINE_HISTORICAL_CALIBRATION,120.5,48.5
OBS_000464,10:01:30,13890.0,12004,ROUTE_NDLS_LKO_01,SYNTHETIC_SIMULATOR,OK,26.681246,79.419206,342.133,123.5,34.31,123.5,0.0,980.7,130.0,,1240.17,SEC_ETW_CNB,,ETW,CNB,97.867,169.867,CRUISING,,,,,-28.33,,,GREEN,LOW,False,,False,,JRN_NDLS_LKO_01_20260902_190156,0.2483,0.0,0.4541,0.4541,0.92,NONE,NONE,,47.5,82.5,10:01:30,30.0,BASELINE_HISTORICAL_CALIBRATION,120.0,48.0
OBS_000465,10:02:00,13920.0,12004,ROUTE_NDLS_LKO_01,SYNTHETIC_SIMULATOR,OK,26.678856,79.429002,343.163,123.5,34.31,123.5,0.0,980.7,130.0,,1233.7,SEC_ETW_CNB,,ETW,CNB,96.837,168.837,CRUISING,,,,,-28.61,,,GREEN,LOW,False,,False,,JRN_NDLS_LKO_01_20260902_190156,0.2483,0.0,0.4541,0.4541,0.92,NONE,NONE,,47.0,82.0,10:02:00,30.0,BASELINE_HISTORICAL_CALIBRATION,119.5,47.5
OBS_000466,10:02:30,13950.0,12004,ROUTE_NDLS_LKO_01,SYNTHETIC_SIMULATOR,OK,26.676465,79.438798,344.192,123.5,34.31,123.5,0.0,980.7,130.0,,1227.2,SEC_ETW_CNB,,ETW,CNB,95.808,167.808,CRUISING,,,,,-28.89,,,GREEN,LOW,False,,False,,JRN_NDLS_LKO_01_20260902_190156,0.2483,0.0,0.4541,0.4541,0.92,NONE,NONE,,46.5,81.5,10:02:30,30.0,BASELINE_HISTORICAL_CALIBRATION,119.0,47.0
OBS_000467,10:03:00,13980.0,12004,ROUTE_NDLS_LKO_01,SYNTHETIC_SIMULATOR,OK,26.674074,79.448593,345.221,123.5,34.31,123.5,0.0,980.7,130.0,,1220.66,SEC_ETW_CNB,,ETW,CNB,94.779,166.779,CRUISING,,,,,-29.18,,,GREEN,LOW,False,,False,,JRN_NDLS_LKO_01_20260902_190156,0.2483,0.0,0.4541,0.4541,0.92,NONE,NONE,,46.0,81.0,10:03:00,30.0,BASELINE_HISTORICAL_CALIBRATION,118.5,46.5
OBS_000468,10:03:30,14010.0,12004,ROUTE_NDLS_LKO_01,SYNTHETIC_SIMULATOR,OK,26.671683,79.458389,346.25,123.5,34.31,123.5,0.0,980.7,130.0,,1214.09,SEC_ETW_CNB,,ETW,CNB,93.75,165.75,CRUISING,,,,,-29.46,,,GREEN,LOW,False,,False,,JRN_NDLS_LKO_01_20260902_190156,0.2483,0.0,0.4541,0.4541,0.92,NONE,NONE,,45.5,80.5,10:03:30,30.0,BASELINE_HISTORICAL_CALIBRATION,118.0,46.0
OBS_000469,10:04:00,14040.0,12004,ROUTE_NDLS_LKO_01,SYNTHETIC_SIMULATOR,OK,26.669292,79.468184,347.279,123.5,34.31,123.5,0.0,980.7,130.0,,1207.48,SEC_ETW_CNB,,ETW,CNB,92.721,164.721,CRUISING,,,,,-29.75,,,GREEN,LOW,False,,False,,JRN_NDLS_LKO_01_20260902_190156,0.2483,0.0,0.4541,0.4541,0.92,NONE,NONE,,45.0,80.0,10:04:00,30.0,BASELINE_HISTORICAL_CALIBRATION,117.5,45.5
OBS_000470,10:04:30,14070.0,12004,ROUTE_NDLS_LKO_01,SYNTHETIC_SIMULATOR,OK,26.666902,79.47798,348.308,123.5,34.31,123.5,0.0,980.7,130.0,,1200.83,SEC_ETW_CNB,,ETW,CNB,91.692,163.692,CRUISING,,,,,-30.03,,,GREEN,LOW,False,,False,,JRN_NDLS_LKO_01_20260902_190156,0.2483,0.0,0.4541,0.4541,0.92,NONE,NONE,,44.5,79.5,10:04:30,30.0,BASELINE_HISTORICAL_CALIBRATION,117.0,45.0
OBS_000471,10:05:00,14100.0,12004,ROUTE_NDLS_LKO_01,SYNTHETIC_SIMULATOR,OK,26.664511,79.487776,349.338,123.5,34.31,123.5,0.0,980.7,130.0,,1194.15,SEC_ETW_CNB,,ETW,CNB,90.662,162.662,CRUISING,,,,,-30.31,,,GREEN,LOW,False,,False,,JRN_NDLS_LKO_01_20260902_190156,0.2483,0.0,0.4541,0.4541,0.92,NONE,NONE,,44.0,79.0,10:05:00,30.0,BASELINE_HISTORICAL_CALIBRATION,116.5,44.5
OBS_000472,10:05:30,14130.0,12004,ROUTE_NDLS_LKO_01,SYNTHETIC_SIMULATOR,OK,26.66212,79.497571,350.367,123.5,34.31,123.5,0.0,980.7,130.0,,1187.43,SEC_ETW_CNB,,ETW,CNB,89.633,161.633,CRUISING,,,,,-30.6,,,GREEN,LOW,False,,False,,JRN_NDLS_LKO_01_20260902_190156,0.2483,0.0,0.4541,0.4541,0.92,NONE,NONE,,43.5,78.5,10:05:30,30.0,BASELINE_HISTORICAL_CALIBRATION,116.0,44.0
OBS_000473,10:06:00,14160.0,12004,ROUTE_NDLS_LKO_01,SYNTHETIC_SIMULATOR,OK,26.659729,79.507367,351.396,123.5,34.31,123.5,0.0,980.7,130.0,,1180.67,SEC_ETW_CNB,,ETW,CNB,88.604,160.604,CRUISING,,,,,-30.88,,,GREEN,LOW,False,,False,,JRN_NDLS_LKO_01_20260902_190156,0.2483,0.0,0.4541,0.4541,0.92,NONE,NONE,,43.0,78.0,10:06:00,30.0,BASELINE_HISTORICAL_CALIBRATION,115.5,43.5
OBS_000474,10:06:30,14190.0,12004,ROUTE_NDLS_LKO_01,SYNTHETIC_SIMULATOR,OK,26.657339,79.517162,352.425,123.5,34.31,123.5,0.0,980.7,130.0,,1173.87,SEC_ETW_CNB,,ETW,CNB,87.575,159.575,CRUISING,,,,,-31.16,,,GREEN,LOW,False,,False,,JRN_NDLS_LKO_01_20260902_190156,0.2483,0.0,0.4541,0.4541,0.92,NONE,NONE,,42.5,77.5,10:06:30,30.0,BASELINE_HISTORICAL_CALIBRATION,115.0,43.0
OBS_000475,10:07:00,14220.0,12004,ROUTE_NDLS_LKO_01,SYNTHETIC_SIMULATOR,OK,26.654948,79.526958,353.454,123.5,34.31,123.5,0.0,980.7,130.0,,1167.03,SEC_ETW_CNB,,ETW,CNB,86.546,158.546,CRUISING,,,,,-31.45,,,GREEN,LOW,False,,False,,JRN_NDLS_LKO_01_20260902_190156,0.2483,0.0,0.4541,0.4541,0.92,NONE,NONE,,42.0,77.0,10:07:00,30.0,BASELINE_HISTORICAL_CALIBRATION,114.5,42.5
OBS_000476,10:07:30,14250.0,12004,ROUTE_NDLS_LKO_01,SYNTHETIC_SIMULATOR,OK,26.652557,79.536754,354.483,123.5,34.31,123.5,0.0,980.7,130.0,,1160.16,SEC_ETW_CNB,,ETW,CNB,85.517,157.517,CRUISING,,,,,-31.73,,,GREEN,LOW,False,,False,,JRN_NDLS_LKO_01_20260902_190156,0.2483,0.0,0.4541,0.4541,0.92,NONE,NONE,,41.5,76.5,10:07:30,30.0,BASELINE_HISTORICAL_CALIBRATION,114.0,42.0
OBS_000477,10:08:00,14280.0,12004,ROUTE_NDLS_LKO_01,SYNTHETIC_SIMULATOR,OK,26.650166,79.546549,355.513,123.5,34.31,123.5,0.0,980.7,130.0,,1153.24,SEC_ETW_CNB,,ETW,CNB,84.487,156.487,CRUISING,,,,,-32.02,,,GREEN,LOW,False,,False,,JRN_NDLS_LKO_01_20260902_190156,0.2483,0.0,0.4541,0.4541,0.92,NONE,NONE,,41.0,76.0,10:08:00,30.0,BASELINE_HISTORICAL_CALIBRATION,113.5,41.5
OBS_000478,10:08:30,14310.0,12004,ROUTE_NDLS_LKO_01,SYNTHETIC_SIMULATOR,OK,26.647776,79.556345,356.542,123.5,34.31,123.5,0.0,980.7,130.0,,1146.28,SEC_ETW_CNB,,ETW,CNB,83.458,155.458,CRUISING,,,,,-32.3,,,GREEN,LOW,False,,False,,JRN_NDLS_LKO_01_20260902_190156,0.2483,0.0,0.4541,0.4541,0.92,NONE,NONE,,40.5,75.5,10:08:30,30.0,BASELINE_HISTORICAL_CALIBRATION,113.0,41.0
OBS_000479,10:09:00,14340.0,12004,ROUTE_NDLS_LKO_01,SYNTHETIC_SIMULATOR,OK,26.645385,79.56614,357.571,123.5,34.31,123.5,0.0,980.7,130.0,,1139.27,SEC_ETW_CNB,,ETW,CNB,82.429,154.429,CRUISING,,,,,-32.58,,,GREEN,LOW,False,,False,,JRN_NDLS_LKO_01_20260902_190156,0.2483,0.0,0.4541,0.4541,0.92,NONE,NONE,,40.0,75.0,10:09:00,30.0,BASELINE_HISTORICAL_CALIBRATION,112.5,40.5
OBS_000480,10:09:30,14370.0,12004,ROUTE_NDLS_LKO_01,SYNTHETIC_SIMULATOR,OK,26.642994,79.575936,358.6,123.5,34.31,123.5,0.0,980.7,130.0,,1132.23,SEC_ETW_CNB,,ETW,CNB,81.4,153.4,CRUISING,,,,,-32.87,,,GREEN,LOW,False,,False,,JRN_NDLS_LKO_01_20260902_190156,0.2483,0.0,0.4541,0.4541,0.92,NONE,NONE,,39.5,74.5,10:09:30,30.0,BASELINE_HISTORICAL_CALIBRATION,112.0,40.0
OBS_000481,10:10:00,14400.0,12004,ROUTE_NDLS_LKO_01,SYNTHETIC_SIMULATOR,OK,26.640603,79.585732,359.629,123.5,34.31,123.5,0.0,980.7,130.0,,1125.14,SEC_ETW_CNB,,ETW,CNB,80.371,152.371,CRUISING,,,,,-33.15,,,GREEN,LOW,False,,False,,JRN_NDLS_LKO_01_20260902_190156,0.2483,0.0,0.4541,0.4541,0.92,NONE,NONE,,39.0,74.0,10:10:00,30.0,BASELINE_HISTORICAL_CALIBRATION,111.5,39.5
OBS_000482,10:10:30,14430.0,12004,ROUTE_NDLS_LKO_01,SYNTHETIC_SIMULATOR,OK,26.638212,79.595527,360.658,123.5,34.31,123.5,0.0,980.7,130.0,,1118.0,SEC_ETW_CNB,,ETW,CNB,79.342,151.342,CRUISING,,,,,-33.44,,,GREEN,LOW,False,,False,,JRN_NDLS_LKO_01_20260902_190156,0.2483,0.0,0.4541,0.4541,0.92,NONE,NONE,,38.5,73.5,10:10:30,30.0,BASELINE_HISTORICAL_CALIBRATION,111.0,39.0
OBS_000483,10:11:00,14460.0,12004,ROUTE_NDLS_LKO_01,SYNTHETIC_SIMULATOR,OK,26.635822,79.605323,361.688,123.5,34.31,123.5,0.0,980.7,130.0,,1110.82,SEC_ETW_CNB,,ETW,CNB,78.312,150.312,CRUISING,,,,,-33.72,,,GREEN,LOW,False,,False,,JRN_NDLS_LKO_01_20260902_190156,0.2483,0.0,0.4541,0.4541,0.92,NONE,NONE,,38.0,73.0,10:11:00,30.0,BASELINE_HISTORICAL_CALIBRATION,110.5,38.5
OBS_000484,10:11:30,14490.0,12004,ROUTE_NDLS_LKO_01,SYNTHETIC_SIMULATOR,OK,26.633431,79.615118,362.717,123.5,34.31,123.5,0.0,980.7,130.0,,1103.59,SEC_ETW_CNB,,ETW,CNB,77.283,149.283,CRUISING,,,,,-34.0,,,GREEN,LOW,False,,False,,JRN_NDLS_LKO_01_20260902_190156,0.2483,0.0,0.4541,0.4541,0.92,NONE,NONE,,37.5,72.5,10:11:30,30.0,BASELINE_HISTORICAL_CALIBRATION,110.0,38.0
OBS_000485,10:12:00,14520.0,12004,ROUTE_NDLS_LKO_01,SYNTHETIC_SIMULATOR,OK,26.63104,79.624914,363.746,123.5,34.31,123.5,0.0,980.7,130.0,,1096.32,SEC_ETW_CNB,,ETW,CNB,76.254,148.254,CRUISING,,,,,-34.29,,,GREEN,LOW,False,,False,,JRN_NDLS_LKO_01_20260902_190156,0.2483,0.0,0.4541,0.4541,0.92,NONE,NONE,,37.0,72.0,10:12:00,30.0,BASELINE_HISTORICAL_CALIBRATION,109.5,37.5
OBS_000486,10:12:30,14550.0,12004,ROUTE_NDLS_LKO_01,SYNTHETIC_SIMULATOR,OK,26.628649,79.63471,364.775,123.5,34.31,123.5,0.0,980.7,130.0,,1088.99,SEC_ETW_CNB,,ETW,CNB,75.225,147.225,CRUISING,,,,,-34.57,,,GREEN,LOW,False,,False,,JRN_NDLS_LKO_01_20260902_190156,0.2483,0.0,0.4541,0.4541,0.92,NONE,NONE,,36.5,71.5,10:12:30,30.0,BASELINE_HISTORICAL_CALIBRATION,109.0,37.0
OBS_000487,10:13:00,14580.0,12004,ROUTE_NDLS_LKO_01,SYNTHETIC_SIMULATOR,OK,26.626259,79.644505,365.804,123.5,34.31,123.5,0.0,980.7,130.0,,1081.62,SEC_ETW_CNB,,ETW,CNB,74.196,146.196,CRUISING,,,,,-34.86,,,GREEN,LOW,False,,False,,JRN_NDLS_LKO_01_20260902_190156,0.2483,0.0,0.4541,0.4541,0.92,NONE,NONE,,36.0,71.0,10:13:00,30.0,BASELINE_HISTORICAL_CALIBRATION,108.5,36.5
OBS_000488,10:13:30,14610.0,12004,ROUTE_NDLS_LKO_01,SYNTHETIC_SIMULATOR,OK,26.623868,79.654301,366.833,123.5,34.31,123.5,0.0,980.7,130.0,,1074.19,SEC_ETW_CNB,,ETW,CNB,73.167,145.167,CRUISING,,,,,-35.14,,,GREEN,LOW,False,,False,,JRN_NDLS_LKO_01_20260902_190156,0.2483,0.0,0.4541,0.4541,0.92,NONE,NONE,,35.5,70.5,10:13:30,30.0,BASELINE_HISTORICAL_CALIBRATION,108.0,36.0
OBS_000489,10:14:00,14640.0,12004,ROUTE_NDLS_LKO_01,SYNTHETIC_SIMULATOR,OK,26.621477,79.664096,367.863,123.5,34.31,123.5,0.0,980.7,130.0,,1066.72,SEC_ETW_CNB,,ETW,CNB,72.137,144.137,CRUISING,,,,,-35.42,,,GREEN,LOW,False,,False,,JRN_NDLS_LKO_01_20260902_190156,0.2483,0.0,0.4541,0.4541,0.92,NONE,NONE,,35.0,70.0,10:14:00,30.0,BASELINE_HISTORICAL_CALIBRATION,107.5,35.5
OBS_000490,10:14:30,14670.0,12004,ROUTE_NDLS_LKO_01,SYNTHETIC_SIMULATOR,OK,26.619086,79.673892,368.892,123.5,34.31,123.5,0.0,980.7,130.0,,1059.19,SEC_ETW_CNB,,ETW,CNB,71.108,143.108,CRUISING,,,,,-35.71,,,GREEN,LOW,False,,False,,JRN_NDLS_LKO_01_20260902_190156,0.2483,0.0,0.4541,0.4541,0.92,NONE,NONE,,34.5,69.5,10:14:30,30.0,BASELINE_HISTORICAL_CALIBRATION,107.0,35.0
OBS_000491,10:15:00,14700.0,12004,ROUTE_NDLS_LKO_01,SYNTHETIC_SIMULATOR,OK,26.616695,79.683688,369.921,123.5,34.31,123.5,0.0,980.7,130.0,,1051.61,SEC_ETW_CNB,,ETW,CNB,70.079,142.079,CRUISING,,,,,-35.99,,,GREEN,LOW,False,,False,,JRN_NDLS_LKO_01_20260902_190156,0.2483,0.0,0.4541,0.4541,0.92,NONE,NONE,,34.0,69.0,10:15:00,30.0,BASELINE_HISTORICAL_CALIBRATION,106.5,34.5
OBS_000492,10:15:30,14730.0,12004,ROUTE_NDLS_LKO_01,SYNTHETIC_SIMULATOR,OK,26.614305,79.693483,370.95,123.5,34.31,123.5,0.0,980.7,130.0,,1043.97,SEC_ETW_CNB,,ETW,CNB,69.05,141.05,CRUISING,,,,,-36.28,,,GREEN,LOW,False,,False,,JRN_NDLS_LKO_01_20260902_190156,0.2483,0.0,0.4541,0.4541,0.92,NONE,NONE,,33.5,68.5,10:15:30,30.0,BASELINE_HISTORICAL_CALIBRATION,106.0,34.0
OBS_000493,10:16:00,14760.0,12004,ROUTE_NDLS_LKO_01,SYNTHETIC_SIMULATOR,OK,26.611914,79.703279,371.979,123.5,34.31,123.5,0.0,980.7,130.0,,1036.27,SEC_ETW_CNB,,ETW,CNB,68.021,140.021,CRUISING,,,,,-36.56,,,GREEN,LOW,False,,False,,JRN_NDLS_LKO_01_20260902_190156,0.2483,0.0,0.4541,0.4541,0.92,NONE,NONE,,33.0,68.0,10:16:00,30.0,BASELINE_HISTORICAL_CALIBRATION,105.5,33.5
OBS_000494,10:16:30,14790.0,12004,ROUTE_NDLS_LKO_01,SYNTHETIC_SIMULATOR,OK,26.609523,79.713074,373.008,123.5,34.31,123.5,0.0,980.7,130.0,,1028.52,SEC_ETW_CNB,,ETW,CNB,66.992,138.992,CRUISING,,,,,-36.84,,,GREEN,LOW,False,,False,,JRN_NDLS_LKO_01_20260902_190156,0.2483,0.0,0.4541,0.4541,0.92,NONE,NONE,,32.5,67.5,10:16:30,30.0,BASELINE_HISTORICAL_CALIBRATION,105.0,33.0
OBS_000495,10:17:00,14820.0,12004,ROUTE_NDLS_LKO_01,SYNTHETIC_SIMULATOR,OK,26.607132,79.72287,374.038,123.5,34.31,123.5,0.0,980.7,130.0,,1020.71,SEC_ETW_CNB,,ETW,CNB,65.962,137.962,CRUISING,,,,,-37.13,,,GREEN,LOW,False,,False,,JRN_NDLS_LKO_01_20260902_190156,0.2483,0.0,0.4541,0.4541,0.92,NONE,NONE,,32.0,67.0,10:17:00,30.0,BASELINE_HISTORICAL_CALIBRATION,104.5,32.5
OBS_000496,10:17:30,14850.0,12004,ROUTE_NDLS_LKO_01,SYNTHETIC_SIMULATOR,OK,26.604742,79.732665,375.067,123.5,34.31,123.5,0.0,980.7,130.0,,1012.84,SEC_ETW_CNB,,ETW,CNB,64.933,136.933,CRUISING,,,,,-37.41,,,GREEN,LOW,False,,False,,JRN_NDLS_LKO_01_20260902_190156,0.2483,0.0,0.4541,0.4541,0.92,NONE,NONE,,31.5,66.5,10:17:30,30.0,BASELINE_HISTORICAL_CALIBRATION,104.0,32.0
OBS_000497,10:18:00,14880.0,12004,ROUTE_NDLS_LKO_01,SYNTHETIC_SIMULATOR,OK,26.602351,79.742461,376.096,123.5,34.31,123.5,0.0,980.7,130.0,,1004.91,SEC_ETW_CNB,,ETW,CNB,63.904,135.904,CRUISING,,,,,-37.7,,,GREEN,LOW,False,,False,,JRN_NDLS_LKO_01_20260902_190156,0.2483,0.0,0.4541,0.4541,0.92,NONE,NONE,,31.0,66.0,10:18:00,30.0,BASELINE_HISTORICAL_CALIBRATION,103.5,31.5
OBS_000498,10:18:30,14910.0,12004,ROUTE_NDLS_LKO_01,SYNTHETIC_SIMULATOR,OK,26.59996,79.752257,377.125,123.5,34.31,123.5,0.0,980.7,130.0,,996.91,SEC_ETW_CNB,,ETW,CNB,62.875,134.875,CRUISING,,,,,-37.98,,,GREEN,LOW,False,,False,,JRN_NDLS_LKO_01_20260902_190156,0.2483,0.0,0.4541,0.4541,0.92,NONE,NONE,,30.5,65.5,10:18:30,30.0,BASELINE_HISTORICAL_CALIBRATION,103.0,31.0
OBS_000499,10:19:00,14940.0,12004,ROUTE_NDLS_LKO_01,SYNTHETIC_SIMULATOR,OK,26.597569,79.762052,378.154,123.5,34.31,123.5,0.0,980.7,130.0,,988.85,SEC_ETW_CNB,,ETW,CNB,61.846,133.846,CRUISING,,,,,-38.26,,,GREEN,LOW,False,,False,,JRN_NDLS_LKO_01_20260902_190156,0.2483,0.0,0.4541,0.4541,0.92,NONE,NONE,,30.0,65.0,10:19:00,30.0,BASELINE_HISTORICAL_CALIBRATION,102.5,30.5
OBS_000500,10:19:30,14970.0,12004,ROUTE_NDLS_LKO_01,SYNTHETIC_SIMULATOR,OK,26.595178,79.771848,379.183,123.5,34.31,123.5,0.0,980.7,130.0,,980.73,SEC_ETW_CNB,,ETW,CNB,60.817,132.817,CRUISING,,,,,-38.55,,,GREEN,LOW,False,,False,,JRN_NDLS_LKO_01_20260902_190156,0.2483,0.0,0.4541,0.4541,0.92,NONE,NONE,,29.5,64.5,10:19:30,30.0,BASELINE_HISTORICAL_CALIBRATION,102.0,30.0
OBS_000501,10:20:00,15000.0,12004,ROUTE_NDLS_LKO_01,SYNTHETIC_SIMULATOR,OK,26.592788,79.781643,380.213,123.5,34.31,123.5,0.0,980.7,130.0,,972.53,SEC_ETW_CNB,,ETW,CNB,59.787,131.787,CRUISING,,,,,-38.83,,,GREEN,LOW,False,,False,,JRN_NDLS_LKO_01_20260902_190156,0.2483,0.0,0.4541,0.4541,0.92,NONE,NONE,,29.0,64.0,10:20:00,30.0,BASELINE_HISTORICAL_CALIBRATION,101.5,29.5
OBS_000502,10:20:30,15030.0,12004,ROUTE_NDLS_LKO_01,SYNTHETIC_SIMULATOR,OK,26.590397,79.791439,381.242,123.5,34.31,123.5,0.0,980.7,130.0,,964.27,SEC_ETW_CNB,,ETW,CNB,58.758,130.758,CRUISING,,,,,-39.11,,,GREEN,LOW,False,,False,,JRN_NDLS_LKO_01_20260902_190156,0.2483,0.0,0.4541,0.4541,0.92,NONE,NONE,,28.5,63.5,10:20:30,30.0,BASELINE_HISTORICAL_CALIBRATION,101.0,29.0
OBS_000503,10:21:00,15060.0,12004,ROUTE_NDLS_LKO_01,SYNTHETIC_SIMULATOR,OK,26.588006,79.801235,382.271,123.5,34.31,123.5,0.0,980.7,130.0,,955.93,SEC_ETW_CNB,,ETW,CNB,57.729,129.729,CRUISING,,,,,-39.4,,,GREEN,LOW,False,,False,,JRN_NDLS_LKO_01_20260902_190156,0.2483,0.0,0.4541,0.4541,0.92,NONE,NONE,,28.0,63.0,10:21:00,30.0,BASELINE_HISTORICAL_CALIBRATION,100.5,28.5
OBS_000504,10:21:30,15090.0,12004,ROUTE_NDLS_LKO_01,SYNTHETIC_SIMULATOR,OK,26.585615,79.81103,383.3,123.5,34.31,123.5,0.0,980.7,130.0,,947.53,SEC_ETW_CNB,,ETW,CNB,56.7,128.7,CRUISING,,,,,-39.68,,,GREEN,LOW,False,,False,,JRN_NDLS_LKO_01_20260902_190156,0.2483,0.0,0.4541,0.4541,0.92,NONE,NONE,,27.5,62.5,10:21:30,30.0,BASELINE_HISTORICAL_CALIBRATION,100.0,28.0
OBS_000505,10:22:00,15120.0,12004,ROUTE_NDLS_LKO_01,SYNTHETIC_SIMULATOR,OK,26.583225,79.820826,384.329,123.5,34.31,123.5,0.0,980.7,130.0,,939.04,SEC_ETW_CNB,,ETW,CNB,55.671,127.671,CRUISING,,,,,-39.97,,,GREEN,LOW,False,,False,,JRN_NDLS_LKO_01_20260902_190156,0.2483,0.0,0.4541,0.4541,0.92,NONE,NONE,,27.0,62.0,10:22:00,30.0,BASELINE_HISTORICAL_CALIBRATION,99.5,27.5
OBS_000506,10:22:30,15150.0,12004,ROUTE_NDLS_LKO_01,SYNTHETIC_SIMULATOR,OK,26.580834,79.830621,385.358,123.5,34.31,123.5,0.0,980.7,130.0,,930.48,SEC_ETW_CNB,,ETW,CNB,54.642,126.642,CRUISING,,,,,-40.25,,,GREEN,LOW,False,,False,,JRN_NDLS_LKO_01_20260902_190156,0.2483,0.0,0.4541,0.4541,0.92,NONE,NONE,,26.5,61.5,10:22:30,30.0,BASELINE_HISTORICAL_CALIBRATION,99.0,27.0
OBS_000507,10:23:00,15180.0,12004,ROUTE_NDLS_LKO_01,SYNTHETIC_SIMULATOR,OK,26.578443,79.840417,386.388,123.5,34.31,123.5,0.0,980.7,130.0,,921.84,SEC_ETW_CNB,,ETW,CNB,53.612,125.612,CRUISING,,,,,-40.53,,,GREEN,LOW,False,,False,,JRN_NDLS_LKO_01_20260902_190156,0.2483,0.0,0.4541,0.4541,0.92,NONE,NONE,,26.0,61.0,10:23:00,30.0,BASELINE_HISTORICAL_CALIBRATION,98.5,26.5
OBS_000508,10:23:30,15210.0,12004,ROUTE_NDLS_LKO_01,SYNTHETIC_SIMULATOR,OK,26.576052,79.850213,387.417,123.5,34.31,123.5,0.0,980.7,130.0,,913.12,SEC_ETW_CNB,,ETW,CNB,52.583,124.583,CRUISING,,,,,-40.82,,,GREEN,LOW,False,,False,,JRN_NDLS_LKO_01_20260902_190156,0.2483,0.0,0.4541,0.4541,0.92,NONE,NONE,,25.5,60.5,10:23:30,30.0,BASELINE_HISTORICAL_CALIBRATION,98.0,26.0
OBS_000509,10:24:00,15240.0,12004,ROUTE_NDLS_LKO_01,SYNTHETIC_SIMULATOR,OK,26.573661,79.860008,388.446,123.5,34.31,123.5,0.0,980.7,130.0,,904.31,SEC_ETW_CNB,,ETW,CNB,51.554,123.554,CRUISING,,,,,-41.1,,,GREEN,LOW,False,,False,,JRN_NDLS_LKO_01_20260902_190156,0.2483,0.0,0.4541,0.4541,0.92,NONE,NONE,,25.0,60.0,10:24:00,30.0,BASELINE_HISTORICAL_CALIBRATION,97.5,25.5
OBS_000510,10:24:30,15270.0,12004,ROUTE_NDLS_LKO_01,SYNTHETIC_SIMULATOR,OK,26.571271,79.869804,389.475,123.5,34.31,123.5,0.0,980.7,130.0,,895.42,SEC_ETW_CNB,,ETW,CNB,50.525,122.525,CRUISING,,,,,-41.39,,,GREEN,LOW,False,,False,,JRN_NDLS_LKO_01_20260902_190156,0.2483,0.0,0.4541,0.4541,0.92,NONE,NONE,,24.5,59.5,10:24:30,30.0,BASELINE_HISTORICAL_CALIBRATION,97.0,25.0
OBS_000511,10:25:00,15300.0,12004,ROUTE_NDLS_LKO_01,SYNTHETIC_SIMULATOR,OK,26.56888,79.879599,390.504,123.5,34.31,123.5,0.0,980.7,130.0,,886.43,SEC_ETW_CNB,,ETW,CNB,49.496,121.496,CRUISING,,,,,-41.67,,,GREEN,LOW,False,,False,,JRN_NDLS_LKO_01_20260902_190156,0.2483,0.0,0.4541,0.4541,0.92,NONE,NONE,,24.0,59.0,10:25:00,30.0,BASELINE_HISTORICAL_CALIBRATION,96.5,24.5
OBS_000512,10:25:30,15330.0,12004,ROUTE_NDLS_LKO_01,SYNTHETIC_SIMULATOR,OK,26.566489,79.889395,391.533,123.5,34.31,123.5,0.0,980.7,130.0,,877.36,SEC_ETW_CNB,,ETW,CNB,48.467,120.467,CRUISING,,,,,-41.95,,,GREEN,LOW,False,,False,,JRN_NDLS_LKO_01_20260902_190156,0.2483,0.0,0.4541,0.4541,0.92,NONE,NONE,,23.5,58.5,10:25:30,30.0,BASELINE_HISTORICAL_CALIBRATION,96.0,24.0
OBS_000513,10:26:00,15360.0,12004,ROUTE_NDLS_LKO_01,SYNTHETIC_SIMULATOR,OK,26.564098,79.899191,392.563,123.5,34.31,123.5,0.0,980.7,130.0,,868.19,SEC_ETW_CNB,,ETW,CNB,47.437,119.437,CRUISING,,,,,-42.24,,,GREEN,LOW,False,,False,,JRN_NDLS_LKO_01_20260902_190156,0.2483,0.0,0.4541,0.4541,0.92,NONE,NONE,,23.0,58.0,10:26:00,30.0,BASELINE_HISTORICAL_CALIBRATION,95.5,23.5
OBS_000514,10:26:30,15390.0,12004,ROUTE_NDLS_LKO_01,SYNTHETIC_SIMULATOR,OK,26.561708,79.908986,393.592,123.5,34.31,123.5,0.0,980.7,130.0,,858.92,SEC_ETW_CNB,,ETW,CNB,46.408,118.408,CRUISING,,,,,-42.52,,,GREEN,LOW,False,,False,,JRN_NDLS_LKO_01_20260902_190156,0.2483,0.0,0.4541,0.4541,0.92,NONE,NONE,,22.5,57.5,10:26:30,30.0,BASELINE_HISTORICAL_CALIBRATION,95.0,23.0
OBS_000515,10:27:00,15420.0,12004,ROUTE_NDLS_LKO_01,SYNTHETIC_SIMULATOR,OK,26.559317,79.918782,394.621,123.5,34.31,123.5,0.0,980.7,130.0,,849.55,SEC_ETW_CNB,,ETW,CNB,45.379,117.379,CRUISING,,,,,-42.81,,,GREEN,LOW,False,,False,,JRN_NDLS_LKO_01_20260902_190156,0.2483,0.0,0.4541,0.4541,0.92,NONE,NONE,,22.0,57.0,10:27:00,30.0,BASELINE_HISTORICAL_CALIBRATION,94.5,22.5
OBS_000516,10:27:30,15450.0,12004,ROUTE_NDLS_LKO_01,SYNTHETIC_SIMULATOR,OK,26.556926,79.928577,395.65,123.5,34.31,123.5,0.0,980.7,130.0,,840.08,SEC_ETW_CNB,,ETW,CNB,44.35,116.35,CRUISING,,,,,-43.09,,,GREEN,LOW,False,,False,,JRN_NDLS_LKO_01_20260902_190156,0.2483,0.0,0.4541,0.4541,0.92,NONE,NONE,,21.5,56.5,10:27:30,30.0,BASELINE_HISTORICAL_CALIBRATION,94.0,22.0
OBS_000517,10:28:00,15480.0,12004,ROUTE_NDLS_LKO_01,SYNTHETIC_SIMULATOR,OK,26.554535,79.938373,396.679,123.5,34.31,123.5,0.0,980.7,130.0,,830.5,SEC_ETW_CNB,,ETW,CNB,43.321,115.321,CRUISING,,,,,-43.37,,,GREEN,LOW,False,,False,,JRN_NDLS_LKO_01_20260902_190156,0.2483,0.0,0.4541,0.4541,0.92,NONE,NONE,,21.0,56.0,10:28:00,30.0,BASELINE_HISTORICAL_CALIBRATION,93.5,21.5
OBS_000518,10:28:30,15510.0,12004,ROUTE_NDLS_LKO_01,SYNTHETIC_SIMULATOR,OK,26.552144,79.948169,397.708,123.5,34.31,123.5,0.0,980.7,130.0,,820.81,SEC_ETW_CNB,,ETW,CNB,42.292,114.292,CRUISING,,,,,-43.66,,,GREEN,LOW,False,,False,,JRN_NDLS_LKO_01_20260902_190156,0.2483,0.0,0.4541,0.4541,0.92,NONE,NONE,,20.5,55.5,10:28:30,30.0,BASELINE_HISTORICAL_CALIBRATION,93.0,21.0
OBS_000519,10:29:00,15540.0,12004,ROUTE_NDLS_LKO_01,SYNTHETIC_SIMULATOR,OK,26.549754,79.957964,398.738,123.5,34.31,123.5,0.0,980.7,130.0,,811.0,SEC_ETW_CNB,,ETW,CNB,41.262,113.262,CRUISING,,,,,-43.94,,,GREEN,LOW,False,,False,,JRN_NDLS_LKO_01_20260902_190156,0.2483,0.0,0.4541,0.4541,0.92,NONE,NONE,,20.0,55.0,10:29:00,30.0,BASELINE_HISTORICAL_CALIBRATION,92.5,20.5
OBS_000520,10:29:30,15570.0,12004,ROUTE_NDLS_LKO_01,SYNTHETIC_SIMULATOR,OK,26.547363,79.96776,399.767,123.5,34.31,123.5,0.0,980.7,130.0,,801.07,SEC_ETW_CNB,,ETW,CNB,40.233,112.233,CRUISING,,,,,-44.23,,,GREEN,LOW,False,,False,,JRN_NDLS_LKO_01_20260902_190156,0.2483,0.0,0.4541,0.4541,0.92,NONE,NONE,,19.5,54.5,10:29:30,30.0,BASELINE_HISTORICAL_CALIBRATION,92.0,20.0
OBS_000521,10:30:00,15600.0,12004,ROUTE_NDLS_LKO_01,SYNTHETIC_SIMULATOR,OK,26.544972,79.977555,400.796,123.5,34.31,123.5,0.0,980.7,130.0,,791.02,SEC_ETW_CNB,,ETW,CNB,39.204,111.204,CRUISING,,,,,-44.51,,,GREEN,LOW,False,,False,,JRN_NDLS_LKO_01_20260902_190156,0.2483,0.0,0.4541,0.4541,0.92,NONE,NONE,,19.0,54.0,10:30:00,30.0,BASELINE_HISTORICAL_CALIBRATION,91.5,19.5
OBS_000522,10:30:30,15630.0,12004,ROUTE_NDLS_LKO_01,SYNTHETIC_SIMULATOR,OK,26.542581,79.987351,401.825,123.5,34.31,123.5,0.0,980.7,130.0,,780.83,SEC_ETW_CNB,,ETW,CNB,38.175,110.175,CRUISING,,,,,-44.79,,,GREEN,LOW,False,,False,,JRN_NDLS_LKO_01_20260902_190156,0.2483,0.0,0.4541,0.4541,0.92,NONE,NONE,,18.5,53.5,10:30:30,30.0,BASELINE_HISTORICAL_CALIBRATION,91.0,19.0
OBS_000523,10:31:00,15660.0,12004,ROUTE_NDLS_LKO_01,SYNTHETIC_SIMULATOR,OK,26.540191,79.997146,402.854,123.5,34.31,123.5,0.0,980.7,130.0,,770.52,SEC_ETW_CNB,,ETW,CNB,37.146,109.146,CRUISING,,,,,-45.08,,,GREEN,LOW,False,,False,,JRN_NDLS_LKO_01_20260902_190156,0.2483,0.0,0.4541,0.4541,0.92,NONE,NONE,,18.0,53.0,10:31:00,30.0,BASELINE_HISTORICAL_CALIBRATION,90.5,18.5
OBS_000524,10:31:30,15690.0,12004,ROUTE_NDLS_LKO_01,SYNTHETIC_SIMULATOR,OK,26.5378,80.006942,403.883,123.5,34.31,123.5,0.0,980.7,130.0,,760.06,SEC_ETW_CNB,,ETW,CNB,36.117,108.117,CRUISING,,,,,-45.36,,,GREEN,LOW,False,,False,,JRN_NDLS_LKO_01_20260902_190156,0.2483,0.0,0.4541,0.4541,0.92,NONE,NONE,,17.5,52.5,10:31:30,30.0,BASELINE_HISTORICAL_CALIBRATION,90.0,18.0
OBS_000525,10:32:00,15720.0,12004,ROUTE_NDLS_LKO_01,SYNTHETIC_SIMULATOR,OK,26.535409,80.016738,404.913,123.5,34.31,123.5,0.0,980.7,130.0,,749.46,SEC_ETW_CNB,,ETW,CNB,35.087,107.087,CRUISING,,,,,-45.65,,,GREEN,LOW,False,,False,,JRN_NDLS_LKO_01_20260902_190156,0.2483,0.0,0.4541,0.4541,0.92,NONE,NONE,,17.0,52.0,10:32:00,30.0,BASELINE_HISTORICAL_CALIBRATION,89.5,17.5
OBS_000526,10:32:30,15750.0,12004,ROUTE_NDLS_LKO_01,SYNTHETIC_SIMULATOR,OK,26.533018,80.026533,405.942,123.5,34.31,123.5,0.0,980.7,130.0,,738.7,SEC_ETW_CNB,,ETW,CNB,34.058,106.058,CRUISING,,,,,-45.93,,,GREEN,LOW,False,,False,,JRN_NDLS_LKO_01_20260902_190156,0.2483,0.0,0.4541,0.4541,0.92,NONE,NONE,,16.5,51.5,10:32:30,30.0,BASELINE_HISTORICAL_CALIBRATION,89.0,17.0
OBS_000527,10:33:00,15780.0,12004,ROUTE_NDLS_LKO_01,SYNTHETIC_SIMULATOR,OK,26.530627,80.036329,406.971,123.5,34.31,123.5,0.0,980.7,130.0,,727.79,SEC_ETW_CNB,,ETW,CNB,33.029,105.029,CRUISING,,,,,-46.21,,,GREEN,LOW,False,,False,,JRN_NDLS_LKO_01_20260902_190156,0.2483,0.0,0.4541,0.4541,0.92,NONE,NONE,,16.0,51.0,10:33:00,30.0,BASELINE_HISTORICAL_CALIBRATION,88.5,16.5
OBS_000528,10:33:30,15810.0,12004,ROUTE_NDLS_LKO_01,SYNTHETIC_SIMULATOR,OK,26.528237,80.046124,408.0,123.5,34.31,123.5,0.0,980.7,130.0,,716.71,SEC_ETW_CNB,,ETW,CNB,32.0,104.0,CRUISING,,,,,-46.5,,,GREEN,LOW,False,,False,,JRN_NDLS_LKO_01_20260902_190156,0.2483,0.0,0.4541,0.4541,0.92,NONE,NONE,,15.5,50.5,10:33:30,30.0,BASELINE_HISTORICAL_CALIBRATION,88.0,16.0
OBS_000529,10:34:00,15840.0,12004,ROUTE_NDLS_LKO_01,SYNTHETIC_SIMULATOR,OK,26.525846,80.05592,409.029,123.5,34.31,123.5,0.0,980.7,130.0,,705.45,SEC_ETW_CNB,,ETW,CNB,30.971,102.971,CRUISING,,,,,-46.78,,,GREEN,LOW,False,,False,,JRN_NDLS_LKO_01_20260902_190156,0.2483,0.0,0.4541,0.4541,0.92,NONE,NONE,,15.0,50.0,10:34:00,30.0,BASELINE_HISTORICAL_CALIBRATION,87.5,15.5
OBS_000530,10:34:30,15870.0,12004,ROUTE_NDLS_LKO_01,SYNTHETIC_SIMULATOR,OK,26.523455,80.065716,410.058,123.5,34.31,123.5,0.0,980.7,130.0,,694.02,SEC_ETW_CNB,,ETW,CNB,29.942,101.942,CRUISING,,,,,-47.07,,,GREEN,LOW,False,,False,,JRN_NDLS_LKO_01_20260902_190156,0.2483,0.0,0.4541,0.4541,0.92,NONE,NONE,,14.5,49.5,10:34:30,30.0,BASELINE_HISTORICAL_CALIBRATION,87.0,15.0
OBS_000531,10:35:00,15900.0,12004,ROUTE_NDLS_LKO_01,SYNTHETIC_SIMULATOR,OK,26.521064,80.075511,411.088,123.5,34.31,123.5,0.0,980.7,130.0,,682.39,SEC_ETW_CNB,,ETW,CNB,28.912,100.912,CRUISING,,,,,-47.35,,,GREEN,LOW,False,,False,,JRN_NDLS_LKO_01_20260902_190156,0.2483,0.0,0.4541,0.4541,0.92,NONE,NONE,,14.0,49.0,10:35:00,30.0,BASELINE_HISTORICAL_CALIBRATION,86.5,14.5
OBS_000532,10:35:30,15930.0,12004,ROUTE_NDLS_LKO_01,SYNTHETIC_SIMULATOR,OK,26.518674,80.085307,412.117,123.5,34.31,123.5,0.0,980.7,130.0,,670.56,SEC_ETW_CNB,,ETW,CNB,27.883,99.883,CRUISING,,,,,-47.63,,,GREEN,LOW,False,,False,,JRN_NDLS_LKO_01_20260902_190156,0.2483,0.0,0.4541,0.4541,0.92,NONE,NONE,,13.5,48.5,10:35:30,30.0,BASELINE_HISTORICAL_CALIBRATION,86.0,14.0
OBS_000533,10:36:00,15960.0,12004,ROUTE_NDLS_LKO_01,SYNTHETIC_SIMULATOR,OK,26.516283,80.095102,413.146,123.5,34.31,123.5,0.0,980.7,130.0,,658.51,SEC_ETW_CNB,,ETW,CNB,26.854,98.854,CRUISING,,,,,-47.92,,,GREEN,LOW,False,,False,,JRN_NDLS_LKO_01_20260902_190156,0.2483,0.0,0.4541,0.4541,0.92,NONE,NONE,,13.0,48.0,10:36:00,30.0,BASELINE_HISTORICAL_CALIBRATION,85.5,13.5
OBS_000534,10:36:30,15990.0,12004,ROUTE_NDLS_LKO_01,SYNTHETIC_SIMULATOR,OK,26.513892,80.104898,414.175,123.5,34.31,123.5,0.0,980.7,130.0,,646.25,SEC_ETW_CNB,,ETW,CNB,25.825,97.825,CRUISING,,,,,-48.2,,,GREEN,LOW,False,,False,,JRN_NDLS_LKO_01_20260902_190156,0.2483,0.0,0.4541,0.4541,0.92,NONE,NONE,,12.5,47.5,10:36:30,30.0,BASELINE_HISTORICAL_CALIBRATION,85.0,13.0
OBS_000535,10:37:00,16020.0,12004,ROUTE_NDLS_LKO_01,SYNTHETIC_SIMULATOR,OK,26.511501,80.114694,415.204,123.5,34.31,123.5,0.0,980.7,130.0,,633.74,SEC_ETW_CNB,,ETW,CNB,24.796,96.796,CRUISING,,,,,-48.48,,,GREEN,LOW,False,,False,,JRN_NDLS_LKO_01_20260902_190156,0.2483,0.0,0.4541,0.4541,0.92,NONE,NONE,,12.0,47.0,10:37:00,30.0,BASELINE_HISTORICAL_CALIBRATION,84.5,12.5
OBS_000536,10:37:30,16050.0,12004,ROUTE_NDLS_LKO_01,SYNTHETIC_SIMULATOR,OK,26.50911,80.124489,416.233,123.5,34.31,123.5,0.0,980.7,130.0,,620.99,SEC_ETW_CNB,,ETW,CNB,23.767,95.767,CRUISING,,,,,-48.77,,,GREEN,LOW,False,,False,,JRN_NDLS_LKO_01_20260902_190156,0.2483,0.0,0.4541,0.4541,0.92,NONE,NONE,,11.5,46.5,10:37:30,30.0,BASELINE_HISTORICAL_CALIBRATION,84.0,12.0
OBS_000537,10:38:00,16080.0,12004,ROUTE_NDLS_LKO_01,SYNTHETIC_SIMULATOR,OK,26.50672,80.134285,417.263,123.5,34.31,123.5,0.0,980.7,130.0,,607.96,SEC_ETW_CNB,,ETW,CNB,22.737,94.737,CRUISING,,,,,-49.05,,,GREEN,LOW,False,,False,,JRN_NDLS_LKO_01_20260902_190156,0.2483,0.0,0.4541,0.4541,0.92,NONE,NONE,,11.0,46.0,10:38:00,30.0,BASELINE_HISTORICAL_CALIBRATION,83.5,11.5
OBS_000538,10:38:30,16110.0,12004,ROUTE_NDLS_LKO_01,SYNTHETIC_SIMULATOR,OK,26.504329,80.14408,418.292,123.5,34.31,123.5,0.0,980.7,130.0,,594.65,SEC_ETW_CNB,,ETW,CNB,21.708,93.708,CRUISING,,,,,-49.34,,,GREEN,LOW,False,,False,,JRN_NDLS_LKO_01_20260902_190156,0.2483,0.0,0.4541,0.4541,0.92,NONE,NONE,,10.5,45.5,10:38:30,30.0,BASELINE_HISTORICAL_CALIBRATION,83.0,11.0
OBS_000539,10:39:00,16140.0,12004,ROUTE_NDLS_LKO_01,SYNTHETIC_SIMULATOR,OK,26.501938,80.153876,419.321,123.5,34.31,123.5,0.0,980.7,130.0,,581.04,SEC_ETW_CNB,,ETW,CNB,20.679,92.679,CRUISING,,,,,-49.62,,,GREEN,LOW,False,,False,,JRN_NDLS_LKO_01_20260902_190156,0.2483,0.0,0.4541,0.4541,0.92,NONE,NONE,,10.0,45.0,10:39:00,30.0,BASELINE_HISTORICAL_CALIBRATION,82.5,10.5
OBS_000540,10:39:30,16170.0,12004,ROUTE_NDLS_LKO_01,SYNTHETIC_SIMULATOR,OK,26.499547,80.163672,420.35,123.5,34.31,123.5,0.0,980.7,130.0,,567.1,SEC_ETW_CNB,,ETW,CNB,19.65,91.65,CRUISING,,,,,-49.9,,,GREEN,LOW,False,,False,,JRN_NDLS_LKO_01_20260902_190156,0.2483,0.0,0.4541,0.4541,0.92,NONE,NONE,,9.5,44.5,10:39:30,30.0,BASELINE_HISTORICAL_CALIBRATION,82.0,10.0
OBS_000541,10:40:00,16200.0,12004,ROUTE_NDLS_LKO_01,SYNTHETIC_SIMULATOR,OK,26.497157,80.173467,421.379,123.5,34.31,123.5,0.0,980.7,130.0,,552.81,SEC_ETW_CNB,,ETW,CNB,18.621,90.621,CRUISING,,,,,-50.19,,,GREEN,LOW,False,,False,,JRN_NDLS_LKO_01_20260902_190156,0.2483,0.0,0.4541,0.4541,0.92,NONE,NONE,,9.0,44.0,10:40:00,30.0,BASELINE_HISTORICAL_CALIBRATION,81.5,9.5
OBS_000542,10:40:30,16230.0,12004,ROUTE_NDLS_LKO_01,SYNTHETIC_SIMULATOR,OK,26.494766,80.183263,422.408,123.5,34.31,123.5,0.0,980.7,130.0,,538.14,SEC_ETW_CNB,,ETW,CNB,17.592,89.592,CRUISING,,,,,-50.47,,,GREEN,LOW,False,,False,,JRN_NDLS_LKO_01_20260902_190156,0.2483,0.0,0.4541,0.4541,0.92,NONE,NONE,,8.5,43.5,10:40:30,30.0,BASELINE_HISTORICAL_CALIBRATION,81.0,9.0
OBS_000543,10:41:00,16260.0,12004,ROUTE_NDLS_LKO_01,SYNTHETIC_SIMULATOR,OK,26.492375,80.193058,423.438,123.5,34.31,123.5,0.0,980.7,130.0,,523.05,SEC_ETW_CNB,,ETW,CNB,16.562,88.562,CRUISING,,,,,-50.76,,,GREEN,LOW,False,,False,,JRN_NDLS_LKO_01_20260902_190156,0.2483,0.0,0.4541,0.4541,0.92,NONE,NONE,,8.0,43.0,10:41:00,30.0,BASELINE_HISTORICAL_CALIBRATION,80.5,8.5
OBS_000544,10:41:30,16290.0,12004,ROUTE_NDLS_LKO_01,SYNTHETIC_SIMULATOR,OK,26.489984,80.202854,424.467,123.5,34.31,123.5,0.0,980.7,130.0,,507.52,SEC_ETW_CNB,,ETW,CNB,15.533,87.533,CRUISING,,,,,-51.04,,,GREEN,LOW,False,,False,,JRN_NDLS_LKO_01_20260902_190156,0.2483,0.0,0.4541,0.4541,0.92,NONE,NONE,,7.5,42.5,10:41:30,30.0,BASELINE_HISTORICAL_CALIBRATION,80.0,8.0
OBS_000545,10:42:00,16320.0,12004,ROUTE_NDLS_LKO_01,SYNTHETIC_SIMULATOR,OK,26.487593,80.21265,425.496,123.5,34.31,123.5,0.0,980.7,130.0,,491.5,SEC_ETW_CNB,,ETW,CNB,14.504,86.504,CRUISING,,,,,-51.32,,,GREEN,LOW,False,,False,,JRN_NDLS_LKO_01_20260902_190156,0.2483,0.0,0.4541,0.4541,0.92,NONE,NONE,,7.0,42.0,10:42:00,30.0,BASELINE_HISTORICAL_CALIBRATION,79.5,7.5
OBS_000546,10:42:30,16350.0,12004,ROUTE_NDLS_LKO_01,SYNTHETIC_SIMULATOR,OK,26.485203,80.222445,426.525,123.5,34.31,123.5,0.0,980.7,130.0,,474.94,SEC_ETW_CNB,,ETW,CNB,13.475,85.475,CRUISING,,,,,-51.61,,,GREEN,LOW,False,,False,,JRN_NDLS_LKO_01_20260902_190156,0.2483,0.0,0.4541,0.4541,0.92,NONE,NONE,,6.5,41.5,10:42:30,30.0,BASELINE_HISTORICAL_CALIBRATION,79.0,7.0
OBS_000547,10:43:00,16380.0,12004,ROUTE_NDLS_LKO_01,SYNTHETIC_SIMULATOR,OK,26.482812,80.232241,427.554,123.5,34.31,123.5,0.0,980.7,130.0,,457.78,SEC_ETW_CNB,,ETW,CNB,12.446,84.446,CRUISING,,,,,-51.89,,,GREEN,LOW,False,,False,,JRN_NDLS_LKO_01_20260902_190156,0.2483,0.0,0.4541,0.4541,0.92,NONE,NONE,,6.0,41.0,10:43:00,30.0,BASELINE_HISTORICAL_CALIBRATION,78.5,6.5
OBS_000548,10:43:30,16410.0,12004,ROUTE_NDLS_LKO_01,SYNTHETIC_SIMULATOR,OK,26.480421,80.242036,428.583,123.5,34.31,123.5,0.0,980.7,130.0,,439.95,SEC_ETW_CNB,,ETW,CNB,11.417,83.417,CRUISING,,,,,-52.18,,,GREEN,LOW,False,,False,,JRN_NDLS_LKO_01_20260902_190156,0.2483,0.0,0.4541,0.4541,0.92,NONE,NONE,,5.5,40.5,10:43:30,30.0,BASELINE_HISTORICAL_CALIBRATION,78.0,6.0
OBS_000549,10:44:00,16440.0,12004,ROUTE_NDLS_LKO_01,SYNTHETIC_SIMULATOR,OK,26.47803,80.251832,429.613,123.5,34.31,123.5,0.0,980.7,130.0,,421.37,SEC_ETW_CNB,,ETW,CNB,10.387,82.387,CRUISING,,,,,-52.46,,,GREEN,LOW,False,,False,,JRN_NDLS_LKO_01_20260902_190156,0.2483,0.0,0.4541,0.4541,0.92,NONE,NONE,,5.0,40.0,10:44:00,30.0,BASELINE_HISTORICAL_CALIBRATION,77.5,5.5
OBS_000550,10:44:30,16470.0,12004,ROUTE_NDLS_LKO_01,SYNTHETIC_SIMULATOR,OK,26.47564,80.261628,430.642,123.5,34.31,123.5,0.0,980.7,130.0,,401.93,SEC_ETW_CNB,,ETW,CNB,9.358,81.358,CRUISING,,,,,-52.74,,,GREEN,LOW,False,,False,,JRN_NDLS_LKO_01_20260902_190156,0.2483,0.0,0.4541,0.4541,0.92,NONE,NONE,,4.5,39.5,10:44:30,30.0,BASELINE_HISTORICAL_CALIBRATION,77.0,5.0
OBS_000551,10:45:00,16500.0,12004,ROUTE_NDLS_LKO_01,SYNTHETIC_SIMULATOR,OK,26.473249,80.271423,431.671,123.5,34.31,123.5,0.0,980.7,130.0,,381.5,SEC_ETW_CNB,,ETW,CNB,8.329,80.329,CRUISING,,,,,-53.03,,,GREEN,LOW,False,,False,,JRN_NDLS_LKO_01_20260902_190156,0.2483,0.0,0.4541,0.4541,0.92,NONE,NONE,,4.0,39.0,10:45:00,30.0,BASELINE_HISTORICAL_CALIBRATION,76.5,4.5
OBS_000552,10:45:30,16530.0,12004,ROUTE_NDLS_LKO_01,SYNTHETIC_SIMULATOR,OK,26.470858,80.281219,432.7,123.5,34.31,123.5,0.0,980.7,130.0,,359.91,SEC_ETW_CNB,,ETW,CNB,7.3,79.3,CRUISING,,,,,-53.31,,,GREEN,LOW,False,,False,,JRN_NDLS_LKO_01_20260902_190156,0.2483,0.0,0.4541,0.4541,0.92,NONE,NONE,,3.5,38.5,10:45:30,30.0,BASELINE_HISTORICAL_CALIBRATION,76.0,4.0
OBS_000553,10:46:00,16560.0,12004,ROUTE_NDLS_LKO_01,SYNTHETIC_SIMULATOR,OK,26.468467,80.291014,433.729,123.5,34.31,123.5,0.0,980.7,130.0,,336.94,SEC_ETW_CNB,,ETW,CNB,6.271,78.271,CRUISING,,,,,-53.6,,,GREEN,LOW,False,,False,,JRN_NDLS_LKO_01_20260902_190156,0.2483,0.0,0.4541,0.4541,0.92,NONE,NONE,,3.0,38.0,10:46:00,30.0,BASELINE_HISTORICAL_CALIBRATION,75.5,3.5
OBS_000554,10:46:30,16590.0,12004,ROUTE_NDLS_LKO_01,SYNTHETIC_SIMULATOR,OK,26.466077,80.30081,434.758,123.5,34.31,123.5,0.0,980.7,130.0,,312.29,SEC_ETW_CNB,,ETW,CNB,5.242,77.242,CRUISING,,,,,-53.88,,,GREEN,LOW,False,,False,,JRN_NDLS_LKO_01_20260902_190156,0.2483,0.0,0.4541,0.4541,0.92,NONE,NONE,,2.5,37.5,10:46:30,30.0,BASELINE_HISTORICAL_CALIBRATION,75.0,3.0
OBS_000555,10:47:00,16620.0,12004,ROUTE_NDLS_LKO_01,SYNTHETIC_SIMULATOR,OK,26.463686,80.310605,435.788,123.5,34.31,123.5,0.0,980.7,130.0,,285.51,SEC_ETW_CNB,,ETW,CNB,4.212,76.212,CRUISING,,,,,-54.16,,,GREEN,LOW,False,,False,,JRN_NDLS_LKO_01_20260902_190156,0.2483,0.0,0.4541,0.4541,0.92,NONE,NONE,,2.0,37.0,10:47:00,30.0,BASELINE_HISTORICAL_CALIBRATION,74.5,2.5
OBS_000556,10:47:30,16650.0,12004,ROUTE_NDLS_LKO_01,SYNTHETIC_SIMULATOR,OK,26.461295,80.320401,436.817,123.5,34.31,123.5,0.0,980.7,130.0,,255.95,SEC_ETW_CNB,,ETW,CNB,3.183,75.183,CRUISING,,,,,-54.45,,,GREEN,LOW,False,,False,,JRN_NDLS_LKO_01_20260902_190156,0.2483,0.0,0.4541,0.4541,0.92,NONE,NONE,,1.5,36.5,10:47:30,30.0,BASELINE_HISTORICAL_CALIBRATION,74.0,2.0
OBS_000557,10:48:00,16680.0,12004,ROUTE_NDLS_LKO_01,SYNTHETIC_SIMULATOR,OK,26.458904,80.330197,437.846,123.5,34.31,123.5,0.0,980.7,130.0,,222.5,SEC_ETW_CNB,,ETW,CNB,2.154,74.154,CRUISING,,,,,-54.73,,,GREEN,LOW,False,,False,,JRN_NDLS_LKO_01_20260902_190156,0.2483,0.0,0.4541,0.4541,0.92,NONE,NONE,,1.0,36.0,10:48:00,30.0,BASELINE_HISTORICAL_CALIBRATION,73.5,1.5
OBS_000558,10:48:30,16710.0,12004,ROUTE_NDLS_LKO_01,SYNTHETIC_SIMULATOR,OK,26.456513,80.339992,438.875,123.5,34.31,123.5,0.0,980.7,130.0,,183.03,SEC_ETW_CNB,,ETW,CNB,1.125,73.125,CRUISING,,,,,-55.02,,,GREEN,LOW,False,,False,,JRN_NDLS_LKO_01_20260902_190156,0.2483,0.0,0.4541,0.4541,0.92,NONE,NONE,,0.5,35.5,10:48:30,30.0,BASELINE_HISTORICAL_CALIBRATION,73.0,1.0
OBS_000559,10:49:00,16740.0,12004,ROUTE_NDLS_LKO_01,SYNTHETIC_SIMULATOR,OK,26.454123,80.349788,439.904,123.5,34.31,123.5,0.0,980.7,130.0,,132.27,SEC_ETW_CNB,,ETW,CNB,0.096,72.096,CRUISING,,,,,-55.3,,,GREEN,LOW,False,,False,,JRN_NDLS_LKO_01_20260902_190156,0.2483,0.0,0.4541,0.4541,0.92,NONE,NONE,,0.0,35.0,10:49:00,30.0,BASELINE_HISTORICAL_CALIBRATION,72.5,0.5
OBS_000560,10:49:30,16770.0,12004,ROUTE_NDLS_LKO_01,SYNTHETIC_SIMULATOR,OK,26.4539,80.3507,440.0,0.0,0.0,38.61,0.0,0.0,130.0,,38.61,SEC_ETW_CNB,CNB,CNB,LKO,72.0,72.0,DWELLING,ARRIVED,10:49:30,,,-55.58,,,GREEN,LOW,False,,False,,JRN_NDLS_LKO_01_20260902_190156,0.2483,0.0,0.4541,0.4541,0.92,NONE,NONE,,172.8,172.8,10:49:30,30.0,BASELINE_HISTORICAL_CALIBRATION,72.0,72.0
OBS_000561,10:50:00,16800.0,12004,ROUTE_NDLS_LKO_01,SYNTHETIC_SIMULATOR,OK,26.4539,80.3507,440.0,0.0,0.0,0.0,0.0,0.0,110.0,,0.0,SEC_CNB_LKO,CNB,CNB,LKO,72.0,72.0,DWELLING,,,,,-55.16,,,GREEN,LOW,False,,False,,JRN_NDLS_LKO_01_20260902_190156,0.2483,0.0,0.4541,0.4541,0.92,NONE,NONE,,172.8,172.8,10:50:00,30.0,BASELINE_HISTORICAL_CALIBRATION,71.5,71.5
OBS_000562,10:50:30,16830.0,12004,ROUTE_NDLS_LKO_01,SYNTHETIC_SIMULATOR,OK,26.4539,80.3507,440.0,0.0,0.0,0.0,0.0,0.0,110.0,,0.0,SEC_CNB_LKO,CNB,CNB,LKO,72.0,72.0,DWELLING,,,,,-54.66,,,GREEN,LOW,False,,False,,JRN_NDLS_LKO_01_20260902_190156,0.2483,0.0,0.4541,0.4541,0.92,NONE,NONE,,172.8,172.8,10:50:30,30.0,BASELINE_HISTORICAL_CALIBRATION,71.0,71.0
OBS_000563,10:51:00,16860.0,12004,ROUTE_NDLS_LKO_01,SYNTHETIC_SIMULATOR,OK,26.4539,80.3507,440.0,0.0,0.0,0.0,0.0,0.0,110.0,,0.0,SEC_CNB_LKO,CNB,CNB,LKO,72.0,72.0,DWELLING,,,,,-54.16,,,GREEN,LOW,False,,False,,JRN_NDLS_LKO_01_20260902_190156,0.2483,0.0,0.4541,0.4541,0.92,NONE,NONE,,172.8,172.8,10:51:00,30.0,BASELINE_HISTORICAL_CALIBRATION,70.5,70.5
OBS_000564,10:51:30,16890.0,12004,ROUTE_NDLS_LKO_01,SYNTHETIC_SIMULATOR,OK,26.4539,80.3507,440.0,0.0,0.0,0.0,0.0,0.0,110.0,,0.0,SEC_CNB_LKO,CNB,CNB,LKO,72.0,72.0,DWELLING,,,,,-53.66,,,GREEN,LOW,False,,False,,JRN_NDLS_LKO_01_20260902_190156,0.2483,0.0,0.4541,0.4541,0.92,NONE,NONE,,172.8,172.8,10:51:30,30.0,BASELINE_HISTORICAL_CALIBRATION,70.0,70.0
OBS_000565,10:52:00,16920.0,12004,ROUTE_NDLS_LKO_01,SYNTHETIC_SIMULATOR,OK,26.4539,80.3507,440.0,0.0,0.0,0.0,0.0,0.0,110.0,,0.0,SEC_CNB_LKO,CNB,CNB,LKO,72.0,72.0,DWELLING,,,,,-53.16,,,GREEN,LOW,False,,False,,JRN_NDLS_LKO_01_20260902_190156,0.2483,0.0,0.4541,0.4541,0.92,NONE,NONE,,172.8,172.8,10:52:00,30.0,BASELINE_HISTORICAL_CALIBRATION,69.5,69.5
OBS_000566,10:52:30,16950.0,12004,ROUTE_NDLS_LKO_01,SYNTHETIC_SIMULATOR,OK,26.4539,80.3507,440.0,0.0,0.0,0.0,0.0,0.0,110.0,,0.0,SEC_CNB_LKO,CNB,CNB,LKO,72.0,72.0,DWELLING,,,,,-52.66,,,GREEN,LOW,False,,False,,JRN_NDLS_LKO_01_20260902_190156,0.2483,0.0,0.4541,0.4541,0.92,NONE,NONE,,172.8,172.8,10:52:30,30.0,BASELINE_HISTORICAL_CALIBRATION,69.0,69.0
OBS_000567,10:53:00,16980.0,12004,ROUTE_NDLS_LKO_01,SYNTHETIC_SIMULATOR,OK,26.4539,80.3507,440.0,0.0,0.0,0.0,0.0,0.0,110.0,,0.0,SEC_CNB_LKO,CNB,CNB,LKO,72.0,72.0,DWELLING,,,,,-52.16,,,GREEN,LOW,False,,False,,JRN_NDLS_LKO_01_20260902_190156,0.2483,0.0,0.4541,0.4541,0.92,NONE,NONE,,172.8,172.8,10:53:00,30.0,BASELINE_HISTORICAL_CALIBRATION,68.5,68.5
OBS_000568,10:53:30,17010.0,12004,ROUTE_NDLS_LKO_01,SYNTHETIC_SIMULATOR,OK,26.4539,80.3507,440.0,0.0,0.0,0.0,0.0,0.0,110.0,,0.0,SEC_CNB_LKO,CNB,CNB,LKO,72.0,72.0,DWELLING,,,,,-51.66,,,GREEN,LOW,False,,False,,JRN_NDLS_LKO_01_20260902_190156,0.2483,0.0,0.4541,0.4541,0.92,NONE,NONE,,172.8,172.8,10:53:30,30.0,BASELINE_HISTORICAL_CALIBRATION,68.0,68.0
OBS_000569,10:54:00,17040.0,12004,ROUTE_NDLS_LKO_01,SYNTHETIC_SIMULATOR,OK,26.4539,80.3507,440.0,0.0,0.0,0.0,0.0,0.0,110.0,,0.0,SEC_CNB_LKO,CNB,CNB,LKO,72.0,72.0,DWELLING,,,,,-51.16,,,GREEN,LOW,False,,False,,JRN_NDLS_LKO_01_20260902_190156,0.2483,0.0,0.4541,0.4541,0.92,NONE,NONE,,172.8,172.8,10:54:00,30.0,BASELINE_HISTORICAL_CALIBRATION,67.5,67.5
OBS_000570,10:54:30,17070.0,12004,ROUTE_NDLS_LKO_01,SYNTHETIC_SIMULATOR,OK,26.4539,80.3507,440.0,0.0,0.0,0.0,0.0,0.0,110.0,,0.0,SEC_CNB_LKO,CNB,CNB,LKO,72.0,72.0,DWELLING,,,,,-50.66,,,GREEN,LOW,False,,False,,JRN_NDLS_LKO_01_20260902_190156,0.2483,0.0,0.4541,0.4541,0.92,NONE,NONE,,172.8,172.8,10:54:30,30.0,BASELINE_HISTORICAL_CALIBRATION,67.0,67.0
OBS_000571,10:55:00,17100.0,12004,ROUTE_NDLS_LKO_01,SYNTHETIC_SIMULATOR,OK,26.4539,80.3507,440.0,0.0,0.0,0.0,0.0,0.0,110.0,,0.0,SEC_CNB_LKO,CNB,CNB,LKO,72.0,72.0,DWELLING,,,,,-50.16,,,GREEN,LOW,False,,False,,JRN_NDLS_LKO_01_20260902_190156,0.2483,0.0,0.4541,0.4541,0.92,NONE,NONE,,172.8,172.8,10:55:00,30.0,BASELINE_HISTORICAL_CALIBRATION,66.5,66.5
OBS_000572,10:55:30,17130.0,12004,ROUTE_NDLS_LKO_01,SYNTHETIC_SIMULATOR,OK,26.4539,80.3507,440.0,0.0,0.0,0.0,0.0,0.0,110.0,,0.0,SEC_CNB_LKO,CNB,CNB,LKO,72.0,72.0,DWELLING,,,,,-49.66,,,GREEN,LOW,False,,False,,JRN_NDLS_LKO_01_20260902_190156,0.2483,0.0,0.4541,0.4541,0.92,NONE,NONE,,172.8,172.8,10:55:30,30.0,BASELINE_HISTORICAL_CALIBRATION,66.0,66.0
OBS_000573,10:56:00,17160.0,12004,ROUTE_NDLS_LKO_01,SYNTHETIC_SIMULATOR,OK,26.4539,80.3507,440.0,0.0,0.0,0.0,0.0,0.0,110.0,,0.0,SEC_CNB_LKO,CNB,CNB,LKO,72.0,72.0,DWELLING,,,,,-49.16,,,GREEN,LOW,False,,False,,JRN_NDLS_LKO_01_20260902_190156,0.2483,0.0,0.4541,0.4541,0.92,NONE,NONE,,172.8,172.8,10:56:00,30.0,BASELINE_HISTORICAL_CALIBRATION,65.5,65.5
OBS_000574,10:56:30,17190.0,12004,ROUTE_NDLS_LKO_01,SYNTHETIC_SIMULATOR,OK,26.4539,80.3507,440.0,0.0,0.0,0.0,0.0,0.0,110.0,,0.0,SEC_CNB_LKO,CNB,CNB,LKO,72.0,72.0,DWELLING,,,,,-48.66,,,GREEN,LOW,False,,False,,JRN_NDLS_LKO_01_20260902_190156,0.2483,0.0,0.4541,0.4541,0.92,NONE,NONE,,172.8,172.8,10:56:30,30.0,BASELINE_HISTORICAL_CALIBRATION,65.0,65.0
OBS_000575,10:57:00,17220.0,12004,ROUTE_NDLS_LKO_01,SYNTHETIC_SIMULATOR,OK,26.4539,80.3507,440.0,0.0,0.0,0.0,0.0,0.0,110.0,,0.0,SEC_CNB_LKO,CNB,CNB,LKO,72.0,72.0,DWELLING,,,,,-48.16,,,GREEN,LOW,False,,False,,JRN_NDLS_LKO_01_20260902_190156,0.2483,0.0,0.4541,0.4541,0.92,NONE,NONE,,172.8,172.8,10:57:00,30.0,BASELINE_HISTORICAL_CALIBRATION,64.5,64.5
OBS_000576,10:57:30,17250.0,12004,ROUTE_NDLS_LKO_01,SYNTHETIC_SIMULATOR,OK,26.4539,80.3507,440.0,0.0,0.0,0.0,0.0,0.0,110.0,,0.0,SEC_CNB_LKO,CNB,CNB,LKO,72.0,72.0,DWELLING,,,,,-47.66,,,GREEN,LOW,False,,False,,JRN_NDLS_LKO_01_20260902_190156,0.2483,0.0,0.4541,0.4541,0.92,NONE,NONE,,172.8,172.8,10:57:30,30.0,BASELINE_HISTORICAL_CALIBRATION,64.0,64.0
OBS_000577,10:58:00,17280.0,12004,ROUTE_NDLS_LKO_01,SYNTHETIC_SIMULATOR,OK,26.4539,80.3507,440.0,0.0,0.0,0.0,0.0,0.0,110.0,,0.0,SEC_CNB_LKO,CNB,CNB,LKO,72.0,72.0,DWELLING,,,,,-47.16,,,GREEN,LOW,False,,False,,JRN_NDLS_LKO_01_20260902_190156,0.2483,0.0,0.4541,0.4541,0.92,NONE,NONE,,172.8,172.8,10:58:00,30.0,BASELINE_HISTORICAL_CALIBRATION,63.5,63.5
OBS_000578,10:58:30,17310.0,12004,ROUTE_NDLS_LKO_01,SYNTHETIC_SIMULATOR,OK,26.4539,80.3507,440.0,0.0,0.0,0.0,0.0,0.0,110.0,,0.0,SEC_CNB_LKO,CNB,CNB,LKO,72.0,72.0,DWELLING,,,,,-46.66,,,GREEN,LOW,False,,False,,JRN_NDLS_LKO_01_20260902_190156,0.2483,0.0,0.4541,0.4541,0.92,NONE,NONE,,172.8,172.8,10:58:30,30.0,BASELINE_HISTORICAL_CALIBRATION,63.0,63.0
OBS_000579,10:59:00,17340.0,12004,ROUTE_NDLS_LKO_01,SYNTHETIC_SIMULATOR,OK,26.4539,80.3507,440.0,0.0,0.0,0.0,0.0,0.0,110.0,,0.0,SEC_CNB_LKO,CNB,CNB,LKO,72.0,72.0,DWELLING,,,,,-46.16,,,GREEN,LOW,False,,False,,JRN_NDLS_LKO_01_20260902_190156,0.2483,0.0,0.4541,0.4541,0.92,NONE,NONE,,172.8,172.8,10:59:00,30.0,BASELINE_HISTORICAL_CALIBRATION,62.5,62.5
OBS_000580,10:59:30,17370.0,12004,ROUTE_NDLS_LKO_01,SYNTHETIC_SIMULATOR,OK,26.4539,80.3507,440.0,0.0,0.0,0.0,0.0,0.0,110.0,,0.0,SEC_CNB_LKO,CNB,CNB,LKO,72.0,72.0,DWELLING,,,,,-45.66,,,GREEN,LOW,False,,False,,JRN_NDLS_LKO_01_20260902_190156,0.2483,0.0,0.4541,0.4541,0.92,NONE,NONE,,172.8,172.8,10:59:30,30.0,BASELINE_HISTORICAL_CALIBRATION,62.0,62.0
OBS_000581,11:00:00,17400.0,12004,ROUTE_NDLS_LKO_01,SYNTHETIC_SIMULATOR,OK,26.4539,80.3507,440.0,0.0,0.0,0.0,0.0,0.0,110.0,,0.0,SEC_CNB_LKO,CNB,CNB,LKO,72.0,72.0,DWELLING,,,,,-45.16,,,GREEN,LOW,False,,False,,JRN_NDLS_LKO_01_20260902_190156,0.2472,0.0,0.4541,0.4541,0.92,NONE,NONE,,172.8,172.8,11:00:00,30.0,BASELINE_HISTORICAL_CALIBRATION,61.5,61.5
OBS_000582,11:00:30,17430.0,12004,ROUTE_NDLS_LKO_01,SYNTHETIC_SIMULATOR,OK,26.4539,80.3507,440.0,0.0,0.0,0.0,0.0,0.0,110.0,,0.0,SEC_CNB_LKO,CNB,CNB,LKO,72.0,72.0,DWELLING,,,,,-44.66,,,GREEN,LOW,False,,False,,JRN_NDLS_LKO_01_20260902_190156,0.2472,0.0,0.4541,0.4541,0.92,NONE,NONE,,172.8,172.8,11:00:30,30.0,BASELINE_HISTORICAL_CALIBRATION,61.0,61.0
OBS_000583,11:01:00,17460.0,12004,ROUTE_NDLS_LKO_01,SYNTHETIC_SIMULATOR,OK,26.4539,80.3507,440.0,0.0,0.0,0.0,0.0,0.0,110.0,,0.0,SEC_CNB_LKO,CNB,CNB,LKO,72.0,72.0,DWELLING,,,,,-44.16,,,GREEN,LOW,False,,False,,JRN_NDLS_LKO_01_20260902_190156,0.2472,0.0,0.4541,0.4541,0.92,NONE,NONE,,172.8,172.8,11:01:00,30.0,BASELINE_HISTORICAL_CALIBRATION,60.5,60.5
OBS_000584,11:01:30,17490.0,12004,ROUTE_NDLS_LKO_01,SYNTHETIC_SIMULATOR,OK,26.4539,80.3507,440.0,0.0,0.0,0.0,0.0,0.0,110.0,,0.0,SEC_CNB_LKO,CNB,CNB,LKO,72.0,72.0,DWELLING,,,,,-43.66,,,GREEN,LOW,False,,False,,JRN_NDLS_LKO_01_20260902_190156,0.2472,0.0,0.4541,0.4541,0.92,NONE,NONE,,172.8,172.8,11:01:30,30.0,BASELINE_HISTORICAL_CALIBRATION,60.0,60.0
OBS_000585,11:02:00,17520.0,12004,ROUTE_NDLS_LKO_01,SYNTHETIC_SIMULATOR,OK,26.4539,80.3507,440.0,0.0,0.0,0.0,0.0,0.0,110.0,,0.0,SEC_CNB_LKO,CNB,CNB,LKO,72.0,72.0,DWELLING,,,,,-43.16,,,GREEN,LOW,False,,False,,JRN_NDLS_LKO_01_20260902_190156,0.2472,0.0,0.4541,0.4541,0.92,NONE,NONE,,172.8,172.8,11:02:00,30.0,BASELINE_HISTORICAL_CALIBRATION,59.5,59.5
OBS_000586,11:02:30,17550.0,12004,ROUTE_NDLS_LKO_01,SYNTHETIC_SIMULATOR,OK,26.4539,80.3507,440.0,0.0,0.0,0.0,0.0,0.0,110.0,,0.0,SEC_CNB_LKO,CNB,CNB,LKO,72.0,72.0,DWELLING,,,,,-42.66,,,GREEN,LOW,False,,False,,JRN_NDLS_LKO_01_20260902_190156,0.2472,0.0,0.4541,0.4541,0.92,NONE,NONE,,172.8,172.8,11:02:30,30.0,BASELINE_HISTORICAL_CALIBRATION,59.0,59.0
OBS_000587,11:03:00,17580.0,12004,ROUTE_NDLS_LKO_01,SYNTHETIC_SIMULATOR,OK,26.4539,80.3507,440.0,0.0,0.0,0.0,0.0,0.0,110.0,,0.0,SEC_CNB_LKO,CNB,CNB,LKO,72.0,72.0,DWELLING,,,,,-42.16,,,GREEN,LOW,False,,False,,JRN_NDLS_LKO_01_20260902_190156,0.2472,0.0,0.4541,0.4541,0.92,NONE,NONE,,172.8,172.8,11:03:00,30.0,BASELINE_HISTORICAL_CALIBRATION,58.5,58.5
OBS_000588,11:03:30,17610.0,12004,ROUTE_NDLS_LKO_01,SYNTHETIC_SIMULATOR,OK,26.4539,80.3507,440.0,0.0,0.0,0.0,0.0,0.0,110.0,,0.0,SEC_CNB_LKO,CNB,CNB,LKO,72.0,72.0,DWELLING,,,,,-41.66,,,GREEN,LOW,False,,False,,JRN_NDLS_LKO_01_20260902_190156,0.2472,0.0,0.4541,0.4541,0.92,NONE,NONE,,172.8,172.8,11:03:30,30.0,BASELINE_HISTORICAL_CALIBRATION,58.0,58.0
OBS_000589,11:04:00,17640.0,12004,ROUTE_NDLS_LKO_01,SYNTHETIC_SIMULATOR,OK,26.4539,80.3507,440.0,0.0,0.0,0.0,0.0,0.0,110.0,,0.0,SEC_CNB_LKO,CNB,CNB,LKO,72.0,72.0,DWELLING,,,,,-41.16,,,GREEN,LOW,False,,False,,JRN_NDLS_LKO_01_20260902_190156,0.2472,0.0,0.4541,0.4541,0.92,NONE,NONE,,172.8,172.8,11:04:00,30.0,BASELINE_HISTORICAL_CALIBRATION,57.5,57.5
OBS_000590,11:04:30,17670.0,12004,ROUTE_NDLS_LKO_01,SYNTHETIC_SIMULATOR,OK,26.4539,80.3507,440.0,0.0,0.0,0.0,0.0,0.0,110.0,,0.0,SEC_CNB_LKO,CNB,CNB,LKO,72.0,72.0,DWELLING,,,,,-40.66,,,GREEN,LOW,False,,False,,JRN_NDLS_LKO_01_20260902_190156,0.2472,0.0,0.4541,0.4541,0.92,NONE,NONE,,172.8,172.8,11:04:30,30.0,BASELINE_HISTORICAL_CALIBRATION,57.0,57.0
OBS_000591,11:05:00,17700.0,12004,ROUTE_NDLS_LKO_01,SYNTHETIC_SIMULATOR,OK,26.4539,80.3507,440.0,0.0,0.0,0.0,0.0,0.0,110.0,,0.0,SEC_CNB_LKO,CNB,CNB,LKO,72.0,72.0,DWELLING,,,,,-40.16,,,GREEN,LOW,False,,False,,JRN_NDLS_LKO_01_20260902_190156,0.2472,0.0,0.4541,0.4541,0.92,NONE,NONE,,172.8,172.8,11:05:00,30.0,BASELINE_HISTORICAL_CALIBRATION,56.5,56.5
OBS_000592,11:05:30,17730.0,12004,ROUTE_NDLS_LKO_01,SYNTHETIC_SIMULATOR,OK,26.4539,80.3507,440.0,0.0,0.0,0.0,0.0,0.0,110.0,,0.0,SEC_CNB_LKO,CNB,CNB,LKO,72.0,72.0,DWELLING,,,,,-39.66,,,GREEN,LOW,False,,False,,JRN_NDLS_LKO_01_20260902_190156,0.2472,0.0,0.4541,0.4541,0.92,NONE,NONE,,172.8,172.8,11:05:30,30.0,BASELINE_HISTORICAL_CALIBRATION,56.0,56.0
OBS_000593,11:06:00,17760.0,12004,ROUTE_NDLS_LKO_01,SYNTHETIC_SIMULATOR,OK,26.4539,80.3507,440.0,0.0,0.0,0.0,0.0,0.0,110.0,,0.0,SEC_CNB_LKO,CNB,CNB,LKO,72.0,72.0,DWELLING,,,,,-39.16,,,GREEN,LOW,False,,False,,JRN_NDLS_LKO_01_20260902_190156,0.2472,0.0,0.4541,0.4541,0.92,NONE,NONE,,172.8,172.8,11:06:00,30.0,BASELINE_HISTORICAL_CALIBRATION,55.5,55.5
OBS_000594,11:06:30,17790.0,12004,ROUTE_NDLS_LKO_01,SYNTHETIC_SIMULATOR,OK,26.4539,80.3507,440.0,0.0,0.0,0.0,0.0,0.0,110.0,,0.0,SEC_CNB_LKO,CNB,CNB,LKO,72.0,72.0,DWELLING,,,,,-38.66,,,GREEN,LOW,False,,False,,JRN_NDLS_LKO_01_20260902_190156,0.2472,0.0,0.4541,0.4541,0.92,NONE,NONE,,172.8,172.8,11:06:30,30.0,BASELINE_HISTORICAL_CALIBRATION,55.0,55.0
OBS_000595,11:07:00,17820.0,12004,ROUTE_NDLS_LKO_01,SYNTHETIC_SIMULATOR,OK,26.4539,80.3507,440.0,0.0,0.0,0.0,0.0,0.0,110.0,,0.0,SEC_CNB_LKO,CNB,CNB,LKO,72.0,72.0,DWELLING,,,,,-38.16,,,GREEN,LOW,False,,False,,JRN_NDLS_LKO_01_20260902_190156,0.2472,0.0,0.4541,0.4541,0.92,NONE,NONE,,172.8,172.8,11:07:00,30.0,BASELINE_HISTORICAL_CALIBRATION,54.5,54.5
OBS_000596,11:07:30,17850.0,12004,ROUTE_NDLS_LKO_01,SYNTHETIC_SIMULATOR,OK,26.4539,80.3507,440.0,0.0,0.0,0.0,0.0,0.0,110.0,,0.0,SEC_CNB_LKO,CNB,CNB,LKO,72.0,72.0,DWELLING,,,,,-37.66,,,GREEN,LOW,False,,False,,JRN_NDLS_LKO_01_20260902_190156,0.2472,0.0,0.4541,0.4541,0.92,NONE,NONE,,172.8,172.8,11:07:30,30.0,BASELINE_HISTORICAL_CALIBRATION,54.0,54.0
OBS_000597,11:08:00,17880.0,12004,ROUTE_NDLS_LKO_01,SYNTHETIC_SIMULATOR,OK,26.4539,80.3507,440.0,0.0,0.0,0.0,0.0,0.0,110.0,,0.0,SEC_CNB_LKO,CNB,CNB,LKO,72.0,72.0,DWELLING,,,,,-37.16,,,GREEN,LOW,False,,False,,JRN_NDLS_LKO_01_20260902_190156,0.2472,0.0,0.4541,0.4541,0.92,NONE,NONE,,172.8,172.8,11:08:00,30.0,BASELINE_HISTORICAL_CALIBRATION,53.5,53.5
OBS_000598,11:08:30,17910.0,12004,ROUTE_NDLS_LKO_01,SYNTHETIC_SIMULATOR,OK,26.4539,80.3507,440.0,0.0,0.0,0.0,0.0,0.0,110.0,,0.0,SEC_CNB_LKO,CNB,CNB,LKO,72.0,72.0,DWELLING,,,,,-36.66,,,GREEN,LOW,False,,False,,JRN_NDLS_LKO_01_20260902_190156,0.2472,0.0,0.4541,0.4541,0.92,NONE,NONE,,172.8,172.8,11:08:30,30.0,BASELINE_HISTORICAL_CALIBRATION,53.0,53.0
OBS_000599,11:09:00,17940.0,12004,ROUTE_NDLS_LKO_01,SYNTHETIC_SIMULATOR,OK,26.4539,80.3507,440.0,0.0,0.0,0.0,0.0,0.0,110.0,,0.0,SEC_CNB_LKO,CNB,CNB,LKO,72.0,72.0,DWELLING,,,,,-36.16,,,GREEN,LOW,False,,False,,JRN_NDLS_LKO_01_20260902_190156,0.2472,0.0,0.4541,0.4541,0.92,NONE,NONE,,172.8,172.8,11:09:00,30.0,BASELINE_HISTORICAL_CALIBRATION,52.5,52.5
OBS_000600,11:09:30,17970.0,12004,ROUTE_NDLS_LKO_01,SYNTHETIC_SIMULATOR,OK,26.4539,80.3507,440.0,0.0,0.0,0.0,0.0,0.0,110.0,,0.0,SEC_CNB_LKO,CNB,CNB,LKO,72.0,72.0,DWELLING,,,,,-35.66,,,GREEN,LOW,False,,False,,JRN_NDLS_LKO_01_20260902_190156,0.2472,0.0,0.4541,0.4541,0.92,NONE,NONE,,172.8,172.8,11:09:30,30.0,BASELINE_HISTORICAL_CALIBRATION,52.0,52.0
OBS_000601,11:10:00,18000.0,12004,ROUTE_NDLS_LKO_01,SYNTHETIC_SIMULATOR,OK,26.4539,80.3507,440.0,0.0,0.0,0.0,0.0,0.0,110.0,,0.0,SEC_CNB_LKO,CNB,CNB,LKO,72.0,72.0,DWELLING,,,,,-35.16,,,GREEN,LOW,False,,False,,JRN_NDLS_LKO_01_20260902_190156,0.2472,0.0,0.4541,0.4541,0.92,NONE,NONE,,172.8,172.8,11:10:00,30.0,BASELINE_HISTORICAL_CALIBRATION,51.5,51.5
OBS_000602,11:10:30,18030.0,12004,ROUTE_NDLS_LKO_01,SYNTHETIC_SIMULATOR,OK,26.4539,80.3507,440.0,0.0,0.0,0.0,0.0,0.0,110.0,,0.0,SEC_CNB_LKO,CNB,CNB,LKO,72.0,72.0,DWELLING,,,,,-34.66,,,GREEN,LOW,False,,False,,JRN_NDLS_LKO_01_20260902_190156,0.2472,0.0,0.4541,0.4541,0.92,NONE,NONE,,172.8,172.8,11:10:30,30.0,BASELINE_HISTORICAL_CALIBRATION,51.0,51.0
OBS_000603,11:11:00,18060.0,12004,ROUTE_NDLS_LKO_01,SYNTHETIC_SIMULATOR,OK,26.4539,80.3507,440.0,0.0,0.0,0.0,0.0,0.0,110.0,,0.0,SEC_CNB_LKO,CNB,CNB,LKO,72.0,72.0,DWELLING,,,,,-34.16,,,GREEN,LOW,False,,False,,JRN_NDLS_LKO_01_20260902_190156,0.2472,0.0,0.4541,0.4541,0.92,NONE,NONE,,172.8,172.8,11:11:00,30.0,BASELINE_HISTORICAL_CALIBRATION,50.5,50.5
OBS_000604,11:11:30,18090.0,12004,ROUTE_NDLS_LKO_01,SYNTHETIC_SIMULATOR,OK,26.4539,80.3507,440.0,0.0,0.0,0.0,0.0,0.0,110.0,,0.0,SEC_CNB_LKO,CNB,CNB,LKO,72.0,72.0,DWELLING,,,,,-33.66,,,GREEN,LOW,False,,False,,JRN_NDLS_LKO_01_20260902_190156,0.2472,0.0,0.4541,0.4541,0.92,NONE,NONE,,172.8,172.8,11:11:30,30.0,BASELINE_HISTORICAL_CALIBRATION,50.0,50.0
OBS_000605,11:12:00,18120.0,12004,ROUTE_NDLS_LKO_01,SYNTHETIC_SIMULATOR,OK,26.4539,80.3507,440.0,0.0,0.0,0.0,0.0,0.0,110.0,,0.0,SEC_CNB_LKO,CNB,CNB,LKO,72.0,72.0,DWELLING,,,,,-33.16,,,GREEN,LOW,False,,False,,JRN_NDLS_LKO_01_20260902_190156,0.2472,0.0,0.4541,0.4541,0.92,NONE,NONE,,172.8,172.8,11:12:00,30.0,BASELINE_HISTORICAL_CALIBRATION,49.5,49.5
OBS_000606,11:12:30,18150.0,12004,ROUTE_NDLS_LKO_01,SYNTHETIC_SIMULATOR,OK,26.4539,80.3507,440.0,0.0,0.0,0.0,0.0,0.0,110.0,,0.0,SEC_CNB_LKO,CNB,CNB,LKO,72.0,72.0,DWELLING,,,,,-32.66,,,GREEN,LOW,False,,False,,JRN_NDLS_LKO_01_20260902_190156,0.2472,0.0,0.4541,0.4541,0.92,NONE,NONE,,172.8,172.8,11:12:30,30.0,BASELINE_HISTORICAL_CALIBRATION,49.0,49.0
OBS_000607,11:13:00,18180.0,12004,ROUTE_NDLS_LKO_01,SYNTHETIC_SIMULATOR,OK,26.4539,80.3507,440.0,0.0,0.0,0.0,0.0,0.0,110.0,,0.0,SEC_CNB_LKO,CNB,CNB,LKO,72.0,72.0,DWELLING,,,,,-32.16,,,GREEN,LOW,False,,False,,JRN_NDLS_LKO_01_20260902_190156,0.2472,0.0,0.4541,0.4541,0.92,NONE,NONE,,172.8,172.8,11:13:00,30.0,BASELINE_HISTORICAL_CALIBRATION,48.5,48.5
OBS_000608,11:13:30,18210.0,12004,ROUTE_NDLS_LKO_01,SYNTHETIC_SIMULATOR,OK,26.4539,80.3507,440.0,0.0,0.0,0.0,0.0,0.0,110.0,,0.0,SEC_CNB_LKO,CNB,CNB,LKO,72.0,72.0,DWELLING,,,,,-31.66,,,GREEN,LOW,False,,False,,JRN_NDLS_LKO_01_20260902_190156,0.2472,0.0,0.4541,0.4541,0.92,NONE,NONE,,172.8,172.8,11:13:30,30.0,BASELINE_HISTORICAL_CALIBRATION,48.0,48.0
OBS_000609,11:14:00,18240.0,12004,ROUTE_NDLS_LKO_01,SYNTHETIC_SIMULATOR,OK,26.4539,80.3507,440.0,0.0,0.0,0.0,0.0,0.0,110.0,,0.0,SEC_CNB_LKO,CNB,CNB,LKO,72.0,72.0,DWELLING,,,,,-31.16,,,GREEN,LOW,False,,False,,JRN_NDLS_LKO_01_20260902_190156,0.2472,0.0,0.4541,0.4541,0.92,NONE,NONE,,172.8,172.8,11:14:00,30.0,BASELINE_HISTORICAL_CALIBRATION,47.5,47.5
OBS_000610,11:14:30,18270.0,12004,ROUTE_NDLS_LKO_01,SYNTHETIC_SIMULATOR,OK,26.4539,80.3507,440.0,0.0,0.0,0.0,0.0,0.0,110.0,,0.0,SEC_CNB_LKO,CNB,CNB,LKO,72.0,72.0,DWELLING,,,,,-30.66,,,GREEN,LOW,False,,False,,JRN_NDLS_LKO_01_20260902_190156,0.2472,0.0,0.4541,0.4541,0.92,NONE,NONE,,172.8,172.8,11:14:30,30.0,BASELINE_HISTORICAL_CALIBRATION,47.0,47.0
OBS_000611,11:15:00,18300.0,12004,ROUTE_NDLS_LKO_01,SYNTHETIC_SIMULATOR,OK,26.4539,80.3507,440.0,0.0,0.0,0.0,0.0,0.0,110.0,,0.0,SEC_CNB_LKO,CNB,CNB,LKO,72.0,72.0,DWELLING,,,,,-30.16,,,GREEN,LOW,False,,False,,JRN_NDLS_LKO_01_20260902_190156,0.2472,0.0,0.4541,0.4541,0.92,NONE,NONE,,172.8,172.8,11:15:00,30.0,BASELINE_HISTORICAL_CALIBRATION,46.5,46.5
OBS_000612,11:15:30,18330.0,12004,ROUTE_NDLS_LKO_01,SYNTHETIC_SIMULATOR,OK,26.4539,80.3507,440.0,0.0,0.0,0.0,0.0,0.0,110.0,,0.0,SEC_CNB_LKO,CNB,CNB,LKO,72.0,72.0,DWELLING,,,,,-29.66,,,GREEN,LOW,False,,False,,JRN_NDLS_LKO_01_20260902_190156,0.2472,0.0,0.4541,0.4541,0.92,NONE,NONE,,172.8,172.8,11:15:30,30.0,BASELINE_HISTORICAL_CALIBRATION,46.0,46.0
OBS_000613,11:16:00,18360.0,12004,ROUTE_NDLS_LKO_01,SYNTHETIC_SIMULATOR,OK,26.4539,80.3507,440.0,0.0,0.0,0.0,0.0,0.0,110.0,,0.0,SEC_CNB_LKO,CNB,CNB,LKO,72.0,72.0,DWELLING,,,,,-29.16,,,GREEN,LOW,False,,False,,JRN_NDLS_LKO_01_20260902_190156,0.2472,0.0,0.4541,0.4541,0.92,NONE,NONE,,172.8,172.8,11:16:00,30.0,BASELINE_HISTORICAL_CALIBRATION,45.5,45.5
OBS_000614,11:16:30,18390.0,12004,ROUTE_NDLS_LKO_01,SYNTHETIC_SIMULATOR,OK,26.4539,80.3507,440.0,0.0,0.0,0.0,0.0,0.0,110.0,,0.0,SEC_CNB_LKO,CNB,CNB,LKO,72.0,72.0,DWELLING,,,,,-28.66,,,GREEN,LOW,False,,False,,JRN_NDLS_LKO_01_20260902_190156,0.2472,0.0,0.4541,0.4541,0.92,NONE,NONE,,172.8,172.8,11:16:30,30.0,BASELINE_HISTORICAL_CALIBRATION,45.0,45.0
OBS_000615,11:17:00,18420.0,12004,ROUTE_NDLS_LKO_01,SYNTHETIC_SIMULATOR,OK,26.4539,80.3507,440.0,0.0,0.0,0.0,0.0,0.0,110.0,,0.0,SEC_CNB_LKO,CNB,CNB,LKO,72.0,72.0,DWELLING,,,,,-28.16,,,GREEN,LOW,False,,False,,JRN_NDLS_LKO_01_20260902_190156,0.2472,0.0,0.4541,0.4541,0.92,NONE,NONE,,172.8,172.8,11:17:00,30.0,BASELINE_HISTORICAL_CALIBRATION,44.5,44.5
OBS_000616,11:17:30,18450.0,12004,ROUTE_NDLS_LKO_01,SYNTHETIC_SIMULATOR,OK,26.4539,80.3507,440.0,0.0,0.0,0.0,0.0,0.0,110.0,,0.0,SEC_CNB_LKO,CNB,CNB,LKO,72.0,72.0,DWELLING,,,,,-27.66,,,GREEN,LOW,False,,False,,JRN_NDLS_LKO_01_20260902_190156,0.2472,0.0,0.4541,0.4541,0.92,NONE,NONE,,172.8,172.8,11:17:30,30.0,BASELINE_HISTORICAL_CALIBRATION,44.0,44.0
OBS_000617,11:18:00,18480.0,12004,ROUTE_NDLS_LKO_01,SYNTHETIC_SIMULATOR,OK,26.4539,80.3507,440.0,0.0,0.0,0.0,0.0,0.0,110.0,,0.0,SEC_CNB_LKO,CNB,CNB,LKO,72.0,72.0,DWELLING,,,,,-27.16,,,GREEN,LOW,False,,False,,JRN_NDLS_LKO_01_20260902_190156,0.2472,0.0,0.4541,0.4541,0.92,NONE,NONE,,172.8,172.8,11:18:00,30.0,BASELINE_HISTORICAL_CALIBRATION,43.5,43.5
OBS_000618,11:18:30,18510.0,12004,ROUTE_NDLS_LKO_01,SYNTHETIC_SIMULATOR,OK,26.4539,80.3507,440.0,0.0,0.0,0.0,0.0,0.0,110.0,,0.0,SEC_CNB_LKO,CNB,CNB,LKO,72.0,72.0,DWELLING,,,,,-26.66,,,GREEN,LOW,False,,False,,JRN_NDLS_LKO_01_20260902_190156,0.2472,0.0,0.4541,0.4541,0.92,NONE,NONE,,172.8,172.8,11:18:30,30.0,BASELINE_HISTORICAL_CALIBRATION,43.0,43.0
OBS_000619,11:19:00,18540.0,12004,ROUTE_NDLS_LKO_01,SYNTHETIC_SIMULATOR,OK,26.4539,80.3507,440.0,0.0,0.0,0.0,0.0,0.0,110.0,,0.0,SEC_CNB_LKO,CNB,CNB,LKO,72.0,72.0,DWELLING,,,,,-26.16,,,GREEN,LOW,False,,False,,JRN_NDLS_LKO_01_20260902_190156,0.2472,0.0,0.4541,0.4541,0.92,NONE,NONE,,172.8,172.8,11:19:00,30.0,BASELINE_HISTORICAL_CALIBRATION,42.5,42.5
OBS_000620,11:19:30,18570.0,12004,ROUTE_NDLS_LKO_01,SYNTHETIC_SIMULATOR,OK,26.4539,80.3507,440.0,0.0,0.0,0.0,0.0,0.0,110.0,,0.0,SEC_CNB_LKO,CNB,CNB,LKO,72.0,72.0,DWELLING,,,,,-25.66,,,GREEN,LOW,False,,False,,JRN_NDLS_LKO_01_20260902_190156,0.2472,0.0,0.4541,0.4541,0.92,NONE,NONE,,172.8,172.8,11:19:30,30.0,BASELINE_HISTORICAL_CALIBRATION,42.0,42.0
OBS_000621,11:20:00,18600.0,12004,ROUTE_NDLS_LKO_01,SYNTHETIC_SIMULATOR,OK,26.4539,80.3507,440.675,54.0,15.0,104.5,0.5,187.5,110.0,,1058.18,SEC_CNB_LKO,CNB,CNB,LKO,71.325,71.325,ACCELERATING,DEPARTED,,11:20:00,5,-25.16,,,GREEN,LOW,False,,False,,JRN_NDLS_LKO_01_20260902_190156,0.2472,0.0,0.4541,0.4541,0.92,NONE,NONE,,79.2,79.2,11:20:00,30.0,BASELINE_HISTORICAL_CALIBRATION,41.5,41.5
OBS_000622,11:20:30,18630.0,12004,ROUTE_NDLS_LKO_01,SYNTHETIC_SIMULATOR,OK,26.463207,80.364675,441.771,104.5,29.03,104.5,0.5,702.2,110.0,,1053.21,SEC_CNB_LKO,,CNB,LKO,70.229,70.229,ACCELERATING,,,,,-25.17,,,GREEN,LOW,False,,False,,JRN_NDLS_LKO_01_20260902_190156,0.2472,0.0,0.4541,0.4541,0.92,NONE,NONE,,40.3,40.3,11:20:30,30.0,BASELINE_HISTORICAL_CALIBRATION,41.0,41.0
OBS_000623,11:21:00,18660.0,12004,ROUTE_NDLS_LKO_01,SYNTHETIC_SIMULATOR,OK,26.467783,80.371547,442.642,104.5,29.03,104.5,0.0,702.2,110.0,,1045.09,SEC_CNB_LKO,,CNB,LKO,69.358,69.358,CRUISING,,,,,-25.51,,,GREEN,LOW,False,,False,,JRN_NDLS_LKO_01_20260902_190156,0.2472,0.0,0.4541,0.4541,0.92,NONE,NONE,,39.8,39.8,11:21:00,30.0,BASELINE_HISTORICAL_CALIBRATION,40.5,40.5
OBS_000624,11:21:30,18690.0,12004,ROUTE_NDLS_LKO_01,SYNTHETIC_SIMULATOR,OK,26.47236,80.378419,443.512,104.5,29.03,104.5,0.0,702.2,110.0,,1038.59,SEC_CNB_LKO,,CNB,LKO,68.488,68.488,CRUISING,,,,,-25.67,,,GREEN,LOW,False,,False,,JRN_NDLS_LKO_01_20260902_190156,0.2472,0.0,0.4541,0.4541,0.92,NONE,NONE,,39.3,39.3,11:21:30,30.0,BASELINE_HISTORICAL_CALIBRATION,40.0,40.0
OBS_000625,11:22:00,18720.0,12004,ROUTE_NDLS_LKO_01,SYNTHETIC_SIMULATOR,OK,26.476937,80.385292,444.383,104.5,29.03,104.5,0.0,702.2,110.0,,1032.05,SEC_CNB_LKO,,CNB,LKO,67.617,67.617,CRUISING,,,,,-25.83,,,GREEN,LOW,False,,False,,JRN_NDLS_LKO_01_20260902_190156,0.2472,0.0,0.4541,0.4541,0.92,NONE,NONE,,38.8,38.8,11:22:00,30.0,BASELINE_HISTORICAL_CALIBRATION,39.5,39.5
OBS_000626,11:22:30,18750.0,12004,ROUTE_NDLS_LKO_01,SYNTHETIC_SIMULATOR,OK,26.481514,80.392164,445.254,104.5,29.03,104.5,0.0,702.2,110.0,,1025.46,SEC_CNB_LKO,,CNB,LKO,66.746,66.746,CRUISING,,,,,-26.0,,,GREEN,LOW,False,,False,,JRN_NDLS_LKO_01_20260902_190156,0.2472,0.0,0.4541,0.4541,0.92,NONE,NONE,,38.3,38.3,11:22:30,30.0,BASELINE_HISTORICAL_CALIBRATION,39.0,39.0
OBS_000627,11:23:00,18780.0,12004,ROUTE_NDLS_LKO_01,SYNTHETIC_SIMULATOR,OK,26.48609,80.399036,446.125,104.5,29.03,104.5,0.0,702.2,110.0,,1018.84,SEC_CNB_LKO,,CNB,LKO,65.875,65.875,CRUISING,,,,,-26.16,,,GREEN,LOW,False,,False,,JRN_NDLS_LKO_01_20260902_190156,0.2472,0.0,0.4541,0.4541,0.92,NONE,NONE,,37.8,37.8,11:23:00,30.0,BASELINE_HISTORICAL_CALIBRATION,38.5,38.5
OBS_000628,11:23:30,18810.0,12004,ROUTE_NDLS_LKO_01,SYNTHETIC_SIMULATOR,OK,26.490667,80.405909,446.996,104.5,29.03,104.5,0.0,702.2,110.0,,1012.17,SEC_CNB_LKO,,CNB,LKO,65.004,65.004,CRUISING,,,,,-26.32,,,GREEN,LOW,False,,False,,JRN_NDLS_LKO_01_20260902_190156,0.2472,0.0,0.4541,0.4541,0.92,NONE,NONE,,37.3,37.3,11:23:30,30.0,BASELINE_HISTORICAL_CALIBRATION,38.0,38.0
OBS_000629,11:24:00,18840.0,12004,ROUTE_NDLS_LKO_01,SYNTHETIC_SIMULATOR,OK,26.495244,80.412781,447.867,104.5,29.03,104.5,0.0,702.2,110.0,,1005.46,SEC_CNB_LKO,,CNB,LKO,64.133,64.133,CRUISING,,,,,-26.49,,,GREEN,LOW,False,,False,,JRN_NDLS_LKO_01_20260902_190156,0.2472,0.0,0.4541,0.4541,0.92,NONE,NONE,,36.8,36.8,11:24:00,30.0,BASELINE_HISTORICAL_CALIBRATION,37.5,37.5
OBS_000630,11:24:30,18870.0,12004,ROUTE_NDLS_LKO_01,SYNTHETIC_SIMULATOR,OK,26.49982,80.419653,448.737,104.5,29.03,104.5,0.0,702.2,110.0,,998.7,SEC_CNB_LKO,,CNB,LKO,63.263,63.263,CRUISING,,,,,-26.65,,,GREEN,LOW,False,,False,,JRN_NDLS_LKO_01_20260902_190156,0.2472,0.0,0.4541,0.4541,0.92,NONE,NONE,,36.3,36.3,11:24:30,30.0,BASELINE_HISTORICAL_CALIBRATION,37.0,37.0
OBS_000631,11:25:00,18900.0,12004,ROUTE_NDLS_LKO_01,SYNTHETIC_SIMULATOR,OK,26.504397,80.426526,449.608,104.5,29.03,104.5,0.0,702.2,110.0,,991.9,SEC_CNB_LKO,,CNB,LKO,62.392,62.392,CRUISING,,,,,-26.81,,,GREEN,LOW,False,,False,,JRN_NDLS_LKO_01_20260902_190156,0.2472,0.0,0.4541,0.4541,0.92,NONE,NONE,,35.8,35.8,11:25:00,30.0,BASELINE_HISTORICAL_CALIBRATION,36.5,36.5
OBS_000632,11:25:30,18930.0,12004,ROUTE_NDLS_LKO_01,SYNTHETIC_SIMULATOR,OK,26.508974,80.433398,450.479,104.5,29.03,104.5,0.0,702.2,110.0,,985.05,SEC_CNB_LKO,,CNB,LKO,61.521,61.521,CRUISING,,,,,-26.98,,,GREEN,LOW,False,,False,,JRN_NDLS_LKO_01_20260902_190156,0.2472,0.0,0.4541,0.4541,0.92,NONE,NONE,,35.3,35.3,11:25:30,30.0,BASELINE_HISTORICAL_CALIBRATION,36.0,36.0
OBS_000633,11:26:00,18960.0,12004,ROUTE_NDLS_LKO_01,SYNTHETIC_SIMULATOR,OK,26.513551,80.44027,451.35,104.5,29.03,104.5,0.0,702.2,110.0,,978.15,SEC_CNB_LKO,,CNB,LKO,60.65,60.65,CRUISING,,,,,-27.14,,,GREEN,LOW,False,,False,,JRN_NDLS_LKO_01_20260902_190156,0.2472,0.0,0.4541,0.4541,0.92,NONE,NONE,,34.8,34.8,11:26:00,30.0,BASELINE_HISTORICAL_CALIBRATION,35.5,35.5
OBS_000634,11:26:30,18990.0,12004,ROUTE_NDLS_LKO_01,SYNTHETIC_SIMULATOR,OK,26.518127,80.447143,452.221,104.5,29.03,104.5,0.0,702.2,110.0,,971.2,SEC_CNB_LKO,,CNB,LKO,59.779,59.779,CRUISING,,,,,-27.3,,,GREEN,LOW,False,,False,,JRN_NDLS_LKO_01_20260902_190156,0.2472,0.0,0.4541,0.4541,0.92,NONE,NONE,,34.3,34.3,11:26:30,30.0,BASELINE_HISTORICAL_CALIBRATION,35.0,35.0
OBS_000635,11:27:00,19020.0,12004,ROUTE_NDLS_LKO_01,SYNTHETIC_SIMULATOR,OK,26.522704,80.454015,453.092,104.5,29.03,104.5,0.0,702.2,110.0,,964.2,SEC_CNB_LKO,,CNB,LKO,58.908,58.908,CRUISING,,,,,-27.47,,,GREEN,LOW,False,,False,,JRN_NDLS_LKO_01_20260902_190156,0.2472,0.0,0.4541,0.4541,0.92,NONE,NONE,,33.8,33.8,11:27:00,30.0,BASELINE_HISTORICAL_CALIBRATION,34.5,34.5
OBS_000636,11:27:30,19050.0,12004,ROUTE_NDLS_LKO_01,SYNTHETIC_SIMULATOR,OK,26.527281,80.460887,453.962,104.5,29.03,104.5,0.0,702.2,110.0,,957.15,SEC_CNB_LKO,,CNB,LKO,58.038,58.038,CRUISING,,,,,-27.63,,,GREEN,LOW,False,,False,,JRN_NDLS_LKO_01_20260902_190156,0.2472,0.0,0.4541,0.4541,0.92,NONE,NONE,,33.3,33.3,11:27:30,30.0,BASELINE_HISTORICAL_CALIBRATION,34.0,34.0
OBS_000637,11:28:00,19080.0,12004,ROUTE_NDLS_LKO_01,SYNTHETIC_SIMULATOR,OK,26.531857,80.46776,454.833,104.5,29.03,104.5,0.0,702.2,110.0,,950.05,SEC_CNB_LKO,,CNB,LKO,57.167,57.167,CRUISING,,,,,-27.79,,,GREEN,LOW,False,,False,,JRN_NDLS_LKO_01_20260902_190156,0.2472,0.0,0.4541,0.4541,0.92,NONE,NONE,,32.8,32.8,11:28:00,30.0,BASELINE_HISTORICAL_CALIBRATION,33.5,33.5
OBS_000638,11:28:30,19110.0,12004,ROUTE_NDLS_LKO_01,SYNTHETIC_SIMULATOR,OK,26.536434,80.474632,455.704,104.5,29.03,104.5,0.0,702.2,110.0,,942.9,SEC_CNB_LKO,,CNB,LKO,56.296,56.296,CRUISING,,,,,-27.96,,,GREEN,LOW,False,,False,,JRN_NDLS_LKO_01_20260902_190156,0.2472,0.0,0.4541,0.4541,0.92,NONE,NONE,,32.3,32.3,11:28:30,30.0,BASELINE_HISTORICAL_CALIBRATION,33.0,33.0
OBS_000639,11:29:00,19140.0,12004,ROUTE_NDLS_LKO_01,SYNTHETIC_SIMULATOR,OK,26.541011,80.481504,456.575,104.5,29.03,104.5,0.0,702.2,110.0,,935.69,SEC_CNB_LKO,,CNB,LKO,55.425,55.425,CRUISING,,,,,-28.12,,,GREEN,LOW,False,,False,,JRN_NDLS_LKO_01_20260902_190156,0.2472,0.0,0.4541,0.4541,0.92,NONE,NONE,,31.8,31.8,11:29:00,30.0,BASELINE_HISTORICAL_CALIBRATION,32.5,32.5
OBS_000640,11:29:30,19170.0,12004,ROUTE_NDLS_LKO_01,SYNTHETIC_SIMULATOR,OK,26.545588,80.488377,457.446,104.5,29.03,104.5,0.0,702.2,110.0,,928.42,SEC_CNB_LKO,,CNB,LKO,54.554,54.554,CRUISING,,,,,-28.28,,,GREEN,LOW,False,,False,,JRN_NDLS_LKO_01_20260902_190156,0.2472,0.0,0.4541,0.4541,0.92,NONE,NONE,,31.3,31.3,11:29:30,30.0,BASELINE_HISTORICAL_CALIBRATION,32.0,32.0
OBS_000641,11:30:00,19200.0,12004,ROUTE_NDLS_LKO_01,SYNTHETIC_SIMULATOR,OK,26.550164,80.495249,458.317,104.5,29.03,104.5,0.0,702.2,110.0,,921.1,SEC_CNB_LKO,,CNB,LKO,53.683,53.683,CRUISING,,,,,-28.45,,,GREEN,LOW,False,,False,,JRN_NDLS_LKO_01_20260902_190156,0.2472,0.0,0.4541,0.4541,0.92,NONE,NONE,,30.8,30.8,11:30:00,30.0,BASELINE_HISTORICAL_CALIBRATION,31.5,31.5
OBS_000642,11:30:30,19230.0,12004,ROUTE_NDLS_LKO_01,SYNTHETIC_SIMULATOR,OK,26.554741,80.502121,459.187,104.5,29.03,104.5,0.0,702.2,110.0,,913.72,SEC_CNB_LKO,,CNB,LKO,52.813,52.813,CRUISING,,,,,-28.61,,,GREEN,LOW,False,,False,,JRN_NDLS_LKO_01_20260902_190156,0.2472,0.0,0.4541,0.4541,0.92,NONE,NONE,,30.3,30.3,11:30:30,30.0,BASELINE_HISTORICAL_CALIBRATION,31.0,31.0
OBS_000643,11:31:00,19260.0,12004,ROUTE_NDLS_LKO_01,SYNTHETIC_SIMULATOR,OK,26.559318,80.508994,460.058,104.5,29.03,104.5,0.0,702.2,110.0,,906.28,SEC_CNB_LKO,,CNB,LKO,51.942,51.942,CRUISING,,,,,-28.77,,,GREEN,LOW,False,,False,,JRN_NDLS_LKO_01_20260902_190156,0.2472,0.0,0.4541,0.4541,0.92,NONE,NONE,,29.8,29.8,11:31:00,30.0,BASELINE_HISTORICAL_CALIBRATION,30.5,30.5
OBS_000644,11:31:30,19290.0,12004,ROUTE_NDLS_LKO_01,SYNTHETIC_SIMULATOR,OK,26.563894,80.515866,460.929,104.5,29.03,104.5,0.0,702.2,110.0,,898.78,SEC_CNB_LKO,,CNB,LKO,51.071,51.071,CRUISING,,,,,-28.94,,,GREEN,LOW,False,,False,,JRN_NDLS_LKO_01_20260902_190156,0.2472,0.0,0.4541,0.4541,0.92,NONE,NONE,,29.3,29.3,11:31:30,30.0,BASELINE_HISTORICAL_CALIBRATION,30.0,30.0
OBS_000645,11:32:00,19320.0,12004,ROUTE_NDLS_LKO_01,SYNTHETIC_SIMULATOR,OK,26.568471,80.522738,461.8,104.5,29.03,104.5,0.0,702.2,110.0,,891.21,SEC_CNB_LKO,,CNB,LKO,50.2,50.2,CRUISING,,,,,-29.1,,,GREEN,LOW,False,,False,,JRN_NDLS_LKO_01_20260902_190156,0.2472,0.0,0.4541,0.4541,0.92,NONE,NONE,,28.8,28.8,11:32:00,30.0,BASELINE_HISTORICAL_CALIBRATION,29.5,29.5
OBS_000646,11:32:30,19350.0,12004,ROUTE_NDLS_LKO_01,SYNTHETIC_SIMULATOR,OK,26.573048,80.529611,462.671,104.5,29.03,104.5,0.0,702.2,110.0,,883.58,SEC_CNB_LKO,,CNB,LKO,49.329,49.329,CRUISING,,,,,-29.26,,,GREEN,LOW,False,,False,,JRN_NDLS_LKO_01_20260902_190156,0.2472,0.0,0.4541,0.4541,0.92,NONE,NONE,,28.3,28.3,11:32:30,30.0,BASELINE_HISTORICAL_CALIBRATION,29.0,29.0
OBS_000647,11:33:00,19380.0,12004,ROUTE_NDLS_LKO_01,SYNTHETIC_SIMULATOR,OK,26.577625,80.536483,463.542,104.5,29.03,104.5,0.0,702.2,110.0,,875.88,SEC_CNB_LKO,,CNB,LKO,48.458,48.458,CRUISING,,,,,-29.43,,,GREEN,LOW,False,,False,,JRN_NDLS_LKO_01_20260902_190156,0.2472,0.0,0.4541,0.4541,0.92,NONE,NONE,,27.8,27.8,11:33:00,30.0,BASELINE_HISTORICAL_CALIBRATION,28.5,28.5
OBS_000648,11:33:30,19410.0,12004,ROUTE_NDLS_LKO_01,SYNTHETIC_SIMULATOR,OK,26.582201,80.543355,464.412,104.5,29.03,104.5,0.0,702.2,110.0,,868.12,SEC_CNB_LKO,,CNB,LKO,47.588,47.588,CRUISING,,,,,-29.59,,,GREEN,LOW,False,,False,,JRN_NDLS_LKO_01_20260902_190156,0.2472,0.0,0.4541,0.4541,0.92,NONE,NONE,,27.3,27.3,11:33:30,30.0,BASELINE_HISTORICAL_CALIBRATION,28.0,28.0
OBS_000649,11:34:00,19440.0,12004,ROUTE_NDLS_LKO_01,SYNTHETIC_SIMULATOR,OK,26.586778,80.550228,465.283,104.5,29.03,104.5,0.0,702.2,110.0,,860.28,SEC_CNB_LKO,,CNB,LKO,46.717,46.717,CRUISING,,,,,-29.75,,,GREEN,LOW,False,,False,,JRN_NDLS_LKO_01_20260902_190156,0.2472,0.0,0.4541,0.4541,0.92,NONE,NONE,,26.8,26.8,11:34:00,30.0,BASELINE_HISTORICAL_CALIBRATION,27.5,27.5
OBS_000650,11:34:30,19470.0,12004,ROUTE_NDLS_LKO_01,SYNTHETIC_SIMULATOR,OK,26.591355,80.5571,466.154,104.5,29.03,104.5,0.0,702.2,110.0,,852.37,SEC_CNB_LKO,,CNB,LKO,45.846,45.846,CRUISING,,,,,-29.92,,,GREEN,LOW,False,,False,,JRN_NDLS_LKO_01_20260902_190156,0.2472,0.0,0.4541,0.4541,0.92,NONE,NONE,,26.3,26.3,11:34:30,30.0,BASELINE_HISTORICAL_CALIBRATION,27.0,27.0
OBS_000651,11:35:00,19500.0,12004,ROUTE_NDLS_LKO_01,SYNTHETIC_SIMULATOR,OK,26.595931,80.563972,467.025,104.5,29.03,104.5,0.0,702.2,110.0,,844.39,SEC_CNB_LKO,,CNB,LKO,44.975,44.975,CRUISING,,,,,-30.08,,,GREEN,LOW,False,,False,,JRN_NDLS_LKO_01_20260902_190156,0.2472,0.0,0.4541,0.4541,0.92,NONE,NONE,,25.8,25.8,11:35:00,30.0,BASELINE_HISTORICAL_CALIBRATION,26.5,26.5
OBS_000652,11:35:30,19530.0,12004,ROUTE_NDLS_LKO_01,SYNTHETIC_SIMULATOR,OK,26.600508,80.570845,467.896,104.5,29.03,104.5,0.0,702.2,110.0,,836.33,SEC_CNB_LKO,,CNB,LKO,44.104,44.104,CRUISING,,,,,-30.24,,,GREEN,LOW,False,,False,,JRN_NDLS_LKO_01_20260902_190156,0.2472,0.0,0.4541,0.4541,0.92,NONE,NONE,,25.3,25.3,11:35:30,30.0,BASELINE_HISTORICAL_CALIBRATION,26.0,26.0
OBS_000653,11:36:00,19560.0,12004,ROUTE_NDLS_LKO_01,SYNTHETIC_SIMULATOR,OK,26.605085,80.577717,468.767,104.5,29.03,104.5,0.0,702.2,110.0,,828.2,SEC_CNB_LKO,,CNB,LKO,43.233,43.233,CRUISING,,,,,-30.41,,,GREEN,LOW,False,,False,,JRN_NDLS_LKO_01_20260902_190156,0.2472,0.0,0.4541,0.4541,0.92,NONE,NONE,,24.8,24.8,11:36:00,30.0,BASELINE_HISTORICAL_CALIBRATION,25.5,25.5
OBS_000654,11:36:30,19590.0,12004,ROUTE_NDLS_LKO_01,SYNTHETIC_SIMULATOR,OK,26.609662,80.584589,469.637,104.5,29.03,104.5,0.0,702.2,110.0,,819.98,SEC_CNB_LKO,,CNB,LKO,42.363,42.363,CRUISING,,,,,-30.57,,,GREEN,LOW,False,,False,,JRN_NDLS_LKO_01_20260902_190156,0.2472,0.0,0.4541,0.4541,0.92,NONE,NONE,,24.3,24.3,11:36:30,30.0,BASELINE_HISTORICAL_CALIBRATION,25.0,25.0
OBS_000655,11:37:00,19620.0,12004,ROUTE_NDLS_LKO_01,SYNTHETIC_SIMULATOR,OK,26.614238,80.591462,470.508,104.5,29.03,104.5,0.0,702.2,110.0,,811.68,SEC_CNB_LKO,,CNB,LKO,41.492,41.492,CRUISING,,,,,-30.73,,,GREEN,LOW,False,,False,,JRN_NDLS_LKO_01_20260902_190156,0.2472,0.0,0.4541,0.4541,0.92,NONE,NONE,,23.8,23.8,11:37:00,30.0,BASELINE_HISTORICAL_CALIBRATION,24.5,24.5
OBS_000656,11:37:30,19650.0,12004,ROUTE_NDLS_LKO_01,SYNTHETIC_SIMULATOR,OK,26.618815,80.598334,471.379,104.5,29.03,104.5,0.0,702.2,110.0,,803.29,SEC_CNB_LKO,,CNB,LKO,40.621,40.621,CRUISING,,,,,-30.9,,,GREEN,LOW,False,,False,,JRN_NDLS_LKO_01_20260902_190156,0.2472,0.0,0.4541,0.4541,0.92,NONE,NONE,,23.3,23.3,11:37:30,30.0,BASELINE_HISTORICAL_CALIBRATION,24.0,24.0
OBS_000657,11:38:00,19680.0,12004,ROUTE_NDLS_LKO_01,SYNTHETIC_SIMULATOR,OK,26.623392,80.605206,472.25,104.5,29.03,104.5,0.0,702.2,110.0,,794.82,SEC_CNB_LKO,,CNB,LKO,39.75,39.75,CRUISING,,,,,-31.06,,,GREEN,LOW,False,,False,,JRN_NDLS_LKO_01_20260902_190156,0.2472,0.0,0.4541,0.4541,0.92,NONE,NONE,,22.8,22.8,11:38:00,30.0,BASELINE_HISTORICAL_CALIBRATION,23.5,23.5
OBS_000658,11:38:30,19710.0,12004,ROUTE_NDLS_LKO_01,SYNTHETIC_SIMULATOR,OK,26.627968,80.612079,473.121,104.5,29.03,104.5,0.0,702.2,110.0,,786.25,SEC_CNB_LKO,,CNB,LKO,38.879,38.879,CRUISING,,,,,-31.22,,,GREEN,LOW,False,,False,,JRN_NDLS_LKO_01_20260902_190156,0.2472,0.0,0.4541,0.4541,0.92,NONE,NONE,,22.3,22.3,11:38:30,30.0,BASELINE_HISTORICAL_CALIBRATION,23.0,23.0
OBS_000659,11:39:00,19740.0,12004,ROUTE_NDLS_LKO_01,SYNTHETIC_SIMULATOR,OK,26.632545,80.618951,473.992,104.5,29.03,104.5,0.0,702.2,110.0,,777.59,SEC_CNB_LKO,,CNB,LKO,38.008,38.008,CRUISING,,,,,-31.39,,,GREEN,LOW,False,,False,,JRN_NDLS_LKO_01_20260902_190156,0.2472,0.0,0.4541,0.4541,0.92,NONE,NONE,,21.8,21.8,11:39:00,30.0,BASELINE_HISTORICAL_CALIBRATION,22.5,22.5
OBS_000660,11:39:30,19770.0,12004,ROUTE_NDLS_LKO_01,SYNTHETIC_SIMULATOR,OK,26.637122,80.625823,474.862,104.5,29.03,104.5,0.0,702.2,110.0,,768.83,SEC_CNB_LKO,,CNB,LKO,37.138,37.138,CRUISING,,,,,-31.55,,,GREEN,LOW,False,,False,,JRN_NDLS_LKO_01_20260902_190156,0.2472,0.0,0.4541,0.4541,0.92,NONE,NONE,,21.3,21.3,11:39:30,30.0,BASELINE_HISTORICAL_CALIBRATION,22.0,22.0
OBS_000661,11:40:00,19800.0,12004,ROUTE_NDLS_LKO_01,SYNTHETIC_SIMULATOR,OK,26.641699,80.632696,475.733,104.5,29.03,104.5,0.0,702.2,110.0,,759.98,SEC_CNB_LKO,,CNB,LKO,36.267,36.267,CRUISING,,,,,-31.71,,,GREEN,LOW,False,,False,,JRN_NDLS_LKO_01_20260902_190156,0.2472,0.0,0.4541,0.4541,0.92,NONE,NONE,,20.8,20.8,11:40:00,30.0,BASELINE_HISTORICAL_CALIBRATION,21.5,21.5
OBS_000662,11:40:30,19830.0,12004,ROUTE_NDLS_LKO_01,SYNTHETIC_SIMULATOR,OK,26.646275,80.639568,476.604,104.5,29.03,104.5,0.0,702.2,110.0,,751.01,SEC_CNB_LKO,,CNB,LKO,35.396,35.396,CRUISING,,,,,-31.87,,,GREEN,LOW,False,,False,,JRN_NDLS_LKO_01_20260902_190156,0.2472,0.0,0.4541,0.4541,0.92,NONE,NONE,,20.3,20.3,11:40:30,30.0,BASELINE_HISTORICAL_CALIBRATION,21.0,21.0
OBS_000663,11:41:00,19860.0,12004,ROUTE_NDLS_LKO_01,SYNTHETIC_SIMULATOR,OK,26.650852,80.64644,477.475,104.5,29.03,104.5,0.0,702.2,110.0,,741.94,SEC_CNB_LKO,,CNB,LKO,34.525,34.525,CRUISING,,,,,-32.04,,,GREEN,LOW,False,,False,,JRN_NDLS_LKO_01_20260902_190156,0.2472,0.0,0.4541,0.4541,0.92,NONE,NONE,,19.8,19.8,11:41:00,30.0,BASELINE_HISTORICAL_CALIBRATION,20.5,20.5
OBS_000664,11:41:30,19890.0,12004,ROUTE_NDLS_LKO_01,SYNTHETIC_SIMULATOR,OK,26.655429,80.653313,478.346,104.5,29.03,104.5,0.0,702.2,110.0,,732.76,SEC_CNB_LKO,,CNB,LKO,33.654,33.654,CRUISING,,,,,-32.2,,,GREEN,LOW,False,,False,,JRN_NDLS_LKO_01_20260902_190156,0.2472,0.0,0.4541,0.4541,0.92,NONE,NONE,,19.3,19.3,11:41:30,30.0,BASELINE_HISTORICAL_CALIBRATION,20.0,20.0
OBS_000665,11:42:00,19920.0,12004,ROUTE_NDLS_LKO_01,SYNTHETIC_SIMULATOR,OK,26.660005,80.660185,479.217,104.5,29.03,104.5,0.0,702.2,110.0,,723.46,SEC_CNB_LKO,,CNB,LKO,32.783,32.783,CRUISING,,,,,-32.36,,,GREEN,LOW,False,,False,,JRN_NDLS_LKO_01_20260902_190156,0.2472,0.0,0.4541,0.4541,0.92,NONE,NONE,,18.8,18.8,11:42:00,30.0,BASELINE_HISTORICAL_CALIBRATION,19.5,19.5
OBS_000666,11:42:30,19950.0,12004,ROUTE_NDLS_LKO_01,SYNTHETIC_SIMULATOR,OK,26.664582,80.667057,480.087,104.5,29.03,104.5,0.0,702.2,110.0,,714.04,SEC_CNB_LKO,,CNB,LKO,31.913,31.913,CRUISING,,,,,-32.53,,,GREEN,LOW,False,,False,,JRN_NDLS_LKO_01_20260902_190156,0.2472,0.0,0.4541,0.4541,0.92,NONE,NONE,,18.3,18.3,11:42:30,30.0,BASELINE_HISTORICAL_CALIBRATION,19.0,19.0
OBS_000667,11:43:00,19980.0,12004,ROUTE_NDLS_LKO_01,SYNTHETIC_SIMULATOR,OK,26.669159,80.67393,480.958,104.5,29.03,104.5,0.0,702.2,110.0,,704.49,SEC_CNB_LKO,,CNB,LKO,31.042,31.042,CRUISING,,,,,-32.69,,,GREEN,LOW,False,,False,,JRN_NDLS_LKO_01_20260902_190156,0.2472,0.0,0.4541,0.4541,0.92,NONE,NONE,,17.8,17.8,11:43:00,30.0,BASELINE_HISTORICAL_CALIBRATION,18.5,18.5
OBS_000668,11:43:30,20010.0,12004,ROUTE_NDLS_LKO_01,SYNTHETIC_SIMULATOR,OK,26.673736,80.680802,481.829,104.5,29.03,104.5,0.0,702.2,110.0,,694.81,SEC_CNB_LKO,,CNB,LKO,30.171,30.171,CRUISING,,,,,-32.85,,,GREEN,LOW,False,,False,,JRN_NDLS_LKO_01_20260902_190156,0.2472,0.0,0.4541,0.4541,0.92,NONE,NONE,,17.3,17.3,11:43:30,30.0,BASELINE_HISTORICAL_CALIBRATION,18.0,18.0
OBS_000669,11:44:00,20040.0,12004,ROUTE_NDLS_LKO_01,SYNTHETIC_SIMULATOR,OK,26.678312,80.687674,482.7,104.5,29.03,104.5,0.0,702.2,110.0,,684.99,SEC_CNB_LKO,,CNB,LKO,29.3,29.3,CRUISING,,,,,-33.02,,,GREEN,LOW,False,,False,,JRN_NDLS_LKO_01_20260902_190156,0.2472,0.0,0.4541,0.4541,0.92,NONE,NONE,,16.8,16.8,11:44:00,30.0,BASELINE_HISTORICAL_CALIBRATION,17.5,17.5
OBS_000670,11:44:30,20070.0,12004,ROUTE_NDLS_LKO_01,SYNTHETIC_SIMULATOR,OK,26.682889,80.694546,483.571,104.5,29.03,104.5,0.0,702.2,110.0,,675.04,SEC_CNB_LKO,,CNB,LKO,28.429,28.429,CRUISING,,,,,-33.18,,,GREEN,LOW,False,,False,,JRN_NDLS_LKO_01_20260902_190156,0.2472,0.0,0.4541,0.4541,0.92,NONE,NONE,,16.3,16.3,11:44:30,30.0,BASELINE_HISTORICAL_CALIBRATION,17.0,17.0
OBS_000671,11:45:00,20100.0,12004,ROUTE_NDLS_LKO_01,SYNTHETIC_SIMULATOR,OK,26.687466,80.701419,484.442,104.5,29.03,104.5,0.0,702.2,110.0,,664.93,SEC_CNB_LKO,,CNB,LKO,27.558,27.558,CRUISING,,,,,-33.34,,,GREEN,LOW,False,,False,,JRN_NDLS_LKO_01_20260902_190156,0.2472,0.0,0.4541,0.4541,0.92,NONE,NONE,,15.8,15.8,11:45:00,30.0,BASELINE_HISTORICAL_CALIBRATION,16.5,16.5
OBS_000672,11:45:30,20130.0,12004,ROUTE_NDLS_LKO_01,SYNTHETIC_SIMULATOR,OK,26.692042,80.708291,485.312,104.5,29.03,104.5,0.0,702.2,110.0,,654.67,SEC_CNB_LKO,,CNB,LKO,26.688,26.688,CRUISING,,,,,-33.51,,,GREEN,LOW,False,,False,,JRN_NDLS_LKO_01_20260902_190156,0.2472,0.0,0.4541,0.4541,0.92,NONE,NONE,,15.3,15.3,11:45:30,30.0,BASELINE_HISTORICAL_CALIBRATION,16.0,16.0
OBS_000673,11:46:00,20160.0,12004,ROUTE_NDLS_LKO_01,SYNTHETIC_SIMULATOR,OK,26.696619,80.715163,486.183,104.5,29.03,104.5,0.0,702.2,110.0,,644.24,SEC_CNB_LKO,,CNB,LKO,25.817,25.817,CRUISING,,,,,-33.67,,,GREEN,LOW,False,,False,,JRN_NDLS_LKO_01_20260902_190156,0.2472,0.0,0.4541,0.4541,0.92,NONE,NONE,,14.8,14.8,11:46:00,30.0,BASELINE_HISTORICAL_CALIBRATION,15.5,15.5
OBS_000674,11:46:30,20190.0,12004,ROUTE_NDLS_LKO_01,SYNTHETIC_SIMULATOR,OK,26.701196,80.722036,487.054,104.5,29.03,104.5,0.0,702.2,110.0,,633.64,SEC_CNB_LKO,,CNB,LKO,24.946,24.946,CRUISING,,,,,-33.83,,,GREEN,LOW,False,,False,,JRN_NDLS_LKO_01_20260902_190156,0.2472,0.0,0.4541,0.4541,0.92,NONE,NONE,,14.3,14.3,11:46:30,30.0,BASELINE_HISTORICAL_CALIBRATION,15.0,15.0
OBS_000675,11:47:00,20220.0,12004,ROUTE_NDLS_LKO_01,SYNTHETIC_SIMULATOR,OK,26.705772,80.728908,487.925,104.5,29.03,104.5,0.0,702.2,110.0,,622.86,SEC_CNB_LKO,,CNB,LKO,24.075,24.075,CRUISING,,,,,-34.0,,,GREEN,LOW,False,,False,,JRN_NDLS_LKO_01_20260902_190156,0.2472,0.0,0.4541,0.4541,0.92,NONE,NONE,,13.8,13.8,11:47:00,30.0,BASELINE_HISTORICAL_CALIBRATION,14.5,14.5
OBS_000676,11:47:30,20250.0,12004,ROUTE_NDLS_LKO_01,SYNTHETIC_SIMULATOR,OK,26.710349,80.73578,488.796,104.5,29.03,104.5,0.0,702.2,110.0,,611.89,SEC_CNB_LKO,,CNB,LKO,23.204,23.204,CRUISING,,,,,-34.16,,,GREEN,LOW,False,,False,,JRN_NDLS_LKO_01_20260902_190156,0.2472,0.0,0.4541,0.4541,0.92,NONE,NONE,,13.3,13.3,11:47:30,30.0,BASELINE_HISTORICAL_CALIBRATION,14.0,14.0
OBS_000677,11:48:00,20280.0,12004,ROUTE_NDLS_LKO_01,SYNTHETIC_SIMULATOR,OK,26.714926,80.742653,489.667,104.5,29.03,104.5,0.0,702.2,110.0,,600.73,SEC_CNB_LKO,,CNB,LKO,22.333,22.333,CRUISING,,,,,-34.32,,,GREEN,LOW,False,,False,,JRN_NDLS_LKO_01_20260902_190156,0.2472,0.0,0.4541,0.4541,0.92,NONE,NONE,,12.8,12.8,11:48:00,30.0,BASELINE_HISTORICAL_CALIBRATION,13.5,13.5
OBS_000678,11:48:30,20310.0,12004,ROUTE_NDLS_LKO_01,SYNTHETIC_SIMULATOR,OK,26.719503,80.749525,490.537,104.5,29.03,104.5,0.0,702.2,110.0,,589.35,SEC_CNB_LKO,,CNB,LKO,21.463,21.463,CRUISING,,,,,-34.49,,,GREEN,LOW,False,,False,,JRN_NDLS_LKO_01_20260902_190156,0.2472,0.0,0.4541,0.4541,0.92,NONE,NONE,,12.3,12.3,11:48:30,30.0,BASELINE_HISTORICAL_CALIBRATION,13.0,13.0
OBS_000679,11:49:00,20340.0,12004,ROUTE_NDLS_LKO_01,SYNTHETIC_SIMULATOR,OK,26.724079,80.756397,491.408,104.5,29.03,104.5,0.0,702.2,110.0,,577.74,SEC_CNB_LKO,,CNB,LKO,20.592,20.592,CRUISING,,,,,-34.65,,,GREEN,LOW,False,,False,,JRN_NDLS_LKO_01_20260902_190156,0.2472,0.0,0.4541,0.4541,0.92,NONE,NONE,,11.8,11.8,11:49:00,30.0,BASELINE_HISTORICAL_CALIBRATION,12.5,12.5
OBS_000680,11:49:30,20370.0,12004,ROUTE_NDLS_LKO_01,SYNTHETIC_SIMULATOR,OK,26.728656,80.76327,492.279,104.5,29.03,104.5,0.0,702.2,110.0,,565.9,SEC_CNB_LKO,,CNB,LKO,19.721,19.721,CRUISING,,,,,-34.81,,,GREEN,LOW,False,,False,,JRN_NDLS_LKO_01_20260902_190156,0.2472,0.0,0.4541,0.4541,0.92,NONE,NONE,,11.3,11.3,11:49:30,30.0,BASELINE_HISTORICAL_CALIBRATION,12.0,12.0
OBS_000681,11:50:00,20400.0,12004,ROUTE_NDLS_LKO_01,SYNTHETIC_SIMULATOR,OK,26.733233,80.770142,493.15,104.5,29.03,104.5,0.0,702.2,110.0,,553.8,SEC_CNB_LKO,,CNB,LKO,18.85,18.85,CRUISING,,,,,-34.98,,,GREEN,LOW,False,,False,,JRN_NDLS_LKO_01_20260902_190156,0.2472,0.0,0.4541,0.4541,0.92,NONE,NONE,,10.8,10.8,11:50:00,30.0,BASELINE_HISTORICAL_CALIBRATION,11.5,11.5
OBS_000682,11:50:30,20430.0,12004,ROUTE_NDLS_LKO_01,SYNTHETIC_SIMULATOR,OK,26.737809,80.777014,494.021,104.5,29.03,104.5,0.0,702.2,110.0,,541.44,SEC_CNB_LKO,,CNB,LKO,17.979,17.979,CRUISING,,,,,-35.14,,,GREEN,LOW,False,,False,,JRN_NDLS_LKO_01_20260902_190156,0.2472,0.0,0.4541,0.4541,0.92,NONE,NONE,,10.3,10.3,11:50:30,30.0,BASELINE_HISTORICAL_CALIBRATION,11.0,11.0
OBS_000683,11:51:00,20460.0,12004,ROUTE_NDLS_LKO_01,SYNTHETIC_SIMULATOR,OK,26.742386,80.783887,494.892,104.5,29.03,104.5,0.0,702.2,110.0,,528.78,SEC_CNB_LKO,,CNB,LKO,17.108,17.108,CRUISING,,,,,-35.3,,,GREEN,LOW,False,,False,,JRN_NDLS_LKO_01_20260902_190156,0.2472,0.0,0.4541,0.4541,0.92,NONE,NONE,,9.8,9.8,11:51:00,30.0,BASELINE_HISTORICAL_CALIBRATION,10.5,10.5
OBS_000684,11:51:30,20490.0,12004,ROUTE_NDLS_LKO_01,SYNTHETIC_SIMULATOR,OK,26.746963,80.790759,495.762,104.5,29.03,104.5,0.0,702.2,110.0,,515.82,SEC_CNB_LKO,,CNB,LKO,16.238,16.238,CRUISING,,,,,-35.47,,,GREEN,LOW,False,,False,,JRN_NDLS_LKO_01_20260902_190156,0.2472,0.0,0.4541,0.4541,0.92,NONE,NONE,,9.3,9.3,11:51:30,30.0,BASELINE_HISTORICAL_CALIBRATION,10.0,10.0
OBS_000685,11:52:00,20520.0,12004,ROUTE_NDLS_LKO_01,SYNTHETIC_SIMULATOR,OK,26.75154,80.797631,496.633,104.5,29.03,104.5,0.0,702.2,110.0,,502.52,SEC_CNB_LKO,,CNB,LKO,15.367,15.367,CRUISING,,,,,-35.63,,,GREEN,LOW,False,,False,,JRN_NDLS_LKO_01_20260902_190156,0.2472,0.0,0.4541,0.4541,0.92,NONE,NONE,,8.8,8.8,11:52:00,30.0,BASELINE_HISTORICAL_CALIBRATION,9.5,9.5
OBS_000686,11:52:30,20550.0,12004,ROUTE_NDLS_LKO_01,SYNTHETIC_SIMULATOR,OK,26.756116,80.804504,497.504,104.5,29.03,104.5,0.0,702.2,110.0,,488.86,SEC_CNB_LKO,,CNB,LKO,14.496,14.496,CRUISING,,,,,-35.79,,,GREEN,LOW,False,,False,,JRN_NDLS_LKO_01_20260902_190156,0.2472,0.0,0.4541,0.4541,0.92,NONE,NONE,,8.3,8.3,11:52:30,30.0,BASELINE_HISTORICAL_CALIBRATION,9.0,9.0
OBS_000687,11:53:00,20580.0,12004,ROUTE_NDLS_LKO_01,SYNTHETIC_SIMULATOR,OK,26.760693,80.811376,498.375,104.5,29.03,104.5,0.0,702.2,110.0,,474.8,SEC_CNB_LKO,,CNB,LKO,13.625,13.625,CRUISING,,,,,-35.96,,,GREEN,LOW,False,,False,,JRN_NDLS_LKO_01_20260902_190156,0.2472,0.0,0.4541,0.4541,0.92,NONE,NONE,,7.8,7.8,11:53:00,30.0,BASELINE_HISTORICAL_CALIBRATION,8.5,8.5
OBS_000688,11:53:30,20610.0,12004,ROUTE_NDLS_LKO_01,SYNTHETIC_SIMULATOR,OK,26.76527,80.818248,499.246,104.5,29.03,104.5,0.0,702.2,110.0,,460.32,SEC_CNB_LKO,,CNB,LKO,12.754,12.754,CRUISING,,,,,-36.12,,,GREEN,LOW,False,,False,,JRN_NDLS_LKO_01_20260902_190156,0.2472,0.0,0.4541,0.4541,0.92,NONE,NONE,,7.3,7.3,11:53:30,30.0,BASELINE_HISTORICAL_CALIBRATION,8.0,8.0
OBS_000689,11:54:00,20640.0,12004,ROUTE_NDLS_LKO_01,SYNTHETIC_SIMULATOR,OK,26.769846,80.825121,500.117,104.5,29.03,104.5,0.0,702.2,110.0,,445.37,SEC_CNB_LKO,,CNB,LKO,11.883,11.883,CRUISING,,,,,-36.28,,,GREEN,LOW,False,,False,,JRN_NDLS_LKO_01_20260902_190156,0.2472,0.0,0.4541,0.4541,0.92,NONE,NONE,,6.8,6.8,11:54:00,30.0,BASELINE_HISTORICAL_CALIBRATION,7.5,7.5
OBS_000690,11:54:30,20670.0,12004,ROUTE_NDLS_LKO_01,SYNTHETIC_SIMULATOR,OK,26.774423,80.831993,500.987,104.5,29.03,104.5,0.0,702.2,110.0,,429.89,SEC_CNB_LKO,,CNB,LKO,11.013,11.013,CRUISING,,,,,-36.45,,,GREEN,LOW,False,,False,,JRN_NDLS_LKO_01_20260902_190156,0.2472,0.0,0.4541,0.4541,0.92,NONE,NONE,,6.3,6.3,11:54:30,30.0,BASELINE_HISTORICAL_CALIBRATION,7.0,7.0
OBS_000691,11:55:00,20700.0,12004,ROUTE_NDLS_LKO_01,SYNTHETIC_SIMULATOR,OK,26.779,80.838865,501.858,104.5,29.03,104.5,0.0,702.2,110.0,,413.84,SEC_CNB_LKO,,CNB,LKO,10.142,10.142,CRUISING,,,,,-36.61,,,GREEN,LOW,False,,False,,JRN_NDLS_LKO_01_20260902_190156,0.2472,0.0,0.4541,0.4541,0.92,NONE,NONE,,5.8,5.8,11:55:00,30.0,BASELINE_HISTORICAL_CALIBRATION,6.5,6.5
OBS_000692,11:55:30,20730.0,12004,ROUTE_NDLS_LKO_01,SYNTHETIC_SIMULATOR,OK,26.783577,80.845738,502.729,104.5,29.03,104.5,0.0,702.2,110.0,,397.14,SEC_CNB_LKO,,CNB,LKO,9.271,9.271,CRUISING,,,,,-36.77,,,GREEN,LOW,False,,False,,JRN_NDLS_LKO_01_20260902_190156,0.2472,0.0,0.4541,0.4541,0.92,NONE,NONE,,5.3,5.3,11:55:30,30.0,BASELINE_HISTORICAL_CALIBRATION,6.0,6.0
OBS_000693,11:56:00,20760.0,12004,ROUTE_NDLS_LKO_01,SYNTHETIC_SIMULATOR,OK,26.788153,80.85261,503.6,104.5,29.03,104.5,0.0,702.2,110.0,,379.71,SEC_CNB_LKO,,CNB,LKO,8.4,8.4,CRUISING,,,,,-36.94,,,GREEN,LOW,False,,False,,JRN_NDLS_LKO_01_20260902_190156,0.2472,0.0,0.4541,0.4541,0.92,NONE,NONE,,4.8,4.8,11:56:00,30.0,BASELINE_HISTORICAL_CALIBRATION,5.5,5.5
OBS_000694,11:56:30,20790.0,12004,ROUTE_NDLS_LKO_01,SYNTHETIC_SIMULATOR,OK,26.79273,80.859482,504.471,104.5,29.03,104.5,0.0,702.2,110.0,,361.44,SEC_CNB_LKO,,CNB,LKO,7.529,7.529,CRUISING,,,,,-37.1,,,GREEN,LOW,False,,False,,JRN_NDLS_LKO_01_20260902_190156,0.2472,0.0,0.4541,0.4541,0.92,NONE,NONE,,4.3,4.3,11:56:30,30.0,BASELINE_HISTORICAL_CALIBRATION,5.0,5.0
OBS_000695,11:57:00,20820.0,12004,ROUTE_NDLS_LKO_01,SYNTHETIC_SIMULATOR,OK,26.797307,80.866355,505.342,104.5,29.03,104.5,0.0,702.2,110.0,,342.19,SEC_CNB_LKO,,CNB,LKO,6.658,6.658,CRUISING,,,,,-37.26,,,GREEN,LOW,False,,False,,JRN_NDLS_LKO_01_20260902_190156,0.2472,0.0,0.4541,0.4541,0.92,NONE,NONE,,3.8,3.8,11:57:00,30.0,BASELINE_HISTORICAL_CALIBRATION,4.5,4.5
OBS_000696,11:57:30,20850.0,12004,ROUTE_NDLS_LKO_01,SYNTHETIC_SIMULATOR,OK,26.801883,80.873227,506.212,104.5,29.03,104.5,0.0,702.2,110.0,,321.79,SEC_CNB_LKO,,CNB,LKO,5.788,5.788,CRUISING,,,,,-37.43,,,GREEN,LOW,False,,False,,JRN_NDLS_LKO_01_20260902_190156,0.2472,0.0,0.4541,0.4541,0.92,NONE,NONE,,3.3,3.3,11:57:30,30.0,BASELINE_HISTORICAL_CALIBRATION,4.0,4.0
OBS_000697,11:58:00,20880.0,12004,ROUTE_NDLS_LKO_01,SYNTHETIC_SIMULATOR,OK,26.80646,80.880099,507.083,104.5,29.03,104.5,0.0,702.2,110.0,,300.01,SEC_CNB_LKO,,CNB,LKO,4.917,4.917,CRUISING,,,,,-37.59,,,GREEN,LOW,False,,False,,JRN_NDLS_LKO_01_20260902_190156,0.2472,0.0,0.4541,0.4541,0.92,NONE,NONE,,2.8,2.8,11:58:00,30.0,BASELINE_HISTORICAL_CALIBRATION,3.5,3.5
OBS_000698,11:58:30,20910.0,12004,ROUTE_NDLS_LKO_01,SYNTHETIC_SIMULATOR,OK,26.811037,80.886972,507.954,104.5,29.03,104.5,0.0,702.2,110.0,,276.52,SEC_CNB_LKO,,CNB,LKO,4.046,4.046,CRUISING,,,,,-37.75,,,GREEN,LOW,False,,False,,JRN_NDLS_LKO_01_20260902_190156,0.2472,0.0,0.4541,0.4541,0.92,NONE,NONE,,2.3,2.3,11:58:30,30.0,BASELINE_HISTORICAL_CALIBRATION,3.0,3.0
OBS_000699,11:59:00,20940.0,12004,ROUTE_NDLS_LKO_01,SYNTHETIC_SIMULATOR,OK,26.815614,80.893844,508.825,104.5,29.03,104.5,0.0,702.2,110.0,,250.84,SEC_CNB_LKO,,CNB,LKO,3.175,3.175,CRUISING,,,,,-37.92,,,GREEN,LOW,False,,False,,JRN_NDLS_LKO_01_20260902_190156,0.2472,0.0,0.4541,0.4541,0.92,NONE,NONE,,1.8,1.8,11:59:00,30.0,BASELINE_HISTORICAL_CALIBRATION,2.5,2.5
OBS_000700,11:59:30,20970.0,12004,ROUTE_NDLS_LKO_01,SYNTHETIC_SIMULATOR,OK,26.82019,80.900716,509.696,104.5,29.03,104.5,0.0,702.2,110.0,,222.21,SEC_CNB_LKO,,CNB,LKO,2.304,2.304,CRUISING,,,,,-38.08,,,GREEN,LOW,False,,False,,JRN_NDLS_LKO_01_20260902_190156,0.2472,0.0,0.4541,0.4541,0.92,NONE,NONE,,1.3,1.3,11:59:30,30.0,BASELINE_HISTORICAL_CALIBRATION,2.0,2.0
OBS_000701,12:00:00,21000.0,12004,ROUTE_NDLS_LKO_01,SYNTHETIC_SIMULATOR,OK,26.824767,80.907589,510.567,104.5,29.03,104.5,0.0,702.2,110.0,,189.3,SEC_CNB_LKO,,CNB,LKO,1.433,1.433,CRUISING,,,,,-38.24,,,GREEN,LOW,False,,False,,JRN_NDLS_LKO_01_20260902_190156,0.2535,0.0,0.4541,0.4541,0.92,LIGHT,NONE,,0.8,0.8,12:00:00,30.0,BASELINE_HISTORICAL_CALIBRATION,1.5,1.5
OBS_000702,12:00:30,21030.0,12004,ROUTE_NDLS_LKO_01,SYNTHETIC_SIMULATOR,OK,26.829344,80.914461,511.437,104.5,29.03,104.5,0.0,702.2,110.0,,149.3,SEC_CNB_LKO,,CNB,LKO,0.563,0.563,CRUISING,,,,,-38.41,,,GREEN,LOW,False,,False,,JRN_NDLS_LKO_01_20260902_190156,0.2535,0.0,0.4541,0.4541,0.92,LIGHT,NONE,,0.3,0.3,12:00:30,30.0,BASELINE_HISTORICAL_CALIBRATION,1.0,1.0
OBS_000703,12:01:00,21060.0,12004,ROUTE_NDLS_LKO_01,SYNTHETIC_SIMULATOR,OK,26.829663,80.914941,511.498,39.7,11.03,93.53,-0.6,101.3,110.0,,93.53,SEC_CNB_LKO,,CNB,LKO,0.502,0.502,DECELERATING,,,,,-38.57,,,GREEN,LOW,False,,False,,JRN_NDLS_LKO_01_20260902_190156,0.2535,0.0,0.4541,0.4541,0.92,LIGHT,NONE,,0.8,0.8,12:01:00,30.0,BASELINE_HISTORICAL_CALIBRATION,0.5,0.5
OBS_000704,12:01:30,21090.0,12004,ROUTE_NDLS_LKO_01,SYNTHETIC_SIMULATOR,OK,26.8323,80.9189,512.0,0.0,0.0,88.33,0.0,0.0,110.0,,88.33,SEC_CNB_LKO,LKO,LKO,,0.0,0.0,COMPLETED,ARRIVED,12:01:30,,,-38.12,,,GREEN,LOW,False,,False,,JRN_NDLS_LKO_01_20260902_190156,0.2535,0.0,0.4541,0.4541,0.92,LIGHT,NONE,,0.0,0.0,12:01:30,30.0,BASELINE_HISTORICAL_CALIBRATION,0.0,0.0
