observation_id,timestamp,simulation_time_sec,train_id,route_id,data_source,data_quality_status,latitude,longitude,current_position_km,current_speed_kmph,current_speed_mps,target_speed_kmph,current_acceleration_mps2,braking_distance_m,section_speed_limit_kmph,restriction_speed_kmph,approach_speed_kmph,current_section_id,current_station_id,previous_station_id,next_station_id,distance_to_next_station_km,distance_to_destination_km,movement_state,station_event,actual_arrival_time,actual_departure_time,actual_dwell_min,current_delay_min,arrival_delay_min,departure_delay_min,signal_state,congestion_level,fog_active,fog_visibility_km,unscheduled_halt,active_event_ids,journey_id,predicted_congestion_probability,predicted_fog_risk,predicted_delay_risk,predicted_operational_risk,prediction_confidence,predicted_speed_impact,active_predicted_restriction,predicted_restriction_speed_kmph,eta_to_next_station_min,eta_to_destination_min,prediction_timestamp,prediction_horizon_min,prediction_source,target_eta_to_destination_min,target_eta_to_next_station_min
OBS_000001,06:45:00,0.0,12017,ROUTE_NDLS_DDN_01,SYNTHETIC_SIMULATOR,OK,28.6431,77.2197,0.675,54.0,15.0,104.5,0.5,187.5,110,,623.54,SEC_NDLS_GZB,NDLS,NDLS,GZB,24.325,313.325,ACCELERATING,DEPARTED,,06:45:00,,0.0,,,GREEN,LOW,False,,False,,JRN_NDLS_DDN_01_20260902_190156,0.2397,0.0,0.4541,0.4541,1.0,NONE,NONE,,27.0,348.1,06:45:00,30.0,BASELINE_HISTORICAL_CALIBRATION,347.5,14.5
OBS_000002,06:45:30,30.0,12017,ROUTE_NDLS_DDN_01,SYNTHETIC_SIMULATOR,OK,28.644857,77.235149,1.771,104.5,29.03,104.5,0.5,702.2,110,,615.06,SEC_NDLS_GZB,,NDLS,GZB,23.229,312.229,ACCELERATING,,,,,-0.22,,,GREEN,LOW,False,,False,,JRN_NDLS_DDN_01_20260902_190156,0.2397,0.0,0.4541,0.4541,1.0,NONE,NONE,,13.3,179.3,06:45:30,30.0,BASELINE_HISTORICAL_CALIBRATION,347.0,14.0
OBS_000003,06:46:00,60.0,12017,ROUTE_NDLS_DDN_01,SYNTHETIC_SIMULATOR,OK,28.645721,77.242746,2.642,104.5,29.03,104.5,0.0,702.2,110,,601.05,SEC_NDLS_GZB,,NDLS,GZB,22.358,311.358,CRUISING,,,,,-0.9,,,GREEN,LOW,False,,False,,JRN_NDLS_DDN_01_20260902_190156,0.2397,0.0,0.4541,0.4541,1.0,NONE,NONE,,12.8,178.8,06:46:00,30.0,BASELINE_HISTORICAL_CALIBRATION,346.5,13.5
OBS_000004,06:46:30,90.0,12017,ROUTE_NDLS_DDN_01,SYNTHETIC_SIMULATOR,OK,28.646584,77.250343,3.513,104.5,29.03,104.5,0.0,702.2,110,,589.68,SEC_NDLS_GZB,,NDLS,GZB,21.488,310.488,CRUISING,,,,,-1.34,,,GREEN,LOW,False,,False,,JRN_NDLS_DDN_01_20260902_190156,0.2397,0.0,0.4541,0.4541,1.0,NONE,NONE,,12.3,178.3,06:46:30,30.0,BASELINE_HISTORICAL_CALIBRATION,346.0,13.0
OBS_000005,06:47:00,120.0,12017,ROUTE_NDLS_DDN_01,SYNTHETIC_SIMULATOR,OK,28.647448,77.25794,4.383,104.5,29.03,104.5,0.0,702.2,110,,578.08,SEC_NDLS_GZB,,NDLS,GZB,20.617,309.617,CRUISING,,,,,-1.77,,,GREEN,LOW,False,,False,,JRN_NDLS_DDN_01_20260902_190156,0.2397,0.0,0.4541,0.4541,1.0,NONE,NONE,,11.8,177.8,06:47:00,30.0,BASELINE_HISTORICAL_CALIBRATION,345.5,12.5
OBS_000006,06:47:30,150.0,12017,ROUTE_NDLS_DDN_01,SYNTHETIC_SIMULATOR,OK,28.648312,77.265537,5.254,104.5,29.03,104.5,0.0,702.2,110,,566.24,SEC_NDLS_GZB,,NDLS,GZB,19.746,308.746,CRUISING,,,,,-2.2,,,GREEN,LOW,False,,False,,JRN_NDLS_DDN_01_20260902_190156,0.2397,0.0,0.4541,0.4541,1.0,NONE,NONE,,11.3,177.3,06:47:30,30.0,BASELINE_HISTORICAL_CALIBRATION,345.0,12.0
OBS_000007,06:48:00,180.0,12017,ROUTE_NDLS_DDN_01,SYNTHETIC_SIMULATOR,OK,28.649176,77.273134,6.125,104.5,29.03,104.5,0.0,702.2,110,,554.15,SEC_NDLS_GZB,,NDLS,GZB,18.875,307.875,CRUISING,,,,,-2.64,,,GREEN,LOW,False,,False,,JRN_NDLS_DDN_01_20260902_190156,0.2397,0.0,0.4541,0.4541,1.0,NONE,NONE,,10.8,176.8,06:48:00,30.0,BASELINE_HISTORICAL_CALIBRATION,344.5,11.5
OBS_000008,06:48:30,210.0,12017,ROUTE_NDLS_DDN_01,SYNTHETIC_SIMULATOR,OK,28.65004,77.280732,6.996,104.5,29.03,104.5,0.0,702.2,110,,541.8,SEC_NDLS_GZB,,NDLS,GZB,18.004,307.004,CRUISING,,,,,-3.07,,,GREEN,LOW,False,,False,,JRN_NDLS_DDN_01_20260902_190156,0.2397,0.0,0.4541,0.4541,1.0,NONE,NONE,,10.3,176.3,06:48:30,30.0,BASELINE_HISTORICAL_CALIBRATION,344.0,11.0
OBS_000009,06:49:00,240.0,12017,ROUTE_NDLS_DDN_01,SYNTHETIC_SIMULATOR,OK,28.650904,77.288329,7.867,104.5,29.03,104.5,0.0,702.2,110,,529.15,SEC_NDLS_GZB,,NDLS,GZB,17.133,306.133,CRUISING,,,,,-3.51,,,GREEN,LOW,False,,False,,JRN_NDLS_DDN_01_20260902_190156,0.2397,0.0,0.4541,0.4541,1.0,NONE,NONE,,9.8,175.8,06:49:00,30.0,BASELINE_HISTORICAL_CALIBRATION,343.5,10.5
OBS_000010,06:49:30,270.0,12017,ROUTE_NDLS_DDN_01,SYNTHETIC_SIMULATOR,OK,28.651768,77.295926,8.737,104.5,29.03,104.5,0.0,702.2,110,,516.2,SEC_NDLS_GZB,,NDLS,GZB,16.263,305.262,CRUISING,,,,,-3.94,,,GREEN,LOW,False,,False,,JRN_NDLS_DDN_01_20260902_190156,0.2397,0.0,0.4541,0.4541,1.0,NONE,NONE,,9.3,175.3,06:49:30,30.0,BASELINE_HISTORICAL_CALIBRATION,343.0,10.0
OBS_000011,06:50:00,300.0,12017,ROUTE_NDLS_DDN_01,SYNTHETIC_SIMULATOR,OK,28.652631,77.303523,9.608,104.5,29.03,104.5,0.0,702.2,110,,502.91,SEC_NDLS_GZB,,NDLS,GZB,15.392,304.392,CRUISING,,,,,-4.38,,,GREEN,LOW,False,,False,,JRN_NDLS_DDN_01_20260902_190156,0.2397,0.0,0.4541,0.4541,1.0,NONE,NONE,,8.8,174.8,06:50:00,30.0,BASELINE_HISTORICAL_CALIBRATION,342.5,9.5
OBS_000012,06:50:30,330.0,12017,ROUTE_NDLS_DDN_01,SYNTHETIC_SIMULATOR,OK,28.653495,77.31112,10.479,104.5,29.03,104.5,0.0,702.2,110,,489.26,SEC_NDLS_GZB,,NDLS,GZB,14.521,303.521,CRUISING,,,,,-4.81,,,GREEN,LOW,False,,False,,JRN_NDLS_DDN_01_20260902_190156,0.2397,0.0,0.4541,0.4541,1.0,NONE,NONE,,8.3,174.3,06:50:30,30.0,BASELINE_HISTORICAL_CALIBRATION,342.0,9.0
OBS_000013,06:51:00,360.0,12017,ROUTE_NDLS_DDN_01,SYNTHETIC_SIMULATOR,OK,28.654359,77.318717,11.35,104.5,29.03,104.5,0.0,702.2,110,,475.21,SEC_NDLS_GZB,,NDLS,GZB,13.65,302.65,CRUISING,,,,,-5.25,,,GREEN,LOW,False,,False,,JRN_NDLS_DDN_01_20260902_190156,0.2397,0.0,0.4541,0.4541,1.0,NONE,NONE,,7.8,173.8,06:51:00,30.0,BASELINE_HISTORICAL_CALIBRATION,341.5,8.5
OBS_000014,06:51:30,390.0,12017,ROUTE_NDLS_DDN_01,SYNTHETIC_SIMULATOR,OK,28.655223,77.326315,12.221,104.5,29.03,104.5,0.0,702.2,110,,460.74,SEC_NDLS_GZB,,NDLS,GZB,12.779,301.779,CRUISING,,,,,-5.68,,,GREEN,LOW,False,,False,,JRN_NDLS_DDN_01_20260902_190156,0.2397,0.0,0.4541,0.4541,1.0,NONE,NONE,,7.3,173.3,06:51:30,30.0,BASELINE_HISTORICAL_CALIBRATION,341.0,8.0
OBS_000015,06:52:00,420.0,12017,ROUTE_NDLS_DDN_01,SYNTHETIC_SIMULATOR,OK,28.656087,77.333912,13.092,104.5,29.03,104.5,0.0,702.2,110,,445.8,SEC_NDLS_GZB,,NDLS,GZB,11.908,300.908,CRUISING,,,,,-6.12,,,GREEN,LOW,False,,False,,JRN_NDLS_DDN_01_20260902_190156,0.2397,0.0,0.4541,0.4541,1.0,NONE,NONE,,6.8,172.8,06:52:00,30.0,BASELINE_HISTORICAL_CALIBRATION,340.5,7.5
OBS_000016,06:52:30,450.0,12017,ROUTE_NDLS_DDN_01,SYNTHETIC_SIMULATOR,OK,28.656951,77.341509,13.963,104.5,29.03,104.5,0.0,702.2,110,,430.35,SEC_NDLS_GZB,,NDLS,GZB,11.037,300.038,CRUISING,,,,,-6.55,,,GREEN,LOW,False,,False,,JRN_NDLS_DDN_01_20260902_190156,0.2397,0.0,0.4541,0.4541,1.0,NONE,NONE,,6.3,172.3,06:52:30,30.0,BASELINE_HISTORICAL_CALIBRATION,340.0,7.0
OBS_000017,06:53:00,480.0,12017,ROUTE_NDLS_DDN_01,SYNTHETIC_SIMULATOR,OK,28.657815,77.349106,14.833,104.5,29.03,104.5,0.0,702.2,110,,414.31,SEC_NDLS_GZB,,NDLS,GZB,10.167,299.167,CRUISING,,,,,-6.99,,,GREEN,LOW,False,,False,,JRN_NDLS_DDN_01_20260902_190156,0.2397,0.0,0.4541,0.4541,1.0,NONE,NONE,,5.8,171.8,06:53:00,30.0,BASELINE_HISTORICAL_CALIBRATION,339.5,6.5
OBS_000018,06:53:30,510.0,12017,ROUTE_NDLS_DDN_01,SYNTHETIC_SIMULATOR,OK,28.658679,77.356703,15.704,104.5,29.03,104.5,0.0,702.2,110,,397.63,SEC_NDLS_GZB,,NDLS,GZB,9.296,298.296,CRUISING,,,,,-7.42,,,GREEN,LOW,False,,False,,JRN_NDLS_DDN_01_20260902_190156,0.2397,0.0,0.4541,0.4541,1.0,NONE,NONE,,5.3,171.3,06:53:30,30.0,BASELINE_HISTORICAL_CALIBRATION,339.0,6.0
OBS_000019,06:54:00,540.0,12017,ROUTE_NDLS_DDN_01,SYNTHETIC_SIMULATOR,OK,28.659542,77.3643,16.575,104.5,29.03,104.5,0.0,702.2,110,,380.22,SEC_NDLS_GZB,,NDLS,GZB,8.425,297.425,CRUISING,,,,,-7.85,,,GREEN,LOW,False,,False,,JRN_NDLS_DDN_01_20260902_190156,0.2397,0.0,0.4541,0.4541,1.0,NONE,NONE,,4.8,170.8,06:54:00,30.0,BASELINE_HISTORICAL_CALIBRATION,338.5,5.5
OBS_000020,06:54:30,570.0,12017,ROUTE_NDLS_DDN_01,SYNTHETIC_SIMULATOR,OK,28.660406,77.371897,17.446,104.5,29.03,104.5,0.0,702.2,110,,361.97,SEC_NDLS_GZB,,NDLS,GZB,7.554,296.554,CRUISING,,,,,-8.29,,,GREEN,LOW,False,,False,,JRN_NDLS_DDN_01_20260902_190156,0.2397,0.0,0.4541,0.4541,1.0,NONE,NONE,,4.3,170.3,06:54:30,30.0,BASELINE_HISTORICAL_CALIBRATION,338.0,5.0
OBS_000021,06:55:00,600.0,12017,ROUTE_NDLS_DDN_01,SYNTHETIC_SIMULATOR,OK,28.66127,77.379495,18.317,104.5,29.03,104.5,0.0,702.2,110,,342.76,SEC_NDLS_GZB,,NDLS,GZB,6.683,295.683,CRUISING,,,,,-8.72,,,GREEN,LOW,False,,False,,JRN_NDLS_DDN_01_20260902_190156,0.2397,0.0,0.4541,0.4541,1.0,NONE,NONE,,3.8,169.8,06:55:00,30.0,BASELINE_HISTORICAL_CALIBRATION,337.5,4.5
OBS_000022,06:55:30,630.0,12017,ROUTE_NDLS_DDN_01,SYNTHETIC_SIMULATOR,OK,28.662134,77.387092,19.188,104.5,29.03,104.5,0.0,702.2,110,,322.4,SEC_NDLS_GZB,,NDLS,GZB,5.812,294.812,CRUISING,,,,,-9.16,,,GREEN,LOW,False,,False,,JRN_NDLS_DDN_01_20260902_190156,0.2397,0.0,0.4541,0.4541,1.0,NONE,NONE,,3.3,169.3,06:55:30,30.0,BASELINE_HISTORICAL_CALIBRATION,337.0,4.0
OBS_000023,06:56:00,660.0,12017,ROUTE_NDLS_DDN_01,SYNTHETIC_SIMULATOR,OK,28.662998,77.394689,20.058,104.5,29.03,104.5,0.0,702.2,110,,300.66,SEC_NDLS_GZB,,NDLS,GZB,4.942,293.942,CRUISING,,,,,-9.59,,,GREEN,LOW,False,,False,,JRN_NDLS_DDN_01_20260902_190156,0.2397,0.0,0.4541,0.4541,1.0,NONE,NONE,,2.8,168.8,06:56:00,30.0,BASELINE_HISTORICAL_CALIBRATION,336.5,3.5
OBS_000024,06:56:30,690.0,12017,ROUTE_NDLS_DDN_01,SYNTHETIC_SIMULATOR,OK,28.663862,77.402286,20.929,104.5,29.03,104.5,0.0,702.2,110,,277.22,SEC_NDLS_GZB,,NDLS,GZB,4.071,293.071,CRUISING,,,,,-10.03,,,GREEN,LOW,False,,False,,JRN_NDLS_DDN_01_20260902_190156,0.2397,0.0,0.4541,0.4541,1.0,NONE,NONE,,2.3,168.3,06:56:30,30.0,BASELINE_HISTORICAL_CALIBRATION,336.0,3.0
OBS_000025,06:57:00,720.0,12017,ROUTE_NDLS_DDN_01,SYNTHETIC_SIMULATOR,OK,28.664726,77.409883,21.8,104.5,29.03,104.5,0.0,702.2,110,,251.61,SEC_NDLS_GZB,,NDLS,GZB,3.2,292.2,CRUISING,,,,,-10.46,,,GREEN,LOW,False,,False,,JRN_NDLS_DDN_01_20260902_190156,0.2397,0.0,0.4541,0.4541,1.0,NONE,NONE,,1.8,167.8,06:57:00,30.0,BASELINE_HISTORICAL_CALIBRATION,335.5,2.5
OBS_000026,06:57:30,750.0,12017,ROUTE_NDLS_DDN_01,SYNTHETIC_SIMULATOR,OK,28.665589,77.41748,22.671,104.5,29.03,104.5,0.0,702.2,110,,223.08,SEC_NDLS_GZB,,NDLS,GZB,2.329,291.329,CRUISING,,,,,-10.9,,,GREEN,LOW,False,,False,,JRN_NDLS_DDN_01_20260902_190156,0.2397,0.0,0.4541,0.4541,1.0,NONE,NONE,,1.3,167.3,06:57:30,30.0,BASELINE_HISTORICAL_CALIBRATION,335.0,2.0
OBS_000027,06:58:00,780.0,12017,ROUTE_NDLS_DDN_01,SYNTHETIC_SIMULATOR,OK,28.666453,77.425078,23.542,104.5,29.03,104.5,0.0,702.2,110,,190.32,SEC_NDLS_GZB,,NDLS,GZB,1.458,290.458,CRUISING,,,,,-11.33,,,GREEN,LOW,False,,False,,JRN_NDLS_DDN_01_20260902_190156,0.2397,0.0,0.4541,0.4541,1.0,NONE,NONE,,0.8,166.8,06:58:00,30.0,BASELINE_HISTORICAL_CALIBRATION,334.5,1.5
OBS_000028,06:58:30,810.0,12017,ROUTE_NDLS_DDN_01,SYNTHETIC_SIMULATOR,OK,28.667317,77.432675,24.412,104.5,29.03,104.5,0.0,702.2,110,,150.6,SEC_NDLS_GZB,,NDLS,GZB,0.588,289.587,CRUISING,,,,,-11.77,,,GREEN,LOW,False,,False,,JRN_NDLS_DDN_01_20260902_190156,0.2397,0.0,0.4541,0.4541,1.0,NONE,NONE,,0.3,166.3,06:58:30,30.0,BASELINE_HISTORICAL_CALIBRATION,334.0,1.0
OBS_000029,06:59:00,840.0,12017,ROUTE_NDLS_DDN_01,SYNTHETIC_SIMULATOR,OK,28.667378,77.433205,24.473,39.7,11.03,95.59,-0.6,101.3,110,,95.59,SEC_NDLS_GZB,,NDLS,GZB,0.527,289.527,DECELERATING,,,,,-12.2,,,GREEN,LOW,False,,False,,JRN_NDLS_DDN_01_20260902_190156,0.2397,0.0,0.4541,0.4541,1.0,NONE,NONE,,0.8,437.6,06:59:00,30.0,BASELINE_HISTORICAL_CALIBRATION,333.5,0.5
OBS_000030,06:59:30,870.0,12017,ROUTE_NDLS_DDN_01,SYNTHETIC_SIMULATOR,OK,28.6679,77.4378,25.0,0.0,0.0,90.5,0.0,0.0,110,,90.5,SEC_NDLS_GZB,GZB,GZB,MTC,47.0,289.0,DWELLING,ARRIVED,06:59:30,,,-11.77,,,GREEN,LOW,False,,False,,JRN_NDLS_DDN_01_20260902_190156,0.2397,0.0,0.4541,0.4541,1.0,NONE,NONE,,112.8,693.6,06:59:30,30.0,BASELINE_HISTORICAL_CALIBRATION,333.0,58.0
OBS_000031,07:00:00,900.0,12017,ROUTE_NDLS_DDN_01,SYNTHETIC_SIMULATOR,OK,28.6679,77.4378,25.0,0.0,0.0,0.0,0.0,0.0,120,,0.0,SEC_GZB_MTC,GZB,GZB,MTC,47.0,289.0,DWELLING,,,,,-11.83,,,GREEN,LOW,False,,False,,JRN_NDLS_DDN_01_20260902_190156,0.2301,0.0,0.4541,0.4541,1.0,NONE,NONE,,112.8,693.6,07:00:00,30.0,BASELINE_HISTORICAL_CALIBRATION,332.5,57.5
OBS_000032,07:00:30,930.0,12017,ROUTE_NDLS_DDN_01,SYNTHETIC_SIMULATOR,OK,28.6679,77.4378,25.0,0.0,0.0,0.0,0.0,0.0,120,,0.0,SEC_GZB_MTC,GZB,GZB,MTC,47.0,289.0,DWELLING,,,,,-11.33,,,GREEN,LOW,False,,False,,JRN_NDLS_DDN_01_20260902_190156,0.2301,0.0,0.4541,0.4541,1.0,NONE,NONE,,112.8,693.6,07:00:30,30.0,BASELINE_HISTORICAL_CALIBRATION,332.0,57.0
OBS_000033,07:01:00,960.0,12017,ROUTE_NDLS_DDN_01,SYNTHETIC_SIMULATOR,OK,28.6679,77.4378,25.0,0.0,0.0,0.0,0.0,0.0,120,,0.0,SEC_GZB_MTC,GZB,GZB,MTC,47.0,289.0,DWELLING,,,,,-10.83,,,GREEN,LOW,False,,False,,JRN_NDLS_DDN_01_20260902_190156,0.2301,0.0,0.4541,0.4541,1.0,NONE,NONE,,112.8,693.6,07:01:00,30.0,BASELINE_HISTORICAL_CALIBRATION,331.5,56.5
OBS_000034,07:01:30,990.0,12017,ROUTE_NDLS_DDN_01,SYNTHETIC_SIMULATOR,OK,28.6679,77.4378,25.0,0.0,0.0,0.0,0.0,0.0,120,,0.0,SEC_GZB_MTC,GZB,GZB,MTC,47.0,289.0,DWELLING,,,,,-10.33,,,GREEN,LOW,False,,False,,JRN_NDLS_DDN_01_20260902_190156,0.2301,0.0,0.4541,0.4541,1.0,NONE,NONE,,112.8,693.6,07:01:30,30.0,BASELINE_HISTORICAL_CALIBRATION,331.0,56.0
OBS_000035,07:02:00,1020.0,12017,ROUTE_NDLS_DDN_01,SYNTHETIC_SIMULATOR,OK,28.6679,77.4378,25.0,0.0,0.0,0.0,0.0,0.0,120,,0.0,SEC_GZB_MTC,GZB,GZB,MTC,47.0,289.0,DWELLING,,,,,-9.83,,,GREEN,LOW,False,,False,,JRN_NDLS_DDN_01_20260902_190156,0.2301,0.0,0.4541,0.4541,1.0,NONE,NONE,,112.8,693.6,07:02:00,30.0,BASELINE_HISTORICAL_CALIBRATION,330.5,55.5
OBS_000036,07:02:30,1050.0,12017,ROUTE_NDLS_DDN_01,SYNTHETIC_SIMULATOR,OK,28.6679,77.4378,25.0,0.0,0.0,0.0,0.0,0.0,120,,0.0,SEC_GZB_MTC,GZB,GZB,MTC,47.0,289.0,DWELLING,,,,,-9.33,,,GREEN,LOW,False,,False,,JRN_NDLS_DDN_01_20260902_190156,0.2301,0.0,0.4541,0.4541,1.0,NONE,NONE,,112.8,693.6,07:02:30,30.0,BASELINE_HISTORICAL_CALIBRATION,330.0,55.0
OBS_000037,07:03:00,1080.0,12017,ROUTE_NDLS_DDN_01,SYNTHETIC_SIMULATOR,OK,28.6679,77.4378,25.0,0.0,0.0,0.0,0.0,0.0,120,,0.0,SEC_GZB_MTC,GZB,GZB,MTC,47.0,289.0,DWELLING,,,,,-8.83,,,GREEN,LOW,False,,False,,JRN_NDLS_DDN_01_20260902_190156,0.2301,0.0,0.4541,0.4541,1.0,NONE,NONE,,112.8,693.6,07:03:00,30.0,BASELINE_HISTORICAL_CALIBRATION,329.5,54.5
OBS_000038,07:03:30,1110.0,12017,ROUTE_NDLS_DDN_01,SYNTHETIC_SIMULATOR,OK,28.6679,77.4378,25.0,0.0,0.0,0.0,0.0,0.0,120,,0.0,SEC_GZB_MTC,GZB,GZB,MTC,47.0,289.0,DWELLING,,,,,-8.33,,,GREEN,LOW,False,,False,,JRN_NDLS_DDN_01_20260902_190156,0.2301,0.0,0.4541,0.4541,1.0,NONE,NONE,,112.8,693.6,07:03:30,30.0,BASELINE_HISTORICAL_CALIBRATION,329.0,54.0
OBS_000039,07:04:00,1140.0,12017,ROUTE_NDLS_DDN_01,SYNTHETIC_SIMULATOR,OK,28.6679,77.4378,25.0,0.0,0.0,0.0,0.0,0.0,120,,0.0,SEC_GZB_MTC,GZB,GZB,MTC,47.0,289.0,DWELLING,,,,,-7.83,,,GREEN,LOW,False,,False,,JRN_NDLS_DDN_01_20260902_190156,0.2301,0.0,0.4541,0.4541,1.0,NONE,NONE,,112.8,693.6,07:04:00,30.0,BASELINE_HISTORICAL_CALIBRATION,328.5,53.5
OBS_000040,07:04:30,1170.0,12017,ROUTE_NDLS_DDN_01,SYNTHETIC_SIMULATOR,OK,28.6679,77.4378,25.0,0.0,0.0,0.0,0.0,0.0,120,,0.0,SEC_GZB_MTC,GZB,GZB,MTC,47.0,289.0,DWELLING,,,,,-7.33,,,GREEN,LOW,False,,False,,JRN_NDLS_DDN_01_20260902_190156,0.2301,0.0,0.4541,0.4541,1.0,NONE,NONE,,112.8,693.6,07:04:30,30.0,BASELINE_HISTORICAL_CALIBRATION,328.0,53.0
OBS_000041,07:05:00,1200.0,12017,ROUTE_NDLS_DDN_01,SYNTHETIC_SIMULATOR,OK,28.6679,77.4378,25.0,0.0,0.0,0.0,0.0,0.0,120,,0.0,SEC_GZB_MTC,GZB,GZB,MTC,47.0,289.0,DWELLING,,,,,-6.83,,,GREEN,LOW,False,,False,,JRN_NDLS_DDN_01_20260902_190156,0.2301,0.0,0.4541,0.4541,1.0,NONE,NONE,,112.8,693.6,07:05:00,30.0,BASELINE_HISTORICAL_CALIBRATION,327.5,52.5
OBS_000042,07:05:30,1230.0,12017,ROUTE_NDLS_DDN_01,SYNTHETIC_SIMULATOR,OK,28.6679,77.4378,25.0,0.0,0.0,0.0,0.0,0.0,120,,0.0,SEC_GZB_MTC,GZB,GZB,MTC,47.0,289.0,DWELLING,,,,,-6.33,,,GREEN,LOW,False,,False,,JRN_NDLS_DDN_01_20260902_190156,0.2301,0.0,0.4541,0.4541,1.0,NONE,NONE,,112.8,693.6,07:05:30,30.0,BASELINE_HISTORICAL_CALIBRATION,327.0,52.0
OBS_000043,07:06:00,1260.0,12017,ROUTE_NDLS_DDN_01,SYNTHETIC_SIMULATOR,OK,28.6679,77.4378,25.0,0.0,0.0,0.0,0.0,0.0,120,,0.0,SEC_GZB_MTC,GZB,GZB,MTC,47.0,289.0,DWELLING,,,,,-5.83,,,GREEN,LOW,False,,False,,JRN_NDLS_DDN_01_20260902_190156,0.2301,0.0,0.4541,0.4541,1.0,NONE,NONE,,112.8,693.6,07:06:00,30.0,BASELINE_HISTORICAL_CALIBRATION,326.5,51.5
OBS_000044,07:06:30,1290.0,12017,ROUTE_NDLS_DDN_01,SYNTHETIC_SIMULATOR,OK,28.6679,77.4378,25.0,0.0,0.0,0.0,0.0,0.0,120,,0.0,SEC_GZB_MTC,GZB,GZB,MTC,47.0,289.0,DWELLING,,,,,-5.33,,,GREEN,LOW,False,,False,,JRN_NDLS_DDN_01_20260902_190156,0.2301,0.0,0.4541,0.4541,1.0,NONE,NONE,,112.8,693.6,07:06:30,30.0,BASELINE_HISTORICAL_CALIBRATION,326.0,51.0
OBS_000045,07:07:00,1320.0,12017,ROUTE_NDLS_DDN_01,SYNTHETIC_SIMULATOR,OK,28.6679,77.4378,25.0,0.0,0.0,0.0,0.0,0.0,120,,0.0,SEC_GZB_MTC,GZB,GZB,MTC,47.0,289.0,DWELLING,,,,,-4.83,,,GREEN,LOW,False,,False,,JRN_NDLS_DDN_01_20260902_190156,0.2301,0.0,0.4541,0.4541,1.0,NONE,NONE,,112.8,693.6,07:07:00,30.0,BASELINE_HISTORICAL_CALIBRATION,325.5,50.5
OBS_000046,07:07:30,1350.0,12017,ROUTE_NDLS_DDN_01,SYNTHETIC_SIMULATOR,OK,28.6679,77.4378,25.0,0.0,0.0,0.0,0.0,0.0,120,,0.0,SEC_GZB_MTC,GZB,GZB,MTC,47.0,289.0,DWELLING,,,,,-4.33,,,GREEN,LOW,False,,False,,JRN_NDLS_DDN_01_20260902_190156,0.2301,0.0,0.4541,0.4541,1.0,NONE,NONE,,112.8,693.6,07:07:30,30.0,BASELINE_HISTORICAL_CALIBRATION,325.0,50.0
OBS_000047,07:08:00,1380.0,12017,ROUTE_NDLS_DDN_01,SYNTHETIC_SIMULATOR,OK,28.6679,77.4378,25.0,0.0,0.0,0.0,0.0,0.0,120,,0.0,SEC_GZB_MTC,GZB,GZB,MTC,47.0,289.0,DWELLING,,,,,-3.83,,,GREEN,LOW,False,,False,,JRN_NDLS_DDN_01_20260902_190156,0.2301,0.0,0.4541,0.4541,1.0,NONE,NONE,,112.8,693.6,07:08:00,30.0,BASELINE_HISTORICAL_CALIBRATION,324.5,49.5
OBS_000048,07:08:30,1410.0,12017,ROUTE_NDLS_DDN_01,SYNTHETIC_SIMULATOR,OK,28.6679,77.4378,25.0,0.0,0.0,0.0,0.0,0.0,120,,0.0,SEC_GZB_MTC,GZB,GZB,MTC,47.0,289.0,DWELLING,,,,,-3.33,,,GREEN,LOW,False,,False,,JRN_NDLS_DDN_01_20260902_190156,0.2301,0.0,0.4541,0.4541,1.0,NONE,NONE,,112.8,693.6,07:08:30,30.0,BASELINE_HISTORICAL_CALIBRATION,324.0,49.0
OBS_000049,07:09:00,1440.0,12017,ROUTE_NDLS_DDN_01,SYNTHETIC_SIMULATOR,OK,28.6679,77.4378,25.0,0.0,0.0,0.0,0.0,0.0,120,,0.0,SEC_GZB_MTC,GZB,GZB,MTC,47.0,289.0,DWELLING,,,,,-2.83,,,GREEN,LOW,False,,False,,JRN_NDLS_DDN_01_20260902_190156,0.2301,0.0,0.4541,0.4541,1.0,NONE,NONE,,112.8,693.6,07:09:00,30.0,BASELINE_HISTORICAL_CALIBRATION,323.5,48.5
OBS_000050,07:09:30,1470.0,12017,ROUTE_NDLS_DDN_01,SYNTHETIC_SIMULATOR,OK,28.6679,77.4378,25.0,0.0,0.0,0.0,0.0,0.0,120,,0.0,SEC_GZB_MTC,GZB,GZB,MTC,47.0,289.0,DWELLING,,,,,-2.33,,,GREEN,LOW,False,,False,,JRN_NDLS_DDN_01_20260902_190156,0.2301,0.0,0.4541,0.4541,1.0,NONE,NONE,,112.8,693.6,07:09:30,30.0,BASELINE_HISTORICAL_CALIBRATION,323.0,48.0
OBS_000051,07:10:00,1500.0,12017,ROUTE_NDLS_DDN_01,SYNTHETIC_SIMULATOR,OK,28.6679,77.4378,25.0,0.0,0.0,0.0,0.0,0.0,120,,0.0,SEC_GZB_MTC,GZB,GZB,MTC,47.0,289.0,DWELLING,,,,,-1.83,,,GREEN,LOW,False,,False,,JRN_NDLS_DDN_01_20260902_190156,0.2301,0.0,0.4541,0.4541,1.0,NONE,NONE,,112.8,693.6,07:10:00,30.0,BASELINE_HISTORICAL_CALIBRATION,322.5,47.5
OBS_000052,07:10:30,1530.0,12017,ROUTE_NDLS_DDN_01,SYNTHETIC_SIMULATOR,OK,28.6679,77.4378,25.0,0.0,0.0,0.0,0.0,0.0,120,,0.0,SEC_GZB_MTC,GZB,GZB,MTC,47.0,289.0,DWELLING,,,,,-1.33,,,GREEN,LOW,False,,False,,JRN_NDLS_DDN_01_20260902_190156,0.2301,0.0,0.4541,0.4541,1.0,NONE,NONE,,112.8,693.6,07:10:30,30.0,BASELINE_HISTORICAL_CALIBRATION,322.0,47.0
OBS_000053,07:11:00,1560.0,12017,ROUTE_NDLS_DDN_01,SYNTHETIC_SIMULATOR,OK,28.6679,77.4378,25.0,0.0,0.0,0.0,0.0,0.0,120,,0.0,SEC_GZB_MTC,GZB,GZB,MTC,47.0,289.0,DWELLING,,,,,-0.83,,,GREEN,LOW,False,,False,,JRN_NDLS_DDN_01_20260902_190156,0.2301,0.0,0.4541,0.4541,1.0,NONE,NONE,,112.8,693.6,07:11:00,30.0,BASELINE_HISTORICAL_CALIBRATION,321.5,46.5
OBS_000054,07:11:30,1590.0,12017,ROUTE_NDLS_DDN_01,SYNTHETIC_SIMULATOR,OK,28.6679,77.4378,25.0,0.0,0.0,0.0,0.0,0.0,120,,0.0,SEC_GZB_MTC,GZB,GZB,MTC,47.0,289.0,DWELLING,,,,,-0.33,,,GREEN,LOW,False,,False,,JRN_NDLS_DDN_01_20260902_190156,0.2301,0.0,0.4541,0.4541,1.0,NONE,NONE,,112.8,693.6,07:11:30,30.0,BASELINE_HISTORICAL_CALIBRATION,321.0,46.0
OBS_000055,07:12:00,1620.0,12017,ROUTE_NDLS_DDN_01,SYNTHETIC_SIMULATOR,OK,28.6679,77.4378,25.0,0.0,0.0,0.0,0.0,0.0,120,,0.0,SEC_GZB_MTC,GZB,GZB,MTC,47.0,289.0,DWELLING,,,,,0.17,,,GREEN,LOW,False,,False,,JRN_NDLS_DDN_01_20260902_190156,0.2301,0.0,0.4541,0.4541,1.0,NONE,NONE,,112.8,693.6,07:12:00,30.0,BASELINE_HISTORICAL_CALIBRATION,320.5,45.5
OBS_000056,07:12:30,1650.0,12017,ROUTE_NDLS_DDN_01,SYNTHETIC_SIMULATOR,OK,28.6679,77.4378,25.0,0.0,0.0,0.0,0.0,0.0,120,,0.0,SEC_GZB_MTC,GZB,GZB,MTC,47.0,289.0,DWELLING,,,,,0.67,,,GREEN,LOW,False,,False,,JRN_NDLS_DDN_01_20260902_190156,0.2301,0.0,0.4541,0.4541,1.0,NONE,NONE,,112.8,693.6,07:12:30,30.0,BASELINE_HISTORICAL_CALIBRATION,320.0,45.0
OBS_000057,07:13:00,1680.0,12017,ROUTE_NDLS_DDN_01,SYNTHETIC_SIMULATOR,OK,28.6679,77.4378,25.0,0.0,0.0,0.0,0.0,0.0,120,,0.0,SEC_GZB_MTC,GZB,GZB,MTC,47.0,289.0,DWELLING,,,,,1.17,,,GREEN,LOW,False,,False,,JRN_NDLS_DDN_01_20260902_190156,0.2301,0.0,0.4541,0.4541,1.0,NONE,NONE,,112.8,693.6,07:13:00,30.0,BASELINE_HISTORICAL_CALIBRATION,319.5,44.5
OBS_000058,07:13:30,1710.0,12017,ROUTE_NDLS_DDN_01,SYNTHETIC_SIMULATOR,OK,28.6679,77.4378,25.0,0.0,0.0,0.0,0.0,0.0,120,,0.0,SEC_GZB_MTC,GZB,GZB,MTC,47.0,289.0,DWELLING,,,,,1.67,,,GREEN,LOW,False,,False,,JRN_NDLS_DDN_01_20260902_190156,0.2301,0.0,0.4541,0.4541,1.0,NONE,NONE,,112.8,693.6,07:13:30,30.0,BASELINE_HISTORICAL_CALIBRATION,319.0,44.0
OBS_000059,07:14:00,1740.0,12017,ROUTE_NDLS_DDN_01,SYNTHETIC_SIMULATOR,OK,28.6679,77.4378,25.0,0.0,0.0,0.0,0.0,0.0,120,,0.0,SEC_GZB_MTC,GZB,GZB,MTC,47.0,289.0,DWELLING,,,,,2.17,,,GREEN,LOW,False,,False,,JRN_NDLS_DDN_01_20260902_190156,0.2301,0.0,0.4541,0.4541,1.0,NONE,NONE,,112.8,693.6,07:14:00,30.0,BASELINE_HISTORICAL_CALIBRATION,318.5,43.5
OBS_000060,07:14:30,1770.0,12017,ROUTE_NDLS_DDN_01,SYNTHETIC_SIMULATOR,OK,28.6679,77.4378,25.0,0.0,0.0,0.0,0.0,0.0,120,,0.0,SEC_GZB_MTC,GZB,GZB,MTC,47.0,289.0,DWELLING,,,,,2.67,,,GREEN,LOW,False,,False,,JRN_NDLS_DDN_01_20260902_190156,0.2301,0.0,0.4541,0.4541,1.0,NONE,NONE,,112.8,693.6,07:14:30,30.0,BASELINE_HISTORICAL_CALIBRATION,318.0,43.0
OBS_000061,07:15:00,1800.0,12017,ROUTE_NDLS_DDN_01,SYNTHETIC_SIMULATOR,OK,28.6679,77.4378,25.621,47.5,13.19,47.5,0.5,145.1,120,,854.95,SEC_GZB_MTC,GZB,GZB,MTC,46.379,288.379,ACCELERATING,DEPARTED,,07:15:00,2,3.17,,,GREEN,LOW,False,,False,EVT_001,JRN_NDLS_DDN_01_20260902_190156,0.2301,0.0,0.4541,0.4541,1.0,NONE,NONE,,58.6,364.3,07:15:00,30.0,BASELINE_HISTORICAL_CALIBRATION,317.5,42.5
OBS_000062,07:15:30,1830.0,12017,ROUTE_NDLS_DDN_01,SYNTHETIC_SIMULATOR,OK,28.674651,77.443485,26.017,47.5,13.19,47.5,0.0,145.1,120,,849.29,SEC_GZB_MTC,,GZB,MTC,45.983,287.983,CRUISING,,,,,3.0,,,GREEN,LOW,False,,False,EVT_001,JRN_NDLS_DDN_01_20260902_190156,0.2301,0.0,0.4541,0.4541,1.0,NONE,NONE,,58.1,363.8,07:15:30,30.0,BASELINE_HISTORICAL_CALIBRATION,317.0,42.0
OBS_000063,07:16:00,1860.0,12017,ROUTE_NDLS_DDN_01,SYNTHETIC_SIMULATOR,OK,28.67728,77.445698,26.412,47.5,13.19,47.5,0.0,145.1,120,,845.66,SEC_GZB_MTC,,GZB,MTC,45.588,287.587,CRUISING,,,,,3.08,,,GREEN,LOW,False,,False,EVT_001,JRN_NDLS_DDN_01_20260902_190156,0.2301,0.0,0.4541,0.4541,1.0,NONE,NONE,,57.6,363.3,07:16:00,30.0,BASELINE_HISTORICAL_CALIBRATION,316.5,41.5
OBS_000064,07:16:30,1890.0,12017,ROUTE_NDLS_DDN_01,SYNTHETIC_SIMULATOR,OK,28.679908,77.447911,26.808,47.5,13.19,47.5,0.0,145.1,120,,842.01,SEC_GZB_MTC,,GZB,MTC,45.192,287.192,CRUISING,,,,,3.15,,,GREEN,LOW,False,,False,EVT_001,JRN_NDLS_DDN_01_20260902_190156,0.2301,0.0,0.4541,0.4541,1.0,NONE,NONE,,57.1,362.8,07:16:30,30.0,BASELINE_HISTORICAL_CALIBRATION,316.0,41.0
OBS_000065,07:17:00,1920.0,12017,ROUTE_NDLS_DDN_01,SYNTHETIC_SIMULATOR,OK,28.682537,77.450125,27.204,47.5,13.19,47.5,0.0,145.1,120,,838.34,SEC_GZB_MTC,,GZB,MTC,44.796,286.796,CRUISING,,,,,3.23,,,GREEN,LOW,False,,False,EVT_001,JRN_NDLS_DDN_01_20260902_190156,0.2301,0.0,0.4541,0.4541,1.0,NONE,NONE,,56.6,362.3,07:17:00,30.0,BASELINE_HISTORICAL_CALIBRATION,315.5,40.5
OBS_000066,07:17:30,1950.0,12017,ROUTE_NDLS_DDN_01,SYNTHETIC_SIMULATOR,OK,28.685165,77.452338,27.6,47.5,13.19,47.5,0.0,145.1,120,,834.66,SEC_GZB_MTC,,GZB,MTC,44.4,286.4,CRUISING,,,,,3.3,,,GREEN,LOW,False,,False,EVT_001,JRN_NDLS_DDN_01_20260902_190156,0.2301,0.0,0.4541,0.4541,1.0,NONE,NONE,,56.1,361.8,07:17:30,30.0,BASELINE_HISTORICAL_CALIBRATION,315.0,40.0
OBS_000067,07:18:00,1980.0,12017,ROUTE_NDLS_DDN_01,SYNTHETIC_SIMULATOR,OK,28.687794,77.454551,27.996,47.5,13.19,47.5,0.0,145.1,120,,830.97,SEC_GZB_MTC,,GZB,MTC,44.004,286.004,CRUISING,,,,,3.38,,,GREEN,LOW,False,,False,EVT_001,JRN_NDLS_DDN_01_20260902_190156,0.2301,0.0,0.4541,0.4541,1.0,NONE,NONE,,55.6,361.3,07:18:00,30.0,BASELINE_HISTORICAL_CALIBRATION,314.5,39.5
OBS_000068,07:18:30,2010.0,12017,ROUTE_NDLS_DDN_01,SYNTHETIC_SIMULATOR,OK,28.690422,77.456764,28.392,47.5,13.19,47.5,0.0,145.1,120,,827.26,SEC_GZB_MTC,,GZB,MTC,43.608,285.608,CRUISING,,,,,3.45,,,GREEN,LOW,False,,False,EVT_001,JRN_NDLS_DDN_01_20260902_190156,0.2301,0.0,0.4541,0.4541,1.0,NONE,NONE,,55.1,360.8,07:18:30,30.0,BASELINE_HISTORICAL_CALIBRATION,314.0,39.0
OBS_000069,07:19:00,2040.0,12017,ROUTE_NDLS_DDN_01,SYNTHETIC_SIMULATOR,OK,28.693051,77.458978,28.787,47.5,13.19,47.5,0.0,145.1,120,,823.53,SEC_GZB_MTC,,GZB,MTC,43.213,285.213,CRUISING,,,,,3.53,,,GREEN,LOW,False,,False,EVT_001,JRN_NDLS_DDN_01_20260902_190156,0.2301,0.0,0.4541,0.4541,1.0,NONE,NONE,,54.6,360.3,07:19:00,30.0,BASELINE_HISTORICAL_CALIBRATION,313.5,38.5
OBS_000070,07:19:30,2070.0,12017,ROUTE_NDLS_DDN_01,SYNTHETIC_SIMULATOR,OK,28.695679,77.461191,29.183,47.5,13.19,47.5,0.0,145.1,120,,819.78,SEC_GZB_MTC,,GZB,MTC,42.817,284.817,CRUISING,,,,,3.6,,,GREEN,LOW,False,,False,EVT_001,JRN_NDLS_DDN_01_20260902_190156,0.2301,0.0,0.4541,0.4541,1.0,NONE,NONE,,54.1,359.8,07:19:30,30.0,BASELINE_HISTORICAL_CALIBRATION,313.0,38.0
OBS_000071,07:20:00,2100.0,12017,ROUTE_NDLS_DDN_01,SYNTHETIC_SIMULATOR,OK,28.698308,77.463404,29.579,47.5,13.19,47.5,0.0,145.1,120,,816.02,SEC_GZB_MTC,,GZB,MTC,42.421,284.421,CRUISING,,,,,3.68,,,GREEN,LOW,False,,False,EVT_001,JRN_NDLS_DDN_01_20260902_190156,0.2301,0.0,0.4541,0.4541,1.0,NONE,NONE,,53.6,359.3,07:20:00,30.0,BASELINE_HISTORICAL_CALIBRATION,312.5,37.5
OBS_000072,07:20:30,2130.0,12017,ROUTE_NDLS_DDN_01,SYNTHETIC_SIMULATOR,OK,28.700936,77.465618,29.975,47.5,13.19,47.5,0.0,145.1,120,,812.24,SEC_GZB_MTC,,GZB,MTC,42.025,284.025,CRUISING,,,,,3.75,,,GREEN,LOW,False,,False,EVT_001,JRN_NDLS_DDN_01_20260902_190156,0.2301,0.0,0.4541,0.4541,1.0,NONE,NONE,,53.1,358.8,07:20:30,30.0,BASELINE_HISTORICAL_CALIBRATION,312.0,37.0
OBS_000073,07:21:00,2160.0,12017,ROUTE_NDLS_DDN_01,SYNTHETIC_SIMULATOR,OK,28.703565,77.467831,30.371,47.5,13.19,47.5,0.0,145.1,120,,808.44,SEC_GZB_MTC,,GZB,MTC,41.629,283.629,CRUISING,,,,,3.83,,,GREEN,LOW,False,,False,EVT_001,JRN_NDLS_DDN_01_20260902_190156,0.2301,0.0,0.4541,0.4541,1.0,NONE,NONE,,52.6,358.3,07:21:00,30.0,BASELINE_HISTORICAL_CALIBRATION,311.5,36.5
OBS_000074,07:21:30,2190.0,12017,ROUTE_NDLS_DDN_01,SYNTHETIC_SIMULATOR,OK,28.706193,77.470044,30.767,47.5,13.19,47.5,0.0,145.1,120,,804.62,SEC_GZB_MTC,,GZB,MTC,41.233,283.233,CRUISING,,,,,3.9,,,GREEN,LOW,False,,False,EVT_001,JRN_NDLS_DDN_01_20260902_190156,0.2301,0.0,0.4541,0.4541,1.0,NONE,NONE,,52.1,357.8,07:21:30,30.0,BASELINE_HISTORICAL_CALIBRATION,311.0,36.0
OBS_000075,07:22:00,2220.0,12017,ROUTE_NDLS_DDN_01,SYNTHETIC_SIMULATOR,OK,28.708822,77.472258,31.162,47.5,13.19,47.5,0.0,145.1,120,,800.79,SEC_GZB_MTC,,GZB,MTC,40.838,282.838,CRUISING,,,,,3.98,,,GREEN,LOW,False,,False,EVT_001,JRN_NDLS_DDN_01_20260902_190156,0.2301,0.0,0.4541,0.4541,1.0,NONE,NONE,,51.6,357.3,07:22:00,30.0,BASELINE_HISTORICAL_CALIBRATION,310.5,35.5
OBS_000076,07:22:30,2250.0,12017,ROUTE_NDLS_DDN_01,SYNTHETIC_SIMULATOR,OK,28.71145,77.474471,31.558,47.5,13.19,47.5,0.0,145.1,120,,796.93,SEC_GZB_MTC,,GZB,MTC,40.442,282.442,CRUISING,,,,,4.05,,,GREEN,LOW,False,,False,EVT_001,JRN_NDLS_DDN_01_20260902_190156,0.2301,0.0,0.4541,0.4541,1.0,NONE,NONE,,51.1,356.8,07:22:30,30.0,BASELINE_HISTORICAL_CALIBRATION,310.0,35.0
OBS_000077,07:23:00,2280.0,12017,ROUTE_NDLS_DDN_01,SYNTHETIC_SIMULATOR,OK,28.714079,77.476684,31.954,47.5,13.19,47.5,0.0,145.1,120,,793.06,SEC_GZB_MTC,,GZB,MTC,40.046,282.046,CRUISING,,,,,4.13,,,GREEN,LOW,False,,False,EVT_001,JRN_NDLS_DDN_01_20260902_190156,0.2301,0.0,0.4541,0.4541,1.0,NONE,NONE,,50.6,356.3,07:23:00,30.0,BASELINE_HISTORICAL_CALIBRATION,309.5,34.5
OBS_000078,07:23:30,2310.0,12017,ROUTE_NDLS_DDN_01,SYNTHETIC_SIMULATOR,OK,28.716707,77.478897,32.35,47.5,13.19,47.5,0.0,145.1,120,,789.17,SEC_GZB_MTC,,GZB,MTC,39.65,281.65,CRUISING,,,,,4.21,,,GREEN,LOW,False,,False,EVT_001,JRN_NDLS_DDN_01_20260902_190156,0.2301,0.0,0.4541,0.4541,1.0,NONE,NONE,,50.1,355.8,07:23:30,30.0,BASELINE_HISTORICAL_CALIBRATION,309.0,34.0
OBS_000079,07:24:00,2340.0,12017,ROUTE_NDLS_DDN_01,SYNTHETIC_SIMULATOR,OK,28.719336,77.481111,32.746,47.5,13.19,47.5,0.0,145.1,120,,785.26,SEC_GZB_MTC,,GZB,MTC,39.254,281.254,CRUISING,,,,,4.28,,,GREEN,LOW,False,,False,EVT_001,JRN_NDLS_DDN_01_20260902_190156,0.2301,0.0,0.4541,0.4541,1.0,NONE,NONE,,49.6,355.3,07:24:00,30.0,BASELINE_HISTORICAL_CALIBRATION,308.5,33.5
OBS_000080,07:24:30,2370.0,12017,ROUTE_NDLS_DDN_01,SYNTHETIC_SIMULATOR,OK,28.721964,77.483324,33.142,47.5,13.19,47.5,0.0,145.1,120,,781.33,SEC_GZB_MTC,,GZB,MTC,38.858,280.858,CRUISING,,,,,4.36,,,GREEN,LOW,False,,False,EVT_001,JRN_NDLS_DDN_01_20260902_190156,0.2301,0.0,0.4541,0.4541,1.0,NONE,NONE,,49.1,354.8,07:24:30,30.0,BASELINE_HISTORICAL_CALIBRATION,308.0,33.0
OBS_000081,07:25:00,2400.0,12017,ROUTE_NDLS_DDN_01,SYNTHETIC_SIMULATOR,OK,28.724593,77.485537,33.537,47.5,13.19,47.5,0.0,145.1,120,,777.38,SEC_GZB_MTC,,GZB,MTC,38.463,280.463,CRUISING,,,,,4.43,,,GREEN,LOW,False,,False,EVT_001,JRN_NDLS_DDN_01_20260902_190156,0.2301,0.0,0.4541,0.4541,1.0,NONE,NONE,,48.6,354.3,07:25:00,30.0,BASELINE_HISTORICAL_CALIBRATION,307.5,32.5
OBS_000082,07:25:30,2430.0,12017,ROUTE_NDLS_DDN_01,SYNTHETIC_SIMULATOR,OK,28.727221,77.487751,33.933,47.5,13.19,47.5,0.0,145.1,120,,773.41,SEC_GZB_MTC,,GZB,MTC,38.067,280.067,CRUISING,,,,,4.51,,,GREEN,LOW,False,,False,EVT_001,JRN_NDLS_DDN_01_20260902_190156,0.2301,0.0,0.4541,0.4541,1.0,NONE,NONE,,48.1,353.8,07:25:30,30.0,BASELINE_HISTORICAL_CALIBRATION,307.0,32.0
OBS_000083,07:26:00,2460.0,12017,ROUTE_NDLS_DDN_01,SYNTHETIC_SIMULATOR,OK,28.72985,77.489964,34.329,47.5,13.19,47.5,0.0,145.1,120,,769.42,SEC_GZB_MTC,,GZB,MTC,37.671,279.671,CRUISING,,,,,4.58,,,GREEN,LOW,False,,False,EVT_001,JRN_NDLS_DDN_01_20260902_190156,0.2301,0.0,0.4541,0.4541,1.0,NONE,NONE,,47.6,353.3,07:26:00,30.0,BASELINE_HISTORICAL_CALIBRATION,306.5,31.5
OBS_000084,07:26:30,2490.0,12017,ROUTE_NDLS_DDN_01,SYNTHETIC_SIMULATOR,OK,28.732478,77.492177,34.725,47.5,13.19,47.5,0.0,145.1,120,,765.41,SEC_GZB_MTC,,GZB,MTC,37.275,279.275,CRUISING,,,,,4.66,,,GREEN,LOW,False,,False,EVT_001,JRN_NDLS_DDN_01_20260902_190156,0.2301,0.0,0.4541,0.4541,1.0,NONE,NONE,,47.1,352.8,07:26:30,30.0,BASELINE_HISTORICAL_CALIBRATION,306.0,31.0
OBS_000085,07:27:00,2520.0,12017,ROUTE_NDLS_DDN_01,SYNTHETIC_SIMULATOR,OK,28.735107,77.494391,35.121,47.5,13.19,47.5,0.0,145.1,120,,761.38,SEC_GZB_MTC,,GZB,MTC,36.879,278.879,CRUISING,,,,,4.73,,,GREEN,LOW,False,,False,EVT_001,JRN_NDLS_DDN_01_20260902_190156,0.2301,0.0,0.4541,0.4541,1.0,NONE,NONE,,46.6,352.3,07:27:00,30.0,BASELINE_HISTORICAL_CALIBRATION,305.5,30.5
OBS_000086,07:27:30,2550.0,12017,ROUTE_NDLS_DDN_01,SYNTHETIC_SIMULATOR,OK,28.737735,77.496604,35.517,47.5,13.19,47.5,0.0,145.1,120,,757.33,SEC_GZB_MTC,,GZB,MTC,36.483,278.483,CRUISING,,,,,4.81,,,GREEN,LOW,False,,False,EVT_001,JRN_NDLS_DDN_01_20260902_190156,0.2301,0.0,0.4541,0.4541,1.0,NONE,NONE,,46.1,351.8,07:27:30,30.0,BASELINE_HISTORICAL_CALIBRATION,305.0,30.0
OBS_000087,07:28:00,2580.0,12017,ROUTE_NDLS_DDN_01,SYNTHETIC_SIMULATOR,OK,28.740364,77.498817,35.912,47.5,13.19,47.5,0.0,145.1,120,,753.25,SEC_GZB_MTC,,GZB,MTC,36.088,278.087,CRUISING,,,,,4.88,,,GREEN,LOW,False,,False,EVT_001,JRN_NDLS_DDN_01_20260902_190156,0.2301,0.0,0.4541,0.4541,1.0,NONE,NONE,,45.6,351.3,07:28:00,30.0,BASELINE_HISTORICAL_CALIBRATION,304.5,29.5
OBS_000088,07:28:30,2610.0,12017,ROUTE_NDLS_DDN_01,SYNTHETIC_SIMULATOR,OK,28.742992,77.50103,36.308,47.5,13.19,47.5,0.0,145.1,120,,749.15,SEC_GZB_MTC,,GZB,MTC,35.692,277.692,CRUISING,,,,,4.96,,,GREEN,LOW,False,,False,EVT_001,JRN_NDLS_DDN_01_20260902_190156,0.2301,0.0,0.4541,0.4541,1.0,NONE,NONE,,45.1,350.8,07:28:30,30.0,BASELINE_HISTORICAL_CALIBRATION,304.0,29.0
OBS_000089,07:29:00,2640.0,12017,ROUTE_NDLS_DDN_01,SYNTHETIC_SIMULATOR,OK,28.745621,77.503244,36.704,47.5,13.19,47.5,0.0,145.1,120,,745.03,SEC_GZB_MTC,,GZB,MTC,35.296,277.296,CRUISING,,,,,5.03,,,GREEN,LOW,False,,False,EVT_001,JRN_NDLS_DDN_01_20260902_190156,0.2301,0.0,0.4541,0.4541,1.0,NONE,NONE,,44.6,350.3,07:29:00,30.0,BASELINE_HISTORICAL_CALIBRATION,303.5,28.5
OBS_000090,07:29:30,2670.0,12017,ROUTE_NDLS_DDN_01,SYNTHETIC_SIMULATOR,OK,28.748249,77.505457,37.1,47.5,13.19,47.5,0.0,145.1,120,,740.89,SEC_GZB_MTC,,GZB,MTC,34.9,276.9,CRUISING,,,,,5.11,,,GREEN,LOW,False,,False,EVT_001,JRN_NDLS_DDN_01_20260902_190156,0.2301,0.0,0.4541,0.4541,1.0,NONE,NONE,,44.1,349.8,07:29:30,30.0,BASELINE_HISTORICAL_CALIBRATION,303.0,28.0
OBS_000091,07:30:00,2700.0,12017,ROUTE_NDLS_DDN_01,SYNTHETIC_SIMULATOR,OK,28.750878,77.50767,37.496,47.5,13.19,47.5,0.0,145.1,120,,736.73,SEC_GZB_MTC,,GZB,MTC,34.504,276.504,CRUISING,,,,,5.18,,,GREEN,LOW,False,,False,EVT_001,JRN_NDLS_DDN_01_20260902_190156,0.2301,0.0,0.4541,0.4541,1.0,NONE,NONE,,43.6,349.3,07:30:00,30.0,BASELINE_HISTORICAL_CALIBRATION,302.5,27.5
OBS_000092,07:30:30,2730.0,12017,ROUTE_NDLS_DDN_01,SYNTHETIC_SIMULATOR,OK,28.753506,77.509884,37.892,47.5,13.19,47.5,0.0,145.1,120,,732.54,SEC_GZB_MTC,,GZB,MTC,34.108,276.108,CRUISING,,,,,5.26,,,GREEN,LOW,False,,False,EVT_001,JRN_NDLS_DDN_01_20260902_190156,0.2301,0.0,0.4541,0.4541,1.0,NONE,NONE,,43.1,348.8,07:30:30,30.0,BASELINE_HISTORICAL_CALIBRATION,302.0,27.0
OBS_000093,07:31:00,2760.0,12017,ROUTE_NDLS_DDN_01,SYNTHETIC_SIMULATOR,OK,28.756135,77.512097,38.288,47.5,13.19,47.5,0.0,145.1,120,,728.32,SEC_GZB_MTC,,GZB,MTC,33.712,275.712,CRUISING,,,,,5.33,,,GREEN,LOW,False,,False,EVT_001,JRN_NDLS_DDN_01_20260902_190156,0.2301,0.0,0.4541,0.4541,1.0,NONE,NONE,,42.6,348.3,07:31:00,30.0,BASELINE_HISTORICAL_CALIBRATION,301.5,26.5
OBS_000094,07:31:30,2790.0,12017,ROUTE_NDLS_DDN_01,SYNTHETIC_SIMULATOR,OK,28.758763,77.51431,38.683,47.5,13.19,47.5,0.0,145.1,120,,724.08,SEC_GZB_MTC,,GZB,MTC,33.317,275.317,CRUISING,,,,,5.41,,,GREEN,LOW,False,,False,EVT_001,JRN_NDLS_DDN_01_20260902_190156,0.2301,0.0,0.4541,0.4541,1.0,NONE,NONE,,42.1,347.8,07:31:30,30.0,BASELINE_HISTORICAL_CALIBRATION,301.0,26.0
OBS_000095,07:32:00,2820.0,12017,ROUTE_NDLS_DDN_01,SYNTHETIC_SIMULATOR,OK,28.761392,77.516524,39.079,47.5,13.19,47.5,0.0,145.1,120,,719.82,SEC_GZB_MTC,,GZB,MTC,32.921,274.921,CRUISING,,,,,5.48,,,GREEN,LOW,False,,False,EVT_001,JRN_NDLS_DDN_01_20260902_190156,0.2301,0.0,0.4541,0.4541,1.0,NONE,NONE,,41.6,347.3,07:32:00,30.0,BASELINE_HISTORICAL_CALIBRATION,300.5,25.5
OBS_000096,07:32:30,2850.0,12017,ROUTE_NDLS_DDN_01,SYNTHETIC_SIMULATOR,OK,28.76402,77.518737,39.475,47.5,13.19,47.5,0.0,145.1,120,,715.53,SEC_GZB_MTC,,GZB,MTC,32.525,274.525,CRUISING,,,,,5.56,,,GREEN,LOW,False,,False,EVT_001,JRN_NDLS_DDN_01_20260902_190156,0.2301,0.0,0.4541,0.4541,1.0,NONE,NONE,,41.1,346.8,07:32:30,30.0,BASELINE_HISTORICAL_CALIBRATION,300.0,25.0
OBS_000097,07:33:00,2880.0,12017,ROUTE_NDLS_DDN_01,SYNTHETIC_SIMULATOR,OK,28.766649,77.52095,39.871,47.5,13.19,47.5,0.0,145.1,120,,711.22,SEC_GZB_MTC,,GZB,MTC,32.129,274.129,CRUISING,,,,,5.63,,,GREEN,LOW,False,,False,EVT_001,JRN_NDLS_DDN_01_20260902_190156,0.2301,0.0,0.4541,0.4541,1.0,NONE,NONE,,40.6,346.3,07:33:00,30.0,BASELINE_HISTORICAL_CALIBRATION,299.5,24.5
OBS_000098,07:33:30,2910.0,12017,ROUTE_NDLS_DDN_01,SYNTHETIC_SIMULATOR,OK,28.769277,77.523163,40.267,47.5,13.19,47.5,0.0,145.1,120,,706.88,SEC_GZB_MTC,,GZB,MTC,31.733,273.733,CRUISING,,,,,5.71,,,GREEN,LOW,False,,False,EVT_001,JRN_NDLS_DDN_01_20260902_190156,0.2301,0.0,0.4541,0.4541,1.0,NONE,NONE,,40.1,345.8,07:33:30,30.0,BASELINE_HISTORICAL_CALIBRATION,299.0,24.0
OBS_000099,07:34:00,2940.0,12017,ROUTE_NDLS_DDN_01,SYNTHETIC_SIMULATOR,OK,28.771906,77.525377,40.663,47.5,13.19,47.5,0.0,145.1,120,,702.51,SEC_GZB_MTC,,GZB,MTC,31.337,273.337,CRUISING,,,,,5.78,,,GREEN,LOW,False,,False,EVT_001,JRN_NDLS_DDN_01_20260902_190156,0.2301,0.0,0.4541,0.4541,1.0,NONE,NONE,,39.6,345.3,07:34:00,30.0,BASELINE_HISTORICAL_CALIBRATION,298.5,23.5
OBS_000100,07:34:30,2970.0,12017,ROUTE_NDLS_DDN_01,SYNTHETIC_SIMULATOR,OK,28.774534,77.52759,41.058,47.5,13.19,47.5,0.0,145.1,120,,698.11,SEC_GZB_MTC,,GZB,MTC,30.942,272.942,CRUISING,,,,,5.86,,,GREEN,LOW,False,,False,EVT_001,JRN_NDLS_DDN_01_20260902_190156,0.2301,0.0,0.4541,0.4541,1.0,NONE,NONE,,39.1,344.8,07:34:30,30.0,BASELINE_HISTORICAL_CALIBRATION,298.0,23.0
OBS_000101,07:35:00,3000.0,12017,ROUTE_NDLS_DDN_01,SYNTHETIC_SIMULATOR,OK,28.777163,77.529803,41.454,47.5,13.19,47.5,0.0,145.1,120,,693.69,SEC_GZB_MTC,,GZB,MTC,30.546,272.546,CRUISING,,,,,5.93,,,GREEN,LOW,False,,False,EVT_001,JRN_NDLS_DDN_01_20260902_190156,0.2301,0.0,0.4541,0.4541,1.0,NONE,NONE,,38.6,344.3,07:35:00,30.0,BASELINE_HISTORICAL_CALIBRATION,297.5,22.5
OBS_000102,07:35:30,3030.0,12017,ROUTE_NDLS_DDN_01,SYNTHETIC_SIMULATOR,OK,28.779791,77.532017,41.85,47.5,13.19,47.5,0.0,145.1,120,,689.24,SEC_GZB_MTC,,GZB,MTC,30.15,272.15,CRUISING,,,,,6.01,,,GREEN,LOW,False,,False,EVT_001,JRN_NDLS_DDN_01_20260902_190156,0.2301,0.0,0.4541,0.4541,1.0,NONE,NONE,,38.1,343.8,07:35:30,30.0,BASELINE_HISTORICAL_CALIBRATION,297.0,22.0
OBS_000103,07:36:00,3060.0,12017,ROUTE_NDLS_DDN_01,SYNTHETIC_SIMULATOR,OK,28.78242,77.53423,42.246,47.5,13.19,47.5,0.0,145.1,120,,684.76,SEC_GZB_MTC,,GZB,MTC,29.754,271.754,CRUISING,,,,,6.08,,,GREEN,LOW,False,,False,EVT_001,JRN_NDLS_DDN_01_20260902_190156,0.2301,0.0,0.4541,0.4541,1.0,NONE,NONE,,37.6,343.3,07:36:00,30.0,BASELINE_HISTORICAL_CALIBRATION,296.5,21.5
OBS_000104,07:36:30,3090.0,12017,ROUTE_NDLS_DDN_01,SYNTHETIC_SIMULATOR,OK,28.785048,77.536443,42.642,47.5,13.19,47.5,0.0,145.1,120,,680.25,SEC_GZB_MTC,,GZB,MTC,29.358,271.358,CRUISING,,,,,6.16,,,GREEN,LOW,False,,False,EVT_001,JRN_NDLS_DDN_01_20260902_190156,0.2301,0.0,0.4541,0.4541,1.0,NONE,NONE,,37.1,342.8,07:36:30,30.0,BASELINE_HISTORICAL_CALIBRATION,296.0,21.0
OBS_000105,07:37:00,3120.0,12017,ROUTE_NDLS_DDN_01,SYNTHETIC_SIMULATOR,OK,28.787677,77.538656,43.038,47.5,13.19,47.5,0.0,145.1,120,,675.71,SEC_GZB_MTC,,GZB,MTC,28.962,270.962,CRUISING,,,,,6.23,,,GREEN,LOW,False,,False,EVT_001,JRN_NDLS_DDN_01_20260902_190156,0.2301,0.0,0.4541,0.4541,1.0,NONE,NONE,,36.6,342.3,07:37:00,30.0,BASELINE_HISTORICAL_CALIBRATION,295.5,20.5
OBS_000106,07:37:30,3150.0,12017,ROUTE_NDLS_DDN_01,SYNTHETIC_SIMULATOR,OK,28.790305,77.54087,43.433,47.5,13.19,47.5,0.0,145.1,120,,671.14,SEC_GZB_MTC,,GZB,MTC,28.567,270.567,CRUISING,,,,,6.31,,,GREEN,LOW,False,,False,EVT_001,JRN_NDLS_DDN_01_20260902_190156,0.2301,0.0,0.4541,0.4541,1.0,NONE,NONE,,36.1,341.8,07:37:30,30.0,BASELINE_HISTORICAL_CALIBRATION,295.0,20.0
OBS_000107,07:38:00,3180.0,12017,ROUTE_NDLS_DDN_01,SYNTHETIC_SIMULATOR,OK,28.792934,77.543083,43.829,47.5,13.19,47.5,0.0,145.1,120,,666.53,SEC_GZB_MTC,,GZB,MTC,28.171,270.171,CRUISING,,,,,6.39,,,GREEN,LOW,False,,False,EVT_001,JRN_NDLS_DDN_01_20260902_190156,0.2301,0.0,0.4541,0.4541,1.0,NONE,NONE,,35.6,341.3,07:38:00,30.0,BASELINE_HISTORICAL_CALIBRATION,294.5,19.5
OBS_000108,07:38:30,3210.0,12017,ROUTE_NDLS_DDN_01,SYNTHETIC_SIMULATOR,OK,28.795562,77.545296,44.225,47.5,13.19,47.5,0.0,145.1,120,,661.9,SEC_GZB_MTC,,GZB,MTC,27.775,269.775,CRUISING,,,,,6.46,,,GREEN,LOW,False,,False,EVT_001,JRN_NDLS_DDN_01_20260902_190156,0.2301,0.0,0.4541,0.4541,1.0,NONE,NONE,,35.1,340.8,07:38:30,30.0,BASELINE_HISTORICAL_CALIBRATION,294.0,19.0
OBS_000109,07:39:00,3240.0,12017,ROUTE_NDLS_DDN_01,SYNTHETIC_SIMULATOR,OK,28.798191,77.54751,44.621,47.5,13.19,47.5,0.0,145.1,120,,657.23,SEC_GZB_MTC,,GZB,MTC,27.379,269.379,CRUISING,,,,,6.54,,,GREEN,LOW,False,,False,EVT_001,JRN_NDLS_DDN_01_20260902_190156,0.2301,0.0,0.4541,0.4541,1.0,NONE,NONE,,34.6,340.3,07:39:00,30.0,BASELINE_HISTORICAL_CALIBRATION,293.5,18.5
OBS_000110,07:39:30,3270.0,12017,ROUTE_NDLS_DDN_01,SYNTHETIC_SIMULATOR,OK,28.800819,77.549723,45.017,47.5,13.19,47.5,0.0,145.1,120,,652.53,SEC_GZB_MTC,,GZB,MTC,26.983,268.983,CRUISING,,,,,6.61,,,GREEN,LOW,False,,False,EVT_001,JRN_NDLS_DDN_01_20260902_190156,0.2301,0.0,0.4541,0.4541,1.0,NONE,NONE,,34.1,339.8,07:39:30,30.0,BASELINE_HISTORICAL_CALIBRATION,293.0,18.0
OBS_000111,07:40:00,3300.0,12017,ROUTE_NDLS_DDN_01,SYNTHETIC_SIMULATOR,OK,28.803448,77.551936,45.413,47.5,13.19,47.5,0.0,145.1,120,,647.8,SEC_GZB_MTC,,GZB,MTC,26.587,268.587,CRUISING,,,,,6.69,,,GREEN,LOW,False,,False,EVT_001,JRN_NDLS_DDN_01_20260902_190156,0.2301,0.0,0.4541,0.4541,1.0,NONE,NONE,,33.6,339.3,07:40:00,30.0,BASELINE_HISTORICAL_CALIBRATION,292.5,17.5
OBS_000112,07:40:30,3330.0,12017,ROUTE_NDLS_DDN_01,SYNTHETIC_SIMULATOR,OK,28.806076,77.55415,45.808,47.5,13.19,47.5,0.0,145.1,120,,643.03,SEC_GZB_MTC,,GZB,MTC,26.192,268.192,CRUISING,,,,,6.76,,,GREEN,LOW,False,,False,EVT_001,JRN_NDLS_DDN_01_20260902_190156,0.2301,0.0,0.4541,0.4541,1.0,NONE,NONE,,33.1,338.8,07:40:30,30.0,BASELINE_HISTORICAL_CALIBRATION,292.0,17.0
OBS_000113,07:41:00,3360.0,12017,ROUTE_NDLS_DDN_01,SYNTHETIC_SIMULATOR,OK,28.808705,77.556363,46.204,47.5,13.19,47.5,0.0,145.1,120,,638.23,SEC_GZB_MTC,,GZB,MTC,25.796,267.796,CRUISING,,,,,6.84,,,GREEN,LOW,False,,False,EVT_001,JRN_NDLS_DDN_01_20260902_190156,0.2301,0.0,0.4541,0.4541,1.0,NONE,NONE,,32.6,338.3,07:41:00,30.0,BASELINE_HISTORICAL_CALIBRATION,291.5,16.5
OBS_000114,07:41:30,3390.0,12017,ROUTE_NDLS_DDN_01,SYNTHETIC_SIMULATOR,OK,28.811333,77.558576,46.6,47.5,13.19,47.5,0.0,145.1,120,,633.39,SEC_GZB_MTC,,GZB,MTC,25.4,267.4,CRUISING,,,,,6.91,,,GREEN,LOW,False,,False,EVT_001,JRN_NDLS_DDN_01_20260902_190156,0.2301,0.0,0.4541,0.4541,1.0,NONE,NONE,,32.1,337.8,07:41:30,30.0,BASELINE_HISTORICAL_CALIBRATION,291.0,16.0
OBS_000115,07:42:00,3420.0,12017,ROUTE_NDLS_DDN_01,SYNTHETIC_SIMULATOR,OK,28.813962,77.560789,46.996,47.5,13.19,47.5,0.0,145.1,120,,628.51,SEC_GZB_MTC,,GZB,MTC,25.004,267.004,CRUISING,,,,,6.99,,,GREEN,LOW,False,,False,EVT_001,JRN_NDLS_DDN_01_20260902_190156,0.2301,0.0,0.4541,0.4541,1.0,NONE,NONE,,31.6,337.3,07:42:00,30.0,BASELINE_HISTORICAL_CALIBRATION,290.5,15.5
OBS_000116,07:42:30,3450.0,12017,ROUTE_NDLS_DDN_01,SYNTHETIC_SIMULATOR,OK,28.81659,77.563003,47.392,47.5,13.19,47.5,0.0,145.1,120,,623.59,SEC_GZB_MTC,,GZB,MTC,24.608,266.608,CRUISING,,,,,7.06,,,GREEN,LOW,False,,False,EVT_001,JRN_NDLS_DDN_01_20260902_190156,0.2301,0.0,0.4541,0.4541,1.0,NONE,NONE,,31.1,336.8,07:42:30,30.0,BASELINE_HISTORICAL_CALIBRATION,290.0,15.0
OBS_000117,07:43:00,3480.0,12017,ROUTE_NDLS_DDN_01,SYNTHETIC_SIMULATOR,OK,28.819219,77.565216,47.788,47.5,13.19,47.5,0.0,145.1,120,,618.63,SEC_GZB_MTC,,GZB,MTC,24.212,266.212,CRUISING,,,,,7.14,,,GREEN,LOW,False,,False,EVT_001,JRN_NDLS_DDN_01_20260902_190156,0.2301,0.0,0.4541,0.4541,1.0,NONE,NONE,,30.6,336.3,07:43:00,30.0,BASELINE_HISTORICAL_CALIBRATION,289.5,14.5
OBS_000118,07:43:30,3510.0,12017,ROUTE_NDLS_DDN_01,SYNTHETIC_SIMULATOR,OK,28.821847,77.567429,48.183,47.5,13.19,47.5,0.0,145.1,120,,613.64,SEC_GZB_MTC,,GZB,MTC,23.817,265.817,CRUISING,,,,,7.21,,,GREEN,LOW,False,,False,EVT_001,JRN_NDLS_DDN_01_20260902_190156,0.2301,0.0,0.4541,0.4541,1.0,NONE,NONE,,30.1,335.8,07:43:30,30.0,BASELINE_HISTORICAL_CALIBRATION,289.0,14.0
OBS_000119,07:44:00,3540.0,12017,ROUTE_NDLS_DDN_01,SYNTHETIC_SIMULATOR,OK,28.824476,77.569643,48.579,47.5,13.19,47.5,0.0,145.1,120,,608.6,SEC_GZB_MTC,,GZB,MTC,23.421,265.421,CRUISING,,,,,7.29,,,GREEN,LOW,False,,False,EVT_001,JRN_NDLS_DDN_01_20260902_190156,0.2301,0.0,0.4541,0.4541,1.0,NONE,NONE,,29.6,335.3,07:44:00,30.0,BASELINE_HISTORICAL_CALIBRATION,288.5,13.5
OBS_000120,07:44:30,3570.0,12017,ROUTE_NDLS_DDN_01,SYNTHETIC_SIMULATOR,OK,28.827104,77.571856,48.975,47.5,13.19,47.5,0.0,145.1,120,,603.52,SEC_GZB_MTC,,GZB,MTC,23.025,265.025,CRUISING,,,,,7.36,,,GREEN,LOW,False,,False,EVT_001,JRN_NDLS_DDN_01_20260902_190156,0.2301,0.0,0.4541,0.4541,1.0,NONE,NONE,,29.1,334.8,07:44:30,30.0,BASELINE_HISTORICAL_CALIBRATION,288.0,13.0
OBS_000121,07:45:00,3600.0,12017,ROUTE_NDLS_DDN_01,SYNTHETIC_SIMULATOR,OK,28.829733,77.574069,49.371,47.5,13.19,47.5,0.0,145.1,120,,598.4,SEC_GZB_MTC,,GZB,MTC,22.629,264.629,CRUISING,,,,,7.44,,,GREEN,LOW,False,,False,EVT_001,JRN_NDLS_DDN_01_20260902_190156,0.2301,0.0,0.4541,0.4541,1.0,NONE,NONE,,28.6,334.3,07:45:00,30.0,BASELINE_HISTORICAL_CALIBRATION,287.5,12.5
OBS_000122,07:45:30,3630.0,12017,ROUTE_NDLS_DDN_01,SYNTHETIC_SIMULATOR,OK,28.836843,77.580057,50.442,101.5,28.19,114.0,0.5,662.4,120,,593.24,SEC_GZB_MTC,,GZB,MTC,21.558,263.558,ACCELERATING,,,,,7.51,,,GREEN,LOW,False,,False,,JRN_NDLS_DDN_01_20260902_190156,0.2301,0.0,0.4541,0.4541,1.0,NONE,NONE,,12.7,155.8,07:45:30,30.0,BASELINE_HISTORICAL_CALIBRATION,287.0,12.0
OBS_000123,07:46:00,3660.0,12017,ROUTE_NDLS_DDN_01,SYNTHETIC_SIMULATOR,OK,28.844646,77.586627,51.617,114.0,31.67,114.0,0.5,835.6,120,,579.03,SEC_GZB_MTC,,GZB,MTC,20.383,262.383,ACCELERATING,,,,,6.86,,,GREEN,LOW,False,,False,,JRN_NDLS_DDN_01_20260902_190156,0.2301,0.0,0.4541,0.4541,1.0,NONE,NONE,,10.7,138.1,07:46:00,30.0,BASELINE_HISTORICAL_CALIBRATION,286.5,11.5
OBS_000124,07:46:30,3690.0,12017,ROUTE_NDLS_DDN_01,SYNTHETIC_SIMULATOR,OK,28.850954,77.591939,52.567,114.0,31.67,114.0,0.0,835.6,120,,563.03,SEC_GZB_MTC,,GZB,MTC,19.433,261.433,CRUISING,,,,,6.1,,,GREEN,LOW,False,,False,,JRN_NDLS_DDN_01_20260902_190156,0.2301,0.0,0.4541,0.4541,1.0,NONE,NONE,,10.2,137.6,07:46:30,30.0,BASELINE_HISTORICAL_CALIBRATION,286.0,11.0
OBS_000125,07:47:00,3720.0,12017,ROUTE_NDLS_DDN_01,SYNTHETIC_SIMULATOR,OK,28.857263,77.597251,53.517,114.0,31.67,114.0,0.0,835.6,120,,549.75,SEC_GZB_MTC,,GZB,MTC,18.483,260.483,CRUISING,,,,,5.58,,,GREEN,LOW,False,,False,,JRN_NDLS_DDN_01_20260902_190156,0.2301,0.0,0.4541,0.4541,1.0,NONE,NONE,,9.7,137.1,07:47:00,30.0,BASELINE_HISTORICAL_CALIBRATION,285.5,10.5
OBS_000126,07:47:30,3750.0,12017,ROUTE_NDLS_DDN_01,SYNTHETIC_SIMULATOR,OK,28.863571,77.602563,54.467,114.0,31.67,114.0,0.0,835.6,120,,536.15,SEC_GZB_MTC,,GZB,MTC,17.533,259.533,CRUISING,,,,,5.06,,,GREEN,LOW,False,,False,,JRN_NDLS_DDN_01_20260902_190156,0.2301,0.0,0.4541,0.4541,1.0,NONE,NONE,,9.2,136.6,07:47:30,30.0,BASELINE_HISTORICAL_CALIBRATION,285.0,10.0
OBS_000127,07:48:00,3780.0,12017,ROUTE_NDLS_DDN_01,SYNTHETIC_SIMULATOR,OK,28.86988,77.607874,55.417,114.0,31.67,114.0,0.0,835.6,120,,522.19,SEC_GZB_MTC,,GZB,MTC,16.583,258.583,CRUISING,,,,,4.54,,,GREEN,LOW,False,,False,,JRN_NDLS_DDN_01_20260902_190156,0.2301,0.0,0.4541,0.4541,1.0,NONE,NONE,,8.7,136.1,07:48:00,30.0,BASELINE_HISTORICAL_CALIBRATION,284.5,9.5
OBS_000128,07:48:30,3810.0,12017,ROUTE_NDLS_DDN_01,SYNTHETIC_SIMULATOR,OK,28.876188,77.613186,56.367,114.0,31.67,114.0,0.0,835.6,120,,507.84,SEC_GZB_MTC,,GZB,MTC,15.633,257.633,CRUISING,,,,,4.02,,,GREEN,LOW,False,,False,,JRN_NDLS_DDN_01_20260902_190156,0.2301,0.0,0.4541,0.4541,1.0,NONE,NONE,,8.2,135.6,07:48:30,30.0,BASELINE_HISTORICAL_CALIBRATION,284.0,9.0
OBS_000129,07:49:00,3840.0,12017,ROUTE_NDLS_DDN_01,SYNTHETIC_SIMULATOR,OK,28.882496,77.618498,57.317,114.0,31.67,114.0,0.0,835.6,120,,493.08,SEC_GZB_MTC,,GZB,MTC,14.683,256.683,CRUISING,,,,,3.5,,,GREEN,LOW,False,,False,,JRN_NDLS_DDN_01_20260902_190156,0.2301,0.0,0.4541,0.4541,1.0,NONE,NONE,,7.7,135.1,07:49:00,30.0,BASELINE_HISTORICAL_CALIBRATION,283.5,8.5
OBS_000130,07:49:30,3870.0,12017,ROUTE_NDLS_DDN_01,SYNTHETIC_SIMULATOR,OK,28.888805,77.62381,58.267,114.0,31.67,114.0,0.0,835.6,120,,477.87,SEC_GZB_MTC,,GZB,MTC,13.733,255.733,CRUISING,,,,,2.98,,,GREEN,LOW,False,,False,,JRN_NDLS_DDN_01_20260902_190156,0.2301,0.0,0.4541,0.4541,1.0,NONE,NONE,,7.2,134.6,07:49:30,30.0,BASELINE_HISTORICAL_CALIBRATION,283.0,8.0
OBS_000131,07:50:00,3900.0,12017,ROUTE_NDLS_DDN_01,SYNTHETIC_SIMULATOR,OK,28.895113,77.629122,59.217,114.0,31.67,114.0,0.0,835.6,120,,462.15,SEC_GZB_MTC,,GZB,MTC,12.783,254.783,CRUISING,,,,,2.47,,,GREEN,LOW,False,,False,,JRN_NDLS_DDN_01_20260902_190156,0.2301,0.0,0.4541,0.4541,1.0,NONE,NONE,,6.7,134.1,07:50:00,30.0,BASELINE_HISTORICAL_CALIBRATION,282.5,7.5
OBS_000132,07:50:30,3930.0,12017,ROUTE_NDLS_DDN_01,SYNTHETIC_SIMULATOR,OK,28.901422,77.634434,60.167,114.0,31.67,114.0,0.0,835.6,120,,445.88,SEC_GZB_MTC,,GZB,MTC,11.833,253.833,CRUISING,,,,,1.95,,,GREEN,LOW,False,,False,,JRN_NDLS_DDN_01_20260902_190156,0.2301,0.0,0.4541,0.4541,1.0,NONE,NONE,,6.2,133.6,07:50:30,30.0,BASELINE_HISTORICAL_CALIBRATION,282.0,7.0
OBS_000133,07:51:00,3960.0,12017,ROUTE_NDLS_DDN_01,SYNTHETIC_SIMULATOR,OK,28.90773,77.639746,61.117,114.0,31.67,114.0,0.0,835.6,120,,428.99,SEC_GZB_MTC,,GZB,MTC,10.883,252.883,CRUISING,,,,,1.43,,,GREEN,LOW,False,,False,,JRN_NDLS_DDN_01_20260902_190156,0.2301,0.0,0.4541,0.4541,1.0,NONE,NONE,,5.7,133.1,07:51:00,30.0,BASELINE_HISTORICAL_CALIBRATION,281.5,6.5
OBS_000134,07:51:30,3990.0,12017,ROUTE_NDLS_DDN_01,SYNTHETIC_SIMULATOR,OK,28.914038,77.645058,62.067,114.0,31.67,114.0,0.0,835.6,120,,411.41,SEC_GZB_MTC,,GZB,MTC,9.933,251.933,CRUISING,,,,,0.91,,,GREEN,LOW,False,,False,,JRN_NDLS_DDN_01_20260902_190156,0.2301,0.0,0.4541,0.4541,1.0,NONE,NONE,,5.2,132.6,07:51:30,30.0,BASELINE_HISTORICAL_CALIBRATION,281.0,6.0
OBS_000135,07:52:00,4020.0,12017,ROUTE_NDLS_DDN_01,SYNTHETIC_SIMULATOR,OK,28.920347,77.65037,63.017,114.0,31.67,114.0,0.0,835.6,120,,393.04,SEC_GZB_MTC,,GZB,MTC,8.983,250.983,CRUISING,,,,,0.39,,,GREEN,LOW,False,,False,,JRN_NDLS_DDN_01_20260902_190156,0.2301,0.0,0.4541,0.4541,1.0,NONE,NONE,,4.7,132.1,07:52:00,30.0,BASELINE_HISTORICAL_CALIBRATION,280.5,5.5
OBS_000136,07:52:30,4050.0,12017,ROUTE_NDLS_DDN_01,SYNTHETIC_SIMULATOR,OK,28.926655,77.655682,63.967,114.0,31.67,114.0,0.0,835.6,120,,373.78,SEC_GZB_MTC,,GZB,MTC,8.033,250.033,CRUISING,,,,,-0.13,,,GREEN,LOW,False,,False,,JRN_NDLS_DDN_01_20260902_190156,0.2301,0.0,0.4541,0.4541,1.0,NONE,NONE,,4.2,131.6,07:52:30,30.0,BASELINE_HISTORICAL_CALIBRATION,280.0,5.0
OBS_000137,07:53:00,4080.0,12017,ROUTE_NDLS_DDN_01,SYNTHETIC_SIMULATOR,OK,28.932964,77.660994,64.917,114.0,31.67,114.0,0.0,835.6,120,,353.46,SEC_GZB_MTC,,GZB,MTC,7.083,249.083,CRUISING,,,,,-0.65,,,GREEN,LOW,False,,False,,JRN_NDLS_DDN_01_20260902_190156,0.2301,0.0,0.4541,0.4541,1.0,NONE,NONE,,3.7,131.1,07:53:00,30.0,BASELINE_HISTORICAL_CALIBRATION,279.5,4.5
OBS_000138,07:53:30,4110.0,12017,ROUTE_NDLS_DDN_01,SYNTHETIC_SIMULATOR,OK,28.939272,77.666306,65.867,114.0,31.67,114.0,0.0,835.6,120,,331.9,SEC_GZB_MTC,,GZB,MTC,6.133,248.133,CRUISING,,,,,-1.17,,,GREEN,LOW,False,,False,,JRN_NDLS_DDN_01_20260902_190156,0.2301,0.0,0.4541,0.4541,1.0,NONE,NONE,,3.2,130.6,07:53:30,30.0,BASELINE_HISTORICAL_CALIBRATION,279.0,4.0
OBS_000139,07:54:00,4140.0,12017,ROUTE_NDLS_DDN_01,SYNTHETIC_SIMULATOR,OK,28.94558,77.671617,66.817,114.0,31.67,114.0,0.0,835.6,120,,308.85,SEC_GZB_MTC,,GZB,MTC,5.183,247.183,CRUISING,,,,,-1.69,,,GREEN,LOW,False,,False,,JRN_NDLS_DDN_01_20260902_190156,0.2301,0.0,0.4541,0.4541,1.0,NONE,NONE,,2.7,130.1,07:54:00,30.0,BASELINE_HISTORICAL_CALIBRATION,278.5,3.5
OBS_000140,07:54:30,4170.0,12017,ROUTE_NDLS_DDN_01,SYNTHETIC_SIMULATOR,OK,28.951889,77.676929,67.767,114.0,31.67,114.0,0.0,835.6,120,,283.92,SEC_GZB_MTC,,GZB,MTC,4.233,246.233,CRUISING,,,,,-2.21,,,GREEN,LOW,False,,False,,JRN_NDLS_DDN_01_20260902_190156,0.2301,0.0,0.4541,0.4541,1.0,NONE,NONE,,2.2,129.6,07:54:30,30.0,BASELINE_HISTORICAL_CALIBRATION,278.0,3.0
OBS_000141,07:55:00,4200.0,12017,ROUTE_NDLS_DDN_01,SYNTHETIC_SIMULATOR,OK,28.958197,77.682241,68.717,114.0,31.67,114.0,0.0,835.6,120,,256.59,SEC_GZB_MTC,,GZB,MTC,3.283,245.283,CRUISING,,,,,-2.73,,,GREEN,LOW,False,,False,,JRN_NDLS_DDN_01_20260902_190156,0.2301,0.0,0.4541,0.4541,1.0,NONE,NONE,,1.7,129.1,07:55:00,30.0,BASELINE_HISTORICAL_CALIBRATION,277.5,2.5
OBS_000142,07:55:30,4230.0,12017,ROUTE_NDLS_DDN_01,SYNTHETIC_SIMULATOR,OK,28.964506,77.687553,69.667,114.0,31.67,114.0,0.0,835.6,120,,225.97,SEC_GZB_MTC,,GZB,MTC,2.333,244.333,CRUISING,,,,,-3.25,,,GREEN,LOW,False,,False,,JRN_NDLS_DDN_01_20260902_190156,0.2301,0.0,0.4541,0.4541,1.0,NONE,NONE,,1.2,128.6,07:55:30,30.0,BASELINE_HISTORICAL_CALIBRATION,277.0,2.0
OBS_000143,07:56:00,4260.0,12017,ROUTE_NDLS_DDN_01,SYNTHETIC_SIMULATOR,OK,28.970814,77.692865,70.617,114.0,31.67,114.0,0.0,835.6,120,,190.49,SEC_GZB_MTC,,GZB,MTC,1.383,243.383,CRUISING,,,,,-3.77,,,GREEN,LOW,False,,False,,JRN_NDLS_DDN_01_20260902_190156,0.2301,0.0,0.4541,0.4541,1.0,NONE,NONE,,0.7,128.1,07:56:00,30.0,BASELINE_HISTORICAL_CALIBRATION,276.5,1.5
OBS_000144,07:56:30,4290.0,12017,ROUTE_NDLS_DDN_01,SYNTHETIC_SIMULATOR,OK,28.977122,77.698177,71.567,114.0,31.67,114.0,0.0,835.6,120,,146.68,SEC_GZB_MTC,,GZB,MTC,0.433,242.433,CRUISING,,,,,-4.29,,,GREEN,LOW,False,,False,,JRN_NDLS_DDN_01_20260902_190156,0.2301,0.0,0.4541,0.4541,1.0,NONE,NONE,,0.2,127.6,07:56:30,30.0,BASELINE_HISTORICAL_CALIBRATION,276.0,1.0
OBS_000145,07:57:00,4320.0,12017,ROUTE_NDLS_DDN_01,SYNTHETIC_SIMULATOR,OK,28.978052,77.69896,71.707,49.2,13.67,82.09,-0.6,155.7,120,,82.09,SEC_GZB_MTC,,GZB,MTC,0.293,242.293,DECELERATING,,,,,-4.81,,,GREEN,LOW,False,,False,,JRN_NDLS_DDN_01_20260902_190156,0.2301,0.0,0.4541,0.4541,1.0,NONE,NONE,,0.4,295.5,07:57:00,30.0,BASELINE_HISTORICAL_CALIBRATION,275.5,0.5
OBS_000146,07:57:30,4350.0,12017,ROUTE_NDLS_DDN_01,SYNTHETIC_SIMULATOR,OK,28.98,77.7006,72.0,0.0,0.0,67.54,0.0,0.0,120,,67.54,SEC_GZB_MTC,MTC,MTC,MOZ,56.0,242.0,DWELLING,ARRIVED,07:57:30,,,-4.46,,,GREEN,LOW,False,,False,,JRN_NDLS_DDN_01_20260902_190156,0.2301,0.0,0.4541,0.4541,1.0,NONE,NONE,,134.4,580.8,07:57:30,30.0,BASELINE_HISTORICAL_CALIBRATION,275.0,35.5
OBS_000147,07:58:00,4380.0,12017,ROUTE_NDLS_DDN_01,SYNTHETIC_SIMULATOR,OK,28.98,77.7006,72.0,0.0,0.0,0.0,0.0,0.0,110,,0.0,SEC_MTC_MOZ,MTC,MTC,MOZ,56.0,242.0,DWELLING,,,,,-4.27,,,GREEN,LOW,False,,False,,JRN_NDLS_DDN_01_20260902_190156,0.2301,0.0,0.4541,0.4541,1.0,NONE,NONE,,134.4,580.8,07:58:00,30.0,BASELINE_HISTORICAL_CALIBRATION,274.5,35.0
OBS_000148,07:58:30,4410.0,12017,ROUTE_NDLS_DDN_01,SYNTHETIC_SIMULATOR,OK,28.98,77.7006,72.0,0.0,0.0,0.0,0.0,0.0,110,,0.0,SEC_MTC_MOZ,MTC,MTC,MOZ,56.0,242.0,DWELLING,,,,,-3.77,,,GREEN,LOW,False,,False,,JRN_NDLS_DDN_01_20260902_190156,0.2301,0.0,0.4541,0.4541,1.0,NONE,NONE,,134.4,580.8,07:58:30,30.0,BASELINE_HISTORICAL_CALIBRATION,274.0,34.5
OBS_000149,07:59:00,4440.0,12017,ROUTE_NDLS_DDN_01,SYNTHETIC_SIMULATOR,OK,28.98,77.7006,72.0,0.0,0.0,0.0,0.0,0.0,110,,0.0,SEC_MTC_MOZ,MTC,MTC,MOZ,56.0,242.0,DWELLING,,,,,-3.27,,,GREEN,LOW,False,,False,,JRN_NDLS_DDN_01_20260902_190156,0.2301,0.0,0.4541,0.4541,1.0,NONE,NONE,,134.4,580.8,07:59:00,30.0,BASELINE_HISTORICAL_CALIBRATION,273.5,34.0
OBS_000150,07:59:30,4470.0,12017,ROUTE_NDLS_DDN_01,SYNTHETIC_SIMULATOR,OK,28.98,77.7006,72.0,0.0,0.0,0.0,0.0,0.0,110,,0.0,SEC_MTC_MOZ,MTC,MTC,MOZ,56.0,242.0,DWELLING,,,,,-2.77,,,GREEN,LOW,False,,False,,JRN_NDLS_DDN_01_20260902_190156,0.2301,0.0,0.4541,0.4541,1.0,NONE,NONE,,134.4,580.8,07:59:30,30.0,BASELINE_HISTORICAL_CALIBRATION,273.0,33.5
OBS_000151,08:00:00,4500.0,12017,ROUTE_NDLS_DDN_01,SYNTHETIC_SIMULATOR,OK,28.98,77.7006,72.0,0.0,0.0,0.0,0.0,0.0,110,,0.0,SEC_MTC_MOZ,MTC,MTC,MOZ,56.0,242.0,DWELLING,,,,,-2.27,,,GREEN,LOW,False,,False,,JRN_NDLS_DDN_01_20260902_190156,0.2313,0.0,0.4541,0.4541,1.0,NONE,NONE,,134.4,580.8,08:00:00,30.0,BASELINE_HISTORICAL_CALIBRATION,272.5,33.0
OBS_000152,08:00:30,4530.0,12017,ROUTE_NDLS_DDN_01,SYNTHETIC_SIMULATOR,OK,28.98,77.7006,72.675,54.0,15.0,104.5,0.5,187.5,110,,933.23,SEC_MTC_MOZ,MTC,MTC,MOZ,55.325,241.325,ACCELERATING,DEPARTED,,08:00:30,3,-1.77,,,GREEN,LOW,False,,False,,JRN_NDLS_DDN_01_20260902_190156,0.2313,0.0,0.4541,0.4541,1.0,NONE,NONE,,61.5,268.1,08:00:30,30.0,BASELINE_HISTORICAL_CALIBRATION,272.0,32.5
OBS_000153,08:01:00,4560.0,12017,ROUTE_NDLS_DDN_01,SYNTHETIC_SIMULATOR,OK,28.99558,77.70085,73.771,104.5,29.03,104.5,0.5,702.2,110,,927.59,SEC_MTC_MOZ,,MTC,MOZ,54.229,240.229,ACCELERATING,,,,,-2.0,,,GREEN,LOW,False,,False,,JRN_NDLS_DDN_01_20260902_190156,0.2313,0.0,0.4541,0.4541,1.0,NONE,NONE,,31.1,137.9,08:01:00,30.0,BASELINE_HISTORICAL_CALIBRATION,271.5,32.0
OBS_000154,08:01:30,4590.0,12017,ROUTE_NDLS_DDN_01,SYNTHETIC_SIMULATOR,OK,29.003242,77.700973,74.642,104.5,29.03,104.5,0.0,702.2,110,,918.35,SEC_MTC_MOZ,,MTC,MOZ,53.358,239.358,CRUISING,,,,,-2.67,,,GREEN,LOW,False,,False,,JRN_NDLS_DDN_01_20260902_190156,0.2313,0.0,0.4541,0.4541,1.0,NONE,NONE,,30.6,137.4,08:01:30,30.0,BASELINE_HISTORICAL_CALIBRATION,271.0,31.5
OBS_000155,08:02:00,4620.0,12017,ROUTE_NDLS_DDN_01,SYNTHETIC_SIMULATOR,OK,29.010904,77.701096,75.512,104.5,29.03,104.5,0.0,702.2,110,,910.95,SEC_MTC_MOZ,,MTC,MOZ,52.488,238.488,CRUISING,,,,,-3.11,,,GREEN,LOW,False,,False,,JRN_NDLS_DDN_01_20260902_190156,0.2313,0.0,0.4541,0.4541,1.0,NONE,NONE,,30.1,136.9,08:02:00,30.0,BASELINE_HISTORICAL_CALIBRATION,270.5,31.0
OBS_000156,08:02:30,4650.0,12017,ROUTE_NDLS_DDN_01,SYNTHETIC_SIMULATOR,OK,29.018566,77.701218,76.383,104.5,29.03,104.5,0.0,702.2,110,,903.49,SEC_MTC_MOZ,,MTC,MOZ,51.617,237.617,CRUISING,,,,,-3.54,,,GREEN,LOW,False,,False,,JRN_NDLS_DDN_01_20260902_190156,0.2313,0.0,0.4541,0.4541,1.0,NONE,NONE,,29.6,136.4,08:02:30,30.0,BASELINE_HISTORICAL_CALIBRATION,270.0,30.5
OBS_000157,08:03:00,4680.0,12017,ROUTE_NDLS_DDN_01,SYNTHETIC_SIMULATOR,OK,29.026227,77.701341,77.254,104.5,29.03,104.5,0.0,702.2,110,,895.96,SEC_MTC_MOZ,,MTC,MOZ,50.746,236.746,CRUISING,,,,,-3.98,,,GREEN,LOW,False,,False,,JRN_NDLS_DDN_01_20260902_190156,0.2313,0.0,0.4541,0.4541,1.0,NONE,NONE,,29.1,135.9,08:03:00,30.0,BASELINE_HISTORICAL_CALIBRATION,269.5,30.0
OBS_000158,08:03:30,4710.0,12017,ROUTE_NDLS_DDN_01,SYNTHETIC_SIMULATOR,OK,29.033889,77.701464,78.125,104.5,29.03,104.5,0.0,702.2,110,,888.37,SEC_MTC_MOZ,,MTC,MOZ,49.875,235.875,CRUISING,,,,,-4.41,,,GREEN,LOW,False,,False,,JRN_NDLS_DDN_01_20260902_190156,0.2313,0.0,0.4541,0.4541,1.0,NONE,NONE,,28.6,135.4,08:03:30,30.0,BASELINE_HISTORICAL_CALIBRATION,269.0,29.5
OBS_000159,08:04:00,4740.0,12017,ROUTE_NDLS_DDN_01,SYNTHETIC_SIMULATOR,OK,29.041551,77.701587,78.996,104.5,29.03,104.5,0.0,702.2,110,,880.71,SEC_MTC_MOZ,,MTC,MOZ,49.004,235.004,CRUISING,,,,,-4.85,,,GREEN,LOW,False,,False,,JRN_NDLS_DDN_01_20260902_190156,0.2313,0.0,0.4541,0.4541,1.0,NONE,NONE,,28.1,134.9,08:04:00,30.0,BASELINE_HISTORICAL_CALIBRATION,268.5,29.0
OBS_000160,08:04:30,4770.0,12017,ROUTE_NDLS_DDN_01,SYNTHETIC_SIMULATOR,OK,29.049213,77.70171,79.867,104.5,29.03,104.5,0.0,702.2,110,,872.99,SEC_MTC_MOZ,,MTC,MOZ,48.133,234.133,CRUISING,,,,,-5.28,,,GREEN,LOW,False,,False,,JRN_NDLS_DDN_01_20260902_190156,0.2313,0.0,0.4541,0.4541,1.0,NONE,NONE,,27.6,134.4,08:04:30,30.0,BASELINE_HISTORICAL_CALIBRATION,268.0,28.5
OBS_000161,08:05:00,4800.0,12017,ROUTE_NDLS_DDN_01,SYNTHETIC_SIMULATOR,OK,29.056874,77.701833,80.737,104.5,29.03,104.5,0.0,702.2,110,,865.2,SEC_MTC_MOZ,,MTC,MOZ,47.263,233.263,CRUISING,,,,,-5.72,,,GREEN,LOW,False,,False,,JRN_NDLS_DDN_01_20260902_190156,0.2313,0.0,0.4541,0.4541,1.0,NONE,NONE,,27.1,133.9,08:05:00,30.0,BASELINE_HISTORICAL_CALIBRATION,267.5,28.0
OBS_000162,08:05:30,4830.0,12017,ROUTE_NDLS_DDN_01,SYNTHETIC_SIMULATOR,OK,29.064536,77.701955,81.608,104.5,29.03,104.5,0.0,702.2,110,,857.34,SEC_MTC_MOZ,,MTC,MOZ,46.392,232.392,CRUISING,,,,,-6.15,,,GREEN,LOW,False,,False,,JRN_NDLS_DDN_01_20260902_190156,0.2313,0.0,0.4541,0.4541,1.0,NONE,NONE,,26.6,133.4,08:05:30,30.0,BASELINE_HISTORICAL_CALIBRATION,267.0,27.5
OBS_000163,08:06:00,4860.0,12017,ROUTE_NDLS_DDN_01,SYNTHETIC_SIMULATOR,OK,29.072198,77.702078,82.479,104.5,29.03,104.5,0.0,702.2,110,,849.4,SEC_MTC_MOZ,,MTC,MOZ,45.521,231.521,CRUISING,,,,,-6.59,,,GREEN,LOW,False,,False,,JRN_NDLS_DDN_01_20260902_190156,0.2313,0.0,0.4541,0.4541,1.0,NONE,NONE,,26.1,132.9,08:06:00,30.0,BASELINE_HISTORICAL_CALIBRATION,266.5,27.0
OBS_000164,08:06:30,4890.0,12017,ROUTE_NDLS_DDN_01,SYNTHETIC_SIMULATOR,OK,29.07986,77.702201,83.35,104.5,29.03,104.5,0.0,702.2,110,,841.39,SEC_MTC_MOZ,,MTC,MOZ,44.65,230.65,CRUISING,,,,,-7.02,,,GREEN,LOW,False,,False,,JRN_NDLS_DDN_01_20260902_190156,0.2313,0.0,0.4541,0.4541,1.0,NONE,NONE,,25.6,132.4,08:06:30,30.0,BASELINE_HISTORICAL_CALIBRATION,266.0,26.5
OBS_000165,08:07:00,4920.0,12017,ROUTE_NDLS_DDN_01,SYNTHETIC_SIMULATOR,OK,29.087522,77.702324,84.221,104.5,29.03,104.5,0.0,702.2,110,,833.3,SEC_MTC_MOZ,,MTC,MOZ,43.779,229.779,CRUISING,,,,,-7.46,,,GREEN,LOW,False,,False,,JRN_NDLS_DDN_01_20260902_190156,0.2313,0.0,0.4541,0.4541,1.0,NONE,NONE,,25.1,131.9,08:07:00,30.0,BASELINE_HISTORICAL_CALIBRATION,265.5,26.0
OBS_000166,08:07:30,4950.0,12017,ROUTE_NDLS_DDN_01,SYNTHETIC_SIMULATOR,OK,29.095183,77.702447,85.092,104.5,29.03,104.5,0.0,702.2,110,,825.14,SEC_MTC_MOZ,,MTC,MOZ,42.908,228.908,CRUISING,,,,,-7.89,,,GREEN,LOW,False,,False,,JRN_NDLS_DDN_01_20260902_190156,0.2313,0.0,0.4541,0.4541,1.0,NONE,NONE,,24.6,131.4,08:07:30,30.0,BASELINE_HISTORICAL_CALIBRATION,265.0,25.5
OBS_000167,08:08:00,4980.0,12017,ROUTE_NDLS_DDN_01,SYNTHETIC_SIMULATOR,OK,29.102845,77.70257,85.962,104.5,29.03,104.5,0.0,702.2,110,,816.89,SEC_MTC_MOZ,,MTC,MOZ,42.038,228.038,CRUISING,,,,,-8.32,,,GREEN,LOW,False,,False,,JRN_NDLS_DDN_01_20260902_190156,0.2313,0.0,0.4541,0.4541,1.0,NONE,NONE,,24.1,130.9,08:08:00,30.0,BASELINE_HISTORICAL_CALIBRATION,264.5,25.0
OBS_000168,08:08:30,5010.0,12017,ROUTE_NDLS_DDN_01,SYNTHETIC_SIMULATOR,OK,29.110507,77.702693,86.833,104.5,29.03,104.5,0.0,702.2,110,,808.56,SEC_MTC_MOZ,,MTC,MOZ,41.167,227.167,CRUISING,,,,,-8.76,,,GREEN,LOW,False,,False,,JRN_NDLS_DDN_01_20260902_190156,0.2313,0.0,0.4541,0.4541,1.0,NONE,NONE,,23.6,130.4,08:08:30,30.0,BASELINE_HISTORICAL_CALIBRATION,264.0,24.5
OBS_000169,08:09:00,5040.0,12017,ROUTE_NDLS_DDN_01,SYNTHETIC_SIMULATOR,OK,29.118169,77.702815,87.704,104.5,29.03,104.5,0.0,702.2,110,,800.14,SEC_MTC_MOZ,,MTC,MOZ,40.296,226.296,CRUISING,,,,,-9.19,,,GREEN,LOW,False,,False,,JRN_NDLS_DDN_01_20260902_190156,0.2313,0.0,0.4541,0.4541,1.0,NONE,NONE,,23.1,129.9,08:09:00,30.0,BASELINE_HISTORICAL_CALIBRATION,263.5,24.0
OBS_000170,08:09:30,5070.0,12017,ROUTE_NDLS_DDN_01,SYNTHETIC_SIMULATOR,OK,29.12583,77.702938,88.575,104.5,29.03,104.5,0.0,702.2,110,,791.63,SEC_MTC_MOZ,,MTC,MOZ,39.425,225.425,CRUISING,,,,,-9.63,,,GREEN,LOW,False,,False,,JRN_NDLS_DDN_01_20260902_190156,0.2313,0.0,0.4541,0.4541,1.0,NONE,NONE,,22.6,129.4,08:09:30,30.0,BASELINE_HISTORICAL_CALIBRATION,263.0,23.5
OBS_000171,08:10:00,5100.0,12017,ROUTE_NDLS_DDN_01,SYNTHETIC_SIMULATOR,OK,29.133492,77.703061,89.446,104.5,29.03,104.5,0.0,702.2,110,,783.03,SEC_MTC_MOZ,,MTC,MOZ,38.554,224.554,CRUISING,,,,,-10.06,,,GREEN,LOW,False,,False,,JRN_NDLS_DDN_01_20260902_190156,0.2313,0.0,0.4541,0.4541,1.0,NONE,NONE,,22.1,128.9,08:10:00,30.0,BASELINE_HISTORICAL_CALIBRATION,262.5,23.0
OBS_000172,08:10:30,5130.0,12017,ROUTE_NDLS_DDN_01,SYNTHETIC_SIMULATOR,OK,29.141154,77.703184,90.317,104.5,29.03,104.5,0.0,702.2,110,,774.33,SEC_MTC_MOZ,,MTC,MOZ,37.683,223.683,CRUISING,,,,,-10.5,,,GREEN,LOW,False,,False,,JRN_NDLS_DDN_01_20260902_190156,0.2313,0.0,0.4541,0.4541,1.0,NONE,NONE,,21.6,128.4,08:10:30,30.0,BASELINE_HISTORICAL_CALIBRATION,262.0,22.5
OBS_000173,08:11:00,5160.0,12017,ROUTE_NDLS_DDN_01,SYNTHETIC_SIMULATOR,OK,29.148816,77.703307,91.187,104.5,29.03,104.5,0.0,702.2,110,,765.54,SEC_MTC_MOZ,,MTC,MOZ,36.813,222.813,CRUISING,,,,,-10.93,,,GREEN,LOW,False,,False,,JRN_NDLS_DDN_01_20260902_190156,0.2313,0.0,0.4541,0.4541,1.0,NONE,NONE,,21.1,127.9,08:11:00,30.0,BASELINE_HISTORICAL_CALIBRATION,261.5,22.0
OBS_000174,08:11:30,5190.0,12017,ROUTE_NDLS_DDN_01,SYNTHETIC_SIMULATOR,OK,29.156478,77.70343,92.058,104.5,29.03,104.5,0.0,702.2,110,,756.64,SEC_MTC_MOZ,,MTC,MOZ,35.942,221.942,CRUISING,,,,,-11.37,,,GREEN,LOW,False,,False,,JRN_NDLS_DDN_01_20260902_190156,0.2313,0.0,0.4541,0.4541,1.0,NONE,NONE,,20.6,127.4,08:11:30,30.0,BASELINE_HISTORICAL_CALIBRATION,261.0,21.5
OBS_000175,08:12:00,5220.0,12017,ROUTE_NDLS_DDN_01,SYNTHETIC_SIMULATOR,OK,29.164139,77.703553,92.929,104.5,29.03,104.5,0.0,702.2,110,,747.64,SEC_MTC_MOZ,,MTC,MOZ,35.071,221.071,CRUISING,,,,,-11.8,,,GREEN,LOW,False,,False,,JRN_NDLS_DDN_01_20260902_190156,0.2313,0.0,0.4541,0.4541,1.0,NONE,NONE,,20.1,126.9,08:12:00,30.0,BASELINE_HISTORICAL_CALIBRATION,260.5,21.0
OBS_000176,08:12:30,5250.0,12017,ROUTE_NDLS_DDN_01,SYNTHETIC_SIMULATOR,OK,29.171801,77.703675,93.8,104.5,29.03,104.5,0.0,702.2,110,,738.53,SEC_MTC_MOZ,,MTC,MOZ,34.2,220.2,CRUISING,,,,,-12.24,,,GREEN,LOW,False,,False,,JRN_NDLS_DDN_01_20260902_190156,0.2313,0.0,0.4541,0.4541,1.0,NONE,NONE,,19.6,126.4,08:12:30,30.0,BASELINE_HISTORICAL_CALIBRATION,260.0,20.5
OBS_000177,08:13:00,5280.0,12017,ROUTE_NDLS_DDN_01,SYNTHETIC_SIMULATOR,OK,29.179463,77.703798,94.671,104.5,29.03,104.5,0.0,702.2,110,,729.3,SEC_MTC_MOZ,,MTC,MOZ,33.329,219.329,CRUISING,,,,,-12.67,,,GREEN,LOW,False,,False,,JRN_NDLS_DDN_01_20260902_190156,0.2313,0.0,0.4541,0.4541,1.0,NONE,NONE,,19.1,125.9,08:13:00,30.0,BASELINE_HISTORICAL_CALIBRATION,259.5,20.0
OBS_000178,08:13:30,5310.0,12017,ROUTE_NDLS_DDN_01,SYNTHETIC_SIMULATOR,OK,29.187125,77.703921,95.542,104.5,29.03,104.5,0.0,702.2,110,,719.95,SEC_MTC_MOZ,,MTC,MOZ,32.458,218.458,CRUISING,,,,,-13.11,,,GREEN,LOW,False,,False,,JRN_NDLS_DDN_01_20260902_190156,0.2313,0.0,0.4541,0.4541,1.0,NONE,NONE,,18.6,125.4,08:13:30,30.0,BASELINE_HISTORICAL_CALIBRATION,259.0,19.5
OBS_000179,08:14:00,5340.0,12017,ROUTE_NDLS_DDN_01,SYNTHETIC_SIMULATOR,OK,29.194786,77.704044,96.412,104.5,29.03,104.5,0.0,702.2,110,,710.49,SEC_MTC_MOZ,,MTC,MOZ,31.588,217.588,CRUISING,,,,,-13.54,,,GREEN,LOW,False,,False,,JRN_NDLS_DDN_01_20260902_190156,0.2313,0.0,0.4541,0.4541,1.0,NONE,NONE,,18.1,124.9,08:14:00,30.0,BASELINE_HISTORICAL_CALIBRATION,258.5,19.0
OBS_000180,08:14:30,5370.0,12017,ROUTE_NDLS_DDN_01,SYNTHETIC_SIMULATOR,OK,29.202448,77.704167,97.283,104.5,29.03,104.5,0.0,702.2,110,,700.89,SEC_MTC_MOZ,,MTC,MOZ,30.717,216.717,CRUISING,,,,,-13.97,,,GREEN,LOW,False,,False,,JRN_NDLS_DDN_01_20260902_190156,0.2313,0.0,0.4541,0.4541,1.0,NONE,NONE,,17.6,124.4,08:14:30,30.0,BASELINE_HISTORICAL_CALIBRATION,258.0,18.5
OBS_000181,08:15:00,5400.0,12017,ROUTE_NDLS_DDN_01,SYNTHETIC_SIMULATOR,OK,29.21011,77.70429,98.154,104.5,29.03,104.5,0.0,702.2,110,,691.16,SEC_MTC_MOZ,,MTC,MOZ,29.846,215.846,CRUISING,,,,,-14.41,,,GREEN,LOW,False,,False,,JRN_NDLS_DDN_01_20260902_190156,0.2313,0.0,0.4541,0.4541,1.0,NONE,NONE,,17.1,123.9,08:15:00,30.0,BASELINE_HISTORICAL_CALIBRATION,257.5,18.0
OBS_000182,08:15:30,5430.0,12017,ROUTE_NDLS_DDN_01,SYNTHETIC_SIMULATOR,OK,29.217772,77.704412,99.025,104.5,29.03,104.5,0.0,702.2,110,,681.29,SEC_MTC_MOZ,,MTC,MOZ,28.975,214.975,CRUISING,,,,,-14.84,,,GREEN,LOW,False,,False,,JRN_NDLS_DDN_01_20260902_190156,0.2313,0.0,0.4541,0.4541,1.0,NONE,NONE,,16.6,123.4,08:15:30,30.0,BASELINE_HISTORICAL_CALIBRATION,257.0,17.5
OBS_000183,08:16:00,5460.0,12017,ROUTE_NDLS_DDN_01,SYNTHETIC_SIMULATOR,OK,29.225434,77.704535,99.896,104.5,29.03,104.5,0.0,702.2,110,,671.28,SEC_MTC_MOZ,,MTC,MOZ,28.104,214.104,CRUISING,,,,,-15.28,,,GREEN,LOW,False,,False,,JRN_NDLS_DDN_01_20260902_190156,0.2313,0.0,0.4541,0.4541,1.0,NONE,NONE,,16.1,122.9,08:16:00,30.0,BASELINE_HISTORICAL_CALIBRATION,256.5,17.0
OBS_000184,08:16:30,5490.0,12017,ROUTE_NDLS_DDN_01,SYNTHETIC_SIMULATOR,OK,29.233095,77.704658,100.767,104.5,29.03,104.5,0.0,702.2,110,,661.12,SEC_MTC_MOZ,,MTC,MOZ,27.233,213.233,CRUISING,,,,,-15.71,,,GREEN,LOW,False,,False,,JRN_NDLS_DDN_01_20260902_190156,0.2313,0.0,0.4541,0.4541,1.0,NONE,NONE,,15.6,122.4,08:16:30,30.0,BASELINE_HISTORICAL_CALIBRATION,256.0,16.5
OBS_000185,08:17:00,5520.0,12017,ROUTE_NDLS_DDN_01,SYNTHETIC_SIMULATOR,OK,29.240757,77.704781,101.637,104.5,29.03,104.5,0.0,702.2,110,,650.79,SEC_MTC_MOZ,,MTC,MOZ,26.363,212.363,CRUISING,,,,,-16.15,,,GREEN,LOW,False,,False,,JRN_NDLS_DDN_01_20260902_190156,0.2313,0.0,0.4541,0.4541,1.0,NONE,NONE,,15.1,121.9,08:17:00,30.0,BASELINE_HISTORICAL_CALIBRATION,255.5,16.0
OBS_000186,08:17:30,5550.0,12017,ROUTE_NDLS_DDN_01,SYNTHETIC_SIMULATOR,OK,29.248419,77.704904,102.508,104.5,29.03,104.5,0.0,702.2,110,,640.3,SEC_MTC_MOZ,,MTC,MOZ,25.492,211.492,CRUISING,,,,,-16.58,,,GREEN,LOW,False,,False,,JRN_NDLS_DDN_01_20260902_190156,0.2313,0.0,0.4541,0.4541,1.0,NONE,NONE,,14.6,121.4,08:17:30,30.0,BASELINE_HISTORICAL_CALIBRATION,255.0,15.5
OBS_000187,08:18:00,5580.0,12017,ROUTE_NDLS_DDN_01,SYNTHETIC_SIMULATOR,OK,29.256081,77.705027,103.379,104.5,29.03,104.5,0.0,702.2,110,,629.64,SEC_MTC_MOZ,,MTC,MOZ,24.621,210.621,CRUISING,,,,,-17.02,,,GREEN,LOW,False,,False,,JRN_NDLS_DDN_01_20260902_190156,0.2313,0.0,0.4541,0.4541,1.0,NONE,NONE,,14.1,120.9,08:18:00,30.0,BASELINE_HISTORICAL_CALIBRATION,254.5,15.0
OBS_000188,08:18:30,5610.0,12017,ROUTE_NDLS_DDN_01,SYNTHETIC_SIMULATOR,OK,29.263742,77.70515,104.25,104.5,29.03,104.5,0.0,702.2,110,,618.79,SEC_MTC_MOZ,,MTC,MOZ,23.75,209.75,CRUISING,,,,,-17.45,,,GREEN,LOW,False,,False,,JRN_NDLS_DDN_01_20260902_190156,0.2313,0.0,0.4541,0.4541,1.0,NONE,NONE,,13.6,120.4,08:18:30,30.0,BASELINE_HISTORICAL_CALIBRATION,254.0,14.5
OBS_000189,08:19:00,5640.0,12017,ROUTE_NDLS_DDN_01,SYNTHETIC_SIMULATOR,OK,29.271404,77.705272,105.121,104.5,29.03,104.5,0.0,702.2,110,,607.75,SEC_MTC_MOZ,,MTC,MOZ,22.879,208.879,CRUISING,,,,,-17.89,,,GREEN,LOW,False,,False,,JRN_NDLS_DDN_01_20260902_190156,0.2313,0.0,0.4541,0.4541,1.0,NONE,NONE,,13.1,119.9,08:19:00,30.0,BASELINE_HISTORICAL_CALIBRATION,253.5,14.0
OBS_000190,08:19:30,5670.0,12017,ROUTE_NDLS_DDN_01,SYNTHETIC_SIMULATOR,OK,29.279066,77.705395,105.992,104.5,29.03,104.5,0.0,702.2,110,,596.5,SEC_MTC_MOZ,,MTC,MOZ,22.008,208.008,CRUISING,,,,,-18.32,,,GREEN,LOW,False,,False,,JRN_NDLS_DDN_01_20260902_190156,0.2313,0.0,0.4541,0.4541,1.0,NONE,NONE,,12.6,119.4,08:19:30,30.0,BASELINE_HISTORICAL_CALIBRATION,253.0,13.5
OBS_000191,08:20:00,5700.0,12017,ROUTE_NDLS_DDN_01,SYNTHETIC_SIMULATOR,OK,29.286728,77.705518,106.862,104.5,29.03,104.5,0.0,702.2,110,,585.04,SEC_MTC_MOZ,,MTC,MOZ,21.138,207.138,CRUISING,,,,,-18.76,,,GREEN,LOW,False,,False,,JRN_NDLS_DDN_01_20260902_190156,0.2313,0.0,0.4541,0.4541,1.0,NONE,NONE,,12.1,118.9,08:20:00,30.0,BASELINE_HISTORICAL_CALIBRATION,252.5,13.0
OBS_000192,08:20:30,5730.0,12017,ROUTE_NDLS_DDN_01,SYNTHETIC_SIMULATOR,OK,29.29439,77.705641,107.733,104.5,29.03,104.5,0.0,702.2,110,,573.35,SEC_MTC_MOZ,,MTC,MOZ,20.267,206.267,CRUISING,,,,,-19.19,,,GREEN,LOW,False,,False,,JRN_NDLS_DDN_01_20260902_190156,0.2313,0.0,0.4541,0.4541,1.0,NONE,NONE,,11.6,118.4,08:20:30,30.0,BASELINE_HISTORICAL_CALIBRATION,252.0,12.5
OBS_000193,08:21:00,5760.0,12017,ROUTE_NDLS_DDN_01,SYNTHETIC_SIMULATOR,OK,29.302051,77.705764,108.604,104.5,29.03,104.5,0.0,702.2,110,,561.42,SEC_MTC_MOZ,,MTC,MOZ,19.396,205.396,CRUISING,,,,,-19.62,,,GREEN,LOW,False,,False,,JRN_NDLS_DDN_01_20260902_190156,0.2313,0.0,0.4541,0.4541,1.0,NONE,NONE,,11.1,117.9,08:21:00,30.0,BASELINE_HISTORICAL_CALIBRATION,251.5,12.0
OBS_000194,08:21:30,5790.0,12017,ROUTE_NDLS_DDN_01,SYNTHETIC_SIMULATOR,OK,29.309713,77.705887,109.475,104.5,29.03,104.5,0.0,702.2,110,,549.22,SEC_MTC_MOZ,,MTC,MOZ,18.525,204.525,CRUISING,,,,,-20.06,,,GREEN,LOW,False,,False,,JRN_NDLS_DDN_01_20260902_190156,0.2313,0.0,0.4541,0.4541,1.0,NONE,NONE,,10.6,117.4,08:21:30,30.0,BASELINE_HISTORICAL_CALIBRATION,251.0,11.5
OBS_000195,08:22:00,5820.0,12017,ROUTE_NDLS_DDN_01,SYNTHETIC_SIMULATOR,OK,29.317375,77.70601,110.346,104.5,29.03,104.5,0.0,702.2,110,,536.75,SEC_MTC_MOZ,,MTC,MOZ,17.654,203.654,CRUISING,,,,,-20.49,,,GREEN,LOW,False,,False,,JRN_NDLS_DDN_01_20260902_190156,0.2313,0.0,0.4541,0.4541,1.0,NONE,NONE,,10.1,116.9,08:22:00,30.0,BASELINE_HISTORICAL_CALIBRATION,250.5,11.0
OBS_000196,08:22:30,5850.0,12017,ROUTE_NDLS_DDN_01,SYNTHETIC_SIMULATOR,OK,29.325037,77.706132,111.217,104.5,29.03,104.5,0.0,702.2,110,,523.98,SEC_MTC_MOZ,,MTC,MOZ,16.783,202.783,CRUISING,,,,,-20.93,,,GREEN,LOW,False,,False,,JRN_NDLS_DDN_01_20260902_190156,0.2313,0.0,0.4541,0.4541,1.0,NONE,NONE,,9.6,116.4,08:22:30,30.0,BASELINE_HISTORICAL_CALIBRATION,250.0,10.5
OBS_000197,08:23:00,5880.0,12017,ROUTE_NDLS_DDN_01,SYNTHETIC_SIMULATOR,OK,29.332698,77.706255,112.087,104.5,29.03,104.5,0.0,702.2,110,,510.9,SEC_MTC_MOZ,,MTC,MOZ,15.913,201.913,CRUISING,,,,,-21.36,,,GREEN,LOW,False,,False,,JRN_NDLS_DDN_01_20260902_190156,0.2313,0.0,0.4541,0.4541,1.0,NONE,NONE,,9.1,115.9,08:23:00,30.0,BASELINE_HISTORICAL_CALIBRATION,249.5,10.0
OBS_000198,08:23:30,5910.0,12017,ROUTE_NDLS_DDN_01,SYNTHETIC_SIMULATOR,OK,29.34036,77.706378,112.958,104.5,29.03,104.5,0.0,702.2,110,,497.46,SEC_MTC_MOZ,,MTC,MOZ,15.042,201.042,CRUISING,,,,,-21.8,,,GREEN,LOW,False,,False,,JRN_NDLS_DDN_01_20260902_190156,0.2313,0.0,0.4541,0.4541,1.0,NONE,NONE,,8.6,115.4,08:23:30,30.0,BASELINE_HISTORICAL_CALIBRATION,249.0,9.5
OBS_000199,08:24:00,5940.0,12017,ROUTE_NDLS_DDN_01,SYNTHETIC_SIMULATOR,OK,29.348022,77.706501,113.829,104.5,29.03,104.5,0.0,702.2,110,,483.66,SEC_MTC_MOZ,,MTC,MOZ,14.171,200.171,CRUISING,,,,,-22.23,,,GREEN,LOW,False,,False,,JRN_NDLS_DDN_01_20260902_190156,0.2313,0.0,0.4541,0.4541,1.0,NONE,NONE,,8.1,114.9,08:24:00,30.0,BASELINE_HISTORICAL_CALIBRATION,248.5,9.0
OBS_000200,08:24:30,5970.0,12017,ROUTE_NDLS_DDN_01,SYNTHETIC_SIMULATOR,OK,29.355684,77.706624,114.7,104.5,29.03,104.5,0.0,702.2,110,,469.45,SEC_MTC_MOZ,,MTC,MOZ,13.3,199.3,CRUISING,,,,,-22.67,,,GREEN,LOW,False,,False,,JRN_NDLS_DDN_01_20260902_190156,0.2313,0.0,0.4541,0.4541,1.0,NONE,NONE,,7.6,114.4,08:24:30,30.0,BASELINE_HISTORICAL_CALIBRATION,248.0,8.5
OBS_000201,08:25:00,6000.0,12017,ROUTE_NDLS_DDN_01,SYNTHETIC_SIMULATOR,OK,29.363346,77.706747,115.571,104.5,29.03,104.5,0.0,702.2,110,,454.8,SEC_MTC_MOZ,,MTC,MOZ,12.429,198.429,CRUISING,,,,,-23.1,,,GREEN,LOW,False,,False,,JRN_NDLS_DDN_01_20260902_190156,0.2313,0.0,0.4541,0.4541,1.0,NONE,NONE,,7.1,113.9,08:25:00,30.0,BASELINE_HISTORICAL_CALIBRATION,247.5,8.0
OBS_000202,08:25:30,6030.0,12017,ROUTE_NDLS_DDN_01,SYNTHETIC_SIMULATOR,OK,29.371007,77.706869,116.442,104.5,29.03,104.5,0.0,702.2,110,,439.66,SEC_MTC_MOZ,,MTC,MOZ,11.558,197.558,CRUISING,,,,,-23.54,,,GREEN,LOW,False,,False,,JRN_NDLS_DDN_01_20260902_190156,0.2313,0.0,0.4541,0.4541,1.0,NONE,NONE,,6.6,113.4,08:25:30,30.0,BASELINE_HISTORICAL_CALIBRATION,247.0,7.5
OBS_000203,08:26:00,6060.0,12017,ROUTE_NDLS_DDN_01,SYNTHETIC_SIMULATOR,OK,29.378669,77.706992,117.312,104.5,29.03,104.5,0.0,702.2,110,,423.98,SEC_MTC_MOZ,,MTC,MOZ,10.688,196.688,CRUISING,,,,,-23.97,,,GREEN,LOW,False,,False,,JRN_NDLS_DDN_01_20260902_190156,0.2313,0.0,0.4541,0.4541,1.0,NONE,NONE,,6.1,112.9,08:26:00,30.0,BASELINE_HISTORICAL_CALIBRATION,246.5,7.0
OBS_000204,08:26:30,6090.0,12017,ROUTE_NDLS_DDN_01,SYNTHETIC_SIMULATOR,OK,29.386331,77.707115,118.183,104.5,29.03,104.5,0.0,702.2,110,,407.69,SEC_MTC_MOZ,,MTC,MOZ,9.817,195.817,CRUISING,,,,,-24.41,,,GREEN,LOW,False,,False,,JRN_NDLS_DDN_01_20260902_190156,0.2313,0.0,0.4541,0.4541,1.0,NONE,NONE,,5.6,112.4,08:26:30,30.0,BASELINE_HISTORICAL_CALIBRATION,246.0,6.5
OBS_000205,08:27:00,6120.0,12017,ROUTE_NDLS_DDN_01,SYNTHETIC_SIMULATOR,OK,29.393993,77.707238,119.054,104.5,29.03,104.5,0.0,702.2,110,,390.73,SEC_MTC_MOZ,,MTC,MOZ,8.946,194.946,CRUISING,,,,,-24.84,,,GREEN,LOW,False,,False,,JRN_NDLS_DDN_01_20260902_190156,0.2313,0.0,0.4541,0.4541,1.0,NONE,NONE,,5.1,111.9,08:27:00,30.0,BASELINE_HISTORICAL_CALIBRATION,245.5,6.0
OBS_000206,08:27:30,6150.0,12017,ROUTE_NDLS_DDN_01,SYNTHETIC_SIMULATOR,OK,29.401654,77.707361,119.925,104.5,29.03,104.5,0.0,702.2,110,,373.0,SEC_MTC_MOZ,,MTC,MOZ,8.075,194.075,CRUISING,,,,,-25.27,,,GREEN,LOW,False,,False,,JRN_NDLS_DDN_01_20260902_190156,0.2313,0.0,0.4541,0.4541,1.0,NONE,NONE,,4.6,111.4,08:27:30,30.0,BASELINE_HISTORICAL_CALIBRATION,245.0,5.5
OBS_000207,08:28:00,6180.0,12017,ROUTE_NDLS_DDN_01,SYNTHETIC_SIMULATOR,OK,29.409316,77.707484,120.796,104.5,29.03,104.5,0.0,702.2,110,,354.38,SEC_MTC_MOZ,,MTC,MOZ,7.204,193.204,CRUISING,,,,,-25.71,,,GREEN,LOW,False,,False,,JRN_NDLS_DDN_01_20260902_190156,0.2313,0.0,0.4541,0.4541,1.0,NONE,NONE,,4.1,110.9,08:28:00,30.0,BASELINE_HISTORICAL_CALIBRATION,244.5,5.0
OBS_000208,08:28:30,6210.0,12017,ROUTE_NDLS_DDN_01,SYNTHETIC_SIMULATOR,OK,29.416978,77.707607,121.667,104.5,29.03,104.5,0.0,702.2,110,,334.72,SEC_MTC_MOZ,,MTC,MOZ,6.333,192.333,CRUISING,,,,,-26.14,,,GREEN,LOW,False,,False,,JRN_NDLS_DDN_01_20260902_190156,0.2313,0.0,0.4541,0.4541,1.0,NONE,NONE,,3.6,110.4,08:28:30,30.0,BASELINE_HISTORICAL_CALIBRATION,244.0,4.5
OBS_000209,08:29:00,6240.0,12017,ROUTE_NDLS_DDN_01,SYNTHETIC_SIMULATOR,OK,29.42464,77.707729,122.537,104.5,29.03,104.5,0.0,702.2,110,,313.84,SEC_MTC_MOZ,,MTC,MOZ,5.463,191.463,CRUISING,,,,,-26.58,,,GREEN,LOW,False,,False,,JRN_NDLS_DDN_01_20260902_190156,0.2313,0.0,0.4541,0.4541,1.0,NONE,NONE,,3.1,109.9,08:29:00,30.0,BASELINE_HISTORICAL_CALIBRATION,243.5,4.0
OBS_000210,08:29:30,6270.0,12017,ROUTE_NDLS_DDN_01,SYNTHETIC_SIMULATOR,OK,29.432302,77.707852,123.408,104.5,29.03,104.5,0.0,702.2,110,,291.47,SEC_MTC_MOZ,,MTC,MOZ,4.592,190.592,CRUISING,,,,,-27.01,,,GREEN,LOW,False,,False,,JRN_NDLS_DDN_01_20260902_190156,0.2313,0.0,0.4541,0.4541,1.0,NONE,NONE,,2.6,109.4,08:29:30,30.0,BASELINE_HISTORICAL_CALIBRATION,243.0,3.5
OBS_000211,08:30:00,6300.0,12017,ROUTE_NDLS_DDN_01,SYNTHETIC_SIMULATOR,OK,29.439963,77.707975,124.279,104.5,29.03,104.5,0.0,702.2,110,,267.23,SEC_MTC_MOZ,,MTC,MOZ,3.721,189.721,CRUISING,,,,,-27.45,,,GREEN,LOW,False,,False,,JRN_NDLS_DDN_01_20260902_190156,0.2313,0.0,0.4541,0.4541,1.0,NONE,NONE,,2.1,108.9,08:30:00,30.0,BASELINE_HISTORICAL_CALIBRATION,242.5,3.0
OBS_000212,08:30:30,6330.0,12017,ROUTE_NDLS_DDN_01,SYNTHETIC_SIMULATOR,OK,29.447625,77.708098,125.15,104.5,29.03,104.5,0.0,702.2,110,,240.55,SEC_MTC_MOZ,,MTC,MOZ,2.85,188.85,CRUISING,,,,,-27.88,,,GREEN,LOW,False,,False,,JRN_NDLS_DDN_01_20260902_190156,0.2313,0.0,0.4541,0.4541,1.0,NONE,NONE,,1.6,108.4,08:30:30,30.0,BASELINE_HISTORICAL_CALIBRATION,242.0,2.5
OBS_000213,08:31:00,6360.0,12017,ROUTE_NDLS_DDN_01,SYNTHETIC_SIMULATOR,OK,29.455287,77.708221,126.021,104.5,29.03,104.5,0.0,702.2,110,,210.53,SEC_MTC_MOZ,,MTC,MOZ,1.979,187.979,CRUISING,,,,,-28.32,,,GREEN,LOW,False,,False,,JRN_NDLS_DDN_01_20260902_190156,0.2313,0.0,0.4541,0.4541,1.0,NONE,NONE,,1.1,107.9,08:31:00,30.0,BASELINE_HISTORICAL_CALIBRATION,241.5,2.0
OBS_000214,08:31:30,6390.0,12017,ROUTE_NDLS_DDN_01,SYNTHETIC_SIMULATOR,OK,29.462949,77.708344,126.892,104.5,29.03,104.5,0.0,702.2,110,,175.44,SEC_MTC_MOZ,,MTC,MOZ,1.108,187.108,CRUISING,,,,,-28.75,,,GREEN,LOW,False,,False,,JRN_NDLS_DDN_01_20260902_190156,0.2313,0.0,0.4541,0.4541,1.0,NONE,NONE,,0.6,107.4,08:31:30,30.0,BASELINE_HISTORICAL_CALIBRATION,241.0,1.5
OBS_000215,08:32:00,6420.0,12017,ROUTE_NDLS_DDN_01,SYNTHETIC_SIMULATOR,OK,29.47061,77.708466,127.762,104.5,29.03,104.5,0.0,702.2,110,,131.29,SEC_MTC_MOZ,,MTC,MOZ,0.238,186.238,CRUISING,,,,,-29.19,,,GREEN,LOW,False,,False,,JRN_NDLS_DDN_01_20260902_190156,0.2313,0.0,0.4541,0.4541,1.0,NONE,NONE,,0.1,106.9,08:32:00,30.0,BASELINE_HISTORICAL_CALIBRATION,240.5,1.0
OBS_000216,08:32:30,6450.0,12017,ROUTE_NDLS_DDN_01,SYNTHETIC_SIMULATOR,OK,29.471146,77.708475,127.823,39.7,11.03,60.77,-0.6,101.3,110,,60.77,SEC_MTC_MOZ,,MTC,MOZ,0.177,186.177,DECELERATING,,,,,-29.62,,,GREEN,LOW,False,,False,,JRN_NDLS_DDN_01_20260902_190156,0.2313,0.0,0.4541,0.4541,1.0,NONE,NONE,,0.3,281.4,08:32:30,30.0,BASELINE_HISTORICAL_CALIBRATION,240.0,0.5
OBS_000217,08:33:00,6480.0,12017,ROUTE_NDLS_DDN_01,SYNTHETIC_SIMULATOR,OK,29.4727,77.7085,128.0,0.0,0.0,52.42,0.0,0.0,110,,52.42,SEC_MTC_MOZ,MOZ,MOZ,SRE,59.0,186.0,DWELLING,ARRIVED,08:33:00,,,-29.19,,,GREEN,LOW,False,,False,,JRN_NDLS_DDN_01_20260902_190156,0.2313,0.0,0.4541,0.4541,1.0,NONE,NONE,,141.6,446.4,08:33:00,30.0,BASELINE_HISTORICAL_CALIBRATION,239.5,54.0
OBS_000218,08:33:30,6510.0,12017,ROUTE_NDLS_DDN_01,SYNTHETIC_SIMULATOR,OK,29.4727,77.7085,128.0,0.0,0.0,0.0,0.0,0.0,100,,0.0,SEC_MOZ_SRE,MOZ,MOZ,SRE,59.0,186.0,DWELLING,,,,,-28.88,,,GREEN,LOW,False,,False,,JRN_NDLS_DDN_01_20260902_190156,0.2313,0.0,0.4541,0.4541,1.0,NONE,NONE,,141.6,446.4,08:33:30,30.0,BASELINE_HISTORICAL_CALIBRATION,239.0,53.5
OBS_000219,08:34:00,6540.0,12017,ROUTE_NDLS_DDN_01,SYNTHETIC_SIMULATOR,OK,29.4727,77.7085,128.0,0.0,0.0,0.0,0.0,0.0,100,,0.0,SEC_MOZ_SRE,MOZ,MOZ,SRE,59.0,186.0,DWELLING,,,,,-28.38,,,GREEN,LOW,False,,False,,JRN_NDLS_DDN_01_20260902_190156,0.2313,0.0,0.4541,0.4541,1.0,NONE,NONE,,141.6,446.4,08:34:00,30.0,BASELINE_HISTORICAL_CALIBRATION,238.5,53.0
OBS_000220,08:34:30,6570.0,12017,ROUTE_NDLS_DDN_01,SYNTHETIC_SIMULATOR,OK,29.4727,77.7085,128.0,0.0,0.0,0.0,0.0,0.0,100,,0.0,SEC_MOZ_SRE,MOZ,MOZ,SRE,59.0,186.0,DWELLING,,,,,-27.88,,,GREEN,LOW,False,,False,,JRN_NDLS_DDN_01_20260902_190156,0.2313,0.0,0.4541,0.4541,1.0,NONE,NONE,,141.6,446.4,08:34:30,30.0,BASELINE_HISTORICAL_CALIBRATION,238.0,52.5
OBS_000221,08:35:00,6600.0,12017,ROUTE_NDLS_DDN_01,SYNTHETIC_SIMULATOR,OK,29.4727,77.7085,128.0,0.0,0.0,0.0,0.0,0.0,100,,0.0,SEC_MOZ_SRE,MOZ,MOZ,SRE,59.0,186.0,DWELLING,,,,,-27.38,,,GREEN,LOW,False,,False,,JRN_NDLS_DDN_01_20260902_190156,0.2313,0.0,0.4541,0.4541,1.0,NONE,NONE,,141.6,446.4,08:35:00,30.0,BASELINE_HISTORICAL_CALIBRATION,237.5,52.0
OBS_000222,08:35:30,6630.0,12017,ROUTE_NDLS_DDN_01,SYNTHETIC_SIMULATOR,OK,29.4727,77.7085,128.0,0.0,0.0,0.0,0.0,0.0,100,,0.0,SEC_MOZ_SRE,MOZ,MOZ,SRE,59.0,186.0,DWELLING,,,,,-26.88,,,GREEN,LOW,False,,False,,JRN_NDLS_DDN_01_20260902_190156,0.2313,0.0,0.4541,0.4541,1.0,NONE,NONE,,141.6,446.4,08:35:30,30.0,BASELINE_HISTORICAL_CALIBRATION,237.0,51.5
OBS_000223,08:36:00,6660.0,12017,ROUTE_NDLS_DDN_01,SYNTHETIC_SIMULATOR,OK,29.4727,77.7085,128.0,0.0,0.0,0.0,0.0,0.0,100,,0.0,SEC_MOZ_SRE,MOZ,MOZ,SRE,59.0,186.0,DWELLING,,,,,-26.38,,,GREEN,LOW,False,,False,,JRN_NDLS_DDN_01_20260902_190156,0.2313,0.0,0.4541,0.4541,1.0,NONE,NONE,,141.6,446.4,08:36:00,30.0,BASELINE_HISTORICAL_CALIBRATION,236.5,51.0
OBS_000224,08:36:30,6690.0,12017,ROUTE_NDLS_DDN_01,SYNTHETIC_SIMULATOR,OK,29.4727,77.7085,128.0,0.0,0.0,0.0,0.0,0.0,100,,0.0,SEC_MOZ_SRE,MOZ,MOZ,SRE,59.0,186.0,DWELLING,,,,,-25.88,,,GREEN,LOW,False,,False,,JRN_NDLS_DDN_01_20260902_190156,0.2313,0.0,0.4541,0.4541,1.0,NONE,NONE,,141.6,446.4,08:36:30,30.0,BASELINE_HISTORICAL_CALIBRATION,236.0,50.5
OBS_000225,08:37:00,6720.0,12017,ROUTE_NDLS_DDN_01,SYNTHETIC_SIMULATOR,OK,29.4727,77.7085,128.0,0.0,0.0,0.0,0.0,0.0,100,,0.0,SEC_MOZ_SRE,MOZ,MOZ,SRE,59.0,186.0,DWELLING,,,,,-25.38,,,GREEN,LOW,False,,False,,JRN_NDLS_DDN_01_20260902_190156,0.2313,0.0,0.4541,0.4541,1.0,NONE,NONE,,141.6,446.4,08:37:00,30.0,BASELINE_HISTORICAL_CALIBRATION,235.5,50.0
OBS_000226,08:37:30,6750.0,12017,ROUTE_NDLS_DDN_01,SYNTHETIC_SIMULATOR,OK,29.4727,77.7085,128.0,0.0,0.0,0.0,0.0,0.0,100,,0.0,SEC_MOZ_SRE,MOZ,MOZ,SRE,59.0,186.0,DWELLING,,,,,-24.88,,,GREEN,LOW,False,,False,,JRN_NDLS_DDN_01_20260902_190156,0.2313,0.0,0.4541,0.4541,1.0,NONE,NONE,,141.6,446.4,08:37:30,30.0,BASELINE_HISTORICAL_CALIBRATION,235.0,49.5
OBS_000227,08:38:00,6780.0,12017,ROUTE_NDLS_DDN_01,SYNTHETIC_SIMULATOR,OK,29.4727,77.7085,128.0,0.0,0.0,0.0,0.0,0.0,100,,0.0,SEC_MOZ_SRE,MOZ,MOZ,SRE,59.0,186.0,DWELLING,,,,,-24.38,,,GREEN,LOW,False,,False,,JRN_NDLS_DDN_01_20260902_190156,0.2313,0.0,0.4541,0.4541,1.0,NONE,NONE,,141.6,446.4,08:38:00,30.0,BASELINE_HISTORICAL_CALIBRATION,234.5,49.0
OBS_000228,08:38:30,6810.0,12017,ROUTE_NDLS_DDN_01,SYNTHETIC_SIMULATOR,OK,29.4727,77.7085,128.0,0.0,0.0,0.0,0.0,0.0,100,,0.0,SEC_MOZ_SRE,MOZ,MOZ,SRE,59.0,186.0,DWELLING,,,,,-23.88,,,GREEN,LOW,False,,False,,JRN_NDLS_DDN_01_20260902_190156,0.2313,0.0,0.4541,0.4541,1.0,NONE,NONE,,141.6,446.4,08:38:30,30.0,BASELINE_HISTORICAL_CALIBRATION,234.0,48.5
OBS_000229,08:39:00,6840.0,12017,ROUTE_NDLS_DDN_01,SYNTHETIC_SIMULATOR,OK,29.4727,77.7085,128.0,0.0,0.0,0.0,0.0,0.0,100,,0.0,SEC_MOZ_SRE,MOZ,MOZ,SRE,59.0,186.0,DWELLING,,,,,-23.38,,,GREEN,LOW,False,,False,,JRN_NDLS_DDN_01_20260902_190156,0.2313,0.0,0.4541,0.4541,1.0,NONE,NONE,,141.6,446.4,08:39:00,30.0,BASELINE_HISTORICAL_CALIBRATION,233.5,48.0
OBS_000230,08:39:30,6870.0,12017,ROUTE_NDLS_DDN_01,SYNTHETIC_SIMULATOR,OK,29.4727,77.7085,128.0,0.0,0.0,0.0,0.0,0.0,100,,0.0,SEC_MOZ_SRE,MOZ,MOZ,SRE,59.0,186.0,DWELLING,,,,,-22.88,,,GREEN,LOW,False,,False,,JRN_NDLS_DDN_01_20260902_190156,0.2313,0.0,0.4541,0.4541,1.0,NONE,NONE,,141.6,446.4,08:39:30,30.0,BASELINE_HISTORICAL_CALIBRATION,233.0,47.5
OBS_000231,08:40:00,6900.0,12017,ROUTE_NDLS_DDN_01,SYNTHETIC_SIMULATOR,OK,29.4727,77.7085,128.0,0.0,0.0,0.0,0.0,0.0,100,,0.0,SEC_MOZ_SRE,MOZ,MOZ,SRE,59.0,186.0,DWELLING,,,,,-22.38,,,GREEN,LOW,False,,False,,JRN_NDLS_DDN_01_20260902_190156,0.2313,0.0,0.4541,0.4541,1.0,NONE,NONE,,141.6,446.4,08:40:00,30.0,BASELINE_HISTORICAL_CALIBRATION,232.5,47.0
OBS_000232,08:40:30,6930.0,12017,ROUTE_NDLS_DDN_01,SYNTHETIC_SIMULATOR,OK,29.4727,77.7085,128.0,0.0,0.0,0.0,0.0,0.0,100,,0.0,SEC_MOZ_SRE,MOZ,MOZ,SRE,59.0,186.0,DWELLING,,,,,-21.88,,,GREEN,LOW,False,,False,,JRN_NDLS_DDN_01_20260902_190156,0.2313,0.0,0.4541,0.4541,1.0,NONE,NONE,,141.6,446.4,08:40:30,30.0,BASELINE_HISTORICAL_CALIBRATION,232.0,46.5
OBS_000233,08:41:00,6960.0,12017,ROUTE_NDLS_DDN_01,SYNTHETIC_SIMULATOR,OK,29.4727,77.7085,128.0,0.0,0.0,0.0,0.0,0.0,100,,0.0,SEC_MOZ_SRE,MOZ,MOZ,SRE,59.0,186.0,DWELLING,,,,,-21.38,,,GREEN,LOW,False,,False,,JRN_NDLS_DDN_01_20260902_190156,0.2313,0.0,0.4541,0.4541,1.0,NONE,NONE,,141.6,446.4,08:41:00,30.0,BASELINE_HISTORICAL_CALIBRATION,231.5,46.0
OBS_000234,08:41:30,6990.0,12017,ROUTE_NDLS_DDN_01,SYNTHETIC_SIMULATOR,OK,29.4727,77.7085,128.0,0.0,0.0,0.0,0.0,0.0,100,,0.0,SEC_MOZ_SRE,MOZ,MOZ,SRE,59.0,186.0,DWELLING,,,,,-20.88,,,GREEN,LOW,False,,False,,JRN_NDLS_DDN_01_20260902_190156,0.2313,0.0,0.4541,0.4541,1.0,NONE,NONE,,141.6,446.4,08:41:30,30.0,BASELINE_HISTORICAL_CALIBRATION,231.0,45.5
OBS_000235,08:42:00,7020.0,12017,ROUTE_NDLS_DDN_01,SYNTHETIC_SIMULATOR,OK,29.4727,77.7085,128.0,0.0,0.0,0.0,0.0,0.0,100,,0.0,SEC_MOZ_SRE,MOZ,MOZ,SRE,59.0,186.0,DWELLING,,,,,-20.38,,,GREEN,LOW,False,,False,,JRN_NDLS_DDN_01_20260902_190156,0.2313,0.0,0.4541,0.4541,1.0,NONE,NONE,,141.6,446.4,08:42:00,30.0,BASELINE_HISTORICAL_CALIBRATION,230.5,45.0
OBS_000236,08:42:30,7050.0,12017,ROUTE_NDLS_DDN_01,SYNTHETIC_SIMULATOR,OK,29.4727,77.7085,128.0,0.0,0.0,0.0,0.0,0.0,100,,0.0,SEC_MOZ_SRE,MOZ,MOZ,SRE,59.0,186.0,DWELLING,,,,,-19.88,,,GREEN,LOW,False,,False,,JRN_NDLS_DDN_01_20260902_190156,0.2313,0.0,0.4541,0.4541,1.0,NONE,NONE,,141.6,446.4,08:42:30,30.0,BASELINE_HISTORICAL_CALIBRATION,230.0,44.5
OBS_000237,08:43:00,7080.0,12017,ROUTE_NDLS_DDN_01,SYNTHETIC_SIMULATOR,OK,29.4727,77.7085,128.0,0.0,0.0,0.0,0.0,0.0,100,,0.0,SEC_MOZ_SRE,MOZ,MOZ,SRE,59.0,186.0,DWELLING,,,,,-19.38,,,GREEN,LOW,False,,False,,JRN_NDLS_DDN_01_20260902_190156,0.2313,0.0,0.4541,0.4541,1.0,NONE,NONE,,141.6,446.4,08:43:00,30.0,BASELINE_HISTORICAL_CALIBRATION,229.5,44.0
OBS_000238,08:43:30,7110.0,12017,ROUTE_NDLS_DDN_01,SYNTHETIC_SIMULATOR,OK,29.4727,77.7085,128.0,0.0,0.0,0.0,0.0,0.0,100,,0.0,SEC_MOZ_SRE,MOZ,MOZ,SRE,59.0,186.0,DWELLING,,,,,-18.88,,,GREEN,LOW,False,,False,,JRN_NDLS_DDN_01_20260902_190156,0.2313,0.0,0.4541,0.4541,1.0,NONE,NONE,,141.6,446.4,08:43:30,30.0,BASELINE_HISTORICAL_CALIBRATION,229.0,43.5
OBS_000239,08:44:00,7140.0,12017,ROUTE_NDLS_DDN_01,SYNTHETIC_SIMULATOR,OK,29.4727,77.7085,128.0,0.0,0.0,0.0,0.0,0.0,100,,0.0,SEC_MOZ_SRE,MOZ,MOZ,SRE,59.0,186.0,DWELLING,,,,,-18.38,,,GREEN,LOW,False,,False,,JRN_NDLS_DDN_01_20260902_190156,0.2313,0.0,0.4541,0.4541,1.0,NONE,NONE,,141.6,446.4,08:44:00,30.0,BASELINE_HISTORICAL_CALIBRATION,228.5,43.0
OBS_000240,08:44:30,7170.0,12017,ROUTE_NDLS_DDN_01,SYNTHETIC_SIMULATOR,OK,29.4727,77.7085,128.0,0.0,0.0,0.0,0.0,0.0,100,,0.0,SEC_MOZ_SRE,MOZ,MOZ,SRE,59.0,186.0,DWELLING,,,,,-17.88,,,GREEN,LOW,False,,False,,JRN_NDLS_DDN_01_20260902_190156,0.2313,0.0,0.4541,0.4541,1.0,NONE,NONE,,141.6,446.4,08:44:30,30.0,BASELINE_HISTORICAL_CALIBRATION,228.0,42.5
OBS_000241,08:45:00,7200.0,12017,ROUTE_NDLS_DDN_01,SYNTHETIC_SIMULATOR,OK,29.4727,77.7085,128.675,54.0,15.0,95.0,0.5,187.5,100,,957.9,SEC_MOZ_SRE,MOZ,MOZ,SRE,58.325,185.325,ACCELERATING,DEPARTED,,08:45:00,2,-17.38,,,GREEN,LOW,False,,False,,JRN_NDLS_DDN_01_20260902_190156,0.2313,0.0,0.4541,0.4541,1.0,NONE,NONE,,64.8,205.9,08:45:00,30.0,BASELINE_HISTORICAL_CALIBRATION,227.5,42.0
OBS_000242,08:45:30,7230.0,12017,ROUTE_NDLS_DDN_01,SYNTHETIC_SIMULATOR,OK,29.486787,77.703841,129.692,95.0,26.39,95.0,0.5,580.3,100,,952.4,SEC_MOZ_SRE,,MOZ,SRE,57.308,184.308,ACCELERATING,,,,,-17.6,,,GREEN,LOW,False,,False,,JRN_NDLS_DDN_01_20260902_190156,0.2313,0.0,0.4541,0.4541,1.0,NONE,NONE,,36.2,116.4,08:45:30,30.0,BASELINE_HISTORICAL_CALIBRATION,227.0,41.5
OBS_000243,08:46:00,7260.0,12017,ROUTE_NDLS_DDN_01,SYNTHETIC_SIMULATOR,OK,29.493379,77.70166,130.483,95.0,26.39,95.0,0.0,580.3,100,,944.07,SEC_MOZ_SRE,,MOZ,SRE,56.517,183.517,CRUISING,,,,,-18.19,,,GREEN,LOW,False,,False,,JRN_NDLS_DDN_01_20260902_190156,0.2313,0.0,0.4541,0.4541,1.0,NONE,NONE,,35.7,115.9,08:46:00,30.0,BASELINE_HISTORICAL_CALIBRATION,226.5,41.0
OBS_000244,08:46:30,7290.0,12017,ROUTE_NDLS_DDN_01,SYNTHETIC_SIMULATOR,OK,29.499971,77.69948,131.275,95.0,26.39,95.0,0.0,580.3,100,,937.52,SEC_MOZ_SRE,,MOZ,SRE,55.725,182.725,CRUISING,,,,,-18.54,,,GREEN,LOW,False,,False,,JRN_NDLS_DDN_01_20260902_190156,0.2313,0.0,0.4541,0.4541,1.0,NONE,NONE,,35.2,115.4,08:46:30,30.0,BASELINE_HISTORICAL_CALIBRATION,226.0,40.5
OBS_000245,08:47:00,7320.0,12017,ROUTE_NDLS_DDN_01,SYNTHETIC_SIMULATOR,OK,29.506564,77.697299,132.067,95.0,26.39,95.0,0.0,580.3,100,,930.93,SEC_MOZ_SRE,,MOZ,SRE,54.933,181.933,CRUISING,,,,,-18.89,,,GREEN,LOW,False,,False,,JRN_NDLS_DDN_01_20260902_190156,0.2313,0.0,0.4541,0.4541,1.0,NONE,NONE,,34.7,114.9,08:47:00,30.0,BASELINE_HISTORICAL_CALIBRATION,225.5,40.0
OBS_000246,08:47:30,7350.0,12017,ROUTE_NDLS_DDN_01,SYNTHETIC_SIMULATOR,OK,29.513156,77.695119,132.858,95.0,26.39,95.0,0.0,580.3,100,,924.3,SEC_MOZ_SRE,,MOZ,SRE,54.142,181.142,CRUISING,,,,,-19.24,,,GREEN,LOW,False,,False,,JRN_NDLS_DDN_01_20260902_190156,0.2313,0.0,0.4541,0.4541,1.0,NONE,NONE,,34.2,114.4,08:47:30,30.0,BASELINE_HISTORICAL_CALIBRATION,225.0,39.5
OBS_000247,08:48:00,7380.0,12017,ROUTE_NDLS_DDN_01,SYNTHETIC_SIMULATOR,OK,29.519748,77.692939,133.65,95.0,26.39,95.0,0.0,580.3,100,,917.61,SEC_MOZ_SRE,,MOZ,SRE,53.35,180.35,CRUISING,,,,,-19.59,,,GREEN,LOW,False,,False,,JRN_NDLS_DDN_01_20260902_190156,0.2313,0.0,0.4541,0.4541,1.0,NONE,NONE,,33.7,113.9,08:48:00,30.0,BASELINE_HISTORICAL_CALIBRATION,224.5,39.0
OBS_000248,08:48:30,7410.0,12017,ROUTE_NDLS_DDN_01,SYNTHETIC_SIMULATOR,OK,29.526341,77.690758,134.442,95.0,26.39,95.0,0.0,580.3,100,,910.88,SEC_MOZ_SRE,,MOZ,SRE,52.558,179.558,CRUISING,,,,,-19.94,,,GREEN,LOW,False,,False,,JRN_NDLS_DDN_01_20260902_190156,0.2313,0.0,0.4541,0.4541,1.0,NONE,NONE,,33.2,113.4,08:48:30,30.0,BASELINE_HISTORICAL_CALIBRATION,224.0,38.5
OBS_000249,08:49:00,7440.0,12017,ROUTE_NDLS_DDN_01,SYNTHETIC_SIMULATOR,OK,29.532933,77.688578,135.233,95.0,26.39,95.0,0.0,580.3,100,,904.09,SEC_MOZ_SRE,,MOZ,SRE,51.767,178.767,CRUISING,,,,,-20.29,,,GREEN,LOW,False,,False,,JRN_NDLS_DDN_01_20260902_190156,0.2313,0.0,0.4541,0.4541,1.0,NONE,NONE,,32.7,112.9,08:49:00,30.0,BASELINE_HISTORICAL_CALIBRATION,223.5,38.0
OBS_000250,08:49:30,7470.0,12017,ROUTE_NDLS_DDN_01,SYNTHETIC_SIMULATOR,OK,29.539525,77.686397,136.025,95.0,26.39,95.0,0.0,580.3,100,,897.26,SEC_MOZ_SRE,,MOZ,SRE,50.975,177.975,CRUISING,,,,,-20.64,,,GREEN,LOW,False,,False,,JRN_NDLS_DDN_01_20260902_190156,0.2313,0.0,0.4541,0.4541,1.0,NONE,NONE,,32.2,112.4,08:49:30,30.0,BASELINE_HISTORICAL_CALIBRATION,223.0,37.5
OBS_000251,08:50:00,7500.0,12017,ROUTE_NDLS_DDN_01,SYNTHETIC_SIMULATOR,OK,29.546117,77.684217,136.817,95.0,26.39,95.0,0.0,580.3,100,,890.37,SEC_MOZ_SRE,,MOZ,SRE,50.183,177.183,CRUISING,,,,,-20.99,,,GREEN,LOW,False,,False,,JRN_NDLS_DDN_01_20260902_190156,0.2313,0.0,0.4541,0.4541,1.0,NONE,NONE,,31.7,111.9,08:50:00,30.0,BASELINE_HISTORICAL_CALIBRATION,222.5,37.0
OBS_000252,08:50:30,7530.0,12017,ROUTE_NDLS_DDN_01,SYNTHETIC_SIMULATOR,OK,29.55271,77.682036,137.608,95.0,26.39,95.0,0.0,580.3,100,,883.43,SEC_MOZ_SRE,,MOZ,SRE,49.392,176.392,CRUISING,,,,,-21.34,,,GREEN,LOW,False,,False,,JRN_NDLS_DDN_01_20260902_190156,0.2313,0.0,0.4541,0.4541,1.0,NONE,NONE,,31.2,111.4,08:50:30,30.0,BASELINE_HISTORICAL_CALIBRATION,222.0,36.5
OBS_000253,08:51:00,7560.0,12017,ROUTE_NDLS_DDN_01,SYNTHETIC_SIMULATOR,OK,29.559302,77.679856,138.4,95.0,26.39,95.0,0.0,580.3,100,,876.44,SEC_MOZ_SRE,,MOZ,SRE,48.6,175.6,CRUISING,,,,,-21.69,,,GREEN,LOW,False,,False,,JRN_NDLS_DDN_01_20260902_190156,0.2313,0.0,0.4541,0.4541,1.0,NONE,NONE,,30.7,110.9,08:51:00,30.0,BASELINE_HISTORICAL_CALIBRATION,221.5,36.0
OBS_000254,08:51:30,7590.0,12017,ROUTE_NDLS_DDN_01,SYNTHETIC_SIMULATOR,OK,29.565894,77.677675,139.192,95.0,26.39,95.0,0.0,580.3,100,,869.38,SEC_MOZ_SRE,,MOZ,SRE,47.808,174.808,CRUISING,,,,,-22.04,,,GREEN,LOW,False,,False,,JRN_NDLS_DDN_01_20260902_190156,0.2313,0.0,0.4541,0.4541,1.0,NONE,NONE,,30.2,110.4,08:51:30,30.0,BASELINE_HISTORICAL_CALIBRATION,221.0,35.5
OBS_000255,08:52:00,7620.0,12017,ROUTE_NDLS_DDN_01,SYNTHETIC_SIMULATOR,OK,29.572487,77.675495,139.983,95.0,26.39,95.0,0.0,580.3,100,,862.27,SEC_MOZ_SRE,,MOZ,SRE,47.017,174.017,CRUISING,,,,,-22.39,,,GREEN,LOW,False,,False,,JRN_NDLS_DDN_01_20260902_190156,0.2313,0.0,0.4541,0.4541,1.0,NONE,NONE,,29.7,109.9,08:52:00,30.0,BASELINE_HISTORICAL_CALIBRATION,220.5,35.0
OBS_000256,08:52:30,7650.0,12017,ROUTE_NDLS_DDN_01,SYNTHETIC_SIMULATOR,OK,29.579079,77.673315,140.775,95.0,26.39,95.0,0.0,580.3,100,,855.1,SEC_MOZ_SRE,,MOZ,SRE,46.225,173.225,CRUISING,,,,,-22.74,,,GREEN,LOW,False,,False,,JRN_NDLS_DDN_01_20260902_190156,0.2313,0.0,0.4541,0.4541,1.0,NONE,NONE,,29.2,109.4,08:52:30,30.0,BASELINE_HISTORICAL_CALIBRATION,220.0,34.5
OBS_000257,08:53:00,7680.0,12017,ROUTE_NDLS_DDN_01,SYNTHETIC_SIMULATOR,OK,29.585671,77.671134,141.567,95.0,26.39,95.0,0.0,580.3,100,,847.87,SEC_MOZ_SRE,,MOZ,SRE,45.433,172.433,CRUISING,,,,,-23.09,,,GREEN,LOW,False,,False,,JRN_NDLS_DDN_01_20260902_190156,0.2313,0.0,0.4541,0.4541,1.0,NONE,NONE,,28.7,108.9,08:53:00,30.0,BASELINE_HISTORICAL_CALIBRATION,219.5,34.0
OBS_000258,08:53:30,7710.0,12017,ROUTE_NDLS_DDN_01,SYNTHETIC_SIMULATOR,OK,29.592264,77.668954,142.358,95.0,26.39,95.0,0.0,580.3,100,,840.58,SEC_MOZ_SRE,,MOZ,SRE,44.642,171.642,CRUISING,,,,,-23.44,,,GREEN,LOW,False,,False,,JRN_NDLS_DDN_01_20260902_190156,0.2313,0.0,0.4541,0.4541,1.0,NONE,NONE,,28.2,108.4,08:53:30,30.0,BASELINE_HISTORICAL_CALIBRATION,219.0,33.5
OBS_000259,08:54:00,7740.0,12017,ROUTE_NDLS_DDN_01,SYNTHETIC_SIMULATOR,OK,29.598856,77.666773,143.15,95.0,26.39,95.0,0.0,580.3,100,,833.23,SEC_MOZ_SRE,,MOZ,SRE,43.85,170.85,CRUISING,,,,,-23.79,,,GREEN,LOW,False,,False,,JRN_NDLS_DDN_01_20260902_190156,0.2313,0.0,0.4541,0.4541,1.0,NONE,NONE,,27.7,107.9,08:54:00,30.0,BASELINE_HISTORICAL_CALIBRATION,218.5,33.0
OBS_000260,08:54:30,7770.0,12017,ROUTE_NDLS_DDN_01,SYNTHETIC_SIMULATOR,OK,29.605448,77.664593,143.942,95.0,26.39,95.0,0.0,580.3,100,,825.81,SEC_MOZ_SRE,,MOZ,SRE,43.058,170.058,CRUISING,,,,,-24.14,,,GREEN,LOW,False,,False,,JRN_NDLS_DDN_01_20260902_190156,0.2313,0.0,0.4541,0.4541,1.0,NONE,NONE,,27.2,107.4,08:54:30,30.0,BASELINE_HISTORICAL_CALIBRATION,218.0,32.5
OBS_000261,08:55:00,7800.0,12017,ROUTE_NDLS_DDN_01,SYNTHETIC_SIMULATOR,OK,29.61204,77.662412,144.733,95.0,26.39,95.0,0.0,580.3,100,,818.32,SEC_MOZ_SRE,,MOZ,SRE,42.267,169.267,CRUISING,,,,,-24.49,,,GREEN,LOW,False,,False,,JRN_NDLS_DDN_01_20260902_190156,0.2313,0.0,0.4541,0.4541,1.0,NONE,NONE,,26.7,106.9,08:55:00,30.0,BASELINE_HISTORICAL_CALIBRATION,217.5,32.0
OBS_000262,08:55:30,7830.0,12017,ROUTE_NDLS_DDN_01,SYNTHETIC_SIMULATOR,OK,29.618633,77.660232,145.525,95.0,26.39,95.0,0.0,580.3,100,,810.76,SEC_MOZ_SRE,,MOZ,SRE,41.475,168.475,CRUISING,,,,,-24.83,,,GREEN,LOW,False,,False,,JRN_NDLS_DDN_01_20260902_190156,0.2313,0.0,0.4541,0.4541,1.0,NONE,NONE,,26.2,106.4,08:55:30,30.0,BASELINE_HISTORICAL_CALIBRATION,217.0,31.5
OBS_000263,08:56:00,7860.0,12017,ROUTE_NDLS_DDN_01,SYNTHETIC_SIMULATOR,OK,29.625225,77.658052,146.317,95.0,26.39,95.0,0.0,580.3,100,,803.13,SEC_MOZ_SRE,,MOZ,SRE,40.683,167.683,CRUISING,,,,,-25.18,,,GREEN,LOW,False,,False,,JRN_NDLS_DDN_01_20260902_190156,0.2313,0.0,0.4541,0.4541,1.0,NONE,NONE,,25.7,105.9,08:56:00,30.0,BASELINE_HISTORICAL_CALIBRATION,216.5,31.0
OBS_000264,08:56:30,7890.0,12017,ROUTE_NDLS_DDN_01,SYNTHETIC_SIMULATOR,OK,29.631817,77.655871,147.108,95.0,26.39,95.0,0.0,580.3,100,,795.43,SEC_MOZ_SRE,,MOZ,SRE,39.892,166.892,CRUISING,,,,,-25.53,,,GREEN,LOW,False,,False,,JRN_NDLS_DDN_01_20260902_190156,0.2313,0.0,0.4541,0.4541,1.0,NONE,NONE,,25.2,105.4,08:56:30,30.0,BASELINE_HISTORICAL_CALIBRATION,216.0,30.5
OBS_000265,08:57:00,7920.0,12017,ROUTE_NDLS_DDN_01,SYNTHETIC_SIMULATOR,OK,29.63841,77.653691,147.9,95.0,26.39,95.0,0.0,580.3,100,,787.65,SEC_MOZ_SRE,,MOZ,SRE,39.1,166.1,CRUISING,,,,,-25.88,,,GREEN,LOW,False,,False,,JRN_NDLS_DDN_01_20260902_190156,0.2313,0.0,0.4541,0.4541,1.0,NONE,NONE,,24.7,104.9,08:57:00,30.0,BASELINE_HISTORICAL_CALIBRATION,215.5,30.0
OBS_000266,08:57:30,7950.0,12017,ROUTE_NDLS_DDN_01,SYNTHETIC_SIMULATOR,OK,29.645002,77.65151,148.692,95.0,26.39,95.0,0.0,580.3,100,,779.8,SEC_MOZ_SRE,,MOZ,SRE,38.308,165.308,CRUISING,,,,,-26.23,,,GREEN,LOW,False,,False,,JRN_NDLS_DDN_01_20260902_190156,0.2313,0.0,0.4541,0.4541,1.0,NONE,NONE,,24.2,104.4,08:57:30,30.0,BASELINE_HISTORICAL_CALIBRATION,215.0,29.5
OBS_000267,08:58:00,7980.0,12017,ROUTE_NDLS_DDN_01,SYNTHETIC_SIMULATOR,OK,29.651594,77.64933,149.483,95.0,26.39,95.0,0.0,580.3,100,,771.86,SEC_MOZ_SRE,,MOZ,SRE,37.517,164.517,CRUISING,,,,,-26.58,,,GREEN,LOW,False,,False,,JRN_NDLS_DDN_01_20260902_190156,0.2313,0.0,0.4541,0.4541,1.0,NONE,NONE,,23.7,103.9,08:58:00,30.0,BASELINE_HISTORICAL_CALIBRATION,214.5,29.0
OBS_000268,08:58:30,8010.0,12017,ROUTE_NDLS_DDN_01,SYNTHETIC_SIMULATOR,OK,29.658187,77.647149,150.275,95.0,26.39,95.0,0.0,580.3,100,,763.85,SEC_MOZ_SRE,,MOZ,SRE,36.725,163.725,CRUISING,,,,,-26.93,,,GREEN,LOW,False,,False,,JRN_NDLS_DDN_01_20260902_190156,0.2313,0.0,0.4541,0.4541,1.0,NONE,NONE,,23.2,103.4,08:58:30,30.0,BASELINE_HISTORICAL_CALIBRATION,214.0,28.5
OBS_000269,08:59:00,8040.0,12017,ROUTE_NDLS_DDN_01,SYNTHETIC_SIMULATOR,OK,29.664779,77.644969,151.067,95.0,26.39,95.0,0.0,580.3,100,,755.74,SEC_MOZ_SRE,,MOZ,SRE,35.933,162.933,CRUISING,,,,,-27.28,,,GREEN,LOW,False,,False,,JRN_NDLS_DDN_01_20260902_190156,0.2313,0.0,0.4541,0.4541,1.0,NONE,NONE,,22.7,102.9,08:59:00,30.0,BASELINE_HISTORICAL_CALIBRATION,213.5,28.0
OBS_000270,08:59:30,8070.0,12017,ROUTE_NDLS_DDN_01,SYNTHETIC_SIMULATOR,OK,29.671371,77.642788,151.858,95.0,26.39,95.0,0.0,580.3,100,,747.55,SEC_MOZ_SRE,,MOZ,SRE,35.142,162.142,CRUISING,,,,,-27.63,,,GREEN,LOW,False,,False,,JRN_NDLS_DDN_01_20260902_190156,0.2313,0.0,0.4541,0.4541,1.0,NONE,NONE,,22.2,102.4,08:59:30,30.0,BASELINE_HISTORICAL_CALIBRATION,213.0,27.5
OBS_000271,09:00:00,8100.0,12017,ROUTE_NDLS_DDN_01,SYNTHETIC_SIMULATOR,OK,29.671371,77.642788,151.858,30.2,8.39,0.0,-0.6,58.6,100,,739.27,SEC_MOZ_SRE,,MOZ,SRE,35.142,162.142,DECELERATING,,,,,-27.98,,,RED,LOW,False,,False,EVT_002,JRN_NDLS_DDN_01_20260902_190156,0.2257,0.0,0.4541,0.4541,0.92,NONE,NONE,,69.8,322.1,09:00:00,30.0,BASELINE_HISTORICAL_CALIBRATION,212.5,27.0
OBS_000272,09:00:30,8130.0,12017,ROUTE_NDLS_DDN_01,SYNTHETIC_SIMULATOR,OK,29.671371,77.642788,151.858,0.0,0.0,0.0,-0.6,0.0,100,,739.27,SEC_MOZ_SRE,,MOZ,SRE,35.142,162.142,STOPPED,,,,,-27.48,,,RED,LOW,False,,False,EVT_002,JRN_NDLS_DDN_01_20260902_190156,0.2257,0.0,0.4541,0.4541,0.92,NONE,NONE,,84.3,389.1,09:00:30,30.0,BASELINE_HISTORICAL_CALIBRATION,212.0,26.5
OBS_000273,09:01:00,8160.0,12017,ROUTE_NDLS_DDN_01,SYNTHETIC_SIMULATOR,OK,29.671371,77.642788,151.858,0.0,0.0,0.0,0.0,0.0,100,,739.27,SEC_MOZ_SRE,,MOZ,SRE,35.142,162.142,STOPPED,,,,,-26.98,,,RED,LOW,False,,False,EVT_002,JRN_NDLS_DDN_01_20260902_190156,0.2257,0.0,0.4541,0.4541,0.92,NONE,NONE,,84.3,389.1,09:01:00,30.0,BASELINE_HISTORICAL_CALIBRATION,211.5,26.0
OBS_000274,09:01:30,8190.0,12017,ROUTE_NDLS_DDN_01,SYNTHETIC_SIMULATOR,OK,29.671371,77.642788,151.858,0.0,0.0,0.0,0.0,0.0,100,,739.27,SEC_MOZ_SRE,,MOZ,SRE,35.142,162.142,STOPPED,,,,,-26.48,,,RED,LOW,False,,False,EVT_002,JRN_NDLS_DDN_01_20260902_190156,0.2257,0.0,0.4541,0.4541,0.92,NONE,NONE,,84.3,389.1,09:01:30,30.0,BASELINE_HISTORICAL_CALIBRATION,211.0,25.5
OBS_000275,09:02:00,8220.0,12017,ROUTE_NDLS_DDN_01,SYNTHETIC_SIMULATOR,OK,29.671371,77.642788,151.858,0.0,0.0,0.0,0.0,0.0,100,,739.27,SEC_MOZ_SRE,,MOZ,SRE,35.142,162.142,STOPPED,,,,,-25.98,,,RED,LOW,False,,False,EVT_002,JRN_NDLS_DDN_01_20260902_190156,0.2257,0.0,0.4541,0.4541,0.92,NONE,NONE,,84.3,389.1,09:02:00,30.0,BASELINE_HISTORICAL_CALIBRATION,210.5,25.0
OBS_000276,09:02:30,8250.0,12017,ROUTE_NDLS_DDN_01,SYNTHETIC_SIMULATOR,OK,29.671371,77.642788,151.858,0.0,0.0,0.0,0.0,0.0,100,,739.27,SEC_MOZ_SRE,,MOZ,SRE,35.142,162.142,STOPPED,,,,,-25.48,,,RED,LOW,False,,False,EVT_002,JRN_NDLS_DDN_01_20260902_190156,0.2257,0.0,0.4541,0.4541,0.92,NONE,NONE,,84.3,389.1,09:02:30,30.0,BASELINE_HISTORICAL_CALIBRATION,210.0,24.5
OBS_000277,09:03:00,8280.0,12017,ROUTE_NDLS_DDN_01,SYNTHETIC_SIMULATOR,OK,29.671371,77.642788,151.858,0.0,0.0,0.0,0.0,0.0,100,,739.27,SEC_MOZ_SRE,,MOZ,SRE,35.142,162.142,STOPPED,,,,,-24.98,,,RED,LOW,False,,False,EVT_002,JRN_NDLS_DDN_01_20260902_190156,0.2257,0.0,0.4541,0.4541,0.92,NONE,NONE,,84.3,389.1,09:03:00,30.0,BASELINE_HISTORICAL_CALIBRATION,209.5,24.0
OBS_000278,09:03:30,8310.0,12017,ROUTE_NDLS_DDN_01,SYNTHETIC_SIMULATOR,OK,29.671371,77.642788,151.858,0.0,0.0,0.0,0.0,0.0,100,,739.27,SEC_MOZ_SRE,,MOZ,SRE,35.142,162.142,STOPPED,,,,,-24.48,,,RED,LOW,False,,False,EVT_002,JRN_NDLS_DDN_01_20260902_190156,0.2257,0.0,0.4541,0.4541,0.92,NONE,NONE,,84.3,389.1,09:03:30,30.0,BASELINE_HISTORICAL_CALIBRATION,209.0,23.5
OBS_000279,09:04:00,8340.0,12017,ROUTE_NDLS_DDN_01,SYNTHETIC_SIMULATOR,OK,29.671371,77.642788,151.858,0.0,0.0,0.0,0.0,0.0,100,,739.27,SEC_MOZ_SRE,,MOZ,SRE,35.142,162.142,STOPPED,,,,,-23.98,,,RED,LOW,False,,False,EVT_002,JRN_NDLS_DDN_01_20260902_190156,0.2257,0.0,0.4541,0.4541,0.92,NONE,NONE,,84.3,389.1,09:04:00,30.0,BASELINE_HISTORICAL_CALIBRATION,208.5,23.0
OBS_000280,09:04:30,8370.0,12017,ROUTE_NDLS_DDN_01,SYNTHETIC_SIMULATOR,OK,29.676992,77.640929,152.533,54.0,15.0,95.0,0.5,187.5,100,,739.27,SEC_MOZ_SRE,,MOZ,SRE,34.467,161.467,ACCELERATING,,,,,-23.48,,,GREEN,LOW,False,,False,,JRN_NDLS_DDN_01_20260902_190156,0.2257,0.0,0.4541,0.4541,0.92,NONE,NONE,,38.3,179.4,09:04:30,30.0,BASELINE_HISTORICAL_CALIBRATION,208.0,22.5
OBS_000281,09:05:00,8400.0,12017,ROUTE_NDLS_DDN_01,SYNTHETIC_SIMULATOR,OK,29.685458,77.638129,153.55,95.0,26.39,95.0,0.5,580.3,100,,732.14,SEC_MOZ_SRE,,MOZ,SRE,33.45,160.45,ACCELERATING,,,,,-23.71,,,GREEN,LOW,False,,False,,JRN_NDLS_DDN_01_20260902_190156,0.2257,0.0,0.4541,0.4541,0.92,NONE,NONE,,21.1,101.3,09:05:00,30.0,BASELINE_HISTORICAL_CALIBRATION,207.5,22.0
OBS_000282,09:05:30,8430.0,12017,ROUTE_NDLS_DDN_01,SYNTHETIC_SIMULATOR,OK,29.69205,77.635949,154.342,95.0,26.39,95.0,0.0,580.3,100,,721.26,SEC_MOZ_SRE,,MOZ,SRE,32.658,159.658,CRUISING,,,,,-24.3,,,GREEN,LOW,False,,False,,JRN_NDLS_DDN_01_20260902_190156,0.2257,0.0,0.4541,0.4541,0.92,NONE,NONE,,20.6,100.8,09:05:30,30.0,BASELINE_HISTORICAL_CALIBRATION,207.0,21.5
OBS_000283,09:06:00,8460.0,12017,ROUTE_NDLS_DDN_01,SYNTHETIC_SIMULATOR,OK,29.698642,77.633768,155.133,95.0,26.39,95.0,0.0,580.3,100,,712.67,SEC_MOZ_SRE,,MOZ,SRE,31.867,158.867,CRUISING,,,,,-24.65,,,GREEN,LOW,False,,False,,JRN_NDLS_DDN_01_20260902_190156,0.2257,0.0,0.4541,0.4541,0.92,NONE,NONE,,20.1,100.3,09:06:00,30.0,BASELINE_HISTORICAL_CALIBRATION,206.5,21.0
OBS_000284,09:06:30,8490.0,12017,ROUTE_NDLS_DDN_01,SYNTHETIC_SIMULATOR,OK,29.705235,77.631588,155.925,95.0,26.39,95.0,0.0,580.3,100,,703.98,SEC_MOZ_SRE,,MOZ,SRE,31.075,158.075,CRUISING,,,,,-25.0,,,GREEN,LOW,False,,False,,JRN_NDLS_DDN_01_20260902_190156,0.2257,0.0,0.4541,0.4541,0.92,NONE,NONE,,19.6,99.8,09:06:30,30.0,BASELINE_HISTORICAL_CALIBRATION,206.0,20.5
OBS_000285,09:07:00,8520.0,12017,ROUTE_NDLS_DDN_01,SYNTHETIC_SIMULATOR,OK,29.711827,77.629407,156.717,95.0,26.39,95.0,0.0,580.3,100,,695.18,SEC_MOZ_SRE,,MOZ,SRE,30.283,157.283,CRUISING,,,,,-25.35,,,GREEN,LOW,False,,False,,JRN_NDLS_DDN_01_20260902_190156,0.2257,0.0,0.4541,0.4541,0.92,NONE,NONE,,19.1,99.3,09:07:00,30.0,BASELINE_HISTORICAL_CALIBRATION,205.5,20.0
OBS_000286,09:07:30,8550.0,12017,ROUTE_NDLS_DDN_01,SYNTHETIC_SIMULATOR,OK,29.718419,77.627227,157.508,95.0,26.39,95.0,0.0,580.3,100,,686.27,SEC_MOZ_SRE,,MOZ,SRE,29.492,156.492,CRUISING,,,,,-25.7,,,GREEN,LOW,False,,False,,JRN_NDLS_DDN_01_20260902_190156,0.2257,0.0,0.4541,0.4541,0.92,NONE,NONE,,18.6,98.8,09:07:30,30.0,BASELINE_HISTORICAL_CALIBRATION,205.0,19.5
OBS_000287,09:08:00,8580.0,12017,ROUTE_NDLS_DDN_01,SYNTHETIC_SIMULATOR,OK,29.725012,77.625047,158.3,95.0,26.39,95.0,0.0,580.3,100,,677.24,SEC_MOZ_SRE,,MOZ,SRE,28.7,155.7,CRUISING,,,,,-26.05,,,GREEN,LOW,False,,False,,JRN_NDLS_DDN_01_20260902_190156,0.2257,0.0,0.4541,0.4541,0.92,NONE,NONE,,18.1,98.3,09:08:00,30.0,BASELINE_HISTORICAL_CALIBRATION,204.5,19.0
OBS_000288,09:08:30,8610.0,12017,ROUTE_NDLS_DDN_01,SYNTHETIC_SIMULATOR,OK,29.731604,77.622866,159.092,95.0,26.39,95.0,0.0,580.3,100,,668.09,SEC_MOZ_SRE,,MOZ,SRE,27.908,154.908,CRUISING,,,,,-26.4,,,GREEN,LOW,False,,False,,JRN_NDLS_DDN_01_20260902_190156,0.2257,0.0,0.4541,0.4541,0.92,NONE,NONE,,17.6,97.8,09:08:30,30.0,BASELINE_HISTORICAL_CALIBRATION,204.0,18.5
OBS_000289,09:09:00,8640.0,12017,ROUTE_NDLS_DDN_01,SYNTHETIC_SIMULATOR,OK,29.738196,77.620686,159.883,95.0,26.39,95.0,0.0,580.3,100,,658.81,SEC_MOZ_SRE,,MOZ,SRE,27.117,154.117,CRUISING,,,,,-26.74,,,GREEN,LOW,False,,False,,JRN_NDLS_DDN_01_20260902_190156,0.2257,0.0,0.4541,0.4541,0.92,NONE,NONE,,17.1,97.3,09:09:00,30.0,BASELINE_HISTORICAL_CALIBRATION,203.5,18.0
OBS_000290,09:09:30,8670.0,12017,ROUTE_NDLS_DDN_01,SYNTHETIC_SIMULATOR,OK,29.744789,77.618505,160.675,95.0,26.39,95.0,0.0,580.3,100,,649.4,SEC_MOZ_SRE,,MOZ,SRE,26.325,153.325,CRUISING,,,,,-27.09,,,GREEN,LOW,False,,False,,JRN_NDLS_DDN_01_20260902_190156,0.2257,0.0,0.4541,0.4541,0.92,NONE,NONE,,16.6,96.8,09:09:30,30.0,BASELINE_HISTORICAL_CALIBRATION,203.0,17.5
OBS_000291,09:10:00,8700.0,12017,ROUTE_NDLS_DDN_01,SYNTHETIC_SIMULATOR,OK,29.751381,77.616325,161.467,95.0,26.39,95.0,0.0,580.3,100,,639.85,SEC_MOZ_SRE,,MOZ,SRE,25.533,152.533,CRUISING,,,,,-27.44,,,GREEN,LOW,False,,False,,JRN_NDLS_DDN_01_20260902_190156,0.2257,0.0,0.4541,0.4541,0.92,NONE,NONE,,16.1,96.3,09:10:00,30.0,BASELINE_HISTORICAL_CALIBRATION,202.5,17.0
OBS_000292,09:10:30,8730.0,12017,ROUTE_NDLS_DDN_01,SYNTHETIC_SIMULATOR,OK,29.757973,77.614144,162.258,95.0,26.39,95.0,0.0,580.3,100,,630.15,SEC_MOZ_SRE,,MOZ,SRE,24.742,151.742,CRUISING,,,,,-27.79,,,GREEN,LOW,False,,False,,JRN_NDLS_DDN_01_20260902_190156,0.2257,0.0,0.4541,0.4541,0.92,NONE,NONE,,15.6,95.8,09:10:30,30.0,BASELINE_HISTORICAL_CALIBRATION,202.0,16.5
OBS_000293,09:11:00,8760.0,12017,ROUTE_NDLS_DDN_01,SYNTHETIC_SIMULATOR,OK,29.764566,77.611964,163.05,95.0,26.39,95.0,0.0,580.3,100,,620.31,SEC_MOZ_SRE,,MOZ,SRE,23.95,150.95,CRUISING,,,,,-28.14,,,GREEN,LOW,False,,False,,JRN_NDLS_DDN_01_20260902_190156,0.2257,0.0,0.4541,0.4541,0.92,NONE,NONE,,15.1,95.3,09:11:00,30.0,BASELINE_HISTORICAL_CALIBRATION,201.5,16.0
OBS_000294,09:11:30,8790.0,12017,ROUTE_NDLS_DDN_01,SYNTHETIC_SIMULATOR,OK,29.771158,77.609784,163.842,95.0,26.39,95.0,0.0,580.3,100,,610.3,SEC_MOZ_SRE,,MOZ,SRE,23.158,150.158,CRUISING,,,,,-28.49,,,GREEN,LOW,False,,False,,JRN_NDLS_DDN_01_20260902_190156,0.2257,0.0,0.4541,0.4541,0.92,NONE,NONE,,14.6,94.8,09:11:30,30.0,BASELINE_HISTORICAL_CALIBRATION,201.0,15.5
OBS_000295,09:12:00,8820.0,12017,ROUTE_NDLS_DDN_01,SYNTHETIC_SIMULATOR,OK,29.77775,77.607603,164.633,95.0,26.39,95.0,0.0,580.3,100,,600.13,SEC_MOZ_SRE,,MOZ,SRE,22.367,149.367,CRUISING,,,,,-28.84,,,GREEN,LOW,False,,False,,JRN_NDLS_DDN_01_20260902_190156,0.2257,0.0,0.4541,0.4541,0.92,NONE,NONE,,14.1,94.3,09:12:00,30.0,BASELINE_HISTORICAL_CALIBRATION,200.5,15.0
OBS_000296,09:12:30,8850.0,12017,ROUTE_NDLS_DDN_01,SYNTHETIC_SIMULATOR,OK,29.784342,77.605423,165.425,95.0,26.39,95.0,0.0,580.3,100,,589.79,SEC_MOZ_SRE,,MOZ,SRE,21.575,148.575,CRUISING,,,,,-29.19,,,GREEN,LOW,False,,False,,JRN_NDLS_DDN_01_20260902_190156,0.2257,0.0,0.4541,0.4541,0.92,NONE,NONE,,13.6,93.8,09:12:30,30.0,BASELINE_HISTORICAL_CALIBRATION,200.0,14.5
OBS_000297,09:13:00,8880.0,12017,ROUTE_NDLS_DDN_01,SYNTHETIC_SIMULATOR,OK,29.790935,77.603242,166.217,95.0,26.39,95.0,0.0,580.3,100,,579.25,SEC_MOZ_SRE,,MOZ,SRE,20.783,147.783,CRUISING,,,,,-29.54,,,GREEN,LOW,False,,False,,JRN_NDLS_DDN_01_20260902_190156,0.2257,0.0,0.4541,0.4541,0.92,NONE,NONE,,13.1,93.3,09:13:00,30.0,BASELINE_HISTORICAL_CALIBRATION,199.5,14.0
OBS_000298,09:13:30,8910.0,12017,ROUTE_NDLS_DDN_01,SYNTHETIC_SIMULATOR,OK,29.797527,77.601062,167.008,95.0,26.39,95.0,0.0,580.3,100,,568.53,SEC_MOZ_SRE,,MOZ,SRE,19.992,146.992,CRUISING,,,,,-29.89,,,GREEN,LOW,False,,False,,JRN_NDLS_DDN_01_20260902_190156,0.2257,0.0,0.4541,0.4541,0.92,NONE,NONE,,12.6,92.8,09:13:30,30.0,BASELINE_HISTORICAL_CALIBRATION,199.0,13.5
OBS_000299,09:14:00,8940.0,12017,ROUTE_NDLS_DDN_01,SYNTHETIC_SIMULATOR,OK,29.804119,77.598881,167.8,95.0,26.39,95.0,0.0,580.3,100,,557.59,SEC_MOZ_SRE,,MOZ,SRE,19.2,146.2,CRUISING,,,,,-30.24,,,GREEN,LOW,False,,False,,JRN_NDLS_DDN_01_20260902_190156,0.2257,0.0,0.4541,0.4541,0.92,NONE,NONE,,12.1,92.3,09:14:00,30.0,BASELINE_HISTORICAL_CALIBRATION,198.5,13.0
OBS_000300,09:14:30,8970.0,12017,ROUTE_NDLS_DDN_01,SYNTHETIC_SIMULATOR,OK,29.810712,77.596701,168.592,95.0,26.39,95.0,0.0,580.3,100,,546.44,SEC_MOZ_SRE,,MOZ,SRE,18.408,145.408,CRUISING,,,,,-30.59,,,GREEN,LOW,False,,False,,JRN_NDLS_DDN_01_20260902_190156,0.2257,0.0,0.4541,0.4541,0.92,NONE,NONE,,11.6,91.8,09:14:30,30.0,BASELINE_HISTORICAL_CALIBRATION,198.0,12.5
OBS_000301,09:15:00,9000.0,12017,ROUTE_NDLS_DDN_01,SYNTHETIC_SIMULATOR,OK,29.817304,77.59452,169.383,95.0,26.39,95.0,0.0,580.3,100,,535.06,SEC_MOZ_SRE,,MOZ,SRE,17.617,144.617,CRUISING,,,,,-30.94,,,GREEN,LOW,False,,False,,JRN_NDLS_DDN_01_20260902_190156,0.2257,0.0,0.4541,0.4541,0.92,NONE,NONE,,11.1,91.3,09:15:00,30.0,BASELINE_HISTORICAL_CALIBRATION,197.5,12.0
OBS_000302,09:15:30,9030.0,12017,ROUTE_NDLS_DDN_01,SYNTHETIC_SIMULATOR,OK,29.823896,77.59234,170.175,95.0,26.39,95.0,0.0,580.3,100,,523.43,SEC_MOZ_SRE,,MOZ,SRE,16.825,143.825,CRUISING,,,,,-31.29,,,GREEN,LOW,False,,False,,JRN_NDLS_DDN_01_20260902_190156,0.2257,0.0,0.4541,0.4541,0.92,NONE,NONE,,10.6,90.8,09:15:30,30.0,BASELINE_HISTORICAL_CALIBRATION,197.0,11.5
OBS_000303,09:16:00,9060.0,12017,ROUTE_NDLS_DDN_01,SYNTHETIC_SIMULATOR,OK,29.830489,77.59016,170.967,95.0,26.39,95.0,0.0,580.3,100,,511.53,SEC_MOZ_SRE,,MOZ,SRE,16.033,143.033,CRUISING,,,,,-31.64,,,GREEN,LOW,False,,False,,JRN_NDLS_DDN_01_20260902_190156,0.2257,0.0,0.4541,0.4541,0.92,NONE,NONE,,10.1,90.3,09:16:00,30.0,BASELINE_HISTORICAL_CALIBRATION,196.5,11.0
OBS_000304,09:16:30,9090.0,12017,ROUTE_NDLS_DDN_01,SYNTHETIC_SIMULATOR,OK,29.837081,77.587979,171.758,95.0,26.39,95.0,0.0,580.3,100,,499.35,SEC_MOZ_SRE,,MOZ,SRE,15.242,142.242,CRUISING,,,,,-31.99,,,GREEN,LOW,False,,False,,JRN_NDLS_DDN_01_20260902_190156,0.2257,0.0,0.4541,0.4541,0.92,NONE,NONE,,9.6,89.8,09:16:30,30.0,BASELINE_HISTORICAL_CALIBRATION,196.0,10.5
OBS_000305,09:17:00,9120.0,12017,ROUTE_NDLS_DDN_01,SYNTHETIC_SIMULATOR,OK,29.843673,77.585799,172.55,95.0,26.39,95.0,0.0,580.3,100,,486.87,SEC_MOZ_SRE,,MOZ,SRE,14.45,141.45,CRUISING,,,,,-32.34,,,GREEN,LOW,False,,False,,JRN_NDLS_DDN_01_20260902_190156,0.2257,0.0,0.4541,0.4541,0.92,NONE,NONE,,9.1,89.3,09:17:00,30.0,BASELINE_HISTORICAL_CALIBRATION,195.5,10.0
OBS_000306,09:17:30,9150.0,12017,ROUTE_NDLS_DDN_01,SYNTHETIC_SIMULATOR,OK,29.850265,77.583618,173.342,95.0,26.39,95.0,0.0,580.3,100,,474.05,SEC_MOZ_SRE,,MOZ,SRE,13.658,140.658,CRUISING,,,,,-32.69,,,GREEN,LOW,False,,False,,JRN_NDLS_DDN_01_20260902_190156,0.2257,0.0,0.4541,0.4541,0.92,NONE,NONE,,8.6,88.8,09:17:30,30.0,BASELINE_HISTORICAL_CALIBRATION,195.0,9.5
OBS_000307,09:18:00,9180.0,12017,ROUTE_NDLS_DDN_01,SYNTHETIC_SIMULATOR,OK,29.856858,77.581438,174.133,95.0,26.39,95.0,0.0,580.3,100,,460.88,SEC_MOZ_SRE,,MOZ,SRE,12.867,139.867,CRUISING,,,,,-33.04,,,GREEN,LOW,False,,False,,JRN_NDLS_DDN_01_20260902_190156,0.2257,0.0,0.4541,0.4541,0.92,NONE,NONE,,8.1,88.3,09:18:00,30.0,BASELINE_HISTORICAL_CALIBRATION,194.5,9.0
OBS_000308,09:18:30,9210.0,12017,ROUTE_NDLS_DDN_01,SYNTHETIC_SIMULATOR,OK,29.86345,77.579257,174.925,95.0,26.39,95.0,0.0,580.3,100,,447.33,SEC_MOZ_SRE,,MOZ,SRE,12.075,139.075,CRUISING,,,,,-33.39,,,GREEN,LOW,False,,False,,JRN_NDLS_DDN_01_20260902_190156,0.2257,0.0,0.4541,0.4541,0.92,NONE,NONE,,7.6,87.8,09:18:30,30.0,BASELINE_HISTORICAL_CALIBRATION,194.0,8.5
OBS_000309,09:19:00,9240.0,12017,ROUTE_NDLS_DDN_01,SYNTHETIC_SIMULATOR,OK,29.870042,77.577077,175.717,95.0,26.39,95.0,0.0,580.3,100,,433.35,SEC_MOZ_SRE,,MOZ,SRE,11.283,138.283,CRUISING,,,,,-33.74,,,GREEN,LOW,False,,False,,JRN_NDLS_DDN_01_20260902_190156,0.2257,0.0,0.4541,0.4541,0.92,NONE,NONE,,7.1,87.3,09:19:00,30.0,BASELINE_HISTORICAL_CALIBRATION,193.5,8.0
OBS_000310,09:19:30,9270.0,12017,ROUTE_NDLS_DDN_01,SYNTHETIC_SIMULATOR,OK,29.876635,77.574897,176.508,95.0,26.39,95.0,0.0,580.3,100,,418.9,SEC_MOZ_SRE,,MOZ,SRE,10.492,137.492,CRUISING,,,,,-34.09,,,GREEN,LOW,False,,False,,JRN_NDLS_DDN_01_20260902_190156,0.2257,0.0,0.4541,0.4541,0.92,NONE,NONE,,6.6,86.8,09:19:30,30.0,BASELINE_HISTORICAL_CALIBRATION,193.0,7.5
OBS_000311,09:20:00,9300.0,12017,ROUTE_NDLS_DDN_01,SYNTHETIC_SIMULATOR,OK,29.883227,77.572716,177.3,95.0,26.39,95.0,0.0,580.3,100,,403.94,SEC_MOZ_SRE,,MOZ,SRE,9.7,136.7,CRUISING,,,,,-34.44,,,GREEN,LOW,False,,False,,JRN_NDLS_DDN_01_20260902_190156,0.2257,0.0,0.4541,0.4541,0.92,NONE,NONE,,6.1,86.3,09:20:00,30.0,BASELINE_HISTORICAL_CALIBRATION,192.5,7.0
OBS_000312,09:20:30,9330.0,12017,ROUTE_NDLS_DDN_01,SYNTHETIC_SIMULATOR,OK,29.889819,77.570536,178.092,95.0,26.39,95.0,0.0,580.3,100,,388.4,SEC_MOZ_SRE,,MOZ,SRE,8.908,135.908,CRUISING,,,,,-34.79,,,GREEN,LOW,False,,False,,JRN_NDLS_DDN_01_20260902_190156,0.2257,0.0,0.4541,0.4541,0.92,NONE,NONE,,5.6,85.8,09:20:30,30.0,BASELINE_HISTORICAL_CALIBRATION,192.0,6.5
OBS_000313,09:21:00,9360.0,12017,ROUTE_NDLS_DDN_01,SYNTHETIC_SIMULATOR,OK,29.896412,77.568355,178.883,95.0,26.39,95.0,0.0,580.3,100,,372.21,SEC_MOZ_SRE,,MOZ,SRE,8.117,135.117,CRUISING,,,,,-35.14,,,GREEN,LOW,False,,False,,JRN_NDLS_DDN_01_20260902_190156,0.2257,0.0,0.4541,0.4541,0.92,NONE,NONE,,5.1,85.3,09:21:00,30.0,BASELINE_HISTORICAL_CALIBRATION,191.5,6.0
OBS_000314,09:21:30,9390.0,12017,ROUTE_NDLS_DDN_01,SYNTHETIC_SIMULATOR,OK,29.903004,77.566175,179.675,95.0,26.39,95.0,0.0,580.3,100,,355.29,SEC_MOZ_SRE,,MOZ,SRE,7.325,134.325,CRUISING,,,,,-35.49,,,GREEN,LOW,False,,False,,JRN_NDLS_DDN_01_20260902_190156,0.2257,0.0,0.4541,0.4541,0.92,NONE,NONE,,4.6,84.8,09:21:30,30.0,BASELINE_HISTORICAL_CALIBRATION,191.0,5.5
OBS_000315,09:22:00,9420.0,12017,ROUTE_NDLS_DDN_01,SYNTHETIC_SIMULATOR,OK,29.909596,77.563994,180.467,95.0,26.39,95.0,0.0,580.3,100,,337.52,SEC_MOZ_SRE,,MOZ,SRE,6.533,133.533,CRUISING,,,,,-35.84,,,GREEN,LOW,False,,False,,JRN_NDLS_DDN_01_20260902_190156,0.2257,0.0,0.4541,0.4541,0.92,NONE,NONE,,4.1,84.3,09:22:00,30.0,BASELINE_HISTORICAL_CALIBRATION,190.5,5.0
OBS_000316,09:22:30,9450.0,12017,ROUTE_NDLS_DDN_01,SYNTHETIC_SIMULATOR,OK,29.916188,77.561814,181.258,95.0,26.39,95.0,0.0,580.3,100,,318.76,SEC_MOZ_SRE,,MOZ,SRE,5.742,132.742,CRUISING,,,,,-36.19,,,GREEN,LOW,False,,False,,JRN_NDLS_DDN_01_20260902_190156,0.2257,0.0,0.4541,0.4541,0.92,NONE,NONE,,3.6,83.8,09:22:30,30.0,BASELINE_HISTORICAL_CALIBRATION,190.0,4.5
OBS_000317,09:23:00,9480.0,12017,ROUTE_NDLS_DDN_01,SYNTHETIC_SIMULATOR,OK,29.922781,77.559633,182.05,95.0,26.39,95.0,0.0,580.3,100,,298.82,SEC_MOZ_SRE,,MOZ,SRE,4.95,131.95,CRUISING,,,,,-36.54,,,GREEN,LOW,False,,False,,JRN_NDLS_DDN_01_20260902_190156,0.2257,0.0,0.4541,0.4541,0.92,NONE,NONE,,3.1,83.3,09:23:00,30.0,BASELINE_HISTORICAL_CALIBRATION,189.5,4.0
OBS_000318,09:23:30,9510.0,12017,ROUTE_NDLS_DDN_01,SYNTHETIC_SIMULATOR,OK,29.929373,77.557453,182.842,95.0,26.39,95.0,0.0,580.3,100,,277.46,SEC_MOZ_SRE,,MOZ,SRE,4.158,131.158,CRUISING,,,,,-36.88,,,GREEN,LOW,False,,False,,JRN_NDLS_DDN_01_20260902_190156,0.2257,0.0,0.4541,0.4541,0.92,NONE,NONE,,2.6,82.8,09:23:30,30.0,BASELINE_HISTORICAL_CALIBRATION,189.0,3.5
OBS_000319,09:24:00,9540.0,12017,ROUTE_NDLS_DDN_01,SYNTHETIC_SIMULATOR,OK,29.935965,77.555273,183.633,95.0,26.39,95.0,0.0,580.3,100,,254.3,SEC_MOZ_SRE,,MOZ,SRE,3.367,130.367,CRUISING,,,,,-37.23,,,GREEN,LOW,False,,False,,JRN_NDLS_DDN_01_20260902_190156,0.2257,0.0,0.4541,0.4541,0.92,NONE,NONE,,2.1,82.3,09:24:00,30.0,BASELINE_HISTORICAL_CALIBRATION,188.5,3.0
OBS_000320,09:24:30,9570.0,12017,ROUTE_NDLS_DDN_01,SYNTHETIC_SIMULATOR,OK,29.942558,77.553092,184.425,95.0,26.39,95.0,0.0,580.3,100,,228.82,SEC_MOZ_SRE,,MOZ,SRE,2.575,129.575,CRUISING,,,,,-37.58,,,GREEN,LOW,False,,False,,JRN_NDLS_DDN_01_20260902_190156,0.2257,0.0,0.4541,0.4541,0.92,NONE,NONE,,1.6,81.8,09:24:30,30.0,BASELINE_HISTORICAL_CALIBRATION,188.0,2.5
OBS_000321,09:25:00,9600.0,12017,ROUTE_NDLS_DDN_01,SYNTHETIC_SIMULATOR,OK,29.94915,77.550912,185.217,95.0,26.39,95.0,0.0,580.3,100,,200.12,SEC_MOZ_SRE,,MOZ,SRE,1.783,128.783,CRUISING,,,,,-37.93,,,GREEN,LOW,False,,False,,JRN_NDLS_DDN_01_20260902_190156,0.2257,0.0,0.4541,0.4541,0.92,NONE,NONE,,1.1,81.3,09:25:00,30.0,BASELINE_HISTORICAL_CALIBRATION,187.5,2.0
OBS_000322,09:25:30,9630.0,12017,ROUTE_NDLS_DDN_01,SYNTHETIC_SIMULATOR,OK,29.955742,77.548731,186.008,95.0,26.39,95.0,0.0,580.3,100,,166.54,SEC_MOZ_SRE,,MOZ,SRE,0.992,127.992,CRUISING,,,,,-38.28,,,GREEN,LOW,False,,False,,JRN_NDLS_DDN_01_20260902_190156,0.2257,0.0,0.4541,0.4541,0.92,NONE,NONE,,0.6,80.8,09:25:30,30.0,BASELINE_HISTORICAL_CALIBRATION,187.0,1.5
OBS_000323,09:26:00,9660.0,12017,ROUTE_NDLS_DDN_01,SYNTHETIC_SIMULATOR,OK,29.962335,77.546551,186.8,95.0,26.39,95.0,0.0,580.3,100,,124.19,SEC_MOZ_SRE,,MOZ,SRE,0.2,127.2,CRUISING,,,,,-38.63,,,GREEN,LOW,False,,False,,JRN_NDLS_DDN_01_20260902_190156,0.2257,0.0,0.4541,0.4541,0.92,NONE,NONE,,0.1,80.3,09:26:00,30.0,BASELINE_HISTORICAL_CALIBRATION,186.5,1.0
OBS_000324,09:26:30,9690.0,12017,ROUTE_NDLS_DDN_01,SYNTHETIC_SIMULATOR,OK,29.962335,77.546551,186.8,30.2,8.39,55.77,-0.6,58.6,100,,55.77,SEC_MOZ_SRE,,MOZ,SRE,0.2,127.2,DECELERATING,,,,,-38.98,,,GREEN,LOW,False,,False,,JRN_NDLS_DDN_01_20260902_190156,0.2257,0.0,0.4541,0.4541,0.92,NONE,NONE,,0.4,252.7,09:26:30,30.0,BASELINE_HISTORICAL_CALIBRATION,186.0,0.5
OBS_000325,09:27:00,9720.0,12017,ROUTE_NDLS_DDN_01,SYNTHETIC_SIMULATOR,OK,29.964,77.546,187.0,0.0,0.0,55.77,0.0,0.0,100,,55.77,SEC_MOZ_SRE,SRE,SRE,RK,34.0,127.0,DWELLING,ARRIVED,09:27:00,,,-38.48,,,GREEN,LOW,False,,False,,JRN_NDLS_DDN_01_20260902_190156,0.2257,0.0,0.4541,0.4541,0.92,NONE,NONE,,81.6,304.8,09:27:00,30.0,BASELINE_HISTORICAL_CALIBRATION,185.5,41.0
OBS_000326,09:27:30,9750.0,12017,ROUTE_NDLS_DDN_01,SYNTHETIC_SIMULATOR,OK,29.964,77.546,187.0,0.0,0.0,0.0,0.0,0.0,100,,0.0,SEC_SRE_RK,SRE,SRE,RK,34.0,127.0,DWELLING,,,,,-38.2,,,GREEN,LOW,False,,False,,JRN_NDLS_DDN_01_20260902_190156,0.2257,0.0,0.4541,0.4541,0.92,NONE,NONE,,81.6,304.8,09:27:30,30.0,BASELINE_HISTORICAL_CALIBRATION,185.0,40.5
OBS_000327,09:28:00,9780.0,12017,ROUTE_NDLS_DDN_01,SYNTHETIC_SIMULATOR,OK,29.964,77.546,187.0,0.0,0.0,0.0,0.0,0.0,100,,0.0,SEC_SRE_RK,SRE,SRE,RK,34.0,127.0,DWELLING,,,,,-37.7,,,GREEN,LOW,False,,False,,JRN_NDLS_DDN_01_20260902_190156,0.2257,0.0,0.4541,0.4541,0.92,NONE,NONE,,81.6,304.8,09:28:00,30.0,BASELINE_HISTORICAL_CALIBRATION,184.5,40.0
OBS_000328,09:28:30,9810.0,12017,ROUTE_NDLS_DDN_01,SYNTHETIC_SIMULATOR,OK,29.964,77.546,187.0,0.0,0.0,0.0,0.0,0.0,100,,0.0,SEC_SRE_RK,SRE,SRE,RK,34.0,127.0,DWELLING,,,,,-37.2,,,GREEN,LOW,False,,False,,JRN_NDLS_DDN_01_20260902_190156,0.2257,0.0,0.4541,0.4541,0.92,NONE,NONE,,81.6,304.8,09:28:30,30.0,BASELINE_HISTORICAL_CALIBRATION,184.0,39.5
OBS_000329,09:29:00,9840.0,12017,ROUTE_NDLS_DDN_01,SYNTHETIC_SIMULATOR,OK,29.964,77.546,187.0,0.0,0.0,0.0,0.0,0.0,100,,0.0,SEC_SRE_RK,SRE,SRE,RK,34.0,127.0,DWELLING,,,,,-36.7,,,GREEN,LOW,False,,False,,JRN_NDLS_DDN_01_20260902_190156,0.2257,0.0,0.4541,0.4541,0.92,NONE,NONE,,81.6,304.8,09:29:00,30.0,BASELINE_HISTORICAL_CALIBRATION,183.5,39.0
OBS_000330,09:29:30,9870.0,12017,ROUTE_NDLS_DDN_01,SYNTHETIC_SIMULATOR,OK,29.964,77.546,187.0,0.0,0.0,0.0,0.0,0.0,100,,0.0,SEC_SRE_RK,SRE,SRE,RK,34.0,127.0,DWELLING,,,,,-36.2,,,GREEN,LOW,False,,False,,JRN_NDLS_DDN_01_20260902_190156,0.2257,0.0,0.4541,0.4541,0.92,NONE,NONE,,81.6,304.8,09:29:30,30.0,BASELINE_HISTORICAL_CALIBRATION,183.0,38.5
OBS_000331,09:30:00,9900.0,12017,ROUTE_NDLS_DDN_01,SYNTHETIC_SIMULATOR,OK,29.964,77.546,187.0,0.0,0.0,0.0,0.0,0.0,100,,0.0,SEC_SRE_RK,SRE,SRE,RK,34.0,127.0,DWELLING,,,,,-35.7,,,GREEN,LOW,False,,False,,JRN_NDLS_DDN_01_20260902_190156,0.2257,0.0,0.4541,0.4541,0.92,NONE,NONE,,81.6,304.8,09:30:00,30.0,BASELINE_HISTORICAL_CALIBRATION,182.5,38.0
OBS_000332,09:30:30,9930.0,12017,ROUTE_NDLS_DDN_01,SYNTHETIC_SIMULATOR,OK,29.964,77.546,187.0,0.0,0.0,0.0,0.0,0.0,100,,0.0,SEC_SRE_RK,SRE,SRE,RK,34.0,127.0,DWELLING,,,,,-35.2,,,GREEN,LOW,False,,False,,JRN_NDLS_DDN_01_20260902_190156,0.2257,0.0,0.4541,0.4541,0.92,NONE,NONE,,81.6,304.8,09:30:30,30.0,BASELINE_HISTORICAL_CALIBRATION,182.0,37.5
OBS_000333,09:31:00,9960.0,12017,ROUTE_NDLS_DDN_01,SYNTHETIC_SIMULATOR,OK,29.964,77.546,187.0,0.0,0.0,0.0,0.0,0.0,100,,0.0,SEC_SRE_RK,SRE,SRE,RK,34.0,127.0,DWELLING,,,,,-34.7,,,GREEN,LOW,False,,False,,JRN_NDLS_DDN_01_20260902_190156,0.2257,0.0,0.4541,0.4541,0.92,NONE,NONE,,81.6,304.8,09:31:00,30.0,BASELINE_HISTORICAL_CALIBRATION,181.5,37.0
OBS_000334,09:31:30,9990.0,12017,ROUTE_NDLS_DDN_01,SYNTHETIC_SIMULATOR,OK,29.964,77.546,187.0,0.0,0.0,0.0,0.0,0.0,100,,0.0,SEC_SRE_RK,SRE,SRE,RK,34.0,127.0,DWELLING,,,,,-34.2,,,GREEN,LOW,False,,False,,JRN_NDLS_DDN_01_20260902_190156,0.2257,0.0,0.4541,0.4541,0.92,NONE,NONE,,81.6,304.8,09:31:30,30.0,BASELINE_HISTORICAL_CALIBRATION,181.0,36.5
OBS_000335,09:32:00,10020.0,12017,ROUTE_NDLS_DDN_01,SYNTHETIC_SIMULATOR,OK,29.964,77.546,187.0,0.0,0.0,0.0,0.0,0.0,100,,0.0,SEC_SRE_RK,SRE,SRE,RK,34.0,127.0,DWELLING,,,,,-33.7,,,GREEN,LOW,False,,False,,JRN_NDLS_DDN_01_20260902_190156,0.2257,0.0,0.4541,0.4541,0.92,NONE,NONE,,81.6,304.8,09:32:00,30.0,BASELINE_HISTORICAL_CALIBRATION,180.5,36.0
OBS_000336,09:32:30,10050.0,12017,ROUTE_NDLS_DDN_01,SYNTHETIC_SIMULATOR,OK,29.964,77.546,187.0,0.0,0.0,0.0,0.0,0.0,100,,0.0,SEC_SRE_RK,SRE,SRE,RK,34.0,127.0,DWELLING,,,,,-33.2,,,GREEN,LOW,False,,False,,JRN_NDLS_DDN_01_20260902_190156,0.2257,0.0,0.4541,0.4541,0.92,NONE,NONE,,81.6,304.8,09:32:30,30.0,BASELINE_HISTORICAL_CALIBRATION,180.0,35.5
OBS_000337,09:33:00,10080.0,12017,ROUTE_NDLS_DDN_01,SYNTHETIC_SIMULATOR,OK,29.964,77.546,187.0,0.0,0.0,0.0,0.0,0.0,100,,0.0,SEC_SRE_RK,SRE,SRE,RK,34.0,127.0,DWELLING,,,,,-32.7,,,GREEN,LOW,False,,False,,JRN_NDLS_DDN_01_20260902_190156,0.2257,0.0,0.4541,0.4541,0.92,NONE,NONE,,81.6,304.8,09:33:00,30.0,BASELINE_HISTORICAL_CALIBRATION,179.5,35.0
OBS_000338,09:33:30,10110.0,12017,ROUTE_NDLS_DDN_01,SYNTHETIC_SIMULATOR,OK,29.964,77.546,187.0,0.0,0.0,0.0,0.0,0.0,100,,0.0,SEC_SRE_RK,SRE,SRE,RK,34.0,127.0,DWELLING,,,,,-32.2,,,GREEN,LOW,False,,False,,JRN_NDLS_DDN_01_20260902_190156,0.2257,0.0,0.4541,0.4541,0.92,NONE,NONE,,81.6,304.8,09:33:30,30.0,BASELINE_HISTORICAL_CALIBRATION,179.0,34.5
OBS_000339,09:34:00,10140.0,12017,ROUTE_NDLS_DDN_01,SYNTHETIC_SIMULATOR,OK,29.964,77.546,187.0,0.0,0.0,0.0,0.0,0.0,100,,0.0,SEC_SRE_RK,SRE,SRE,RK,34.0,127.0,DWELLING,,,,,-31.7,,,GREEN,LOW,False,,False,,JRN_NDLS_DDN_01_20260902_190156,0.2257,0.0,0.4541,0.4541,0.92,NONE,NONE,,81.6,304.8,09:34:00,30.0,BASELINE_HISTORICAL_CALIBRATION,178.5,34.0
OBS_000340,09:34:30,10170.0,12017,ROUTE_NDLS_DDN_01,SYNTHETIC_SIMULATOR,OK,29.964,77.546,187.0,0.0,0.0,0.0,0.0,0.0,100,,0.0,SEC_SRE_RK,SRE,SRE,RK,34.0,127.0,DWELLING,,,,,-31.2,,,GREEN,LOW,False,,False,,JRN_NDLS_DDN_01_20260902_190156,0.2257,0.0,0.4541,0.4541,0.92,NONE,NONE,,81.6,304.8,09:34:30,30.0,BASELINE_HISTORICAL_CALIBRATION,178.0,33.5
OBS_000341,09:35:00,10200.0,12017,ROUTE_NDLS_DDN_01,SYNTHETIC_SIMULATOR,OK,29.964,77.546,187.0,0.0,0.0,0.0,0.0,0.0,100,,0.0,SEC_SRE_RK,SRE,SRE,RK,34.0,127.0,DWELLING,,,,,-30.7,,,GREEN,LOW,False,,False,,JRN_NDLS_DDN_01_20260902_190156,0.2257,0.0,0.4541,0.4541,0.92,NONE,NONE,,81.6,304.8,09:35:00,30.0,BASELINE_HISTORICAL_CALIBRATION,177.5,33.0
OBS_000342,09:35:30,10230.0,12017,ROUTE_NDLS_DDN_01,SYNTHETIC_SIMULATOR,OK,29.964,77.546,187.0,0.0,0.0,0.0,0.0,0.0,100,,0.0,SEC_SRE_RK,SRE,SRE,RK,34.0,127.0,DWELLING,,,,,-30.2,,,GREEN,LOW,False,,False,,JRN_NDLS_DDN_01_20260902_190156,0.2257,0.0,0.4541,0.4541,0.92,NONE,NONE,,81.6,304.8,09:35:30,30.0,BASELINE_HISTORICAL_CALIBRATION,177.0,32.5
OBS_000343,09:36:00,10260.0,12017,ROUTE_NDLS_DDN_01,SYNTHETIC_SIMULATOR,OK,29.964,77.546,187.0,0.0,0.0,0.0,0.0,0.0,100,,0.0,SEC_SRE_RK,SRE,SRE,RK,34.0,127.0,DWELLING,,,,,-29.7,,,GREEN,LOW,False,,False,,JRN_NDLS_DDN_01_20260902_190156,0.2257,0.0,0.4541,0.4541,0.92,NONE,NONE,,81.6,304.8,09:36:00,30.0,BASELINE_HISTORICAL_CALIBRATION,176.5,32.0
OBS_000344,09:36:30,10290.0,12017,ROUTE_NDLS_DDN_01,SYNTHETIC_SIMULATOR,OK,29.964,77.546,187.0,0.0,0.0,0.0,0.0,0.0,100,,0.0,SEC_SRE_RK,SRE,SRE,RK,34.0,127.0,DWELLING,,,,,-29.2,,,GREEN,LOW,False,,False,,JRN_NDLS_DDN_01_20260902_190156,0.2257,0.0,0.4541,0.4541,0.92,NONE,NONE,,81.6,304.8,09:36:30,30.0,BASELINE_HISTORICAL_CALIBRATION,176.0,31.5
OBS_000345,09:37:00,10320.0,12017,ROUTE_NDLS_DDN_01,SYNTHETIC_SIMULATOR,OK,29.964,77.546,187.0,0.0,0.0,0.0,0.0,0.0,100,,0.0,SEC_SRE_RK,SRE,SRE,RK,34.0,127.0,DWELLING,,,,,-28.7,,,GREEN,LOW,False,,False,,JRN_NDLS_DDN_01_20260902_190156,0.2257,0.0,0.4541,0.4541,0.92,NONE,NONE,,81.6,304.8,09:37:00,30.0,BASELINE_HISTORICAL_CALIBRATION,175.5,31.0
OBS_000346,09:37:30,10350.0,12017,ROUTE_NDLS_DDN_01,SYNTHETIC_SIMULATOR,OK,29.964,77.546,187.0,0.0,0.0,0.0,0.0,0.0,100,,0.0,SEC_SRE_RK,SRE,SRE,RK,34.0,127.0,DWELLING,,,,,-28.2,,,GREEN,LOW,False,,False,,JRN_NDLS_DDN_01_20260902_190156,0.2257,0.0,0.4541,0.4541,0.92,NONE,NONE,,81.6,304.8,09:37:30,30.0,BASELINE_HISTORICAL_CALIBRATION,175.0,30.5
OBS_000347,09:38:00,10380.0,12017,ROUTE_NDLS_DDN_01,SYNTHETIC_SIMULATOR,OK,29.964,77.546,187.0,0.0,0.0,0.0,0.0,0.0,100,,0.0,SEC_SRE_RK,SRE,SRE,RK,34.0,127.0,DWELLING,,,,,-27.7,,,GREEN,LOW,False,,False,,JRN_NDLS_DDN_01_20260902_190156,0.2257,0.0,0.4541,0.4541,0.92,NONE,NONE,,81.6,304.8,09:38:00,30.0,BASELINE_HISTORICAL_CALIBRATION,174.5,30.0
OBS_000348,09:38:30,10410.0,12017,ROUTE_NDLS_DDN_01,SYNTHETIC_SIMULATOR,OK,29.964,77.546,187.0,0.0,0.0,0.0,0.0,0.0,100,,0.0,SEC_SRE_RK,SRE,SRE,RK,34.0,127.0,DWELLING,,,,,-27.2,,,GREEN,LOW,False,,False,,JRN_NDLS_DDN_01_20260902_190156,0.2257,0.0,0.4541,0.4541,0.92,NONE,NONE,,81.6,304.8,09:38:30,30.0,BASELINE_HISTORICAL_CALIBRATION,174.0,29.5
OBS_000349,09:39:00,10440.0,12017,ROUTE_NDLS_DDN_01,SYNTHETIC_SIMULATOR,OK,29.964,77.546,187.0,0.0,0.0,0.0,0.0,0.0,100,,0.0,SEC_SRE_RK,SRE,SRE,RK,34.0,127.0,DWELLING,,,,,-26.7,,,GREEN,LOW,False,,False,,JRN_NDLS_DDN_01_20260902_190156,0.2257,0.0,0.4541,0.4541,0.92,NONE,NONE,,81.6,304.8,09:39:00,30.0,BASELINE_HISTORICAL_CALIBRATION,173.5,29.0
OBS_000350,09:39:30,10470.0,12017,ROUTE_NDLS_DDN_01,SYNTHETIC_SIMULATOR,OK,29.964,77.546,187.0,0.0,0.0,0.0,0.0,0.0,100,,0.0,SEC_SRE_RK,SRE,SRE,RK,34.0,127.0,DWELLING,,,,,-26.2,,,GREEN,LOW,False,,False,,JRN_NDLS_DDN_01_20260902_190156,0.2257,0.0,0.4541,0.4541,0.92,NONE,NONE,,81.6,304.8,09:39:30,30.0,BASELINE_HISTORICAL_CALIBRATION,173.0,28.5
OBS_000351,09:40:00,10500.0,12017,ROUTE_NDLS_DDN_01,SYNTHETIC_SIMULATOR,OK,29.964,77.546,187.0,0.0,0.0,0.0,0.0,0.0,100,,0.0,SEC_SRE_RK,SRE,SRE,RK,34.0,127.0,DWELLING,,,,,-25.7,,,GREEN,LOW,False,,False,,JRN_NDLS_DDN_01_20260902_190156,0.2257,0.0,0.4541,0.4541,0.92,NONE,NONE,,81.6,304.8,09:40:00,30.0,BASELINE_HISTORICAL_CALIBRATION,172.5,28.0
OBS_000352,09:40:30,10530.0,12017,ROUTE_NDLS_DDN_01,SYNTHETIC_SIMULATOR,OK,29.964,77.546,187.0,0.0,0.0,0.0,0.0,0.0,100,,0.0,SEC_SRE_RK,SRE,SRE,RK,34.0,127.0,DWELLING,,,,,-25.2,,,GREEN,LOW,False,,False,,JRN_NDLS_DDN_01_20260902_190156,0.2257,0.0,0.4541,0.4541,0.92,NONE,NONE,,81.6,304.8,09:40:30,30.0,BASELINE_HISTORICAL_CALIBRATION,172.0,27.5
OBS_000353,09:41:00,10560.0,12017,ROUTE_NDLS_DDN_01,SYNTHETIC_SIMULATOR,OK,29.964,77.546,187.0,0.0,0.0,0.0,0.0,0.0,100,,0.0,SEC_SRE_RK,SRE,SRE,RK,34.0,127.0,DWELLING,,,,,-24.7,,,GREEN,LOW,False,,False,,JRN_NDLS_DDN_01_20260902_190156,0.2257,0.0,0.4541,0.4541,0.92,NONE,NONE,,81.6,304.8,09:41:00,30.0,BASELINE_HISTORICAL_CALIBRATION,171.5,27.0
OBS_000354,09:41:30,10590.0,12017,ROUTE_NDLS_DDN_01,SYNTHETIC_SIMULATOR,OK,29.964,77.546,187.0,0.0,0.0,0.0,0.0,0.0,100,,0.0,SEC_SRE_RK,SRE,SRE,RK,34.0,127.0,DWELLING,,,,,-24.2,,,GREEN,LOW,False,,False,,JRN_NDLS_DDN_01_20260902_190156,0.2257,0.0,0.4541,0.4541,0.92,NONE,NONE,,81.6,304.8,09:41:30,30.0,BASELINE_HISTORICAL_CALIBRATION,171.0,26.5
OBS_000355,09:42:00,10620.0,12017,ROUTE_NDLS_DDN_01,SYNTHETIC_SIMULATOR,OK,29.964,77.546,187.0,0.0,0.0,0.0,0.0,0.0,100,,0.0,SEC_SRE_RK,SRE,SRE,RK,34.0,127.0,DWELLING,,,,,-23.7,,,GREEN,LOW,False,,False,,JRN_NDLS_DDN_01_20260902_190156,0.2257,0.0,0.4541,0.4541,0.92,NONE,NONE,,81.6,304.8,09:42:00,30.0,BASELINE_HISTORICAL_CALIBRATION,170.5,26.0
OBS_000356,09:42:30,10650.0,12017,ROUTE_NDLS_DDN_01,SYNTHETIC_SIMULATOR,OK,29.964,77.546,187.0,0.0,0.0,0.0,0.0,0.0,100,,0.0,SEC_SRE_RK,SRE,SRE,RK,34.0,127.0,DWELLING,,,,,-23.2,,,GREEN,LOW,False,,False,,JRN_NDLS_DDN_01_20260902_190156,0.2257,0.0,0.4541,0.4541,0.92,NONE,NONE,,81.6,304.8,09:42:30,30.0,BASELINE_HISTORICAL_CALIBRATION,170.0,25.5
OBS_000357,09:43:00,10680.0,12017,ROUTE_NDLS_DDN_01,SYNTHETIC_SIMULATOR,OK,29.964,77.546,187.0,0.0,0.0,0.0,0.0,0.0,100,,0.0,SEC_SRE_RK,SRE,SRE,RK,34.0,127.0,DWELLING,,,,,-22.7,,,GREEN,LOW,False,,False,,JRN_NDLS_DDN_01_20260902_190156,0.2257,0.0,0.4541,0.4541,0.92,NONE,NONE,,81.6,304.8,09:43:00,30.0,BASELINE_HISTORICAL_CALIBRATION,169.5,25.0
OBS_000358,09:43:30,10710.0,12017,ROUTE_NDLS_DDN_01,SYNTHETIC_SIMULATOR,OK,29.964,77.546,187.0,0.0,0.0,0.0,0.0,0.0,100,,0.0,SEC_SRE_RK,SRE,SRE,RK,34.0,127.0,DWELLING,,,,,-22.2,,,GREEN,LOW,False,,False,,JRN_NDLS_DDN_01_20260902_190156,0.2257,0.0,0.4541,0.4541,0.92,NONE,NONE,,81.6,304.8,09:43:30,30.0,BASELINE_HISTORICAL_CALIBRATION,169.0,24.5
OBS_000359,09:44:00,10740.0,12017,ROUTE_NDLS_DDN_01,SYNTHETIC_SIMULATOR,OK,29.964,77.546,187.0,0.0,0.0,0.0,0.0,0.0,100,,0.0,SEC_SRE_RK,SRE,SRE,RK,34.0,127.0,DWELLING,,,,,-21.7,,,GREEN,LOW,False,,False,,JRN_NDLS_DDN_01_20260902_190156,0.2257,0.0,0.4541,0.4541,0.92,NONE,NONE,,81.6,304.8,09:44:00,30.0,BASELINE_HISTORICAL_CALIBRATION,168.5,24.0
OBS_000360,09:44:30,10770.0,12017,ROUTE_NDLS_DDN_01,SYNTHETIC_SIMULATOR,OK,29.964,77.546,187.0,0.0,0.0,0.0,0.0,0.0,100,,0.0,SEC_SRE_RK,SRE,SRE,RK,34.0,127.0,DWELLING,,,,,-21.2,,,GREEN,LOW,False,,False,,JRN_NDLS_DDN_01_20260902_190156,0.2257,0.0,0.4541,0.4541,0.92,NONE,NONE,,81.6,304.8,09:44:30,30.0,BASELINE_HISTORICAL_CALIBRATION,168.0,23.5
OBS_000361,09:45:00,10800.0,12017,ROUTE_NDLS_DDN_01,SYNTHETIC_SIMULATOR,OK,29.964,77.546,187.0,0.0,0.0,0.0,0.0,0.0,100,,0.0,SEC_SRE_RK,SRE,SRE,RK,34.0,127.0,DWELLING,,,,,-20.7,,,GREEN,LOW,False,,False,,JRN_NDLS_DDN_01_20260902_190156,0.2257,0.0,0.4541,0.4541,0.92,NONE,NONE,,81.6,304.8,09:45:00,30.0,BASELINE_HISTORICAL_CALIBRATION,167.5,23.0
OBS_000362,09:45:30,10830.0,12017,ROUTE_NDLS_DDN_01,SYNTHETIC_SIMULATOR,OK,29.964,77.546,187.0,0.0,0.0,0.0,0.0,0.0,100,,0.0,SEC_SRE_RK,SRE,SRE,RK,34.0,127.0,DWELLING,,,,,-20.2,,,GREEN,LOW,False,,False,,JRN_NDLS_DDN_01_20260902_190156,0.2257,0.0,0.4541,0.4541,0.92,NONE,NONE,,81.6,304.8,09:45:30,30.0,BASELINE_HISTORICAL_CALIBRATION,167.0,22.5
OBS_000363,09:46:00,10860.0,12017,ROUTE_NDLS_DDN_01,SYNTHETIC_SIMULATOR,OK,29.964,77.546,187.0,0.0,0.0,0.0,0.0,0.0,100,,0.0,SEC_SRE_RK,SRE,SRE,RK,34.0,127.0,DWELLING,,,,,-19.7,,,GREEN,LOW,False,,False,,JRN_NDLS_DDN_01_20260902_190156,0.2257,0.0,0.4541,0.4541,0.92,NONE,NONE,,81.6,304.8,09:46:00,30.0,BASELINE_HISTORICAL_CALIBRATION,166.5,22.0
OBS_000364,09:46:30,10890.0,12017,ROUTE_NDLS_DDN_01,SYNTHETIC_SIMULATOR,OK,29.964,77.546,187.0,0.0,0.0,0.0,0.0,0.0,100,,0.0,SEC_SRE_RK,SRE,SRE,RK,34.0,127.0,DWELLING,,,,,-19.2,,,GREEN,LOW,False,,False,,JRN_NDLS_DDN_01_20260902_190156,0.2257,0.0,0.4541,0.4541,0.92,NONE,NONE,,81.6,304.8,09:46:30,30.0,BASELINE_HISTORICAL_CALIBRATION,166.0,21.5
OBS_000365,09:47:00,10920.0,12017,ROUTE_NDLS_DDN_01,SYNTHETIC_SIMULATOR,OK,29.964,77.546,187.675,54.0,15.0,95.0,0.5,187.5,100,,727.16,SEC_SRE_RK,SRE,SRE,RK,33.325,126.325,ACCELERATING,DEPARTED,,09:47:00,10,-18.7,,,GREEN,LOW,False,,False,,JRN_NDLS_DDN_01_20260902_190156,0.2257,0.0,0.4541,0.4541,0.92,NONE,NONE,,37.0,140.4,09:47:00,30.0,BASELINE_HISTORICAL_CALIBRATION,165.5,21.0
OBS_000366,09:47:30,10950.0,12017,ROUTE_NDLS_DDN_01,SYNTHETIC_SIMULATOR,OK,29.958542,77.563016,188.692,95.0,26.39,95.0,0.5,580.3,100,,719.91,SEC_SRE_RK,,SRE,RK,32.308,125.308,ACCELERATING,,,,,-18.92,,,GREEN,LOW,False,,False,,JRN_NDLS_DDN_01_20260902_190156,0.2257,0.0,0.4541,0.4541,0.92,NONE,NONE,,20.4,79.1,09:47:30,30.0,BASELINE_HISTORICAL_CALIBRATION,165.0,20.5
OBS_000367,09:48:00,10980.0,12017,ROUTE_NDLS_DDN_01,SYNTHETIC_SIMULATOR,OK,29.955988,77.570979,189.483,95.0,26.39,95.0,0.0,580.3,100,,708.84,SEC_SRE_RK,,SRE,RK,31.517,124.517,CRUISING,,,,,-19.51,,,GREEN,LOW,False,,False,,JRN_NDLS_DDN_01_20260902_190156,0.2257,0.0,0.4541,0.4541,0.92,NONE,NONE,,19.9,78.6,09:48:00,30.0,BASELINE_HISTORICAL_CALIBRATION,164.5,20.0
OBS_000368,09:48:30,11010.0,12017,ROUTE_NDLS_DDN_01,SYNTHETIC_SIMULATOR,OK,29.953433,77.578943,190.275,95.0,26.39,95.0,0.0,580.3,100,,700.11,SEC_SRE_RK,,SRE,RK,30.725,123.725,CRUISING,,,,,-19.86,,,GREEN,LOW,False,,False,,JRN_NDLS_DDN_01_20260902_190156,0.2257,0.0,0.4541,0.4541,0.92,NONE,NONE,,19.4,78.1,09:48:30,30.0,BASELINE_HISTORICAL_CALIBRATION,164.0,19.5
OBS_000369,09:49:00,11040.0,12017,ROUTE_NDLS_DDN_01,SYNTHETIC_SIMULATOR,OK,29.950879,77.586906,191.067,95.0,26.39,95.0,0.0,580.3,100,,691.26,SEC_SRE_RK,,SRE,RK,29.933,122.933,CRUISING,,,,,-20.21,,,GREEN,LOW,False,,False,,JRN_NDLS_DDN_01_20260902_190156,0.2257,0.0,0.4541,0.4541,0.92,NONE,NONE,,18.9,77.6,09:49:00,30.0,BASELINE_HISTORICAL_CALIBRATION,163.5,19.0
OBS_000370,09:49:30,11070.0,12017,ROUTE_NDLS_DDN_01,SYNTHETIC_SIMULATOR,OK,29.948325,77.594869,191.858,95.0,26.39,95.0,0.0,580.3,100,,682.29,SEC_SRE_RK,,SRE,RK,29.142,122.142,CRUISING,,,,,-20.56,,,GREEN,LOW,False,,False,,JRN_NDLS_DDN_01_20260902_190156,0.2257,0.0,0.4541,0.4541,0.92,NONE,NONE,,18.4,77.1,09:49:30,30.0,BASELINE_HISTORICAL_CALIBRATION,163.0,18.5
OBS_000371,09:50:00,11100.0,12017,ROUTE_NDLS_DDN_01,SYNTHETIC_SIMULATOR,OK,29.94577,77.602832,192.65,95.0,26.39,95.0,0.0,580.3,100,,673.21,SEC_SRE_RK,,SRE,RK,28.35,121.35,CRUISING,,,,,-20.91,,,GREEN,LOW,False,,False,,JRN_NDLS_DDN_01_20260902_190156,0.2257,0.0,0.4541,0.4541,0.92,NONE,NONE,,17.9,76.6,09:50:00,30.0,BASELINE_HISTORICAL_CALIBRATION,162.5,18.0
OBS_000372,09:50:30,11130.0,12017,ROUTE_NDLS_DDN_01,SYNTHETIC_SIMULATOR,OK,29.943216,77.610796,193.442,95.0,26.39,95.0,0.0,580.3,100,,664.0,SEC_SRE_RK,,SRE,RK,27.558,120.558,CRUISING,,,,,-21.26,,,GREEN,LOW,False,,False,,JRN_NDLS_DDN_01_20260902_190156,0.2257,0.0,0.4541,0.4541,0.92,NONE,NONE,,17.4,76.1,09:50:30,30.0,BASELINE_HISTORICAL_CALIBRATION,162.0,17.5
OBS_000373,09:51:00,11160.0,12017,ROUTE_NDLS_DDN_01,SYNTHETIC_SIMULATOR,OK,29.940662,77.618759,194.233,95.0,26.39,95.0,0.0,580.3,100,,654.67,SEC_SRE_RK,,SRE,RK,26.767,119.767,CRUISING,,,,,-21.61,,,GREEN,LOW,False,,False,,JRN_NDLS_DDN_01_20260902_190156,0.2257,0.0,0.4541,0.4541,0.92,NONE,NONE,,16.9,75.6,09:51:00,30.0,BASELINE_HISTORICAL_CALIBRATION,161.5,17.0
OBS_000374,09:51:30,11190.0,12017,ROUTE_NDLS_DDN_01,SYNTHETIC_SIMULATOR,OK,29.938108,77.626722,195.025,95.0,26.39,95.0,0.0,580.3,100,,645.19,SEC_SRE_RK,,SRE,RK,25.975,118.975,CRUISING,,,,,-21.96,,,GREEN,LOW,False,,False,,JRN_NDLS_DDN_01_20260902_190156,0.2257,0.0,0.4541,0.4541,0.92,NONE,NONE,,16.4,75.1,09:51:30,30.0,BASELINE_HISTORICAL_CALIBRATION,161.0,16.5
OBS_000375,09:52:00,11220.0,12017,ROUTE_NDLS_DDN_01,SYNTHETIC_SIMULATOR,OK,29.935553,77.634685,195.817,95.0,26.39,95.0,0.0,580.3,100,,635.58,SEC_SRE_RK,,SRE,RK,25.183,118.183,CRUISING,,,,,-22.31,,,GREEN,LOW,False,,False,,JRN_NDLS_DDN_01_20260902_190156,0.2257,0.0,0.4541,0.4541,0.92,NONE,NONE,,15.9,74.6,09:52:00,30.0,BASELINE_HISTORICAL_CALIBRATION,160.5,16.0
OBS_000376,09:52:30,11250.0,12017,ROUTE_NDLS_DDN_01,SYNTHETIC_SIMULATOR,OK,29.932999,77.642649,196.608,95.0,26.39,95.0,0.0,580.3,100,,625.82,SEC_SRE_RK,,SRE,RK,24.392,117.392,CRUISING,,,,,-22.66,,,GREEN,LOW,False,,False,,JRN_NDLS_DDN_01_20260902_190156,0.2257,0.0,0.4541,0.4541,0.92,NONE,NONE,,15.4,74.1,09:52:30,30.0,BASELINE_HISTORICAL_CALIBRATION,160.0,15.5
OBS_000377,09:53:00,11280.0,12017,ROUTE_NDLS_DDN_01,SYNTHETIC_SIMULATOR,OK,29.930445,77.650612,197.4,95.0,26.39,95.0,0.0,580.3,100,,615.91,SEC_SRE_RK,,SRE,RK,23.6,116.6,CRUISING,,,,,-23.01,,,GREEN,LOW,False,,False,,JRN_NDLS_DDN_01_20260902_190156,0.2257,0.0,0.4541,0.4541,0.92,NONE,NONE,,14.9,73.6,09:53:00,30.0,BASELINE_HISTORICAL_CALIBRATION,159.5,15.0
OBS_000378,09:53:30,11310.0,12017,ROUTE_NDLS_DDN_01,SYNTHETIC_SIMULATOR,OK,29.92789,77.658575,198.192,95.0,26.39,95.0,0.0,580.3,100,,605.83,SEC_SRE_RK,,SRE,RK,22.808,115.808,CRUISING,,,,,-23.36,,,GREEN,LOW,False,,False,,JRN_NDLS_DDN_01_20260902_190156,0.2257,0.0,0.4541,0.4541,0.92,NONE,NONE,,14.4,73.1,09:53:30,30.0,BASELINE_HISTORICAL_CALIBRATION,159.0,14.5
OBS_000379,09:54:00,11340.0,12017,ROUTE_NDLS_DDN_01,SYNTHETIC_SIMULATOR,OK,29.925336,77.666538,198.983,95.0,26.39,95.0,0.0,580.3,100,,595.58,SEC_SRE_RK,,SRE,RK,22.017,115.017,CRUISING,,,,,-23.71,,,GREEN,LOW,False,,False,,JRN_NDLS_DDN_01_20260902_190156,0.2257,0.0,0.4541,0.4541,0.92,NONE,NONE,,13.9,72.6,09:54:00,30.0,BASELINE_HISTORICAL_CALIBRATION,158.5,14.0
OBS_000380,09:54:30,11370.0,12017,ROUTE_NDLS_DDN_01,SYNTHETIC_SIMULATOR,OK,29.922782,77.674501,199.775,95.0,26.39,95.0,0.0,580.3,100,,585.15,SEC_SRE_RK,,SRE,RK,21.225,114.225,CRUISING,,,,,-24.06,,,GREEN,LOW,False,,False,,JRN_NDLS_DDN_01_20260902_190156,0.2257,0.0,0.4541,0.4541,0.92,NONE,NONE,,13.4,72.1,09:54:30,30.0,BASELINE_HISTORICAL_CALIBRATION,158.0,13.5
OBS_000381,09:55:00,11400.0,12017,ROUTE_NDLS_DDN_01,SYNTHETIC_SIMULATOR,OK,29.920228,77.682465,200.567,95.0,26.39,95.0,0.0,580.3,100,,574.54,SEC_SRE_RK,,SRE,RK,20.433,113.433,CRUISING,,,,,-24.41,,,GREEN,LOW,False,,False,,JRN_NDLS_DDN_01_20260902_190156,0.2257,0.0,0.4541,0.4541,0.92,NONE,NONE,,12.9,71.6,09:55:00,30.0,BASELINE_HISTORICAL_CALIBRATION,157.5,13.0
OBS_000382,09:55:30,11430.0,12017,ROUTE_NDLS_DDN_01,SYNTHETIC_SIMULATOR,OK,29.917673,77.690428,201.358,95.0,26.39,95.0,0.0,580.3,100,,563.72,SEC_SRE_RK,,SRE,RK,19.642,112.642,CRUISING,,,,,-24.76,,,GREEN,LOW,False,,False,,JRN_NDLS_DDN_01_20260902_190156,0.2257,0.0,0.4541,0.4541,0.92,NONE,NONE,,12.4,71.1,09:55:30,30.0,BASELINE_HISTORICAL_CALIBRATION,157.0,12.5
OBS_000383,09:56:00,11460.0,12017,ROUTE_NDLS_DDN_01,SYNTHETIC_SIMULATOR,OK,29.915119,77.698391,202.15,95.0,26.39,95.0,0.0,580.3,100,,552.69,SEC_SRE_RK,,SRE,RK,18.85,111.85,CRUISING,,,,,-25.11,,,GREEN,LOW,False,,False,,JRN_NDLS_DDN_01_20260902_190156,0.2257,0.0,0.4541,0.4541,0.92,NONE,NONE,,11.9,70.6,09:56:00,30.0,BASELINE_HISTORICAL_CALIBRATION,156.5,12.0
OBS_000384,09:56:30,11490.0,12017,ROUTE_NDLS_DDN_01,SYNTHETIC_SIMULATOR,OK,29.912565,77.706354,202.942,95.0,26.39,95.0,0.0,580.3,100,,541.44,SEC_SRE_RK,,SRE,RK,18.058,111.058,CRUISING,,,,,-25.46,,,GREEN,LOW,False,,False,,JRN_NDLS_DDN_01_20260902_190156,0.2257,0.0,0.4541,0.4541,0.92,NONE,NONE,,11.4,70.1,09:56:30,30.0,BASELINE_HISTORICAL_CALIBRATION,156.0,11.5
OBS_000385,09:57:00,11520.0,12017,ROUTE_NDLS_DDN_01,SYNTHETIC_SIMULATOR,OK,29.91001,77.714318,203.733,95.0,26.39,95.0,0.0,580.3,100,,529.95,SEC_SRE_RK,,SRE,RK,17.267,110.267,CRUISING,,,,,-25.81,,,GREEN,LOW,False,,False,,JRN_NDLS_DDN_01_20260902_190156,0.2257,0.0,0.4541,0.4541,0.92,NONE,NONE,,10.9,69.6,09:57:00,30.0,BASELINE_HISTORICAL_CALIBRATION,155.5,11.0
OBS_000386,09:57:30,11550.0,12017,ROUTE_NDLS_DDN_01,SYNTHETIC_SIMULATOR,OK,29.907456,77.722281,204.525,95.0,26.39,95.0,0.0,580.3,100,,518.2,SEC_SRE_RK,,SRE,RK,16.475,109.475,CRUISING,,,,,-26.16,,,GREEN,LOW,False,,False,,JRN_NDLS_DDN_01_20260902_190156,0.2257,0.0,0.4541,0.4541,0.92,NONE,NONE,,10.4,69.1,09:57:30,30.0,BASELINE_HISTORICAL_CALIBRATION,155.0,10.5
OBS_000387,09:58:00,11580.0,12017,ROUTE_NDLS_DDN_01,SYNTHETIC_SIMULATOR,OK,29.904902,77.730244,205.317,95.0,26.39,95.0,0.0,580.3,100,,506.18,SEC_SRE_RK,,SRE,RK,15.683,108.683,CRUISING,,,,,-26.51,,,GREEN,LOW,False,,False,,JRN_NDLS_DDN_01_20260902_190156,0.2257,0.0,0.4541,0.4541,0.92,NONE,NONE,,9.9,68.6,09:58:00,30.0,BASELINE_HISTORICAL_CALIBRATION,154.5,10.0
OBS_000388,09:58:30,11610.0,12017,ROUTE_NDLS_DDN_01,SYNTHETIC_SIMULATOR,OK,29.902348,77.738207,206.108,95.0,26.39,95.0,0.0,580.3,100,,493.87,SEC_SRE_RK,,SRE,RK,14.892,107.892,CRUISING,,,,,-26.86,,,GREEN,LOW,False,,False,,JRN_NDLS_DDN_01_20260902_190156,0.2257,0.0,0.4541,0.4541,0.92,NONE,NONE,,9.4,68.1,09:58:30,30.0,BASELINE_HISTORICAL_CALIBRATION,154.0,9.5
OBS_000389,09:59:00,11640.0,12017,ROUTE_NDLS_DDN_01,SYNTHETIC_SIMULATOR,OK,29.899793,77.746171,206.9,95.0,26.39,95.0,0.0,580.3,100,,481.24,SEC_SRE_RK,,SRE,RK,14.1,107.1,CRUISING,,,,,-27.21,,,GREEN,LOW,False,,False,,JRN_NDLS_DDN_01_20260902_190156,0.2257,0.0,0.4541,0.4541,0.92,NONE,NONE,,8.9,67.6,09:59:00,30.0,BASELINE_HISTORICAL_CALIBRATION,153.5,9.0
OBS_000390,09:59:30,11670.0,12017,ROUTE_NDLS_DDN_01,SYNTHETIC_SIMULATOR,OK,29.897239,77.754134,207.692,95.0,26.39,95.0,0.0,580.3,100,,468.28,SEC_SRE_RK,,SRE,RK,13.308,106.308,CRUISING,,,,,-27.56,,,GREEN,LOW,False,,False,,JRN_NDLS_DDN_01_20260902_190156,0.2257,0.0,0.4541,0.4541,0.92,NONE,NONE,,8.4,67.1,09:59:30,30.0,BASELINE_HISTORICAL_CALIBRATION,153.0,8.5
OBS_000391,10:00:00,11700.0,12017,ROUTE_NDLS_DDN_01,SYNTHETIC_SIMULATOR,OK,29.894685,77.762097,208.483,95.0,26.39,95.0,0.0,580.3,100,,454.94,SEC_SRE_RK,,SRE,RK,12.517,105.517,CRUISING,,,,,-27.9,,,GREEN,LOW,False,,False,,JRN_NDLS_DDN_01_20260902_190156,0.2483,0.0,0.4541,0.4541,0.92,NONE,NONE,,7.9,66.6,10:00:00,30.0,BASELINE_HISTORICAL_CALIBRATION,152.5,8.0
OBS_000392,10:00:30,11730.0,12017,ROUTE_NDLS_DDN_01,SYNTHETIC_SIMULATOR,OK,29.89213,77.77006,209.275,95.0,26.39,95.0,0.0,580.3,100,,441.2,SEC_SRE_RK,,SRE,RK,11.725,104.725,CRUISING,,,,,-28.25,,,GREEN,LOW,False,,False,,JRN_NDLS_DDN_01_20260902_190156,0.2483,0.0,0.4541,0.4541,0.92,NONE,NONE,,7.4,66.1,10:00:30,30.0,BASELINE_HISTORICAL_CALIBRATION,152.0,7.5
OBS_000393,10:01:00,11760.0,12017,ROUTE_NDLS_DDN_01,SYNTHETIC_SIMULATOR,OK,29.889576,77.778024,210.067,95.0,26.39,95.0,0.0,580.3,100,,427.02,SEC_SRE_RK,,SRE,RK,10.933,103.933,CRUISING,,,,,-28.6,,,GREEN,LOW,False,,False,,JRN_NDLS_DDN_01_20260902_190156,0.2483,0.0,0.4541,0.4541,0.92,NONE,NONE,,6.9,65.6,10:01:00,30.0,BASELINE_HISTORICAL_CALIBRATION,151.5,7.0
OBS_000394,10:01:30,11790.0,12017,ROUTE_NDLS_DDN_01,SYNTHETIC_SIMULATOR,OK,29.887022,77.785987,210.858,95.0,26.39,95.0,0.0,580.3,100,,412.35,SEC_SRE_RK,,SRE,RK,10.142,103.142,CRUISING,,,,,-28.95,,,GREEN,LOW,False,,False,,JRN_NDLS_DDN_01_20260902_190156,0.2483,0.0,0.4541,0.4541,0.92,NONE,NONE,,6.4,65.1,10:01:30,30.0,BASELINE_HISTORICAL_CALIBRATION,151.0,6.5
OBS_000395,10:02:00,11820.0,12017,ROUTE_NDLS_DDN_01,SYNTHETIC_SIMULATOR,OK,29.884467,77.79395,211.65,95.0,26.39,95.0,0.0,580.3,100,,397.14,SEC_SRE_RK,,SRE,RK,9.35,102.35,CRUISING,,,,,-29.3,,,GREEN,LOW,False,,False,,JRN_NDLS_DDN_01_20260902_190156,0.2483,0.0,0.4541,0.4541,0.92,NONE,NONE,,5.9,64.6,10:02:00,30.0,BASELINE_HISTORICAL_CALIBRATION,150.5,6.0
OBS_000396,10:02:30,11850.0,12017,ROUTE_NDLS_DDN_01,SYNTHETIC_SIMULATOR,OK,29.881913,77.801913,212.442,95.0,26.39,95.0,0.0,580.3,100,,381.33,SEC_SRE_RK,,SRE,RK,8.558,101.558,CRUISING,,,,,-29.65,,,GREEN,LOW,False,,False,,JRN_NDLS_DDN_01_20260902_190156,0.2483,0.0,0.4541,0.4541,0.92,NONE,NONE,,5.4,64.1,10:02:30,30.0,BASELINE_HISTORICAL_CALIBRATION,150.0,5.5
OBS_000397,10:03:00,11880.0,12017,ROUTE_NDLS_DDN_01,SYNTHETIC_SIMULATOR,OK,29.879359,77.809876,213.233,95.0,26.39,95.0,0.0,580.3,100,,364.83,SEC_SRE_RK,,SRE,RK,7.767,100.767,CRUISING,,,,,-30.0,,,GREEN,LOW,False,,False,,JRN_NDLS_DDN_01_20260902_190156,0.2483,0.0,0.4541,0.4541,0.92,NONE,NONE,,4.9,63.6,10:03:00,30.0,BASELINE_HISTORICAL_CALIBRATION,149.5,5.0
OBS_000398,10:03:30,11910.0,12017,ROUTE_NDLS_DDN_01,SYNTHETIC_SIMULATOR,OK,29.876805,77.81784,214.025,95.0,26.39,95.0,0.0,580.3,100,,347.54,SEC_SRE_RK,,SRE,RK,6.975,99.975,CRUISING,,,,,-30.35,,,GREEN,LOW,False,,False,,JRN_NDLS_DDN_01_20260902_190156,0.2483,0.0,0.4541,0.4541,0.92,NONE,NONE,,4.4,63.1,10:03:30,30.0,BASELINE_HISTORICAL_CALIBRATION,149.0,4.5
OBS_000399,10:04:00,11940.0,12017,ROUTE_NDLS_DDN_01,SYNTHETIC_SIMULATOR,OK,29.87425,77.825803,214.817,95.0,26.39,95.0,0.0,580.3,100,,329.36,SEC_SRE_RK,,SRE,RK,6.183,99.183,CRUISING,,,,,-30.7,,,GREEN,LOW,False,,False,,JRN_NDLS_DDN_01_20260902_190156,0.2483,0.0,0.4541,0.4541,0.92,NONE,NONE,,3.9,62.6,10:04:00,30.0,BASELINE_HISTORICAL_CALIBRATION,148.5,4.0
OBS_000400,10:04:30,11970.0,12017,ROUTE_NDLS_DDN_01,SYNTHETIC_SIMULATOR,OK,29.871696,77.833766,215.608,95.0,26.39,95.0,0.0,580.3,100,,310.1,SEC_SRE_RK,,SRE,RK,5.392,98.392,CRUISING,,,,,-31.05,,,GREEN,LOW,False,,False,,JRN_NDLS_DDN_01_20260902_190156,0.2483,0.0,0.4541,0.4541,0.92,NONE,NONE,,3.4,62.1,10:04:30,30.0,BASELINE_HISTORICAL_CALIBRATION,148.0,3.5
OBS_000401,10:05:00,12000.0,12017,ROUTE_NDLS_DDN_01,SYNTHETIC_SIMULATOR,OK,29.869142,77.841729,216.4,95.0,26.39,95.0,0.0,580.3,100,,289.57,SEC_SRE_RK,,SRE,RK,4.6,97.6,CRUISING,,,,,-31.4,,,GREEN,LOW,False,,False,,JRN_NDLS_DDN_01_20260902_190156,0.2483,0.0,0.4541,0.4541,0.92,NONE,NONE,,2.9,61.6,10:05:00,30.0,BASELINE_HISTORICAL_CALIBRATION,147.5,3.0
OBS_000402,10:05:30,12030.0,12017,ROUTE_NDLS_DDN_01,SYNTHETIC_SIMULATOR,OK,29.866587,77.849693,217.192,95.0,26.39,95.0,0.0,580.3,100,,267.47,SEC_SRE_RK,,SRE,RK,3.808,96.808,CRUISING,,,,,-31.75,,,GREEN,LOW,False,,False,,JRN_NDLS_DDN_01_20260902_190156,0.2483,0.0,0.4541,0.4541,0.92,NONE,NONE,,2.4,61.1,10:05:30,30.0,BASELINE_HISTORICAL_CALIBRATION,147.0,2.5
OBS_000403,10:06:00,12060.0,12017,ROUTE_NDLS_DDN_01,SYNTHETIC_SIMULATOR,OK,29.864033,77.857656,217.983,95.0,26.39,95.0,0.0,580.3,100,,243.37,SEC_SRE_RK,,SRE,RK,3.017,96.017,CRUISING,,,,,-32.1,,,GREEN,LOW,False,,False,,JRN_NDLS_DDN_01_20260902_190156,0.2483,0.0,0.4541,0.4541,0.92,NONE,NONE,,1.9,60.6,10:06:00,30.0,BASELINE_HISTORICAL_CALIBRATION,146.5,2.0
OBS_000404,10:06:30,12090.0,12017,ROUTE_NDLS_DDN_01,SYNTHETIC_SIMULATOR,OK,29.861479,77.865619,218.775,95.0,26.39,95.0,0.0,580.3,100,,216.6,SEC_SRE_RK,,SRE,RK,2.225,95.225,CRUISING,,,,,-32.45,,,GREEN,LOW,False,,False,,JRN_NDLS_DDN_01_20260902_190156,0.2483,0.0,0.4541,0.4541,0.92,NONE,NONE,,1.4,60.1,10:06:30,30.0,BASELINE_HISTORICAL_CALIBRATION,146.0,1.5
OBS_000405,10:07:00,12120.0,12017,ROUTE_NDLS_DDN_01,SYNTHETIC_SIMULATOR,OK,29.858925,77.873582,219.567,95.0,26.39,95.0,0.0,580.3,100,,186.02,SEC_SRE_RK,,SRE,RK,1.433,94.433,CRUISING,,,,,-32.8,,,GREEN,LOW,False,,False,,JRN_NDLS_DDN_01_20260902_190156,0.2483,0.0,0.4541,0.4541,0.92,NONE,NONE,,0.9,59.6,10:07:00,30.0,BASELINE_HISTORICAL_CALIBRATION,145.5,1.0
OBS_000406,10:07:30,12150.0,12017,ROUTE_NDLS_DDN_01,SYNTHETIC_SIMULATOR,OK,29.85637,77.881546,220.358,95.0,26.39,95.0,0.0,580.3,100,,149.3,SEC_SRE_RK,,SRE,RK,0.642,93.642,CRUISING,,,,,-33.15,,,GREEN,LOW,False,,False,,JRN_NDLS_DDN_01_20260902_190156,0.2483,0.0,0.4541,0.4541,0.92,NONE,NONE,,0.4,59.1,10:07:30,30.0,BASELINE_HISTORICAL_CALIBRATION,145.0,0.5
OBS_000407,10:08:00,12180.0,12017,ROUTE_NDLS_DDN_01,SYNTHETIC_SIMULATOR,OK,29.8543,77.888,221.0,0.0,0.0,95.0,0.0,0.0,100,,99.9,SEC_SRE_RK,RK,RK,HW,42.0,93.0,DWELLING,ARRIVED,10:08:00,,,-33.5,,,GREEN,LOW,False,,False,,JRN_NDLS_DDN_01_20260902_190156,0.2483,0.0,0.4541,0.4541,0.92,NONE,NONE,,100.8,223.2,10:08:00,30.0,BASELINE_HISTORICAL_CALIBRATION,144.5,45.5
OBS_000408,10:08:30,12210.0,12017,ROUTE_NDLS_DDN_01,SYNTHETIC_SIMULATOR,OK,29.8543,77.888,221.0,0.0,0.0,0.0,0.0,0.0,80,,0.0,SEC_RK_HW,RK,RK,HW,42.0,93.0,DWELLING,,,,,-33.69,,,GREEN,LOW,False,,False,,JRN_NDLS_DDN_01_20260902_190156,0.2483,0.0,0.4541,0.4541,0.92,NONE,NONE,,100.8,223.2,10:08:30,30.0,BASELINE_HISTORICAL_CALIBRATION,144.0,45.0
OBS_000409,10:09:00,12240.0,12017,ROUTE_NDLS_DDN_01,SYNTHETIC_SIMULATOR,OK,29.8543,77.888,221.0,0.0,0.0,0.0,0.0,0.0,80,,0.0,SEC_RK_HW,RK,RK,HW,42.0,93.0,DWELLING,,,,,-33.19,,,GREEN,LOW,False,,False,,JRN_NDLS_DDN_01_20260902_190156,0.2483,0.0,0.4541,0.4541,0.92,NONE,NONE,,100.8,223.2,10:09:00,30.0,BASELINE_HISTORICAL_CALIBRATION,143.5,44.5
OBS_000410,10:09:30,12270.0,12017,ROUTE_NDLS_DDN_01,SYNTHETIC_SIMULATOR,OK,29.8543,77.888,221.0,0.0,0.0,0.0,0.0,0.0,80,,0.0,SEC_RK_HW,RK,RK,HW,42.0,93.0,DWELLING,,,,,-32.69,,,GREEN,LOW,False,,False,,JRN_NDLS_DDN_01_20260902_190156,0.2483,0.0,0.4541,0.4541,0.92,NONE,NONE,,100.8,223.2,10:09:30,30.0,BASELINE_HISTORICAL_CALIBRATION,143.0,44.0
OBS_000411,10:10:00,12300.0,12017,ROUTE_NDLS_DDN_01,SYNTHETIC_SIMULATOR,OK,29.8543,77.888,221.0,0.0,0.0,0.0,0.0,0.0,80,,0.0,SEC_RK_HW,RK,RK,HW,42.0,93.0,DWELLING,,,,,-32.19,,,GREEN,LOW,False,,False,,JRN_NDLS_DDN_01_20260902_190156,0.2483,0.0,0.4541,0.4541,0.92,NONE,NONE,,100.8,223.2,10:10:00,30.0,BASELINE_HISTORICAL_CALIBRATION,142.5,43.5
OBS_000412,10:10:30,12330.0,12017,ROUTE_NDLS_DDN_01,SYNTHETIC_SIMULATOR,OK,29.8543,77.888,221.0,0.0,0.0,0.0,0.0,0.0,80,,0.0,SEC_RK_HW,RK,RK,HW,42.0,93.0,DWELLING,,,,,-31.69,,,GREEN,LOW,False,,False,,JRN_NDLS_DDN_01_20260902_190156,0.2483,0.0,0.4541,0.4541,0.92,NONE,NONE,,100.8,223.2,10:10:30,30.0,BASELINE_HISTORICAL_CALIBRATION,142.0,43.0
OBS_000413,10:11:00,12360.0,12017,ROUTE_NDLS_DDN_01,SYNTHETIC_SIMULATOR,OK,29.8543,77.888,221.0,0.0,0.0,0.0,0.0,0.0,80,,0.0,SEC_RK_HW,RK,RK,HW,42.0,93.0,DWELLING,,,,,-31.19,,,GREEN,LOW,False,,False,,JRN_NDLS_DDN_01_20260902_190156,0.2483,0.0,0.4541,0.4541,0.92,NONE,NONE,,100.8,223.2,10:11:00,30.0,BASELINE_HISTORICAL_CALIBRATION,141.5,42.5
OBS_000414,10:11:30,12390.0,12017,ROUTE_NDLS_DDN_01,SYNTHETIC_SIMULATOR,OK,29.8543,77.888,221.0,0.0,0.0,0.0,0.0,0.0,80,,0.0,SEC_RK_HW,RK,RK,HW,42.0,93.0,DWELLING,,,,,-30.69,,,GREEN,LOW,False,,False,,JRN_NDLS_DDN_01_20260902_190156,0.2483,0.0,0.4541,0.4541,0.92,NONE,NONE,,100.8,223.2,10:11:30,30.0,BASELINE_HISTORICAL_CALIBRATION,141.0,42.0
OBS_000415,10:12:00,12420.0,12017,ROUTE_NDLS_DDN_01,SYNTHETIC_SIMULATOR,OK,29.8543,77.888,221.0,0.0,0.0,0.0,0.0,0.0,80,,0.0,SEC_RK_HW,RK,RK,HW,42.0,93.0,DWELLING,,,,,-30.19,,,GREEN,LOW,False,,False,,JRN_NDLS_DDN_01_20260902_190156,0.2483,0.0,0.4541,0.4541,0.92,NONE,NONE,,100.8,223.2,10:12:00,30.0,BASELINE_HISTORICAL_CALIBRATION,140.5,41.5
OBS_000416,10:12:30,12450.0,12017,ROUTE_NDLS_DDN_01,SYNTHETIC_SIMULATOR,OK,29.8543,77.888,221.0,0.0,0.0,0.0,0.0,0.0,80,,0.0,SEC_RK_HW,RK,RK,HW,42.0,93.0,DWELLING,,,,,-29.69,,,GREEN,LOW,False,,False,,JRN_NDLS_DDN_01_20260902_190156,0.2483,0.0,0.4541,0.4541,0.92,NONE,NONE,,100.8,223.2,10:12:30,30.0,BASELINE_HISTORICAL_CALIBRATION,140.0,41.0
OBS_000417,10:13:00,12480.0,12017,ROUTE_NDLS_DDN_01,SYNTHETIC_SIMULATOR,OK,29.8543,77.888,221.0,0.0,0.0,0.0,0.0,0.0,80,,0.0,SEC_RK_HW,RK,RK,HW,42.0,93.0,DWELLING,,,,,-29.19,,,GREEN,LOW,False,,False,,JRN_NDLS_DDN_01_20260902_190156,0.2483,0.0,0.4541,0.4541,0.92,NONE,NONE,,100.8,223.2,10:13:00,30.0,BASELINE_HISTORICAL_CALIBRATION,139.5,40.5
OBS_000418,10:13:30,12510.0,12017,ROUTE_NDLS_DDN_01,SYNTHETIC_SIMULATOR,OK,29.8543,77.888,221.0,0.0,0.0,0.0,0.0,0.0,80,,0.0,SEC_RK_HW,RK,RK,HW,42.0,93.0,DWELLING,,,,,-28.69,,,GREEN,LOW,False,,False,,JRN_NDLS_DDN_01_20260902_190156,0.2483,0.0,0.4541,0.4541,0.92,NONE,NONE,,100.8,223.2,10:13:30,30.0,BASELINE_HISTORICAL_CALIBRATION,139.0,40.0
OBS_000419,10:14:00,12540.0,12017,ROUTE_NDLS_DDN_01,SYNTHETIC_SIMULATOR,OK,29.8543,77.888,221.0,0.0,0.0,0.0,0.0,0.0,80,,0.0,SEC_RK_HW,RK,RK,HW,42.0,93.0,DWELLING,,,,,-28.19,,,GREEN,LOW,False,,False,,JRN_NDLS_DDN_01_20260902_190156,0.2483,0.0,0.4541,0.4541,0.92,NONE,NONE,,100.8,223.2,10:14:00,30.0,BASELINE_HISTORICAL_CALIBRATION,138.5,39.5
OBS_000420,10:14:30,12570.0,12017,ROUTE_NDLS_DDN_01,SYNTHETIC_SIMULATOR,OK,29.8543,77.888,221.0,0.0,0.0,0.0,0.0,0.0,80,,0.0,SEC_RK_HW,RK,RK,HW,42.0,93.0,DWELLING,,,,,-27.69,,,GREEN,LOW,False,,False,,JRN_NDLS_DDN_01_20260902_190156,0.2483,0.0,0.4541,0.4541,0.92,NONE,NONE,,100.8,223.2,10:14:30,30.0,BASELINE_HISTORICAL_CALIBRATION,138.0,39.0
OBS_000421,10:15:00,12600.0,12017,ROUTE_NDLS_DDN_01,SYNTHETIC_SIMULATOR,OK,29.8543,77.888,221.0,0.0,0.0,0.0,0.0,0.0,80,,0.0,SEC_RK_HW,RK,RK,HW,42.0,93.0,DWELLING,,,,,-27.19,,,GREEN,LOW,False,,False,,JRN_NDLS_DDN_01_20260902_190156,0.2483,0.0,0.4541,0.4541,0.92,NONE,NONE,,100.8,223.2,10:15:00,30.0,BASELINE_HISTORICAL_CALIBRATION,137.5,38.5
OBS_000422,10:15:30,12630.0,12017,ROUTE_NDLS_DDN_01,SYNTHETIC_SIMULATOR,OK,29.8543,77.888,221.0,0.0,0.0,0.0,0.0,0.0,80,,0.0,SEC_RK_HW,RK,RK,HW,42.0,93.0,DWELLING,,,,,-26.69,,,GREEN,LOW,False,,False,,JRN_NDLS_DDN_01_20260902_190156,0.2483,0.0,0.4541,0.4541,0.92,NONE,NONE,,100.8,223.2,10:15:30,30.0,BASELINE_HISTORICAL_CALIBRATION,137.0,38.0
OBS_000423,10:16:00,12660.0,12017,ROUTE_NDLS_DDN_01,SYNTHETIC_SIMULATOR,OK,29.8543,77.888,221.0,0.0,0.0,0.0,0.0,0.0,80,,0.0,SEC_RK_HW,RK,RK,HW,42.0,93.0,DWELLING,,,,,-26.19,,,GREEN,LOW,False,,False,,JRN_NDLS_DDN_01_20260902_190156,0.2483,0.0,0.4541,0.4541,0.92,NONE,NONE,,100.8,223.2,10:16:00,30.0,BASELINE_HISTORICAL_CALIBRATION,136.5,37.5
OBS_000424,10:16:30,12690.0,12017,ROUTE_NDLS_DDN_01,SYNTHETIC_SIMULATOR,OK,29.8543,77.888,221.0,0.0,0.0,0.0,0.0,0.0,80,,0.0,SEC_RK_HW,RK,RK,HW,42.0,93.0,DWELLING,,,,,-25.69,,,GREEN,LOW,False,,False,,JRN_NDLS_DDN_01_20260902_190156,0.2483,0.0,0.4541,0.4541,0.92,NONE,NONE,,100.8,223.2,10:16:30,30.0,BASELINE_HISTORICAL_CALIBRATION,136.0,37.0
OBS_000425,10:17:00,12720.0,12017,ROUTE_NDLS_DDN_01,SYNTHETIC_SIMULATOR,OK,29.8543,77.888,221.0,0.0,0.0,0.0,0.0,0.0,80,,0.0,SEC_RK_HW,RK,RK,HW,42.0,93.0,DWELLING,,,,,-25.19,,,GREEN,LOW,False,,False,,JRN_NDLS_DDN_01_20260902_190156,0.2483,0.0,0.4541,0.4541,0.92,NONE,NONE,,100.8,223.2,10:17:00,30.0,BASELINE_HISTORICAL_CALIBRATION,135.5,36.5
OBS_000426,10:17:30,12750.0,12017,ROUTE_NDLS_DDN_01,SYNTHETIC_SIMULATOR,OK,29.8543,77.888,221.0,0.0,0.0,0.0,0.0,0.0,80,,0.0,SEC_RK_HW,RK,RK,HW,42.0,93.0,DWELLING,,,,,-24.69,,,GREEN,LOW,False,,False,,JRN_NDLS_DDN_01_20260902_190156,0.2483,0.0,0.4541,0.4541,0.92,NONE,NONE,,100.8,223.2,10:17:30,30.0,BASELINE_HISTORICAL_CALIBRATION,135.0,36.0
OBS_000427,10:18:00,12780.0,12017,ROUTE_NDLS_DDN_01,SYNTHETIC_SIMULATOR,OK,29.8543,77.888,221.0,0.0,0.0,0.0,0.0,0.0,80,,0.0,SEC_RK_HW,RK,RK,HW,42.0,93.0,DWELLING,,,,,-24.19,,,GREEN,LOW,False,,False,,JRN_NDLS_DDN_01_20260902_190156,0.2483,0.0,0.4541,0.4541,0.92,NONE,NONE,,100.8,223.2,10:18:00,30.0,BASELINE_HISTORICAL_CALIBRATION,134.5,35.5
OBS_000428,10:18:30,12810.0,12017,ROUTE_NDLS_DDN_01,SYNTHETIC_SIMULATOR,OK,29.8543,77.888,221.0,0.0,0.0,0.0,0.0,0.0,80,,0.0,SEC_RK_HW,RK,RK,HW,42.0,93.0,DWELLING,,,,,-23.69,,,GREEN,LOW,False,,False,,JRN_NDLS_DDN_01_20260902_190156,0.2483,0.0,0.4541,0.4541,0.92,NONE,NONE,,100.8,223.2,10:18:30,30.0,BASELINE_HISTORICAL_CALIBRATION,134.0,35.0
OBS_000429,10:19:00,12840.0,12017,ROUTE_NDLS_DDN_01,SYNTHETIC_SIMULATOR,OK,29.8543,77.888,221.0,0.0,0.0,0.0,0.0,0.0,80,,0.0,SEC_RK_HW,RK,RK,HW,42.0,93.0,DWELLING,,,,,-23.19,,,GREEN,LOW,False,,False,,JRN_NDLS_DDN_01_20260902_190156,0.2483,0.0,0.4541,0.4541,0.92,NONE,NONE,,100.8,223.2,10:19:00,30.0,BASELINE_HISTORICAL_CALIBRATION,133.5,34.5
OBS_000430,10:19:30,12870.0,12017,ROUTE_NDLS_DDN_01,SYNTHETIC_SIMULATOR,OK,29.8543,77.888,221.0,0.0,0.0,0.0,0.0,0.0,80,,0.0,SEC_RK_HW,RK,RK,HW,42.0,93.0,DWELLING,,,,,-22.69,,,GREEN,LOW,False,,False,,JRN_NDLS_DDN_01_20260902_190156,0.2483,0.0,0.4541,0.4541,0.92,NONE,NONE,,100.8,223.2,10:19:30,30.0,BASELINE_HISTORICAL_CALIBRATION,133.0,34.0
OBS_000431,10:20:00,12900.0,12017,ROUTE_NDLS_DDN_01,SYNTHETIC_SIMULATOR,OK,29.8543,77.888,221.0,0.0,0.0,0.0,0.0,0.0,80,,0.0,SEC_RK_HW,RK,RK,HW,42.0,93.0,DWELLING,,,,,-22.19,,,GREEN,LOW,False,,False,,JRN_NDLS_DDN_01_20260902_190156,0.2483,0.0,0.4541,0.4541,0.92,NONE,NONE,,100.8,223.2,10:20:00,30.0,BASELINE_HISTORICAL_CALIBRATION,132.5,33.5
OBS_000432,10:20:30,12930.0,12017,ROUTE_NDLS_DDN_01,SYNTHETIC_SIMULATOR,OK,29.8543,77.888,221.0,0.0,0.0,0.0,0.0,0.0,80,,0.0,SEC_RK_HW,RK,RK,HW,42.0,93.0,DWELLING,,,,,-21.69,,,GREEN,LOW,False,,False,,JRN_NDLS_DDN_01_20260902_190156,0.2483,0.0,0.4541,0.4541,0.92,NONE,NONE,,100.8,223.2,10:20:30,30.0,BASELINE_HISTORICAL_CALIBRATION,132.0,33.0
OBS_000433,10:21:00,12960.0,12017,ROUTE_NDLS_DDN_01,SYNTHETIC_SIMULATOR,OK,29.8543,77.888,221.675,54.0,15.0,76.0,0.5,187.5,80,,808.2,SEC_RK_HW,RK,RK,HW,41.325,92.325,ACCELERATING,DEPARTED,,10:21:00,2,-21.19,,,GREEN,LOW,False,,False,,JRN_NDLS_DDN_01_20260902_190156,0.2483,0.0,0.4541,0.4541,0.92,NONE,NONE,,45.9,102.6,10:21:00,30.0,BASELINE_HISTORICAL_CALIBRATION,131.5,32.5
OBS_000434,10:21:30,12990.0,12017,ROUTE_NDLS_DDN_01,SYNTHETIC_SIMULATOR,OK,29.857637,77.897518,222.533,76.0,21.11,76.0,0.5,371.4,80,,801.68,SEC_RK_HW,,RK,HW,40.467,91.467,ACCELERATING,,,,,-21.41,,,GREEN,LOW,False,,False,,JRN_NDLS_DDN_01_20260902_190156,0.2483,0.0,0.4541,0.4541,0.92,NONE,NONE,,31.9,72.2,10:21:30,30.0,BASELINE_HISTORICAL_CALIBRATION,131.0,32.0
OBS_000435,10:22:00,13020.0,12017,ROUTE_NDLS_DDN_01,SYNTHETIC_SIMULATOR,OK,29.859015,77.901449,223.167,76.0,21.11,76.0,0.0,371.4,80,,793.31,SEC_RK_HW,,RK,HW,39.833,90.833,CRUISING,,,,,-21.83,,,GREEN,LOW,False,,False,,JRN_NDLS_DDN_01_20260902_190156,0.2483,0.0,0.4541,0.4541,0.92,NONE,NONE,,31.4,71.7,10:22:00,30.0,BASELINE_HISTORICAL_CALIBRATION,130.5,31.5
OBS_000436,10:22:30,13050.0,12017,ROUTE_NDLS_DDN_01,SYNTHETIC_SIMULATOR,OK,29.860393,77.90538,223.8,76.0,21.11,76.0,0.0,371.4,80,,787.08,SEC_RK_HW,,RK,HW,39.2,90.2,CRUISING,,,,,-22.01,,,GREEN,LOW,False,,False,,JRN_NDLS_DDN_01_20260902_190156,0.2483,0.0,0.4541,0.4541,0.92,NONE,NONE,,30.9,71.2,10:22:30,30.0,BASELINE_HISTORICAL_CALIBRATION,130.0,31.0
OBS_000437,10:23:00,13080.0,12017,ROUTE_NDLS_DDN_01,SYNTHETIC_SIMULATOR,OK,29.861772,77.909311,224.433,76.0,21.11,76.0,0.0,371.4,80,,780.79,SEC_RK_HW,,RK,HW,38.567,89.567,CRUISING,,,,,-22.19,,,GREEN,LOW,False,,False,,JRN_NDLS_DDN_01_20260902_190156,0.2483,0.0,0.4541,0.4541,0.92,NONE,NONE,,30.4,70.7,10:23:00,30.0,BASELINE_HISTORICAL_CALIBRATION,129.5,30.5
OBS_000438,10:23:30,13110.0,12017,ROUTE_NDLS_DDN_01,SYNTHETIC_SIMULATOR,OK,29.86315,77.913242,225.067,76.0,21.11,76.0,0.0,371.4,80,,774.46,SEC_RK_HW,,RK,HW,37.933,88.933,CRUISING,,,,,-22.37,,,GREEN,LOW,False,,False,,JRN_NDLS_DDN_01_20260902_190156,0.2483,0.0,0.4541,0.4541,0.92,NONE,NONE,,29.9,70.2,10:23:30,30.0,BASELINE_HISTORICAL_CALIBRATION,129.0,30.0
OBS_000439,10:24:00,13140.0,12017,ROUTE_NDLS_DDN_01,SYNTHETIC_SIMULATOR,OK,29.864528,77.917174,225.7,76.0,21.11,76.0,0.0,371.4,80,,768.07,SEC_RK_HW,,RK,HW,37.3,88.3,CRUISING,,,,,-22.55,,,GREEN,LOW,False,,False,,JRN_NDLS_DDN_01_20260902_190156,0.2483,0.0,0.4541,0.4541,0.92,NONE,NONE,,29.4,69.7,10:24:00,30.0,BASELINE_HISTORICAL_CALIBRATION,128.5,29.5
OBS_000440,10:24:30,13170.0,12017,ROUTE_NDLS_DDN_01,SYNTHETIC_SIMULATOR,OK,29.865906,77.921105,226.333,76.0,21.11,76.0,0.0,371.4,80,,761.64,SEC_RK_HW,,RK,HW,36.667,87.667,CRUISING,,,,,-22.73,,,GREEN,LOW,False,,False,,JRN_NDLS_DDN_01_20260902_190156,0.2483,0.0,0.4541,0.4541,0.92,NONE,NONE,,28.9,69.2,10:24:30,30.0,BASELINE_HISTORICAL_CALIBRATION,128.0,29.0
OBS_000441,10:25:00,13200.0,12017,ROUTE_NDLS_DDN_01,SYNTHETIC_SIMULATOR,OK,29.867285,77.925036,226.967,76.0,21.11,76.0,0.0,371.4,80,,755.14,SEC_RK_HW,,RK,HW,36.033,87.033,CRUISING,,,,,-22.91,,,GREEN,LOW,False,,False,,JRN_NDLS_DDN_01_20260902_190156,0.2483,0.0,0.4541,0.4541,0.92,NONE,NONE,,28.4,68.7,10:25:00,30.0,BASELINE_HISTORICAL_CALIBRATION,127.5,28.5
OBS_000442,10:25:30,13230.0,12017,ROUTE_NDLS_DDN_01,SYNTHETIC_SIMULATOR,OK,29.868663,77.928967,227.6,76.0,21.11,76.0,0.0,371.4,80,,748.59,SEC_RK_HW,,RK,HW,35.4,86.4,CRUISING,,,,,-23.09,,,GREEN,LOW,False,,False,,JRN_NDLS_DDN_01_20260902_190156,0.2483,0.0,0.4541,0.4541,0.92,NONE,NONE,,27.9,68.2,10:25:30,30.0,BASELINE_HISTORICAL_CALIBRATION,127.0,28.0
OBS_000443,10:26:00,13260.0,12017,ROUTE_NDLS_DDN_01,SYNTHETIC_SIMULATOR,OK,29.870041,77.932898,228.233,76.0,21.11,76.0,0.0,371.4,80,,741.98,SEC_RK_HW,,RK,HW,34.767,85.767,CRUISING,,,,,-23.27,,,GREEN,LOW,False,,False,,JRN_NDLS_DDN_01_20260902_190156,0.2483,0.0,0.4541,0.4541,0.92,NONE,NONE,,27.4,67.7,10:26:00,30.0,BASELINE_HISTORICAL_CALIBRATION,126.5,27.5
OBS_000444,10:26:30,13290.0,12017,ROUTE_NDLS_DDN_01,SYNTHETIC_SIMULATOR,OK,29.871419,77.93683,228.867,76.0,21.11,76.0,0.0,371.4,80,,735.32,SEC_RK_HW,,RK,HW,34.133,85.133,CRUISING,,,,,-23.45,,,GREEN,LOW,False,,False,,JRN_NDLS_DDN_01_20260902_190156,0.2483,0.0,0.4541,0.4541,0.92,NONE,NONE,,26.9,67.2,10:26:30,30.0,BASELINE_HISTORICAL_CALIBRATION,126.0,27.0
OBS_000445,10:27:00,13320.0,12017,ROUTE_NDLS_DDN_01,SYNTHETIC_SIMULATOR,OK,29.872798,77.940761,229.5,76.0,21.11,76.0,0.0,371.4,80,,728.59,SEC_RK_HW,,RK,HW,33.5,84.5,CRUISING,,,,,-23.63,,,GREEN,LOW,False,,False,,JRN_NDLS_DDN_01_20260902_190156,0.2483,0.0,0.4541,0.4541,0.92,NONE,NONE,,26.4,66.7,10:27:00,30.0,BASELINE_HISTORICAL_CALIBRATION,125.5,26.5
OBS_000446,10:27:30,13350.0,12017,ROUTE_NDLS_DDN_01,SYNTHETIC_SIMULATOR,OK,29.874176,77.944692,230.133,76.0,21.11,76.0,0.0,371.4,80,,721.8,SEC_RK_HW,,RK,HW,32.867,83.867,CRUISING,,,,,-23.81,,,GREEN,LOW,False,,False,,JRN_NDLS_DDN_01_20260902_190156,0.2483,0.0,0.4541,0.4541,0.92,NONE,NONE,,25.9,66.2,10:27:30,30.0,BASELINE_HISTORICAL_CALIBRATION,125.0,26.0
OBS_000447,10:28:00,13380.0,12017,ROUTE_NDLS_DDN_01,SYNTHETIC_SIMULATOR,OK,29.875554,77.948623,230.767,76.0,21.11,76.0,0.0,371.4,80,,714.94,SEC_RK_HW,,RK,HW,32.233,83.233,CRUISING,,,,,-23.99,,,GREEN,LOW,False,,False,,JRN_NDLS_DDN_01_20260902_190156,0.2483,0.0,0.4541,0.4541,0.92,NONE,NONE,,25.4,65.7,10:28:00,30.0,BASELINE_HISTORICAL_CALIBRATION,124.5,25.5
OBS_000448,10:28:30,13410.0,12017,ROUTE_NDLS_DDN_01,SYNTHETIC_SIMULATOR,OK,29.876932,77.952554,231.4,76.0,21.11,76.0,0.0,371.4,80,,708.02,SEC_RK_HW,,RK,HW,31.6,82.6,CRUISING,,,,,-24.17,,,GREEN,LOW,False,,False,,JRN_NDLS_DDN_01_20260902_190156,0.2483,0.0,0.4541,0.4541,0.92,NONE,NONE,,24.9,65.2,10:28:30,30.0,BASELINE_HISTORICAL_CALIBRATION,124.0,25.0
OBS_000449,10:29:00,13440.0,12017,ROUTE_NDLS_DDN_01,SYNTHETIC_SIMULATOR,OK,29.878311,77.956485,232.033,76.0,21.11,76.0,0.0,371.4,80,,701.03,SEC_RK_HW,,RK,HW,30.967,81.967,CRUISING,,,,,-24.35,,,GREEN,LOW,False,,False,,JRN_NDLS_DDN_01_20260902_190156,0.2483,0.0,0.4541,0.4541,0.92,NONE,NONE,,24.4,64.7,10:29:00,30.0,BASELINE_HISTORICAL_CALIBRATION,123.5,24.5
OBS_000450,10:29:30,13470.0,12017,ROUTE_NDLS_DDN_01,SYNTHETIC_SIMULATOR,OK,29.879689,77.960417,232.667,76.0,21.11,76.0,0.0,371.4,80,,693.97,SEC_RK_HW,,RK,HW,30.333,81.333,CRUISING,,,,,-24.53,,,GREEN,LOW,False,,False,,JRN_NDLS_DDN_01_20260902_190156,0.2483,0.0,0.4541,0.4541,0.92,NONE,NONE,,23.9,64.2,10:29:30,30.0,BASELINE_HISTORICAL_CALIBRATION,123.0,24.0
OBS_000451,10:30:00,13500.0,12017,ROUTE_NDLS_DDN_01,SYNTHETIC_SIMULATOR,OK,29.881067,77.964348,233.3,76.0,21.11,76.0,0.0,371.4,80,,686.84,SEC_RK_HW,,RK,HW,29.7,80.7,CRUISING,,,,,-24.71,,,GREEN,LOW,False,,False,,JRN_NDLS_DDN_01_20260902_190156,0.2483,0.0,0.4541,0.4541,0.92,NONE,NONE,,23.4,63.7,10:30:00,30.0,BASELINE_HISTORICAL_CALIBRATION,122.5,23.5
OBS_000452,10:30:30,13530.0,12017,ROUTE_NDLS_DDN_01,SYNTHETIC_SIMULATOR,OK,29.882445,77.968279,233.933,76.0,21.11,76.0,0.0,371.4,80,,679.63,SEC_RK_HW,,RK,HW,29.067,80.067,CRUISING,,,,,-24.89,,,GREEN,LOW,False,,False,,JRN_NDLS_DDN_01_20260902_190156,0.2483,0.0,0.4541,0.4541,0.92,NONE,NONE,,22.9,63.2,10:30:30,30.0,BASELINE_HISTORICAL_CALIBRATION,122.0,23.0
OBS_000453,10:31:00,13560.0,12017,ROUTE_NDLS_DDN_01,SYNTHETIC_SIMULATOR,OK,29.883824,77.97221,234.567,76.0,21.11,76.0,0.0,371.4,80,,672.34,SEC_RK_HW,,RK,HW,28.433,79.433,CRUISING,,,,,-25.07,,,GREEN,LOW,False,,False,,JRN_NDLS_DDN_01_20260902_190156,0.2483,0.0,0.4541,0.4541,0.92,NONE,NONE,,22.4,62.7,10:31:00,30.0,BASELINE_HISTORICAL_CALIBRATION,121.5,22.5
OBS_000454,10:31:30,13590.0,12017,ROUTE_NDLS_DDN_01,SYNTHETIC_SIMULATOR,OK,29.885202,77.976141,235.2,76.0,21.11,76.0,0.0,371.4,80,,664.98,SEC_RK_HW,,RK,HW,27.8,78.8,CRUISING,,,,,-25.25,,,GREEN,LOW,False,,False,,JRN_NDLS_DDN_01_20260902_190156,0.2483,0.0,0.4541,0.4541,0.92,NONE,NONE,,21.9,62.2,10:31:30,30.0,BASELINE_HISTORICAL_CALIBRATION,121.0,22.0
OBS_000455,10:32:00,13620.0,12017,ROUTE_NDLS_DDN_01,SYNTHETIC_SIMULATOR,OK,29.88658,77.980073,235.833,76.0,21.11,76.0,0.0,371.4,80,,657.53,SEC_RK_HW,,RK,HW,27.167,78.167,CRUISING,,,,,-25.43,,,GREEN,LOW,False,,False,,JRN_NDLS_DDN_01_20260902_190156,0.2483,0.0,0.4541,0.4541,0.92,NONE,NONE,,21.4,61.7,10:32:00,30.0,BASELINE_HISTORICAL_CALIBRATION,120.5,21.5
OBS_000456,10:32:30,13650.0,12017,ROUTE_NDLS_DDN_01,SYNTHETIC_SIMULATOR,OK,29.887958,77.984004,236.467,76.0,21.11,76.0,0.0,371.4,80,,650.0,SEC_RK_HW,,RK,HW,26.533,77.533,CRUISING,,,,,-25.61,,,GREEN,LOW,False,,False,,JRN_NDLS_DDN_01_20260902_190156,0.2483,0.0,0.4541,0.4541,0.92,NONE,NONE,,20.9,61.2,10:32:30,30.0,BASELINE_HISTORICAL_CALIBRATION,120.0,21.0
OBS_000457,10:33:00,13680.0,12017,ROUTE_NDLS_DDN_01,SYNTHETIC_SIMULATOR,OK,29.889337,77.987935,237.1,76.0,21.11,76.0,0.0,371.4,80,,642.38,SEC_RK_HW,,RK,HW,25.9,76.9,CRUISING,,,,,-25.79,,,GREEN,LOW,False,,False,,JRN_NDLS_DDN_01_20260902_190156,0.2483,0.0,0.4541,0.4541,0.92,NONE,NONE,,20.4,60.7,10:33:00,30.0,BASELINE_HISTORICAL_CALIBRATION,119.5,20.5
OBS_000458,10:33:30,13710.0,12017,ROUTE_NDLS_DDN_01,SYNTHETIC_SIMULATOR,OK,29.890715,77.991866,237.733,76.0,21.11,76.0,0.0,371.4,80,,634.66,SEC_RK_HW,,RK,HW,25.267,76.267,CRUISING,,,,,-25.97,,,GREEN,LOW,False,,False,,JRN_NDLS_DDN_01_20260902_190156,0.2483,0.0,0.4541,0.4541,0.92,NONE,NONE,,19.9,60.2,10:33:30,30.0,BASELINE_HISTORICAL_CALIBRATION,119.0,20.0
OBS_000459,10:34:00,13740.0,12017,ROUTE_NDLS_DDN_01,SYNTHETIC_SIMULATOR,OK,29.892093,77.995797,238.367,76.0,21.11,76.0,0.0,371.4,80,,626.86,SEC_RK_HW,,RK,HW,24.633,75.633,CRUISING,,,,,-26.15,,,GREEN,LOW,False,,False,,JRN_NDLS_DDN_01_20260902_190156,0.2483,0.0,0.4541,0.4541,0.92,NONE,NONE,,19.4,59.7,10:34:00,30.0,BASELINE_HISTORICAL_CALIBRATION,118.5,19.5
OBS_000460,10:34:30,13770.0,12017,ROUTE_NDLS_DDN_01,SYNTHETIC_SIMULATOR,OK,29.893471,77.999729,239.0,76.0,21.11,76.0,0.0,371.4,80,,618.95,SEC_RK_HW,,RK,HW,24.0,75.0,CRUISING,,,,,-26.33,,,GREEN,LOW,False,,False,,JRN_NDLS_DDN_01_20260902_190156,0.2483,0.0,0.4541,0.4541,0.92,NONE,NONE,,18.9,59.2,10:34:30,30.0,BASELINE_HISTORICAL_CALIBRATION,118.0,19.0
OBS_000461,10:35:00,13800.0,12017,ROUTE_NDLS_DDN_01,SYNTHETIC_SIMULATOR,OK,29.89485,78.00366,239.633,76.0,21.11,76.0,0.0,371.4,80,,610.94,SEC_RK_HW,,RK,HW,23.367,74.367,CRUISING,,,,,-26.51,,,GREEN,LOW,False,,False,,JRN_NDLS_DDN_01_20260902_190156,0.2483,0.0,0.4541,0.4541,0.92,NONE,NONE,,18.4,58.7,10:35:00,30.0,BASELINE_HISTORICAL_CALIBRATION,117.5,18.5
OBS_000462,10:35:30,13830.0,12017,ROUTE_NDLS_DDN_01,SYNTHETIC_SIMULATOR,OK,29.896228,78.007591,240.267,76.0,21.11,76.0,0.0,371.4,80,,602.83,SEC_RK_HW,,RK,HW,22.733,73.733,CRUISING,,,,,-26.69,,,GREEN,LOW,False,,False,,JRN_NDLS_DDN_01_20260902_190156,0.2483,0.0,0.4541,0.4541,0.92,NONE,NONE,,17.9,58.2,10:35:30,30.0,BASELINE_HISTORICAL_CALIBRATION,117.0,18.0
OBS_000463,10:36:00,13860.0,12017,ROUTE_NDLS_DDN_01,SYNTHETIC_SIMULATOR,OK,29.897606,78.011522,240.9,76.0,21.11,76.0,0.0,371.4,80,,594.6,SEC_RK_HW,,RK,HW,22.1,73.1,CRUISING,,,,,-26.87,,,GREEN,LOW,False,,False,,JRN_NDLS_DDN_01_20260902_190156,0.2483,0.0,0.4541,0.4541,0.92,NONE,NONE,,17.4,57.7,10:36:00,30.0,BASELINE_HISTORICAL_CALIBRATION,116.5,17.5
OBS_000464,10:36:30,13890.0,12017,ROUTE_NDLS_DDN_01,SYNTHETIC_SIMULATOR,OK,29.898984,78.015453,241.533,76.0,21.11,76.0,0.0,371.4,80,,586.26,SEC_RK_HW,,RK,HW,21.467,72.467,CRUISING,,,,,-27.05,,,GREEN,LOW,False,,False,,JRN_NDLS_DDN_01_20260902_190156,0.2483,0.0,0.4541,0.4541,0.92,NONE,NONE,,16.9,57.2,10:36:30,30.0,BASELINE_HISTORICAL_CALIBRATION,116.0,17.0
OBS_000465,10:37:00,13920.0,12017,ROUTE_NDLS_DDN_01,SYNTHETIC_SIMULATOR,OK,29.900363,78.019385,242.167,76.0,21.11,76.0,0.0,371.4,80,,577.8,SEC_RK_HW,,RK,HW,20.833,71.833,CRUISING,,,,,-27.23,,,GREEN,LOW,False,,False,,JRN_NDLS_DDN_01_20260902_190156,0.2483,0.0,0.4541,0.4541,0.92,NONE,NONE,,16.4,56.7,10:37:00,30.0,BASELINE_HISTORICAL_CALIBRATION,115.5,16.5
OBS_000466,10:37:30,13950.0,12017,ROUTE_NDLS_DDN_01,SYNTHETIC_SIMULATOR,OK,29.901741,78.023316,242.8,76.0,21.11,76.0,0.0,371.4,80,,569.21,SEC_RK_HW,,RK,HW,20.2,71.2,CRUISING,,,,,-27.4,,,GREEN,LOW,False,,False,,JRN_NDLS_DDN_01_20260902_190156,0.2483,0.0,0.4541,0.4541,0.92,NONE,NONE,,15.9,56.2,10:37:30,30.0,BASELINE_HISTORICAL_CALIBRATION,115.0,16.0
OBS_000467,10:38:00,13980.0,12017,ROUTE_NDLS_DDN_01,SYNTHETIC_SIMULATOR,OK,29.903119,78.027247,243.433,76.0,21.11,76.0,0.0,371.4,80,,560.49,SEC_RK_HW,,RK,HW,19.567,70.567,CRUISING,,,,,-27.58,,,GREEN,LOW,False,,False,,JRN_NDLS_DDN_01_20260902_190156,0.2483,0.0,0.4541,0.4541,0.92,NONE,NONE,,15.4,55.7,10:38:00,30.0,BASELINE_HISTORICAL_CALIBRATION,114.5,15.5
OBS_000468,10:38:30,14010.0,12017,ROUTE_NDLS_DDN_01,SYNTHETIC_SIMULATOR,OK,29.904497,78.031178,244.067,76.0,21.11,76.0,0.0,371.4,80,,551.63,SEC_RK_HW,,RK,HW,18.933,69.933,CRUISING,,,,,-27.76,,,GREEN,LOW,False,,False,,JRN_NDLS_DDN_01_20260902_190156,0.2483,0.0,0.4541,0.4541,0.92,NONE,NONE,,14.9,55.2,10:38:30,30.0,BASELINE_HISTORICAL_CALIBRATION,114.0,15.0
OBS_000469,10:39:00,14040.0,12017,ROUTE_NDLS_DDN_01,SYNTHETIC_SIMULATOR,OK,29.905876,78.035109,244.7,76.0,21.11,76.0,0.0,371.4,80,,542.63,SEC_RK_HW,,RK,HW,18.3,69.3,CRUISING,,,,,-27.94,,,GREEN,LOW,False,,False,,JRN_NDLS_DDN_01_20260902_190156,0.2483,0.0,0.4541,0.4541,0.92,NONE,NONE,,14.4,54.7,10:39:00,30.0,BASELINE_HISTORICAL_CALIBRATION,113.5,14.5
OBS_000470,10:39:30,14070.0,12017,ROUTE_NDLS_DDN_01,SYNTHETIC_SIMULATOR,OK,29.907254,78.03904,245.333,76.0,21.11,76.0,0.0,371.4,80,,533.48,SEC_RK_HW,,RK,HW,17.667,68.667,CRUISING,,,,,-28.12,,,GREEN,LOW,False,,False,,JRN_NDLS_DDN_01_20260902_190156,0.2483,0.0,0.4541,0.4541,0.92,NONE,NONE,,13.9,54.2,10:39:30,30.0,BASELINE_HISTORICAL_CALIBRATION,113.0,14.0
OBS_000471,10:40:00,14100.0,12017,ROUTE_NDLS_DDN_01,SYNTHETIC_SIMULATOR,OK,29.908632,78.042972,245.967,76.0,21.11,76.0,0.0,371.4,80,,524.17,SEC_RK_HW,,RK,HW,17.033,68.033,CRUISING,,,,,-28.3,,,GREEN,LOW,False,,False,,JRN_NDLS_DDN_01_20260902_190156,0.2483,0.0,0.4541,0.4541,0.92,NONE,NONE,,13.4,53.7,10:40:00,30.0,BASELINE_HISTORICAL_CALIBRATION,112.5,13.5
OBS_000472,10:40:30,14130.0,12017,ROUTE_NDLS_DDN_01,SYNTHETIC_SIMULATOR,OK,29.91001,78.046903,246.6,76.0,21.11,76.0,0.0,371.4,80,,514.69,SEC_RK_HW,,RK,HW,16.4,67.4,CRUISING,,,,,-28.48,,,GREEN,LOW,False,,False,,JRN_NDLS_DDN_01_20260902_190156,0.2483,0.0,0.4541,0.4541,0.92,NONE,NONE,,12.9,53.2,10:40:30,30.0,BASELINE_HISTORICAL_CALIBRATION,112.0,13.0
OBS_000473,10:41:00,14160.0,12017,ROUTE_NDLS_DDN_01,SYNTHETIC_SIMULATOR,OK,29.911389,78.050834,247.233,76.0,21.11,76.0,0.0,371.4,80,,505.03,SEC_RK_HW,,RK,HW,15.767,66.767,CRUISING,,,,,-28.66,,,GREEN,LOW,False,,False,,JRN_NDLS_DDN_01_20260902_190156,0.2483,0.0,0.4541,0.4541,0.92,NONE,NONE,,12.4,52.7,10:41:00,30.0,BASELINE_HISTORICAL_CALIBRATION,111.5,12.5
OBS_000474,10:41:30,14190.0,12017,ROUTE_NDLS_DDN_01,SYNTHETIC_SIMULATOR,OK,29.912767,78.054765,247.867,76.0,21.11,76.0,0.0,371.4,80,,495.18,SEC_RK_HW,,RK,HW,15.133,66.133,CRUISING,,,,,-28.84,,,GREEN,LOW,False,,False,,JRN_NDLS_DDN_01_20260902_190156,0.2483,0.0,0.4541,0.4541,0.92,NONE,NONE,,11.9,52.2,10:41:30,30.0,BASELINE_HISTORICAL_CALIBRATION,111.0,12.0
OBS_000475,10:42:00,14220.0,12017,ROUTE_NDLS_DDN_01,SYNTHETIC_SIMULATOR,OK,29.914145,78.058696,248.5,76.0,21.11,76.0,0.0,371.4,80,,485.13,SEC_RK_HW,,RK,HW,14.5,65.5,CRUISING,,,,,-29.02,,,GREEN,LOW,False,,False,,JRN_NDLS_DDN_01_20260902_190156,0.2483,0.0,0.4541,0.4541,0.92,NONE,NONE,,11.4,51.7,10:42:00,30.0,BASELINE_HISTORICAL_CALIBRATION,110.5,11.5
OBS_000476,10:42:30,14250.0,12017,ROUTE_NDLS_DDN_01,SYNTHETIC_SIMULATOR,OK,29.915523,78.062628,249.133,76.0,21.11,76.0,0.0,371.4,80,,474.87,SEC_RK_HW,,RK,HW,13.867,64.867,CRUISING,,,,,-29.2,,,GREEN,LOW,False,,False,,JRN_NDLS_DDN_01_20260902_190156,0.2483,0.0,0.4541,0.4541,0.92,NONE,NONE,,10.9,51.2,10:42:30,30.0,BASELINE_HISTORICAL_CALIBRATION,110.0,11.0
OBS_000477,10:43:00,14280.0,12017,ROUTE_NDLS_DDN_01,SYNTHETIC_SIMULATOR,OK,29.916902,78.066559,249.767,76.0,21.11,76.0,0.0,371.4,80,,464.39,SEC_RK_HW,,RK,HW,13.233,64.233,CRUISING,,,,,-29.38,,,GREEN,LOW,False,,False,,JRN_NDLS_DDN_01_20260902_190156,0.2483,0.0,0.4541,0.4541,0.92,NONE,NONE,,10.4,50.7,10:43:00,30.0,BASELINE_HISTORICAL_CALIBRATION,109.5,10.5
OBS_000478,10:43:30,14310.0,12017,ROUTE_NDLS_DDN_01,SYNTHETIC_SIMULATOR,OK,29.91828,78.07049,250.4,76.0,21.11,76.0,0.0,371.4,80,,453.66,SEC_RK_HW,,RK,HW,12.6,63.6,CRUISING,,,,,-29.56,,,GREEN,LOW,False,,False,,JRN_NDLS_DDN_01_20260902_190156,0.2483,0.0,0.4541,0.4541,0.92,NONE,NONE,,9.9,50.2,10:43:30,30.0,BASELINE_HISTORICAL_CALIBRATION,109.0,10.0
OBS_000479,10:44:00,14340.0,12017,ROUTE_NDLS_DDN_01,SYNTHETIC_SIMULATOR,OK,29.919658,78.074421,251.033,76.0,21.11,76.0,0.0,371.4,80,,442.67,SEC_RK_HW,,RK,HW,11.967,62.967,CRUISING,,,,,-29.74,,,GREEN,LOW,False,,False,,JRN_NDLS_DDN_01_20260902_190156,0.2483,0.0,0.4541,0.4541,0.92,NONE,NONE,,9.4,49.7,10:44:00,30.0,BASELINE_HISTORICAL_CALIBRATION,108.5,9.5
OBS_000480,10:44:30,14370.0,12017,ROUTE_NDLS_DDN_01,SYNTHETIC_SIMULATOR,OK,29.921037,78.078352,251.667,76.0,21.11,76.0,0.0,371.4,80,,431.4,SEC_RK_HW,,RK,HW,11.333,62.333,CRUISING,,,,,-29.92,,,GREEN,LOW,False,,False,,JRN_NDLS_DDN_01_20260902_190156,0.2483,0.0,0.4541,0.4541,0.92,NONE,NONE,,8.9,49.2,10:44:30,30.0,BASELINE_HISTORICAL_CALIBRATION,108.0,9.0
OBS_000481,10:45:00,14400.0,12017,ROUTE_NDLS_DDN_01,SYNTHETIC_SIMULATOR,OK,29.922415,78.082284,252.3,76.0,21.11,76.0,0.0,371.4,80,,419.83,SEC_RK_HW,,RK,HW,10.7,61.7,CRUISING,,,,,-30.1,,,GREEN,LOW,False,,False,,JRN_NDLS_DDN_01_20260902_190156,0.2483,0.0,0.4541,0.4541,0.92,NONE,NONE,,8.4,48.7,10:45:00,30.0,BASELINE_HISTORICAL_CALIBRATION,107.5,8.5
OBS_000482,10:45:30,14430.0,12017,ROUTE_NDLS_DDN_01,SYNTHETIC_SIMULATOR,OK,29.923793,78.086215,252.933,76.0,21.11,76.0,0.0,371.4,80,,407.93,SEC_RK_HW,,RK,HW,10.067,61.067,CRUISING,,,,,-30.28,,,GREEN,LOW,False,,False,,JRN_NDLS_DDN_01_20260902_190156,0.2483,0.0,0.4541,0.4541,0.92,NONE,NONE,,7.9,48.2,10:45:30,30.0,BASELINE_HISTORICAL_CALIBRATION,107.0,8.0
OBS_000483,10:46:00,14460.0,12017,ROUTE_NDLS_DDN_01,SYNTHETIC_SIMULATOR,OK,29.925171,78.090146,253.567,76.0,21.11,76.0,0.0,371.4,80,,395.67,SEC_RK_HW,,RK,HW,9.433,60.433,CRUISING,,,,,-30.46,,,GREEN,LOW,False,,False,,JRN_NDLS_DDN_01_20260902_190156,0.2483,0.0,0.4541,0.4541,0.92,NONE,NONE,,7.4,47.7,10:46:00,30.0,BASELINE_HISTORICAL_CALIBRATION,106.5,7.5
OBS_000484,10:46:30,14490.0,12017,ROUTE_NDLS_DDN_01,SYNTHETIC_SIMULATOR,OK,29.92655,78.094077,254.2,76.0,21.11,76.0,0.0,371.4,80,,383.02,SEC_RK_HW,,RK,HW,8.8,59.8,CRUISING,,,,,-30.64,,,GREEN,LOW,False,,False,,JRN_NDLS_DDN_01_20260902_190156,0.2483,0.0,0.4541,0.4541,0.92,NONE,NONE,,6.9,47.2,10:46:30,30.0,BASELINE_HISTORICAL_CALIBRATION,106.0,7.0
OBS_000485,10:47:00,14520.0,12017,ROUTE_NDLS_DDN_01,SYNTHETIC_SIMULATOR,OK,29.927928,78.098008,254.833,76.0,21.11,76.0,0.0,371.4,80,,369.94,SEC_RK_HW,,RK,HW,8.167,59.167,CRUISING,,,,,-30.82,,,GREEN,LOW,False,,False,,JRN_NDLS_DDN_01_20260902_190156,0.2483,0.0,0.4541,0.4541,0.92,NONE,NONE,,6.4,46.7,10:47:00,30.0,BASELINE_HISTORICAL_CALIBRATION,105.5,6.5
OBS_000486,10:47:30,14550.0,12017,ROUTE_NDLS_DDN_01,SYNTHETIC_SIMULATOR,OK,29.929306,78.10194,255.467,76.0,21.11,76.0,0.0,371.4,80,,356.38,SEC_RK_HW,,RK,HW,7.533,58.533,CRUISING,,,,,-31.0,,,GREEN,LOW,False,,False,,JRN_NDLS_DDN_01_20260902_190156,0.2483,0.0,0.4541,0.4541,0.92,NONE,NONE,,5.9,46.2,10:47:30,30.0,BASELINE_HISTORICAL_CALIBRATION,105.0,6.0
OBS_000487,10:48:00,14580.0,12017,ROUTE_NDLS_DDN_01,SYNTHETIC_SIMULATOR,OK,29.930684,78.105871,256.1,76.0,21.11,76.0,0.0,371.4,80,,342.28,SEC_RK_HW,,RK,HW,6.9,57.9,CRUISING,,,,,-31.18,,,GREEN,LOW,False,,False,,JRN_NDLS_DDN_01_20260902_190156,0.2483,0.0,0.4541,0.4541,0.92,NONE,NONE,,5.4,45.7,10:48:00,30.0,BASELINE_HISTORICAL_CALIBRATION,104.5,5.5
OBS_000488,10:48:30,14610.0,12017,ROUTE_NDLS_DDN_01,SYNTHETIC_SIMULATOR,OK,29.932063,78.109802,256.733,76.0,21.11,76.0,0.0,371.4,80,,327.58,SEC_RK_HW,,RK,HW,6.267,57.267,CRUISING,,,,,-31.36,,,GREEN,LOW,False,,False,,JRN_NDLS_DDN_01_20260902_190156,0.2483,0.0,0.4541,0.4541,0.92,NONE,NONE,,4.9,45.2,10:48:30,30.0,BASELINE_HISTORICAL_CALIBRATION,104.0,5.0
OBS_000489,10:49:00,14640.0,12017,ROUTE_NDLS_DDN_01,SYNTHETIC_SIMULATOR,OK,29.933441,78.113733,257.367,76.0,21.11,76.0,0.0,371.4,80,,312.18,SEC_RK_HW,,RK,HW,5.633,56.633,CRUISING,,,,,-31.54,,,GREEN,LOW,False,,False,,JRN_NDLS_DDN_01_20260902_190156,0.2483,0.0,0.4541,0.4541,0.92,NONE,NONE,,4.4,44.7,10:49:00,30.0,BASELINE_HISTORICAL_CALIBRATION,103.5,4.5
OBS_000490,10:49:30,14670.0,12017,ROUTE_NDLS_DDN_01,SYNTHETIC_SIMULATOR,OK,29.934819,78.117664,258.0,76.0,21.11,76.0,0.0,371.4,80,,295.99,SEC_RK_HW,,RK,HW,5.0,56.0,CRUISING,,,,,-31.72,,,GREEN,LOW,False,,False,,JRN_NDLS_DDN_01_20260902_190156,0.2483,0.0,0.4541,0.4541,0.92,NONE,NONE,,3.9,44.2,10:49:30,30.0,BASELINE_HISTORICAL_CALIBRATION,103.0,4.0
OBS_000491,10:50:00,14700.0,12017,ROUTE_NDLS_DDN_01,SYNTHETIC_SIMULATOR,OK,29.936197,78.121595,258.633,76.0,21.11,76.0,0.0,371.4,80,,278.85,SEC_RK_HW,,RK,HW,4.367,55.367,CRUISING,,,,,-31.9,,,GREEN,LOW,False,,False,,JRN_NDLS_DDN_01_20260902_190156,0.2483,0.0,0.4541,0.4541,0.92,NONE,NONE,,3.4,43.7,10:50:00,30.0,BASELINE_HISTORICAL_CALIBRATION,102.5,3.5
OBS_000492,10:50:30,14730.0,12017,ROUTE_NDLS_DDN_01,SYNTHETIC_SIMULATOR,OK,29.937576,78.125527,259.267,76.0,21.11,76.0,0.0,371.4,80,,260.6,SEC_RK_HW,,RK,HW,3.733,54.733,CRUISING,,,,,-32.08,,,GREEN,LOW,False,,False,,JRN_NDLS_DDN_01_20260902_190156,0.2483,0.0,0.4541,0.4541,0.92,NONE,NONE,,2.9,43.2,10:50:30,30.0,BASELINE_HISTORICAL_CALIBRATION,102.0,3.0
OBS_000493,10:51:00,14760.0,12017,ROUTE_NDLS_DDN_01,SYNTHETIC_SIMULATOR,OK,29.938954,78.129458,259.9,76.0,21.11,76.0,0.0,371.4,80,,240.96,SEC_RK_HW,,RK,HW,3.1,54.1,CRUISING,,,,,-32.26,,,GREEN,LOW,False,,False,,JRN_NDLS_DDN_01_20260902_190156,0.2483,0.0,0.4541,0.4541,0.92,NONE,NONE,,2.4,42.7,10:51:00,30.0,BASELINE_HISTORICAL_CALIBRATION,101.5,2.5
OBS_000494,10:51:30,14790.0,12017,ROUTE_NDLS_DDN_01,SYNTHETIC_SIMULATOR,OK,29.940332,78.133389,260.533,76.0,21.11,76.0,0.0,371.4,80,,219.57,SEC_RK_HW,,RK,HW,2.467,53.467,CRUISING,,,,,-32.44,,,GREEN,LOW,False,,False,,JRN_NDLS_DDN_01_20260902_190156,0.2483,0.0,0.4541,0.4541,0.92,NONE,NONE,,1.9,42.2,10:51:30,30.0,BASELINE_HISTORICAL_CALIBRATION,101.0,2.0
OBS_000495,10:52:00,14820.0,12017,ROUTE_NDLS_DDN_01,SYNTHETIC_SIMULATOR,OK,29.94171,78.13732,261.167,76.0,21.11,76.0,0.0,371.4,80,,195.86,SEC_RK_HW,,RK,HW,1.833,52.833,CRUISING,,,,,-32.62,,,GREEN,LOW,False,,False,,JRN_NDLS_DDN_01_20260902_190156,0.2483,0.0,0.4541,0.4541,0.92,NONE,NONE,,1.4,41.7,10:52:00,30.0,BASELINE_HISTORICAL_CALIBRATION,100.5,1.5
OBS_000496,10:52:30,14850.0,12017,ROUTE_NDLS_DDN_01,SYNTHETIC_SIMULATOR,OK,29.943089,78.141251,261.8,76.0,21.11,76.0,0.0,371.4,80,,168.85,SEC_RK_HW,,RK,HW,1.2,52.2,CRUISING,,,,,-32.8,,,GREEN,LOW,False,,False,,JRN_NDLS_DDN_01_20260902_190156,0.2483,0.0,0.4541,0.4541,0.92,NONE,NONE,,0.9,41.2,10:52:30,30.0,BASELINE_HISTORICAL_CALIBRATION,100.0,1.0
OBS_000497,10:53:00,14880.0,12017,ROUTE_NDLS_DDN_01,SYNTHETIC_SIMULATOR,OK,29.944467,78.145183,262.433,76.0,21.11,76.0,0.0,371.4,80,,136.61,SEC_RK_HW,,RK,HW,0.567,51.567,CRUISING,,,,,-32.98,,,GREEN,LOW,False,,False,,JRN_NDLS_DDN_01_20260902_190156,0.2483,0.0,0.4541,0.4541,0.92,NONE,NONE,,0.4,40.7,10:53:00,30.0,BASELINE_HISTORICAL_CALIBRATION,99.5,0.5
OBS_000498,10:53:30,14910.0,12017,ROUTE_NDLS_DDN_01,SYNTHETIC_SIMULATOR,OK,29.9457,78.1487,263.0,0.0,0.0,76.0,0.0,0.0,80,,93.88,SEC_RK_HW,HW,HW,DDN,51.0,51.0,DWELLING,ARRIVED,10:53:30,,,-33.16,,,GREEN,LOW,False,,False,,JRN_NDLS_DDN_01_20260902_190156,0.2483,0.0,0.4541,0.4541,0.92,NONE,NONE,,122.4,122.4,10:53:30,30.0,BASELINE_HISTORICAL_CALIBRATION,99.0,99.0
OBS_000499,10:54:00,14940.0,12017,ROUTE_NDLS_DDN_01,SYNTHETIC_SIMULATOR,OK,29.9457,78.1487,263.0,0.0,0.0,0.0,0.0,0.0,60,,0.0,SEC_HW_DDN,HW,HW,DDN,51.0,51.0,DWELLING,,,,,-33.26,,,GREEN,LOW,False,,False,,JRN_NDLS_DDN_01_20260902_190156,0.2483,0.0,0.4541,0.4541,0.92,NONE,NONE,,122.4,122.4,10:54:00,30.0,BASELINE_HISTORICAL_CALIBRATION,98.5,98.5
OBS_000500,10:54:30,14970.0,12017,ROUTE_NDLS_DDN_01,SYNTHETIC_SIMULATOR,OK,29.9457,78.1487,263.0,0.0,0.0,0.0,0.0,0.0,60,,0.0,SEC_HW_DDN,HW,HW,DDN,51.0,51.0,DWELLING,,,,,-32.76,,,GREEN,LOW,False,,False,,JRN_NDLS_DDN_01_20260902_190156,0.2483,0.0,0.4541,0.4541,0.92,NONE,NONE,,122.4,122.4,10:54:30,30.0,BASELINE_HISTORICAL_CALIBRATION,98.0,98.0
OBS_000501,10:55:00,15000.0,12017,ROUTE_NDLS_DDN_01,SYNTHETIC_SIMULATOR,OK,29.9457,78.1487,263.0,0.0,0.0,0.0,0.0,0.0,60,,0.0,SEC_HW_DDN,HW,HW,DDN,51.0,51.0,DWELLING,,,,,-32.26,,,GREEN,LOW,False,,False,,JRN_NDLS_DDN_01_20260902_190156,0.2483,0.0,0.4541,0.4541,0.92,NONE,NONE,,122.4,122.4,10:55:00,30.0,BASELINE_HISTORICAL_CALIBRATION,97.5,97.5
OBS_000502,10:55:30,15030.0,12017,ROUTE_NDLS_DDN_01,SYNTHETIC_SIMULATOR,OK,29.9457,78.1487,263.0,0.0,0.0,0.0,0.0,0.0,60,,0.0,SEC_HW_DDN,HW,HW,DDN,51.0,51.0,DWELLING,,,,,-31.76,,,GREEN,LOW,False,,False,,JRN_NDLS_DDN_01_20260902_190156,0.2483,0.0,0.4541,0.4541,0.92,NONE,NONE,,122.4,122.4,10:55:30,30.0,BASELINE_HISTORICAL_CALIBRATION,97.0,97.0
OBS_000503,10:56:00,15060.0,12017,ROUTE_NDLS_DDN_01,SYNTHETIC_SIMULATOR,OK,29.9457,78.1487,263.0,0.0,0.0,0.0,0.0,0.0,60,,0.0,SEC_HW_DDN,HW,HW,DDN,51.0,51.0,DWELLING,,,,,-31.26,,,GREEN,LOW,False,,False,,JRN_NDLS_DDN_01_20260902_190156,0.2483,0.0,0.4541,0.4541,0.92,NONE,NONE,,122.4,122.4,10:56:00,30.0,BASELINE_HISTORICAL_CALIBRATION,96.5,96.5
OBS_000504,10:56:30,15090.0,12017,ROUTE_NDLS_DDN_01,SYNTHETIC_SIMULATOR,OK,29.9457,78.1487,263.0,0.0,0.0,0.0,0.0,0.0,60,,0.0,SEC_HW_DDN,HW,HW,DDN,51.0,51.0,DWELLING,,,,,-30.76,,,GREEN,LOW,False,,False,,JRN_NDLS_DDN_01_20260902_190156,0.2483,0.0,0.4541,0.4541,0.92,NONE,NONE,,122.4,122.4,10:56:30,30.0,BASELINE_HISTORICAL_CALIBRATION,96.0,96.0
OBS_000505,10:57:00,15120.0,12017,ROUTE_NDLS_DDN_01,SYNTHETIC_SIMULATOR,OK,29.9457,78.1487,263.0,0.0,0.0,0.0,0.0,0.0,60,,0.0,SEC_HW_DDN,HW,HW,DDN,51.0,51.0,DWELLING,,,,,-30.26,,,GREEN,LOW,False,,False,,JRN_NDLS_DDN_01_20260902_190156,0.2483,0.0,0.4541,0.4541,0.92,NONE,NONE,,122.4,122.4,10:57:00,30.0,BASELINE_HISTORICAL_CALIBRATION,95.5,95.5
OBS_000506,10:57:30,15150.0,12017,ROUTE_NDLS_DDN_01,SYNTHETIC_SIMULATOR,OK,29.9457,78.1487,263.0,0.0,0.0,0.0,0.0,0.0,60,,0.0,SEC_HW_DDN,HW,HW,DDN,51.0,51.0,DWELLING,,,,,-29.76,,,GREEN,LOW,False,,False,,JRN_NDLS_DDN_01_20260902_190156,0.2483,0.0,0.4541,0.4541,0.92,NONE,NONE,,122.4,122.4,10:57:30,30.0,BASELINE_HISTORICAL_CALIBRATION,95.0,95.0
OBS_000507,10:58:00,15180.0,12017,ROUTE_NDLS_DDN_01,SYNTHETIC_SIMULATOR,OK,29.9457,78.1487,263.0,0.0,0.0,0.0,0.0,0.0,60,,0.0,SEC_HW_DDN,HW,HW,DDN,51.0,51.0,DWELLING,,,,,-29.26,,,GREEN,LOW,False,,False,,JRN_NDLS_DDN_01_20260902_190156,0.2483,0.0,0.4541,0.4541,0.92,NONE,NONE,,122.4,122.4,10:58:00,30.0,BASELINE_HISTORICAL_CALIBRATION,94.5,94.5
OBS_000508,10:58:30,15210.0,12017,ROUTE_NDLS_DDN_01,SYNTHETIC_SIMULATOR,OK,29.9457,78.1487,263.0,0.0,0.0,0.0,0.0,0.0,60,,0.0,SEC_HW_DDN,HW,HW,DDN,51.0,51.0,DWELLING,,,,,-28.76,,,GREEN,LOW,False,,False,,JRN_NDLS_DDN_01_20260902_190156,0.2483,0.0,0.4541,0.4541,0.92,NONE,NONE,,122.4,122.4,10:58:30,30.0,BASELINE_HISTORICAL_CALIBRATION,94.0,94.0
OBS_000509,10:59:00,15240.0,12017,ROUTE_NDLS_DDN_01,SYNTHETIC_SIMULATOR,OK,29.9457,78.1487,263.0,0.0,0.0,0.0,0.0,0.0,60,,0.0,SEC_HW_DDN,HW,HW,DDN,51.0,51.0,DWELLING,,,,,-28.26,,,GREEN,LOW,False,,False,,JRN_NDLS_DDN_01_20260902_190156,0.2483,0.0,0.4541,0.4541,0.92,NONE,NONE,,122.4,122.4,10:59:00,30.0,BASELINE_HISTORICAL_CALIBRATION,93.5,93.5
OBS_000510,10:59:30,15270.0,12017,ROUTE_NDLS_DDN_01,SYNTHETIC_SIMULATOR,OK,29.9457,78.1487,263.0,0.0,0.0,0.0,0.0,0.0,60,,0.0,SEC_HW_DDN,HW,HW,DDN,51.0,51.0,DWELLING,,,,,-27.76,,,GREEN,LOW,False,,False,,JRN_NDLS_DDN_01_20260902_190156,0.2483,0.0,0.4541,0.4541,0.92,NONE,NONE,,122.4,122.4,10:59:30,30.0,BASELINE_HISTORICAL_CALIBRATION,93.0,93.0
OBS_000511,11:00:00,15300.0,12017,ROUTE_NDLS_DDN_01,SYNTHETIC_SIMULATOR,OK,29.9457,78.1487,263.0,0.0,0.0,0.0,0.0,0.0,60,,0.0,SEC_HW_DDN,HW,HW,DDN,51.0,51.0,DWELLING,,,,,-27.26,,,GREEN,LOW,False,0.5,False,EVT_003,JRN_NDLS_DDN_01_20260902_190156,0.2472,0.0,0.4541,0.4541,0.92,NONE,NONE,,122.4,122.4,11:00:00,30.0,BASELINE_HISTORICAL_CALIBRATION,92.5,92.5
OBS_000512,11:00:30,15330.0,12017,ROUTE_NDLS_DDN_01,SYNTHETIC_SIMULATOR,OK,29.9457,78.1487,263.0,0.0,0.0,0.0,0.0,0.0,60,,0.0,SEC_HW_DDN,HW,HW,DDN,51.0,51.0,DWELLING,,,,,-26.76,,,GREEN,LOW,False,0.5,False,EVT_003,JRN_NDLS_DDN_01_20260902_190156,0.2472,0.0,0.4541,0.4541,0.92,NONE,NONE,,122.4,122.4,11:00:30,30.0,BASELINE_HISTORICAL_CALIBRATION,92.0,92.0
OBS_000513,11:01:00,15360.0,12017,ROUTE_NDLS_DDN_01,SYNTHETIC_SIMULATOR,OK,29.9457,78.1487,263.0,0.0,0.0,0.0,0.0,0.0,60,,0.0,SEC_HW_DDN,HW,HW,DDN,51.0,51.0,DWELLING,,,,,-26.26,,,GREEN,LOW,False,0.5,False,EVT_003,JRN_NDLS_DDN_01_20260902_190156,0.2472,0.0,0.4541,0.4541,0.92,NONE,NONE,,122.4,122.4,11:01:00,30.0,BASELINE_HISTORICAL_CALIBRATION,91.5,91.5
OBS_000514,11:01:30,15390.0,12017,ROUTE_NDLS_DDN_01,SYNTHETIC_SIMULATOR,OK,29.9457,78.1487,263.0,0.0,0.0,0.0,0.0,0.0,60,,0.0,SEC_HW_DDN,HW,HW,DDN,51.0,51.0,DWELLING,,,,,-25.76,,,GREEN,LOW,False,0.5,False,EVT_003,JRN_NDLS_DDN_01_20260902_190156,0.2472,0.0,0.4541,0.4541,0.92,NONE,NONE,,122.4,122.4,11:01:30,30.0,BASELINE_HISTORICAL_CALIBRATION,91.0,91.0
OBS_000515,11:02:00,15420.0,12017,ROUTE_NDLS_DDN_01,SYNTHETIC_SIMULATOR,OK,29.9457,78.1487,263.0,0.0,0.0,0.0,0.0,0.0,60,,0.0,SEC_HW_DDN,HW,HW,DDN,51.0,51.0,DWELLING,,,,,-25.26,,,GREEN,LOW,False,0.5,False,EVT_003,JRN_NDLS_DDN_01_20260902_190156,0.2472,0.0,0.4541,0.4541,0.92,NONE,NONE,,122.4,122.4,11:02:00,30.0,BASELINE_HISTORICAL_CALIBRATION,90.5,90.5
OBS_000516,11:02:30,15450.0,12017,ROUTE_NDLS_DDN_01,SYNTHETIC_SIMULATOR,OK,29.9457,78.1487,263.0,0.0,0.0,0.0,0.0,0.0,60,,0.0,SEC_HW_DDN,HW,HW,DDN,51.0,51.0,DWELLING,,,,,-24.76,,,GREEN,LOW,False,0.5,False,EVT_003,JRN_NDLS_DDN_01_20260902_190156,0.2472,0.0,0.4541,0.4541,0.92,NONE,NONE,,122.4,122.4,11:02:30,30.0,BASELINE_HISTORICAL_CALIBRATION,90.0,90.0
OBS_000517,11:03:00,15480.0,12017,ROUTE_NDLS_DDN_01,SYNTHETIC_SIMULATOR,OK,29.9457,78.1487,263.0,0.0,0.0,0.0,0.0,0.0,60,,0.0,SEC_HW_DDN,HW,HW,DDN,51.0,51.0,DWELLING,,,,,-24.26,,,GREEN,LOW,False,0.5,False,EVT_003,JRN_NDLS_DDN_01_20260902_190156,0.2472,0.0,0.4541,0.4541,0.92,NONE,NONE,,122.4,122.4,11:03:00,30.0,BASELINE_HISTORICAL_CALIBRATION,89.5,89.5
OBS_000518,11:03:30,15510.0,12017,ROUTE_NDLS_DDN_01,SYNTHETIC_SIMULATOR,OK,29.9457,78.1487,263.0,0.0,0.0,0.0,0.0,0.0,60,,0.0,SEC_HW_DDN,HW,HW,DDN,51.0,51.0,DWELLING,,,,,-23.76,,,GREEN,LOW,False,0.5,False,EVT_003,JRN_NDLS_DDN_01_20260902_190156,0.2472,0.0,0.4541,0.4541,0.92,NONE,NONE,,122.4,122.4,11:03:30,30.0,BASELINE_HISTORICAL_CALIBRATION,89.0,89.0
OBS_000519,11:04:00,15540.0,12017,ROUTE_NDLS_DDN_01,SYNTHETIC_SIMULATOR,OK,29.9457,78.1487,263.0,0.0,0.0,0.0,0.0,0.0,60,,0.0,SEC_HW_DDN,HW,HW,DDN,51.0,51.0,DWELLING,,,,,-23.26,,,GREEN,LOW,False,0.5,False,EVT_003,JRN_NDLS_DDN_01_20260902_190156,0.2472,0.0,0.4541,0.4541,0.92,NONE,NONE,,122.4,122.4,11:04:00,30.0,BASELINE_HISTORICAL_CALIBRATION,88.5,88.5
OBS_000520,11:04:30,15570.0,12017,ROUTE_NDLS_DDN_01,SYNTHETIC_SIMULATOR,OK,29.9457,78.1487,263.0,0.0,0.0,0.0,0.0,0.0,60,,0.0,SEC_HW_DDN,HW,HW,DDN,51.0,51.0,DWELLING,,,,,-22.76,,,GREEN,LOW,False,0.5,False,EVT_003,JRN_NDLS_DDN_01_20260902_190156,0.2472,0.0,0.4541,0.4541,0.92,NONE,NONE,,122.4,122.4,11:04:30,30.0,BASELINE_HISTORICAL_CALIBRATION,88.0,88.0
OBS_000521,11:05:00,15600.0,12017,ROUTE_NDLS_DDN_01,SYNTHETIC_SIMULATOR,OK,29.9457,78.1487,263.0,0.0,0.0,0.0,0.0,0.0,60,,0.0,SEC_HW_DDN,HW,HW,DDN,51.0,51.0,DWELLING,,,,,-22.26,,,GREEN,LOW,False,0.5,False,EVT_003,JRN_NDLS_DDN_01_20260902_190156,0.2472,0.0,0.4541,0.4541,0.92,NONE,NONE,,122.4,122.4,11:05:00,30.0,BASELINE_HISTORICAL_CALIBRATION,87.5,87.5
OBS_000522,11:05:30,15630.0,12017,ROUTE_NDLS_DDN_01,SYNTHETIC_SIMULATOR,OK,29.9457,78.1487,263.0,0.0,0.0,0.0,0.0,0.0,60,,0.0,SEC_HW_DDN,HW,HW,DDN,51.0,51.0,DWELLING,,,,,-21.76,,,GREEN,LOW,False,0.5,False,EVT_003,JRN_NDLS_DDN_01_20260902_190156,0.2472,0.0,0.4541,0.4541,0.92,NONE,NONE,,122.4,122.4,11:05:30,30.0,BASELINE_HISTORICAL_CALIBRATION,87.0,87.0
OBS_000523,11:06:00,15660.0,12017,ROUTE_NDLS_DDN_01,SYNTHETIC_SIMULATOR,OK,29.9457,78.1487,263.0,0.0,0.0,0.0,0.0,0.0,60,,0.0,SEC_HW_DDN,HW,HW,DDN,51.0,51.0,DWELLING,,,,,-21.26,,,GREEN,LOW,False,0.5,False,EVT_003,JRN_NDLS_DDN_01_20260902_190156,0.2472,0.0,0.4541,0.4541,0.92,NONE,NONE,,122.4,122.4,11:06:00,30.0,BASELINE_HISTORICAL_CALIBRATION,86.5,86.5
OBS_000524,11:06:30,15690.0,12017,ROUTE_NDLS_DDN_01,SYNTHETIC_SIMULATOR,OK,29.9457,78.1487,263.0,0.0,0.0,0.0,0.0,0.0,60,,0.0,SEC_HW_DDN,HW,HW,DDN,51.0,51.0,DWELLING,,,,,-20.76,,,GREEN,LOW,False,0.5,False,EVT_003,JRN_NDLS_DDN_01_20260902_190156,0.2472,0.0,0.4541,0.4541,0.92,NONE,NONE,,122.4,122.4,11:06:30,30.0,BASELINE_HISTORICAL_CALIBRATION,86.0,86.0
OBS_000525,11:07:00,15720.0,12017,ROUTE_NDLS_DDN_01,SYNTHETIC_SIMULATOR,OK,29.9457,78.1487,263.0,0.0,0.0,0.0,0.0,0.0,60,,0.0,SEC_HW_DDN,HW,HW,DDN,51.0,51.0,DWELLING,,,,,-20.26,,,GREEN,LOW,False,0.5,False,EVT_003,JRN_NDLS_DDN_01_20260902_190156,0.2472,0.0,0.4541,0.4541,0.92,NONE,NONE,,122.4,122.4,11:07:00,30.0,BASELINE_HISTORICAL_CALIBRATION,85.5,85.5
OBS_000526,11:07:30,15750.0,12017,ROUTE_NDLS_DDN_01,SYNTHETIC_SIMULATOR,OK,29.9457,78.1487,263.0,0.0,0.0,0.0,0.0,0.0,60,,0.0,SEC_HW_DDN,HW,HW,DDN,51.0,51.0,DWELLING,,,,,-19.76,,,GREEN,LOW,False,0.5,False,EVT_003,JRN_NDLS_DDN_01_20260902_190156,0.2472,0.0,0.4541,0.4541,0.92,NONE,NONE,,122.4,122.4,11:07:30,30.0,BASELINE_HISTORICAL_CALIBRATION,85.0,85.0
OBS_000527,11:08:00,15780.0,12017,ROUTE_NDLS_DDN_01,SYNTHETIC_SIMULATOR,OK,29.9457,78.1487,263.0,0.0,0.0,0.0,0.0,0.0,60,,0.0,SEC_HW_DDN,HW,HW,DDN,51.0,51.0,DWELLING,,,,,-19.26,,,GREEN,LOW,False,0.5,False,EVT_003,JRN_NDLS_DDN_01_20260902_190156,0.2472,0.0,0.4541,0.4541,0.92,NONE,NONE,,122.4,122.4,11:08:00,30.0,BASELINE_HISTORICAL_CALIBRATION,84.5,84.5
OBS_000528,11:08:30,15810.0,12017,ROUTE_NDLS_DDN_01,SYNTHETIC_SIMULATOR,OK,29.9457,78.1487,263.0,0.0,0.0,0.0,0.0,0.0,60,,0.0,SEC_HW_DDN,HW,HW,DDN,51.0,51.0,DWELLING,,,,,-18.76,,,GREEN,LOW,False,0.5,False,EVT_003,JRN_NDLS_DDN_01_20260902_190156,0.2472,0.0,0.4541,0.4541,0.92,NONE,NONE,,122.4,122.4,11:08:30,30.0,BASELINE_HISTORICAL_CALIBRATION,84.0,84.0
OBS_000529,11:09:00,15840.0,12017,ROUTE_NDLS_DDN_01,SYNTHETIC_SIMULATOR,OK,29.9457,78.1487,263.0,0.0,0.0,0.0,0.0,0.0,60,,0.0,SEC_HW_DDN,HW,HW,DDN,51.0,51.0,DWELLING,,,,,-18.26,,,GREEN,LOW,False,0.5,False,EVT_003,JRN_NDLS_DDN_01_20260902_190156,0.2472,0.0,0.4541,0.4541,0.92,NONE,NONE,,122.4,122.4,11:09:00,30.0,BASELINE_HISTORICAL_CALIBRATION,83.5,83.5
OBS_000530,11:09:30,15870.0,12017,ROUTE_NDLS_DDN_01,SYNTHETIC_SIMULATOR,OK,29.9457,78.1487,263.0,0.0,0.0,0.0,0.0,0.0,60,,0.0,SEC_HW_DDN,HW,HW,DDN,51.0,51.0,DWELLING,,,,,-17.76,,,GREEN,LOW,False,0.5,False,EVT_003,JRN_NDLS_DDN_01_20260902_190156,0.2472,0.0,0.4541,0.4541,0.92,NONE,NONE,,122.4,122.4,11:09:30,30.0,BASELINE_HISTORICAL_CALIBRATION,83.0,83.0
OBS_000531,11:10:00,15900.0,12017,ROUTE_NDLS_DDN_01,SYNTHETIC_SIMULATOR,OK,29.9457,78.1487,263.0,0.0,0.0,0.0,0.0,0.0,60,,0.0,SEC_HW_DDN,HW,HW,DDN,51.0,51.0,DWELLING,,,,,-17.26,,,GREEN,LOW,False,0.5,False,EVT_003,JRN_NDLS_DDN_01_20260902_190156,0.2472,0.0,0.4541,0.4541,0.92,NONE,NONE,,122.4,122.4,11:10:00,30.0,BASELINE_HISTORICAL_CALIBRATION,82.5,82.5
OBS_000532,11:10:30,15930.0,12017,ROUTE_NDLS_DDN_01,SYNTHETIC_SIMULATOR,OK,29.9457,78.1487,263.0,0.0,0.0,0.0,0.0,0.0,60,,0.0,SEC_HW_DDN,HW,HW,DDN,51.0,51.0,DWELLING,,,,,-16.76,,,GREEN,LOW,False,0.5,False,EVT_003,JRN_NDLS_DDN_01_20260902_190156,0.2472,0.0,0.4541,0.4541,0.92,NONE,NONE,,122.4,122.4,11:10:30,30.0,BASELINE_HISTORICAL_CALIBRATION,82.0,82.0
OBS_000533,11:11:00,15960.0,12017,ROUTE_NDLS_DDN_01,SYNTHETIC_SIMULATOR,OK,29.9457,78.1487,263.0,0.0,0.0,0.0,0.0,0.0,60,,0.0,SEC_HW_DDN,HW,HW,DDN,51.0,51.0,DWELLING,,,,,-16.26,,,GREEN,LOW,False,0.5,False,EVT_003,JRN_NDLS_DDN_01_20260902_190156,0.2472,0.0,0.4541,0.4541,0.92,NONE,NONE,,122.4,122.4,11:11:00,30.0,BASELINE_HISTORICAL_CALIBRATION,81.5,81.5
OBS_000534,11:11:30,15990.0,12017,ROUTE_NDLS_DDN_01,SYNTHETIC_SIMULATOR,OK,29.9457,78.1487,263.0,0.0,0.0,0.0,0.0,0.0,60,,0.0,SEC_HW_DDN,HW,HW,DDN,51.0,51.0,DWELLING,,,,,-15.76,,,GREEN,LOW,False,0.5,False,EVT_003,JRN_NDLS_DDN_01_20260902_190156,0.2472,0.0,0.4541,0.4541,0.92,NONE,NONE,,122.4,122.4,11:11:30,30.0,BASELINE_HISTORICAL_CALIBRATION,81.0,81.0
OBS_000535,11:12:00,16020.0,12017,ROUTE_NDLS_DDN_01,SYNTHETIC_SIMULATOR,OK,29.9457,78.1487,263.0,0.0,0.0,0.0,0.0,0.0,60,,0.0,SEC_HW_DDN,HW,HW,DDN,51.0,51.0,DWELLING,,,,,-15.26,,,GREEN,LOW,False,0.5,False,EVT_003,JRN_NDLS_DDN_01_20260902_190156,0.2472,0.0,0.4541,0.4541,0.92,NONE,NONE,,122.4,122.4,11:12:00,30.0,BASELINE_HISTORICAL_CALIBRATION,80.5,80.5
OBS_000536,11:12:30,16050.0,12017,ROUTE_NDLS_DDN_01,SYNTHETIC_SIMULATOR,OK,29.9457,78.1487,263.0,0.0,0.0,0.0,0.0,0.0,60,,0.0,SEC_HW_DDN,HW,HW,DDN,51.0,51.0,DWELLING,,,,,-14.76,,,GREEN,LOW,False,0.5,False,EVT_003,JRN_NDLS_DDN_01_20260902_190156,0.2472,0.0,0.4541,0.4541,0.92,NONE,NONE,,122.4,122.4,11:12:30,30.0,BASELINE_HISTORICAL_CALIBRATION,80.0,80.0
OBS_000537,11:13:00,16080.0,12017,ROUTE_NDLS_DDN_01,SYNTHETIC_SIMULATOR,OK,29.9457,78.1487,263.0,0.0,0.0,0.0,0.0,0.0,60,,0.0,SEC_HW_DDN,HW,HW,DDN,51.0,51.0,DWELLING,,,,,-14.26,,,GREEN,LOW,False,0.5,False,EVT_003,JRN_NDLS_DDN_01_20260902_190156,0.2472,0.0,0.4541,0.4541,0.92,NONE,NONE,,122.4,122.4,11:13:00,30.0,BASELINE_HISTORICAL_CALIBRATION,79.5,79.5
OBS_000538,11:13:30,16110.0,12017,ROUTE_NDLS_DDN_01,SYNTHETIC_SIMULATOR,OK,29.9457,78.1487,263.0,0.0,0.0,0.0,0.0,0.0,60,,0.0,SEC_HW_DDN,HW,HW,DDN,51.0,51.0,DWELLING,,,,,-13.76,,,GREEN,LOW,False,0.5,False,EVT_003,JRN_NDLS_DDN_01_20260902_190156,0.2472,0.0,0.4541,0.4541,0.92,NONE,NONE,,122.4,122.4,11:13:30,30.0,BASELINE_HISTORICAL_CALIBRATION,79.0,79.0
OBS_000539,11:14:00,16140.0,12017,ROUTE_NDLS_DDN_01,SYNTHETIC_SIMULATOR,OK,29.9457,78.1487,263.542,38.0,10.56,38.0,0.5,92.8,60,,890.59,SEC_HW_DDN,HW,HW,DDN,50.458,50.458,ACCELERATING,DEPARTED,,11:14:00,8,-13.26,,,GREEN,LOW,False,0.5,False,EVT_003,JRN_NDLS_DDN_01_20260902_190156,0.2472,0.0,0.4541,0.4541,0.92,NONE,NONE,,79.7,79.7,11:14:00,30.0,BASELINE_HISTORICAL_CALIBRATION,78.5,78.5
OBS_000540,11:14:30,16170.0,12017,ROUTE_NDLS_DDN_01,SYNTHETIC_SIMULATOR,OK,29.951927,78.146739,263.858,38.0,10.56,38.0,0.0,92.8,60,,885.85,SEC_HW_DDN,,HW,DDN,50.142,50.142,CRUISING,,,,,-13.35,,,GREEN,LOW,False,0.5,False,EVT_003,JRN_NDLS_DDN_01_20260902_190156,0.2472,0.0,0.4541,0.4541,0.92,NONE,NONE,,79.2,79.2,11:14:30,30.0,BASELINE_HISTORICAL_CALIBRATION,78.0,78.0
OBS_000541,11:15:00,16200.0,12017,ROUTE_NDLS_DDN_01,SYNTHETIC_SIMULATOR,OK,29.954225,78.146016,264.175,38.0,10.56,38.0,0.0,92.8,60,,883.06,SEC_HW_DDN,,HW,DDN,49.825,49.825,CRUISING,,,,,-13.19,,,GREEN,LOW,False,0.5,False,EVT_003,JRN_NDLS_DDN_01_20260902_190156,0.2472,0.0,0.4541,0.4541,0.92,NONE,NONE,,78.7,78.7,11:15:00,30.0,BASELINE_HISTORICAL_CALIBRATION,77.5,77.5
OBS_000542,11:15:30,16230.0,12017,ROUTE_NDLS_DDN_01,SYNTHETIC_SIMULATOR,OK,29.956522,78.145293,264.492,38.0,10.56,38.0,0.0,92.8,60,,880.27,SEC_HW_DDN,,HW,DDN,49.508,49.508,CRUISING,,,,,-13.03,,,GREEN,LOW,False,0.5,False,EVT_003,JRN_NDLS_DDN_01_20260902_190156,0.2472,0.0,0.4541,0.4541,0.92,NONE,NONE,,78.2,78.2,11:15:30,30.0,BASELINE_HISTORICAL_CALIBRATION,77.0,77.0
OBS_000543,11:16:00,16260.0,12017,ROUTE_NDLS_DDN_01,SYNTHETIC_SIMULATOR,OK,29.958819,78.144569,264.808,38.0,10.56,38.0,0.0,92.8,60,,877.47,SEC_HW_DDN,,HW,DDN,49.192,49.192,CRUISING,,,,,-12.87,,,GREEN,LOW,False,0.5,False,EVT_003,JRN_NDLS_DDN_01_20260902_190156,0.2472,0.0,0.4541,0.4541,0.92,NONE,NONE,,77.7,77.7,11:16:00,30.0,BASELINE_HISTORICAL_CALIBRATION,76.5,76.5
OBS_000544,11:16:30,16290.0,12017,ROUTE_NDLS_DDN_01,SYNTHETIC_SIMULATOR,OK,29.961117,78.143846,265.125,38.0,10.56,38.0,0.0,92.8,60,,874.66,SEC_HW_DDN,,HW,DDN,48.875,48.875,CRUISING,,,,,-12.71,,,GREEN,LOW,False,0.5,False,EVT_003,JRN_NDLS_DDN_01_20260902_190156,0.2472,0.0,0.4541,0.4541,0.92,NONE,NONE,,77.2,77.2,11:16:30,30.0,BASELINE_HISTORICAL_CALIBRATION,76.0,76.0
OBS_000545,11:17:00,16320.0,12017,ROUTE_NDLS_DDN_01,SYNTHETIC_SIMULATOR,OK,29.963414,78.143122,265.442,38.0,10.56,38.0,0.0,92.8,60,,871.84,SEC_HW_DDN,,HW,DDN,48.558,48.558,CRUISING,,,,,-12.54,,,GREEN,LOW,False,0.5,False,EVT_003,JRN_NDLS_DDN_01_20260902_190156,0.2472,0.0,0.4541,0.4541,0.92,NONE,NONE,,76.7,76.7,11:17:00,30.0,BASELINE_HISTORICAL_CALIBRATION,75.5,75.5
OBS_000546,11:17:30,16350.0,12017,ROUTE_NDLS_DDN_01,SYNTHETIC_SIMULATOR,OK,29.965711,78.142399,265.758,38.0,10.56,38.0,0.0,92.8,60,,869.01,SEC_HW_DDN,,HW,DDN,48.242,48.242,CRUISING,,,,,-12.38,,,GREEN,LOW,False,0.5,False,EVT_003,JRN_NDLS_DDN_01_20260902_190156,0.2472,0.0,0.4541,0.4541,0.92,NONE,NONE,,76.2,76.2,11:17:30,30.0,BASELINE_HISTORICAL_CALIBRATION,75.0,75.0
OBS_000547,11:18:00,16380.0,12017,ROUTE_NDLS_DDN_01,SYNTHETIC_SIMULATOR,OK,29.968009,78.141676,266.075,38.0,10.56,38.0,0.0,92.8,60,,866.17,SEC_HW_DDN,,HW,DDN,47.925,47.925,CRUISING,,,,,-12.22,,,GREEN,LOW,False,0.5,False,EVT_003,JRN_NDLS_DDN_01_20260902_190156,0.2472,0.0,0.4541,0.4541,0.92,NONE,NONE,,75.7,75.7,11:18:00,30.0,BASELINE_HISTORICAL_CALIBRATION,74.5,74.5
OBS_000548,11:18:30,16410.0,12017,ROUTE_NDLS_DDN_01,SYNTHETIC_SIMULATOR,OK,29.970306,78.140952,266.392,38.0,10.56,38.0,0.0,92.8,60,,863.32,SEC_HW_DDN,,HW,DDN,47.608,47.608,CRUISING,,,,,-12.06,,,GREEN,LOW,False,0.5,False,EVT_003,JRN_NDLS_DDN_01_20260902_190156,0.2472,0.0,0.4541,0.4541,0.92,NONE,NONE,,75.2,75.2,11:18:30,30.0,BASELINE_HISTORICAL_CALIBRATION,74.0,74.0
OBS_000549,11:19:00,16440.0,12017,ROUTE_NDLS_DDN_01,SYNTHETIC_SIMULATOR,OK,29.972604,78.140229,266.708,38.0,10.56,38.0,0.0,92.8,60,,860.47,SEC_HW_DDN,,HW,DDN,47.292,47.292,CRUISING,,,,,-11.9,,,GREEN,LOW,False,0.5,False,EVT_003,JRN_NDLS_DDN_01_20260902_190156,0.2472,0.0,0.4541,0.4541,0.92,NONE,NONE,,74.7,74.7,11:19:00,30.0,BASELINE_HISTORICAL_CALIBRATION,73.5,73.5
OBS_000550,11:19:30,16470.0,12017,ROUTE_NDLS_DDN_01,SYNTHETIC_SIMULATOR,OK,29.974901,78.139506,267.025,38.0,10.56,38.0,0.0,92.8,60,,857.6,SEC_HW_DDN,,HW,DDN,46.975,46.975,CRUISING,,,,,-11.74,,,GREEN,LOW,False,0.5,False,EVT_003,JRN_NDLS_DDN_01_20260902_190156,0.2472,0.0,0.4541,0.4541,0.92,NONE,NONE,,74.2,74.2,11:19:30,30.0,BASELINE_HISTORICAL_CALIBRATION,73.0,73.0
OBS_000551,11:20:00,16500.0,12017,ROUTE_NDLS_DDN_01,SYNTHETIC_SIMULATOR,OK,29.977198,78.138782,267.342,38.0,10.56,38.0,0.0,92.8,60,,854.73,SEC_HW_DDN,,HW,DDN,46.658,46.658,CRUISING,,,,,-11.58,,,GREEN,LOW,False,0.5,False,EVT_003,JRN_NDLS_DDN_01_20260902_190156,0.2472,0.0,0.4541,0.4541,0.92,NONE,NONE,,73.7,73.7,11:20:00,30.0,BASELINE_HISTORICAL_CALIBRATION,72.5,72.5
OBS_000552,11:20:30,16530.0,12017,ROUTE_NDLS_DDN_01,SYNTHETIC_SIMULATOR,OK,29.979496,78.138059,267.658,38.0,10.56,38.0,0.0,92.8,60,,851.84,SEC_HW_DDN,,HW,DDN,46.342,46.342,CRUISING,,,,,-11.42,,,GREEN,LOW,False,0.5,False,EVT_003,JRN_NDLS_DDN_01_20260902_190156,0.2472,0.0,0.4541,0.4541,0.92,NONE,NONE,,73.2,73.2,11:20:30,30.0,BASELINE_HISTORICAL_CALIBRATION,72.0,72.0
OBS_000553,11:21:00,16560.0,12017,ROUTE_NDLS_DDN_01,SYNTHETIC_SIMULATOR,OK,29.981793,78.137336,267.975,38.0,10.56,38.0,0.0,92.8,60,,848.94,SEC_HW_DDN,,HW,DDN,46.025,46.025,CRUISING,,,,,-11.26,,,GREEN,LOW,False,0.5,False,EVT_003,JRN_NDLS_DDN_01_20260902_190156,0.2472,0.0,0.4541,0.4541,0.92,NONE,NONE,,72.7,72.7,11:21:00,30.0,BASELINE_HISTORICAL_CALIBRATION,71.5,71.5
OBS_000554,11:21:30,16590.0,12017,ROUTE_NDLS_DDN_01,SYNTHETIC_SIMULATOR,OK,29.984091,78.136612,268.292,38.0,10.56,38.0,0.0,92.8,60,,846.04,SEC_HW_DDN,,HW,DDN,45.708,45.708,CRUISING,,,,,-11.1,,,GREEN,LOW,False,0.5,False,EVT_003,JRN_NDLS_DDN_01_20260902_190156,0.2472,0.0,0.4541,0.4541,0.92,NONE,NONE,,72.2,72.2,11:21:30,30.0,BASELINE_HISTORICAL_CALIBRATION,71.0,71.0
OBS_000555,11:22:00,16620.0,12017,ROUTE_NDLS_DDN_01,SYNTHETIC_SIMULATOR,OK,29.986388,78.135889,268.608,38.0,10.56,38.0,0.0,92.8,60,,843.12,SEC_HW_DDN,,HW,DDN,45.392,45.392,CRUISING,,,,,-10.94,,,GREEN,LOW,False,0.5,False,EVT_003,JRN_NDLS_DDN_01_20260902_190156,0.2472,0.0,0.4541,0.4541,0.92,NONE,NONE,,71.7,71.7,11:22:00,30.0,BASELINE_HISTORICAL_CALIBRATION,70.5,70.5
OBS_000556,11:22:30,16650.0,12017,ROUTE_NDLS_DDN_01,SYNTHETIC_SIMULATOR,OK,29.988685,78.135165,268.925,38.0,10.56,38.0,0.0,92.8,60,,840.2,SEC_HW_DDN,,HW,DDN,45.075,45.075,CRUISING,,,,,-10.78,,,GREEN,LOW,False,0.5,False,EVT_003,JRN_NDLS_DDN_01_20260902_190156,0.2472,0.0,0.4541,0.4541,0.92,NONE,NONE,,71.2,71.2,11:22:30,30.0,BASELINE_HISTORICAL_CALIBRATION,70.0,70.0
OBS_000557,11:23:00,16680.0,12017,ROUTE_NDLS_DDN_01,SYNTHETIC_SIMULATOR,OK,29.990983,78.134442,269.242,38.0,10.56,38.0,0.0,92.8,60,,837.26,SEC_HW_DDN,,HW,DDN,44.758,44.758,CRUISING,,,,,-10.62,,,GREEN,LOW,False,0.5,False,EVT_003,JRN_NDLS_DDN_01_20260902_190156,0.2472,0.0,0.4541,0.4541,0.92,NONE,NONE,,70.7,70.7,11:23:00,30.0,BASELINE_HISTORICAL_CALIBRATION,69.5,69.5
OBS_000558,11:23:30,16710.0,12017,ROUTE_NDLS_DDN_01,SYNTHETIC_SIMULATOR,OK,29.99328,78.133719,269.558,38.0,10.56,38.0,0.0,92.8,60,,834.32,SEC_HW_DDN,,HW,DDN,44.442,44.442,CRUISING,,,,,-10.46,,,GREEN,LOW,False,0.5,False,EVT_003,JRN_NDLS_DDN_01_20260902_190156,0.2472,0.0,0.4541,0.4541,0.92,NONE,NONE,,70.2,70.2,11:23:30,30.0,BASELINE_HISTORICAL_CALIBRATION,69.0,69.0
OBS_000559,11:24:00,16740.0,12017,ROUTE_NDLS_DDN_01,SYNTHETIC_SIMULATOR,OK,29.995577,78.132995,269.875,38.0,10.56,38.0,0.0,92.8,60,,831.36,SEC_HW_DDN,,HW,DDN,44.125,44.125,CRUISING,,,,,-10.3,,,GREEN,LOW,False,0.5,False,EVT_003,JRN_NDLS_DDN_01_20260902_190156,0.2472,0.0,0.4541,0.4541,0.92,NONE,NONE,,69.7,69.7,11:24:00,30.0,BASELINE_HISTORICAL_CALIBRATION,68.5,68.5
OBS_000560,11:24:30,16770.0,12017,ROUTE_NDLS_DDN_01,SYNTHETIC_SIMULATOR,OK,29.997875,78.132272,270.192,38.0,10.56,38.0,0.0,92.8,60,,828.39,SEC_HW_DDN,,HW,DDN,43.808,43.808,CRUISING,,,,,-10.14,,,GREEN,LOW,False,0.5,False,EVT_003,JRN_NDLS_DDN_01_20260902_190156,0.2472,0.0,0.4541,0.4541,0.92,NONE,NONE,,69.2,69.2,11:24:30,30.0,BASELINE_HISTORICAL_CALIBRATION,68.0,68.0
OBS_000561,11:25:00,16800.0,12017,ROUTE_NDLS_DDN_01,SYNTHETIC_SIMULATOR,OK,30.000172,78.131549,270.508,38.0,10.56,38.0,0.0,92.8,60,,825.41,SEC_HW_DDN,,HW,DDN,43.492,43.492,CRUISING,,,,,-9.98,,,GREEN,LOW,False,0.5,False,EVT_003,JRN_NDLS_DDN_01_20260902_190156,0.2472,0.0,0.4541,0.4541,0.92,NONE,NONE,,68.7,68.7,11:25:00,30.0,BASELINE_HISTORICAL_CALIBRATION,67.5,67.5
OBS_000562,11:25:30,16830.0,12017,ROUTE_NDLS_DDN_01,SYNTHETIC_SIMULATOR,OK,30.00247,78.130825,270.825,38.0,10.56,38.0,0.0,92.8,60,,822.42,SEC_HW_DDN,,HW,DDN,43.175,43.175,CRUISING,,,,,-9.82,,,GREEN,LOW,False,0.5,False,EVT_003,JRN_NDLS_DDN_01_20260902_190156,0.2472,0.0,0.4541,0.4541,0.92,NONE,NONE,,68.2,68.2,11:25:30,30.0,BASELINE_HISTORICAL_CALIBRATION,67.0,67.0
OBS_000563,11:26:00,16860.0,12017,ROUTE_NDLS_DDN_01,SYNTHETIC_SIMULATOR,OK,30.004767,78.130102,271.142,38.0,10.56,38.0,0.0,92.8,60,,819.43,SEC_HW_DDN,,HW,DDN,42.858,42.858,CRUISING,,,,,-9.66,,,GREEN,LOW,False,0.5,False,EVT_003,JRN_NDLS_DDN_01_20260902_190156,0.2472,0.0,0.4541,0.4541,0.92,NONE,NONE,,67.7,67.7,11:26:00,30.0,BASELINE_HISTORICAL_CALIBRATION,66.5,66.5
OBS_000564,11:26:30,16890.0,12017,ROUTE_NDLS_DDN_01,SYNTHETIC_SIMULATOR,OK,30.007064,78.129379,271.458,38.0,10.56,38.0,0.0,92.8,60,,816.41,SEC_HW_DDN,,HW,DDN,42.542,42.542,CRUISING,,,,,-9.5,,,GREEN,LOW,False,0.5,False,EVT_003,JRN_NDLS_DDN_01_20260902_190156,0.2472,0.0,0.4541,0.4541,0.92,NONE,NONE,,67.2,67.2,11:26:30,30.0,BASELINE_HISTORICAL_CALIBRATION,66.0,66.0
OBS_000565,11:27:00,16920.0,12017,ROUTE_NDLS_DDN_01,SYNTHETIC_SIMULATOR,OK,30.009362,78.128655,271.775,38.0,10.56,38.0,0.0,92.8,60,,813.39,SEC_HW_DDN,,HW,DDN,42.225,42.225,CRUISING,,,,,-9.34,,,GREEN,LOW,False,0.5,False,EVT_003,JRN_NDLS_DDN_01_20260902_190156,0.2472,0.0,0.4541,0.4541,0.92,NONE,NONE,,66.7,66.7,11:27:00,30.0,BASELINE_HISTORICAL_CALIBRATION,65.5,65.5
OBS_000566,11:27:30,16950.0,12017,ROUTE_NDLS_DDN_01,SYNTHETIC_SIMULATOR,OK,30.011659,78.127932,272.092,38.0,10.56,38.0,0.0,92.8,60,,810.36,SEC_HW_DDN,,HW,DDN,41.908,41.908,CRUISING,,,,,-9.18,,,GREEN,LOW,False,0.5,False,EVT_003,JRN_NDLS_DDN_01_20260902_190156,0.2472,0.0,0.4541,0.4541,0.92,NONE,NONE,,66.2,66.2,11:27:30,30.0,BASELINE_HISTORICAL_CALIBRATION,65.0,65.0
OBS_000567,11:28:00,16980.0,12017,ROUTE_NDLS_DDN_01,SYNTHETIC_SIMULATOR,OK,30.013957,78.127208,272.408,38.0,10.56,38.0,0.0,92.8,60,,807.32,SEC_HW_DDN,,HW,DDN,41.592,41.592,CRUISING,,,,,-9.02,,,GREEN,LOW,False,0.5,False,EVT_003,JRN_NDLS_DDN_01_20260902_190156,0.2472,0.0,0.4541,0.4541,0.92,NONE,NONE,,65.7,65.7,11:28:00,30.0,BASELINE_HISTORICAL_CALIBRATION,64.5,64.5
OBS_000568,11:28:30,17010.0,12017,ROUTE_NDLS_DDN_01,SYNTHETIC_SIMULATOR,OK,30.016254,78.126485,272.725,38.0,10.56,38.0,0.0,92.8,60,,804.26,SEC_HW_DDN,,HW,DDN,41.275,41.275,CRUISING,,,,,-8.86,,,GREEN,LOW,False,0.5,False,EVT_003,JRN_NDLS_DDN_01_20260902_190156,0.2472,0.0,0.4541,0.4541,0.92,NONE,NONE,,65.2,65.2,11:28:30,30.0,BASELINE_HISTORICAL_CALIBRATION,64.0,64.0
OBS_000569,11:29:00,17040.0,12017,ROUTE_NDLS_DDN_01,SYNTHETIC_SIMULATOR,OK,30.018551,78.125762,273.042,38.0,10.56,38.0,0.0,92.8,60,,801.19,SEC_HW_DDN,,HW,DDN,40.958,40.958,CRUISING,,,,,-8.7,,,GREEN,LOW,False,0.5,False,EVT_003,JRN_NDLS_DDN_01_20260902_190156,0.2472,0.0,0.4541,0.4541,0.92,NONE,NONE,,64.7,64.7,11:29:00,30.0,BASELINE_HISTORICAL_CALIBRATION,63.5,63.5
OBS_000570,11:29:30,17070.0,12017,ROUTE_NDLS_DDN_01,SYNTHETIC_SIMULATOR,OK,30.020849,78.125038,273.358,38.0,10.56,38.0,0.0,92.8,60,,798.11,SEC_HW_DDN,,HW,DDN,40.642,40.642,CRUISING,,,,,-8.54,,,GREEN,LOW,False,0.5,False,EVT_003,JRN_NDLS_DDN_01_20260902_190156,0.2472,0.0,0.4541,0.4541,0.92,NONE,NONE,,64.2,64.2,11:29:30,30.0,BASELINE_HISTORICAL_CALIBRATION,63.0,63.0
OBS_000571,11:30:00,17100.0,12017,ROUTE_NDLS_DDN_01,SYNTHETIC_SIMULATOR,OK,30.023146,78.124315,273.675,38.0,10.56,38.0,0.0,92.8,60,,795.02,SEC_HW_DDN,,HW,DDN,40.325,40.325,CRUISING,,,,,-8.38,,,GREEN,LOW,False,0.5,False,EVT_003,JRN_NDLS_DDN_01_20260902_190156,0.2472,0.0,0.4541,0.4541,0.92,NONE,NONE,,63.7,63.7,11:30:00,30.0,BASELINE_HISTORICAL_CALIBRATION,62.5,62.5
OBS_000572,11:30:30,17130.0,12017,ROUTE_NDLS_DDN_01,SYNTHETIC_SIMULATOR,OK,30.025443,78.123592,273.992,38.0,10.56,38.0,0.0,92.8,60,,791.92,SEC_HW_DDN,,HW,DDN,40.008,40.008,CRUISING,,,,,-8.22,,,GREEN,LOW,False,0.5,False,EVT_003,JRN_NDLS_DDN_01_20260902_190156,0.2472,0.0,0.4541,0.4541,0.92,NONE,NONE,,63.2,63.2,11:30:30,30.0,BASELINE_HISTORICAL_CALIBRATION,62.0,62.0
OBS_000573,11:31:00,17160.0,12017,ROUTE_NDLS_DDN_01,SYNTHETIC_SIMULATOR,OK,30.027741,78.122868,274.308,38.0,10.56,38.0,0.0,92.8,60,,788.8,SEC_HW_DDN,,HW,DDN,39.692,39.692,CRUISING,,,,,-8.06,,,GREEN,LOW,False,0.5,False,EVT_003,JRN_NDLS_DDN_01_20260902_190156,0.2472,0.0,0.4541,0.4541,0.92,NONE,NONE,,62.7,62.7,11:31:00,30.0,BASELINE_HISTORICAL_CALIBRATION,61.5,61.5
OBS_000574,11:31:30,17190.0,12017,ROUTE_NDLS_DDN_01,SYNTHETIC_SIMULATOR,OK,30.030038,78.122145,274.625,38.0,10.56,38.0,0.0,92.8,60,,785.67,SEC_HW_DDN,,HW,DDN,39.375,39.375,CRUISING,,,,,-7.9,,,GREEN,LOW,False,0.5,False,EVT_003,JRN_NDLS_DDN_01_20260902_190156,0.2472,0.0,0.4541,0.4541,0.92,NONE,NONE,,62.2,62.2,11:31:30,30.0,BASELINE_HISTORICAL_CALIBRATION,61.0,61.0
OBS_000575,11:32:00,17220.0,12017,ROUTE_NDLS_DDN_01,SYNTHETIC_SIMULATOR,OK,30.032336,78.121421,274.942,38.0,10.56,38.0,0.0,92.8,60,,782.53,SEC_HW_DDN,,HW,DDN,39.058,39.058,CRUISING,,,,,-7.74,,,GREEN,LOW,False,0.5,False,EVT_003,JRN_NDLS_DDN_01_20260902_190156,0.2472,0.0,0.4541,0.4541,0.92,NONE,NONE,,61.7,61.7,11:32:00,30.0,BASELINE_HISTORICAL_CALIBRATION,60.5,60.5
OBS_000576,11:32:30,17250.0,12017,ROUTE_NDLS_DDN_01,SYNTHETIC_SIMULATOR,OK,30.034633,78.120698,275.258,38.0,10.56,38.0,0.0,92.8,60,,779.38,SEC_HW_DDN,,HW,DDN,38.742,38.742,CRUISING,,,,,-7.58,,,GREEN,LOW,False,0.5,False,EVT_003,JRN_NDLS_DDN_01_20260902_190156,0.2472,0.0,0.4541,0.4541,0.92,NONE,NONE,,61.2,61.2,11:32:30,30.0,BASELINE_HISTORICAL_CALIBRATION,60.0,60.0
OBS_000577,11:33:00,17280.0,12017,ROUTE_NDLS_DDN_01,SYNTHETIC_SIMULATOR,OK,30.03693,78.119975,275.575,38.0,10.56,38.0,0.0,92.8,60,,776.22,SEC_HW_DDN,,HW,DDN,38.425,38.425,CRUISING,,,,,-7.42,,,GREEN,LOW,False,0.5,False,EVT_003,JRN_NDLS_DDN_01_20260902_190156,0.2472,0.0,0.4541,0.4541,0.92,NONE,NONE,,60.7,60.7,11:33:00,30.0,BASELINE_HISTORICAL_CALIBRATION,59.5,59.5
OBS_000578,11:33:30,17310.0,12017,ROUTE_NDLS_DDN_01,SYNTHETIC_SIMULATOR,OK,30.039228,78.119251,275.892,38.0,10.56,38.0,0.0,92.8,60,,773.04,SEC_HW_DDN,,HW,DDN,38.108,38.108,CRUISING,,,,,-7.26,,,GREEN,LOW,False,0.5,False,EVT_003,JRN_NDLS_DDN_01_20260902_190156,0.2472,0.0,0.4541,0.4541,0.92,NONE,NONE,,60.2,60.2,11:33:30,30.0,BASELINE_HISTORICAL_CALIBRATION,59.0,59.0
OBS_000579,11:34:00,17340.0,12017,ROUTE_NDLS_DDN_01,SYNTHETIC_SIMULATOR,OK,30.041525,78.118528,276.208,38.0,10.56,38.0,0.0,92.8,60,,769.84,SEC_HW_DDN,,HW,DDN,37.792,37.792,CRUISING,,,,,-7.1,,,GREEN,LOW,False,0.5,False,EVT_003,JRN_NDLS_DDN_01_20260902_190156,0.2472,0.0,0.4541,0.4541,0.92,NONE,NONE,,59.7,59.7,11:34:00,30.0,BASELINE_HISTORICAL_CALIBRATION,58.5,58.5
OBS_000580,11:34:30,17370.0,12017,ROUTE_NDLS_DDN_01,SYNTHETIC_SIMULATOR,OK,30.043823,78.117805,276.525,38.0,10.56,38.0,0.0,92.8,60,,766.64,SEC_HW_DDN,,HW,DDN,37.475,37.475,CRUISING,,,,,-6.94,,,GREEN,LOW,False,0.5,False,EVT_003,JRN_NDLS_DDN_01_20260902_190156,0.2472,0.0,0.4541,0.4541,0.92,NONE,NONE,,59.2,59.2,11:34:30,30.0,BASELINE_HISTORICAL_CALIBRATION,58.0,58.0
OBS_000581,11:35:00,17400.0,12017,ROUTE_NDLS_DDN_01,SYNTHETIC_SIMULATOR,OK,30.04612,78.117081,276.842,38.0,10.56,38.0,0.0,92.8,60,,763.42,SEC_HW_DDN,,HW,DDN,37.158,37.158,CRUISING,,,,,-6.78,,,GREEN,LOW,False,0.5,False,EVT_003,JRN_NDLS_DDN_01_20260902_190156,0.2472,0.0,0.4541,0.4541,0.92,NONE,NONE,,58.7,58.7,11:35:00,30.0,BASELINE_HISTORICAL_CALIBRATION,57.5,57.5
OBS_000582,11:35:30,17430.0,12017,ROUTE_NDLS_DDN_01,SYNTHETIC_SIMULATOR,OK,30.048417,78.116358,277.158,38.0,10.56,38.0,0.0,92.8,60,,760.19,SEC_HW_DDN,,HW,DDN,36.842,36.842,CRUISING,,,,,-6.62,,,GREEN,LOW,False,0.5,False,EVT_003,JRN_NDLS_DDN_01_20260902_190156,0.2472,0.0,0.4541,0.4541,0.92,NONE,NONE,,58.2,58.2,11:35:30,30.0,BASELINE_HISTORICAL_CALIBRATION,57.0,57.0
OBS_000583,11:36:00,17460.0,12017,ROUTE_NDLS_DDN_01,SYNTHETIC_SIMULATOR,OK,30.050715,78.115635,277.475,38.0,10.56,38.0,0.0,92.8,60,,756.94,SEC_HW_DDN,,HW,DDN,36.525,36.525,CRUISING,,,,,-6.46,,,GREEN,LOW,False,0.5,False,EVT_003,JRN_NDLS_DDN_01_20260902_190156,0.2472,0.0,0.4541,0.4541,0.92,NONE,NONE,,57.7,57.7,11:36:00,30.0,BASELINE_HISTORICAL_CALIBRATION,56.5,56.5
OBS_000584,11:36:30,17490.0,12017,ROUTE_NDLS_DDN_01,SYNTHETIC_SIMULATOR,OK,30.053012,78.114911,277.792,38.0,10.56,38.0,0.0,92.8,60,,753.68,SEC_HW_DDN,,HW,DDN,36.208,36.208,CRUISING,,,,,-6.3,,,GREEN,LOW,False,0.5,False,EVT_003,JRN_NDLS_DDN_01_20260902_190156,0.2472,0.0,0.4541,0.4541,0.92,NONE,NONE,,57.2,57.2,11:36:30,30.0,BASELINE_HISTORICAL_CALIBRATION,56.0,56.0
OBS_000585,11:37:00,17520.0,12017,ROUTE_NDLS_DDN_01,SYNTHETIC_SIMULATOR,OK,30.055309,78.114188,278.108,38.0,10.56,38.0,0.0,92.8,60,,750.41,SEC_HW_DDN,,HW,DDN,35.892,35.892,CRUISING,,,,,-6.14,,,GREEN,LOW,False,0.5,False,EVT_003,JRN_NDLS_DDN_01_20260902_190156,0.2472,0.0,0.4541,0.4541,0.92,NONE,NONE,,56.7,56.7,11:37:00,30.0,BASELINE_HISTORICAL_CALIBRATION,55.5,55.5
OBS_000586,11:37:30,17550.0,12017,ROUTE_NDLS_DDN_01,SYNTHETIC_SIMULATOR,OK,30.057607,78.113464,278.425,38.0,10.56,38.0,0.0,92.8,60,,747.12,SEC_HW_DDN,,HW,DDN,35.575,35.575,CRUISING,,,,,-5.98,,,GREEN,LOW,False,0.5,False,EVT_003,JRN_NDLS_DDN_01_20260902_190156,0.2472,0.0,0.4541,0.4541,0.92,NONE,NONE,,56.2,56.2,11:37:30,30.0,BASELINE_HISTORICAL_CALIBRATION,55.0,55.0
OBS_000587,11:38:00,17580.0,12017,ROUTE_NDLS_DDN_01,SYNTHETIC_SIMULATOR,OK,30.059904,78.112741,278.742,38.0,10.56,38.0,0.0,92.8,60,,743.82,SEC_HW_DDN,,HW,DDN,35.258,35.258,CRUISING,,,,,-5.82,,,GREEN,LOW,False,0.5,False,EVT_003,JRN_NDLS_DDN_01_20260902_190156,0.2472,0.0,0.4541,0.4541,0.92,NONE,NONE,,55.7,55.7,11:38:00,30.0,BASELINE_HISTORICAL_CALIBRATION,54.5,54.5
OBS_000588,11:38:30,17610.0,12017,ROUTE_NDLS_DDN_01,SYNTHETIC_SIMULATOR,OK,30.062202,78.112018,279.058,38.0,10.56,38.0,0.0,92.8,60,,740.5,SEC_HW_DDN,,HW,DDN,34.942,34.942,CRUISING,,,,,-5.66,,,GREEN,LOW,False,0.5,False,EVT_003,JRN_NDLS_DDN_01_20260902_190156,0.2472,0.0,0.4541,0.4541,0.92,NONE,NONE,,55.2,55.2,11:38:30,30.0,BASELINE_HISTORICAL_CALIBRATION,54.0,54.0
OBS_000589,11:39:00,17640.0,12017,ROUTE_NDLS_DDN_01,SYNTHETIC_SIMULATOR,OK,30.064499,78.111294,279.375,38.0,10.56,38.0,0.0,92.8,60,,737.17,SEC_HW_DDN,,HW,DDN,34.625,34.625,CRUISING,,,,,-5.5,,,GREEN,LOW,False,0.5,False,EVT_003,JRN_NDLS_DDN_01_20260902_190156,0.2472,0.0,0.4541,0.4541,0.92,NONE,NONE,,54.7,54.7,11:39:00,30.0,BASELINE_HISTORICAL_CALIBRATION,53.5,53.5
OBS_000590,11:39:30,17670.0,12017,ROUTE_NDLS_DDN_01,SYNTHETIC_SIMULATOR,OK,30.066796,78.110571,279.692,38.0,10.56,38.0,0.0,92.8,60,,733.82,SEC_HW_DDN,,HW,DDN,34.308,34.308,CRUISING,,,,,-5.34,,,GREEN,LOW,False,0.5,False,EVT_003,JRN_NDLS_DDN_01_20260902_190156,0.2472,0.0,0.4541,0.4541,0.92,NONE,NONE,,54.2,54.2,11:39:30,30.0,BASELINE_HISTORICAL_CALIBRATION,53.0,53.0
OBS_000591,11:40:00,17700.0,12017,ROUTE_NDLS_DDN_01,SYNTHETIC_SIMULATOR,OK,30.069094,78.109848,280.008,38.0,10.56,38.0,0.0,92.8,60,,730.45,SEC_HW_DDN,,HW,DDN,33.992,33.992,CRUISING,,,,,-5.18,,,GREEN,LOW,False,0.5,False,EVT_003,JRN_NDLS_DDN_01_20260902_190156,0.2472,0.0,0.4541,0.4541,0.92,NONE,NONE,,53.7,53.7,11:40:00,30.0,BASELINE_HISTORICAL_CALIBRATION,52.5,52.5
OBS_000592,11:40:30,17730.0,12017,ROUTE_NDLS_DDN_01,SYNTHETIC_SIMULATOR,OK,30.071391,78.109124,280.325,38.0,10.56,38.0,0.0,92.8,60,,727.08,SEC_HW_DDN,,HW,DDN,33.675,33.675,CRUISING,,,,,-5.02,,,GREEN,LOW,False,0.5,False,EVT_003,JRN_NDLS_DDN_01_20260902_190156,0.2472,0.0,0.4541,0.4541,0.92,NONE,NONE,,53.2,53.2,11:40:30,30.0,BASELINE_HISTORICAL_CALIBRATION,52.0,52.0
OBS_000593,11:41:00,17760.0,12017,ROUTE_NDLS_DDN_01,SYNTHETIC_SIMULATOR,OK,30.073689,78.108401,280.642,38.0,10.56,38.0,0.0,92.8,60,,723.68,SEC_HW_DDN,,HW,DDN,33.358,33.358,CRUISING,,,,,-4.86,,,GREEN,LOW,False,0.5,False,EVT_003,JRN_NDLS_DDN_01_20260902_190156,0.2472,0.0,0.4541,0.4541,0.92,NONE,NONE,,52.7,52.7,11:41:00,30.0,BASELINE_HISTORICAL_CALIBRATION,51.5,51.5
OBS_000594,11:41:30,17790.0,12017,ROUTE_NDLS_DDN_01,SYNTHETIC_SIMULATOR,OK,30.075986,78.107678,280.958,38.0,10.56,38.0,0.0,92.8,60,,720.27,SEC_HW_DDN,,HW,DDN,33.042,33.042,CRUISING,,,,,-4.7,,,GREEN,LOW,False,0.5,False,EVT_003,JRN_NDLS_DDN_01_20260902_190156,0.2472,0.0,0.4541,0.4541,0.92,NONE,NONE,,52.2,52.2,11:41:30,30.0,BASELINE_HISTORICAL_CALIBRATION,51.0,51.0
OBS_000595,11:42:00,17820.0,12017,ROUTE_NDLS_DDN_01,SYNTHETIC_SIMULATOR,OK,30.078283,78.106954,281.275,38.0,10.56,38.0,0.0,92.8,60,,716.84,SEC_HW_DDN,,HW,DDN,32.725,32.725,CRUISING,,,,,-4.54,,,GREEN,LOW,False,0.5,False,EVT_003,JRN_NDLS_DDN_01_20260902_190156,0.2472,0.0,0.4541,0.4541,0.92,NONE,NONE,,51.7,51.7,11:42:00,30.0,BASELINE_HISTORICAL_CALIBRATION,50.5,50.5
OBS_000596,11:42:30,17850.0,12017,ROUTE_NDLS_DDN_01,SYNTHETIC_SIMULATOR,OK,30.080581,78.106231,281.592,38.0,10.56,38.0,0.0,92.8,60,,713.4,SEC_HW_DDN,,HW,DDN,32.408,32.408,CRUISING,,,,,-4.38,,,GREEN,LOW,False,0.5,False,EVT_003,JRN_NDLS_DDN_01_20260902_190156,0.2472,0.0,0.4541,0.4541,0.92,NONE,NONE,,51.2,51.2,11:42:30,30.0,BASELINE_HISTORICAL_CALIBRATION,50.0,50.0
OBS_000597,11:43:00,17880.0,12017,ROUTE_NDLS_DDN_01,SYNTHETIC_SIMULATOR,OK,30.082878,78.105507,281.908,38.0,10.56,38.0,0.0,92.8,60,,709.94,SEC_HW_DDN,,HW,DDN,32.092,32.092,CRUISING,,,,,-4.22,,,GREEN,LOW,False,0.5,False,EVT_003,JRN_NDLS_DDN_01_20260902_190156,0.2472,0.0,0.4541,0.4541,0.92,NONE,NONE,,50.7,50.7,11:43:00,30.0,BASELINE_HISTORICAL_CALIBRATION,49.5,49.5
OBS_000598,11:43:30,17910.0,12017,ROUTE_NDLS_DDN_01,SYNTHETIC_SIMULATOR,OK,30.085175,78.104784,282.225,38.0,10.56,38.0,0.0,92.8,60,,706.46,SEC_HW_DDN,,HW,DDN,31.775,31.775,CRUISING,,,,,-4.06,,,GREEN,LOW,False,0.5,False,EVT_003,JRN_NDLS_DDN_01_20260902_190156,0.2472,0.0,0.4541,0.4541,0.92,NONE,NONE,,50.2,50.2,11:43:30,30.0,BASELINE_HISTORICAL_CALIBRATION,49.0,49.0
OBS_000599,11:44:00,17940.0,12017,ROUTE_NDLS_DDN_01,SYNTHETIC_SIMULATOR,OK,30.087473,78.104061,282.542,38.0,10.56,38.0,0.0,92.8,60,,702.97,SEC_HW_DDN,,HW,DDN,31.458,31.458,CRUISING,,,,,-3.9,,,GREEN,LOW,False,0.5,False,EVT_003,JRN_NDLS_DDN_01_20260902_190156,0.2472,0.0,0.4541,0.4541,0.92,NONE,NONE,,49.7,49.7,11:44:00,30.0,BASELINE_HISTORICAL_CALIBRATION,48.5,48.5
OBS_000600,11:44:30,17970.0,12017,ROUTE_NDLS_DDN_01,SYNTHETIC_SIMULATOR,OK,30.08977,78.103337,282.858,38.0,10.56,38.0,0.0,92.8,60,,699.46,SEC_HW_DDN,,HW,DDN,31.142,31.142,CRUISING,,,,,-3.74,,,GREEN,LOW,False,0.5,False,EVT_003,JRN_NDLS_DDN_01_20260902_190156,0.2472,0.0,0.4541,0.4541,0.92,NONE,NONE,,49.2,49.2,11:44:30,30.0,BASELINE_HISTORICAL_CALIBRATION,48.0,48.0
OBS_000601,11:45:00,18000.0,12017,ROUTE_NDLS_DDN_01,SYNTHETIC_SIMULATOR,OK,30.092068,78.102614,283.175,38.0,10.56,38.0,0.0,92.8,60,,695.93,SEC_HW_DDN,,HW,DDN,30.825,30.825,CRUISING,,,,,-3.58,,,GREEN,LOW,False,0.5,False,EVT_003,JRN_NDLS_DDN_01_20260902_190156,0.2472,0.0,0.4541,0.4541,0.92,NONE,NONE,,48.7,48.7,11:45:00,30.0,BASELINE_HISTORICAL_CALIBRATION,47.5,47.5
OBS_000602,11:45:30,18030.0,12017,ROUTE_NDLS_DDN_01,SYNTHETIC_SIMULATOR,OK,30.094365,78.101891,283.492,38.0,10.56,38.0,0.0,92.8,60,,692.38,SEC_HW_DDN,,HW,DDN,30.508,30.508,CRUISING,,,,,-3.42,,,GREEN,LOW,False,0.5,False,EVT_003,JRN_NDLS_DDN_01_20260902_190156,0.2472,0.0,0.4541,0.4541,0.92,NONE,NONE,,48.2,48.2,11:45:30,30.0,BASELINE_HISTORICAL_CALIBRATION,47.0,47.0
OBS_000603,11:46:00,18060.0,12017,ROUTE_NDLS_DDN_01,SYNTHETIC_SIMULATOR,OK,30.096662,78.101167,283.808,38.0,10.56,38.0,0.0,92.8,60,,688.81,SEC_HW_DDN,,HW,DDN,30.192,30.192,CRUISING,,,,,-3.26,,,GREEN,LOW,False,0.5,False,EVT_003,JRN_NDLS_DDN_01_20260902_190156,0.2472,0.0,0.4541,0.4541,0.92,NONE,NONE,,47.7,47.7,11:46:00,30.0,BASELINE_HISTORICAL_CALIBRATION,46.5,46.5
OBS_000604,11:46:30,18090.0,12017,ROUTE_NDLS_DDN_01,SYNTHETIC_SIMULATOR,OK,30.09896,78.100444,284.125,38.0,10.56,38.0,0.0,92.8,60,,685.23,SEC_HW_DDN,,HW,DDN,29.875,29.875,CRUISING,,,,,-3.1,,,GREEN,LOW,False,0.5,False,EVT_003,JRN_NDLS_DDN_01_20260902_190156,0.2472,0.0,0.4541,0.4541,0.92,NONE,NONE,,47.2,47.2,11:46:30,30.0,BASELINE_HISTORICAL_CALIBRATION,46.0,46.0
OBS_000605,11:47:00,18120.0,12017,ROUTE_NDLS_DDN_01,SYNTHETIC_SIMULATOR,OK,30.101257,78.099721,284.442,38.0,10.56,38.0,0.0,92.8,60,,681.63,SEC_HW_DDN,,HW,DDN,29.558,29.558,CRUISING,,,,,-2.94,,,GREEN,LOW,False,0.5,False,EVT_003,JRN_NDLS_DDN_01_20260902_190156,0.2472,0.0,0.4541,0.4541,0.92,NONE,NONE,,46.7,46.7,11:47:00,30.0,BASELINE_HISTORICAL_CALIBRATION,45.5,45.5
OBS_000606,11:47:30,18150.0,12017,ROUTE_NDLS_DDN_01,SYNTHETIC_SIMULATOR,OK,30.103555,78.098997,284.758,38.0,10.56,38.0,0.0,92.8,60,,678.01,SEC_HW_DDN,,HW,DDN,29.242,29.242,CRUISING,,,,,-2.78,,,GREEN,LOW,False,0.5,False,EVT_003,JRN_NDLS_DDN_01_20260902_190156,0.2472,0.0,0.4541,0.4541,0.92,NONE,NONE,,46.2,46.2,11:47:30,30.0,BASELINE_HISTORICAL_CALIBRATION,45.0,45.0
OBS_000607,11:48:00,18180.0,12017,ROUTE_NDLS_DDN_01,SYNTHETIC_SIMULATOR,OK,30.105852,78.098274,285.075,38.0,10.56,38.0,0.0,92.8,60,,674.36,SEC_HW_DDN,,HW,DDN,28.925,28.925,CRUISING,,,,,-2.62,,,GREEN,LOW,False,0.5,False,EVT_003,JRN_NDLS_DDN_01_20260902_190156,0.2472,0.0,0.4541,0.4541,0.92,NONE,NONE,,45.7,45.7,11:48:00,30.0,BASELINE_HISTORICAL_CALIBRATION,44.5,44.5
OBS_000608,11:48:30,18210.0,12017,ROUTE_NDLS_DDN_01,SYNTHETIC_SIMULATOR,OK,30.108149,78.09755,285.392,38.0,10.56,38.0,0.0,92.8,60,,670.7,SEC_HW_DDN,,HW,DDN,28.608,28.608,CRUISING,,,,,-2.46,,,GREEN,LOW,False,0.5,False,EVT_003,JRN_NDLS_DDN_01_20260902_190156,0.2472,0.0,0.4541,0.4541,0.92,NONE,NONE,,45.2,45.2,11:48:30,30.0,BASELINE_HISTORICAL_CALIBRATION,44.0,44.0
OBS_000609,11:49:00,18240.0,12017,ROUTE_NDLS_DDN_01,SYNTHETIC_SIMULATOR,OK,30.110447,78.096827,285.708,38.0,10.56,38.0,0.0,92.8,60,,667.02,SEC_HW_DDN,,HW,DDN,28.292,28.292,CRUISING,,,,,-2.3,,,GREEN,LOW,False,0.5,False,EVT_003,JRN_NDLS_DDN_01_20260902_190156,0.2472,0.0,0.4541,0.4541,0.92,NONE,NONE,,44.7,44.7,11:49:00,30.0,BASELINE_HISTORICAL_CALIBRATION,43.5,43.5
OBS_000610,11:49:30,18270.0,12017,ROUTE_NDLS_DDN_01,SYNTHETIC_SIMULATOR,OK,30.112744,78.096104,286.025,38.0,10.56,38.0,0.0,92.8,60,,663.32,SEC_HW_DDN,,HW,DDN,27.975,27.975,CRUISING,,,,,-2.14,,,GREEN,LOW,False,0.5,False,EVT_003,JRN_NDLS_DDN_01_20260902_190156,0.2472,0.0,0.4541,0.4541,0.92,NONE,NONE,,44.2,44.2,11:49:30,30.0,BASELINE_HISTORICAL_CALIBRATION,43.0,43.0
OBS_000611,11:50:00,18300.0,12017,ROUTE_NDLS_DDN_01,SYNTHETIC_SIMULATOR,OK,30.115042,78.09538,286.342,38.0,10.56,38.0,0.0,92.8,60,,659.6,SEC_HW_DDN,,HW,DDN,27.658,27.658,CRUISING,,,,,-1.98,,,GREEN,LOW,False,0.5,False,EVT_003,JRN_NDLS_DDN_01_20260902_190156,0.2472,0.0,0.4541,0.4541,0.92,NONE,NONE,,43.7,43.7,11:50:00,30.0,BASELINE_HISTORICAL_CALIBRATION,42.5,42.5
OBS_000612,11:50:30,18330.0,12017,ROUTE_NDLS_DDN_01,SYNTHETIC_SIMULATOR,OK,30.117339,78.094657,286.658,38.0,10.56,38.0,0.0,92.8,60,,655.85,SEC_HW_DDN,,HW,DDN,27.342,27.342,CRUISING,,,,,-1.82,,,GREEN,LOW,False,0.5,False,EVT_003,JRN_NDLS_DDN_01_20260902_190156,0.2472,0.0,0.4541,0.4541,0.92,NONE,NONE,,43.2,43.2,11:50:30,30.0,BASELINE_HISTORICAL_CALIBRATION,42.0,42.0
OBS_000613,11:51:00,18360.0,12017,ROUTE_NDLS_DDN_01,SYNTHETIC_SIMULATOR,OK,30.119636,78.093934,286.975,38.0,10.56,38.0,0.0,92.8,60,,652.09,SEC_HW_DDN,,HW,DDN,27.025,27.025,CRUISING,,,,,-1.66,,,GREEN,LOW,False,0.5,False,EVT_003,JRN_NDLS_DDN_01_20260902_190156,0.2472,0.0,0.4541,0.4541,0.92,NONE,NONE,,42.7,42.7,11:51:00,30.0,BASELINE_HISTORICAL_CALIBRATION,41.5,41.5
OBS_000614,11:51:30,18390.0,12017,ROUTE_NDLS_DDN_01,SYNTHETIC_SIMULATOR,OK,30.121934,78.09321,287.292,38.0,10.56,38.0,0.0,92.8,60,,648.3,SEC_HW_DDN,,HW,DDN,26.708,26.708,CRUISING,,,,,-1.5,,,GREEN,LOW,False,0.5,False,EVT_003,JRN_NDLS_DDN_01_20260902_190156,0.2472,0.0,0.4541,0.4541,0.92,NONE,NONE,,42.2,42.2,11:51:30,30.0,BASELINE_HISTORICAL_CALIBRATION,41.0,41.0
OBS_000615,11:52:00,18420.0,12017,ROUTE_NDLS_DDN_01,SYNTHETIC_SIMULATOR,OK,30.124231,78.092487,287.608,38.0,10.56,38.0,0.0,92.8,60,,644.49,SEC_HW_DDN,,HW,DDN,26.392,26.392,CRUISING,,,,,-1.34,,,GREEN,LOW,False,0.5,False,EVT_003,JRN_NDLS_DDN_01_20260902_190156,0.2472,0.0,0.4541,0.4541,0.92,NONE,NONE,,41.7,41.7,11:52:00,30.0,BASELINE_HISTORICAL_CALIBRATION,40.5,40.5
OBS_000616,11:52:30,18450.0,12017,ROUTE_NDLS_DDN_01,SYNTHETIC_SIMULATOR,OK,30.126528,78.091763,287.925,38.0,10.56,38.0,0.0,92.8,60,,640.66,SEC_HW_DDN,,HW,DDN,26.075,26.075,CRUISING,,,,,-1.18,,,GREEN,LOW,False,0.5,False,EVT_003,JRN_NDLS_DDN_01_20260902_190156,0.2472,0.0,0.4541,0.4541,0.92,NONE,NONE,,41.2,41.2,11:52:30,30.0,BASELINE_HISTORICAL_CALIBRATION,40.0,40.0
OBS_000617,11:53:00,18480.0,12017,ROUTE_NDLS_DDN_01,SYNTHETIC_SIMULATOR,OK,30.128826,78.09104,288.242,38.0,10.56,38.0,0.0,92.8,60,,636.8,SEC_HW_DDN,,HW,DDN,25.758,25.758,CRUISING,,,,,-1.02,,,GREEN,LOW,False,0.5,False,EVT_003,JRN_NDLS_DDN_01_20260902_190156,0.2472,0.0,0.4541,0.4541,0.92,NONE,NONE,,40.7,40.7,11:53:00,30.0,BASELINE_HISTORICAL_CALIBRATION,39.5,39.5
OBS_000618,11:53:30,18510.0,12017,ROUTE_NDLS_DDN_01,SYNTHETIC_SIMULATOR,OK,30.131123,78.090317,288.558,38.0,10.56,38.0,0.0,92.8,60,,632.92,SEC_HW_DDN,,HW,DDN,25.442,25.442,CRUISING,,,,,-0.85,,,GREEN,LOW,False,0.5,False,EVT_003,JRN_NDLS_DDN_01_20260902_190156,0.2472,0.0,0.4541,0.4541,0.92,NONE,NONE,,40.2,40.2,11:53:30,30.0,BASELINE_HISTORICAL_CALIBRATION,39.0,39.0
OBS_000619,11:54:00,18540.0,12017,ROUTE_NDLS_DDN_01,SYNTHETIC_SIMULATOR,OK,30.133421,78.089593,288.875,38.0,10.56,38.0,0.0,92.8,60,,629.02,SEC_HW_DDN,,HW,DDN,25.125,25.125,CRUISING,,,,,-0.69,,,GREEN,LOW,False,0.5,False,EVT_003,JRN_NDLS_DDN_01_20260902_190156,0.2472,0.0,0.4541,0.4541,0.92,NONE,NONE,,39.7,39.7,11:54:00,30.0,BASELINE_HISTORICAL_CALIBRATION,38.5,38.5
OBS_000620,11:54:30,18570.0,12017,ROUTE_NDLS_DDN_01,SYNTHETIC_SIMULATOR,OK,30.135718,78.08887,289.192,38.0,10.56,38.0,0.0,92.8,60,,625.1,SEC_HW_DDN,,HW,DDN,24.808,24.808,CRUISING,,,,,-0.53,,,GREEN,LOW,False,0.5,False,EVT_003,JRN_NDLS_DDN_01_20260902_190156,0.2472,0.0,0.4541,0.4541,0.92,NONE,NONE,,39.2,39.2,11:54:30,30.0,BASELINE_HISTORICAL_CALIBRATION,38.0,38.0
OBS_000621,11:55:00,18600.0,12017,ROUTE_NDLS_DDN_01,SYNTHETIC_SIMULATOR,OK,30.138015,78.088147,289.508,38.0,10.56,38.0,0.0,92.8,60,,621.14,SEC_HW_DDN,,HW,DDN,24.492,24.492,CRUISING,,,,,-0.37,,,GREEN,LOW,False,0.5,False,EVT_003,JRN_NDLS_DDN_01_20260902_190156,0.2472,0.0,0.4541,0.4541,0.92,NONE,NONE,,38.7,38.7,11:55:00,30.0,BASELINE_HISTORICAL_CALIBRATION,37.5,37.5
OBS_000622,11:55:30,18630.0,12017,ROUTE_NDLS_DDN_01,SYNTHETIC_SIMULATOR,OK,30.140313,78.087423,289.825,38.0,10.56,38.0,0.0,92.8,60,,617.17,SEC_HW_DDN,,HW,DDN,24.175,24.175,CRUISING,,,,,-0.21,,,GREEN,LOW,False,0.5,False,EVT_003,JRN_NDLS_DDN_01_20260902_190156,0.2472,0.0,0.4541,0.4541,0.92,NONE,NONE,,38.2,38.2,11:55:30,30.0,BASELINE_HISTORICAL_CALIBRATION,37.0,37.0
OBS_000623,11:56:00,18660.0,12017,ROUTE_NDLS_DDN_01,SYNTHETIC_SIMULATOR,OK,30.14261,78.0867,290.142,38.0,10.56,38.0,0.0,92.8,60,,613.16,SEC_HW_DDN,,HW,DDN,23.858,23.858,CRUISING,,,,,-0.05,,,GREEN,LOW,False,0.5,False,EVT_003,JRN_NDLS_DDN_01_20260902_190156,0.2472,0.0,0.4541,0.4541,0.92,NONE,NONE,,37.7,37.7,11:56:00,30.0,BASELINE_HISTORICAL_CALIBRATION,36.5,36.5
OBS_000624,11:56:30,18690.0,12017,ROUTE_NDLS_DDN_01,SYNTHETIC_SIMULATOR,OK,30.144908,78.085977,290.458,38.0,10.56,38.0,0.0,92.8,60,,609.13,SEC_HW_DDN,,HW,DDN,23.542,23.542,CRUISING,,,,,0.11,,,GREEN,LOW,False,0.5,False,EVT_003,JRN_NDLS_DDN_01_20260902_190156,0.2472,0.0,0.4541,0.4541,0.92,NONE,NONE,,37.2,37.2,11:56:30,30.0,BASELINE_HISTORICAL_CALIBRATION,36.0,36.0
OBS_000625,11:57:00,18720.0,12017,ROUTE_NDLS_DDN_01,SYNTHETIC_SIMULATOR,OK,30.147205,78.085253,290.775,38.0,10.56,38.0,0.0,92.8,60,,605.08,SEC_HW_DDN,,HW,DDN,23.225,23.225,CRUISING,,,,,0.27,,,GREEN,LOW,False,0.5,False,EVT_003,JRN_NDLS_DDN_01_20260902_190156,0.2472,0.0,0.4541,0.4541,0.92,NONE,NONE,,36.7,36.7,11:57:00,30.0,BASELINE_HISTORICAL_CALIBRATION,35.5,35.5
OBS_000626,11:57:30,18750.0,12017,ROUTE_NDLS_DDN_01,SYNTHETIC_SIMULATOR,OK,30.149502,78.08453,291.092,38.0,10.56,38.0,0.0,92.8,60,,601.0,SEC_HW_DDN,,HW,DDN,22.908,22.908,CRUISING,,,,,0.43,,,GREEN,LOW,False,0.5,False,EVT_003,JRN_NDLS_DDN_01_20260902_190156,0.2472,0.0,0.4541,0.4541,0.92,NONE,NONE,,36.2,36.2,11:57:30,30.0,BASELINE_HISTORICAL_CALIBRATION,35.0,35.0
OBS_000627,11:58:00,18780.0,12017,ROUTE_NDLS_DDN_01,SYNTHETIC_SIMULATOR,OK,30.1518,78.083806,291.408,38.0,10.56,38.0,0.0,92.8,60,,596.88,SEC_HW_DDN,,HW,DDN,22.592,22.592,CRUISING,,,,,0.59,,,GREEN,LOW,False,0.5,False,EVT_003,JRN_NDLS_DDN_01_20260902_190156,0.2472,0.0,0.4541,0.4541,0.92,NONE,NONE,,35.7,35.7,11:58:00,30.0,BASELINE_HISTORICAL_CALIBRATION,34.5,34.5
OBS_000628,11:58:30,18810.0,12017,ROUTE_NDLS_DDN_01,SYNTHETIC_SIMULATOR,OK,30.154097,78.083083,291.725,38.0,10.56,38.0,0.0,92.8,60,,592.74,SEC_HW_DDN,,HW,DDN,22.275,22.275,CRUISING,,,,,0.75,,,GREEN,LOW,False,0.5,False,EVT_003,JRN_NDLS_DDN_01_20260902_190156,0.2472,0.0,0.4541,0.4541,0.92,NONE,NONE,,35.2,35.2,11:58:30,30.0,BASELINE_HISTORICAL_CALIBRATION,34.0,34.0
OBS_000629,11:59:00,18840.0,12017,ROUTE_NDLS_DDN_01,SYNTHETIC_SIMULATOR,OK,30.156394,78.08236,292.042,38.0,10.56,38.0,0.0,92.8,60,,588.58,SEC_HW_DDN,,HW,DDN,21.958,21.958,CRUISING,,,,,0.91,,,GREEN,LOW,False,0.5,False,EVT_003,JRN_NDLS_DDN_01_20260902_190156,0.2472,0.0,0.4541,0.4541,0.92,NONE,NONE,,34.7,34.7,11:59:00,30.0,BASELINE_HISTORICAL_CALIBRATION,33.5,33.5
OBS_000630,11:59:30,18870.0,12017,ROUTE_NDLS_DDN_01,SYNTHETIC_SIMULATOR,OK,30.158692,78.081636,292.358,38.0,10.56,38.0,0.0,92.8,60,,584.38,SEC_HW_DDN,,HW,DDN,21.642,21.642,CRUISING,,,,,1.07,,,GREEN,LOW,False,0.5,False,EVT_003,JRN_NDLS_DDN_01_20260902_190156,0.2472,0.0,0.4541,0.4541,0.92,NONE,NONE,,34.2,34.2,11:59:30,30.0,BASELINE_HISTORICAL_CALIBRATION,33.0,33.0
OBS_000631,12:00:00,18900.0,12017,ROUTE_NDLS_DDN_01,SYNTHETIC_SIMULATOR,OK,30.160989,78.080913,292.675,38.0,10.56,38.0,0.0,92.8,60,,580.15,SEC_HW_DDN,,HW,DDN,21.325,21.325,CRUISING,,,,,1.23,,,GREEN,LOW,False,0.5,False,EVT_003,JRN_NDLS_DDN_01_20260902_190156,0.2535,0.0,0.4541,0.4541,0.92,LIGHT,NONE,,33.7,33.7,12:00:00,30.0,BASELINE_HISTORICAL_CALIBRATION,32.5,32.5
OBS_000632,12:00:30,18930.0,12017,ROUTE_NDLS_DDN_01,SYNTHETIC_SIMULATOR,OK,30.163287,78.08019,292.992,38.0,10.56,38.0,0.0,92.8,60,,575.89,SEC_HW_DDN,,HW,DDN,21.008,21.008,CRUISING,,,,,1.39,,,GREEN,LOW,False,0.5,False,EVT_003,JRN_NDLS_DDN_01_20260902_190156,0.2535,0.0,0.4541,0.4541,0.92,LIGHT,NONE,,33.2,33.2,12:00:30,30.0,BASELINE_HISTORICAL_CALIBRATION,32.0,32.0
OBS_000633,12:01:00,18960.0,12017,ROUTE_NDLS_DDN_01,SYNTHETIC_SIMULATOR,OK,30.165584,78.079466,293.308,38.0,10.56,38.0,0.0,92.8,60,,571.6,SEC_HW_DDN,,HW,DDN,20.692,20.692,CRUISING,,,,,1.55,,,GREEN,LOW,False,0.5,False,EVT_003,JRN_NDLS_DDN_01_20260902_190156,0.2535,0.0,0.4541,0.4541,0.92,LIGHT,NONE,,32.7,32.7,12:01:00,30.0,BASELINE_HISTORICAL_CALIBRATION,31.5,31.5
OBS_000634,12:01:30,18990.0,12017,ROUTE_NDLS_DDN_01,SYNTHETIC_SIMULATOR,OK,30.167881,78.078743,293.625,38.0,10.56,38.0,0.0,92.8,60,,567.27,SEC_HW_DDN,,HW,DDN,20.375,20.375,CRUISING,,,,,1.71,,,GREEN,LOW,False,0.5,False,EVT_003,JRN_NDLS_DDN_01_20260902_190156,0.2535,0.0,0.4541,0.4541,0.92,LIGHT,NONE,,32.2,32.2,12:01:30,30.0,BASELINE_HISTORICAL_CALIBRATION,31.0,31.0
OBS_000635,12:02:00,19020.0,12017,ROUTE_NDLS_DDN_01,SYNTHETIC_SIMULATOR,OK,30.170179,78.07802,293.942,38.0,10.56,38.0,0.0,92.8,60,,562.91,SEC_HW_DDN,,HW,DDN,20.058,20.058,CRUISING,,,,,1.87,,,GREEN,LOW,False,0.5,False,EVT_003,JRN_NDLS_DDN_01_20260902_190156,0.2535,0.0,0.4541,0.4541,0.92,LIGHT,NONE,,31.7,31.7,12:02:00,30.0,BASELINE_HISTORICAL_CALIBRATION,30.5,30.5
OBS_000636,12:02:30,19050.0,12017,ROUTE_NDLS_DDN_01,SYNTHETIC_SIMULATOR,OK,30.172476,78.077296,294.258,38.0,10.56,38.0,0.0,92.8,60,,558.52,SEC_HW_DDN,,HW,DDN,19.742,19.742,CRUISING,,,,,2.03,,,GREEN,LOW,False,0.5,False,EVT_003,JRN_NDLS_DDN_01_20260902_190156,0.2535,0.0,0.4541,0.4541,0.92,LIGHT,NONE,,31.2,31.2,12:02:30,30.0,BASELINE_HISTORICAL_CALIBRATION,30.0,30.0
OBS_000637,12:03:00,19080.0,12017,ROUTE_NDLS_DDN_01,SYNTHETIC_SIMULATOR,OK,30.174774,78.076573,294.575,38.0,10.56,38.0,0.0,92.8,60,,554.1,SEC_HW_DDN,,HW,DDN,19.425,19.425,CRUISING,,,,,2.19,,,GREEN,LOW,False,0.5,False,EVT_003,JRN_NDLS_DDN_01_20260902_190156,0.2535,0.0,0.4541,0.4541,0.92,LIGHT,NONE,,30.7,30.7,12:03:00,30.0,BASELINE_HISTORICAL_CALIBRATION,29.5,29.5
OBS_000638,12:03:30,19110.0,12017,ROUTE_NDLS_DDN_01,SYNTHETIC_SIMULATOR,OK,30.177071,78.075849,294.892,38.0,10.56,38.0,0.0,92.8,60,,549.63,SEC_HW_DDN,,HW,DDN,19.108,19.108,CRUISING,,,,,2.35,,,GREEN,LOW,False,0.5,False,EVT_003,JRN_NDLS_DDN_01_20260902_190156,0.2535,0.0,0.4541,0.4541,0.92,LIGHT,NONE,,30.2,30.2,12:03:30,30.0,BASELINE_HISTORICAL_CALIBRATION,29.0,29.0
OBS_000639,12:04:00,19140.0,12017,ROUTE_NDLS_DDN_01,SYNTHETIC_SIMULATOR,OK,30.179368,78.075126,295.208,38.0,10.56,38.0,0.0,92.8,60,,545.14,SEC_HW_DDN,,HW,DDN,18.792,18.792,CRUISING,,,,,2.51,,,GREEN,LOW,False,0.5,False,EVT_003,JRN_NDLS_DDN_01_20260902_190156,0.2535,0.0,0.4541,0.4541,0.92,LIGHT,NONE,,29.7,29.7,12:04:00,30.0,BASELINE_HISTORICAL_CALIBRATION,28.5,28.5
OBS_000640,12:04:30,19170.0,12017,ROUTE_NDLS_DDN_01,SYNTHETIC_SIMULATOR,OK,30.181666,78.074403,295.525,38.0,10.56,38.0,0.0,92.8,60,,540.6,SEC_HW_DDN,,HW,DDN,18.475,18.475,CRUISING,,,,,2.67,,,GREEN,LOW,False,0.5,False,EVT_003,JRN_NDLS_DDN_01_20260902_190156,0.2535,0.0,0.4541,0.4541,0.92,LIGHT,NONE,,29.2,29.2,12:04:30,30.0,BASELINE_HISTORICAL_CALIBRATION,28.0,28.0
OBS_000641,12:05:00,19200.0,12017,ROUTE_NDLS_DDN_01,SYNTHETIC_SIMULATOR,OK,30.183963,78.073679,295.842,38.0,10.56,38.0,0.0,92.8,60,,536.03,SEC_HW_DDN,,HW,DDN,18.158,18.158,CRUISING,,,,,2.83,,,GREEN,LOW,False,0.5,False,EVT_003,JRN_NDLS_DDN_01_20260902_190156,0.2535,0.0,0.4541,0.4541,0.92,LIGHT,NONE,,28.7,28.7,12:05:00,30.0,BASELINE_HISTORICAL_CALIBRATION,27.5,27.5
OBS_000642,12:05:30,19230.0,12017,ROUTE_NDLS_DDN_01,SYNTHETIC_SIMULATOR,OK,30.18626,78.072956,296.158,38.0,10.56,38.0,0.0,92.8,60,,531.41,SEC_HW_DDN,,HW,DDN,17.842,17.842,CRUISING,,,,,2.99,,,GREEN,LOW,False,0.5,False,EVT_003,JRN_NDLS_DDN_01_20260902_190156,0.2535,0.0,0.4541,0.4541,0.92,LIGHT,NONE,,28.2,28.2,12:05:30,30.0,BASELINE_HISTORICAL_CALIBRATION,27.0,27.0
OBS_000643,12:06:00,19260.0,12017,ROUTE_NDLS_DDN_01,SYNTHETIC_SIMULATOR,OK,30.188558,78.072233,296.475,38.0,10.56,38.0,0.0,92.8,60,,526.76,SEC_HW_DDN,,HW,DDN,17.525,17.525,CRUISING,,,,,3.15,,,GREEN,LOW,False,0.5,False,EVT_003,JRN_NDLS_DDN_01_20260902_190156,0.2535,0.0,0.4541,0.4541,0.92,LIGHT,NONE,,27.7,27.7,12:06:00,30.0,BASELINE_HISTORICAL_CALIBRATION,26.5,26.5
OBS_000644,12:06:30,19290.0,12017,ROUTE_NDLS_DDN_01,SYNTHETIC_SIMULATOR,OK,30.190855,78.071509,296.792,38.0,10.56,38.0,0.0,92.8,60,,522.06,SEC_HW_DDN,,HW,DDN,17.208,17.208,CRUISING,,,,,3.31,,,GREEN,LOW,False,0.5,False,EVT_003,JRN_NDLS_DDN_01_20260902_190156,0.2535,0.0,0.4541,0.4541,0.92,LIGHT,NONE,,27.2,27.2,12:06:30,30.0,BASELINE_HISTORICAL_CALIBRATION,26.0,26.0
OBS_000645,12:07:00,19320.0,12017,ROUTE_NDLS_DDN_01,SYNTHETIC_SIMULATOR,OK,30.193153,78.070786,297.108,38.0,10.56,38.0,0.0,92.8,60,,517.32,SEC_HW_DDN,,HW,DDN,16.892,16.892,CRUISING,,,,,3.47,,,GREEN,LOW,False,0.5,False,EVT_003,JRN_NDLS_DDN_01_20260902_190156,0.2535,0.0,0.4541,0.4541,0.92,LIGHT,NONE,,26.7,26.7,12:07:00,30.0,BASELINE_HISTORICAL_CALIBRATION,25.5,25.5
OBS_000646,12:07:30,19350.0,12017,ROUTE_NDLS_DDN_01,SYNTHETIC_SIMULATOR,OK,30.19545,78.070063,297.425,38.0,10.56,38.0,0.0,92.8,60,,512.54,SEC_HW_DDN,,HW,DDN,16.575,16.575,CRUISING,,,,,3.63,,,GREEN,LOW,False,0.5,False,EVT_003,JRN_NDLS_DDN_01_20260902_190156,0.2535,0.0,0.4541,0.4541,0.92,LIGHT,NONE,,26.2,26.2,12:07:30,30.0,BASELINE_HISTORICAL_CALIBRATION,25.0,25.0
OBS_000647,12:08:00,19380.0,12017,ROUTE_NDLS_DDN_01,SYNTHETIC_SIMULATOR,OK,30.197747,78.069339,297.742,38.0,10.56,38.0,0.0,92.8,60,,507.71,SEC_HW_DDN,,HW,DDN,16.258,16.258,CRUISING,,,,,3.79,,,GREEN,LOW,False,0.5,False,EVT_003,JRN_NDLS_DDN_01_20260902_190156,0.2535,0.0,0.4541,0.4541,0.92,LIGHT,NONE,,25.7,25.7,12:08:00,30.0,BASELINE_HISTORICAL_CALIBRATION,24.5,24.5
OBS_000648,12:08:30,19410.0,12017,ROUTE_NDLS_DDN_01,SYNTHETIC_SIMULATOR,OK,30.200045,78.068616,298.058,38.0,10.56,38.0,0.0,92.8,60,,502.84,SEC_HW_DDN,,HW,DDN,15.942,15.942,CRUISING,,,,,3.95,,,GREEN,LOW,False,0.5,False,EVT_003,JRN_NDLS_DDN_01_20260902_190156,0.2535,0.0,0.4541,0.4541,0.92,LIGHT,NONE,,25.2,25.2,12:08:30,30.0,BASELINE_HISTORICAL_CALIBRATION,24.0,24.0
OBS_000649,12:09:00,19440.0,12017,ROUTE_NDLS_DDN_01,SYNTHETIC_SIMULATOR,OK,30.202342,78.067892,298.375,38.0,10.56,38.0,0.0,92.8,60,,497.92,SEC_HW_DDN,,HW,DDN,15.625,15.625,CRUISING,,,,,4.11,,,GREEN,LOW,False,0.5,False,EVT_003,JRN_NDLS_DDN_01_20260902_190156,0.2535,0.0,0.4541,0.4541,0.92,LIGHT,NONE,,24.7,24.7,12:09:00,30.0,BASELINE_HISTORICAL_CALIBRATION,23.5,23.5
OBS_000650,12:09:30,19470.0,12017,ROUTE_NDLS_DDN_01,SYNTHETIC_SIMULATOR,OK,30.20464,78.067169,298.692,38.0,10.56,38.0,0.0,92.8,60,,492.95,SEC_HW_DDN,,HW,DDN,15.308,15.308,CRUISING,,,,,4.27,,,GREEN,LOW,False,0.5,False,EVT_003,JRN_NDLS_DDN_01_20260902_190156,0.2535,0.0,0.4541,0.4541,0.92,LIGHT,NONE,,24.2,24.2,12:09:30,30.0,BASELINE_HISTORICAL_CALIBRATION,23.0,23.0
OBS_000651,12:10:00,19500.0,12017,ROUTE_NDLS_DDN_01,SYNTHETIC_SIMULATOR,OK,30.206937,78.066446,299.008,38.0,10.56,38.0,0.0,92.8,60,,487.93,SEC_HW_DDN,,HW,DDN,14.992,14.992,CRUISING,,,,,4.43,,,GREEN,LOW,False,0.5,False,EVT_003,JRN_NDLS_DDN_01_20260902_190156,0.2535,0.0,0.4541,0.4541,0.92,LIGHT,NONE,,23.7,23.7,12:10:00,30.0,BASELINE_HISTORICAL_CALIBRATION,22.5,22.5
OBS_000652,12:10:30,19530.0,12017,ROUTE_NDLS_DDN_01,SYNTHETIC_SIMULATOR,OK,30.209234,78.065722,299.325,38.0,10.56,38.0,0.0,92.8,60,,482.86,SEC_HW_DDN,,HW,DDN,14.675,14.675,CRUISING,,,,,4.59,,,GREEN,LOW,False,0.5,False,EVT_003,JRN_NDLS_DDN_01_20260902_190156,0.2535,0.0,0.4541,0.4541,0.92,LIGHT,NONE,,23.2,23.2,12:10:30,30.0,BASELINE_HISTORICAL_CALIBRATION,22.0,22.0
OBS_000653,12:11:00,19560.0,12017,ROUTE_NDLS_DDN_01,SYNTHETIC_SIMULATOR,OK,30.211532,78.064999,299.642,38.0,10.56,38.0,0.0,92.8,60,,477.73,SEC_HW_DDN,,HW,DDN,14.358,14.358,CRUISING,,,,,4.75,,,GREEN,LOW,False,0.5,False,EVT_003,JRN_NDLS_DDN_01_20260902_190156,0.2535,0.0,0.4541,0.4541,0.92,LIGHT,NONE,,22.7,22.7,12:11:00,30.0,BASELINE_HISTORICAL_CALIBRATION,21.5,21.5
OBS_000654,12:11:30,19590.0,12017,ROUTE_NDLS_DDN_01,SYNTHETIC_SIMULATOR,OK,30.213829,78.064276,299.958,38.0,10.56,38.0,0.0,92.8,60,,472.55,SEC_HW_DDN,,HW,DDN,14.042,14.042,CRUISING,,,,,4.91,,,GREEN,LOW,False,0.5,False,EVT_003,JRN_NDLS_DDN_01_20260902_190156,0.2535,0.0,0.4541,0.4541,0.92,LIGHT,NONE,,22.2,22.2,12:11:30,30.0,BASELINE_HISTORICAL_CALIBRATION,21.0,21.0
OBS_000655,12:12:00,19620.0,12017,ROUTE_NDLS_DDN_01,SYNTHETIC_SIMULATOR,OK,30.216126,78.063552,300.275,38.0,10.56,38.0,0.0,92.8,60,,467.31,SEC_HW_DDN,,HW,DDN,13.725,13.725,CRUISING,,,,,5.07,,,GREEN,LOW,False,0.5,False,EVT_003,JRN_NDLS_DDN_01_20260902_190156,0.2535,0.0,0.4541,0.4541,0.92,LIGHT,NONE,,21.7,21.7,12:12:00,30.0,BASELINE_HISTORICAL_CALIBRATION,20.5,20.5
OBS_000656,12:12:30,19650.0,12017,ROUTE_NDLS_DDN_01,SYNTHETIC_SIMULATOR,OK,30.218424,78.062829,300.592,38.0,10.56,38.0,0.0,92.8,60,,462.01,SEC_HW_DDN,,HW,DDN,13.408,13.408,CRUISING,,,,,5.23,,,GREEN,LOW,False,0.5,False,EVT_003,JRN_NDLS_DDN_01_20260902_190156,0.2535,0.0,0.4541,0.4541,0.92,LIGHT,NONE,,21.2,21.2,12:12:30,30.0,BASELINE_HISTORICAL_CALIBRATION,20.0,20.0
OBS_000657,12:13:00,19680.0,12017,ROUTE_NDLS_DDN_01,SYNTHETIC_SIMULATOR,OK,30.220721,78.062105,300.908,38.0,10.56,38.0,0.0,92.8,60,,456.65,SEC_HW_DDN,,HW,DDN,13.092,13.092,CRUISING,,,,,5.39,,,GREEN,LOW,False,0.5,False,EVT_003,JRN_NDLS_DDN_01_20260902_190156,0.2535,0.0,0.4541,0.4541,0.92,LIGHT,NONE,,20.7,20.7,12:13:00,30.0,BASELINE_HISTORICAL_CALIBRATION,19.5,19.5
OBS_000658,12:13:30,19710.0,12017,ROUTE_NDLS_DDN_01,SYNTHETIC_SIMULATOR,OK,30.223019,78.061382,301.225,38.0,10.56,38.0,0.0,92.8,60,,451.22,SEC_HW_DDN,,HW,DDN,12.775,12.775,CRUISING,,,,,5.55,,,GREEN,LOW,False,0.5,False,EVT_003,JRN_NDLS_DDN_01_20260902_190156,0.2535,0.0,0.4541,0.4541,0.92,LIGHT,NONE,,20.2,20.2,12:13:30,30.0,BASELINE_HISTORICAL_CALIBRATION,19.0,19.0
OBS_000659,12:14:00,19740.0,12017,ROUTE_NDLS_DDN_01,SYNTHETIC_SIMULATOR,OK,30.225316,78.060659,301.542,38.0,10.56,38.0,0.0,92.8,60,,445.73,SEC_HW_DDN,,HW,DDN,12.458,12.458,CRUISING,,,,,5.71,,,GREEN,LOW,False,0.5,False,EVT_003,JRN_NDLS_DDN_01_20260902_190156,0.2535,0.0,0.4541,0.4541,0.92,LIGHT,NONE,,19.7,19.7,12:14:00,30.0,BASELINE_HISTORICAL_CALIBRATION,18.5,18.5
OBS_000660,12:14:30,19770.0,12017,ROUTE_NDLS_DDN_01,SYNTHETIC_SIMULATOR,OK,30.227613,78.059935,301.858,38.0,10.56,38.0,0.0,92.8,60,,440.17,SEC_HW_DDN,,HW,DDN,12.142,12.142,CRUISING,,,,,5.87,,,GREEN,LOW,False,0.5,False,EVT_003,JRN_NDLS_DDN_01_20260902_190156,0.2535,0.0,0.4541,0.4541,0.92,LIGHT,NONE,,19.2,19.2,12:14:30,30.0,BASELINE_HISTORICAL_CALIBRATION,18.0,18.0
OBS_000661,12:15:00,19800.0,12017,ROUTE_NDLS_DDN_01,SYNTHETIC_SIMULATOR,OK,30.229911,78.059212,302.175,38.0,10.56,38.0,0.0,92.8,60,,434.54,SEC_HW_DDN,,HW,DDN,11.825,11.825,CRUISING,,,,,6.03,,,GREEN,LOW,False,0.5,False,EVT_003,JRN_NDLS_DDN_01_20260902_190156,0.2535,0.0,0.4541,0.4541,0.92,LIGHT,NONE,,18.7,18.7,12:15:00,30.0,BASELINE_HISTORICAL_CALIBRATION,17.5,17.5
OBS_000662,12:15:30,19830.0,12017,ROUTE_NDLS_DDN_01,SYNTHETIC_SIMULATOR,OK,30.232208,78.058489,302.492,38.0,10.56,38.0,0.0,92.8,60,,428.84,SEC_HW_DDN,,HW,DDN,11.508,11.508,CRUISING,,,,,6.19,,,GREEN,LOW,False,0.5,False,EVT_003,JRN_NDLS_DDN_01_20260902_190156,0.2535,0.0,0.4541,0.4541,0.92,LIGHT,NONE,,18.2,18.2,12:15:30,30.0,BASELINE_HISTORICAL_CALIBRATION,17.0,17.0
OBS_000663,12:16:00,19860.0,12017,ROUTE_NDLS_DDN_01,SYNTHETIC_SIMULATOR,OK,30.234506,78.057765,302.808,38.0,10.56,38.0,0.0,92.8,60,,423.06,SEC_HW_DDN,,HW,DDN,11.192,11.192,CRUISING,,,,,6.35,,,GREEN,LOW,False,0.5,False,EVT_003,JRN_NDLS_DDN_01_20260902_190156,0.2535,0.0,0.4541,0.4541,0.92,LIGHT,NONE,,17.7,17.7,12:16:00,30.0,BASELINE_HISTORICAL_CALIBRATION,16.5,16.5
OBS_000664,12:16:30,19890.0,12017,ROUTE_NDLS_DDN_01,SYNTHETIC_SIMULATOR,OK,30.236803,78.057042,303.125,38.0,10.56,38.0,0.0,92.8,60,,417.2,SEC_HW_DDN,,HW,DDN,10.875,10.875,CRUISING,,,,,6.51,,,GREEN,LOW,False,0.5,False,EVT_003,JRN_NDLS_DDN_01_20260902_190156,0.2535,0.0,0.4541,0.4541,0.92,LIGHT,NONE,,17.2,17.2,12:16:30,30.0,BASELINE_HISTORICAL_CALIBRATION,16.0,16.0
OBS_000665,12:17:00,19920.0,12017,ROUTE_NDLS_DDN_01,SYNTHETIC_SIMULATOR,OK,30.2391,78.056319,303.442,38.0,10.56,38.0,0.0,92.8,60,,411.25,SEC_HW_DDN,,HW,DDN,10.558,10.558,CRUISING,,,,,6.67,,,GREEN,LOW,False,0.5,False,EVT_003,JRN_NDLS_DDN_01_20260902_190156,0.2535,0.0,0.4541,0.4541,0.92,LIGHT,NONE,,16.7,16.7,12:17:00,30.0,BASELINE_HISTORICAL_CALIBRATION,15.5,15.5
OBS_000666,12:17:30,19950.0,12017,ROUTE_NDLS_DDN_01,SYNTHETIC_SIMULATOR,OK,30.241398,78.055595,303.758,38.0,10.56,38.0,0.0,92.8,60,,405.22,SEC_HW_DDN,,HW,DDN,10.242,10.242,CRUISING,,,,,6.83,,,GREEN,LOW,False,0.5,False,EVT_003,JRN_NDLS_DDN_01_20260902_190156,0.2535,0.0,0.4541,0.4541,0.92,LIGHT,NONE,,16.2,16.2,12:17:30,30.0,BASELINE_HISTORICAL_CALIBRATION,15.0,15.0
OBS_000667,12:18:00,19980.0,12017,ROUTE_NDLS_DDN_01,SYNTHETIC_SIMULATOR,OK,30.243695,78.054872,304.075,38.0,10.56,38.0,0.0,92.8,60,,399.1,SEC_HW_DDN,,HW,DDN,9.925,9.925,CRUISING,,,,,6.99,,,GREEN,LOW,False,0.5,False,EVT_003,JRN_NDLS_DDN_01_20260902_190156,0.2535,0.0,0.4541,0.4541,0.92,LIGHT,NONE,,15.7,15.7,12:18:00,30.0,BASELINE_HISTORICAL_CALIBRATION,14.5,14.5
OBS_000668,12:18:30,20010.0,12017,ROUTE_NDLS_DDN_01,SYNTHETIC_SIMULATOR,OK,30.245992,78.054148,304.392,38.0,10.56,38.0,0.0,92.8,60,,392.88,SEC_HW_DDN,,HW,DDN,9.608,9.608,CRUISING,,,,,7.15,,,GREEN,LOW,False,0.5,False,EVT_003,JRN_NDLS_DDN_01_20260902_190156,0.2535,0.0,0.4541,0.4541,0.92,LIGHT,NONE,,15.2,15.2,12:18:30,30.0,BASELINE_HISTORICAL_CALIBRATION,14.0,14.0
OBS_000669,12:19:00,20040.0,12017,ROUTE_NDLS_DDN_01,SYNTHETIC_SIMULATOR,OK,30.24829,78.053425,304.708,38.0,10.56,38.0,0.0,92.8,60,,386.56,SEC_HW_DDN,,HW,DDN,9.292,9.292,CRUISING,,,,,7.31,,,GREEN,LOW,False,0.5,False,EVT_003,JRN_NDLS_DDN_01_20260902_190156,0.2535,0.0,0.4541,0.4541,0.92,LIGHT,NONE,,14.7,14.7,12:19:00,30.0,BASELINE_HISTORICAL_CALIBRATION,13.5,13.5
OBS_000670,12:19:30,20070.0,12017,ROUTE_NDLS_DDN_01,SYNTHETIC_SIMULATOR,OK,30.250587,78.052702,305.025,38.0,10.56,38.0,0.0,92.8,60,,380.14,SEC_HW_DDN,,HW,DDN,8.975,8.975,CRUISING,,,,,7.47,,,GREEN,LOW,False,0.5,False,EVT_003,JRN_NDLS_DDN_01_20260902_190156,0.2535,0.0,0.4541,0.4541,0.92,LIGHT,NONE,,14.2,14.2,12:19:30,30.0,BASELINE_HISTORICAL_CALIBRATION,13.0,13.0
OBS_000671,12:20:00,20100.0,12017,ROUTE_NDLS_DDN_01,SYNTHETIC_SIMULATOR,OK,30.252885,78.051978,305.342,38.0,10.56,38.0,0.0,92.8,60,,373.6,SEC_HW_DDN,,HW,DDN,8.658,8.658,CRUISING,,,,,7.63,,,GREEN,LOW,False,0.5,False,EVT_003,JRN_NDLS_DDN_01_20260902_190156,0.2535,0.0,0.4541,0.4541,0.92,LIGHT,NONE,,13.7,13.7,12:20:00,30.0,BASELINE_HISTORICAL_CALIBRATION,12.5,12.5
OBS_000672,12:20:30,20130.0,12017,ROUTE_NDLS_DDN_01,SYNTHETIC_SIMULATOR,OK,30.255182,78.051255,305.658,38.0,10.56,38.0,0.0,92.8,60,,366.95,SEC_HW_DDN,,HW,DDN,8.342,8.342,CRUISING,,,,,7.79,,,GREEN,LOW,False,0.5,False,EVT_003,JRN_NDLS_DDN_01_20260902_190156,0.2535,0.0,0.4541,0.4541,0.92,LIGHT,NONE,,13.2,13.2,12:20:30,30.0,BASELINE_HISTORICAL_CALIBRATION,12.0,12.0
OBS_000673,12:21:00,20160.0,12017,ROUTE_NDLS_DDN_01,SYNTHETIC_SIMULATOR,OK,30.257479,78.050532,305.975,38.0,10.56,38.0,0.0,92.8,60,,360.18,SEC_HW_DDN,,HW,DDN,8.025,8.025,CRUISING,,,,,7.95,,,GREEN,LOW,False,0.5,False,EVT_003,JRN_NDLS_DDN_01_20260902_190156,0.2535,0.0,0.4541,0.4541,0.92,LIGHT,NONE,,12.7,12.7,12:21:00,30.0,BASELINE_HISTORICAL_CALIBRATION,11.5,11.5
OBS_000674,12:21:30,20190.0,12017,ROUTE_NDLS_DDN_01,SYNTHETIC_SIMULATOR,OK,30.259777,78.049808,306.292,38.0,10.56,38.0,0.0,92.8,60,,353.28,SEC_HW_DDN,,HW,DDN,7.708,7.708,CRUISING,,,,,8.11,,,GREEN,LOW,False,0.5,False,EVT_003,JRN_NDLS_DDN_01_20260902_190156,0.2535,0.0,0.4541,0.4541,0.92,LIGHT,NONE,,12.2,12.2,12:21:30,30.0,BASELINE_HISTORICAL_CALIBRATION,11.0,11.0
OBS_000675,12:22:00,20220.0,12017,ROUTE_NDLS_DDN_01,SYNTHETIC_SIMULATOR,OK,30.262074,78.049085,306.608,38.0,10.56,38.0,0.0,92.8,60,,346.24,SEC_HW_DDN,,HW,DDN,7.392,7.392,CRUISING,,,,,8.27,,,GREEN,LOW,False,0.5,False,EVT_003,JRN_NDLS_DDN_01_20260902_190156,0.2535,0.0,0.4541,0.4541,0.92,LIGHT,NONE,,11.7,11.7,12:22:00,30.0,BASELINE_HISTORICAL_CALIBRATION,10.5,10.5
OBS_000676,12:22:30,20250.0,12017,ROUTE_NDLS_DDN_01,SYNTHETIC_SIMULATOR,OK,30.264372,78.048362,306.925,38.0,10.56,38.0,0.0,92.8,60,,339.05,SEC_HW_DDN,,HW,DDN,7.075,7.075,CRUISING,,,,,8.43,,,GREEN,LOW,False,0.5,False,EVT_003,JRN_NDLS_DDN_01_20260902_190156,0.2535,0.0,0.4541,0.4541,0.92,LIGHT,NONE,,11.2,11.2,12:22:30,30.0,BASELINE_HISTORICAL_CALIBRATION,10.0,10.0
OBS_000677,12:23:00,20280.0,12017,ROUTE_NDLS_DDN_01,SYNTHETIC_SIMULATOR,OK,30.266669,78.047638,307.242,38.0,10.56,38.0,0.0,92.8,60,,331.71,SEC_HW_DDN,,HW,DDN,6.758,6.758,CRUISING,,,,,8.59,,,GREEN,LOW,False,0.5,False,EVT_003,JRN_NDLS_DDN_01_20260902_190156,0.2535,0.0,0.4541,0.4541,0.92,LIGHT,NONE,,10.7,10.7,12:23:00,30.0,BASELINE_HISTORICAL_CALIBRATION,9.5,9.5
OBS_000678,12:23:30,20310.0,12017,ROUTE_NDLS_DDN_01,SYNTHETIC_SIMULATOR,OK,30.268966,78.046915,307.558,38.0,10.56,38.0,0.0,92.8,60,,324.2,SEC_HW_DDN,,HW,DDN,6.442,6.442,CRUISING,,,,,8.75,,,GREEN,LOW,False,0.5,False,EVT_003,JRN_NDLS_DDN_01_20260902_190156,0.2535,0.0,0.4541,0.4541,0.92,LIGHT,NONE,,10.2,10.2,12:23:30,30.0,BASELINE_HISTORICAL_CALIBRATION,9.0,9.0
OBS_000679,12:24:00,20340.0,12017,ROUTE_NDLS_DDN_01,SYNTHETIC_SIMULATOR,OK,30.271264,78.046191,307.875,38.0,10.56,38.0,0.0,92.8,60,,316.51,SEC_HW_DDN,,HW,DDN,6.125,6.125,CRUISING,,,,,8.91,,,GREEN,LOW,False,0.5,False,EVT_003,JRN_NDLS_DDN_01_20260902_190156,0.2535,0.0,0.4541,0.4541,0.92,LIGHT,NONE,,9.7,9.7,12:24:00,30.0,BASELINE_HISTORICAL_CALIBRATION,8.5,8.5
OBS_000680,12:24:30,20370.0,12017,ROUTE_NDLS_DDN_01,SYNTHETIC_SIMULATOR,OK,30.273561,78.045468,308.192,38.0,10.56,38.0,0.0,92.8,60,,308.64,SEC_HW_DDN,,HW,DDN,5.808,5.808,CRUISING,,,,,9.07,,,GREEN,LOW,False,0.5,False,EVT_003,JRN_NDLS_DDN_01_20260902_190156,0.2535,0.0,0.4541,0.4541,0.92,LIGHT,NONE,,9.2,9.2,12:24:30,30.0,BASELINE_HISTORICAL_CALIBRATION,8.0,8.0
OBS_000681,12:25:00,20400.0,12017,ROUTE_NDLS_DDN_01,SYNTHETIC_SIMULATOR,OK,30.275858,78.044745,308.508,38.0,10.56,38.0,0.0,92.8,60,,300.55,SEC_HW_DDN,,HW,DDN,5.492,5.492,CRUISING,,,,,9.23,,,GREEN,LOW,False,0.5,False,EVT_003,JRN_NDLS_DDN_01_20260902_190156,0.2535,0.0,0.4541,0.4541,0.92,LIGHT,NONE,,8.7,8.7,12:25:00,30.0,BASELINE_HISTORICAL_CALIBRATION,7.5,7.5
OBS_000682,12:25:30,20430.0,12017,ROUTE_NDLS_DDN_01,SYNTHETIC_SIMULATOR,OK,30.278156,78.044021,308.825,38.0,10.56,38.0,0.0,92.8,60,,292.24,SEC_HW_DDN,,HW,DDN,5.175,5.175,CRUISING,,,,,9.39,,,GREEN,LOW,False,0.5,False,EVT_003,JRN_NDLS_DDN_01_20260902_190156,0.2535,0.0,0.4541,0.4541,0.92,LIGHT,NONE,,8.2,8.2,12:25:30,30.0,BASELINE_HISTORICAL_CALIBRATION,7.0,7.0
OBS_000683,12:26:00,20460.0,12017,ROUTE_NDLS_DDN_01,SYNTHETIC_SIMULATOR,OK,30.280453,78.043298,309.142,38.0,10.56,38.0,0.0,92.8,60,,283.69,SEC_HW_DDN,,HW,DDN,4.858,4.858,CRUISING,,,,,9.55,,,GREEN,LOW,False,0.5,False,EVT_003,JRN_NDLS_DDN_01_20260902_190156,0.2535,0.0,0.4541,0.4541,0.92,LIGHT,NONE,,7.7,7.7,12:26:00,30.0,BASELINE_HISTORICAL_CALIBRATION,6.5,6.5
OBS_000684,12:26:30,20490.0,12017,ROUTE_NDLS_DDN_01,SYNTHETIC_SIMULATOR,OK,30.282751,78.042575,309.458,38.0,10.56,38.0,0.0,92.8,60,,274.88,SEC_HW_DDN,,HW,DDN,4.542,4.542,CRUISING,,,,,9.71,,,GREEN,LOW,False,0.5,False,EVT_003,JRN_NDLS_DDN_01_20260902_190156,0.2535,0.0,0.4541,0.4541,0.92,LIGHT,NONE,,7.2,7.2,12:26:30,30.0,BASELINE_HISTORICAL_CALIBRATION,6.0,6.0
OBS_000685,12:27:00,20520.0,12017,ROUTE_NDLS_DDN_01,SYNTHETIC_SIMULATOR,OK,30.285048,78.041851,309.775,38.0,10.56,38.0,0.0,92.8,60,,265.77,SEC_HW_DDN,,HW,DDN,4.225,4.225,CRUISING,,,,,9.87,,,GREEN,LOW,False,0.5,False,EVT_003,JRN_NDLS_DDN_01_20260902_190156,0.2535,0.0,0.4541,0.4541,0.92,LIGHT,NONE,,6.7,6.7,12:27:00,30.0,BASELINE_HISTORICAL_CALIBRATION,5.5,5.5
OBS_000686,12:27:30,20550.0,12017,ROUTE_NDLS_DDN_01,SYNTHETIC_SIMULATOR,OK,30.287345,78.041128,310.092,38.0,10.56,38.0,0.0,92.8,60,,256.33,SEC_HW_DDN,,HW,DDN,3.908,3.908,CRUISING,,,,,10.03,,,GREEN,LOW,False,0.5,False,EVT_003,JRN_NDLS_DDN_01_20260902_190156,0.2535,0.0,0.4541,0.4541,0.92,LIGHT,NONE,,6.2,6.2,12:27:30,30.0,BASELINE_HISTORICAL_CALIBRATION,5.0,5.0
OBS_000687,12:28:00,20580.0,12017,ROUTE_NDLS_DDN_01,SYNTHETIC_SIMULATOR,OK,30.289643,78.040404,310.408,38.0,10.56,38.0,0.0,92.8,60,,246.54,SEC_HW_DDN,,HW,DDN,3.592,3.592,CRUISING,,,,,10.19,,,GREEN,LOW,False,0.5,False,EVT_003,JRN_NDLS_DDN_01_20260902_190156,0.2535,0.0,0.4541,0.4541,0.92,LIGHT,NONE,,5.7,5.7,12:28:00,30.0,BASELINE_HISTORICAL_CALIBRATION,4.5,4.5
OBS_000688,12:28:30,20610.0,12017,ROUTE_NDLS_DDN_01,SYNTHETIC_SIMULATOR,OK,30.29194,78.039681,310.725,38.0,10.56,38.0,0.0,92.8,60,,236.34,SEC_HW_DDN,,HW,DDN,3.275,3.275,CRUISING,,,,,10.35,,,GREEN,LOW,False,0.5,False,EVT_003,JRN_NDLS_DDN_01_20260902_190156,0.2535,0.0,0.4541,0.4541,0.92,LIGHT,NONE,,5.2,5.2,12:28:30,30.0,BASELINE_HISTORICAL_CALIBRATION,4.0,4.0
OBS_000689,12:29:00,20640.0,12017,ROUTE_NDLS_DDN_01,SYNTHETIC_SIMULATOR,OK,30.294238,78.038958,311.042,38.0,10.56,38.0,0.0,92.8,60,,225.68,SEC_HW_DDN,,HW,DDN,2.958,2.958,CRUISING,,,,,10.51,,,GREEN,LOW,False,0.5,False,EVT_003,JRN_NDLS_DDN_01_20260902_190156,0.2535,0.0,0.4541,0.4541,0.92,LIGHT,NONE,,4.7,4.7,12:29:00,30.0,BASELINE_HISTORICAL_CALIBRATION,3.5,3.5
OBS_000690,12:29:30,20670.0,12017,ROUTE_NDLS_DDN_01,SYNTHETIC_SIMULATOR,OK,30.296535,78.038234,311.358,38.0,10.56,38.0,0.0,92.8,60,,214.49,SEC_HW_DDN,,HW,DDN,2.642,2.642,CRUISING,,,,,10.68,,,GREEN,LOW,False,0.5,False,EVT_003,JRN_NDLS_DDN_01_20260902_190156,0.2535,0.0,0.4541,0.4541,0.92,LIGHT,NONE,,4.2,4.2,12:29:30,30.0,BASELINE_HISTORICAL_CALIBRATION,3.0,3.0
OBS_000691,12:30:00,20700.0,12017,ROUTE_NDLS_DDN_01,SYNTHETIC_SIMULATOR,OK,30.298832,78.037511,311.675,38.0,10.56,38.0,0.0,92.8,60,,202.69,SEC_HW_DDN,,HW,DDN,2.325,2.325,CRUISING,,,,,10.84,,,GREEN,LOW,False,0.5,False,EVT_003,JRN_NDLS_DDN_01_20260902_190156,0.2535,0.0,0.4541,0.4541,0.92,LIGHT,NONE,,3.7,3.7,12:30:00,30.0,BASELINE_HISTORICAL_CALIBRATION,2.5,2.5
OBS_000692,12:30:30,20730.0,12017,ROUTE_NDLS_DDN_01,SYNTHETIC_SIMULATOR,OK,30.303911,78.035912,312.375,57.0,15.83,57.0,0.5,208.9,60,,190.15,SEC_HW_DDN,,HW,DDN,1.625,1.625,ACCELERATING,,,,,11.0,,,GREEN,LOW,False,,False,,JRN_NDLS_DDN_01_20260902_190156,0.2535,0.0,0.4541,0.4541,0.92,LIGHT,NONE,,1.7,1.7,12:30:30,30.0,BASELINE_HISTORICAL_CALIBRATION,2.0,2.0
OBS_000693,12:31:00,20760.0,12017,ROUTE_NDLS_DDN_01,SYNTHETIC_SIMULATOR,OK,30.307357,78.034827,312.85,57.0,15.83,57.0,0.0,208.9,60,,158.97,SEC_HW_DDN,,HW,DDN,1.15,1.15,CRUISING,,,,,10.74,,,GREEN,LOW,False,,False,,JRN_NDLS_DDN_01_20260902_190156,0.2535,0.0,0.4541,0.4541,0.92,LIGHT,NONE,,1.2,1.2,12:31:00,30.0,BASELINE_HISTORICAL_CALIBRATION,1.5,1.5
OBS_000694,12:31:30,20790.0,12017,ROUTE_NDLS_DDN_01,SYNTHETIC_SIMULATOR,OK,30.310803,78.033742,313.325,57.0,15.83,57.0,0.0,208.9,60,,133.73,SEC_HW_DDN,,HW,DDN,0.675,0.675,CRUISING,,,,,10.73,,,GREEN,LOW,False,,False,,JRN_NDLS_DDN_01_20260902_190156,0.2535,0.0,0.4541,0.4541,0.92,LIGHT,NONE,,0.7,0.7,12:31:30,30.0,BASELINE_HISTORICAL_CALIBRATION,1.0,1.0
OBS_000695,12:32:00,20820.0,12017,ROUTE_NDLS_DDN_01,SYNTHETIC_SIMULATOR,OK,30.314249,78.032657,313.8,57.0,15.83,57.0,0.0,208.9,60,,102.46,SEC_HW_DDN,,HW,DDN,0.2,0.2,CRUISING,,,,,10.72,,,GREEN,LOW,False,,False,,JRN_NDLS_DDN_01_20260902_190156,0.2535,0.0,0.4541,0.4541,0.92,LIGHT,NONE,,0.2,0.2,12:32:00,30.0,BASELINE_HISTORICAL_CALIBRATION,0.5,0.5
OBS_000696,12:32:30,20850.0,12017,ROUTE_NDLS_DDN_01,SYNTHETIC_SIMULATOR,OK,30.3157,78.0322,314.0,0.0,0.0,55.77,0.0,0.0,60,,55.77,SEC_HW_DDN,DDN,DDN,,0.0,0.0,COMPLETED,ARRIVED,12:32:30,,,10.71,,,GREEN,LOW,False,,False,,JRN_NDLS_DDN_01_20260902_190156,0.2535,0.0,0.4541,0.4541,0.92,LIGHT,NONE,,0.0,0.0,12:32:30,30.0,BASELINE_HISTORICAL_CALIBRATION,0.0,0.0
