observation_id,timestamp,simulation_time_sec,train_id,route_id,data_source,data_quality_status,latitude,longitude,current_position_km,current_speed_kmph,current_speed_mps,target_speed_kmph,current_acceleration_mps2,braking_distance_m,section_speed_limit_kmph,restriction_speed_kmph,approach_speed_kmph,current_section_id,current_station_id,previous_station_id,next_station_id,distance_to_next_station_km,distance_to_destination_km,movement_state,station_event,actual_arrival_time,actual_departure_time,actual_dwell_min,current_delay_min,arrival_delay_min,departure_delay_min,signal_state,congestion_level,fog_active,fog_visibility_km,unscheduled_halt,active_event_ids,journey_id,predicted_congestion_probability,predicted_fog_risk,predicted_delay_risk,predicted_operational_risk,prediction_confidence,predicted_speed_impact,active_predicted_restriction,predicted_restriction_speed_kmph,eta_to_next_station_min,eta_to_destination_min,prediction_timestamp,prediction_horizon_min,prediction_source,target_eta_to_destination_min,target_eta_to_next_station_min
OBS_000001,06:10:00,0.0,12004,ROUTE_NDLS_LKO_01,SYNTHETIC_SIMULATOR,OK,28.6431,77.2197,0.542,38.0,10.56,38.0,0.5,92.8,110.0,40.0,623.54,SEC_NDLS_GZB,NDLS,NDLS,GZB,24.458,511.458,ACCELERATING,DEPARTED,,06:10:00,,0.0,,,GREEN,LOW,True,,False,,JRN_NDLS_LKO_01_20260902_184646,0.2397,1.0,1.0,0.4541,1.0,MEDIUM,Predicted Fog Visibility Risk (Speed cap 40.0 km/h),40.0,38.6,807.6,06:10:00,30.0,BASELINE_HISTORICAL_CALIBRATION,428.5,39.5
OBS_000002,06:10:30,30.0,12004,ROUTE_NDLS_LKO_01,SYNTHETIC_SIMULATOR,OK,28.643951,77.227188,0.858,38.0,10.56,38.0,0.0,92.8,110.0,40.0,616.75,SEC_NDLS_GZB,,NDLS,GZB,24.142,511.142,CRUISING,,,,,0.09,,,GREEN,LOW,True,,False,,JRN_NDLS_LKO_01_20260902_184646,0.2397,1.0,1.0,0.4541,1.0,MEDIUM,Predicted Fog Visibility Risk (Speed cap 40.0 km/h),40.0,38.1,807.1,06:10:30,30.0,BASELINE_HISTORICAL_CALIBRATION,428.0,39.0
OBS_000003,06:11:00,60.0,12004,ROUTE_NDLS_LKO_01,SYNTHETIC_SIMULATOR,OK,28.644266,77.229951,1.175,38.0,10.56,38.0,0.0,92.8,110.0,40.0,612.74,SEC_NDLS_GZB,,NDLS,GZB,23.825,510.825,CRUISING,,,,,0.35,,,GREEN,LOW,True,,False,,JRN_NDLS_LKO_01_20260902_184646,0.2397,1.0,1.0,0.4541,1.0,MEDIUM,Predicted Fog Visibility Risk (Speed cap 40.0 km/h),40.0,37.6,806.6,06:11:00,30.0,BASELINE_HISTORICAL_CALIBRATION,427.5,38.5
OBS_000004,06:11:30,90.0,12004,ROUTE_NDLS_LKO_01,SYNTHETIC_SIMULATOR,OK,28.64458,77.232713,1.492,38.0,10.56,38.0,0.0,92.8,110.0,40.0,608.71,SEC_NDLS_GZB,,NDLS,GZB,23.508,510.508,CRUISING,,,,,0.6,,,GREEN,LOW,True,,False,,JRN_NDLS_LKO_01_20260902_184646,0.2397,1.0,1.0,0.4541,1.0,MEDIUM,Predicted Fog Visibility Risk (Speed cap 40.0 km/h),40.0,37.1,806.1,06:11:30,30.0,BASELINE_HISTORICAL_CALIBRATION,427.0,38.0
OBS_000005,06:12:00,120.0,12004,ROUTE_NDLS_LKO_01,SYNTHETIC_SIMULATOR,OK,28.644894,77.235476,1.808,38.0,10.56,38.0,0.0,92.8,110.0,40.0,604.65,SEC_NDLS_GZB,,NDLS,GZB,23.192,510.192,CRUISING,,,,,0.86,,,GREEN,LOW,True,,False,,JRN_NDLS_LKO_01_20260902_184646,0.2397,1.0,1.0,0.4541,1.0,MEDIUM,Predicted Fog Visibility Risk (Speed cap 40.0 km/h),40.0,36.6,805.6,06:12:00,30.0,BASELINE_HISTORICAL_CALIBRATION,426.5,37.5
OBS_000006,06:12:30,150.0,12004,ROUTE_NDLS_LKO_01,SYNTHETIC_SIMULATOR,OK,28.645208,77.238239,2.125,38.0,10.56,38.0,0.0,92.8,110.0,40.0,600.56,SEC_NDLS_GZB,,NDLS,GZB,22.875,509.875,CRUISING,,,,,1.12,,,GREEN,LOW,True,,False,,JRN_NDLS_LKO_01_20260902_184646,0.2397,1.0,1.0,0.4541,1.0,MEDIUM,Predicted Fog Visibility Risk (Speed cap 40.0 km/h),40.0,36.1,805.1,06:12:30,30.0,BASELINE_HISTORICAL_CALIBRATION,426.0,37.0
OBS_000007,06:13:00,180.0,12004,ROUTE_NDLS_LKO_01,SYNTHETIC_SIMULATOR,OK,28.645522,77.241001,2.442,38.0,10.56,38.0,0.0,92.8,110.0,40.0,596.45,SEC_NDLS_GZB,,NDLS,GZB,22.558,509.558,CRUISING,,,,,1.38,,,GREEN,LOW,True,,False,,JRN_NDLS_LKO_01_20260902_184646,0.2397,1.0,1.0,0.4541,1.0,MEDIUM,Predicted Fog Visibility Risk (Speed cap 40.0 km/h),40.0,35.6,804.6,06:13:00,30.0,BASELINE_HISTORICAL_CALIBRATION,425.5,36.5
OBS_000008,06:13:30,210.0,12004,ROUTE_NDLS_LKO_01,SYNTHETIC_SIMULATOR,OK,28.645836,77.243764,2.758,38.0,10.56,38.0,0.0,92.8,110.0,40.0,592.31,SEC_NDLS_GZB,,NDLS,GZB,22.242,509.242,CRUISING,,,,,1.64,,,GREEN,LOW,True,,False,,JRN_NDLS_LKO_01_20260902_184646,0.2397,1.0,1.0,0.4541,1.0,MEDIUM,Predicted Fog Visibility Risk (Speed cap 40.0 km/h),40.0,35.1,804.1,06:13:30,30.0,BASELINE_HISTORICAL_CALIBRATION,425.0,36.0
OBS_000009,06:14:00,240.0,12004,ROUTE_NDLS_LKO_01,SYNTHETIC_SIMULATOR,OK,28.64615,77.246526,3.075,38.0,10.56,38.0,0.0,92.8,110.0,40.0,588.13,SEC_NDLS_GZB,,NDLS,GZB,21.925,508.925,CRUISING,,,,,1.9,,,GREEN,LOW,True,,False,,JRN_NDLS_LKO_01_20260902_184646,0.2397,1.0,1.0,0.4541,1.0,MEDIUM,Predicted Fog Visibility Risk (Speed cap 40.0 km/h),40.0,34.6,803.6,06:14:00,30.0,BASELINE_HISTORICAL_CALIBRATION,424.5,35.5
OBS_000010,06:14:30,270.0,12004,ROUTE_NDLS_LKO_01,SYNTHETIC_SIMULATOR,OK,28.646465,77.249289,3.392,38.0,10.56,38.0,0.0,92.8,110.0,40.0,583.93,SEC_NDLS_GZB,,NDLS,GZB,21.608,508.608,CRUISING,,,,,2.16,,,GREEN,LOW,True,,False,,JRN_NDLS_LKO_01_20260902_184646,0.2397,1.0,1.0,0.4541,1.0,MEDIUM,Predicted Fog Visibility Risk (Speed cap 40.0 km/h),40.0,34.1,803.1,06:14:30,30.0,BASELINE_HISTORICAL_CALIBRATION,424.0,35.0
OBS_000011,06:15:00,300.0,12004,ROUTE_NDLS_LKO_01,SYNTHETIC_SIMULATOR,OK,28.646779,77.252052,3.708,38.0,10.56,38.0,0.0,92.8,110.0,40.0,579.7,SEC_NDLS_GZB,,NDLS,GZB,21.292,508.292,CRUISING,,,,,2.42,,,GREEN,LOW,True,,False,,JRN_NDLS_LKO_01_20260902_184646,0.2397,1.0,1.0,0.4541,1.0,MEDIUM,Predicted Fog Visibility Risk (Speed cap 40.0 km/h),40.0,33.6,802.6,06:15:00,30.0,BASELINE_HISTORICAL_CALIBRATION,423.5,34.5
OBS_000012,06:15:30,330.0,12004,ROUTE_NDLS_LKO_01,SYNTHETIC_SIMULATOR,OK,28.647093,77.254814,4.025,38.0,10.56,38.0,0.0,92.8,110.0,40.0,575.44,SEC_NDLS_GZB,,NDLS,GZB,20.975,507.975,CRUISING,,,,,2.68,,,GREEN,LOW,True,,False,,JRN_NDLS_LKO_01_20260902_184646,0.2397,1.0,1.0,0.4541,1.0,MEDIUM,Predicted Fog Visibility Risk (Speed cap 40.0 km/h),40.0,33.1,802.1,06:15:30,30.0,BASELINE_HISTORICAL_CALIBRATION,423.0,34.0
OBS_000013,06:16:00,360.0,12004,ROUTE_NDLS_LKO_01,SYNTHETIC_SIMULATOR,OK,28.647407,77.257577,4.342,38.0,10.56,38.0,0.0,92.8,110.0,40.0,571.14,SEC_NDLS_GZB,,NDLS,GZB,20.658,507.658,CRUISING,,,,,2.93,,,GREEN,LOW,True,,False,,JRN_NDLS_LKO_01_20260902_184646,0.2397,1.0,1.0,0.4541,1.0,MEDIUM,Predicted Fog Visibility Risk (Speed cap 40.0 km/h),40.0,32.6,801.6,06:16:00,30.0,BASELINE_HISTORICAL_CALIBRATION,422.5,33.5
OBS_000014,06:16:30,390.0,12004,ROUTE_NDLS_LKO_01,SYNTHETIC_SIMULATOR,OK,28.647721,77.260339,4.658,38.0,10.56,38.0,0.0,92.8,110.0,40.0,566.81,SEC_NDLS_GZB,,NDLS,GZB,20.342,507.342,CRUISING,,,,,3.19,,,GREEN,LOW,True,,False,,JRN_NDLS_LKO_01_20260902_184646,0.2397,1.0,1.0,0.4541,1.0,MEDIUM,Predicted Fog Visibility Risk (Speed cap 40.0 km/h),40.0,32.1,801.1,06:16:30,30.0,BASELINE_HISTORICAL_CALIBRATION,422.0,33.0
OBS_000015,06:17:00,420.0,12004,ROUTE_NDLS_LKO_01,SYNTHETIC_SIMULATOR,OK,28.648035,77.263102,4.975,38.0,10.56,38.0,0.0,92.8,110.0,40.0,562.45,SEC_NDLS_GZB,,NDLS,GZB,20.025,507.025,CRUISING,,,,,3.45,,,GREEN,LOW,True,,False,,JRN_NDLS_LKO_01_20260902_184646,0.2397,1.0,1.0,0.4541,1.0,MEDIUM,Predicted Fog Visibility Risk (Speed cap 40.0 km/h),40.0,31.6,800.6,06:17:00,30.0,BASELINE_HISTORICAL_CALIBRATION,421.5,32.5
OBS_000016,06:17:30,450.0,12004,ROUTE_NDLS_LKO_01,SYNTHETIC_SIMULATOR,OK,28.648349,77.265865,5.292,38.0,10.56,38.0,0.0,92.8,110.0,40.0,558.06,SEC_NDLS_GZB,,NDLS,GZB,19.708,506.708,CRUISING,,,,,3.71,,,GREEN,LOW,True,,False,,JRN_NDLS_LKO_01_20260902_184646,0.2397,1.0,1.0,0.4541,1.0,MEDIUM,Predicted Fog Visibility Risk (Speed cap 40.0 km/h),40.0,31.1,800.1,06:17:30,30.0,BASELINE_HISTORICAL_CALIBRATION,421.0,32.0
OBS_000017,06:18:00,480.0,12004,ROUTE_NDLS_LKO_01,SYNTHETIC_SIMULATOR,OK,28.648663,77.268627,5.608,38.0,10.56,38.0,0.0,92.8,110.0,40.0,553.63,SEC_NDLS_GZB,,NDLS,GZB,19.392,506.392,CRUISING,,,,,3.97,,,GREEN,LOW,True,,False,,JRN_NDLS_LKO_01_20260902_184646,0.2397,1.0,1.0,0.4541,1.0,MEDIUM,Predicted Fog Visibility Risk (Speed cap 40.0 km/h),40.0,30.6,799.6,06:18:00,30.0,BASELINE_HISTORICAL_CALIBRATION,420.5,31.5
OBS_000018,06:18:30,510.0,12004,ROUTE_NDLS_LKO_01,SYNTHETIC_SIMULATOR,OK,28.648978,77.27139,5.925,38.0,10.56,38.0,0.0,92.8,110.0,40.0,549.16,SEC_NDLS_GZB,,NDLS,GZB,19.075,506.075,CRUISING,,,,,4.23,,,GREEN,LOW,True,,False,,JRN_NDLS_LKO_01_20260902_184646,0.2397,1.0,1.0,0.4541,1.0,MEDIUM,Predicted Fog Visibility Risk (Speed cap 40.0 km/h),40.0,30.1,799.1,06:18:30,30.0,BASELINE_HISTORICAL_CALIBRATION,420.0,31.0
OBS_000019,06:19:00,540.0,12004,ROUTE_NDLS_LKO_01,SYNTHETIC_SIMULATOR,OK,28.649292,77.274152,6.242,38.0,10.56,38.0,0.0,92.8,110.0,40.0,544.66,SEC_NDLS_GZB,,NDLS,GZB,18.758,505.758,CRUISING,,,,,4.49,,,GREEN,LOW,True,,False,,JRN_NDLS_LKO_01_20260902_184646,0.2397,1.0,1.0,0.4541,1.0,MEDIUM,Predicted Fog Visibility Risk (Speed cap 40.0 km/h),40.0,29.6,798.6,06:19:00,30.0,BASELINE_HISTORICAL_CALIBRATION,419.5,30.5
OBS_000020,06:19:30,570.0,12004,ROUTE_NDLS_LKO_01,SYNTHETIC_SIMULATOR,OK,28.649606,77.276915,6.558,38.0,10.56,38.0,0.0,92.8,110.0,40.0,540.12,SEC_NDLS_GZB,,NDLS,GZB,18.442,505.442,CRUISING,,,,,4.75,,,GREEN,LOW,True,,False,,JRN_NDLS_LKO_01_20260902_184646,0.2397,1.0,1.0,0.4541,1.0,MEDIUM,Predicted Fog Visibility Risk (Speed cap 40.0 km/h),40.0,29.1,798.1,06:19:30,30.0,BASELINE_HISTORICAL_CALIBRATION,419.0,30.0
OBS_000021,06:20:00,600.0,12004,ROUTE_NDLS_LKO_01,SYNTHETIC_SIMULATOR,OK,28.64992,77.279678,6.875,38.0,10.56,38.0,0.0,92.8,110.0,40.0,535.54,SEC_NDLS_GZB,,NDLS,GZB,18.125,505.125,CRUISING,,,,,5.0,,,GREEN,LOW,True,,False,,JRN_NDLS_LKO_01_20260902_184646,0.2397,1.0,1.0,0.4541,1.0,MEDIUM,Predicted Fog Visibility Risk (Speed cap 40.0 km/h),40.0,28.6,797.6,06:20:00,30.0,BASELINE_HISTORICAL_CALIBRATION,418.5,29.5
OBS_000022,06:20:30,630.0,12004,ROUTE_NDLS_LKO_01,SYNTHETIC_SIMULATOR,OK,28.650234,77.28244,7.192,38.0,10.56,38.0,0.0,92.8,110.0,40.0,530.92,SEC_NDLS_GZB,,NDLS,GZB,17.808,504.808,CRUISING,,,,,5.26,,,GREEN,LOW,True,,False,,JRN_NDLS_LKO_01_20260902_184646,0.2397,1.0,1.0,0.4541,1.0,MEDIUM,Predicted Fog Visibility Risk (Speed cap 40.0 km/h),40.0,28.1,797.1,06:20:30,30.0,BASELINE_HISTORICAL_CALIBRATION,418.0,29.0
OBS_000023,06:21:00,660.0,12004,ROUTE_NDLS_LKO_01,SYNTHETIC_SIMULATOR,OK,28.650548,77.285203,7.508,38.0,10.56,38.0,0.0,92.8,110.0,40.0,526.27,SEC_NDLS_GZB,,NDLS,GZB,17.492,504.492,CRUISING,,,,,5.52,,,GREEN,LOW,True,,False,,JRN_NDLS_LKO_01_20260902_184646,0.2397,1.0,1.0,0.4541,1.0,MEDIUM,Predicted Fog Visibility Risk (Speed cap 40.0 km/h),40.0,27.6,796.6,06:21:00,30.0,BASELINE_HISTORICAL_CALIBRATION,417.5,28.5
OBS_000024,06:21:30,690.0,12004,ROUTE_NDLS_LKO_01,SYNTHETIC_SIMULATOR,OK,28.650862,77.287965,7.825,38.0,10.56,38.0,0.0,92.8,110.0,40.0,521.57,SEC_NDLS_GZB,,NDLS,GZB,17.175,504.175,CRUISING,,,,,5.78,,,GREEN,LOW,True,,False,,JRN_NDLS_LKO_01_20260902_184646,0.2397,1.0,1.0,0.4541,1.0,MEDIUM,Predicted Fog Visibility Risk (Speed cap 40.0 km/h),40.0,27.1,796.1,06:21:30,30.0,BASELINE_HISTORICAL_CALIBRATION,417.0,28.0
OBS_000025,06:22:00,720.0,12004,ROUTE_NDLS_LKO_01,SYNTHETIC_SIMULATOR,OK,28.651177,77.290728,8.142,38.0,10.56,38.0,0.0,92.8,110.0,40.0,516.82,SEC_NDLS_GZB,,NDLS,GZB,16.858,503.858,CRUISING,,,,,6.04,,,GREEN,LOW,True,,False,,JRN_NDLS_LKO_01_20260902_184646,0.2397,1.0,1.0,0.4541,1.0,MEDIUM,Predicted Fog Visibility Risk (Speed cap 40.0 km/h),40.0,26.6,795.6,06:22:00,30.0,BASELINE_HISTORICAL_CALIBRATION,416.5,27.5
OBS_000026,06:22:30,750.0,12004,ROUTE_NDLS_LKO_01,SYNTHETIC_SIMULATOR,OK,28.651491,77.293491,8.458,38.0,10.56,38.0,0.0,92.8,110.0,40.0,512.04,SEC_NDLS_GZB,,NDLS,GZB,16.542,503.542,CRUISING,,,,,6.3,,,GREEN,LOW,True,,False,,JRN_NDLS_LKO_01_20260902_184646,0.2397,1.0,1.0,0.4541,1.0,MEDIUM,Predicted Fog Visibility Risk (Speed cap 40.0 km/h),40.0,26.1,795.1,06:22:30,30.0,BASELINE_HISTORICAL_CALIBRATION,416.0,27.0
OBS_000027,06:23:00,780.0,12004,ROUTE_NDLS_LKO_01,SYNTHETIC_SIMULATOR,OK,28.651805,77.296253,8.775,38.0,10.56,38.0,0.0,92.8,110.0,40.0,507.2,SEC_NDLS_GZB,,NDLS,GZB,16.225,503.225,CRUISING,,,,,6.56,,,GREEN,LOW,True,,False,,JRN_NDLS_LKO_01_20260902_184646,0.2397,1.0,1.0,0.4541,1.0,MEDIUM,Predicted Fog Visibility Risk (Speed cap 40.0 km/h),40.0,25.6,794.6,06:23:00,30.0,BASELINE_HISTORICAL_CALIBRATION,415.5,26.5
OBS_000028,06:23:30,810.0,12004,ROUTE_NDLS_LKO_01,SYNTHETIC_SIMULATOR,OK,28.652119,77.299016,9.092,38.0,10.56,38.0,0.0,92.8,110.0,40.0,502.33,SEC_NDLS_GZB,,NDLS,GZB,15.908,502.908,CRUISING,,,,,6.82,,,GREEN,LOW,True,,False,,JRN_NDLS_LKO_01_20260902_184646,0.2397,1.0,1.0,0.4541,1.0,MEDIUM,Predicted Fog Visibility Risk (Speed cap 40.0 km/h),40.0,25.1,794.1,06:23:30,30.0,BASELINE_HISTORICAL_CALIBRATION,415.0,26.0
OBS_000029,06:24:00,840.0,12004,ROUTE_NDLS_LKO_01,SYNTHETIC_SIMULATOR,OK,28.652433,77.301778,9.408,38.0,10.56,38.0,0.0,92.8,110.0,40.0,497.4,SEC_NDLS_GZB,,NDLS,GZB,15.592,502.592,CRUISING,,,,,7.07,,,GREEN,LOW,True,,False,,JRN_NDLS_LKO_01_20260902_184646,0.2397,1.0,1.0,0.4541,1.0,MEDIUM,Predicted Fog Visibility Risk (Speed cap 40.0 km/h),40.0,24.6,793.6,06:24:00,30.0,BASELINE_HISTORICAL_CALIBRATION,414.5,25.5
OBS_000030,06:24:30,870.0,12004,ROUTE_NDLS_LKO_01,SYNTHETIC_SIMULATOR,OK,28.652747,77.304541,9.725,38.0,10.56,38.0,0.0,92.8,110.0,40.0,492.42,SEC_NDLS_GZB,,NDLS,GZB,15.275,502.275,CRUISING,,,,,7.33,,,GREEN,LOW,True,,False,,JRN_NDLS_LKO_01_20260902_184646,0.2397,1.0,1.0,0.4541,1.0,MEDIUM,Predicted Fog Visibility Risk (Speed cap 40.0 km/h),40.0,24.1,793.1,06:24:30,30.0,BASELINE_HISTORICAL_CALIBRATION,414.0,25.0
OBS_000031,06:25:00,900.0,12004,ROUTE_NDLS_LKO_01,SYNTHETIC_SIMULATOR,OK,28.653061,77.307304,10.042,38.0,10.56,38.0,0.0,92.8,110.0,40.0,487.4,SEC_NDLS_GZB,,NDLS,GZB,14.958,501.958,CRUISING,,,,,7.59,,,GREEN,LOW,True,,False,,JRN_NDLS_LKO_01_20260902_184646,0.2397,1.0,1.0,0.4541,1.0,MEDIUM,Predicted Fog Visibility Risk (Speed cap 40.0 km/h),40.0,23.6,792.6,06:25:00,30.0,BASELINE_HISTORICAL_CALIBRATION,413.5,24.5
OBS_000032,06:25:30,930.0,12004,ROUTE_NDLS_LKO_01,SYNTHETIC_SIMULATOR,OK,28.653375,77.310066,10.358,38.0,10.56,38.0,0.0,92.8,110.0,40.0,482.32,SEC_NDLS_GZB,,NDLS,GZB,14.642,501.642,CRUISING,,,,,7.85,,,GREEN,LOW,True,,False,,JRN_NDLS_LKO_01_20260902_184646,0.2397,1.0,1.0,0.4541,1.0,MEDIUM,Predicted Fog Visibility Risk (Speed cap 40.0 km/h),40.0,23.1,792.1,06:25:30,30.0,BASELINE_HISTORICAL_CALIBRATION,413.0,24.0
OBS_000033,06:26:00,960.0,12004,ROUTE_NDLS_LKO_01,SYNTHETIC_SIMULATOR,OK,28.65369,77.312829,10.675,38.0,10.56,38.0,0.0,92.8,110.0,40.0,477.19,SEC_NDLS_GZB,,NDLS,GZB,14.325,501.325,CRUISING,,,,,8.11,,,GREEN,LOW,True,,False,,JRN_NDLS_LKO_01_20260902_184646,0.2397,1.0,1.0,0.4541,1.0,MEDIUM,Predicted Fog Visibility Risk (Speed cap 40.0 km/h),40.0,22.6,791.6,06:26:00,30.0,BASELINE_HISTORICAL_CALIBRATION,412.5,23.5
OBS_000034,06:26:30,990.0,12004,ROUTE_NDLS_LKO_01,SYNTHETIC_SIMULATOR,OK,28.654004,77.315591,10.992,38.0,10.56,38.0,0.0,92.8,110.0,40.0,472.0,SEC_NDLS_GZB,,NDLS,GZB,14.008,501.008,CRUISING,,,,,8.37,,,GREEN,LOW,True,,False,,JRN_NDLS_LKO_01_20260902_184646,0.2397,1.0,1.0,0.4541,1.0,MEDIUM,Predicted Fog Visibility Risk (Speed cap 40.0 km/h),40.0,22.1,791.1,06:26:30,30.0,BASELINE_HISTORICAL_CALIBRATION,412.0,23.0
OBS_000035,06:27:00,1020.0,12004,ROUTE_NDLS_LKO_01,SYNTHETIC_SIMULATOR,OK,28.654318,77.318354,11.308,38.0,10.56,38.0,0.0,92.8,110.0,40.0,466.75,SEC_NDLS_GZB,,NDLS,GZB,13.692,500.692,CRUISING,,,,,8.63,,,GREEN,LOW,True,,False,,JRN_NDLS_LKO_01_20260902_184646,0.2397,1.0,1.0,0.4541,1.0,MEDIUM,Predicted Fog Visibility Risk (Speed cap 40.0 km/h),40.0,21.6,790.6,06:27:00,30.0,BASELINE_HISTORICAL_CALIBRATION,411.5,22.5
OBS_000036,06:27:30,1050.0,12004,ROUTE_NDLS_LKO_01,SYNTHETIC_SIMULATOR,OK,28.654632,77.321117,11.625,38.0,10.56,38.0,0.0,92.8,110.0,40.0,461.45,SEC_NDLS_GZB,,NDLS,GZB,13.375,500.375,CRUISING,,,,,8.89,,,GREEN,LOW,True,,False,,JRN_NDLS_LKO_01_20260902_184646,0.2397,1.0,1.0,0.4541,1.0,MEDIUM,Predicted Fog Visibility Risk (Speed cap 40.0 km/h),40.0,21.1,790.1,06:27:30,30.0,BASELINE_HISTORICAL_CALIBRATION,411.0,22.0
OBS_000037,06:28:00,1080.0,12004,ROUTE_NDLS_LKO_01,SYNTHETIC_SIMULATOR,OK,28.654946,77.323879,11.942,38.0,10.56,38.0,0.0,92.8,110.0,40.0,456.08,SEC_NDLS_GZB,,NDLS,GZB,13.058,500.058,CRUISING,,,,,9.15,,,GREEN,LOW,True,,False,,JRN_NDLS_LKO_01_20260902_184646,0.2397,1.0,1.0,0.4541,1.0,MEDIUM,Predicted Fog Visibility Risk (Speed cap 40.0 km/h),40.0,20.6,789.6,06:28:00,30.0,BASELINE_HISTORICAL_CALIBRATION,410.5,21.5
OBS_000038,06:28:30,1110.0,12004,ROUTE_NDLS_LKO_01,SYNTHETIC_SIMULATOR,OK,28.65526,77.326642,12.258,38.0,10.56,38.0,0.0,92.8,110.0,40.0,450.65,SEC_NDLS_GZB,,NDLS,GZB,12.742,499.742,CRUISING,,,,,9.4,,,GREEN,LOW,True,,False,,JRN_NDLS_LKO_01_20260902_184646,0.2397,1.0,1.0,0.4541,1.0,MEDIUM,Predicted Fog Visibility Risk (Speed cap 40.0 km/h),40.0,20.1,789.1,06:28:30,30.0,BASELINE_HISTORICAL_CALIBRATION,410.0,21.0
OBS_000039,06:29:00,1140.0,12004,ROUTE_NDLS_LKO_01,SYNTHETIC_SIMULATOR,OK,28.655574,77.329404,12.575,38.0,10.56,38.0,0.0,92.8,110.0,40.0,445.15,SEC_NDLS_GZB,,NDLS,GZB,12.425,499.425,CRUISING,,,,,9.66,,,GREEN,LOW,True,,False,,JRN_NDLS_LKO_01_20260902_184646,0.2397,1.0,1.0,0.4541,1.0,MEDIUM,Predicted Fog Visibility Risk (Speed cap 40.0 km/h),40.0,19.6,788.6,06:29:00,30.0,BASELINE_HISTORICAL_CALIBRATION,409.5,20.5
OBS_000040,06:29:30,1170.0,12004,ROUTE_NDLS_LKO_01,SYNTHETIC_SIMULATOR,OK,28.655889,77.332167,12.892,38.0,10.56,38.0,0.0,92.8,110.0,40.0,439.58,SEC_NDLS_GZB,,NDLS,GZB,12.108,499.108,CRUISING,,,,,9.92,,,GREEN,LOW,True,,False,,JRN_NDLS_LKO_01_20260902_184646,0.2397,1.0,1.0,0.4541,1.0,MEDIUM,Predicted Fog Visibility Risk (Speed cap 40.0 km/h),40.0,19.1,788.1,06:29:30,30.0,BASELINE_HISTORICAL_CALIBRATION,409.0,20.0
OBS_000041,06:30:00,1200.0,12004,ROUTE_NDLS_LKO_01,SYNTHETIC_SIMULATOR,OK,28.656203,77.33493,13.208,38.0,10.56,38.0,0.0,92.8,110.0,40.0,433.95,SEC_NDLS_GZB,,NDLS,GZB,11.792,498.792,CRUISING,,,,,10.18,,,GREEN,LOW,True,,False,,JRN_NDLS_LKO_01_20260902_184646,0.2397,1.0,1.0,0.4541,1.0,MEDIUM,Predicted Fog Visibility Risk (Speed cap 40.0 km/h),40.0,18.6,787.6,06:30:00,30.0,BASELINE_HISTORICAL_CALIBRATION,408.5,19.5
OBS_000042,06:30:30,1230.0,12004,ROUTE_NDLS_LKO_01,SYNTHETIC_SIMULATOR,OK,28.656517,77.337692,13.525,38.0,10.56,38.0,0.0,92.8,110.0,40.0,428.23,SEC_NDLS_GZB,,NDLS,GZB,11.475,498.475,CRUISING,,,,,10.44,,,GREEN,LOW,True,,False,,JRN_NDLS_LKO_01_20260902_184646,0.2397,1.0,1.0,0.4541,1.0,MEDIUM,Predicted Fog Visibility Risk (Speed cap 40.0 km/h),40.0,18.1,787.1,06:30:30,30.0,BASELINE_HISTORICAL_CALIBRATION,408.0,19.0
OBS_000043,06:31:00,1260.0,12004,ROUTE_NDLS_LKO_01,SYNTHETIC_SIMULATOR,OK,28.656831,77.340455,13.842,38.0,10.56,38.0,0.0,92.8,110.0,40.0,422.44,SEC_NDLS_GZB,,NDLS,GZB,11.158,498.158,CRUISING,,,,,10.7,,,GREEN,LOW,True,,False,,JRN_NDLS_LKO_01_20260902_184646,0.2397,1.0,1.0,0.4541,1.0,MEDIUM,Predicted Fog Visibility Risk (Speed cap 40.0 km/h),40.0,17.6,786.6,06:31:00,30.0,BASELINE_HISTORICAL_CALIBRATION,407.5,18.5
OBS_000044,06:31:30,1290.0,12004,ROUTE_NDLS_LKO_01,SYNTHETIC_SIMULATOR,OK,28.657145,77.343217,14.158,38.0,10.56,38.0,0.0,92.8,110.0,40.0,416.57,SEC_NDLS_GZB,,NDLS,GZB,10.842,497.842,CRUISING,,,,,10.96,,,GREEN,LOW,True,,False,,JRN_NDLS_LKO_01_20260902_184646,0.2397,1.0,1.0,0.4541,1.0,MEDIUM,Predicted Fog Visibility Risk (Speed cap 40.0 km/h),40.0,17.1,786.1,06:31:30,30.0,BASELINE_HISTORICAL_CALIBRATION,407.0,18.0
OBS_000045,06:32:00,1320.0,12004,ROUTE_NDLS_LKO_01,SYNTHETIC_SIMULATOR,OK,28.657459,77.34598,14.475,38.0,10.56,38.0,0.0,92.8,110.0,40.0,410.62,SEC_NDLS_GZB,,NDLS,GZB,10.525,497.525,CRUISING,,,,,11.22,,,GREEN,LOW,True,,False,,JRN_NDLS_LKO_01_20260902_184646,0.2397,1.0,1.0,0.4541,1.0,MEDIUM,Predicted Fog Visibility Risk (Speed cap 40.0 km/h),40.0,16.6,785.6,06:32:00,30.0,BASELINE_HISTORICAL_CALIBRATION,406.5,17.5
OBS_000046,06:32:30,1350.0,12004,ROUTE_NDLS_LKO_01,SYNTHETIC_SIMULATOR,OK,28.657773,77.348743,14.792,38.0,10.56,38.0,0.0,92.8,110.0,40.0,404.58,SEC_NDLS_GZB,,NDLS,GZB,10.208,497.208,CRUISING,,,,,11.47,,,GREEN,LOW,True,,False,,JRN_NDLS_LKO_01_20260902_184646,0.2397,1.0,1.0,0.4541,1.0,MEDIUM,Predicted Fog Visibility Risk (Speed cap 40.0 km/h),40.0,16.1,785.1,06:32:30,30.0,BASELINE_HISTORICAL_CALIBRATION,406.0,17.0
OBS_000047,06:33:00,1380.0,12004,ROUTE_NDLS_LKO_01,SYNTHETIC_SIMULATOR,OK,28.658087,77.351505,15.108,38.0,10.56,38.0,0.0,92.8,110.0,40.0,398.45,SEC_NDLS_GZB,,NDLS,GZB,9.892,496.892,CRUISING,,,,,11.73,,,GREEN,LOW,True,,False,,JRN_NDLS_LKO_01_20260902_184646,0.2397,1.0,1.0,0.4541,1.0,MEDIUM,Predicted Fog Visibility Risk (Speed cap 40.0 km/h),40.0,15.6,784.6,06:33:00,30.0,BASELINE_HISTORICAL_CALIBRATION,405.5,16.5
OBS_000048,06:33:30,1410.0,12004,ROUTE_NDLS_LKO_01,SYNTHETIC_SIMULATOR,OK,28.658402,77.354268,15.425,38.0,10.56,38.0,0.0,92.8,110.0,40.0,392.22,SEC_NDLS_GZB,,NDLS,GZB,9.575,496.575,CRUISING,,,,,11.99,,,GREEN,LOW,True,,False,,JRN_NDLS_LKO_01_20260902_184646,0.2397,1.0,1.0,0.4541,1.0,MEDIUM,Predicted Fog Visibility Risk (Speed cap 40.0 km/h),40.0,15.1,784.1,06:33:30,30.0,BASELINE_HISTORICAL_CALIBRATION,405.0,16.0
OBS_000049,06:34:00,1440.0,12004,ROUTE_NDLS_LKO_01,SYNTHETIC_SIMULATOR,OK,28.658716,77.35703,15.742,38.0,10.56,38.0,0.0,92.8,110.0,40.0,385.89,SEC_NDLS_GZB,,NDLS,GZB,9.258,496.258,CRUISING,,,,,12.25,,,GREEN,LOW,True,,False,,JRN_NDLS_LKO_01_20260902_184646,0.2397,1.0,1.0,0.4541,1.0,MEDIUM,Predicted Fog Visibility Risk (Speed cap 40.0 km/h),40.0,14.6,783.6,06:34:00,30.0,BASELINE_HISTORICAL_CALIBRATION,404.5,15.5
OBS_000050,06:34:30,1470.0,12004,ROUTE_NDLS_LKO_01,SYNTHETIC_SIMULATOR,OK,28.65903,77.359793,16.058,38.0,10.56,38.0,0.0,92.8,110.0,40.0,379.45,SEC_NDLS_GZB,,NDLS,GZB,8.942,495.942,CRUISING,,,,,12.51,,,GREEN,LOW,True,,False,,JRN_NDLS_LKO_01_20260902_184646,0.2397,1.0,1.0,0.4541,1.0,MEDIUM,Predicted Fog Visibility Risk (Speed cap 40.0 km/h),40.0,14.1,783.1,06:34:30,30.0,BASELINE_HISTORICAL_CALIBRATION,404.0,15.0
OBS_000051,06:35:00,1500.0,12004,ROUTE_NDLS_LKO_01,SYNTHETIC_SIMULATOR,OK,28.659344,77.362555,16.375,38.0,10.56,38.0,0.0,92.8,110.0,40.0,372.91,SEC_NDLS_GZB,,NDLS,GZB,8.625,495.625,CRUISING,,,,,12.77,,,GREEN,LOW,True,,False,,JRN_NDLS_LKO_01_20260902_184646,0.2397,1.0,1.0,0.4541,1.0,MEDIUM,Predicted Fog Visibility Risk (Speed cap 40.0 km/h),40.0,13.6,782.6,06:35:00,30.0,BASELINE_HISTORICAL_CALIBRATION,403.5,14.5
OBS_000052,06:35:30,1530.0,12004,ROUTE_NDLS_LKO_01,SYNTHETIC_SIMULATOR,OK,28.659658,77.365318,16.692,38.0,10.56,38.0,0.0,92.8,110.0,40.0,366.25,SEC_NDLS_GZB,,NDLS,GZB,8.308,495.308,CRUISING,,,,,13.03,,,GREEN,LOW,True,,False,,JRN_NDLS_LKO_01_20260902_184646,0.2397,1.0,1.0,0.4541,1.0,MEDIUM,Predicted Fog Visibility Risk (Speed cap 40.0 km/h),40.0,13.1,782.1,06:35:30,30.0,BASELINE_HISTORICAL_CALIBRATION,403.0,14.0
OBS_000053,06:36:00,1560.0,12004,ROUTE_NDLS_LKO_01,SYNTHETIC_SIMULATOR,OK,28.659972,77.368081,17.008,38.0,10.56,38.0,0.0,92.8,110.0,40.0,359.46,SEC_NDLS_GZB,,NDLS,GZB,7.992,494.992,CRUISING,,,,,13.29,,,GREEN,LOW,True,,False,,JRN_NDLS_LKO_01_20260902_184646,0.2397,1.0,1.0,0.4541,1.0,MEDIUM,Predicted Fog Visibility Risk (Speed cap 40.0 km/h),40.0,12.6,781.6,06:36:00,30.0,BASELINE_HISTORICAL_CALIBRATION,402.5,13.5
OBS_000054,06:36:30,1590.0,12004,ROUTE_NDLS_LKO_01,SYNTHETIC_SIMULATOR,OK,28.660286,77.370843,17.325,38.0,10.56,38.0,0.0,92.8,110.0,40.0,352.54,SEC_NDLS_GZB,,NDLS,GZB,7.675,494.675,CRUISING,,,,,13.54,,,GREEN,LOW,True,,False,,JRN_NDLS_LKO_01_20260902_184646,0.2397,1.0,1.0,0.4541,1.0,MEDIUM,Predicted Fog Visibility Risk (Speed cap 40.0 km/h),40.0,12.1,781.1,06:36:30,30.0,BASELINE_HISTORICAL_CALIBRATION,402.0,13.0
OBS_000055,06:37:00,1620.0,12004,ROUTE_NDLS_LKO_01,SYNTHETIC_SIMULATOR,OK,28.660601,77.373606,17.642,38.0,10.56,38.0,0.0,92.8,110.0,40.0,345.49,SEC_NDLS_GZB,,NDLS,GZB,7.358,494.358,CRUISING,,,,,13.8,,,GREEN,LOW,True,,False,,JRN_NDLS_LKO_01_20260902_184646,0.2397,1.0,1.0,0.4541,1.0,MEDIUM,Predicted Fog Visibility Risk (Speed cap 40.0 km/h),40.0,11.6,780.6,06:37:00,30.0,BASELINE_HISTORICAL_CALIBRATION,401.5,12.5
OBS_000056,06:37:30,1650.0,12004,ROUTE_NDLS_LKO_01,SYNTHETIC_SIMULATOR,OK,28.660915,77.376368,17.958,38.0,10.56,38.0,0.0,92.8,110.0,40.0,338.29,SEC_NDLS_GZB,,NDLS,GZB,7.042,494.042,CRUISING,,,,,14.06,,,GREEN,LOW,True,,False,,JRN_NDLS_LKO_01_20260902_184646,0.2397,1.0,1.0,0.4541,1.0,MEDIUM,Predicted Fog Visibility Risk (Speed cap 40.0 km/h),40.0,11.1,780.1,06:37:30,30.0,BASELINE_HISTORICAL_CALIBRATION,401.0,12.0
OBS_000057,06:38:00,1680.0,12004,ROUTE_NDLS_LKO_01,SYNTHETIC_SIMULATOR,OK,28.661229,77.379131,18.275,38.0,10.56,38.0,0.0,92.8,110.0,40.0,330.93,SEC_NDLS_GZB,,NDLS,GZB,6.725,493.725,CRUISING,,,,,14.32,,,GREEN,LOW,True,,False,,JRN_NDLS_LKO_01_20260902_184646,0.2397,1.0,1.0,0.4541,1.0,MEDIUM,Predicted Fog Visibility Risk (Speed cap 40.0 km/h),40.0,10.6,779.6,06:38:00,30.0,BASELINE_HISTORICAL_CALIBRATION,400.5,11.5
OBS_000058,06:38:30,1710.0,12004,ROUTE_NDLS_LKO_01,SYNTHETIC_SIMULATOR,OK,28.661543,77.381894,18.592,38.0,10.56,38.0,0.0,92.8,110.0,40.0,323.4,SEC_NDLS_GZB,,NDLS,GZB,6.408,493.408,CRUISING,,,,,14.58,,,GREEN,LOW,True,,False,,JRN_NDLS_LKO_01_20260902_184646,0.2397,1.0,1.0,0.4541,1.0,MEDIUM,Predicted Fog Visibility Risk (Speed cap 40.0 km/h),40.0,10.1,779.1,06:38:30,30.0,BASELINE_HISTORICAL_CALIBRATION,400.0,11.0
OBS_000059,06:39:00,1740.0,12004,ROUTE_NDLS_LKO_01,SYNTHETIC_SIMULATOR,OK,28.661857,77.384656,18.908,38.0,10.56,38.0,0.0,92.8,110.0,40.0,315.69,SEC_NDLS_GZB,,NDLS,GZB,6.092,493.092,CRUISING,,,,,14.84,,,GREEN,LOW,True,,False,,JRN_NDLS_LKO_01_20260902_184646,0.2397,1.0,1.0,0.4541,1.0,MEDIUM,Predicted Fog Visibility Risk (Speed cap 40.0 km/h),40.0,9.6,778.6,06:39:00,30.0,BASELINE_HISTORICAL_CALIBRATION,399.5,10.5
OBS_000060,06:39:30,1770.0,12004,ROUTE_NDLS_LKO_01,SYNTHETIC_SIMULATOR,OK,28.662171,77.387419,19.225,38.0,10.56,38.0,0.0,92.8,110.0,40.0,307.79,SEC_NDLS_GZB,,NDLS,GZB,5.775,492.775,CRUISING,,,,,15.1,,,GREEN,LOW,True,,False,,JRN_NDLS_LKO_01_20260902_184646,0.2397,1.0,1.0,0.4541,1.0,MEDIUM,Predicted Fog Visibility Risk (Speed cap 40.0 km/h),40.0,9.1,778.1,06:39:30,30.0,BASELINE_HISTORICAL_CALIBRATION,399.0,10.0
OBS_000061,06:40:00,1800.0,12004,ROUTE_NDLS_LKO_01,SYNTHETIC_SIMULATOR,OK,28.662485,77.390181,19.542,38.0,10.56,38.0,0.0,92.8,110.0,40.0,299.69,SEC_NDLS_GZB,,NDLS,GZB,5.458,492.458,CRUISING,,,,,15.36,,,GREEN,LOW,True,,False,,JRN_NDLS_LKO_01_20260902_184646,0.2397,1.0,1.0,0.4541,1.0,MEDIUM,Predicted Fog Visibility Risk (Speed cap 40.0 km/h),40.0,8.6,777.6,06:40:00,30.0,BASELINE_HISTORICAL_CALIBRATION,398.5,9.5
OBS_000062,06:40:30,1830.0,12004,ROUTE_NDLS_LKO_01,SYNTHETIC_SIMULATOR,OK,28.662799,77.392944,19.858,38.0,10.56,38.0,0.0,92.8,110.0,40.0,291.36,SEC_NDLS_GZB,,NDLS,GZB,5.142,492.142,CRUISING,,,,,15.61,,,GREEN,LOW,True,,False,,JRN_NDLS_LKO_01_20260902_184646,0.2397,1.0,1.0,0.4541,1.0,MEDIUM,Predicted Fog Visibility Risk (Speed cap 40.0 km/h),40.0,8.1,777.1,06:40:30,30.0,BASELINE_HISTORICAL_CALIBRATION,398.0,9.0
OBS_000063,06:41:00,1860.0,12004,ROUTE_NDLS_LKO_01,SYNTHETIC_SIMULATOR,OK,28.663114,77.395707,20.175,38.0,10.56,38.0,0.0,92.8,110.0,40.0,282.78,SEC_NDLS_GZB,,NDLS,GZB,4.825,491.825,CRUISING,,,,,15.87,,,GREEN,LOW,True,,False,,JRN_NDLS_LKO_01_20260902_184646,0.2397,1.0,1.0,0.4541,1.0,MEDIUM,Predicted Fog Visibility Risk (Speed cap 40.0 km/h),40.0,7.6,776.6,06:41:00,30.0,BASELINE_HISTORICAL_CALIBRATION,397.5,8.5
OBS_000064,06:41:30,1890.0,12004,ROUTE_NDLS_LKO_01,SYNTHETIC_SIMULATOR,OK,28.663428,77.398469,20.492,38.0,10.56,38.0,0.0,92.8,110.0,40.0,273.93,SEC_NDLS_GZB,,NDLS,GZB,4.508,491.508,CRUISING,,,,,16.13,,,GREEN,LOW,True,,False,,JRN_NDLS_LKO_01_20260902_184646,0.2397,1.0,1.0,0.4541,1.0,MEDIUM,Predicted Fog Visibility Risk (Speed cap 40.0 km/h),40.0,7.1,776.1,06:41:30,30.0,BASELINE_HISTORICAL_CALIBRATION,397.0,8.0
OBS_000065,06:42:00,1920.0,12004,ROUTE_NDLS_LKO_01,SYNTHETIC_SIMULATOR,OK,28.663742,77.401232,20.808,38.0,10.56,38.0,0.0,92.8,110.0,40.0,264.79,SEC_NDLS_GZB,,NDLS,GZB,4.192,491.192,CRUISING,,,,,16.39,,,GREEN,LOW,True,,False,,JRN_NDLS_LKO_01_20260902_184646,0.2397,1.0,1.0,0.4541,1.0,MEDIUM,Predicted Fog Visibility Risk (Speed cap 40.0 km/h),40.0,6.6,775.6,06:42:00,30.0,BASELINE_HISTORICAL_CALIBRATION,396.5,7.5
OBS_000066,06:42:30,1950.0,12004,ROUTE_NDLS_LKO_01,SYNTHETIC_SIMULATOR,OK,28.664056,77.403994,21.125,38.0,10.56,38.0,0.0,92.8,110.0,40.0,255.32,SEC_NDLS_GZB,,NDLS,GZB,3.875,490.875,CRUISING,,,,,16.65,,,GREEN,LOW,True,,False,,JRN_NDLS_LKO_01_20260902_184646,0.2397,1.0,1.0,0.4541,1.0,MEDIUM,Predicted Fog Visibility Risk (Speed cap 40.0 km/h),40.0,6.1,775.1,06:42:30,30.0,BASELINE_HISTORICAL_CALIBRATION,396.0,7.0
OBS_000067,06:43:00,1980.0,12004,ROUTE_NDLS_LKO_01,SYNTHETIC_SIMULATOR,OK,28.66437,77.406757,21.442,38.0,10.56,38.0,0.0,92.8,110.0,40.0,245.49,SEC_NDLS_GZB,,NDLS,GZB,3.558,490.558,CRUISING,,,,,16.91,,,GREEN,LOW,True,,False,,JRN_NDLS_LKO_01_20260902_184646,0.2397,1.0,1.0,0.4541,1.0,MEDIUM,Predicted Fog Visibility Risk (Speed cap 40.0 km/h),40.0,5.6,774.6,06:43:00,30.0,BASELINE_HISTORICAL_CALIBRATION,395.5,6.5
OBS_000068,06:43:30,2010.0,12004,ROUTE_NDLS_LKO_01,SYNTHETIC_SIMULATOR,OK,28.664684,77.40952,21.758,38.0,10.56,38.0,0.0,92.8,110.0,40.0,235.24,SEC_NDLS_GZB,,NDLS,GZB,3.242,490.242,CRUISING,,,,,17.17,,,GREEN,LOW,True,,False,,JRN_NDLS_LKO_01_20260902_184646,0.2397,1.0,1.0,0.4541,1.0,MEDIUM,Predicted Fog Visibility Risk (Speed cap 40.0 km/h),40.0,5.1,774.1,06:43:30,30.0,BASELINE_HISTORICAL_CALIBRATION,395.0,6.0
OBS_000069,06:44:00,2040.0,12004,ROUTE_NDLS_LKO_01,SYNTHETIC_SIMULATOR,OK,28.664998,77.412282,22.075,38.0,10.56,38.0,0.0,92.8,110.0,40.0,224.53,SEC_NDLS_GZB,,NDLS,GZB,2.925,489.925,CRUISING,,,,,17.43,,,GREEN,LOW,True,,False,,JRN_NDLS_LKO_01_20260902_184646,0.2397,1.0,1.0,0.4541,1.0,MEDIUM,Predicted Fog Visibility Risk (Speed cap 40.0 km/h),40.0,4.6,773.6,06:44:00,30.0,BASELINE_HISTORICAL_CALIBRATION,394.5,5.5
OBS_000070,06:44:30,2070.0,12004,ROUTE_NDLS_LKO_01,SYNTHETIC_SIMULATOR,OK,28.665313,77.415045,22.392,38.0,10.56,38.0,0.0,92.8,110.0,40.0,213.28,SEC_NDLS_GZB,,NDLS,GZB,2.608,489.608,CRUISING,,,,,17.69,,,GREEN,LOW,True,,False,,JRN_NDLS_LKO_01_20260902_184646,0.2397,1.0,1.0,0.4541,1.0,MEDIUM,Predicted Fog Visibility Risk (Speed cap 40.0 km/h),40.0,4.1,773.1,06:44:30,30.0,BASELINE_HISTORICAL_CALIBRATION,394.0,5.0
OBS_000071,06:45:00,2100.0,12004,ROUTE_NDLS_LKO_01,SYNTHETIC_SIMULATOR,OK,28.665627,77.417807,22.708,38.0,10.56,38.0,0.0,92.8,110.0,40.0,201.41,SEC_NDLS_GZB,,NDLS,GZB,2.292,489.292,CRUISING,,,,,17.94,,,GREEN,LOW,True,,False,,JRN_NDLS_LKO_01_20260902_184646,0.2397,1.0,1.0,0.4541,1.0,MEDIUM,Predicted Fog Visibility Risk (Speed cap 40.0 km/h),40.0,3.6,772.6,06:45:00,30.0,BASELINE_HISTORICAL_CALIBRATION,393.5,4.5
OBS_000072,06:45:30,2130.0,12004,ROUTE_NDLS_LKO_01,SYNTHETIC_SIMULATOR,OK,28.665941,77.42057,23.025,38.0,10.56,38.0,0.0,92.8,110.0,40.0,188.79,SEC_NDLS_GZB,,NDLS,GZB,1.975,488.975,CRUISING,,,,,18.2,,,GREEN,LOW,True,,False,,JRN_NDLS_LKO_01_20260902_184646,0.2397,1.0,1.0,0.4541,1.0,MEDIUM,Predicted Fog Visibility Risk (Speed cap 40.0 km/h),40.0,3.1,772.1,06:45:30,30.0,BASELINE_HISTORICAL_CALIBRATION,393.0,4.0
OBS_000073,06:46:00,2160.0,12004,ROUTE_NDLS_LKO_01,SYNTHETIC_SIMULATOR,OK,28.666255,77.423333,23.342,38.0,10.56,38.0,0.0,92.8,110.0,40.0,175.26,SEC_NDLS_GZB,,NDLS,GZB,1.658,488.658,CRUISING,,,,,18.46,,,GREEN,LOW,True,,False,,JRN_NDLS_LKO_01_20260902_184646,0.2397,1.0,1.0,0.4541,1.0,MEDIUM,Predicted Fog Visibility Risk (Speed cap 40.0 km/h),40.0,2.6,771.6,06:46:00,30.0,BASELINE_HISTORICAL_CALIBRATION,392.5,3.5
OBS_000074,06:46:30,2190.0,12004,ROUTE_NDLS_LKO_01,SYNTHETIC_SIMULATOR,OK,28.666569,77.426095,23.658,38.0,10.56,38.0,0.0,92.8,110.0,40.0,160.59,SEC_NDLS_GZB,,NDLS,GZB,1.342,488.342,CRUISING,,,,,18.72,,,GREEN,LOW,True,,False,,JRN_NDLS_LKO_01_20260902_184646,0.2397,1.0,1.0,0.4541,1.0,MEDIUM,Predicted Fog Visibility Risk (Speed cap 40.0 km/h),40.0,2.1,771.1,06:46:30,30.0,BASELINE_HISTORICAL_CALIBRATION,392.0,3.0
OBS_000075,06:47:00,2220.0,12004,ROUTE_NDLS_LKO_01,SYNTHETIC_SIMULATOR,OK,28.666883,77.428858,23.975,38.0,10.56,38.0,0.0,92.8,110.0,40.0,144.45,SEC_NDLS_GZB,,NDLS,GZB,1.025,488.025,CRUISING,,,,,18.98,,,GREEN,LOW,True,,False,,JRN_NDLS_LKO_01_20260902_184646,0.2397,1.0,1.0,0.4541,1.0,MEDIUM,Predicted Fog Visibility Risk (Speed cap 40.0 km/h),40.0,1.6,770.6,06:47:00,30.0,BASELINE_HISTORICAL_CALIBRATION,391.5,2.5
OBS_000076,06:47:30,2250.0,12004,ROUTE_NDLS_LKO_01,SYNTHETIC_SIMULATOR,OK,28.667197,77.43162,24.292,38.0,10.56,38.0,0.0,92.8,110.0,40.0,126.26,SEC_NDLS_GZB,,NDLS,GZB,0.708,487.708,CRUISING,,,,,19.24,,,GREEN,LOW,True,,False,,JRN_NDLS_LKO_01_20260902_184646,0.2397,1.0,1.0,0.4541,1.0,MEDIUM,Predicted Fog Visibility Risk (Speed cap 40.0 km/h),40.0,1.1,770.1,06:47:30,30.0,BASELINE_HISTORICAL_CALIBRATION,391.0,2.0
OBS_000077,06:48:00,2280.0,12004,ROUTE_NDLS_LKO_01,SYNTHETIC_SIMULATOR,OK,28.667511,77.434383,24.608,38.0,10.56,38.0,0.0,92.8,110.0,40.0,104.96,SEC_NDLS_GZB,,NDLS,GZB,0.392,487.392,CRUISING,,,,,19.5,,,GREEN,LOW,True,,False,,JRN_NDLS_LKO_01_20260902_184646,0.2397,1.0,1.0,0.4541,1.0,MEDIUM,Predicted Fog Visibility Risk (Speed cap 40.0 km/h),40.0,0.6,769.6,06:48:00,30.0,BASELINE_HISTORICAL_CALIBRATION,390.5,1.5
OBS_000078,06:48:30,2310.0,12004,ROUTE_NDLS_LKO_01,SYNTHETIC_SIMULATOR,OK,28.667826,77.437146,24.925,38.0,10.56,38.0,0.0,92.8,110.0,40.0,78.05,SEC_NDLS_GZB,,NDLS,GZB,0.075,487.075,CRUISING,,,,,19.76,,,GREEN,LOW,True,,False,,JRN_NDLS_LKO_01_20260902_184646,0.2397,1.0,1.0,0.4541,1.0,MEDIUM,Predicted Fog Visibility Risk (Speed cap 40.0 km/h),40.0,0.1,769.1,06:48:30,30.0,BASELINE_HISTORICAL_CALIBRATION,390.0,1.0
OBS_000079,06:49:00,2340.0,12004,ROUTE_NDLS_LKO_01,SYNTHETIC_SIMULATOR,OK,28.667826,77.437146,24.925,0.0,0.0,34.15,-0.6,0.0,110.0,40.0,34.15,SEC_NDLS_GZB,,NDLS,GZB,0.075,487.075,STOPPED,,,,,20.01,,,GREEN,LOW,True,,False,,JRN_NDLS_LKO_01_20260902_184646,0.2397,1.0,1.0,0.4541,1.0,MEDIUM,Predicted Fog Visibility Risk (Speed cap 40.0 km/h),40.0,0.2,1169.0,06:49:00,30.0,BASELINE_HISTORICAL_CALIBRATION,389.5,0.5
OBS_000080,06:49:30,2370.0,12004,ROUTE_NDLS_LKO_01,SYNTHETIC_SIMULATOR,OK,28.6679,77.4378,25.0,0.0,0.0,34.15,0.0,0.0,110.0,40.0,34.15,SEC_NDLS_GZB,GZB,GZB,ALJN,106.0,487.0,DWELLING,ARRIVED,06:49:30,,,20.51,,,GREEN,LOW,True,,False,,JRN_NDLS_LKO_01_20260902_184646,0.2397,1.0,1.0,0.4541,1.0,MEDIUM,Predicted Fog Visibility Risk (Speed cap 40.0 km/h),40.0,254.4,1168.8,06:49:30,30.0,BASELINE_HISTORICAL_CALIBRATION,389.0,168.5
OBS_000081,06:50:00,2400.0,12004,ROUTE_NDLS_LKO_01,SYNTHETIC_SIMULATOR,OK,28.6679,77.4378,25.0,0.0,0.0,0.0,0.0,0.0,130.0,40.0,0.0,SEC_GZB_ALJN,GZB,GZB,ALJN,106.0,487.0,DWELLING,,,,,20.96,,,GREEN,LOW,True,,False,,JRN_NDLS_LKO_01_20260902_184646,0.2397,1.0,1.0,0.4541,1.0,MEDIUM,Predicted Fog Visibility Risk (Speed cap 40.0 km/h),40.0,254.4,1168.8,06:50:00,30.0,BASELINE_HISTORICAL_CALIBRATION,388.5,168.0
OBS_000082,06:50:30,2430.0,12004,ROUTE_NDLS_LKO_01,SYNTHETIC_SIMULATOR,OK,28.6679,77.4378,25.0,0.0,0.0,0.0,0.0,0.0,130.0,40.0,0.0,SEC_GZB_ALJN,GZB,GZB,ALJN,106.0,487.0,DWELLING,,,,,21.46,,,GREEN,LOW,True,,False,,JRN_NDLS_LKO_01_20260902_184646,0.2397,1.0,1.0,0.4541,1.0,MEDIUM,Predicted Fog Visibility Risk (Speed cap 40.0 km/h),40.0,254.4,1168.8,06:50:30,30.0,BASELINE_HISTORICAL_CALIBRATION,388.0,167.5
OBS_000083,06:51:00,2460.0,12004,ROUTE_NDLS_LKO_01,SYNTHETIC_SIMULATOR,OK,28.6679,77.4378,25.0,0.0,0.0,0.0,0.0,0.0,130.0,40.0,0.0,SEC_GZB_ALJN,GZB,GZB,ALJN,106.0,487.0,DWELLING,,,,,21.96,,,GREEN,LOW,True,,False,,JRN_NDLS_LKO_01_20260902_184646,0.2397,1.0,1.0,0.4541,1.0,MEDIUM,Predicted Fog Visibility Risk (Speed cap 40.0 km/h),40.0,254.4,1168.8,06:51:00,30.0,BASELINE_HISTORICAL_CALIBRATION,387.5,167.0
OBS_000084,06:51:30,2490.0,12004,ROUTE_NDLS_LKO_01,SYNTHETIC_SIMULATOR,OK,28.6679,77.4378,25.542,38.0,10.56,38.0,0.5,92.8,130.0,40.0,1283.94,SEC_GZB_ALJN,GZB,GZB,ALJN,105.458,486.458,ACCELERATING,DEPARTED,,06:51:30,2,22.46,,,GREEN,LOW,True,,False,,JRN_NDLS_LKO_01_20260902_184646,0.2397,1.0,1.0,0.4541,1.0,MEDIUM,Predicted Fog Visibility Risk (Speed cap 40.0 km/h),40.0,166.5,768.1,06:51:30,30.0,BASELINE_HISTORICAL_CALIBRATION,387.0,166.5
OBS_000085,06:52:00,2520.0,12004,ROUTE_NDLS_LKO_01,SYNTHETIC_SIMULATOR,OK,28.661661,77.443065,25.858,38.0,10.56,38.0,0.0,92.8,130.0,40.0,1280.66,SEC_GZB_ALJN,,GZB,ALJN,105.142,486.142,CRUISING,,,,,22.54,,,GREEN,LOW,True,,False,,JRN_NDLS_LKO_01_20260902_184646,0.2397,1.0,1.0,0.4541,1.0,MEDIUM,Predicted Fog Visibility Risk (Speed cap 40.0 km/h),40.0,166.0,767.6,06:52:00,30.0,BASELINE_HISTORICAL_CALIBRATION,386.5,166.0
OBS_000086,06:52:30,2550.0,12004,ROUTE_NDLS_LKO_01,SYNTHETIC_SIMULATOR,OK,28.659359,77.445007,26.175,38.0,10.56,38.0,0.0,92.8,130.0,40.0,1278.73,SEC_GZB_ALJN,,GZB,ALJN,104.825,485.825,CRUISING,,,,,22.8,,,GREEN,LOW,True,,False,,JRN_NDLS_LKO_01_20260902_184646,0.2397,1.0,1.0,0.4541,1.0,MEDIUM,Predicted Fog Visibility Risk (Speed cap 40.0 km/h),40.0,165.5,767.1,06:52:30,30.0,BASELINE_HISTORICAL_CALIBRATION,386.0,165.5
OBS_000087,06:53:00,2580.0,12004,ROUTE_NDLS_LKO_01,SYNTHETIC_SIMULATOR,OK,28.657057,77.44695,26.492,38.0,10.56,38.0,0.0,92.8,130.0,40.0,1276.81,SEC_GZB_ALJN,,GZB,ALJN,104.508,485.508,CRUISING,,,,,23.06,,,GREEN,LOW,True,,False,,JRN_NDLS_LKO_01_20260902_184646,0.2397,1.0,1.0,0.4541,1.0,MEDIUM,Predicted Fog Visibility Risk (Speed cap 40.0 km/h),40.0,165.0,766.6,06:53:00,30.0,BASELINE_HISTORICAL_CALIBRATION,385.5,165.0
OBS_000088,06:53:30,2610.0,12004,ROUTE_NDLS_LKO_01,SYNTHETIC_SIMULATOR,OK,28.654755,77.448892,26.808,38.0,10.56,38.0,0.0,92.8,130.0,40.0,1274.88,SEC_GZB_ALJN,,GZB,ALJN,104.192,485.192,CRUISING,,,,,23.32,,,GREEN,LOW,True,,False,,JRN_NDLS_LKO_01_20260902_184646,0.2397,1.0,1.0,0.4541,1.0,MEDIUM,Predicted Fog Visibility Risk (Speed cap 40.0 km/h),40.0,164.5,766.1,06:53:30,30.0,BASELINE_HISTORICAL_CALIBRATION,385.0,164.5
OBS_000089,06:54:00,2640.0,12004,ROUTE_NDLS_LKO_01,SYNTHETIC_SIMULATOR,OK,28.652454,77.450835,27.125,38.0,10.56,38.0,0.0,92.8,130.0,40.0,1272.94,SEC_GZB_ALJN,,GZB,ALJN,103.875,484.875,CRUISING,,,,,23.58,,,GREEN,LOW,True,,False,,JRN_NDLS_LKO_01_20260902_184646,0.2397,1.0,1.0,0.4541,1.0,MEDIUM,Predicted Fog Visibility Risk (Speed cap 40.0 km/h),40.0,164.0,765.6,06:54:00,30.0,BASELINE_HISTORICAL_CALIBRATION,384.5,164.0
OBS_000090,06:54:30,2670.0,12004,ROUTE_NDLS_LKO_01,SYNTHETIC_SIMULATOR,OK,28.650152,77.452777,27.442,38.0,10.56,38.0,0.0,92.8,130.0,40.0,1271.01,SEC_GZB_ALJN,,GZB,ALJN,103.558,484.558,CRUISING,,,,,23.84,,,GREEN,LOW,True,,False,,JRN_NDLS_LKO_01_20260902_184646,0.2397,1.0,1.0,0.4541,1.0,MEDIUM,Predicted Fog Visibility Risk (Speed cap 40.0 km/h),40.0,163.5,765.1,06:54:30,30.0,BASELINE_HISTORICAL_CALIBRATION,384.0,163.5
OBS_000091,06:55:00,2700.0,12004,ROUTE_NDLS_LKO_01,SYNTHETIC_SIMULATOR,OK,28.64785,77.45472,27.758,38.0,10.56,38.0,0.0,92.8,130.0,40.0,1269.07,SEC_GZB_ALJN,,GZB,ALJN,103.242,484.242,CRUISING,,,,,24.1,,,GREEN,LOW,True,,False,,JRN_NDLS_LKO_01_20260902_184646,0.2397,1.0,1.0,0.4541,1.0,MEDIUM,Predicted Fog Visibility Risk (Speed cap 40.0 km/h),40.0,163.0,764.6,06:55:00,30.0,BASELINE_HISTORICAL_CALIBRATION,383.5,163.0
OBS_000092,06:55:30,2730.0,12004,ROUTE_NDLS_LKO_01,SYNTHETIC_SIMULATOR,OK,28.645548,77.456662,28.075,38.0,10.56,38.0,0.0,92.8,130.0,40.0,1267.13,SEC_GZB_ALJN,,GZB,ALJN,102.925,483.925,CRUISING,,,,,24.36,,,GREEN,LOW,True,,False,,JRN_NDLS_LKO_01_20260902_184646,0.2397,1.0,1.0,0.4541,1.0,MEDIUM,Predicted Fog Visibility Risk (Speed cap 40.0 km/h),40.0,162.5,764.1,06:55:30,30.0,BASELINE_HISTORICAL_CALIBRATION,383.0,162.5
OBS_000093,06:56:00,2760.0,12004,ROUTE_NDLS_LKO_01,SYNTHETIC_SIMULATOR,OK,28.643246,77.458604,28.392,38.0,10.56,38.0,0.0,92.8,130.0,40.0,1265.18,SEC_GZB_ALJN,,GZB,ALJN,102.608,483.608,CRUISING,,,,,24.61,,,GREEN,LOW,True,,False,,JRN_NDLS_LKO_01_20260902_184646,0.2397,1.0,1.0,0.4541,1.0,MEDIUM,Predicted Fog Visibility Risk (Speed cap 40.0 km/h),40.0,162.0,763.6,06:56:00,30.0,BASELINE_HISTORICAL_CALIBRATION,382.5,162.0
OBS_000094,06:56:30,2790.0,12004,ROUTE_NDLS_LKO_01,SYNTHETIC_SIMULATOR,OK,28.640945,77.460547,28.708,38.0,10.56,38.0,0.0,92.8,130.0,40.0,1263.24,SEC_GZB_ALJN,,GZB,ALJN,102.292,483.292,CRUISING,,,,,24.87,,,GREEN,LOW,True,,False,,JRN_NDLS_LKO_01_20260902_184646,0.2397,1.0,1.0,0.4541,1.0,MEDIUM,Predicted Fog Visibility Risk (Speed cap 40.0 km/h),40.0,161.5,763.1,06:56:30,30.0,BASELINE_HISTORICAL_CALIBRATION,382.0,161.5
OBS_000095,06:57:00,2820.0,12004,ROUTE_NDLS_LKO_01,SYNTHETIC_SIMULATOR,OK,28.638643,77.462489,29.025,38.0,10.56,38.0,0.0,92.8,130.0,40.0,1261.29,SEC_GZB_ALJN,,GZB,ALJN,101.975,482.975,CRUISING,,,,,25.13,,,GREEN,LOW,True,,False,,JRN_NDLS_LKO_01_20260902_184646,0.2397,1.0,1.0,0.4541,1.0,MEDIUM,Predicted Fog Visibility Risk (Speed cap 40.0 km/h),40.0,161.0,762.6,06:57:00,30.0,BASELINE_HISTORICAL_CALIBRATION,381.5,161.0
OBS_000096,06:57:30,2850.0,12004,ROUTE_NDLS_LKO_01,SYNTHETIC_SIMULATOR,OK,28.636341,77.464432,29.342,38.0,10.56,38.0,0.0,92.8,130.0,40.0,1259.33,SEC_GZB_ALJN,,GZB,ALJN,101.658,482.658,CRUISING,,,,,25.39,,,GREEN,LOW,True,,False,,JRN_NDLS_LKO_01_20260902_184646,0.2397,1.0,1.0,0.4541,1.0,MEDIUM,Predicted Fog Visibility Risk (Speed cap 40.0 km/h),40.0,160.5,762.1,06:57:30,30.0,BASELINE_HISTORICAL_CALIBRATION,381.0,160.5
OBS_000097,06:58:00,2880.0,12004,ROUTE_NDLS_LKO_01,SYNTHETIC_SIMULATOR,OK,28.634039,77.466374,29.658,38.0,10.56,38.0,0.0,92.8,130.0,40.0,1257.37,SEC_GZB_ALJN,,GZB,ALJN,101.342,482.342,CRUISING,,,,,25.65,,,GREEN,LOW,True,,False,,JRN_NDLS_LKO_01_20260902_184646,0.2397,1.0,1.0,0.4541,1.0,MEDIUM,Predicted Fog Visibility Risk (Speed cap 40.0 km/h),40.0,160.0,761.6,06:58:00,30.0,BASELINE_HISTORICAL_CALIBRATION,380.5,160.0
OBS_000098,06:58:30,2910.0,12004,ROUTE_NDLS_LKO_01,SYNTHETIC_SIMULATOR,OK,28.631737,77.468316,29.975,38.0,10.56,38.0,0.0,92.8,130.0,40.0,1255.41,SEC_GZB_ALJN,,GZB,ALJN,101.025,482.025,CRUISING,,,,,25.91,,,GREEN,LOW,True,,False,,JRN_NDLS_LKO_01_20260902_184646,0.2397,1.0,1.0,0.4541,1.0,MEDIUM,Predicted Fog Visibility Risk (Speed cap 40.0 km/h),40.0,159.5,761.1,06:58:30,30.0,BASELINE_HISTORICAL_CALIBRATION,380.0,159.5
OBS_000099,06:59:00,2940.0,12004,ROUTE_NDLS_LKO_01,SYNTHETIC_SIMULATOR,OK,28.629436,77.470259,30.292,38.0,10.56,38.0,0.0,92.8,130.0,40.0,1253.45,SEC_GZB_ALJN,,GZB,ALJN,100.708,481.708,CRUISING,,,,,26.17,,,GREEN,LOW,True,,False,,JRN_NDLS_LKO_01_20260902_184646,0.2397,1.0,1.0,0.4541,1.0,MEDIUM,Predicted Fog Visibility Risk (Speed cap 40.0 km/h),40.0,159.0,760.6,06:59:00,30.0,BASELINE_HISTORICAL_CALIBRATION,379.5,159.0
OBS_000100,06:59:30,2970.0,12004,ROUTE_NDLS_LKO_01,SYNTHETIC_SIMULATOR,OK,28.627134,77.472201,30.608,38.0,10.56,38.0,0.0,92.8,130.0,40.0,1251.49,SEC_GZB_ALJN,,GZB,ALJN,100.392,481.392,CRUISING,,,,,26.43,,,GREEN,LOW,True,,False,,JRN_NDLS_LKO_01_20260902_184646,0.2397,1.0,1.0,0.4541,1.0,MEDIUM,Predicted Fog Visibility Risk (Speed cap 40.0 km/h),40.0,158.5,760.1,06:59:30,30.0,BASELINE_HISTORICAL_CALIBRATION,379.0,158.5
OBS_000101,07:00:00,3000.0,12004,ROUTE_NDLS_LKO_01,SYNTHETIC_SIMULATOR,OK,28.624832,77.474144,30.925,38.0,10.56,38.0,0.0,92.8,130.0,40.0,1249.52,SEC_GZB_ALJN,,GZB,ALJN,100.075,481.075,CRUISING,,,,,26.69,,,GREEN,LOW,True,,False,,JRN_NDLS_LKO_01_20260902_184646,0.2301,1.0,1.0,0.4541,1.0,MEDIUM,Predicted Fog Visibility Risk (Speed cap 40.0 km/h),40.0,158.0,759.6,07:00:00,30.0,BASELINE_HISTORICAL_CALIBRATION,378.5,158.0
OBS_000102,07:00:30,3030.0,12004,ROUTE_NDLS_LKO_01,SYNTHETIC_SIMULATOR,OK,28.62253,77.476086,31.242,38.0,10.56,38.0,0.0,92.8,130.0,40.0,1247.54,SEC_GZB_ALJN,,GZB,ALJN,99.758,480.758,CRUISING,,,,,26.94,,,GREEN,LOW,True,,False,,JRN_NDLS_LKO_01_20260902_184646,0.2301,1.0,1.0,0.4541,1.0,MEDIUM,Predicted Fog Visibility Risk (Speed cap 40.0 km/h),40.0,157.5,759.1,07:00:30,30.0,BASELINE_HISTORICAL_CALIBRATION,378.0,157.5
OBS_000103,07:01:00,3060.0,12004,ROUTE_NDLS_LKO_01,SYNTHETIC_SIMULATOR,OK,28.620228,77.478029,31.558,38.0,10.56,38.0,0.0,92.8,130.0,40.0,1245.57,SEC_GZB_ALJN,,GZB,ALJN,99.442,480.442,CRUISING,,,,,27.2,,,GREEN,LOW,True,,False,,JRN_NDLS_LKO_01_20260902_184646,0.2301,1.0,1.0,0.4541,1.0,MEDIUM,Predicted Fog Visibility Risk (Speed cap 40.0 km/h),40.0,157.0,758.6,07:01:00,30.0,BASELINE_HISTORICAL_CALIBRATION,377.5,157.0
OBS_000104,07:01:30,3090.0,12004,ROUTE_NDLS_LKO_01,SYNTHETIC_SIMULATOR,OK,28.617927,77.479971,31.875,38.0,10.56,38.0,0.0,92.8,130.0,40.0,1243.59,SEC_GZB_ALJN,,GZB,ALJN,99.125,480.125,CRUISING,,,,,27.46,,,GREEN,LOW,True,,False,,JRN_NDLS_LKO_01_20260902_184646,0.2301,1.0,1.0,0.4541,1.0,MEDIUM,Predicted Fog Visibility Risk (Speed cap 40.0 km/h),40.0,156.5,758.1,07:01:30,30.0,BASELINE_HISTORICAL_CALIBRATION,377.0,156.5
OBS_000105,07:02:00,3120.0,12004,ROUTE_NDLS_LKO_01,SYNTHETIC_SIMULATOR,OK,28.615625,77.481913,32.192,38.0,10.56,38.0,0.0,92.8,130.0,40.0,1241.61,SEC_GZB_ALJN,,GZB,ALJN,98.808,479.808,CRUISING,,,,,27.72,,,GREEN,LOW,True,,False,,JRN_NDLS_LKO_01_20260902_184646,0.2301,1.0,1.0,0.4541,1.0,MEDIUM,Predicted Fog Visibility Risk (Speed cap 40.0 km/h),40.0,156.0,757.6,07:02:00,30.0,BASELINE_HISTORICAL_CALIBRATION,376.5,156.0
OBS_000106,07:02:30,3150.0,12004,ROUTE_NDLS_LKO_01,SYNTHETIC_SIMULATOR,OK,28.613323,77.483856,32.508,38.0,10.56,38.0,0.0,92.8,130.0,40.0,1239.62,SEC_GZB_ALJN,,GZB,ALJN,98.492,479.492,CRUISING,,,,,27.98,,,GREEN,LOW,True,,False,,JRN_NDLS_LKO_01_20260902_184646,0.2301,1.0,1.0,0.4541,1.0,MEDIUM,Predicted Fog Visibility Risk (Speed cap 40.0 km/h),40.0,155.5,757.1,07:02:30,30.0,BASELINE_HISTORICAL_CALIBRATION,376.0,155.5
OBS_000107,07:03:00,3180.0,12004,ROUTE_NDLS_LKO_01,SYNTHETIC_SIMULATOR,OK,28.611021,77.485798,32.825,38.0,10.56,38.0,0.0,92.8,130.0,40.0,1237.64,SEC_GZB_ALJN,,GZB,ALJN,98.175,479.175,CRUISING,,,,,28.24,,,GREEN,LOW,True,,False,,JRN_NDLS_LKO_01_20260902_184646,0.2301,1.0,1.0,0.4541,1.0,MEDIUM,Predicted Fog Visibility Risk (Speed cap 40.0 km/h),40.0,155.0,756.6,07:03:00,30.0,BASELINE_HISTORICAL_CALIBRATION,375.5,155.0
OBS_000108,07:03:30,3210.0,12004,ROUTE_NDLS_LKO_01,SYNTHETIC_SIMULATOR,OK,28.608719,77.487741,33.142,38.0,10.56,38.0,0.0,92.8,130.0,40.0,1235.64,SEC_GZB_ALJN,,GZB,ALJN,97.858,478.858,CRUISING,,,,,28.5,,,GREEN,LOW,True,,False,,JRN_NDLS_LKO_01_20260902_184646,0.2301,1.0,1.0,0.4541,1.0,MEDIUM,Predicted Fog Visibility Risk (Speed cap 40.0 km/h),40.0,154.5,756.1,07:03:30,30.0,BASELINE_HISTORICAL_CALIBRATION,375.0,154.5
OBS_000109,07:04:00,3240.0,12004,ROUTE_NDLS_LKO_01,SYNTHETIC_SIMULATOR,OK,28.606417,77.489683,33.458,38.0,10.56,38.0,0.0,92.8,130.0,40.0,1233.65,SEC_GZB_ALJN,,GZB,ALJN,97.542,478.542,CRUISING,,,,,28.76,,,GREEN,LOW,True,,False,,JRN_NDLS_LKO_01_20260902_184646,0.2301,1.0,1.0,0.4541,1.0,MEDIUM,Predicted Fog Visibility Risk (Speed cap 40.0 km/h),40.0,154.0,755.6,07:04:00,30.0,BASELINE_HISTORICAL_CALIBRATION,374.5,154.0
OBS_000110,07:04:30,3270.0,12004,ROUTE_NDLS_LKO_01,SYNTHETIC_SIMULATOR,OK,28.604116,77.491626,33.775,38.0,10.56,38.0,0.0,92.8,130.0,40.0,1231.65,SEC_GZB_ALJN,,GZB,ALJN,97.225,478.225,CRUISING,,,,,29.01,,,GREEN,LOW,True,,False,,JRN_NDLS_LKO_01_20260902_184646,0.2301,1.0,1.0,0.4541,1.0,MEDIUM,Predicted Fog Visibility Risk (Speed cap 40.0 km/h),40.0,153.5,755.1,07:04:30,30.0,BASELINE_HISTORICAL_CALIBRATION,374.0,153.5
OBS_000111,07:05:00,3300.0,12004,ROUTE_NDLS_LKO_01,SYNTHETIC_SIMULATOR,OK,28.601814,77.493568,34.092,38.0,10.56,38.0,0.0,92.8,130.0,40.0,1229.65,SEC_GZB_ALJN,,GZB,ALJN,96.908,477.908,CRUISING,,,,,29.27,,,GREEN,LOW,True,,False,,JRN_NDLS_LKO_01_20260902_184646,0.2301,1.0,1.0,0.4541,1.0,MEDIUM,Predicted Fog Visibility Risk (Speed cap 40.0 km/h),40.0,153.0,754.6,07:05:00,30.0,BASELINE_HISTORICAL_CALIBRATION,373.5,153.0
OBS_000112,07:05:30,3330.0,12004,ROUTE_NDLS_LKO_01,SYNTHETIC_SIMULATOR,OK,28.599512,77.49551,34.408,38.0,10.56,38.0,0.0,92.8,130.0,40.0,1227.65,SEC_GZB_ALJN,,GZB,ALJN,96.592,477.592,CRUISING,,,,,29.53,,,GREEN,LOW,True,,False,,JRN_NDLS_LKO_01_20260902_184646,0.2301,1.0,1.0,0.4541,1.0,MEDIUM,Predicted Fog Visibility Risk (Speed cap 40.0 km/h),40.0,152.5,754.1,07:05:30,30.0,BASELINE_HISTORICAL_CALIBRATION,373.0,152.5
OBS_000113,07:06:00,3360.0,12004,ROUTE_NDLS_LKO_01,SYNTHETIC_SIMULATOR,OK,28.59721,77.497453,34.725,38.0,10.56,38.0,0.0,92.8,130.0,40.0,1225.64,SEC_GZB_ALJN,,GZB,ALJN,96.275,477.275,CRUISING,,,,,29.79,,,GREEN,LOW,True,,False,,JRN_NDLS_LKO_01_20260902_184646,0.2301,1.0,1.0,0.4541,1.0,MEDIUM,Predicted Fog Visibility Risk (Speed cap 40.0 km/h),40.0,152.0,753.6,07:06:00,30.0,BASELINE_HISTORICAL_CALIBRATION,372.5,152.0
OBS_000114,07:06:30,3390.0,12004,ROUTE_NDLS_LKO_01,SYNTHETIC_SIMULATOR,OK,28.594908,77.499395,35.042,38.0,10.56,38.0,0.0,92.8,130.0,40.0,1223.63,SEC_GZB_ALJN,,GZB,ALJN,95.958,476.958,CRUISING,,,,,30.05,,,GREEN,LOW,True,,False,,JRN_NDLS_LKO_01_20260902_184646,0.2301,1.0,1.0,0.4541,1.0,MEDIUM,Predicted Fog Visibility Risk (Speed cap 40.0 km/h),40.0,151.5,753.1,07:06:30,30.0,BASELINE_HISTORICAL_CALIBRATION,372.0,151.5
OBS_000115,07:07:00,3420.0,12004,ROUTE_NDLS_LKO_01,SYNTHETIC_SIMULATOR,OK,28.592607,77.501338,35.358,38.0,10.56,38.0,0.0,92.8,130.0,40.0,1221.62,SEC_GZB_ALJN,,GZB,ALJN,95.642,476.642,CRUISING,,,,,30.31,,,GREEN,LOW,True,,False,,JRN_NDLS_LKO_01_20260902_184646,0.2301,1.0,1.0,0.4541,1.0,MEDIUM,Predicted Fog Visibility Risk (Speed cap 40.0 km/h),40.0,151.0,752.6,07:07:00,30.0,BASELINE_HISTORICAL_CALIBRATION,371.5,151.0
OBS_000116,07:07:30,3450.0,12004,ROUTE_NDLS_LKO_01,SYNTHETIC_SIMULATOR,OK,28.590305,77.50328,35.675,38.0,10.56,38.0,0.0,92.8,130.0,40.0,1219.6,SEC_GZB_ALJN,,GZB,ALJN,95.325,476.325,CRUISING,,,,,30.57,,,GREEN,LOW,True,,False,,JRN_NDLS_LKO_01_20260902_184646,0.2301,1.0,1.0,0.4541,1.0,MEDIUM,Predicted Fog Visibility Risk (Speed cap 40.0 km/h),40.0,150.5,752.1,07:07:30,30.0,BASELINE_HISTORICAL_CALIBRATION,371.0,150.5
OBS_000117,07:08:00,3480.0,12004,ROUTE_NDLS_LKO_01,SYNTHETIC_SIMULATOR,OK,28.588003,77.505222,35.992,38.0,10.56,38.0,0.0,92.8,130.0,40.0,1217.58,SEC_GZB_ALJN,,GZB,ALJN,95.008,476.008,CRUISING,,,,,30.83,,,GREEN,LOW,True,,False,,JRN_NDLS_LKO_01_20260902_184646,0.2301,1.0,1.0,0.4541,1.0,MEDIUM,Predicted Fog Visibility Risk (Speed cap 40.0 km/h),40.0,150.0,751.6,07:08:00,30.0,BASELINE_HISTORICAL_CALIBRATION,370.5,150.0
OBS_000118,07:08:30,3510.0,12004,ROUTE_NDLS_LKO_01,SYNTHETIC_SIMULATOR,OK,28.585701,77.507165,36.308,38.0,10.56,38.0,0.0,92.8,130.0,40.0,1215.55,SEC_GZB_ALJN,,GZB,ALJN,94.692,475.692,CRUISING,,,,,31.08,,,GREEN,LOW,True,,False,,JRN_NDLS_LKO_01_20260902_184646,0.2301,1.0,1.0,0.4541,1.0,MEDIUM,Predicted Fog Visibility Risk (Speed cap 40.0 km/h),40.0,149.5,751.1,07:08:30,30.0,BASELINE_HISTORICAL_CALIBRATION,370.0,149.5
OBS_000119,07:09:00,3540.0,12004,ROUTE_NDLS_LKO_01,SYNTHETIC_SIMULATOR,OK,28.583399,77.509107,36.625,38.0,10.56,38.0,0.0,92.8,130.0,40.0,1213.53,SEC_GZB_ALJN,,GZB,ALJN,94.375,475.375,CRUISING,,,,,31.34,,,GREEN,LOW,True,,False,,JRN_NDLS_LKO_01_20260902_184646,0.2301,1.0,1.0,0.4541,1.0,MEDIUM,Predicted Fog Visibility Risk (Speed cap 40.0 km/h),40.0,149.0,750.6,07:09:00,30.0,BASELINE_HISTORICAL_CALIBRATION,369.5,149.0
OBS_000120,07:09:30,3570.0,12004,ROUTE_NDLS_LKO_01,SYNTHETIC_SIMULATOR,OK,28.581098,77.51105,36.942,38.0,10.56,38.0,0.0,92.8,130.0,40.0,1211.49,SEC_GZB_ALJN,,GZB,ALJN,94.058,475.058,CRUISING,,,,,31.6,,,GREEN,LOW,True,,False,,JRN_NDLS_LKO_01_20260902_184646,0.2301,1.0,1.0,0.4541,1.0,MEDIUM,Predicted Fog Visibility Risk (Speed cap 40.0 km/h),40.0,148.5,750.1,07:09:30,30.0,BASELINE_HISTORICAL_CALIBRATION,369.0,148.5
OBS_000121,07:10:00,3600.0,12004,ROUTE_NDLS_LKO_01,SYNTHETIC_SIMULATOR,OK,28.578796,77.512992,37.258,38.0,10.56,38.0,0.0,92.8,130.0,40.0,1209.46,SEC_GZB_ALJN,,GZB,ALJN,93.742,474.742,CRUISING,,,,,31.86,,,GREEN,LOW,True,,False,EVT_LKO_002,JRN_NDLS_LKO_01_20260902_184646,0.2301,1.0,1.0,0.4541,1.0,MEDIUM,Predicted Fog Visibility Risk (Speed cap 40.0 km/h),40.0,148.0,749.6,07:10:00,30.0,BASELINE_HISTORICAL_CALIBRATION,368.5,148.0
OBS_000122,07:10:30,3630.0,12004,ROUTE_NDLS_LKO_01,SYNTHETIC_SIMULATOR,OK,28.576494,77.514935,37.575,38.0,10.56,38.0,0.0,92.8,130.0,40.0,1207.42,SEC_GZB_ALJN,,GZB,ALJN,93.425,474.425,CRUISING,,,,,32.12,,,GREEN,LOW,True,,False,EVT_LKO_002,JRN_NDLS_LKO_01_20260902_184646,0.2301,1.0,1.0,0.4541,1.0,MEDIUM,Predicted Fog Visibility Risk (Speed cap 40.0 km/h),40.0,147.5,749.1,07:10:30,30.0,BASELINE_HISTORICAL_CALIBRATION,368.0,147.5
OBS_000123,07:11:00,3660.0,12004,ROUTE_NDLS_LKO_01,SYNTHETIC_SIMULATOR,OK,28.574192,77.516877,37.892,38.0,10.56,38.0,0.0,92.8,130.0,40.0,1205.38,SEC_GZB_ALJN,,GZB,ALJN,93.108,474.108,CRUISING,,,,,32.38,,,GREEN,LOW,True,,False,EVT_LKO_002,JRN_NDLS_LKO_01_20260902_184646,0.2301,1.0,1.0,0.4541,1.0,MEDIUM,Predicted Fog Visibility Risk (Speed cap 40.0 km/h),40.0,147.0,748.6,07:11:00,30.0,BASELINE_HISTORICAL_CALIBRATION,367.5,147.0
OBS_000124,07:11:30,3690.0,12004,ROUTE_NDLS_LKO_01,SYNTHETIC_SIMULATOR,OK,28.57189,77.518819,38.208,38.0,10.56,38.0,0.0,92.8,130.0,40.0,1203.34,SEC_GZB_ALJN,,GZB,ALJN,92.792,473.792,CRUISING,,,,,32.64,,,GREEN,LOW,True,,False,EVT_LKO_002,JRN_NDLS_LKO_01_20260902_184646,0.2301,1.0,1.0,0.4541,1.0,MEDIUM,Predicted Fog Visibility Risk (Speed cap 40.0 km/h),40.0,146.5,748.1,07:11:30,30.0,BASELINE_HISTORICAL_CALIBRATION,367.0,146.5
OBS_000125,07:12:00,3720.0,12004,ROUTE_NDLS_LKO_01,SYNTHETIC_SIMULATOR,OK,28.569589,77.520762,38.525,38.0,10.56,38.0,0.0,92.8,130.0,40.0,1201.29,SEC_GZB_ALJN,,GZB,ALJN,92.475,473.475,CRUISING,,,,,32.9,,,GREEN,LOW,True,,False,EVT_LKO_002,JRN_NDLS_LKO_01_20260902_184646,0.2301,1.0,1.0,0.4541,1.0,MEDIUM,Predicted Fog Visibility Risk (Speed cap 40.0 km/h),40.0,146.0,747.6,07:12:00,30.0,BASELINE_HISTORICAL_CALIBRATION,366.5,146.0
OBS_000126,07:12:30,3750.0,12004,ROUTE_NDLS_LKO_01,SYNTHETIC_SIMULATOR,OK,28.567287,77.522704,38.842,38.0,10.56,38.0,0.0,92.8,130.0,40.0,1199.24,SEC_GZB_ALJN,,GZB,ALJN,92.158,473.158,CRUISING,,,,,33.15,,,GREEN,LOW,True,,False,EVT_LKO_002,JRN_NDLS_LKO_01_20260902_184646,0.2301,1.0,1.0,0.4541,1.0,MEDIUM,Predicted Fog Visibility Risk (Speed cap 40.0 km/h),40.0,145.5,747.1,07:12:30,30.0,BASELINE_HISTORICAL_CALIBRATION,366.0,145.5
OBS_000127,07:13:00,3780.0,12004,ROUTE_NDLS_LKO_01,SYNTHETIC_SIMULATOR,OK,28.564985,77.524647,39.158,38.0,10.56,38.0,0.0,92.8,130.0,40.0,1197.18,SEC_GZB_ALJN,,GZB,ALJN,91.842,472.842,CRUISING,,,,,33.41,,,GREEN,LOW,True,,False,EVT_LKO_002,JRN_NDLS_LKO_01_20260902_184646,0.2301,1.0,1.0,0.4541,1.0,MEDIUM,Predicted Fog Visibility Risk (Speed cap 40.0 km/h),40.0,145.0,746.6,07:13:00,30.0,BASELINE_HISTORICAL_CALIBRATION,365.5,145.0
OBS_000128,07:13:30,3810.0,12004,ROUTE_NDLS_LKO_01,SYNTHETIC_SIMULATOR,OK,28.562683,77.526589,39.475,38.0,10.56,38.0,0.0,92.8,130.0,40.0,1195.12,SEC_GZB_ALJN,,GZB,ALJN,91.525,472.525,CRUISING,,,,,33.67,,,GREEN,LOW,True,,False,EVT_LKO_002,JRN_NDLS_LKO_01_20260902_184646,0.2301,1.0,1.0,0.4541,1.0,MEDIUM,Predicted Fog Visibility Risk (Speed cap 40.0 km/h),40.0,144.5,746.1,07:13:30,30.0,BASELINE_HISTORICAL_CALIBRATION,365.0,144.5
OBS_000129,07:14:00,3840.0,12004,ROUTE_NDLS_LKO_01,SYNTHETIC_SIMULATOR,OK,28.560381,77.528532,39.792,38.0,10.56,38.0,0.0,92.8,130.0,40.0,1193.06,SEC_GZB_ALJN,,GZB,ALJN,91.208,472.208,CRUISING,,,,,33.93,,,GREEN,LOW,True,,False,EVT_LKO_002,JRN_NDLS_LKO_01_20260902_184646,0.2301,1.0,1.0,0.4541,1.0,MEDIUM,Predicted Fog Visibility Risk (Speed cap 40.0 km/h),40.0,144.0,745.6,07:14:00,30.0,BASELINE_HISTORICAL_CALIBRATION,364.5,144.0
OBS_000130,07:14:30,3870.0,12004,ROUTE_NDLS_LKO_01,SYNTHETIC_SIMULATOR,OK,28.55808,77.530474,40.108,38.0,10.56,38.0,0.0,92.8,130.0,40.0,1191.0,SEC_GZB_ALJN,,GZB,ALJN,90.892,471.892,CRUISING,,,,,34.19,,,GREEN,LOW,True,,False,EVT_LKO_002,JRN_NDLS_LKO_01_20260902_184646,0.2301,1.0,1.0,0.4541,1.0,MEDIUM,Predicted Fog Visibility Risk (Speed cap 40.0 km/h),40.0,143.5,745.1,07:14:30,30.0,BASELINE_HISTORICAL_CALIBRATION,364.0,143.5
OBS_000131,07:15:00,3900.0,12004,ROUTE_NDLS_LKO_01,SYNTHETIC_SIMULATOR,OK,28.555778,77.532416,40.425,38.0,10.56,38.0,0.0,92.8,130.0,40.0,1188.93,SEC_GZB_ALJN,,GZB,ALJN,90.575,471.575,CRUISING,,,,,34.45,,,GREEN,LOW,True,,False,EVT_LKO_002,JRN_NDLS_LKO_01_20260902_184646,0.2301,1.0,1.0,0.4541,1.0,MEDIUM,Predicted Fog Visibility Risk (Speed cap 40.0 km/h),40.0,143.0,744.6,07:15:00,30.0,BASELINE_HISTORICAL_CALIBRATION,363.5,143.0
OBS_000132,07:15:30,3930.0,12004,ROUTE_NDLS_LKO_01,SYNTHETIC_SIMULATOR,OK,28.553476,77.534359,40.742,38.0,10.56,38.0,0.0,92.8,130.0,40.0,1186.85,SEC_GZB_ALJN,,GZB,ALJN,90.258,471.258,CRUISING,,,,,34.71,,,GREEN,LOW,True,,False,EVT_LKO_002,JRN_NDLS_LKO_01_20260902_184646,0.2301,1.0,1.0,0.4541,1.0,MEDIUM,Predicted Fog Visibility Risk (Speed cap 40.0 km/h),40.0,142.5,744.1,07:15:30,30.0,BASELINE_HISTORICAL_CALIBRATION,363.0,142.5
OBS_000133,07:16:00,3960.0,12004,ROUTE_NDLS_LKO_01,SYNTHETIC_SIMULATOR,OK,28.551174,77.536301,41.058,38.0,10.56,38.0,0.0,92.8,130.0,40.0,1184.78,SEC_GZB_ALJN,,GZB,ALJN,89.942,470.942,CRUISING,,,,,34.97,,,GREEN,LOW,True,,False,EVT_LKO_002,JRN_NDLS_LKO_01_20260902_184646,0.2301,1.0,1.0,0.4541,1.0,MEDIUM,Predicted Fog Visibility Risk (Speed cap 40.0 km/h),40.0,142.0,743.6,07:16:00,30.0,BASELINE_HISTORICAL_CALIBRATION,362.5,142.0
OBS_000134,07:16:30,3990.0,12004,ROUTE_NDLS_LKO_01,SYNTHETIC_SIMULATOR,OK,28.548872,77.538244,41.375,38.0,10.56,38.0,0.0,92.8,130.0,40.0,1182.7,SEC_GZB_ALJN,,GZB,ALJN,89.625,470.625,CRUISING,,,,,35.23,,,GREEN,LOW,True,,False,EVT_LKO_002,JRN_NDLS_LKO_01_20260902_184646,0.2301,1.0,1.0,0.4541,1.0,MEDIUM,Predicted Fog Visibility Risk (Speed cap 40.0 km/h),40.0,141.5,743.1,07:16:30,30.0,BASELINE_HISTORICAL_CALIBRATION,362.0,141.5
OBS_000135,07:17:00,4020.0,12004,ROUTE_NDLS_LKO_01,SYNTHETIC_SIMULATOR,OK,28.54657,77.540186,41.692,38.0,10.56,38.0,0.0,92.8,130.0,40.0,1180.61,SEC_GZB_ALJN,,GZB,ALJN,89.308,470.308,CRUISING,,,,,35.48,,,GREEN,LOW,True,,False,EVT_LKO_002,JRN_NDLS_LKO_01_20260902_184646,0.2301,1.0,1.0,0.4541,1.0,MEDIUM,Predicted Fog Visibility Risk (Speed cap 40.0 km/h),40.0,141.0,742.6,07:17:00,30.0,BASELINE_HISTORICAL_CALIBRATION,361.5,141.0
OBS_000136,07:17:30,4050.0,12004,ROUTE_NDLS_LKO_01,SYNTHETIC_SIMULATOR,OK,28.544269,77.542128,42.008,38.0,10.56,38.0,0.0,92.8,130.0,40.0,1178.53,SEC_GZB_ALJN,,GZB,ALJN,88.992,469.992,CRUISING,,,,,35.74,,,GREEN,LOW,True,,False,EVT_LKO_002,JRN_NDLS_LKO_01_20260902_184646,0.2301,1.0,1.0,0.4541,1.0,MEDIUM,Predicted Fog Visibility Risk (Speed cap 40.0 km/h),40.0,140.5,742.1,07:17:30,30.0,BASELINE_HISTORICAL_CALIBRATION,361.0,140.5
OBS_000137,07:18:00,4080.0,12004,ROUTE_NDLS_LKO_01,SYNTHETIC_SIMULATOR,OK,28.541967,77.544071,42.325,38.0,10.56,38.0,0.0,92.8,130.0,40.0,1176.43,SEC_GZB_ALJN,,GZB,ALJN,88.675,469.675,CRUISING,,,,,36.0,,,GREEN,LOW,True,,False,EVT_LKO_002,JRN_NDLS_LKO_01_20260902_184646,0.2301,1.0,1.0,0.4541,1.0,MEDIUM,Predicted Fog Visibility Risk (Speed cap 40.0 km/h),40.0,140.0,741.6,07:18:00,30.0,BASELINE_HISTORICAL_CALIBRATION,360.5,140.0
OBS_000138,07:18:30,4110.0,12004,ROUTE_NDLS_LKO_01,SYNTHETIC_SIMULATOR,OK,28.539665,77.546013,42.642,38.0,10.56,38.0,0.0,92.8,130.0,40.0,1174.34,SEC_GZB_ALJN,,GZB,ALJN,88.358,469.358,CRUISING,,,,,36.26,,,GREEN,LOW,True,,False,EVT_LKO_002,JRN_NDLS_LKO_01_20260902_184646,0.2301,1.0,1.0,0.4541,1.0,MEDIUM,Predicted Fog Visibility Risk (Speed cap 40.0 km/h),40.0,139.5,741.1,07:18:30,30.0,BASELINE_HISTORICAL_CALIBRATION,360.0,139.5
OBS_000139,07:19:00,4140.0,12004,ROUTE_NDLS_LKO_01,SYNTHETIC_SIMULATOR,OK,28.537363,77.547956,42.958,38.0,10.56,38.0,0.0,92.8,130.0,40.0,1172.24,SEC_GZB_ALJN,,GZB,ALJN,88.042,469.042,CRUISING,,,,,36.52,,,GREEN,LOW,True,,False,EVT_LKO_002,JRN_NDLS_LKO_01_20260902_184646,0.2301,1.0,1.0,0.4541,1.0,MEDIUM,Predicted Fog Visibility Risk (Speed cap 40.0 km/h),40.0,139.0,740.6,07:19:00,30.0,BASELINE_HISTORICAL_CALIBRATION,359.5,139.0
OBS_000140,07:19:30,4170.0,12004,ROUTE_NDLS_LKO_01,SYNTHETIC_SIMULATOR,OK,28.535061,77.549898,43.275,38.0,10.56,38.0,0.0,92.8,130.0,40.0,1170.14,SEC_GZB_ALJN,,GZB,ALJN,87.725,468.725,CRUISING,,,,,36.78,,,GREEN,LOW,True,,False,EVT_LKO_002,JRN_NDLS_LKO_01_20260902_184646,0.2301,1.0,1.0,0.4541,1.0,MEDIUM,Predicted Fog Visibility Risk (Speed cap 40.0 km/h),40.0,138.5,740.1,07:19:30,30.0,BASELINE_HISTORICAL_CALIBRATION,359.0,138.5
OBS_000141,07:20:00,4200.0,12004,ROUTE_NDLS_LKO_01,SYNTHETIC_SIMULATOR,OK,28.53276,77.551841,43.592,38.0,10.56,38.0,0.0,92.8,130.0,40.0,1168.03,SEC_GZB_ALJN,,GZB,ALJN,87.408,468.408,CRUISING,,,,,37.04,,,GREEN,LOW,True,,False,EVT_LKO_002,JRN_NDLS_LKO_01_20260902_184646,0.2301,1.0,1.0,0.4541,1.0,MEDIUM,Predicted Fog Visibility Risk (Speed cap 40.0 km/h),40.0,138.0,739.6,07:20:00,30.0,BASELINE_HISTORICAL_CALIBRATION,358.5,138.0
OBS_000142,07:20:30,4230.0,12004,ROUTE_NDLS_LKO_01,SYNTHETIC_SIMULATOR,OK,28.530458,77.553783,43.908,38.0,10.56,38.0,0.0,92.8,130.0,40.0,1165.92,SEC_GZB_ALJN,,GZB,ALJN,87.092,468.092,CRUISING,,,,,37.3,,,GREEN,LOW,True,,False,EVT_LKO_002,JRN_NDLS_LKO_01_20260902_184646,0.2301,1.0,1.0,0.4541,1.0,MEDIUM,Predicted Fog Visibility Risk (Speed cap 40.0 km/h),40.0,137.5,739.1,07:20:30,30.0,BASELINE_HISTORICAL_CALIBRATION,358.0,137.5
OBS_000143,07:21:00,4260.0,12004,ROUTE_NDLS_LKO_01,SYNTHETIC_SIMULATOR,OK,28.528156,77.555725,44.225,38.0,10.56,38.0,0.0,92.8,130.0,40.0,1163.81,SEC_GZB_ALJN,,GZB,ALJN,86.775,467.775,CRUISING,,,,,37.55,,,GREEN,LOW,True,,False,EVT_LKO_002,JRN_NDLS_LKO_01_20260902_184646,0.2301,1.0,1.0,0.4541,1.0,MEDIUM,Predicted Fog Visibility Risk (Speed cap 40.0 km/h),40.0,137.0,738.6,07:21:00,30.0,BASELINE_HISTORICAL_CALIBRATION,357.5,137.0
OBS_000144,07:21:30,4290.0,12004,ROUTE_NDLS_LKO_01,SYNTHETIC_SIMULATOR,OK,28.525854,77.557668,44.542,38.0,10.56,38.0,0.0,92.8,130.0,40.0,1161.69,SEC_GZB_ALJN,,GZB,ALJN,86.458,467.458,CRUISING,,,,,37.81,,,GREEN,LOW,True,,False,EVT_LKO_002,JRN_NDLS_LKO_01_20260902_184646,0.2301,1.0,1.0,0.4541,1.0,MEDIUM,Predicted Fog Visibility Risk (Speed cap 40.0 km/h),40.0,136.5,738.1,07:21:30,30.0,BASELINE_HISTORICAL_CALIBRATION,357.0,136.5
OBS_000145,07:22:00,4320.0,12004,ROUTE_NDLS_LKO_01,SYNTHETIC_SIMULATOR,OK,28.523552,77.55961,44.858,38.0,10.56,38.0,0.0,92.8,130.0,40.0,1159.57,SEC_GZB_ALJN,,GZB,ALJN,86.142,467.142,CRUISING,,,,,38.07,,,GREEN,LOW,True,,False,EVT_LKO_002,JRN_NDLS_LKO_01_20260902_184646,0.2301,1.0,1.0,0.4541,1.0,MEDIUM,Predicted Fog Visibility Risk (Speed cap 40.0 km/h),40.0,136.0,737.6,07:22:00,30.0,BASELINE_HISTORICAL_CALIBRATION,356.5,136.0
OBS_000146,07:22:30,4350.0,12004,ROUTE_NDLS_LKO_01,SYNTHETIC_SIMULATOR,OK,28.521251,77.561553,45.175,38.0,10.56,38.0,0.0,92.8,130.0,40.0,1157.44,SEC_GZB_ALJN,,GZB,ALJN,85.825,466.825,CRUISING,,,,,38.33,,,GREEN,LOW,True,,False,EVT_LKO_002,JRN_NDLS_LKO_01_20260902_184646,0.2301,1.0,1.0,0.4541,1.0,MEDIUM,Predicted Fog Visibility Risk (Speed cap 40.0 km/h),40.0,135.5,737.1,07:22:30,30.0,BASELINE_HISTORICAL_CALIBRATION,356.0,135.5
OBS_000147,07:23:00,4380.0,12004,ROUTE_NDLS_LKO_01,SYNTHETIC_SIMULATOR,OK,28.518949,77.563495,45.492,38.0,10.56,38.0,0.0,92.8,130.0,40.0,1155.31,SEC_GZB_ALJN,,GZB,ALJN,85.508,466.508,CRUISING,,,,,38.59,,,GREEN,LOW,True,,False,EVT_LKO_002,JRN_NDLS_LKO_01_20260902_184646,0.2301,1.0,1.0,0.4541,1.0,MEDIUM,Predicted Fog Visibility Risk (Speed cap 40.0 km/h),40.0,135.0,736.6,07:23:00,30.0,BASELINE_HISTORICAL_CALIBRATION,355.5,135.0
OBS_000148,07:23:30,4410.0,12004,ROUTE_NDLS_LKO_01,SYNTHETIC_SIMULATOR,OK,28.516647,77.565438,45.808,38.0,10.56,38.0,0.0,92.8,130.0,40.0,1153.18,SEC_GZB_ALJN,,GZB,ALJN,85.192,466.192,CRUISING,,,,,38.85,,,GREEN,LOW,True,,False,EVT_LKO_002,JRN_NDLS_LKO_01_20260902_184646,0.2301,1.0,1.0,0.4541,1.0,MEDIUM,Predicted Fog Visibility Risk (Speed cap 40.0 km/h),40.0,134.5,736.1,07:23:30,30.0,BASELINE_HISTORICAL_CALIBRATION,355.0,134.5
OBS_000149,07:24:00,4440.0,12004,ROUTE_NDLS_LKO_01,SYNTHETIC_SIMULATOR,OK,28.514345,77.56738,46.125,38.0,10.56,38.0,0.0,92.8,130.0,40.0,1151.04,SEC_GZB_ALJN,,GZB,ALJN,84.875,465.875,CRUISING,,,,,39.11,,,GREEN,LOW,True,,False,EVT_LKO_002,JRN_NDLS_LKO_01_20260902_184646,0.2301,1.0,1.0,0.4541,1.0,MEDIUM,Predicted Fog Visibility Risk (Speed cap 40.0 km/h),40.0,134.0,735.6,07:24:00,30.0,BASELINE_HISTORICAL_CALIBRATION,354.5,134.0
OBS_000150,07:24:30,4470.0,12004,ROUTE_NDLS_LKO_01,SYNTHETIC_SIMULATOR,OK,28.512043,77.569322,46.442,38.0,10.56,38.0,0.0,92.8,130.0,40.0,1148.9,SEC_GZB_ALJN,,GZB,ALJN,84.558,465.558,CRUISING,,,,,39.37,,,GREEN,LOW,True,,False,EVT_LKO_002,JRN_NDLS_LKO_01_20260902_184646,0.2301,1.0,1.0,0.4541,1.0,MEDIUM,Predicted Fog Visibility Risk (Speed cap 40.0 km/h),40.0,133.5,735.1,07:24:30,30.0,BASELINE_HISTORICAL_CALIBRATION,354.0,133.5
OBS_000151,07:25:00,4500.0,12004,ROUTE_NDLS_LKO_01,SYNTHETIC_SIMULATOR,OK,28.509742,77.571265,46.758,38.0,10.56,38.0,0.0,92.8,130.0,40.0,1146.76,SEC_GZB_ALJN,,GZB,ALJN,84.242,465.242,CRUISING,,,,,39.62,,,GREEN,LOW,True,,False,EVT_LKO_002,JRN_NDLS_LKO_01_20260902_184646,0.2301,1.0,1.0,0.4541,1.0,MEDIUM,Predicted Fog Visibility Risk (Speed cap 40.0 km/h),40.0,133.0,734.6,07:25:00,30.0,BASELINE_HISTORICAL_CALIBRATION,353.5,133.0
OBS_000152,07:25:30,4530.0,12004,ROUTE_NDLS_LKO_01,SYNTHETIC_SIMULATOR,OK,28.50744,77.573207,47.075,38.0,10.56,38.0,0.0,92.8,130.0,40.0,1144.61,SEC_GZB_ALJN,,GZB,ALJN,83.925,464.925,CRUISING,,,,,39.88,,,GREEN,LOW,True,,False,EVT_LKO_002,JRN_NDLS_LKO_01_20260902_184646,0.2301,1.0,1.0,0.4541,1.0,MEDIUM,Predicted Fog Visibility Risk (Speed cap 40.0 km/h),40.0,132.5,734.1,07:25:30,30.0,BASELINE_HISTORICAL_CALIBRATION,353.0,132.5
OBS_000153,07:26:00,4560.0,12004,ROUTE_NDLS_LKO_01,SYNTHETIC_SIMULATOR,OK,28.505138,77.57515,47.392,38.0,10.56,38.0,0.0,92.8,130.0,40.0,1142.45,SEC_GZB_ALJN,,GZB,ALJN,83.608,464.608,CRUISING,,,,,40.14,,,GREEN,LOW,True,,False,EVT_LKO_002,JRN_NDLS_LKO_01_20260902_184646,0.2301,1.0,1.0,0.4541,1.0,MEDIUM,Predicted Fog Visibility Risk (Speed cap 40.0 km/h),40.0,132.0,733.6,07:26:00,30.0,BASELINE_HISTORICAL_CALIBRATION,352.5,132.0
OBS_000154,07:26:30,4590.0,12004,ROUTE_NDLS_LKO_01,SYNTHETIC_SIMULATOR,OK,28.502836,77.577092,47.708,38.0,10.56,38.0,0.0,92.8,130.0,40.0,1140.3,SEC_GZB_ALJN,,GZB,ALJN,83.292,464.292,CRUISING,,,,,40.4,,,GREEN,LOW,True,,False,EVT_LKO_002,JRN_NDLS_LKO_01_20260902_184646,0.2301,1.0,1.0,0.4541,1.0,MEDIUM,Predicted Fog Visibility Risk (Speed cap 40.0 km/h),40.0,131.5,733.1,07:26:30,30.0,BASELINE_HISTORICAL_CALIBRATION,352.0,131.5
OBS_000155,07:27:00,4620.0,12004,ROUTE_NDLS_LKO_01,SYNTHETIC_SIMULATOR,OK,28.500534,77.579034,48.025,38.0,10.56,38.0,0.0,92.8,130.0,40.0,1138.14,SEC_GZB_ALJN,,GZB,ALJN,82.975,463.975,CRUISING,,,,,40.66,,,GREEN,LOW,True,,False,EVT_LKO_002,JRN_NDLS_LKO_01_20260902_184646,0.2301,1.0,1.0,0.4541,1.0,MEDIUM,Predicted Fog Visibility Risk (Speed cap 40.0 km/h),40.0,131.0,732.6,07:27:00,30.0,BASELINE_HISTORICAL_CALIBRATION,351.5,131.0
OBS_000156,07:27:30,4650.0,12004,ROUTE_NDLS_LKO_01,SYNTHETIC_SIMULATOR,OK,28.498233,77.580977,48.342,38.0,10.56,38.0,0.0,92.8,130.0,40.0,1135.97,SEC_GZB_ALJN,,GZB,ALJN,82.658,463.658,CRUISING,,,,,40.92,,,GREEN,LOW,True,,False,EVT_LKO_002,JRN_NDLS_LKO_01_20260902_184646,0.2301,1.0,1.0,0.4541,1.0,MEDIUM,Predicted Fog Visibility Risk (Speed cap 40.0 km/h),40.0,130.5,732.1,07:27:30,30.0,BASELINE_HISTORICAL_CALIBRATION,351.0,130.5
OBS_000157,07:28:00,4680.0,12004,ROUTE_NDLS_LKO_01,SYNTHETIC_SIMULATOR,OK,28.495931,77.582919,48.658,38.0,10.56,38.0,0.0,92.8,130.0,40.0,1133.8,SEC_GZB_ALJN,,GZB,ALJN,82.342,463.342,CRUISING,,,,,41.18,,,GREEN,LOW,True,,False,EVT_LKO_002,JRN_NDLS_LKO_01_20260902_184646,0.2301,1.0,1.0,0.4541,1.0,MEDIUM,Predicted Fog Visibility Risk (Speed cap 40.0 km/h),40.0,130.0,731.6,07:28:00,30.0,BASELINE_HISTORICAL_CALIBRATION,350.5,130.0
OBS_000158,07:28:30,4710.0,12004,ROUTE_NDLS_LKO_01,SYNTHETIC_SIMULATOR,OK,28.493629,77.584862,48.975,38.0,10.56,38.0,0.0,92.8,130.0,40.0,1131.63,SEC_GZB_ALJN,,GZB,ALJN,82.025,463.025,CRUISING,,,,,41.44,,,GREEN,LOW,True,,False,EVT_LKO_002,JRN_NDLS_LKO_01_20260902_184646,0.2301,1.0,1.0,0.4541,1.0,MEDIUM,Predicted Fog Visibility Risk (Speed cap 40.0 km/h),40.0,129.5,731.1,07:28:30,30.0,BASELINE_HISTORICAL_CALIBRATION,350.0,129.5
OBS_000159,07:29:00,4740.0,12004,ROUTE_NDLS_LKO_01,SYNTHETIC_SIMULATOR,OK,28.491327,77.586804,49.292,38.0,10.56,38.0,0.0,92.8,130.0,40.0,1129.45,SEC_GZB_ALJN,,GZB,ALJN,81.708,462.708,CRUISING,,,,,41.69,,,GREEN,LOW,True,,False,EVT_LKO_002,JRN_NDLS_LKO_01_20260902_184646,0.2301,1.0,1.0,0.4541,1.0,MEDIUM,Predicted Fog Visibility Risk (Speed cap 40.0 km/h),40.0,129.0,730.6,07:29:00,30.0,BASELINE_HISTORICAL_CALIBRATION,349.5,129.0
OBS_000160,07:29:30,4770.0,12004,ROUTE_NDLS_LKO_01,SYNTHETIC_SIMULATOR,OK,28.489025,77.588747,49.608,38.0,10.56,38.0,0.0,92.8,130.0,40.0,1127.27,SEC_GZB_ALJN,,GZB,ALJN,81.392,462.392,CRUISING,,,,,41.95,,,GREEN,LOW,True,,False,EVT_LKO_002,JRN_NDLS_LKO_01_20260902_184646,0.2301,1.0,1.0,0.4541,1.0,MEDIUM,Predicted Fog Visibility Risk (Speed cap 40.0 km/h),40.0,128.5,730.1,07:29:30,30.0,BASELINE_HISTORICAL_CALIBRATION,349.0,128.5
OBS_000161,07:30:00,4800.0,12004,ROUTE_NDLS_LKO_01,SYNTHETIC_SIMULATOR,OK,28.486723,77.590689,49.925,38.0,10.56,38.0,0.0,92.8,130.0,40.0,1125.08,SEC_GZB_ALJN,,GZB,ALJN,81.075,462.075,CRUISING,,,,,42.21,,,GREEN,LOW,True,,False,EVT_LKO_002,JRN_NDLS_LKO_01_20260902_184646,0.2301,1.0,1.0,0.4541,1.0,MEDIUM,Predicted Fog Visibility Risk (Speed cap 40.0 km/h),40.0,128.0,729.6,07:30:00,30.0,BASELINE_HISTORICAL_CALIBRATION,348.5,128.0
OBS_000162,07:30:30,4830.0,12004,ROUTE_NDLS_LKO_01,SYNTHETIC_SIMULATOR,OK,28.484422,77.592631,50.242,38.0,10.56,38.0,0.0,92.8,130.0,40.0,1122.89,SEC_GZB_ALJN,,GZB,ALJN,80.758,461.758,CRUISING,,,,,42.47,,,GREEN,LOW,True,,False,EVT_LKO_002,JRN_NDLS_LKO_01_20260902_184646,0.2301,1.0,1.0,0.4541,1.0,MEDIUM,Predicted Fog Visibility Risk (Speed cap 40.0 km/h),40.0,127.5,729.1,07:30:30,30.0,BASELINE_HISTORICAL_CALIBRATION,348.0,127.5
OBS_000163,07:31:00,4860.0,12004,ROUTE_NDLS_LKO_01,SYNTHETIC_SIMULATOR,OK,28.48212,77.594574,50.558,38.0,10.56,38.0,0.0,92.8,130.0,40.0,1120.69,SEC_GZB_ALJN,,GZB,ALJN,80.442,461.442,CRUISING,,,,,42.73,,,GREEN,LOW,True,,False,EVT_LKO_002,JRN_NDLS_LKO_01_20260902_184646,0.2301,1.0,1.0,0.4541,1.0,MEDIUM,Predicted Fog Visibility Risk (Speed cap 40.0 km/h),40.0,127.0,728.6,07:31:00,30.0,BASELINE_HISTORICAL_CALIBRATION,347.5,127.0
OBS_000164,07:31:30,4890.0,12004,ROUTE_NDLS_LKO_01,SYNTHETIC_SIMULATOR,OK,28.479818,77.596516,50.875,38.0,10.56,38.0,0.0,92.8,130.0,40.0,1118.49,SEC_GZB_ALJN,,GZB,ALJN,80.125,461.125,CRUISING,,,,,42.99,,,GREEN,LOW,True,,False,EVT_LKO_002,JRN_NDLS_LKO_01_20260902_184646,0.2301,1.0,1.0,0.4541,1.0,MEDIUM,Predicted Fog Visibility Risk (Speed cap 40.0 km/h),40.0,126.5,728.1,07:31:30,30.0,BASELINE_HISTORICAL_CALIBRATION,347.0,126.5
OBS_000165,07:32:00,4920.0,12004,ROUTE_NDLS_LKO_01,SYNTHETIC_SIMULATOR,OK,28.477516,77.598459,51.192,38.0,10.56,38.0,0.0,92.8,130.0,40.0,1116.29,SEC_GZB_ALJN,,GZB,ALJN,79.808,460.808,CRUISING,,,,,43.25,,,GREEN,LOW,True,,False,EVT_LKO_002,JRN_NDLS_LKO_01_20260902_184646,0.2301,1.0,1.0,0.4541,1.0,MEDIUM,Predicted Fog Visibility Risk (Speed cap 40.0 km/h),40.0,126.0,727.6,07:32:00,30.0,BASELINE_HISTORICAL_CALIBRATION,346.5,126.0
OBS_000166,07:32:30,4950.0,12004,ROUTE_NDLS_LKO_01,SYNTHETIC_SIMULATOR,OK,28.475214,77.600401,51.508,38.0,10.56,38.0,0.0,92.8,130.0,40.0,1114.08,SEC_GZB_ALJN,,GZB,ALJN,79.492,460.492,CRUISING,,,,,43.51,,,GREEN,LOW,True,,False,EVT_LKO_002,JRN_NDLS_LKO_01_20260902_184646,0.2301,1.0,1.0,0.4541,1.0,MEDIUM,Predicted Fog Visibility Risk (Speed cap 40.0 km/h),40.0,125.5,727.1,07:32:30,30.0,BASELINE_HISTORICAL_CALIBRATION,346.0,125.5
OBS_000167,07:33:00,4980.0,12004,ROUTE_NDLS_LKO_01,SYNTHETIC_SIMULATOR,OK,28.472913,77.602344,51.825,38.0,10.56,38.0,0.0,92.8,130.0,40.0,1111.87,SEC_GZB_ALJN,,GZB,ALJN,79.175,460.175,CRUISING,,,,,43.77,,,GREEN,LOW,True,,False,EVT_LKO_002,JRN_NDLS_LKO_01_20260902_184646,0.2301,1.0,1.0,0.4541,1.0,MEDIUM,Predicted Fog Visibility Risk (Speed cap 40.0 km/h),40.0,125.0,726.6,07:33:00,30.0,BASELINE_HISTORICAL_CALIBRATION,345.5,125.0
OBS_000168,07:33:30,5010.0,12004,ROUTE_NDLS_LKO_01,SYNTHETIC_SIMULATOR,OK,28.470611,77.604286,52.142,38.0,10.56,38.0,0.0,92.8,130.0,40.0,1109.65,SEC_GZB_ALJN,,GZB,ALJN,78.858,459.858,CRUISING,,,,,44.02,,,GREEN,LOW,True,,False,EVT_LKO_002,JRN_NDLS_LKO_01_20260902_184646,0.2301,1.0,1.0,0.4541,1.0,MEDIUM,Predicted Fog Visibility Risk (Speed cap 40.0 km/h),40.0,124.5,726.1,07:33:30,30.0,BASELINE_HISTORICAL_CALIBRATION,345.0,124.5
OBS_000169,07:34:00,5040.0,12004,ROUTE_NDLS_LKO_01,SYNTHETIC_SIMULATOR,OK,28.468309,77.606228,52.458,38.0,10.56,38.0,0.0,92.8,130.0,40.0,1107.43,SEC_GZB_ALJN,,GZB,ALJN,78.542,459.542,CRUISING,,,,,44.28,,,GREEN,LOW,True,,False,EVT_LKO_002,JRN_NDLS_LKO_01_20260902_184646,0.2301,1.0,1.0,0.4541,1.0,MEDIUM,Predicted Fog Visibility Risk (Speed cap 40.0 km/h),40.0,124.0,725.6,07:34:00,30.0,BASELINE_HISTORICAL_CALIBRATION,344.5,124.0
OBS_000170,07:34:30,5070.0,12004,ROUTE_NDLS_LKO_01,SYNTHETIC_SIMULATOR,OK,28.466007,77.608171,52.775,38.0,10.56,38.0,0.0,92.8,130.0,40.0,1105.21,SEC_GZB_ALJN,,GZB,ALJN,78.225,459.225,CRUISING,,,,,44.54,,,GREEN,LOW,True,,False,EVT_LKO_002,JRN_NDLS_LKO_01_20260902_184646,0.2301,1.0,1.0,0.4541,1.0,MEDIUM,Predicted Fog Visibility Risk (Speed cap 40.0 km/h),40.0,123.5,725.1,07:34:30,30.0,BASELINE_HISTORICAL_CALIBRATION,344.0,123.5
OBS_000171,07:35:00,5100.0,12004,ROUTE_NDLS_LKO_01,SYNTHETIC_SIMULATOR,OK,28.463705,77.610113,53.092,38.0,10.56,38.0,0.0,92.8,130.0,40.0,1102.98,SEC_GZB_ALJN,,GZB,ALJN,77.908,458.908,CRUISING,,,,,44.8,,,GREEN,LOW,True,,False,EVT_LKO_002,JRN_NDLS_LKO_01_20260902_184646,0.2301,1.0,1.0,0.4541,1.0,MEDIUM,Predicted Fog Visibility Risk (Speed cap 40.0 km/h),40.0,123.0,724.6,07:35:00,30.0,BASELINE_HISTORICAL_CALIBRATION,343.5,123.0
OBS_000172,07:35:30,5130.0,12004,ROUTE_NDLS_LKO_01,SYNTHETIC_SIMULATOR,OK,28.461404,77.612056,53.408,38.0,10.56,38.0,0.0,92.8,130.0,40.0,1100.74,SEC_GZB_ALJN,,GZB,ALJN,77.592,458.592,CRUISING,,,,,45.06,,,GREEN,LOW,True,,False,EVT_LKO_002,JRN_NDLS_LKO_01_20260902_184646,0.2301,1.0,1.0,0.4541,1.0,MEDIUM,Predicted Fog Visibility Risk (Speed cap 40.0 km/h),40.0,122.5,724.1,07:35:30,30.0,BASELINE_HISTORICAL_CALIBRATION,343.0,122.5
OBS_000173,07:36:00,5160.0,12004,ROUTE_NDLS_LKO_01,SYNTHETIC_SIMULATOR,OK,28.459102,77.613998,53.725,38.0,10.56,38.0,0.0,92.8,130.0,40.0,1098.5,SEC_GZB_ALJN,,GZB,ALJN,77.275,458.275,CRUISING,,,,,45.32,,,GREEN,LOW,True,,False,EVT_LKO_002,JRN_NDLS_LKO_01_20260902_184646,0.2301,1.0,1.0,0.4541,1.0,MEDIUM,Predicted Fog Visibility Risk (Speed cap 40.0 km/h),40.0,122.0,723.6,07:36:00,30.0,BASELINE_HISTORICAL_CALIBRATION,342.5,122.0
OBS_000174,07:36:30,5190.0,12004,ROUTE_NDLS_LKO_01,SYNTHETIC_SIMULATOR,OK,28.4568,77.61594,54.042,38.0,10.56,38.0,0.0,92.8,130.0,40.0,1096.26,SEC_GZB_ALJN,,GZB,ALJN,76.958,457.958,CRUISING,,,,,45.58,,,GREEN,LOW,True,,False,EVT_LKO_002,JRN_NDLS_LKO_01_20260902_184646,0.2301,1.0,1.0,0.4541,1.0,MEDIUM,Predicted Fog Visibility Risk (Speed cap 40.0 km/h),40.0,121.5,723.1,07:36:30,30.0,BASELINE_HISTORICAL_CALIBRATION,342.0,121.5
OBS_000175,07:37:00,5220.0,12004,ROUTE_NDLS_LKO_01,SYNTHETIC_SIMULATOR,OK,28.454498,77.617883,54.358,38.0,10.56,38.0,0.0,92.8,130.0,40.0,1094.01,SEC_GZB_ALJN,,GZB,ALJN,76.642,457.642,CRUISING,,,,,45.84,,,GREEN,LOW,True,,False,EVT_LKO_002,JRN_NDLS_LKO_01_20260902_184646,0.2301,1.0,1.0,0.4541,1.0,MEDIUM,Predicted Fog Visibility Risk (Speed cap 40.0 km/h),40.0,121.0,722.6,07:37:00,30.0,BASELINE_HISTORICAL_CALIBRATION,341.5,121.0
OBS_000176,07:37:30,5250.0,12004,ROUTE_NDLS_LKO_01,SYNTHETIC_SIMULATOR,OK,28.452196,77.619825,54.675,38.0,10.56,38.0,0.0,92.8,130.0,40.0,1091.76,SEC_GZB_ALJN,,GZB,ALJN,76.325,457.325,CRUISING,,,,,46.09,,,GREEN,LOW,True,,False,EVT_LKO_002,JRN_NDLS_LKO_01_20260902_184646,0.2301,1.0,1.0,0.4541,1.0,MEDIUM,Predicted Fog Visibility Risk (Speed cap 40.0 km/h),40.0,120.5,722.1,07:37:30,30.0,BASELINE_HISTORICAL_CALIBRATION,341.0,120.5
OBS_000177,07:38:00,5280.0,12004,ROUTE_NDLS_LKO_01,SYNTHETIC_SIMULATOR,OK,28.449895,77.621768,54.992,38.0,10.56,38.0,0.0,92.8,130.0,40.0,1089.5,SEC_GZB_ALJN,,GZB,ALJN,76.008,457.008,CRUISING,,,,,46.35,,,GREEN,LOW,True,,False,EVT_LKO_002,JRN_NDLS_LKO_01_20260902_184646,0.2301,1.0,1.0,0.4541,1.0,MEDIUM,Predicted Fog Visibility Risk (Speed cap 40.0 km/h),40.0,120.0,721.6,07:38:00,30.0,BASELINE_HISTORICAL_CALIBRATION,340.5,120.0
OBS_000178,07:38:30,5310.0,12004,ROUTE_NDLS_LKO_01,SYNTHETIC_SIMULATOR,OK,28.447593,77.62371,55.308,38.0,10.56,38.0,0.0,92.8,130.0,40.0,1087.24,SEC_GZB_ALJN,,GZB,ALJN,75.692,456.692,CRUISING,,,,,46.61,,,GREEN,LOW,True,,False,EVT_LKO_002,JRN_NDLS_LKO_01_20260902_184646,0.2301,1.0,1.0,0.4541,1.0,MEDIUM,Predicted Fog Visibility Risk (Speed cap 40.0 km/h),40.0,119.5,721.1,07:38:30,30.0,BASELINE_HISTORICAL_CALIBRATION,340.0,119.5
OBS_000179,07:39:00,5340.0,12004,ROUTE_NDLS_LKO_01,SYNTHETIC_SIMULATOR,OK,28.445291,77.625653,55.625,38.0,10.56,38.0,0.0,92.8,130.0,40.0,1084.97,SEC_GZB_ALJN,,GZB,ALJN,75.375,456.375,CRUISING,,,,,46.87,,,GREEN,LOW,True,,False,EVT_LKO_002,JRN_NDLS_LKO_01_20260902_184646,0.2301,1.0,1.0,0.4541,1.0,MEDIUM,Predicted Fog Visibility Risk (Speed cap 40.0 km/h),40.0,119.0,720.6,07:39:00,30.0,BASELINE_HISTORICAL_CALIBRATION,339.5,119.0
OBS_000180,07:39:30,5370.0,12004,ROUTE_NDLS_LKO_01,SYNTHETIC_SIMULATOR,OK,28.442989,77.627595,55.942,38.0,10.56,38.0,0.0,92.8,130.0,40.0,1082.7,SEC_GZB_ALJN,,GZB,ALJN,75.058,456.058,CRUISING,,,,,47.13,,,GREEN,LOW,True,,False,EVT_LKO_002,JRN_NDLS_LKO_01_20260902_184646,0.2301,1.0,1.0,0.4541,1.0,MEDIUM,Predicted Fog Visibility Risk (Speed cap 40.0 km/h),40.0,118.5,720.1,07:39:30,30.0,BASELINE_HISTORICAL_CALIBRATION,339.0,118.5
OBS_000181,07:40:00,5400.0,12004,ROUTE_NDLS_LKO_01,SYNTHETIC_SIMULATOR,OK,28.440687,77.629537,56.258,38.0,10.56,38.0,0.0,92.8,130.0,40.0,1080.42,SEC_GZB_ALJN,,GZB,ALJN,74.742,455.742,CRUISING,,,,,47.39,,,GREEN,LOW,True,,False,EVT_LKO_002,JRN_NDLS_LKO_01_20260902_184646,0.2301,1.0,1.0,0.4541,1.0,MEDIUM,Predicted Fog Visibility Risk (Speed cap 40.0 km/h),40.0,118.0,719.6,07:40:00,30.0,BASELINE_HISTORICAL_CALIBRATION,338.5,118.0
OBS_000182,07:40:30,5430.0,12004,ROUTE_NDLS_LKO_01,SYNTHETIC_SIMULATOR,OK,28.438385,77.63148,56.575,38.0,10.56,38.0,0.0,92.8,130.0,40.0,1078.14,SEC_GZB_ALJN,,GZB,ALJN,74.425,455.425,CRUISING,,,,,47.65,,,GREEN,LOW,True,,False,,JRN_NDLS_LKO_01_20260902_184646,0.2301,1.0,1.0,0.4541,1.0,MEDIUM,Predicted Fog Visibility Risk (Speed cap 40.0 km/h),40.0,117.5,719.1,07:40:30,30.0,BASELINE_HISTORICAL_CALIBRATION,338.0,117.5
OBS_000183,07:41:00,5460.0,12004,ROUTE_NDLS_LKO_01,SYNTHETIC_SIMULATOR,OK,28.436084,77.633422,56.892,38.0,10.56,38.0,0.0,92.8,130.0,40.0,1075.85,SEC_GZB_ALJN,,GZB,ALJN,74.108,455.108,CRUISING,,,,,47.91,,,GREEN,LOW,True,,False,,JRN_NDLS_LKO_01_20260902_184646,0.2301,1.0,1.0,0.4541,1.0,MEDIUM,Predicted Fog Visibility Risk (Speed cap 40.0 km/h),40.0,117.0,718.6,07:41:00,30.0,BASELINE_HISTORICAL_CALIBRATION,337.5,117.0
OBS_000184,07:41:30,5490.0,12004,ROUTE_NDLS_LKO_01,SYNTHETIC_SIMULATOR,OK,28.433782,77.635365,57.208,38.0,10.56,38.0,0.0,92.8,130.0,40.0,1073.56,SEC_GZB_ALJN,,GZB,ALJN,73.792,454.792,CRUISING,,,,,48.16,,,GREEN,LOW,True,,False,,JRN_NDLS_LKO_01_20260902_184646,0.2301,1.0,1.0,0.4541,1.0,MEDIUM,Predicted Fog Visibility Risk (Speed cap 40.0 km/h),40.0,116.5,718.1,07:41:30,30.0,BASELINE_HISTORICAL_CALIBRATION,337.0,116.5
OBS_000185,07:42:00,5520.0,12004,ROUTE_NDLS_LKO_01,SYNTHETIC_SIMULATOR,OK,28.43148,77.637307,57.525,38.0,10.56,38.0,0.0,92.8,130.0,40.0,1071.26,SEC_GZB_ALJN,,GZB,ALJN,73.475,454.475,CRUISING,,,,,48.42,,,GREEN,LOW,True,,False,,JRN_NDLS_LKO_01_20260902_184646,0.2301,1.0,1.0,0.4541,1.0,MEDIUM,Predicted Fog Visibility Risk (Speed cap 40.0 km/h),40.0,116.0,717.6,07:42:00,30.0,BASELINE_HISTORICAL_CALIBRATION,336.5,116.0
OBS_000186,07:42:30,5550.0,12004,ROUTE_NDLS_LKO_01,SYNTHETIC_SIMULATOR,OK,28.429178,77.63925,57.842,38.0,10.56,38.0,0.0,92.8,130.0,40.0,1068.96,SEC_GZB_ALJN,,GZB,ALJN,73.158,454.158,CRUISING,,,,,48.68,,,GREEN,LOW,True,,False,,JRN_NDLS_LKO_01_20260902_184646,0.2301,1.0,1.0,0.4541,1.0,MEDIUM,Predicted Fog Visibility Risk (Speed cap 40.0 km/h),40.0,115.5,717.1,07:42:30,30.0,BASELINE_HISTORICAL_CALIBRATION,336.0,115.5
OBS_000187,07:43:00,5580.0,12004,ROUTE_NDLS_LKO_01,SYNTHETIC_SIMULATOR,OK,28.426876,77.641192,58.158,38.0,10.56,38.0,0.0,92.8,130.0,40.0,1066.66,SEC_GZB_ALJN,,GZB,ALJN,72.842,453.842,CRUISING,,,,,48.94,,,GREEN,LOW,True,,False,,JRN_NDLS_LKO_01_20260902_184646,0.2301,1.0,1.0,0.4541,1.0,MEDIUM,Predicted Fog Visibility Risk (Speed cap 40.0 km/h),40.0,115.0,716.6,07:43:00,30.0,BASELINE_HISTORICAL_CALIBRATION,335.5,115.0
OBS_000188,07:43:30,5610.0,12004,ROUTE_NDLS_LKO_01,SYNTHETIC_SIMULATOR,OK,28.424575,77.643134,58.475,38.0,10.56,38.0,0.0,92.8,130.0,40.0,1064.35,SEC_GZB_ALJN,,GZB,ALJN,72.525,453.525,CRUISING,,,,,49.2,,,GREEN,LOW,True,,False,,JRN_NDLS_LKO_01_20260902_184646,0.2301,1.0,1.0,0.4541,1.0,MEDIUM,Predicted Fog Visibility Risk (Speed cap 40.0 km/h),40.0,114.5,716.1,07:43:30,30.0,BASELINE_HISTORICAL_CALIBRATION,335.0,114.5
OBS_000189,07:44:00,5640.0,12004,ROUTE_NDLS_LKO_01,SYNTHETIC_SIMULATOR,OK,28.422273,77.645077,58.792,38.0,10.56,38.0,0.0,92.8,130.0,40.0,1062.03,SEC_GZB_ALJN,,GZB,ALJN,72.208,453.208,CRUISING,,,,,49.46,,,GREEN,LOW,True,,False,,JRN_NDLS_LKO_01_20260902_184646,0.2301,1.0,1.0,0.4541,1.0,MEDIUM,Predicted Fog Visibility Risk (Speed cap 40.0 km/h),40.0,114.0,715.6,07:44:00,30.0,BASELINE_HISTORICAL_CALIBRATION,334.5,114.0
OBS_000190,07:44:30,5670.0,12004,ROUTE_NDLS_LKO_01,SYNTHETIC_SIMULATOR,OK,28.419971,77.647019,59.108,38.0,10.56,38.0,0.0,92.8,130.0,40.0,1059.71,SEC_GZB_ALJN,,GZB,ALJN,71.892,452.892,CRUISING,,,,,49.72,,,GREEN,LOW,True,,False,,JRN_NDLS_LKO_01_20260902_184646,0.2301,1.0,1.0,0.4541,1.0,MEDIUM,Predicted Fog Visibility Risk (Speed cap 40.0 km/h),40.0,113.5,715.1,07:44:30,30.0,BASELINE_HISTORICAL_CALIBRATION,334.0,113.5
OBS_000191,07:45:00,5700.0,12004,ROUTE_NDLS_LKO_01,SYNTHETIC_SIMULATOR,OK,28.417669,77.648962,59.425,38.0,10.56,38.0,0.0,92.8,130.0,40.0,1057.38,SEC_GZB_ALJN,,GZB,ALJN,71.575,452.575,CRUISING,,,,,49.98,,,GREEN,LOW,True,,False,,JRN_NDLS_LKO_01_20260902_184646,0.2301,1.0,1.0,0.4541,1.0,MEDIUM,Predicted Fog Visibility Risk (Speed cap 40.0 km/h),40.0,113.0,714.6,07:45:00,30.0,BASELINE_HISTORICAL_CALIBRATION,333.5,113.0
OBS_000192,07:45:30,5730.0,12004,ROUTE_NDLS_LKO_01,SYNTHETIC_SIMULATOR,OK,28.415367,77.650904,59.742,38.0,10.56,38.0,0.0,92.8,130.0,40.0,1055.05,SEC_GZB_ALJN,,GZB,ALJN,71.258,452.258,CRUISING,,,,,50.23,,,GREEN,LOW,True,,False,,JRN_NDLS_LKO_01_20260902_184646,0.2301,1.0,1.0,0.4541,1.0,MEDIUM,Predicted Fog Visibility Risk (Speed cap 40.0 km/h),40.0,112.5,714.1,07:45:30,30.0,BASELINE_HISTORICAL_CALIBRATION,333.0,112.5
OBS_000193,07:46:00,5760.0,12004,ROUTE_NDLS_LKO_01,SYNTHETIC_SIMULATOR,OK,28.413066,77.652846,60.058,38.0,10.56,38.0,0.0,92.8,130.0,40.0,1052.72,SEC_GZB_ALJN,,GZB,ALJN,70.942,451.942,CRUISING,,,,,50.49,,,GREEN,LOW,True,,False,,JRN_NDLS_LKO_01_20260902_184646,0.2301,1.0,1.0,0.4541,1.0,MEDIUM,Predicted Fog Visibility Risk (Speed cap 40.0 km/h),40.0,112.0,713.6,07:46:00,30.0,BASELINE_HISTORICAL_CALIBRATION,332.5,112.0
OBS_000194,07:46:30,5790.0,12004,ROUTE_NDLS_LKO_01,SYNTHETIC_SIMULATOR,OK,28.410764,77.654789,60.375,38.0,10.56,38.0,0.0,92.8,130.0,40.0,1050.37,SEC_GZB_ALJN,,GZB,ALJN,70.625,451.625,CRUISING,,,,,50.75,,,GREEN,LOW,True,,False,,JRN_NDLS_LKO_01_20260902_184646,0.2301,1.0,1.0,0.4541,1.0,MEDIUM,Predicted Fog Visibility Risk (Speed cap 40.0 km/h),40.0,111.5,713.1,07:46:30,30.0,BASELINE_HISTORICAL_CALIBRATION,332.0,111.5
OBS_000195,07:47:00,5820.0,12004,ROUTE_NDLS_LKO_01,SYNTHETIC_SIMULATOR,OK,28.408462,77.656731,60.692,38.0,10.56,38.0,0.0,92.8,130.0,40.0,1048.03,SEC_GZB_ALJN,,GZB,ALJN,70.308,451.308,CRUISING,,,,,51.01,,,GREEN,LOW,True,,False,,JRN_NDLS_LKO_01_20260902_184646,0.2301,1.0,1.0,0.4541,1.0,MEDIUM,Predicted Fog Visibility Risk (Speed cap 40.0 km/h),40.0,111.0,712.6,07:47:00,30.0,BASELINE_HISTORICAL_CALIBRATION,331.5,111.0
OBS_000196,07:47:30,5850.0,12004,ROUTE_NDLS_LKO_01,SYNTHETIC_SIMULATOR,OK,28.40616,77.658674,61.008,38.0,10.56,38.0,0.0,92.8,130.0,40.0,1045.67,SEC_GZB_ALJN,,GZB,ALJN,69.992,450.992,CRUISING,,,,,51.27,,,GREEN,LOW,True,,False,,JRN_NDLS_LKO_01_20260902_184646,0.2301,1.0,1.0,0.4541,1.0,MEDIUM,Predicted Fog Visibility Risk (Speed cap 40.0 km/h),40.0,110.5,712.1,07:47:30,30.0,BASELINE_HISTORICAL_CALIBRATION,331.0,110.5
OBS_000197,07:48:00,5880.0,12004,ROUTE_NDLS_LKO_01,SYNTHETIC_SIMULATOR,OK,28.403858,77.660616,61.325,38.0,10.56,38.0,0.0,92.8,130.0,40.0,1043.32,SEC_GZB_ALJN,,GZB,ALJN,69.675,450.675,CRUISING,,,,,51.53,,,GREEN,LOW,True,,False,,JRN_NDLS_LKO_01_20260902_184646,0.2301,1.0,1.0,0.4541,1.0,MEDIUM,Predicted Fog Visibility Risk (Speed cap 40.0 km/h),40.0,110.0,711.6,07:48:00,30.0,BASELINE_HISTORICAL_CALIBRATION,330.5,110.0
OBS_000198,07:48:30,5910.0,12004,ROUTE_NDLS_LKO_01,SYNTHETIC_SIMULATOR,OK,28.401557,77.662559,61.642,38.0,10.56,38.0,0.0,92.8,130.0,40.0,1040.95,SEC_GZB_ALJN,,GZB,ALJN,69.358,450.358,CRUISING,,,,,51.79,,,GREEN,LOW,True,,False,,JRN_NDLS_LKO_01_20260902_184646,0.2301,1.0,1.0,0.4541,1.0,MEDIUM,Predicted Fog Visibility Risk (Speed cap 40.0 km/h),40.0,109.5,711.1,07:48:30,30.0,BASELINE_HISTORICAL_CALIBRATION,330.0,109.5
OBS_000199,07:49:00,5940.0,12004,ROUTE_NDLS_LKO_01,SYNTHETIC_SIMULATOR,OK,28.399255,77.664501,61.958,38.0,10.56,38.0,0.0,92.8,130.0,40.0,1038.59,SEC_GZB_ALJN,,GZB,ALJN,69.042,450.042,CRUISING,,,,,52.05,,,GREEN,LOW,True,,False,,JRN_NDLS_LKO_01_20260902_184646,0.2301,1.0,1.0,0.4541,1.0,MEDIUM,Predicted Fog Visibility Risk (Speed cap 40.0 km/h),40.0,109.0,710.6,07:49:00,30.0,BASELINE_HISTORICAL_CALIBRATION,329.5,109.0
OBS_000200,07:49:30,5970.0,12004,ROUTE_NDLS_LKO_01,SYNTHETIC_SIMULATOR,OK,28.396953,77.666443,62.275,38.0,10.56,38.0,0.0,92.8,130.0,40.0,1036.21,SEC_GZB_ALJN,,GZB,ALJN,68.725,449.725,CRUISING,,,,,52.31,,,GREEN,LOW,True,,False,,JRN_NDLS_LKO_01_20260902_184646,0.2301,1.0,1.0,0.4541,1.0,MEDIUM,Predicted Fog Visibility Risk (Speed cap 40.0 km/h),40.0,108.5,710.1,07:49:30,30.0,BASELINE_HISTORICAL_CALIBRATION,329.0,108.5
OBS_000201,07:50:00,6000.0,12004,ROUTE_NDLS_LKO_01,SYNTHETIC_SIMULATOR,OK,28.394651,77.668386,62.592,38.0,10.56,38.0,0.0,92.8,130.0,40.0,1033.83,SEC_GZB_ALJN,,GZB,ALJN,68.408,449.408,CRUISING,,,,,52.56,,,GREEN,LOW,True,,False,,JRN_NDLS_LKO_01_20260902_184646,0.2301,1.0,1.0,0.4541,1.0,MEDIUM,Predicted Fog Visibility Risk (Speed cap 40.0 km/h),40.0,108.0,709.6,07:50:00,30.0,BASELINE_HISTORICAL_CALIBRATION,328.5,108.0
OBS_000202,07:50:30,6030.0,12004,ROUTE_NDLS_LKO_01,SYNTHETIC_SIMULATOR,OK,28.392349,77.670328,62.908,38.0,10.56,38.0,0.0,92.8,130.0,40.0,1031.45,SEC_GZB_ALJN,,GZB,ALJN,68.092,449.092,CRUISING,,,,,52.82,,,GREEN,LOW,True,,False,,JRN_NDLS_LKO_01_20260902_184646,0.2301,1.0,1.0,0.4541,1.0,MEDIUM,Predicted Fog Visibility Risk (Speed cap 40.0 km/h),40.0,107.5,709.1,07:50:30,30.0,BASELINE_HISTORICAL_CALIBRATION,328.0,107.5
OBS_000203,07:51:00,6060.0,12004,ROUTE_NDLS_LKO_01,SYNTHETIC_SIMULATOR,OK,28.390048,77.672271,63.225,38.0,10.56,38.0,0.0,92.8,130.0,40.0,1029.06,SEC_GZB_ALJN,,GZB,ALJN,67.775,448.775,CRUISING,,,,,53.08,,,GREEN,LOW,True,,False,,JRN_NDLS_LKO_01_20260902_184646,0.2301,1.0,1.0,0.4541,1.0,MEDIUM,Predicted Fog Visibility Risk (Speed cap 40.0 km/h),40.0,107.0,708.6,07:51:00,30.0,BASELINE_HISTORICAL_CALIBRATION,327.5,107.0
OBS_000204,07:51:30,6090.0,12004,ROUTE_NDLS_LKO_01,SYNTHETIC_SIMULATOR,OK,28.387746,77.674213,63.542,38.0,10.56,38.0,0.0,92.8,130.0,40.0,1026.66,SEC_GZB_ALJN,,GZB,ALJN,67.458,448.458,CRUISING,,,,,53.34,,,GREEN,LOW,True,,False,,JRN_NDLS_LKO_01_20260902_184646,0.2301,1.0,1.0,0.4541,1.0,MEDIUM,Predicted Fog Visibility Risk (Speed cap 40.0 km/h),40.0,106.5,708.1,07:51:30,30.0,BASELINE_HISTORICAL_CALIBRATION,327.0,106.5
OBS_000205,07:52:00,6120.0,12004,ROUTE_NDLS_LKO_01,SYNTHETIC_SIMULATOR,OK,28.385444,77.676156,63.858,38.0,10.56,38.0,0.0,92.8,130.0,40.0,1024.26,SEC_GZB_ALJN,,GZB,ALJN,67.142,448.142,CRUISING,,,,,53.6,,,GREEN,LOW,True,,False,,JRN_NDLS_LKO_01_20260902_184646,0.2301,1.0,1.0,0.4541,1.0,MEDIUM,Predicted Fog Visibility Risk (Speed cap 40.0 km/h),40.0,106.0,707.6,07:52:00,30.0,BASELINE_HISTORICAL_CALIBRATION,326.5,106.0
OBS_000206,07:52:30,6150.0,12004,ROUTE_NDLS_LKO_01,SYNTHETIC_SIMULATOR,OK,28.383142,77.678098,64.175,38.0,10.56,38.0,0.0,92.8,130.0,40.0,1021.85,SEC_GZB_ALJN,,GZB,ALJN,66.825,447.825,CRUISING,,,,,53.86,,,GREEN,LOW,True,,False,,JRN_NDLS_LKO_01_20260902_184646,0.2301,1.0,1.0,0.4541,1.0,MEDIUM,Predicted Fog Visibility Risk (Speed cap 40.0 km/h),40.0,105.5,707.1,07:52:30,30.0,BASELINE_HISTORICAL_CALIBRATION,326.0,105.5
OBS_000207,07:53:00,6180.0,12004,ROUTE_NDLS_LKO_01,SYNTHETIC_SIMULATOR,OK,28.38084,77.68004,64.492,38.0,10.56,38.0,0.0,92.8,130.0,40.0,1019.44,SEC_GZB_ALJN,,GZB,ALJN,66.508,447.508,CRUISING,,,,,54.12,,,GREEN,LOW,True,,False,,JRN_NDLS_LKO_01_20260902_184646,0.2301,1.0,1.0,0.4541,1.0,MEDIUM,Predicted Fog Visibility Risk (Speed cap 40.0 km/h),40.0,105.0,706.6,07:53:00,30.0,BASELINE_HISTORICAL_CALIBRATION,325.5,105.0
OBS_000208,07:53:30,6210.0,12004,ROUTE_NDLS_LKO_01,SYNTHETIC_SIMULATOR,OK,28.378538,77.681983,64.808,38.0,10.56,38.0,0.0,92.8,130.0,40.0,1017.02,SEC_GZB_ALJN,,GZB,ALJN,66.192,447.192,CRUISING,,,,,54.38,,,GREEN,LOW,True,,False,,JRN_NDLS_LKO_01_20260902_184646,0.2301,1.0,1.0,0.4541,1.0,MEDIUM,Predicted Fog Visibility Risk (Speed cap 40.0 km/h),40.0,104.5,706.1,07:53:30,30.0,BASELINE_HISTORICAL_CALIBRATION,325.0,104.5
OBS_000209,07:54:00,6240.0,12004,ROUTE_NDLS_LKO_01,SYNTHETIC_SIMULATOR,OK,28.376237,77.683925,65.125,38.0,10.56,38.0,0.0,92.8,130.0,40.0,1014.6,SEC_GZB_ALJN,,GZB,ALJN,65.875,446.875,CRUISING,,,,,54.63,,,GREEN,LOW,True,,False,,JRN_NDLS_LKO_01_20260902_184646,0.2301,1.0,1.0,0.4541,1.0,MEDIUM,Predicted Fog Visibility Risk (Speed cap 40.0 km/h),40.0,104.0,705.6,07:54:00,30.0,BASELINE_HISTORICAL_CALIBRATION,324.5,104.0
OBS_000210,07:54:30,6270.0,12004,ROUTE_NDLS_LKO_01,SYNTHETIC_SIMULATOR,OK,28.373935,77.685868,65.442,38.0,10.56,38.0,0.0,92.8,130.0,40.0,1012.17,SEC_GZB_ALJN,,GZB,ALJN,65.558,446.558,CRUISING,,,,,54.89,,,GREEN,LOW,True,,False,,JRN_NDLS_LKO_01_20260902_184646,0.2301,1.0,1.0,0.4541,1.0,MEDIUM,Predicted Fog Visibility Risk (Speed cap 40.0 km/h),40.0,103.5,705.1,07:54:30,30.0,BASELINE_HISTORICAL_CALIBRATION,324.0,103.5
OBS_000211,07:55:00,6300.0,12004,ROUTE_NDLS_LKO_01,SYNTHETIC_SIMULATOR,OK,28.371633,77.68781,65.758,38.0,10.56,38.0,0.0,92.8,130.0,40.0,1009.73,SEC_GZB_ALJN,,GZB,ALJN,65.242,446.242,CRUISING,,,,,55.15,,,GREEN,LOW,True,,False,,JRN_NDLS_LKO_01_20260902_184646,0.2301,1.0,1.0,0.4541,1.0,MEDIUM,Predicted Fog Visibility Risk (Speed cap 40.0 km/h),40.0,103.0,704.6,07:55:00,30.0,BASELINE_HISTORICAL_CALIBRATION,323.5,103.0
OBS_000212,07:55:30,6330.0,12004,ROUTE_NDLS_LKO_01,SYNTHETIC_SIMULATOR,OK,28.369331,77.689752,66.075,38.0,10.56,38.0,0.0,92.8,130.0,40.0,1007.29,SEC_GZB_ALJN,,GZB,ALJN,64.925,445.925,CRUISING,,,,,55.41,,,GREEN,LOW,True,,False,,JRN_NDLS_LKO_01_20260902_184646,0.2301,1.0,1.0,0.4541,1.0,MEDIUM,Predicted Fog Visibility Risk (Speed cap 40.0 km/h),40.0,102.5,704.1,07:55:30,30.0,BASELINE_HISTORICAL_CALIBRATION,323.0,102.5
OBS_000213,07:56:00,6360.0,12004,ROUTE_NDLS_LKO_01,SYNTHETIC_SIMULATOR,OK,28.367029,77.691695,66.392,38.0,10.56,38.0,0.0,92.8,130.0,40.0,1004.85,SEC_GZB_ALJN,,GZB,ALJN,64.608,445.608,CRUISING,,,,,55.67,,,GREEN,LOW,True,,False,,JRN_NDLS_LKO_01_20260902_184646,0.2301,1.0,1.0,0.4541,1.0,MEDIUM,Predicted Fog Visibility Risk (Speed cap 40.0 km/h),40.0,102.0,703.6,07:56:00,30.0,BASELINE_HISTORICAL_CALIBRATION,322.5,102.0
OBS_000214,07:56:30,6390.0,12004,ROUTE_NDLS_LKO_01,SYNTHETIC_SIMULATOR,OK,28.364728,77.693637,66.708,38.0,10.56,38.0,0.0,92.8,130.0,40.0,1002.39,SEC_GZB_ALJN,,GZB,ALJN,64.292,445.292,CRUISING,,,,,55.93,,,GREEN,LOW,True,,False,,JRN_NDLS_LKO_01_20260902_184646,0.2301,1.0,1.0,0.4541,1.0,MEDIUM,Predicted Fog Visibility Risk (Speed cap 40.0 km/h),40.0,101.5,703.1,07:56:30,30.0,BASELINE_HISTORICAL_CALIBRATION,322.0,101.5
OBS_000215,07:57:00,6420.0,12004,ROUTE_NDLS_LKO_01,SYNTHETIC_SIMULATOR,OK,28.362426,77.69558,67.025,38.0,10.56,38.0,0.0,92.8,130.0,40.0,999.93,SEC_GZB_ALJN,,GZB,ALJN,63.975,444.975,CRUISING,,,,,56.19,,,GREEN,LOW,True,,False,,JRN_NDLS_LKO_01_20260902_184646,0.2301,1.0,1.0,0.4541,1.0,MEDIUM,Predicted Fog Visibility Risk (Speed cap 40.0 km/h),40.0,101.0,702.6,07:57:00,30.0,BASELINE_HISTORICAL_CALIBRATION,321.5,101.0
OBS_000216,07:57:30,6450.0,12004,ROUTE_NDLS_LKO_01,SYNTHETIC_SIMULATOR,OK,28.360124,77.697522,67.342,38.0,10.56,38.0,0.0,92.8,130.0,40.0,997.47,SEC_GZB_ALJN,,GZB,ALJN,63.658,444.658,CRUISING,,,,,56.45,,,GREEN,LOW,True,,False,,JRN_NDLS_LKO_01_20260902_184646,0.2301,1.0,1.0,0.4541,1.0,MEDIUM,Predicted Fog Visibility Risk (Speed cap 40.0 km/h),40.0,100.5,702.1,07:57:30,30.0,BASELINE_HISTORICAL_CALIBRATION,321.0,100.5
OBS_000217,07:58:00,6480.0,12004,ROUTE_NDLS_LKO_01,SYNTHETIC_SIMULATOR,OK,28.357822,77.699465,67.658,38.0,10.56,38.0,0.0,92.8,130.0,40.0,994.99,SEC_GZB_ALJN,,GZB,ALJN,63.342,444.342,CRUISING,,,,,56.7,,,GREEN,LOW,True,,False,,JRN_NDLS_LKO_01_20260902_184646,0.2301,1.0,1.0,0.4541,1.0,MEDIUM,Predicted Fog Visibility Risk (Speed cap 40.0 km/h),40.0,100.0,701.6,07:58:00,30.0,BASELINE_HISTORICAL_CALIBRATION,320.5,100.0
OBS_000218,07:58:30,6510.0,12004,ROUTE_NDLS_LKO_01,SYNTHETIC_SIMULATOR,OK,28.35552,77.701407,67.975,38.0,10.56,38.0,0.0,92.8,130.0,40.0,992.52,SEC_GZB_ALJN,,GZB,ALJN,63.025,444.025,CRUISING,,,,,56.96,,,GREEN,LOW,True,,False,,JRN_NDLS_LKO_01_20260902_184646,0.2301,1.0,1.0,0.4541,1.0,MEDIUM,Predicted Fog Visibility Risk (Speed cap 40.0 km/h),40.0,99.5,701.1,07:58:30,30.0,BASELINE_HISTORICAL_CALIBRATION,320.0,99.5
OBS_000219,07:59:00,6540.0,12004,ROUTE_NDLS_LKO_01,SYNTHETIC_SIMULATOR,OK,28.353219,77.703349,68.292,38.0,10.56,38.0,0.0,92.8,130.0,40.0,990.03,SEC_GZB_ALJN,,GZB,ALJN,62.708,443.708,CRUISING,,,,,57.22,,,GREEN,LOW,True,,False,,JRN_NDLS_LKO_01_20260902_184646,0.2301,1.0,1.0,0.4541,1.0,MEDIUM,Predicted Fog Visibility Risk (Speed cap 40.0 km/h),40.0,99.0,700.6,07:59:00,30.0,BASELINE_HISTORICAL_CALIBRATION,319.5,99.0
OBS_000220,07:59:30,6570.0,12004,ROUTE_NDLS_LKO_01,SYNTHETIC_SIMULATOR,OK,28.350917,77.705292,68.608,38.0,10.56,38.0,0.0,92.8,130.0,40.0,987.54,SEC_GZB_ALJN,,GZB,ALJN,62.392,443.392,CRUISING,,,,,57.48,,,GREEN,LOW,True,,False,,JRN_NDLS_LKO_01_20260902_184646,0.2301,1.0,1.0,0.4541,1.0,MEDIUM,Predicted Fog Visibility Risk (Speed cap 40.0 km/h),40.0,98.5,700.1,07:59:30,30.0,BASELINE_HISTORICAL_CALIBRATION,319.0,98.5
OBS_000221,08:00:00,6600.0,12004,ROUTE_NDLS_LKO_01,SYNTHETIC_SIMULATOR,OK,28.348615,77.707234,68.925,38.0,10.56,38.0,0.0,92.8,130.0,40.0,985.05,SEC_GZB_ALJN,,GZB,ALJN,62.075,443.075,CRUISING,,,,,57.74,,,GREEN,LOW,True,,False,,JRN_NDLS_LKO_01_20260902_184646,0.2313,1.0,1.0,0.4541,1.0,MEDIUM,Predicted Fog Visibility Risk (Speed cap 40.0 km/h),40.0,98.0,699.6,08:00:00,30.0,BASELINE_HISTORICAL_CALIBRATION,318.5,98.0
OBS_000222,08:00:30,6630.0,12004,ROUTE_NDLS_LKO_01,SYNTHETIC_SIMULATOR,OK,28.346313,77.709177,69.242,38.0,10.56,38.0,0.0,92.8,130.0,40.0,982.54,SEC_GZB_ALJN,,GZB,ALJN,61.758,442.758,CRUISING,,,,,58.0,,,GREEN,LOW,True,,False,,JRN_NDLS_LKO_01_20260902_184646,0.2313,1.0,1.0,0.4541,1.0,MEDIUM,Predicted Fog Visibility Risk (Speed cap 40.0 km/h),40.0,97.5,699.1,08:00:30,30.0,BASELINE_HISTORICAL_CALIBRATION,318.0,97.5
OBS_000223,08:01:00,6660.0,12004,ROUTE_NDLS_LKO_01,SYNTHETIC_SIMULATOR,OK,28.344011,77.711119,69.558,38.0,10.56,38.0,0.0,92.8,130.0,40.0,980.03,SEC_GZB_ALJN,,GZB,ALJN,61.442,442.442,CRUISING,,,,,58.26,,,GREEN,LOW,True,,False,,JRN_NDLS_LKO_01_20260902_184646,0.2313,1.0,1.0,0.4541,1.0,MEDIUM,Predicted Fog Visibility Risk (Speed cap 40.0 km/h),40.0,97.0,698.6,08:01:00,30.0,BASELINE_HISTORICAL_CALIBRATION,317.5,97.0
OBS_000224,08:01:30,6690.0,12004,ROUTE_NDLS_LKO_01,SYNTHETIC_SIMULATOR,OK,28.34171,77.713062,69.875,38.0,10.56,38.0,0.0,92.8,130.0,40.0,977.52,SEC_GZB_ALJN,,GZB,ALJN,61.125,442.125,CRUISING,,,,,58.52,,,GREEN,LOW,True,,False,,JRN_NDLS_LKO_01_20260902_184646,0.2313,1.0,1.0,0.4541,1.0,MEDIUM,Predicted Fog Visibility Risk (Speed cap 40.0 km/h),40.0,96.5,698.1,08:01:30,30.0,BASELINE_HISTORICAL_CALIBRATION,317.0,96.5
OBS_000225,08:02:00,6720.0,12004,ROUTE_NDLS_LKO_01,SYNTHETIC_SIMULATOR,OK,28.339408,77.715004,70.192,38.0,10.56,38.0,0.0,92.8,130.0,40.0,975.0,SEC_GZB_ALJN,,GZB,ALJN,60.808,441.808,CRUISING,,,,,58.77,,,GREEN,LOW,True,,False,,JRN_NDLS_LKO_01_20260902_184646,0.2313,1.0,1.0,0.4541,1.0,MEDIUM,Predicted Fog Visibility Risk (Speed cap 40.0 km/h),40.0,96.0,697.6,08:02:00,30.0,BASELINE_HISTORICAL_CALIBRATION,316.5,96.0
OBS_000226,08:02:30,6750.0,12004,ROUTE_NDLS_LKO_01,SYNTHETIC_SIMULATOR,OK,28.337106,77.716946,70.508,38.0,10.56,38.0,0.0,92.8,130.0,40.0,972.47,SEC_GZB_ALJN,,GZB,ALJN,60.492,441.492,CRUISING,,,,,59.03,,,GREEN,LOW,True,,False,,JRN_NDLS_LKO_01_20260902_184646,0.2313,1.0,1.0,0.4541,1.0,MEDIUM,Predicted Fog Visibility Risk (Speed cap 40.0 km/h),40.0,95.5,697.1,08:02:30,30.0,BASELINE_HISTORICAL_CALIBRATION,316.0,95.5
OBS_000227,08:03:00,6780.0,12004,ROUTE_NDLS_LKO_01,SYNTHETIC_SIMULATOR,OK,28.334804,77.718889,70.825,38.0,10.56,38.0,0.0,92.8,130.0,40.0,969.93,SEC_GZB_ALJN,,GZB,ALJN,60.175,441.175,CRUISING,,,,,59.29,,,GREEN,LOW,True,,False,,JRN_NDLS_LKO_01_20260902_184646,0.2313,1.0,1.0,0.4541,1.0,MEDIUM,Predicted Fog Visibility Risk (Speed cap 40.0 km/h),40.0,95.0,696.6,08:03:00,30.0,BASELINE_HISTORICAL_CALIBRATION,315.5,95.0
OBS_000228,08:03:30,6810.0,12004,ROUTE_NDLS_LKO_01,SYNTHETIC_SIMULATOR,OK,28.332502,77.720831,71.142,38.0,10.56,38.0,0.0,92.8,130.0,40.0,967.39,SEC_GZB_ALJN,,GZB,ALJN,59.858,440.858,CRUISING,,,,,59.55,,,GREEN,LOW,True,,False,,JRN_NDLS_LKO_01_20260902_184646,0.2313,1.0,1.0,0.4541,1.0,MEDIUM,Predicted Fog Visibility Risk (Speed cap 40.0 km/h),40.0,94.5,696.1,08:03:30,30.0,BASELINE_HISTORICAL_CALIBRATION,315.0,94.5
OBS_000229,08:04:00,6840.0,12004,ROUTE_NDLS_LKO_01,SYNTHETIC_SIMULATOR,OK,28.330201,77.722774,71.458,38.0,10.56,38.0,0.0,92.8,130.0,40.0,964.84,SEC_GZB_ALJN,,GZB,ALJN,59.542,440.542,CRUISING,,,,,59.81,,,GREEN,LOW,True,,False,,JRN_NDLS_LKO_01_20260902_184646,0.2313,1.0,1.0,0.4541,1.0,MEDIUM,Predicted Fog Visibility Risk (Speed cap 40.0 km/h),40.0,94.0,695.6,08:04:00,30.0,BASELINE_HISTORICAL_CALIBRATION,314.5,94.0
OBS_000230,08:04:30,6870.0,12004,ROUTE_NDLS_LKO_01,SYNTHETIC_SIMULATOR,OK,28.327899,77.724716,71.775,38.0,10.56,38.0,0.0,92.8,130.0,40.0,962.28,SEC_GZB_ALJN,,GZB,ALJN,59.225,440.225,CRUISING,,,,,60.07,,,GREEN,LOW,True,,False,,JRN_NDLS_LKO_01_20260902_184646,0.2313,1.0,1.0,0.4541,1.0,MEDIUM,Predicted Fog Visibility Risk (Speed cap 40.0 km/h),40.0,93.5,695.1,08:04:30,30.0,BASELINE_HISTORICAL_CALIBRATION,314.0,93.5
OBS_000231,08:05:00,6900.0,12004,ROUTE_NDLS_LKO_01,SYNTHETIC_SIMULATOR,OK,28.325597,77.726659,72.092,38.0,10.56,38.0,0.0,92.8,130.0,40.0,959.72,SEC_GZB_ALJN,,GZB,ALJN,58.908,439.908,CRUISING,,,,,60.33,,,GREEN,LOW,True,,False,,JRN_NDLS_LKO_01_20260902_184646,0.2313,1.0,1.0,0.4541,1.0,MEDIUM,Predicted Fog Visibility Risk (Speed cap 40.0 km/h),40.0,93.0,694.6,08:05:00,30.0,BASELINE_HISTORICAL_CALIBRATION,313.5,93.0
OBS_000232,08:05:30,6930.0,12004,ROUTE_NDLS_LKO_01,SYNTHETIC_SIMULATOR,OK,28.323295,77.728601,72.408,38.0,10.56,38.0,0.0,92.8,130.0,40.0,957.15,SEC_GZB_ALJN,,GZB,ALJN,58.592,439.592,CRUISING,,,,,60.59,,,GREEN,LOW,True,,False,,JRN_NDLS_LKO_01_20260902_184646,0.2313,1.0,1.0,0.4541,1.0,MEDIUM,Predicted Fog Visibility Risk (Speed cap 40.0 km/h),40.0,92.5,694.1,08:05:30,30.0,BASELINE_HISTORICAL_CALIBRATION,313.0,92.5
OBS_000233,08:06:00,6960.0,12004,ROUTE_NDLS_LKO_01,SYNTHETIC_SIMULATOR,OK,28.320993,77.730543,72.725,38.0,10.56,38.0,0.0,92.8,130.0,40.0,954.58,SEC_GZB_ALJN,,GZB,ALJN,58.275,439.275,CRUISING,,,,,60.85,,,GREEN,LOW,True,,False,,JRN_NDLS_LKO_01_20260902_184646,0.2313,1.0,1.0,0.4541,1.0,MEDIUM,Predicted Fog Visibility Risk (Speed cap 40.0 km/h),40.0,92.0,693.6,08:06:00,30.0,BASELINE_HISTORICAL_CALIBRATION,312.5,92.0
OBS_000234,08:06:30,6990.0,12004,ROUTE_NDLS_LKO_01,SYNTHETIC_SIMULATOR,OK,28.318691,77.732486,73.042,38.0,10.56,38.0,0.0,92.8,130.0,40.0,951.99,SEC_GZB_ALJN,,GZB,ALJN,57.958,438.958,CRUISING,,,,,61.1,,,GREEN,LOW,True,,False,,JRN_NDLS_LKO_01_20260902_184646,0.2313,1.0,1.0,0.4541,1.0,MEDIUM,Predicted Fog Visibility Risk (Speed cap 40.0 km/h),40.0,91.5,693.1,08:06:30,30.0,BASELINE_HISTORICAL_CALIBRATION,312.0,91.5
OBS_000235,08:07:00,7020.0,12004,ROUTE_NDLS_LKO_01,SYNTHETIC_SIMULATOR,OK,28.31639,77.734428,73.358,38.0,10.56,38.0,0.0,92.8,130.0,40.0,949.4,SEC_GZB_ALJN,,GZB,ALJN,57.642,438.642,CRUISING,,,,,61.36,,,GREEN,LOW,True,,False,,JRN_NDLS_LKO_01_20260902_184646,0.2313,1.0,1.0,0.4541,1.0,MEDIUM,Predicted Fog Visibility Risk (Speed cap 40.0 km/h),40.0,91.0,692.6,08:07:00,30.0,BASELINE_HISTORICAL_CALIBRATION,311.5,91.0
OBS_000236,08:07:30,7050.0,12004,ROUTE_NDLS_LKO_01,SYNTHETIC_SIMULATOR,OK,28.314088,77.736371,73.675,38.0,10.56,38.0,0.0,92.8,130.0,40.0,946.81,SEC_GZB_ALJN,,GZB,ALJN,57.325,438.325,CRUISING,,,,,61.62,,,GREEN,LOW,True,,False,,JRN_NDLS_LKO_01_20260902_184646,0.2313,1.0,1.0,0.4541,1.0,MEDIUM,Predicted Fog Visibility Risk (Speed cap 40.0 km/h),40.0,90.5,692.1,08:07:30,30.0,BASELINE_HISTORICAL_CALIBRATION,311.0,90.5
OBS_000237,08:08:00,7080.0,12004,ROUTE_NDLS_LKO_01,SYNTHETIC_SIMULATOR,OK,28.311786,77.738313,73.992,38.0,10.56,38.0,0.0,92.8,130.0,40.0,944.2,SEC_GZB_ALJN,,GZB,ALJN,57.008,438.008,CRUISING,,,,,61.88,,,GREEN,LOW,True,,False,,JRN_NDLS_LKO_01_20260902_184646,0.2313,1.0,1.0,0.4541,1.0,MEDIUM,Predicted Fog Visibility Risk (Speed cap 40.0 km/h),40.0,90.0,691.6,08:08:00,30.0,BASELINE_HISTORICAL_CALIBRATION,310.5,90.0
OBS_000238,08:08:30,7110.0,12004,ROUTE_NDLS_LKO_01,SYNTHETIC_SIMULATOR,OK,28.309484,77.740255,74.308,38.0,10.56,38.0,0.0,92.8,130.0,40.0,941.59,SEC_GZB_ALJN,,GZB,ALJN,56.692,437.692,CRUISING,,,,,62.14,,,GREEN,LOW,True,,False,,JRN_NDLS_LKO_01_20260902_184646,0.2313,1.0,1.0,0.4541,1.0,MEDIUM,Predicted Fog Visibility Risk (Speed cap 40.0 km/h),40.0,89.5,691.1,08:08:30,30.0,BASELINE_HISTORICAL_CALIBRATION,310.0,89.5
OBS_000239,08:09:00,7140.0,12004,ROUTE_NDLS_LKO_01,SYNTHETIC_SIMULATOR,OK,28.307182,77.742198,74.625,38.0,10.56,38.0,0.0,92.8,130.0,40.0,938.97,SEC_GZB_ALJN,,GZB,ALJN,56.375,437.375,CRUISING,,,,,62.4,,,GREEN,LOW,True,,False,,JRN_NDLS_LKO_01_20260902_184646,0.2313,1.0,1.0,0.4541,1.0,MEDIUM,Predicted Fog Visibility Risk (Speed cap 40.0 km/h),40.0,89.0,690.6,08:09:00,30.0,BASELINE_HISTORICAL_CALIBRATION,309.5,89.0
OBS_000240,08:09:30,7170.0,12004,ROUTE_NDLS_LKO_01,SYNTHETIC_SIMULATOR,OK,28.304881,77.74414,74.942,38.0,10.56,38.0,0.0,92.8,130.0,40.0,936.35,SEC_GZB_ALJN,,GZB,ALJN,56.058,437.058,CRUISING,,,,,62.66,,,GREEN,LOW,True,,False,,JRN_NDLS_LKO_01_20260902_184646,0.2313,1.0,1.0,0.4541,1.0,MEDIUM,Predicted Fog Visibility Risk (Speed cap 40.0 km/h),40.0,88.5,690.1,08:09:30,30.0,BASELINE_HISTORICAL_CALIBRATION,309.0,88.5
OBS_000241,08:10:00,7200.0,12004,ROUTE_NDLS_LKO_01,SYNTHETIC_SIMULATOR,OK,28.302579,77.746083,75.258,38.0,10.56,38.0,0.0,92.8,130.0,40.0,933.71,SEC_GZB_ALJN,,GZB,ALJN,55.742,436.742,CRUISING,,,,,62.92,,,GREEN,LOW,True,,False,,JRN_NDLS_LKO_01_20260902_184646,0.2313,1.0,1.0,0.4541,1.0,MEDIUM,Predicted Fog Visibility Risk (Speed cap 40.0 km/h),40.0,88.0,689.6,08:10:00,30.0,BASELINE_HISTORICAL_CALIBRATION,308.5,88.0
OBS_000242,08:10:30,7230.0,12004,ROUTE_NDLS_LKO_01,SYNTHETIC_SIMULATOR,OK,28.300277,77.748025,75.575,38.0,10.56,38.0,0.0,92.8,130.0,40.0,931.07,SEC_GZB_ALJN,,GZB,ALJN,55.425,436.425,CRUISING,,,,,63.17,,,GREEN,LOW,True,,False,,JRN_NDLS_LKO_01_20260902_184646,0.2313,1.0,1.0,0.4541,1.0,MEDIUM,Predicted Fog Visibility Risk (Speed cap 40.0 km/h),40.0,87.5,689.1,08:10:30,30.0,BASELINE_HISTORICAL_CALIBRATION,308.0,87.5
OBS_000243,08:11:00,7260.0,12004,ROUTE_NDLS_LKO_01,SYNTHETIC_SIMULATOR,OK,28.297975,77.749968,75.892,38.0,10.56,38.0,0.0,92.8,130.0,40.0,928.42,SEC_GZB_ALJN,,GZB,ALJN,55.108,436.108,CRUISING,,,,,63.43,,,GREEN,LOW,True,,False,,JRN_NDLS_LKO_01_20260902_184646,0.2313,1.0,1.0,0.4541,1.0,MEDIUM,Predicted Fog Visibility Risk (Speed cap 40.0 km/h),40.0,87.0,688.6,08:11:00,30.0,BASELINE_HISTORICAL_CALIBRATION,307.5,87.0
OBS_000244,08:11:30,7290.0,12004,ROUTE_NDLS_LKO_01,SYNTHETIC_SIMULATOR,OK,28.295673,77.75191,76.208,38.0,10.56,38.0,0.0,92.8,130.0,40.0,925.77,SEC_GZB_ALJN,,GZB,ALJN,54.792,435.792,CRUISING,,,,,63.69,,,GREEN,LOW,True,,False,,JRN_NDLS_LKO_01_20260902_184646,0.2313,1.0,1.0,0.4541,1.0,MEDIUM,Predicted Fog Visibility Risk (Speed cap 40.0 km/h),40.0,86.5,688.1,08:11:30,30.0,BASELINE_HISTORICAL_CALIBRATION,307.0,86.5
OBS_000245,08:12:00,7320.0,12004,ROUTE_NDLS_LKO_01,SYNTHETIC_SIMULATOR,OK,28.293372,77.753852,76.525,38.0,10.56,38.0,0.0,92.8,130.0,40.0,923.1,SEC_GZB_ALJN,,GZB,ALJN,54.475,435.475,CRUISING,,,,,63.95,,,GREEN,LOW,True,,False,,JRN_NDLS_LKO_01_20260902_184646,0.2313,1.0,1.0,0.4541,1.0,MEDIUM,Predicted Fog Visibility Risk (Speed cap 40.0 km/h),40.0,86.0,687.6,08:12:00,30.0,BASELINE_HISTORICAL_CALIBRATION,306.5,86.0
OBS_000246,08:12:30,7350.0,12004,ROUTE_NDLS_LKO_01,SYNTHETIC_SIMULATOR,OK,28.29107,77.755795,76.842,38.0,10.56,38.0,0.0,92.8,130.0,40.0,920.43,SEC_GZB_ALJN,,GZB,ALJN,54.158,435.158,CRUISING,,,,,64.21,,,GREEN,LOW,True,,False,,JRN_NDLS_LKO_01_20260902_184646,0.2313,1.0,1.0,0.4541,1.0,MEDIUM,Predicted Fog Visibility Risk (Speed cap 40.0 km/h),40.0,85.5,687.1,08:12:30,30.0,BASELINE_HISTORICAL_CALIBRATION,306.0,85.5
OBS_000247,08:13:00,7380.0,12004,ROUTE_NDLS_LKO_01,SYNTHETIC_SIMULATOR,OK,28.288768,77.757737,77.158,38.0,10.56,38.0,0.0,92.8,130.0,40.0,917.75,SEC_GZB_ALJN,,GZB,ALJN,53.842,434.842,CRUISING,,,,,64.47,,,GREEN,LOW,True,,False,,JRN_NDLS_LKO_01_20260902_184646,0.2313,1.0,1.0,0.4541,1.0,MEDIUM,Predicted Fog Visibility Risk (Speed cap 40.0 km/h),40.0,85.0,686.6,08:13:00,30.0,BASELINE_HISTORICAL_CALIBRATION,305.5,85.0
OBS_000248,08:13:30,7410.0,12004,ROUTE_NDLS_LKO_01,SYNTHETIC_SIMULATOR,OK,28.286466,77.75968,77.475,38.0,10.56,38.0,0.0,92.8,130.0,40.0,915.07,SEC_GZB_ALJN,,GZB,ALJN,53.525,434.525,CRUISING,,,,,64.73,,,GREEN,LOW,True,,False,,JRN_NDLS_LKO_01_20260902_184646,0.2313,1.0,1.0,0.4541,1.0,MEDIUM,Predicted Fog Visibility Risk (Speed cap 40.0 km/h),40.0,84.5,686.1,08:13:30,30.0,BASELINE_HISTORICAL_CALIBRATION,305.0,84.5
OBS_000249,08:14:00,7440.0,12004,ROUTE_NDLS_LKO_01,SYNTHETIC_SIMULATOR,OK,28.284164,77.761622,77.792,38.0,10.56,38.0,0.0,92.8,130.0,40.0,912.37,SEC_GZB_ALJN,,GZB,ALJN,53.208,434.208,CRUISING,,,,,64.99,,,GREEN,LOW,True,,False,,JRN_NDLS_LKO_01_20260902_184646,0.2313,1.0,1.0,0.4541,1.0,MEDIUM,Predicted Fog Visibility Risk (Speed cap 40.0 km/h),40.0,84.0,685.6,08:14:00,30.0,BASELINE_HISTORICAL_CALIBRATION,304.5,84.0
OBS_000250,08:14:30,7470.0,12004,ROUTE_NDLS_LKO_01,SYNTHETIC_SIMULATOR,OK,28.281863,77.763565,78.108,38.0,10.56,38.0,0.0,92.8,130.0,40.0,909.67,SEC_GZB_ALJN,,GZB,ALJN,52.892,433.892,CRUISING,,,,,65.24,,,GREEN,LOW,True,,False,,JRN_NDLS_LKO_01_20260902_184646,0.2313,1.0,1.0,0.4541,1.0,MEDIUM,Predicted Fog Visibility Risk (Speed cap 40.0 km/h),40.0,83.5,685.1,08:14:30,30.0,BASELINE_HISTORICAL_CALIBRATION,304.0,83.5
OBS_000251,08:15:00,7500.0,12004,ROUTE_NDLS_LKO_01,SYNTHETIC_SIMULATOR,OK,28.279561,77.765507,78.425,38.0,10.56,38.0,0.0,92.8,130.0,40.0,906.96,SEC_GZB_ALJN,,GZB,ALJN,52.575,433.575,CRUISING,,,,,65.5,,,GREEN,LOW,True,,False,,JRN_NDLS_LKO_01_20260902_184646,0.2313,1.0,1.0,0.4541,1.0,MEDIUM,Predicted Fog Visibility Risk (Speed cap 40.0 km/h),40.0,83.0,684.6,08:15:00,30.0,BASELINE_HISTORICAL_CALIBRATION,303.5,83.0
OBS_000252,08:15:30,7530.0,12004,ROUTE_NDLS_LKO_01,SYNTHETIC_SIMULATOR,OK,28.277259,77.767449,78.742,38.0,10.56,38.0,0.0,92.8,130.0,40.0,904.24,SEC_GZB_ALJN,,GZB,ALJN,52.258,433.258,CRUISING,,,,,65.76,,,GREEN,LOW,True,,False,,JRN_NDLS_LKO_01_20260902_184646,0.2313,1.0,1.0,0.4541,1.0,MEDIUM,Predicted Fog Visibility Risk (Speed cap 40.0 km/h),40.0,82.5,684.1,08:15:30,30.0,BASELINE_HISTORICAL_CALIBRATION,303.0,82.5
OBS_000253,08:16:00,7560.0,12004,ROUTE_NDLS_LKO_01,SYNTHETIC_SIMULATOR,OK,28.274957,77.769392,79.058,38.0,10.56,38.0,0.0,92.8,130.0,40.0,901.51,SEC_GZB_ALJN,,GZB,ALJN,51.942,432.942,CRUISING,,,,,66.02,,,GREEN,LOW,True,,False,,JRN_NDLS_LKO_01_20260902_184646,0.2313,1.0,1.0,0.4541,1.0,MEDIUM,Predicted Fog Visibility Risk (Speed cap 40.0 km/h),40.0,82.0,683.6,08:16:00,30.0,BASELINE_HISTORICAL_CALIBRATION,302.5,82.0
OBS_000254,08:16:30,7590.0,12004,ROUTE_NDLS_LKO_01,SYNTHETIC_SIMULATOR,OK,28.272655,77.771334,79.375,38.0,10.56,38.0,0.0,92.8,130.0,40.0,898.78,SEC_GZB_ALJN,,GZB,ALJN,51.625,432.625,CRUISING,,,,,66.28,,,GREEN,LOW,True,,False,,JRN_NDLS_LKO_01_20260902_184646,0.2313,1.0,1.0,0.4541,1.0,MEDIUM,Predicted Fog Visibility Risk (Speed cap 40.0 km/h),40.0,81.5,683.1,08:16:30,30.0,BASELINE_HISTORICAL_CALIBRATION,302.0,81.5
OBS_000255,08:17:00,7620.0,12004,ROUTE_NDLS_LKO_01,SYNTHETIC_SIMULATOR,OK,28.270353,77.773277,79.692,38.0,10.56,38.0,0.0,92.8,130.0,40.0,896.03,SEC_GZB_ALJN,,GZB,ALJN,51.308,432.308,CRUISING,,,,,66.54,,,GREEN,LOW,True,,False,,JRN_NDLS_LKO_01_20260902_184646,0.2313,1.0,1.0,0.4541,1.0,MEDIUM,Predicted Fog Visibility Risk (Speed cap 40.0 km/h),40.0,81.0,682.6,08:17:00,30.0,BASELINE_HISTORICAL_CALIBRATION,301.5,81.0
OBS_000256,08:17:30,7650.0,12004,ROUTE_NDLS_LKO_01,SYNTHETIC_SIMULATOR,OK,28.268052,77.775219,80.008,38.0,10.56,38.0,0.0,92.8,130.0,40.0,893.28,SEC_GZB_ALJN,,GZB,ALJN,50.992,431.992,CRUISING,,,,,66.8,,,GREEN,LOW,True,,False,,JRN_NDLS_LKO_01_20260902_184646,0.2313,1.0,1.0,0.4541,1.0,MEDIUM,Predicted Fog Visibility Risk (Speed cap 40.0 km/h),40.0,80.5,682.1,08:17:30,30.0,BASELINE_HISTORICAL_CALIBRATION,301.0,80.5
OBS_000257,08:18:00,7680.0,12004,ROUTE_NDLS_LKO_01,SYNTHETIC_SIMULATOR,OK,28.26575,77.777161,80.325,38.0,10.56,38.0,0.0,92.8,130.0,40.0,890.52,SEC_GZB_ALJN,,GZB,ALJN,50.675,431.675,CRUISING,,,,,67.06,,,GREEN,LOW,True,,False,,JRN_NDLS_LKO_01_20260902_184646,0.2313,1.0,1.0,0.4541,1.0,MEDIUM,Predicted Fog Visibility Risk (Speed cap 40.0 km/h),40.0,80.0,681.6,08:18:00,30.0,BASELINE_HISTORICAL_CALIBRATION,300.5,80.0
OBS_000258,08:18:30,7710.0,12004,ROUTE_NDLS_LKO_01,SYNTHETIC_SIMULATOR,OK,28.263448,77.779104,80.642,38.0,10.56,38.0,0.0,92.8,130.0,40.0,887.75,SEC_GZB_ALJN,,GZB,ALJN,50.358,431.358,CRUISING,,,,,67.31,,,GREEN,LOW,True,,False,,JRN_NDLS_LKO_01_20260902_184646,0.2313,1.0,1.0,0.4541,1.0,MEDIUM,Predicted Fog Visibility Risk (Speed cap 40.0 km/h),40.0,79.5,681.1,08:18:30,30.0,BASELINE_HISTORICAL_CALIBRATION,300.0,79.5
OBS_000259,08:19:00,7740.0,12004,ROUTE_NDLS_LKO_01,SYNTHETIC_SIMULATOR,OK,28.261146,77.781046,80.958,38.0,10.56,38.0,0.0,92.8,130.0,40.0,884.97,SEC_GZB_ALJN,,GZB,ALJN,50.042,431.042,CRUISING,,,,,67.57,,,GREEN,LOW,True,,False,,JRN_NDLS_LKO_01_20260902_184646,0.2313,1.0,1.0,0.4541,1.0,MEDIUM,Predicted Fog Visibility Risk (Speed cap 40.0 km/h),40.0,79.0,680.6,08:19:00,30.0,BASELINE_HISTORICAL_CALIBRATION,299.5,79.0
OBS_000260,08:19:30,7770.0,12004,ROUTE_NDLS_LKO_01,SYNTHETIC_SIMULATOR,OK,28.258844,77.782989,81.275,38.0,10.56,38.0,0.0,92.8,130.0,40.0,882.18,SEC_GZB_ALJN,,GZB,ALJN,49.725,430.725,CRUISING,,,,,67.83,,,GREEN,LOW,True,,False,,JRN_NDLS_LKO_01_20260902_184646,0.2313,1.0,1.0,0.4541,1.0,MEDIUM,Predicted Fog Visibility Risk (Speed cap 40.0 km/h),40.0,78.5,680.1,08:19:30,30.0,BASELINE_HISTORICAL_CALIBRATION,299.0,78.5
OBS_000261,08:20:00,7800.0,12004,ROUTE_NDLS_LKO_01,SYNTHETIC_SIMULATOR,OK,28.256543,77.784931,81.592,38.0,10.56,38.0,0.0,92.8,130.0,40.0,879.39,SEC_GZB_ALJN,,GZB,ALJN,49.408,430.408,CRUISING,,,,,68.09,,,GREEN,LOW,True,,False,,JRN_NDLS_LKO_01_20260902_184646,0.2313,1.0,1.0,0.4541,1.0,MEDIUM,Predicted Fog Visibility Risk (Speed cap 40.0 km/h),40.0,78.0,679.6,08:20:00,30.0,BASELINE_HISTORICAL_CALIBRATION,298.5,78.0
OBS_000262,08:20:30,7830.0,12004,ROUTE_NDLS_LKO_01,SYNTHETIC_SIMULATOR,OK,28.254241,77.786874,81.908,38.0,10.56,38.0,0.0,92.8,130.0,40.0,876.58,SEC_GZB_ALJN,,GZB,ALJN,49.092,430.092,CRUISING,,,,,68.35,,,GREEN,LOW,True,,False,,JRN_NDLS_LKO_01_20260902_184646,0.2313,1.0,1.0,0.4541,1.0,MEDIUM,Predicted Fog Visibility Risk (Speed cap 40.0 km/h),40.0,77.5,679.1,08:20:30,30.0,BASELINE_HISTORICAL_CALIBRATION,298.0,77.5
OBS_000263,08:21:00,7860.0,12004,ROUTE_NDLS_LKO_01,SYNTHETIC_SIMULATOR,OK,28.251939,77.788816,82.225,38.0,10.56,38.0,0.0,92.8,130.0,40.0,873.77,SEC_GZB_ALJN,,GZB,ALJN,48.775,429.775,CRUISING,,,,,68.61,,,GREEN,LOW,True,,False,,JRN_NDLS_LKO_01_20260902_184646,0.2313,1.0,1.0,0.4541,1.0,MEDIUM,Predicted Fog Visibility Risk (Speed cap 40.0 km/h),40.0,77.0,678.6,08:21:00,30.0,BASELINE_HISTORICAL_CALIBRATION,297.5,77.0
OBS_000264,08:21:30,7890.0,12004,ROUTE_NDLS_LKO_01,SYNTHETIC_SIMULATOR,OK,28.249637,77.790758,82.542,38.0,10.56,38.0,0.0,92.8,130.0,40.0,870.95,SEC_GZB_ALJN,,GZB,ALJN,48.458,429.458,CRUISING,,,,,68.87,,,GREEN,LOW,True,,False,,JRN_NDLS_LKO_01_20260902_184646,0.2313,1.0,1.0,0.4541,1.0,MEDIUM,Predicted Fog Visibility Risk (Speed cap 40.0 km/h),40.0,76.5,678.1,08:21:30,30.0,BASELINE_HISTORICAL_CALIBRATION,297.0,76.5
OBS_000265,08:22:00,7920.0,12004,ROUTE_NDLS_LKO_01,SYNTHETIC_SIMULATOR,OK,28.247335,77.792701,82.858,38.0,10.56,38.0,0.0,92.8,130.0,40.0,868.12,SEC_GZB_ALJN,,GZB,ALJN,48.142,429.142,CRUISING,,,,,69.13,,,GREEN,LOW,True,,False,,JRN_NDLS_LKO_01_20260902_184646,0.2313,1.0,1.0,0.4541,1.0,MEDIUM,Predicted Fog Visibility Risk (Speed cap 40.0 km/h),40.0,76.0,677.6,08:22:00,30.0,BASELINE_HISTORICAL_CALIBRATION,296.5,76.0
OBS_000266,08:22:30,7950.0,12004,ROUTE_NDLS_LKO_01,SYNTHETIC_SIMULATOR,OK,28.245034,77.794643,83.175,38.0,10.56,38.0,0.0,92.8,130.0,40.0,865.27,SEC_GZB_ALJN,,GZB,ALJN,47.825,428.825,CRUISING,,,,,69.39,,,GREEN,LOW,True,,False,,JRN_NDLS_LKO_01_20260902_184646,0.2313,1.0,1.0,0.4541,1.0,MEDIUM,Predicted Fog Visibility Risk (Speed cap 40.0 km/h),40.0,75.5,677.1,08:22:30,30.0,BASELINE_HISTORICAL_CALIBRATION,296.0,75.5
OBS_000267,08:23:00,7980.0,12004,ROUTE_NDLS_LKO_01,SYNTHETIC_SIMULATOR,OK,28.242732,77.796586,83.492,38.0,10.56,38.0,0.0,92.8,130.0,40.0,862.42,SEC_GZB_ALJN,,GZB,ALJN,47.508,428.508,CRUISING,,,,,69.64,,,GREEN,LOW,True,,False,,JRN_NDLS_LKO_01_20260902_184646,0.2313,1.0,1.0,0.4541,1.0,MEDIUM,Predicted Fog Visibility Risk (Speed cap 40.0 km/h),40.0,75.0,676.6,08:23:00,30.0,BASELINE_HISTORICAL_CALIBRATION,295.5,75.0
OBS_000268,08:23:30,8010.0,12004,ROUTE_NDLS_LKO_01,SYNTHETIC_SIMULATOR,OK,28.24043,77.798528,83.808,38.0,10.56,38.0,0.0,92.8,130.0,40.0,859.56,SEC_GZB_ALJN,,GZB,ALJN,47.192,428.192,CRUISING,,,,,69.9,,,GREEN,LOW,True,,False,,JRN_NDLS_LKO_01_20260902_184646,0.2313,1.0,1.0,0.4541,1.0,MEDIUM,Predicted Fog Visibility Risk (Speed cap 40.0 km/h),40.0,74.5,676.1,08:23:30,30.0,BASELINE_HISTORICAL_CALIBRATION,295.0,74.5
OBS_000269,08:24:00,8040.0,12004,ROUTE_NDLS_LKO_01,SYNTHETIC_SIMULATOR,OK,28.238128,77.800471,84.125,38.0,10.56,38.0,0.0,92.8,130.0,40.0,856.69,SEC_GZB_ALJN,,GZB,ALJN,46.875,427.875,CRUISING,,,,,70.16,,,GREEN,LOW,True,,False,,JRN_NDLS_LKO_01_20260902_184646,0.2313,1.0,1.0,0.4541,1.0,MEDIUM,Predicted Fog Visibility Risk (Speed cap 40.0 km/h),40.0,74.0,675.6,08:24:00,30.0,BASELINE_HISTORICAL_CALIBRATION,294.5,74.0
OBS_000270,08:24:30,8070.0,12004,ROUTE_NDLS_LKO_01,SYNTHETIC_SIMULATOR,OK,28.235826,77.802413,84.442,38.0,10.56,38.0,0.0,92.8,130.0,40.0,853.81,SEC_GZB_ALJN,,GZB,ALJN,46.558,427.558,CRUISING,,,,,70.42,,,GREEN,LOW,True,,False,,JRN_NDLS_LKO_01_20260902_184646,0.2313,1.0,1.0,0.4541,1.0,MEDIUM,Predicted Fog Visibility Risk (Speed cap 40.0 km/h),40.0,73.5,675.1,08:24:30,30.0,BASELINE_HISTORICAL_CALIBRATION,294.0,73.5
OBS_000271,08:25:00,8100.0,12004,ROUTE_NDLS_LKO_01,SYNTHETIC_SIMULATOR,OK,28.233525,77.804355,84.758,38.0,10.56,38.0,0.0,92.8,130.0,40.0,850.93,SEC_GZB_ALJN,,GZB,ALJN,46.242,427.242,CRUISING,,,,,70.68,,,GREEN,LOW,True,,False,,JRN_NDLS_LKO_01_20260902_184646,0.2313,1.0,1.0,0.4541,1.0,MEDIUM,Predicted Fog Visibility Risk (Speed cap 40.0 km/h),40.0,73.0,674.6,08:25:00,30.0,BASELINE_HISTORICAL_CALIBRATION,293.5,73.0
OBS_000272,08:25:30,8130.0,12004,ROUTE_NDLS_LKO_01,SYNTHETIC_SIMULATOR,OK,28.231223,77.806298,85.075,38.0,10.56,38.0,0.0,92.8,130.0,40.0,848.03,SEC_GZB_ALJN,,GZB,ALJN,45.925,426.925,CRUISING,,,,,70.94,,,GREEN,LOW,True,,False,,JRN_NDLS_LKO_01_20260902_184646,0.2313,1.0,1.0,0.4541,1.0,MEDIUM,Predicted Fog Visibility Risk (Speed cap 40.0 km/h),40.0,72.5,674.1,08:25:30,30.0,BASELINE_HISTORICAL_CALIBRATION,293.0,72.5
OBS_000273,08:26:00,8160.0,12004,ROUTE_NDLS_LKO_01,SYNTHETIC_SIMULATOR,OK,28.228921,77.80824,85.392,38.0,10.56,38.0,0.0,92.8,130.0,40.0,845.12,SEC_GZB_ALJN,,GZB,ALJN,45.608,426.608,CRUISING,,,,,71.2,,,GREEN,LOW,True,,False,,JRN_NDLS_LKO_01_20260902_184646,0.2313,1.0,1.0,0.4541,1.0,MEDIUM,Predicted Fog Visibility Risk (Speed cap 40.0 km/h),40.0,72.0,673.6,08:26:00,30.0,BASELINE_HISTORICAL_CALIBRATION,292.5,72.0
OBS_000274,08:26:30,8190.0,12004,ROUTE_NDLS_LKO_01,SYNTHETIC_SIMULATOR,OK,28.226619,77.810183,85.708,38.0,10.56,38.0,0.0,92.8,130.0,40.0,842.2,SEC_GZB_ALJN,,GZB,ALJN,45.292,426.292,CRUISING,,,,,71.46,,,GREEN,LOW,True,,False,,JRN_NDLS_LKO_01_20260902_184646,0.2313,1.0,1.0,0.4541,1.0,MEDIUM,Predicted Fog Visibility Risk (Speed cap 40.0 km/h),40.0,71.5,673.1,08:26:30,30.0,BASELINE_HISTORICAL_CALIBRATION,292.0,71.5
OBS_000275,08:27:00,8220.0,12004,ROUTE_NDLS_LKO_01,SYNTHETIC_SIMULATOR,OK,28.224317,77.812125,86.025,38.0,10.56,38.0,0.0,92.8,130.0,40.0,839.27,SEC_GZB_ALJN,,GZB,ALJN,44.975,425.975,CRUISING,,,,,71.71,,,GREEN,LOW,True,,False,,JRN_NDLS_LKO_01_20260902_184646,0.2313,1.0,1.0,0.4541,1.0,MEDIUM,Predicted Fog Visibility Risk (Speed cap 40.0 km/h),40.0,71.0,672.6,08:27:00,30.0,BASELINE_HISTORICAL_CALIBRATION,291.5,71.0
OBS_000276,08:27:30,8250.0,12004,ROUTE_NDLS_LKO_01,SYNTHETIC_SIMULATOR,OK,28.222016,77.814067,86.342,38.0,10.56,38.0,0.0,92.8,130.0,40.0,836.33,SEC_GZB_ALJN,,GZB,ALJN,44.658,425.658,CRUISING,,,,,71.97,,,GREEN,LOW,True,,False,,JRN_NDLS_LKO_01_20260902_184646,0.2313,1.0,1.0,0.4541,1.0,MEDIUM,Predicted Fog Visibility Risk (Speed cap 40.0 km/h),40.0,70.5,672.1,08:27:30,30.0,BASELINE_HISTORICAL_CALIBRATION,291.0,70.5
OBS_000277,08:28:00,8280.0,12004,ROUTE_NDLS_LKO_01,SYNTHETIC_SIMULATOR,OK,28.219714,77.81601,86.658,38.0,10.56,38.0,0.0,92.8,130.0,40.0,833.38,SEC_GZB_ALJN,,GZB,ALJN,44.342,425.342,CRUISING,,,,,72.23,,,GREEN,LOW,True,,False,,JRN_NDLS_LKO_01_20260902_184646,0.2313,1.0,1.0,0.4541,1.0,MEDIUM,Predicted Fog Visibility Risk (Speed cap 40.0 km/h),40.0,70.0,671.6,08:28:00,30.0,BASELINE_HISTORICAL_CALIBRATION,290.5,70.0
OBS_000278,08:28:30,8310.0,12004,ROUTE_NDLS_LKO_01,SYNTHETIC_SIMULATOR,OK,28.217412,77.817952,86.975,38.0,10.56,38.0,0.0,92.8,130.0,40.0,830.42,SEC_GZB_ALJN,,GZB,ALJN,44.025,425.025,CRUISING,,,,,72.49,,,GREEN,LOW,True,,False,,JRN_NDLS_LKO_01_20260902_184646,0.2313,1.0,1.0,0.4541,1.0,MEDIUM,Predicted Fog Visibility Risk (Speed cap 40.0 km/h),40.0,69.5,671.1,08:28:30,30.0,BASELINE_HISTORICAL_CALIBRATION,290.0,69.5
OBS_000279,08:29:00,8340.0,12004,ROUTE_NDLS_LKO_01,SYNTHETIC_SIMULATOR,OK,28.21511,77.819895,87.292,38.0,10.56,38.0,0.0,92.8,130.0,40.0,827.45,SEC_GZB_ALJN,,GZB,ALJN,43.708,424.708,CRUISING,,,,,72.75,,,GREEN,LOW,True,,False,,JRN_NDLS_LKO_01_20260902_184646,0.2313,1.0,1.0,0.4541,1.0,MEDIUM,Predicted Fog Visibility Risk (Speed cap 40.0 km/h),40.0,69.0,670.6,08:29:00,30.0,BASELINE_HISTORICAL_CALIBRATION,289.5,69.0
OBS_000280,08:29:30,8370.0,12004,ROUTE_NDLS_LKO_01,SYNTHETIC_SIMULATOR,OK,28.212808,77.821837,87.608,38.0,10.56,38.0,0.0,92.8,130.0,40.0,824.47,SEC_GZB_ALJN,,GZB,ALJN,43.392,424.392,CRUISING,,,,,73.01,,,GREEN,LOW,True,,False,,JRN_NDLS_LKO_01_20260902_184646,0.2313,1.0,1.0,0.4541,1.0,MEDIUM,Predicted Fog Visibility Risk (Speed cap 40.0 km/h),40.0,68.5,670.1,08:29:30,30.0,BASELINE_HISTORICAL_CALIBRATION,289.0,68.5
OBS_000281,08:30:00,8400.0,12004,ROUTE_NDLS_LKO_01,SYNTHETIC_SIMULATOR,OK,28.210506,77.82378,87.925,38.0,10.56,38.0,0.0,92.8,130.0,40.0,821.48,SEC_GZB_ALJN,,GZB,ALJN,43.075,424.075,CRUISING,,,,,73.27,,,GREEN,LOW,True,,False,,JRN_NDLS_LKO_01_20260902_184646,0.2313,1.0,1.0,0.4541,1.0,MEDIUM,Predicted Fog Visibility Risk (Speed cap 40.0 km/h),40.0,68.0,669.6,08:30:00,30.0,BASELINE_HISTORICAL_CALIBRATION,288.5,68.0
OBS_000282,08:30:30,8430.0,12004,ROUTE_NDLS_LKO_01,SYNTHETIC_SIMULATOR,OK,28.208205,77.825722,88.242,38.0,10.56,38.0,0.0,92.8,130.0,40.0,818.48,SEC_GZB_ALJN,,GZB,ALJN,42.758,423.758,CRUISING,,,,,73.53,,,GREEN,LOW,True,,False,,JRN_NDLS_LKO_01_20260902_184646,0.2313,1.0,1.0,0.4541,1.0,MEDIUM,Predicted Fog Visibility Risk (Speed cap 40.0 km/h),40.0,67.5,669.1,08:30:30,30.0,BASELINE_HISTORICAL_CALIBRATION,288.0,67.5
OBS_000283,08:31:00,8460.0,12004,ROUTE_NDLS_LKO_01,SYNTHETIC_SIMULATOR,OK,28.205903,77.827664,88.558,38.0,10.56,38.0,0.0,92.8,130.0,40.0,815.46,SEC_GZB_ALJN,,GZB,ALJN,42.442,423.442,CRUISING,,,,,73.78,,,GREEN,LOW,True,,False,,JRN_NDLS_LKO_01_20260902_184646,0.2313,1.0,1.0,0.4541,1.0,MEDIUM,Predicted Fog Visibility Risk (Speed cap 40.0 km/h),40.0,67.0,668.6,08:31:00,30.0,BASELINE_HISTORICAL_CALIBRATION,287.5,67.0
OBS_000284,08:31:30,8490.0,12004,ROUTE_NDLS_LKO_01,SYNTHETIC_SIMULATOR,OK,28.203601,77.829607,88.875,38.0,10.56,38.0,0.0,92.8,130.0,40.0,812.44,SEC_GZB_ALJN,,GZB,ALJN,42.125,423.125,CRUISING,,,,,74.04,,,GREEN,LOW,True,,False,,JRN_NDLS_LKO_01_20260902_184646,0.2313,1.0,1.0,0.4541,1.0,MEDIUM,Predicted Fog Visibility Risk (Speed cap 40.0 km/h),40.0,66.5,668.1,08:31:30,30.0,BASELINE_HISTORICAL_CALIBRATION,287.0,66.5
OBS_000285,08:32:00,8520.0,12004,ROUTE_NDLS_LKO_01,SYNTHETIC_SIMULATOR,OK,28.201299,77.831549,89.192,38.0,10.56,38.0,0.0,92.8,130.0,40.0,809.4,SEC_GZB_ALJN,,GZB,ALJN,41.808,422.808,CRUISING,,,,,74.3,,,GREEN,LOW,True,,False,,JRN_NDLS_LKO_01_20260902_184646,0.2313,1.0,1.0,0.4541,1.0,MEDIUM,Predicted Fog Visibility Risk (Speed cap 40.0 km/h),40.0,66.0,667.6,08:32:00,30.0,BASELINE_HISTORICAL_CALIBRATION,286.5,66.0
OBS_000286,08:32:30,8550.0,12004,ROUTE_NDLS_LKO_01,SYNTHETIC_SIMULATOR,OK,28.198997,77.833492,89.508,38.0,10.56,38.0,0.0,92.8,130.0,40.0,806.35,SEC_GZB_ALJN,,GZB,ALJN,41.492,422.492,CRUISING,,,,,74.56,,,GREEN,LOW,True,,False,,JRN_NDLS_LKO_01_20260902_184646,0.2313,1.0,1.0,0.4541,1.0,MEDIUM,Predicted Fog Visibility Risk (Speed cap 40.0 km/h),40.0,65.5,667.1,08:32:30,30.0,BASELINE_HISTORICAL_CALIBRATION,286.0,65.5
OBS_000287,08:33:00,8580.0,12004,ROUTE_NDLS_LKO_01,SYNTHETIC_SIMULATOR,OK,28.196696,77.835434,89.825,38.0,10.56,38.0,0.0,92.8,130.0,40.0,803.29,SEC_GZB_ALJN,,GZB,ALJN,41.175,422.175,CRUISING,,,,,74.82,,,GREEN,LOW,True,,False,,JRN_NDLS_LKO_01_20260902_184646,0.2313,1.0,1.0,0.4541,1.0,MEDIUM,Predicted Fog Visibility Risk (Speed cap 40.0 km/h),40.0,65.0,666.6,08:33:00,30.0,BASELINE_HISTORICAL_CALIBRATION,285.5,65.0
OBS_000288,08:33:30,8610.0,12004,ROUTE_NDLS_LKO_01,SYNTHETIC_SIMULATOR,OK,28.194394,77.837377,90.142,38.0,10.56,38.0,0.0,92.8,130.0,40.0,800.22,SEC_GZB_ALJN,,GZB,ALJN,40.858,421.858,CRUISING,,,,,75.08,,,GREEN,LOW,True,,False,,JRN_NDLS_LKO_01_20260902_184646,0.2313,1.0,1.0,0.4541,1.0,MEDIUM,Predicted Fog Visibility Risk (Speed cap 40.0 km/h),40.0,64.5,666.1,08:33:30,30.0,BASELINE_HISTORICAL_CALIBRATION,285.0,64.5
OBS_000289,08:34:00,8640.0,12004,ROUTE_NDLS_LKO_01,SYNTHETIC_SIMULATOR,OK,28.192092,77.839319,90.458,38.0,10.56,38.0,0.0,92.8,130.0,40.0,797.14,SEC_GZB_ALJN,,GZB,ALJN,40.542,421.542,CRUISING,,,,,75.34,,,GREEN,LOW,True,,False,,JRN_NDLS_LKO_01_20260902_184646,0.2313,1.0,1.0,0.4541,1.0,MEDIUM,Predicted Fog Visibility Risk (Speed cap 40.0 km/h),40.0,64.0,665.6,08:34:00,30.0,BASELINE_HISTORICAL_CALIBRATION,284.5,64.0
OBS_000290,08:34:30,8670.0,12004,ROUTE_NDLS_LKO_01,SYNTHETIC_SIMULATOR,OK,28.18979,77.841261,90.775,38.0,10.56,38.0,0.0,92.8,130.0,40.0,794.04,SEC_GZB_ALJN,,GZB,ALJN,40.225,421.225,CRUISING,,,,,75.6,,,GREEN,LOW,True,,False,,JRN_NDLS_LKO_01_20260902_184646,0.2313,1.0,1.0,0.4541,1.0,MEDIUM,Predicted Fog Visibility Risk (Speed cap 40.0 km/h),40.0,63.5,665.1,08:34:30,30.0,BASELINE_HISTORICAL_CALIBRATION,284.0,63.5
OBS_000291,08:35:00,8700.0,12004,ROUTE_NDLS_LKO_01,SYNTHETIC_SIMULATOR,OK,28.187488,77.843204,91.092,38.0,10.56,38.0,0.0,92.8,130.0,40.0,790.94,SEC_GZB_ALJN,,GZB,ALJN,39.908,420.908,CRUISING,,,,,75.85,,,GREEN,LOW,True,,False,,JRN_NDLS_LKO_01_20260902_184646,0.2313,1.0,1.0,0.4541,1.0,MEDIUM,Predicted Fog Visibility Risk (Speed cap 40.0 km/h),40.0,63.0,664.6,08:35:00,30.0,BASELINE_HISTORICAL_CALIBRATION,283.5,63.0
OBS_000292,08:35:30,8730.0,12004,ROUTE_NDLS_LKO_01,SYNTHETIC_SIMULATOR,OK,28.185187,77.845146,91.408,38.0,10.56,38.0,0.0,92.8,130.0,40.0,787.82,SEC_GZB_ALJN,,GZB,ALJN,39.592,420.592,CRUISING,,,,,76.11,,,GREEN,LOW,True,,False,,JRN_NDLS_LKO_01_20260902_184646,0.2313,1.0,1.0,0.4541,1.0,MEDIUM,Predicted Fog Visibility Risk (Speed cap 40.0 km/h),40.0,62.5,664.1,08:35:30,30.0,BASELINE_HISTORICAL_CALIBRATION,283.0,62.5
OBS_000293,08:36:00,8760.0,12004,ROUTE_NDLS_LKO_01,SYNTHETIC_SIMULATOR,OK,28.182885,77.847089,91.725,38.0,10.56,38.0,0.0,92.8,130.0,40.0,784.68,SEC_GZB_ALJN,,GZB,ALJN,39.275,420.275,CRUISING,,,,,76.37,,,GREEN,LOW,True,,False,,JRN_NDLS_LKO_01_20260902_184646,0.2313,1.0,1.0,0.4541,1.0,MEDIUM,Predicted Fog Visibility Risk (Speed cap 40.0 km/h),40.0,62.0,663.6,08:36:00,30.0,BASELINE_HISTORICAL_CALIBRATION,282.5,62.0
OBS_000294,08:36:30,8790.0,12004,ROUTE_NDLS_LKO_01,SYNTHETIC_SIMULATOR,OK,28.180583,77.849031,92.042,38.0,10.56,38.0,0.0,92.8,130.0,40.0,781.54,SEC_GZB_ALJN,,GZB,ALJN,38.958,419.958,CRUISING,,,,,76.63,,,GREEN,LOW,True,,False,,JRN_NDLS_LKO_01_20260902_184646,0.2313,1.0,1.0,0.4541,1.0,MEDIUM,Predicted Fog Visibility Risk (Speed cap 40.0 km/h),40.0,61.5,663.1,08:36:30,30.0,BASELINE_HISTORICAL_CALIBRATION,282.0,61.5
OBS_000295,08:37:00,8820.0,12004,ROUTE_NDLS_LKO_01,SYNTHETIC_SIMULATOR,OK,28.178281,77.850973,92.358,38.0,10.56,38.0,0.0,92.8,130.0,40.0,778.38,SEC_GZB_ALJN,,GZB,ALJN,38.642,419.642,CRUISING,,,,,76.89,,,GREEN,LOW,True,,False,,JRN_NDLS_LKO_01_20260902_184646,0.2313,1.0,1.0,0.4541,1.0,MEDIUM,Predicted Fog Visibility Risk (Speed cap 40.0 km/h),40.0,61.0,662.6,08:37:00,30.0,BASELINE_HISTORICAL_CALIBRATION,281.5,61.0
OBS_000296,08:37:30,8850.0,12004,ROUTE_NDLS_LKO_01,SYNTHETIC_SIMULATOR,OK,28.175979,77.852916,92.675,38.0,10.56,38.0,0.0,92.8,130.0,40.0,775.21,SEC_GZB_ALJN,,GZB,ALJN,38.325,419.325,CRUISING,,,,,77.15,,,GREEN,LOW,True,,False,,JRN_NDLS_LKO_01_20260902_184646,0.2313,1.0,1.0,0.4541,1.0,MEDIUM,Predicted Fog Visibility Risk (Speed cap 40.0 km/h),40.0,60.5,662.1,08:37:30,30.0,BASELINE_HISTORICAL_CALIBRATION,281.0,60.5
OBS_000297,08:38:00,8880.0,12004,ROUTE_NDLS_LKO_01,SYNTHETIC_SIMULATOR,OK,28.173678,77.854858,92.992,38.0,10.56,38.0,0.0,92.8,130.0,40.0,772.03,SEC_GZB_ALJN,,GZB,ALJN,38.008,419.008,CRUISING,,,,,77.41,,,GREEN,LOW,True,,False,,JRN_NDLS_LKO_01_20260902_184646,0.2313,1.0,1.0,0.4541,1.0,MEDIUM,Predicted Fog Visibility Risk (Speed cap 40.0 km/h),40.0,60.0,661.6,08:38:00,30.0,BASELINE_HISTORICAL_CALIBRATION,280.5,60.0
OBS_000298,08:38:30,8910.0,12004,ROUTE_NDLS_LKO_01,SYNTHETIC_SIMULATOR,OK,28.171376,77.856801,93.308,38.0,10.56,38.0,0.0,92.8,130.0,40.0,768.83,SEC_GZB_ALJN,,GZB,ALJN,37.692,418.692,CRUISING,,,,,77.67,,,GREEN,LOW,True,,False,,JRN_NDLS_LKO_01_20260902_184646,0.2313,1.0,1.0,0.4541,1.0,MEDIUM,Predicted Fog Visibility Risk (Speed cap 40.0 km/h),40.0,59.5,661.1,08:38:30,30.0,BASELINE_HISTORICAL_CALIBRATION,280.0,59.5
OBS_000299,08:39:00,8940.0,12004,ROUTE_NDLS_LKO_01,SYNTHETIC_SIMULATOR,OK,28.169074,77.858743,93.625,38.0,10.56,38.0,0.0,92.8,130.0,40.0,765.62,SEC_GZB_ALJN,,GZB,ALJN,37.375,418.375,CRUISING,,,,,77.93,,,GREEN,LOW,True,,False,,JRN_NDLS_LKO_01_20260902_184646,0.2313,1.0,1.0,0.4541,1.0,MEDIUM,Predicted Fog Visibility Risk (Speed cap 40.0 km/h),40.0,59.0,660.6,08:39:00,30.0,BASELINE_HISTORICAL_CALIBRATION,279.5,59.0
OBS_000300,08:39:30,8970.0,12004,ROUTE_NDLS_LKO_01,SYNTHETIC_SIMULATOR,OK,28.166772,77.860686,93.942,38.0,10.56,38.0,0.0,92.8,130.0,40.0,762.4,SEC_GZB_ALJN,,GZB,ALJN,37.058,418.058,CRUISING,,,,,78.18,,,GREEN,LOW,True,,False,,JRN_NDLS_LKO_01_20260902_184646,0.2313,1.0,1.0,0.4541,1.0,MEDIUM,Predicted Fog Visibility Risk (Speed cap 40.0 km/h),40.0,58.5,660.1,08:39:30,30.0,BASELINE_HISTORICAL_CALIBRATION,279.0,58.5
OBS_000301,08:40:00,9000.0,12004,ROUTE_NDLS_LKO_01,SYNTHETIC_SIMULATOR,OK,28.16447,77.862628,94.258,38.0,10.56,38.0,0.0,92.8,130.0,40.0,759.16,SEC_GZB_ALJN,,GZB,ALJN,36.742,417.742,CRUISING,,,,,78.44,,,GREEN,LOW,True,,False,,JRN_NDLS_LKO_01_20260902_184646,0.2313,1.0,1.0,0.4541,1.0,MEDIUM,Predicted Fog Visibility Risk (Speed cap 40.0 km/h),40.0,58.0,659.6,08:40:00,30.0,BASELINE_HISTORICAL_CALIBRATION,278.5,58.0
OBS_000302,08:40:30,9030.0,12004,ROUTE_NDLS_LKO_01,SYNTHETIC_SIMULATOR,OK,28.162169,77.86457,94.575,38.0,10.56,38.0,0.0,92.8,130.0,40.0,755.91,SEC_GZB_ALJN,,GZB,ALJN,36.425,417.425,CRUISING,,,,,78.7,,,GREEN,LOW,True,,False,,JRN_NDLS_LKO_01_20260902_184646,0.2313,1.0,1.0,0.4541,1.0,MEDIUM,Predicted Fog Visibility Risk (Speed cap 40.0 km/h),40.0,57.5,659.1,08:40:30,30.0,BASELINE_HISTORICAL_CALIBRATION,278.0,57.5
OBS_000303,08:41:00,9060.0,12004,ROUTE_NDLS_LKO_01,SYNTHETIC_SIMULATOR,OK,28.159867,77.866513,94.892,38.0,10.56,38.0,0.0,92.8,130.0,40.0,752.65,SEC_GZB_ALJN,,GZB,ALJN,36.108,417.108,CRUISING,,,,,78.96,,,GREEN,LOW,True,,False,,JRN_NDLS_LKO_01_20260902_184646,0.2313,1.0,1.0,0.4541,1.0,MEDIUM,Predicted Fog Visibility Risk (Speed cap 40.0 km/h),40.0,57.0,658.6,08:41:00,30.0,BASELINE_HISTORICAL_CALIBRATION,277.5,57.0
OBS_000304,08:41:30,9090.0,12004,ROUTE_NDLS_LKO_01,SYNTHETIC_SIMULATOR,OK,28.157565,77.868455,95.208,38.0,10.56,38.0,0.0,92.8,130.0,40.0,749.37,SEC_GZB_ALJN,,GZB,ALJN,35.792,416.792,CRUISING,,,,,79.22,,,GREEN,LOW,True,,False,,JRN_NDLS_LKO_01_20260902_184646,0.2313,1.0,1.0,0.4541,1.0,MEDIUM,Predicted Fog Visibility Risk (Speed cap 40.0 km/h),40.0,56.5,658.1,08:41:30,30.0,BASELINE_HISTORICAL_CALIBRATION,277.0,56.5
OBS_000305,08:42:00,9120.0,12004,ROUTE_NDLS_LKO_01,SYNTHETIC_SIMULATOR,OK,28.155263,77.870398,95.525,38.0,10.56,38.0,0.0,92.8,130.0,40.0,746.08,SEC_GZB_ALJN,,GZB,ALJN,35.475,416.475,CRUISING,,,,,79.48,,,GREEN,LOW,True,,False,,JRN_NDLS_LKO_01_20260902_184646,0.2313,1.0,1.0,0.4541,1.0,MEDIUM,Predicted Fog Visibility Risk (Speed cap 40.0 km/h),40.0,56.0,657.6,08:42:00,30.0,BASELINE_HISTORICAL_CALIBRATION,276.5,56.0
OBS_000306,08:42:30,9150.0,12004,ROUTE_NDLS_LKO_01,SYNTHETIC_SIMULATOR,OK,28.152961,77.87234,95.842,38.0,10.56,38.0,0.0,92.8,130.0,40.0,742.77,SEC_GZB_ALJN,,GZB,ALJN,35.158,416.158,CRUISING,,,,,79.74,,,GREEN,LOW,True,,False,,JRN_NDLS_LKO_01_20260902_184646,0.2313,1.0,1.0,0.4541,1.0,MEDIUM,Predicted Fog Visibility Risk (Speed cap 40.0 km/h),40.0,55.5,657.1,08:42:30,30.0,BASELINE_HISTORICAL_CALIBRATION,276.0,55.5
OBS_000307,08:43:00,9180.0,12004,ROUTE_NDLS_LKO_01,SYNTHETIC_SIMULATOR,OK,28.150659,77.874283,96.158,38.0,10.56,38.0,0.0,92.8,130.0,40.0,739.45,SEC_GZB_ALJN,,GZB,ALJN,34.842,415.842,CRUISING,,,,,80.0,,,GREEN,LOW,True,,False,,JRN_NDLS_LKO_01_20260902_184646,0.2313,1.0,1.0,0.4541,1.0,MEDIUM,Predicted Fog Visibility Risk (Speed cap 40.0 km/h),40.0,55.0,656.6,08:43:00,30.0,BASELINE_HISTORICAL_CALIBRATION,275.5,55.0
OBS_000308,08:43:30,9210.0,12004,ROUTE_NDLS_LKO_01,SYNTHETIC_SIMULATOR,OK,28.148358,77.876225,96.475,38.0,10.56,38.0,0.0,92.8,130.0,40.0,736.11,SEC_GZB_ALJN,,GZB,ALJN,34.525,415.525,CRUISING,,,,,80.25,,,GREEN,LOW,True,,False,,JRN_NDLS_LKO_01_20260902_184646,0.2313,1.0,1.0,0.4541,1.0,MEDIUM,Predicted Fog Visibility Risk (Speed cap 40.0 km/h),40.0,54.5,656.1,08:43:30,30.0,BASELINE_HISTORICAL_CALIBRATION,275.0,54.5
OBS_000309,08:44:00,9240.0,12004,ROUTE_NDLS_LKO_01,SYNTHETIC_SIMULATOR,OK,28.146056,77.878167,96.792,38.0,10.56,38.0,0.0,92.8,130.0,40.0,732.76,SEC_GZB_ALJN,,GZB,ALJN,34.208,415.208,CRUISING,,,,,80.51,,,GREEN,LOW,True,,False,,JRN_NDLS_LKO_01_20260902_184646,0.2313,1.0,1.0,0.4541,1.0,MEDIUM,Predicted Fog Visibility Risk (Speed cap 40.0 km/h),40.0,54.0,655.6,08:44:00,30.0,BASELINE_HISTORICAL_CALIBRATION,274.5,54.0
OBS_000310,08:44:30,9270.0,12004,ROUTE_NDLS_LKO_01,SYNTHETIC_SIMULATOR,OK,28.143754,77.88011,97.108,38.0,10.56,38.0,0.0,92.8,130.0,40.0,729.39,SEC_GZB_ALJN,,GZB,ALJN,33.892,414.892,CRUISING,,,,,80.77,,,GREEN,LOW,True,,False,,JRN_NDLS_LKO_01_20260902_184646,0.2313,1.0,1.0,0.4541,1.0,MEDIUM,Predicted Fog Visibility Risk (Speed cap 40.0 km/h),40.0,53.5,655.1,08:44:30,30.0,BASELINE_HISTORICAL_CALIBRATION,274.0,53.5
OBS_000311,08:45:00,9300.0,12004,ROUTE_NDLS_LKO_01,SYNTHETIC_SIMULATOR,OK,28.141452,77.882052,97.425,38.0,10.56,38.0,0.0,92.8,130.0,40.0,726.0,SEC_GZB_ALJN,,GZB,ALJN,33.575,414.575,CRUISING,,,,,81.03,,,GREEN,LOW,True,,False,,JRN_NDLS_LKO_01_20260902_184646,0.2313,1.0,1.0,0.4541,1.0,MEDIUM,Predicted Fog Visibility Risk (Speed cap 40.0 km/h),40.0,53.0,654.6,08:45:00,30.0,BASELINE_HISTORICAL_CALIBRATION,273.5,53.0
OBS_000312,08:45:30,9330.0,12004,ROUTE_NDLS_LKO_01,SYNTHETIC_SIMULATOR,OK,28.13915,77.883995,97.742,38.0,10.56,38.0,0.0,92.8,130.0,40.0,722.61,SEC_GZB_ALJN,,GZB,ALJN,33.258,414.258,CRUISING,,,,,81.29,,,GREEN,LOW,True,,False,,JRN_NDLS_LKO_01_20260902_184646,0.2313,1.0,1.0,0.4541,1.0,MEDIUM,Predicted Fog Visibility Risk (Speed cap 40.0 km/h),40.0,52.5,654.1,08:45:30,30.0,BASELINE_HISTORICAL_CALIBRATION,273.0,52.5
OBS_000313,08:46:00,9360.0,12004,ROUTE_NDLS_LKO_01,SYNTHETIC_SIMULATOR,OK,28.136849,77.885937,98.058,38.0,10.56,38.0,0.0,92.8,130.0,40.0,719.19,SEC_GZB_ALJN,,GZB,ALJN,32.942,413.942,CRUISING,,,,,81.55,,,GREEN,LOW,True,,False,,JRN_NDLS_LKO_01_20260902_184646,0.2313,1.0,1.0,0.4541,1.0,MEDIUM,Predicted Fog Visibility Risk (Speed cap 40.0 km/h),40.0,52.0,653.6,08:46:00,30.0,BASELINE_HISTORICAL_CALIBRATION,272.5,52.0
OBS_000314,08:46:30,9390.0,12004,ROUTE_NDLS_LKO_01,SYNTHETIC_SIMULATOR,OK,28.134547,77.887879,98.375,38.0,10.56,38.0,0.0,92.8,130.0,40.0,715.76,SEC_GZB_ALJN,,GZB,ALJN,32.625,413.625,CRUISING,,,,,81.81,,,GREEN,LOW,True,,False,,JRN_NDLS_LKO_01_20260902_184646,0.2313,1.0,1.0,0.4541,1.0,MEDIUM,Predicted Fog Visibility Risk (Speed cap 40.0 km/h),40.0,51.5,653.1,08:46:30,30.0,BASELINE_HISTORICAL_CALIBRATION,272.0,51.5
OBS_000315,08:47:00,9420.0,12004,ROUTE_NDLS_LKO_01,SYNTHETIC_SIMULATOR,OK,28.132245,77.889822,98.692,38.0,10.56,38.0,0.0,92.8,130.0,40.0,712.31,SEC_GZB_ALJN,,GZB,ALJN,32.308,413.308,CRUISING,,,,,82.07,,,GREEN,LOW,True,,False,,JRN_NDLS_LKO_01_20260902_184646,0.2313,1.0,1.0,0.4541,1.0,MEDIUM,Predicted Fog Visibility Risk (Speed cap 40.0 km/h),40.0,51.0,652.6,08:47:00,30.0,BASELINE_HISTORICAL_CALIBRATION,271.5,51.0
OBS_000316,08:47:30,9450.0,12004,ROUTE_NDLS_LKO_01,SYNTHETIC_SIMULATOR,OK,28.129943,77.891764,99.008,38.0,10.56,38.0,0.0,92.8,130.0,40.0,708.84,SEC_GZB_ALJN,,GZB,ALJN,31.992,412.992,CRUISING,,,,,82.32,,,GREEN,LOW,True,,False,,JRN_NDLS_LKO_01_20260902_184646,0.2313,1.0,1.0,0.4541,1.0,MEDIUM,Predicted Fog Visibility Risk (Speed cap 40.0 km/h),40.0,50.5,652.1,08:47:30,30.0,BASELINE_HISTORICAL_CALIBRATION,271.0,50.5
OBS_000317,08:48:00,9480.0,12004,ROUTE_NDLS_LKO_01,SYNTHETIC_SIMULATOR,OK,28.127641,77.893707,99.325,38.0,10.56,38.0,0.0,92.8,130.0,40.0,705.36,SEC_GZB_ALJN,,GZB,ALJN,31.675,412.675,CRUISING,,,,,82.58,,,GREEN,LOW,True,,False,,JRN_NDLS_LKO_01_20260902_184646,0.2313,1.0,1.0,0.4541,1.0,MEDIUM,Predicted Fog Visibility Risk (Speed cap 40.0 km/h),40.0,50.0,651.6,08:48:00,30.0,BASELINE_HISTORICAL_CALIBRATION,270.5,50.0
OBS_000318,08:48:30,9510.0,12004,ROUTE_NDLS_LKO_01,SYNTHETIC_SIMULATOR,OK,28.12534,77.895649,99.642,38.0,10.56,38.0,0.0,92.8,130.0,40.0,701.86,SEC_GZB_ALJN,,GZB,ALJN,31.358,412.358,CRUISING,,,,,82.84,,,GREEN,LOW,True,,False,,JRN_NDLS_LKO_01_20260902_184646,0.2313,1.0,1.0,0.4541,1.0,MEDIUM,Predicted Fog Visibility Risk (Speed cap 40.0 km/h),40.0,49.5,651.1,08:48:30,30.0,BASELINE_HISTORICAL_CALIBRATION,270.0,49.5
OBS_000319,08:49:00,9540.0,12004,ROUTE_NDLS_LKO_01,SYNTHETIC_SIMULATOR,OK,28.123038,77.897592,99.958,38.0,10.56,38.0,0.0,92.8,130.0,40.0,698.34,SEC_GZB_ALJN,,GZB,ALJN,31.042,412.042,CRUISING,,,,,83.1,,,GREEN,LOW,True,,False,,JRN_NDLS_LKO_01_20260902_184646,0.2313,1.0,1.0,0.4541,1.0,MEDIUM,Predicted Fog Visibility Risk (Speed cap 40.0 km/h),40.0,49.0,650.6,08:49:00,30.0,BASELINE_HISTORICAL_CALIBRATION,269.5,49.0
OBS_000320,08:49:30,9570.0,12004,ROUTE_NDLS_LKO_01,SYNTHETIC_SIMULATOR,OK,28.120736,77.899534,100.275,38.0,10.56,38.0,0.0,92.8,130.0,40.0,694.81,SEC_GZB_ALJN,,GZB,ALJN,30.725,411.725,CRUISING,,,,,83.36,,,GREEN,LOW,True,,False,,JRN_NDLS_LKO_01_20260902_184646,0.2313,1.0,1.0,0.4541,1.0,MEDIUM,Predicted Fog Visibility Risk (Speed cap 40.0 km/h),40.0,48.5,650.1,08:49:30,30.0,BASELINE_HISTORICAL_CALIBRATION,269.0,48.5
OBS_000321,08:50:00,9600.0,12004,ROUTE_NDLS_LKO_01,SYNTHETIC_SIMULATOR,OK,28.118434,77.901476,100.592,38.0,10.56,38.0,0.0,92.8,130.0,40.0,691.26,SEC_GZB_ALJN,,GZB,ALJN,30.408,411.408,CRUISING,,,,,83.62,,,GREEN,LOW,True,,False,,JRN_NDLS_LKO_01_20260902_184646,0.2313,1.0,1.0,0.4541,1.0,MEDIUM,Predicted Fog Visibility Risk (Speed cap 40.0 km/h),40.0,48.0,649.6,08:50:00,30.0,BASELINE_HISTORICAL_CALIBRATION,268.5,48.0
OBS_000322,08:50:30,9630.0,12004,ROUTE_NDLS_LKO_01,SYNTHETIC_SIMULATOR,OK,28.116132,77.903419,100.908,38.0,10.56,38.0,0.0,92.8,130.0,40.0,687.68,SEC_GZB_ALJN,,GZB,ALJN,30.092,411.092,CRUISING,,,,,83.88,,,GREEN,LOW,True,,False,,JRN_NDLS_LKO_01_20260902_184646,0.2313,1.0,1.0,0.4541,1.0,MEDIUM,Predicted Fog Visibility Risk (Speed cap 40.0 km/h),40.0,47.5,649.1,08:50:30,30.0,BASELINE_HISTORICAL_CALIBRATION,268.0,47.5
OBS_000323,08:51:00,9660.0,12004,ROUTE_NDLS_LKO_01,SYNTHETIC_SIMULATOR,OK,28.113831,77.905361,101.225,38.0,10.56,38.0,0.0,92.8,130.0,40.0,684.09,SEC_GZB_ALJN,,GZB,ALJN,29.775,410.775,CRUISING,,,,,84.14,,,GREEN,LOW,True,,False,,JRN_NDLS_LKO_01_20260902_184646,0.2313,1.0,1.0,0.4541,1.0,MEDIUM,Predicted Fog Visibility Risk (Speed cap 40.0 km/h),40.0,47.0,648.6,08:51:00,30.0,BASELINE_HISTORICAL_CALIBRATION,267.5,47.0
OBS_000324,08:51:30,9690.0,12004,ROUTE_NDLS_LKO_01,SYNTHETIC_SIMULATOR,OK,28.111529,77.907304,101.542,38.0,10.56,38.0,0.0,92.8,130.0,40.0,680.49,SEC_GZB_ALJN,,GZB,ALJN,29.458,410.458,CRUISING,,,,,84.4,,,GREEN,LOW,True,,False,,JRN_NDLS_LKO_01_20260902_184646,0.2313,1.0,1.0,0.4541,1.0,MEDIUM,Predicted Fog Visibility Risk (Speed cap 40.0 km/h),40.0,46.5,648.1,08:51:30,30.0,BASELINE_HISTORICAL_CALIBRATION,267.0,46.5
OBS_000325,08:52:00,9720.0,12004,ROUTE_NDLS_LKO_01,SYNTHETIC_SIMULATOR,OK,28.109227,77.909246,101.858,38.0,10.56,38.0,0.0,92.8,130.0,40.0,676.86,SEC_GZB_ALJN,,GZB,ALJN,29.142,410.142,CRUISING,,,,,84.65,,,GREEN,LOW,True,,False,,JRN_NDLS_LKO_01_20260902_184646,0.2313,1.0,1.0,0.4541,1.0,MEDIUM,Predicted Fog Visibility Risk (Speed cap 40.0 km/h),40.0,46.0,647.6,08:52:00,30.0,BASELINE_HISTORICAL_CALIBRATION,266.5,46.0
OBS_000326,08:52:30,9750.0,12004,ROUTE_NDLS_LKO_01,SYNTHETIC_SIMULATOR,OK,28.106925,77.911189,102.175,38.0,10.56,38.0,0.0,92.8,130.0,40.0,673.21,SEC_GZB_ALJN,,GZB,ALJN,28.825,409.825,CRUISING,,,,,84.91,,,GREEN,LOW,True,,False,,JRN_NDLS_LKO_01_20260902_184646,0.2313,1.0,1.0,0.4541,1.0,MEDIUM,Predicted Fog Visibility Risk (Speed cap 40.0 km/h),40.0,45.5,647.1,08:52:30,30.0,BASELINE_HISTORICAL_CALIBRATION,266.0,45.5
OBS_000327,08:53:00,9780.0,12004,ROUTE_NDLS_LKO_01,SYNTHETIC_SIMULATOR,OK,28.104623,77.913131,102.492,38.0,10.56,38.0,0.0,92.8,130.0,40.0,669.54,SEC_GZB_ALJN,,GZB,ALJN,28.508,409.508,CRUISING,,,,,85.17,,,GREEN,LOW,True,,False,,JRN_NDLS_LKO_01_20260902_184646,0.2313,1.0,1.0,0.4541,1.0,MEDIUM,Predicted Fog Visibility Risk (Speed cap 40.0 km/h),40.0,45.0,646.6,08:53:00,30.0,BASELINE_HISTORICAL_CALIBRATION,265.5,45.0
OBS_000328,08:53:30,9810.0,12004,ROUTE_NDLS_LKO_01,SYNTHETIC_SIMULATOR,OK,28.102322,77.915073,102.808,38.0,10.56,38.0,0.0,92.8,130.0,40.0,665.85,SEC_GZB_ALJN,,GZB,ALJN,28.192,409.192,CRUISING,,,,,85.43,,,GREEN,LOW,True,,False,,JRN_NDLS_LKO_01_20260902_184646,0.2313,1.0,1.0,0.4541,1.0,MEDIUM,Predicted Fog Visibility Risk (Speed cap 40.0 km/h),40.0,44.5,646.1,08:53:30,30.0,BASELINE_HISTORICAL_CALIBRATION,265.0,44.5
OBS_000329,08:54:00,9840.0,12004,ROUTE_NDLS_LKO_01,SYNTHETIC_SIMULATOR,OK,28.10002,77.917016,103.125,38.0,10.56,38.0,0.0,92.8,130.0,40.0,662.15,SEC_GZB_ALJN,,GZB,ALJN,27.875,408.875,CRUISING,,,,,85.69,,,GREEN,LOW,True,,False,,JRN_NDLS_LKO_01_20260902_184646,0.2313,1.0,1.0,0.4541,1.0,MEDIUM,Predicted Fog Visibility Risk (Speed cap 40.0 km/h),40.0,44.0,645.6,08:54:00,30.0,BASELINE_HISTORICAL_CALIBRATION,264.5,44.0
OBS_000330,08:54:30,9870.0,12004,ROUTE_NDLS_LKO_01,SYNTHETIC_SIMULATOR,OK,28.097718,77.918958,103.442,38.0,10.56,38.0,0.0,92.8,130.0,40.0,658.42,SEC_GZB_ALJN,,GZB,ALJN,27.558,408.558,CRUISING,,,,,85.95,,,GREEN,LOW,True,,False,,JRN_NDLS_LKO_01_20260902_184646,0.2313,1.0,1.0,0.4541,1.0,MEDIUM,Predicted Fog Visibility Risk (Speed cap 40.0 km/h),40.0,43.5,645.1,08:54:30,30.0,BASELINE_HISTORICAL_CALIBRATION,264.0,43.5
OBS_000331,08:55:00,9900.0,12004,ROUTE_NDLS_LKO_01,SYNTHETIC_SIMULATOR,OK,28.095416,77.920901,103.758,38.0,10.56,38.0,0.0,92.8,130.0,40.0,654.67,SEC_GZB_ALJN,,GZB,ALJN,27.242,408.242,CRUISING,,,,,86.21,,,GREEN,LOW,True,,False,,JRN_NDLS_LKO_01_20260902_184646,0.2313,1.0,1.0,0.4541,1.0,MEDIUM,Predicted Fog Visibility Risk (Speed cap 40.0 km/h),40.0,43.0,644.6,08:55:00,30.0,BASELINE_HISTORICAL_CALIBRATION,263.5,43.0
OBS_000332,08:55:30,9930.0,12004,ROUTE_NDLS_LKO_01,SYNTHETIC_SIMULATOR,OK,28.093114,77.922843,104.075,38.0,10.56,38.0,0.0,92.8,130.0,40.0,650.89,SEC_GZB_ALJN,,GZB,ALJN,26.925,407.925,CRUISING,,,,,86.47,,,GREEN,LOW,True,,False,,JRN_NDLS_LKO_01_20260902_184646,0.2313,1.0,1.0,0.4541,1.0,MEDIUM,Predicted Fog Visibility Risk (Speed cap 40.0 km/h),40.0,42.5,644.1,08:55:30,30.0,BASELINE_HISTORICAL_CALIBRATION,263.0,42.5
OBS_000333,08:56:00,9960.0,12004,ROUTE_NDLS_LKO_01,SYNTHETIC_SIMULATOR,OK,28.090812,77.924785,104.392,38.0,10.56,38.0,0.0,92.8,130.0,40.0,647.1,SEC_GZB_ALJN,,GZB,ALJN,26.608,407.608,CRUISING,,,,,86.72,,,GREEN,LOW,True,,False,,JRN_NDLS_LKO_01_20260902_184646,0.2313,1.0,1.0,0.4541,1.0,MEDIUM,Predicted Fog Visibility Risk (Speed cap 40.0 km/h),40.0,42.0,643.6,08:56:00,30.0,BASELINE_HISTORICAL_CALIBRATION,262.5,42.0
OBS_000334,08:56:30,9990.0,12004,ROUTE_NDLS_LKO_01,SYNTHETIC_SIMULATOR,OK,28.088511,77.926728,104.708,38.0,10.56,38.0,0.0,92.8,130.0,40.0,643.28,SEC_GZB_ALJN,,GZB,ALJN,26.292,407.292,CRUISING,,,,,86.98,,,GREEN,LOW,True,,False,,JRN_NDLS_LKO_01_20260902_184646,0.2313,1.0,1.0,0.4541,1.0,MEDIUM,Predicted Fog Visibility Risk (Speed cap 40.0 km/h),40.0,41.5,643.1,08:56:30,30.0,BASELINE_HISTORICAL_CALIBRATION,262.0,41.5
OBS_000335,08:57:00,10020.0,12004,ROUTE_NDLS_LKO_01,SYNTHETIC_SIMULATOR,OK,28.086209,77.92867,105.025,38.0,10.56,38.0,0.0,92.8,130.0,40.0,639.44,SEC_GZB_ALJN,,GZB,ALJN,25.975,406.975,CRUISING,,,,,87.24,,,GREEN,LOW,True,,False,,JRN_NDLS_LKO_01_20260902_184646,0.2313,1.0,1.0,0.4541,1.0,MEDIUM,Predicted Fog Visibility Risk (Speed cap 40.0 km/h),40.0,41.0,642.6,08:57:00,30.0,BASELINE_HISTORICAL_CALIBRATION,261.5,41.0
OBS_000336,08:57:30,10050.0,12004,ROUTE_NDLS_LKO_01,SYNTHETIC_SIMULATOR,OK,28.083907,77.930613,105.342,38.0,10.56,38.0,0.0,92.8,130.0,40.0,635.58,SEC_GZB_ALJN,,GZB,ALJN,25.658,406.658,CRUISING,,,,,87.5,,,GREEN,LOW,True,,False,,JRN_NDLS_LKO_01_20260902_184646,0.2313,1.0,1.0,0.4541,1.0,MEDIUM,Predicted Fog Visibility Risk (Speed cap 40.0 km/h),40.0,40.5,642.1,08:57:30,30.0,BASELINE_HISTORICAL_CALIBRATION,261.0,40.5
OBS_000337,08:58:00,10080.0,12004,ROUTE_NDLS_LKO_01,SYNTHETIC_SIMULATOR,OK,28.081605,77.932555,105.658,38.0,10.56,38.0,0.0,92.8,130.0,40.0,631.69,SEC_GZB_ALJN,,GZB,ALJN,25.342,406.342,CRUISING,,,,,87.76,,,GREEN,LOW,True,,False,,JRN_NDLS_LKO_01_20260902_184646,0.2313,1.0,1.0,0.4541,1.0,MEDIUM,Predicted Fog Visibility Risk (Speed cap 40.0 km/h),40.0,40.0,641.6,08:58:00,30.0,BASELINE_HISTORICAL_CALIBRATION,260.5,40.0
OBS_000338,08:58:30,10110.0,12004,ROUTE_NDLS_LKO_01,SYNTHETIC_SIMULATOR,OK,28.079303,77.934498,105.975,38.0,10.56,38.0,0.0,92.8,130.0,40.0,627.78,SEC_GZB_ALJN,,GZB,ALJN,25.025,406.025,CRUISING,,,,,88.02,,,GREEN,LOW,True,,False,,JRN_NDLS_LKO_01_20260902_184646,0.2313,1.0,1.0,0.4541,1.0,MEDIUM,Predicted Fog Visibility Risk (Speed cap 40.0 km/h),40.0,39.5,641.1,08:58:30,30.0,BASELINE_HISTORICAL_CALIBRATION,260.0,39.5
OBS_000339,08:59:00,10140.0,12004,ROUTE_NDLS_LKO_01,SYNTHETIC_SIMULATOR,OK,28.077002,77.93644,106.292,38.0,10.56,38.0,0.0,92.8,130.0,40.0,623.85,SEC_GZB_ALJN,,GZB,ALJN,24.708,405.708,CRUISING,,,,,88.28,,,GREEN,LOW,True,,False,,JRN_NDLS_LKO_01_20260902_184646,0.2313,1.0,1.0,0.4541,1.0,MEDIUM,Predicted Fog Visibility Risk (Speed cap 40.0 km/h),40.0,39.0,640.6,08:59:00,30.0,BASELINE_HISTORICAL_CALIBRATION,259.5,39.0
OBS_000340,08:59:30,10170.0,12004,ROUTE_NDLS_LKO_01,SYNTHETIC_SIMULATOR,OK,28.0747,77.938382,106.608,38.0,10.56,38.0,0.0,92.8,130.0,40.0,619.89,SEC_GZB_ALJN,,GZB,ALJN,24.392,405.392,CRUISING,,,,,88.54,,,GREEN,LOW,True,,False,,JRN_NDLS_LKO_01_20260902_184646,0.2313,1.0,1.0,0.4541,1.0,MEDIUM,Predicted Fog Visibility Risk (Speed cap 40.0 km/h),40.0,38.5,640.1,08:59:30,30.0,BASELINE_HISTORICAL_CALIBRATION,259.0,38.5
OBS_000341,09:00:00,10200.0,12004,ROUTE_NDLS_LKO_01,SYNTHETIC_SIMULATOR,OK,28.072398,77.940325,106.925,38.0,10.56,38.0,0.0,92.8,130.0,40.0,615.91,SEC_GZB_ALJN,,GZB,ALJN,24.075,405.075,CRUISING,,,,,88.79,,,GREEN,LOW,True,,False,,JRN_NDLS_LKO_01_20260902_184646,0.2257,1.0,1.0,0.4541,1.0,MEDIUM,Predicted Fog Visibility Risk (Speed cap 40.0 km/h),40.0,38.0,639.6,09:00:00,30.0,BASELINE_HISTORICAL_CALIBRATION,258.5,38.0
OBS_000342,09:00:30,10230.0,12004,ROUTE_NDLS_LKO_01,SYNTHETIC_SIMULATOR,OK,28.070096,77.942267,107.242,38.0,10.56,38.0,0.0,92.8,130.0,40.0,611.89,SEC_GZB_ALJN,,GZB,ALJN,23.758,404.758,CRUISING,,,,,89.05,,,GREEN,LOW,True,,False,,JRN_NDLS_LKO_01_20260902_184646,0.2257,1.0,1.0,0.4541,1.0,MEDIUM,Predicted Fog Visibility Risk (Speed cap 40.0 km/h),40.0,37.5,639.1,09:00:30,30.0,BASELINE_HISTORICAL_CALIBRATION,258.0,37.5
OBS_000343,09:01:00,10260.0,12004,ROUTE_NDLS_LKO_01,SYNTHETIC_SIMULATOR,OK,28.067794,77.94421,107.558,38.0,10.56,38.0,0.0,92.8,130.0,40.0,607.86,SEC_GZB_ALJN,,GZB,ALJN,23.442,404.442,CRUISING,,,,,89.31,,,GREEN,LOW,True,,False,,JRN_NDLS_LKO_01_20260902_184646,0.2257,1.0,1.0,0.4541,1.0,MEDIUM,Predicted Fog Visibility Risk (Speed cap 40.0 km/h),40.0,37.0,638.6,09:01:00,30.0,BASELINE_HISTORICAL_CALIBRATION,257.5,37.0
OBS_000344,09:01:30,10290.0,12004,ROUTE_NDLS_LKO_01,SYNTHETIC_SIMULATOR,OK,28.065493,77.946152,107.875,38.0,10.56,38.0,0.0,92.8,130.0,40.0,603.79,SEC_GZB_ALJN,,GZB,ALJN,23.125,404.125,CRUISING,,,,,89.57,,,GREEN,LOW,True,,False,,JRN_NDLS_LKO_01_20260902_184646,0.2257,1.0,1.0,0.4541,1.0,MEDIUM,Predicted Fog Visibility Risk (Speed cap 40.0 km/h),40.0,36.5,638.1,09:01:30,30.0,BASELINE_HISTORICAL_CALIBRATION,257.0,36.5
OBS_000345,09:02:00,10320.0,12004,ROUTE_NDLS_LKO_01,SYNTHETIC_SIMULATOR,OK,28.063191,77.948095,108.192,38.0,10.56,38.0,0.0,92.8,130.0,40.0,599.7,SEC_GZB_ALJN,,GZB,ALJN,22.808,403.808,CRUISING,,,,,89.83,,,GREEN,LOW,True,,False,,JRN_NDLS_LKO_01_20260902_184646,0.2257,1.0,1.0,0.4541,1.0,MEDIUM,Predicted Fog Visibility Risk (Speed cap 40.0 km/h),40.0,36.0,637.6,09:02:00,30.0,BASELINE_HISTORICAL_CALIBRATION,256.5,36.0
OBS_000346,09:02:30,10350.0,12004,ROUTE_NDLS_LKO_01,SYNTHETIC_SIMULATOR,OK,28.060889,77.950037,108.508,38.0,10.56,38.0,0.0,92.8,130.0,40.0,595.58,SEC_GZB_ALJN,,GZB,ALJN,22.492,403.492,CRUISING,,,,,90.09,,,GREEN,LOW,True,,False,,JRN_NDLS_LKO_01_20260902_184646,0.2257,1.0,1.0,0.4541,1.0,MEDIUM,Predicted Fog Visibility Risk (Speed cap 40.0 km/h),40.0,35.5,637.1,09:02:30,30.0,BASELINE_HISTORICAL_CALIBRATION,256.0,35.5
OBS_000347,09:03:00,10380.0,12004,ROUTE_NDLS_LKO_01,SYNTHETIC_SIMULATOR,OK,28.058587,77.951979,108.825,38.0,10.56,38.0,0.0,92.8,130.0,40.0,591.43,SEC_GZB_ALJN,,GZB,ALJN,22.175,403.175,CRUISING,,,,,90.35,,,GREEN,LOW,True,,False,,JRN_NDLS_LKO_01_20260902_184646,0.2257,1.0,1.0,0.4541,1.0,MEDIUM,Predicted Fog Visibility Risk (Speed cap 40.0 km/h),40.0,35.0,636.6,09:03:00,30.0,BASELINE_HISTORICAL_CALIBRATION,255.5,35.0
OBS_000348,09:03:30,10410.0,12004,ROUTE_NDLS_LKO_01,SYNTHETIC_SIMULATOR,OK,28.056285,77.953922,109.142,38.0,10.56,38.0,0.0,92.8,130.0,40.0,587.25,SEC_GZB_ALJN,,GZB,ALJN,21.858,402.858,CRUISING,,,,,90.61,,,GREEN,LOW,True,,False,,JRN_NDLS_LKO_01_20260902_184646,0.2257,1.0,1.0,0.4541,1.0,MEDIUM,Predicted Fog Visibility Risk (Speed cap 40.0 km/h),40.0,34.5,636.1,09:03:30,30.0,BASELINE_HISTORICAL_CALIBRATION,255.0,34.5
OBS_000349,09:04:00,10440.0,12004,ROUTE_NDLS_LKO_01,SYNTHETIC_SIMULATOR,OK,28.053984,77.955864,109.458,38.0,10.56,38.0,0.0,92.8,130.0,40.0,583.04,SEC_GZB_ALJN,,GZB,ALJN,21.542,402.542,CRUISING,,,,,90.86,,,GREEN,LOW,True,,False,,JRN_NDLS_LKO_01_20260902_184646,0.2257,1.0,1.0,0.4541,1.0,MEDIUM,Predicted Fog Visibility Risk (Speed cap 40.0 km/h),40.0,34.0,635.6,09:04:00,30.0,BASELINE_HISTORICAL_CALIBRATION,254.5,34.0
OBS_000350,09:04:30,10470.0,12004,ROUTE_NDLS_LKO_01,SYNTHETIC_SIMULATOR,OK,28.051682,77.957807,109.775,38.0,10.56,38.0,0.0,92.8,130.0,40.0,578.81,SEC_GZB_ALJN,,GZB,ALJN,21.225,402.225,CRUISING,,,,,91.12,,,GREEN,LOW,True,,False,,JRN_NDLS_LKO_01_20260902_184646,0.2257,1.0,1.0,0.4541,1.0,MEDIUM,Predicted Fog Visibility Risk (Speed cap 40.0 km/h),40.0,33.5,635.1,09:04:30,30.0,BASELINE_HISTORICAL_CALIBRATION,254.0,33.5
OBS_000351,09:05:00,10500.0,12004,ROUTE_NDLS_LKO_01,SYNTHETIC_SIMULATOR,OK,28.04938,77.959749,110.092,38.0,10.56,38.0,0.0,92.8,130.0,40.0,574.54,SEC_GZB_ALJN,,GZB,ALJN,20.908,401.908,CRUISING,,,,,91.38,,,GREEN,LOW,True,,False,,JRN_NDLS_LKO_01_20260902_184646,0.2257,1.0,1.0,0.4541,1.0,MEDIUM,Predicted Fog Visibility Risk (Speed cap 40.0 km/h),40.0,33.0,634.6,09:05:00,30.0,BASELINE_HISTORICAL_CALIBRATION,253.5,33.0
OBS_000352,09:05:30,10530.0,12004,ROUTE_NDLS_LKO_01,SYNTHETIC_SIMULATOR,OK,28.047078,77.961691,110.408,38.0,10.56,38.0,0.0,92.8,130.0,40.0,570.23,SEC_GZB_ALJN,,GZB,ALJN,20.592,401.592,CRUISING,,,,,91.64,,,GREEN,LOW,True,,False,,JRN_NDLS_LKO_01_20260902_184646,0.2257,1.0,1.0,0.4541,1.0,MEDIUM,Predicted Fog Visibility Risk (Speed cap 40.0 km/h),40.0,32.5,634.1,09:05:30,30.0,BASELINE_HISTORICAL_CALIBRATION,253.0,32.5
OBS_000353,09:06:00,10560.0,12004,ROUTE_NDLS_LKO_01,SYNTHETIC_SIMULATOR,OK,28.044776,77.963634,110.725,38.0,10.56,38.0,0.0,92.8,130.0,40.0,565.9,SEC_GZB_ALJN,,GZB,ALJN,20.275,401.275,CRUISING,,,,,91.9,,,GREEN,LOW,True,,False,,JRN_NDLS_LKO_01_20260902_184646,0.2257,1.0,1.0,0.4541,1.0,MEDIUM,Predicted Fog Visibility Risk (Speed cap 40.0 km/h),40.0,32.0,633.6,09:06:00,30.0,BASELINE_HISTORICAL_CALIBRATION,252.5,32.0
OBS_000354,09:06:30,10590.0,12004,ROUTE_NDLS_LKO_01,SYNTHETIC_SIMULATOR,OK,28.042474,77.965576,111.042,38.0,10.56,38.0,0.0,92.8,130.0,40.0,561.53,SEC_GZB_ALJN,,GZB,ALJN,19.958,400.958,CRUISING,,,,,92.16,,,GREEN,LOW,True,,False,,JRN_NDLS_LKO_01_20260902_184646,0.2257,1.0,1.0,0.4541,1.0,MEDIUM,Predicted Fog Visibility Risk (Speed cap 40.0 km/h),40.0,31.5,633.1,09:06:30,30.0,BASELINE_HISTORICAL_CALIBRATION,252.0,31.5
OBS_000355,09:07:00,10620.0,12004,ROUTE_NDLS_LKO_01,SYNTHETIC_SIMULATOR,OK,28.040173,77.967519,111.358,38.0,10.56,38.0,0.0,92.8,130.0,40.0,557.13,SEC_GZB_ALJN,,GZB,ALJN,19.642,400.642,CRUISING,,,,,92.42,,,GREEN,LOW,True,,False,,JRN_NDLS_LKO_01_20260902_184646,0.2257,1.0,1.0,0.4541,1.0,MEDIUM,Predicted Fog Visibility Risk (Speed cap 40.0 km/h),40.0,31.0,632.6,09:07:00,30.0,BASELINE_HISTORICAL_CALIBRATION,251.5,31.0
OBS_000356,09:07:30,10650.0,12004,ROUTE_NDLS_LKO_01,SYNTHETIC_SIMULATOR,OK,28.037871,77.969461,111.675,38.0,10.56,38.0,0.0,92.8,130.0,40.0,552.69,SEC_GZB_ALJN,,GZB,ALJN,19.325,400.325,CRUISING,,,,,92.68,,,GREEN,LOW,True,,False,,JRN_NDLS_LKO_01_20260902_184646,0.2257,1.0,1.0,0.4541,1.0,MEDIUM,Predicted Fog Visibility Risk (Speed cap 40.0 km/h),40.0,30.5,632.1,09:07:30,30.0,BASELINE_HISTORICAL_CALIBRATION,251.0,30.5
OBS_000357,09:08:00,10680.0,12004,ROUTE_NDLS_LKO_01,SYNTHETIC_SIMULATOR,OK,28.035569,77.971404,111.992,38.0,10.56,38.0,0.0,92.8,130.0,40.0,548.22,SEC_GZB_ALJN,,GZB,ALJN,19.008,400.008,CRUISING,,,,,92.94,,,GREEN,LOW,True,,False,,JRN_NDLS_LKO_01_20260902_184646,0.2257,1.0,1.0,0.4541,1.0,MEDIUM,Predicted Fog Visibility Risk (Speed cap 40.0 km/h),40.0,30.0,631.6,09:08:00,30.0,BASELINE_HISTORICAL_CALIBRATION,250.5,30.0
OBS_000358,09:08:30,10710.0,12004,ROUTE_NDLS_LKO_01,SYNTHETIC_SIMULATOR,OK,28.033267,77.973346,112.308,38.0,10.56,38.0,0.0,92.8,130.0,40.0,543.71,SEC_GZB_ALJN,,GZB,ALJN,18.692,399.692,CRUISING,,,,,93.19,,,GREEN,LOW,True,,False,,JRN_NDLS_LKO_01_20260902_184646,0.2257,1.0,1.0,0.4541,1.0,MEDIUM,Predicted Fog Visibility Risk (Speed cap 40.0 km/h),40.0,29.5,631.1,09:08:30,30.0,BASELINE_HISTORICAL_CALIBRATION,250.0,29.5
OBS_000359,09:09:00,10740.0,12004,ROUTE_NDLS_LKO_01,SYNTHETIC_SIMULATOR,OK,28.030965,77.975288,112.625,38.0,10.56,38.0,0.0,92.8,130.0,40.0,539.16,SEC_GZB_ALJN,,GZB,ALJN,18.375,399.375,CRUISING,,,,,93.45,,,GREEN,LOW,True,,False,,JRN_NDLS_LKO_01_20260902_184646,0.2257,1.0,1.0,0.4541,1.0,MEDIUM,Predicted Fog Visibility Risk (Speed cap 40.0 km/h),40.0,29.0,630.6,09:09:00,30.0,BASELINE_HISTORICAL_CALIBRATION,249.5,29.0
OBS_000360,09:09:30,10770.0,12004,ROUTE_NDLS_LKO_01,SYNTHETIC_SIMULATOR,OK,28.028664,77.977231,112.942,38.0,10.56,38.0,0.0,92.8,130.0,40.0,534.57,SEC_GZB_ALJN,,GZB,ALJN,18.058,399.058,CRUISING,,,,,93.71,,,GREEN,LOW,True,,False,,JRN_NDLS_LKO_01_20260902_184646,0.2257,1.0,1.0,0.4541,1.0,MEDIUM,Predicted Fog Visibility Risk (Speed cap 40.0 km/h),40.0,28.5,630.1,09:09:30,30.0,BASELINE_HISTORICAL_CALIBRATION,249.0,28.5
OBS_000361,09:10:00,10800.0,12004,ROUTE_NDLS_LKO_01,SYNTHETIC_SIMULATOR,OK,28.026362,77.979173,113.258,38.0,10.56,38.0,0.0,92.8,130.0,40.0,529.95,SEC_GZB_ALJN,,GZB,ALJN,17.742,398.742,CRUISING,,,,,93.97,,,GREEN,LOW,True,,False,,JRN_NDLS_LKO_01_20260902_184646,0.2257,1.0,1.0,0.4541,1.0,MEDIUM,Predicted Fog Visibility Risk (Speed cap 40.0 km/h),40.0,28.0,629.6,09:10:00,30.0,BASELINE_HISTORICAL_CALIBRATION,248.5,28.0
OBS_000362,09:10:30,10830.0,12004,ROUTE_NDLS_LKO_01,SYNTHETIC_SIMULATOR,OK,28.02406,77.981116,113.575,38.0,10.56,38.0,0.0,92.8,130.0,40.0,525.28,SEC_GZB_ALJN,,GZB,ALJN,17.425,398.425,CRUISING,,,,,94.23,,,GREEN,LOW,True,,False,,JRN_NDLS_LKO_01_20260902_184646,0.2257,1.0,1.0,0.4541,1.0,MEDIUM,Predicted Fog Visibility Risk (Speed cap 40.0 km/h),40.0,27.5,629.1,09:10:30,30.0,BASELINE_HISTORICAL_CALIBRATION,248.0,27.5
OBS_000363,09:11:00,10860.0,12004,ROUTE_NDLS_LKO_01,SYNTHETIC_SIMULATOR,OK,28.021758,77.983058,113.892,38.0,10.56,38.0,0.0,92.8,130.0,40.0,520.57,SEC_GZB_ALJN,,GZB,ALJN,17.108,398.108,CRUISING,,,,,94.49,,,GREEN,LOW,True,,False,,JRN_NDLS_LKO_01_20260902_184646,0.2257,1.0,1.0,0.4541,1.0,MEDIUM,Predicted Fog Visibility Risk (Speed cap 40.0 km/h),40.0,27.0,628.6,09:11:00,30.0,BASELINE_HISTORICAL_CALIBRATION,247.5,27.0
OBS_000364,09:11:30,10890.0,12004,ROUTE_NDLS_LKO_01,SYNTHETIC_SIMULATOR,OK,28.019456,77.985001,114.208,38.0,10.56,38.0,0.0,92.8,130.0,40.0,515.82,SEC_GZB_ALJN,,GZB,ALJN,16.792,397.792,CRUISING,,,,,94.75,,,GREEN,LOW,True,,False,,JRN_NDLS_LKO_01_20260902_184646,0.2257,1.0,1.0,0.4541,1.0,MEDIUM,Predicted Fog Visibility Risk (Speed cap 40.0 km/h),40.0,26.5,628.1,09:11:30,30.0,BASELINE_HISTORICAL_CALIBRATION,247.0,26.5
OBS_000365,09:12:00,10920.0,12004,ROUTE_NDLS_LKO_01,SYNTHETIC_SIMULATOR,OK,28.017155,77.986943,114.525,38.0,10.56,38.0,0.0,92.8,130.0,40.0,511.02,SEC_GZB_ALJN,,GZB,ALJN,16.475,397.475,CRUISING,,,,,95.01,,,GREEN,LOW,True,,False,,JRN_NDLS_LKO_01_20260902_184646,0.2257,1.0,1.0,0.4541,1.0,MEDIUM,Predicted Fog Visibility Risk (Speed cap 40.0 km/h),40.0,26.0,627.6,09:12:00,30.0,BASELINE_HISTORICAL_CALIBRATION,246.5,26.0
OBS_000366,09:12:30,10950.0,12004,ROUTE_NDLS_LKO_01,SYNTHETIC_SIMULATOR,OK,28.014853,77.988885,114.842,38.0,10.56,38.0,0.0,92.8,130.0,40.0,506.18,SEC_GZB_ALJN,,GZB,ALJN,16.158,397.158,CRUISING,,,,,95.26,,,GREEN,LOW,True,,False,,JRN_NDLS_LKO_01_20260902_184646,0.2257,1.0,1.0,0.4541,1.0,MEDIUM,Predicted Fog Visibility Risk (Speed cap 40.0 km/h),40.0,25.5,627.1,09:12:30,30.0,BASELINE_HISTORICAL_CALIBRATION,246.0,25.5
OBS_000367,09:13:00,10980.0,12004,ROUTE_NDLS_LKO_01,SYNTHETIC_SIMULATOR,OK,28.012551,77.990828,115.158,38.0,10.56,38.0,0.0,92.8,130.0,40.0,501.29,SEC_GZB_ALJN,,GZB,ALJN,15.842,396.842,CRUISING,,,,,95.52,,,GREEN,LOW,True,,False,,JRN_NDLS_LKO_01_20260902_184646,0.2257,1.0,1.0,0.4541,1.0,MEDIUM,Predicted Fog Visibility Risk (Speed cap 40.0 km/h),40.0,25.0,626.6,09:13:00,30.0,BASELINE_HISTORICAL_CALIBRATION,245.5,25.0
OBS_000368,09:13:30,11010.0,12004,ROUTE_NDLS_LKO_01,SYNTHETIC_SIMULATOR,OK,28.010249,77.99277,115.475,38.0,10.56,38.0,0.0,92.8,130.0,40.0,496.36,SEC_GZB_ALJN,,GZB,ALJN,15.525,396.525,CRUISING,,,,,95.78,,,GREEN,LOW,True,,False,,JRN_NDLS_LKO_01_20260902_184646,0.2257,1.0,1.0,0.4541,1.0,MEDIUM,Predicted Fog Visibility Risk (Speed cap 40.0 km/h),40.0,24.5,626.1,09:13:30,30.0,BASELINE_HISTORICAL_CALIBRATION,245.0,24.5
OBS_000369,09:14:00,11040.0,12004,ROUTE_NDLS_LKO_01,SYNTHETIC_SIMULATOR,OK,28.007947,77.994713,115.792,38.0,10.56,38.0,0.0,92.8,130.0,40.0,491.37,SEC_GZB_ALJN,,GZB,ALJN,15.208,396.208,CRUISING,,,,,96.04,,,GREEN,LOW,True,,False,,JRN_NDLS_LKO_01_20260902_184646,0.2257,1.0,1.0,0.4541,1.0,MEDIUM,Predicted Fog Visibility Risk (Speed cap 40.0 km/h),40.0,24.0,625.6,09:14:00,30.0,BASELINE_HISTORICAL_CALIBRATION,244.5,24.0
OBS_000370,09:14:30,11070.0,12004,ROUTE_NDLS_LKO_01,SYNTHETIC_SIMULATOR,OK,28.005646,77.996655,116.108,38.0,10.56,38.0,0.0,92.8,130.0,40.0,486.33,SEC_GZB_ALJN,,GZB,ALJN,14.892,395.892,CRUISING,,,,,96.3,,,GREEN,LOW,True,,False,,JRN_NDLS_LKO_01_20260902_184646,0.2257,1.0,1.0,0.4541,1.0,MEDIUM,Predicted Fog Visibility Risk (Speed cap 40.0 km/h),40.0,23.5,625.1,09:14:30,30.0,BASELINE_HISTORICAL_CALIBRATION,244.0,23.5
OBS_000371,09:15:00,11100.0,12004,ROUTE_NDLS_LKO_01,SYNTHETIC_SIMULATOR,OK,28.003344,77.998598,116.425,38.0,10.56,38.0,0.0,92.8,130.0,40.0,481.24,SEC_GZB_ALJN,,GZB,ALJN,14.575,395.575,CRUISING,,,,,96.56,,,GREEN,LOW,True,,False,,JRN_NDLS_LKO_01_20260902_184646,0.2257,1.0,1.0,0.4541,1.0,MEDIUM,Predicted Fog Visibility Risk (Speed cap 40.0 km/h),40.0,23.0,624.6,09:15:00,30.0,BASELINE_HISTORICAL_CALIBRATION,243.5,23.0
OBS_000372,09:15:30,11130.0,12004,ROUTE_NDLS_LKO_01,SYNTHETIC_SIMULATOR,OK,28.001042,78.00054,116.742,38.0,10.56,38.0,0.0,92.8,130.0,40.0,476.1,SEC_GZB_ALJN,,GZB,ALJN,14.258,395.258,CRUISING,,,,,96.82,,,GREEN,LOW,True,,False,,JRN_NDLS_LKO_01_20260902_184646,0.2257,1.0,1.0,0.4541,1.0,MEDIUM,Predicted Fog Visibility Risk (Speed cap 40.0 km/h),40.0,22.5,624.1,09:15:30,30.0,BASELINE_HISTORICAL_CALIBRATION,243.0,22.5
OBS_000373,09:16:00,11160.0,12004,ROUTE_NDLS_LKO_01,SYNTHETIC_SIMULATOR,OK,27.99874,78.002482,117.058,38.0,10.56,38.0,0.0,92.8,130.0,40.0,470.9,SEC_GZB_ALJN,,GZB,ALJN,13.942,394.942,CRUISING,,,,,97.08,,,GREEN,LOW,True,,False,,JRN_NDLS_LKO_01_20260902_184646,0.2257,1.0,1.0,0.4541,1.0,MEDIUM,Predicted Fog Visibility Risk (Speed cap 40.0 km/h),40.0,22.0,623.6,09:16:00,30.0,BASELINE_HISTORICAL_CALIBRATION,242.5,22.0
OBS_000374,09:16:30,11190.0,12004,ROUTE_NDLS_LKO_01,SYNTHETIC_SIMULATOR,OK,27.996438,78.004425,117.375,38.0,10.56,38.0,0.0,92.8,130.0,40.0,465.64,SEC_GZB_ALJN,,GZB,ALJN,13.625,394.625,CRUISING,,,,,97.33,,,GREEN,LOW,True,,False,,JRN_NDLS_LKO_01_20260902_184646,0.2257,1.0,1.0,0.4541,1.0,MEDIUM,Predicted Fog Visibility Risk (Speed cap 40.0 km/h),40.0,21.5,623.1,09:16:30,30.0,BASELINE_HISTORICAL_CALIBRATION,242.0,21.5
OBS_000375,09:17:00,11220.0,12004,ROUTE_NDLS_LKO_01,SYNTHETIC_SIMULATOR,OK,27.994137,78.006367,117.692,38.0,10.56,38.0,0.0,92.8,130.0,40.0,460.32,SEC_GZB_ALJN,,GZB,ALJN,13.308,394.308,CRUISING,,,,,97.59,,,GREEN,LOW,True,,False,,JRN_NDLS_LKO_01_20260902_184646,0.2257,1.0,1.0,0.4541,1.0,MEDIUM,Predicted Fog Visibility Risk (Speed cap 40.0 km/h),40.0,21.0,622.6,09:17:00,30.0,BASELINE_HISTORICAL_CALIBRATION,241.5,21.0
OBS_000376,09:17:30,11250.0,12004,ROUTE_NDLS_LKO_01,SYNTHETIC_SIMULATOR,OK,27.991835,78.00831,118.008,38.0,10.56,38.0,0.0,92.8,130.0,40.0,454.94,SEC_GZB_ALJN,,GZB,ALJN,12.992,393.992,CRUISING,,,,,97.85,,,GREEN,LOW,True,,False,,JRN_NDLS_LKO_01_20260902_184646,0.2257,1.0,1.0,0.4541,1.0,MEDIUM,Predicted Fog Visibility Risk (Speed cap 40.0 km/h),40.0,20.5,622.1,09:17:30,30.0,BASELINE_HISTORICAL_CALIBRATION,241.0,20.5
OBS_000377,09:18:00,11280.0,12004,ROUTE_NDLS_LKO_01,SYNTHETIC_SIMULATOR,OK,27.989533,78.010252,118.325,38.0,10.56,38.0,0.0,92.8,130.0,40.0,449.5,SEC_GZB_ALJN,,GZB,ALJN,12.675,393.675,CRUISING,,,,,98.11,,,GREEN,LOW,True,,False,,JRN_NDLS_LKO_01_20260902_184646,0.2257,1.0,1.0,0.4541,1.0,MEDIUM,Predicted Fog Visibility Risk (Speed cap 40.0 km/h),40.0,20.0,621.6,09:18:00,30.0,BASELINE_HISTORICAL_CALIBRATION,240.5,20.0
OBS_000378,09:18:30,11310.0,12004,ROUTE_NDLS_LKO_01,SYNTHETIC_SIMULATOR,OK,27.987231,78.012194,118.642,38.0,10.56,38.0,0.0,92.8,130.0,40.0,443.98,SEC_GZB_ALJN,,GZB,ALJN,12.358,393.358,CRUISING,,,,,98.37,,,GREEN,LOW,True,,False,,JRN_NDLS_LKO_01_20260902_184646,0.2257,1.0,1.0,0.4541,1.0,MEDIUM,Predicted Fog Visibility Risk (Speed cap 40.0 km/h),40.0,19.5,621.1,09:18:30,30.0,BASELINE_HISTORICAL_CALIBRATION,240.0,19.5
OBS_000379,09:19:00,11340.0,12004,ROUTE_NDLS_LKO_01,SYNTHETIC_SIMULATOR,OK,27.984929,78.014137,118.958,38.0,10.56,38.0,0.0,92.8,130.0,40.0,438.4,SEC_GZB_ALJN,,GZB,ALJN,12.042,393.042,CRUISING,,,,,98.63,,,GREEN,LOW,True,,False,,JRN_NDLS_LKO_01_20260902_184646,0.2257,1.0,1.0,0.4541,1.0,MEDIUM,Predicted Fog Visibility Risk (Speed cap 40.0 km/h),40.0,19.0,620.6,09:19:00,30.0,BASELINE_HISTORICAL_CALIBRATION,239.5,19.0
OBS_000380,09:19:30,11370.0,12004,ROUTE_NDLS_LKO_01,SYNTHETIC_SIMULATOR,OK,27.982627,78.016079,119.275,38.0,10.56,38.0,0.0,92.8,130.0,40.0,432.75,SEC_GZB_ALJN,,GZB,ALJN,11.725,392.725,CRUISING,,,,,98.89,,,GREEN,LOW,True,,False,,JRN_NDLS_LKO_01_20260902_184646,0.2257,1.0,1.0,0.4541,1.0,MEDIUM,Predicted Fog Visibility Risk (Speed cap 40.0 km/h),40.0,18.5,620.1,09:19:30,30.0,BASELINE_HISTORICAL_CALIBRATION,239.0,18.5
OBS_000381,09:20:00,11400.0,12004,ROUTE_NDLS_LKO_01,SYNTHETIC_SIMULATOR,OK,27.980326,78.018022,119.592,38.0,10.56,38.0,0.0,92.8,130.0,40.0,427.02,SEC_GZB_ALJN,,GZB,ALJN,11.408,392.408,CRUISING,,,,,99.15,,,GREEN,LOW,True,,False,,JRN_NDLS_LKO_01_20260902_184646,0.2257,1.0,1.0,0.4541,1.0,MEDIUM,Predicted Fog Visibility Risk (Speed cap 40.0 km/h),40.0,18.0,619.6,09:20:00,30.0,BASELINE_HISTORICAL_CALIBRATION,238.5,18.0
OBS_000382,09:20:30,11430.0,12004,ROUTE_NDLS_LKO_01,SYNTHETIC_SIMULATOR,OK,27.978024,78.019964,119.908,38.0,10.56,38.0,0.0,92.8,130.0,40.0,421.22,SEC_GZB_ALJN,,GZB,ALJN,11.092,392.092,CRUISING,,,,,99.4,,,GREEN,LOW,True,,False,,JRN_NDLS_LKO_01_20260902_184646,0.2257,1.0,1.0,0.4541,1.0,MEDIUM,Predicted Fog Visibility Risk (Speed cap 40.0 km/h),40.0,17.5,619.1,09:20:30,30.0,BASELINE_HISTORICAL_CALIBRATION,238.0,17.5
OBS_000383,09:21:00,11460.0,12004,ROUTE_NDLS_LKO_01,SYNTHETIC_SIMULATOR,OK,27.975722,78.021907,120.225,38.0,10.56,38.0,0.0,92.8,130.0,40.0,415.33,SEC_GZB_ALJN,,GZB,ALJN,10.775,391.775,CRUISING,,,,,99.66,,,GREEN,LOW,True,,False,,JRN_NDLS_LKO_01_20260902_184646,0.2257,1.0,1.0,0.4541,1.0,MEDIUM,Predicted Fog Visibility Risk (Speed cap 40.0 km/h),40.0,17.0,618.6,09:21:00,30.0,BASELINE_HISTORICAL_CALIBRATION,237.5,17.0
OBS_000384,09:21:30,11490.0,12004,ROUTE_NDLS_LKO_01,SYNTHETIC_SIMULATOR,OK,27.97342,78.023849,120.542,38.0,10.56,38.0,0.0,92.8,130.0,40.0,409.36,SEC_GZB_ALJN,,GZB,ALJN,10.458,391.458,CRUISING,,,,,99.92,,,GREEN,LOW,True,,False,,JRN_NDLS_LKO_01_20260902_184646,0.2257,1.0,1.0,0.4541,1.0,MEDIUM,Predicted Fog Visibility Risk (Speed cap 40.0 km/h),40.0,16.5,618.1,09:21:30,30.0,BASELINE_HISTORICAL_CALIBRATION,237.0,16.5
OBS_000385,09:22:00,11520.0,12004,ROUTE_NDLS_LKO_01,SYNTHETIC_SIMULATOR,OK,27.971118,78.025791,120.858,38.0,10.56,38.0,0.0,92.8,130.0,40.0,403.3,SEC_GZB_ALJN,,GZB,ALJN,10.142,391.142,CRUISING,,,,,100.18,,,GREEN,LOW,True,,False,,JRN_NDLS_LKO_01_20260902_184646,0.2257,1.0,1.0,0.4541,1.0,MEDIUM,Predicted Fog Visibility Risk (Speed cap 40.0 km/h),40.0,16.0,617.6,09:22:00,30.0,BASELINE_HISTORICAL_CALIBRATION,236.5,16.0
OBS_000386,09:22:30,11550.0,12004,ROUTE_NDLS_LKO_01,SYNTHETIC_SIMULATOR,OK,27.968817,78.027734,121.175,38.0,10.56,38.0,0.0,92.8,130.0,40.0,397.14,SEC_GZB_ALJN,,GZB,ALJN,9.825,390.825,CRUISING,,,,,100.44,,,GREEN,LOW,True,,False,,JRN_NDLS_LKO_01_20260902_184646,0.2257,1.0,1.0,0.4541,1.0,MEDIUM,Predicted Fog Visibility Risk (Speed cap 40.0 km/h),40.0,15.5,617.1,09:22:30,30.0,BASELINE_HISTORICAL_CALIBRATION,236.0,15.5
OBS_000387,09:23:00,11580.0,12004,ROUTE_NDLS_LKO_01,SYNTHETIC_SIMULATOR,OK,27.966515,78.029676,121.492,38.0,10.56,38.0,0.0,92.8,130.0,40.0,390.89,SEC_GZB_ALJN,,GZB,ALJN,9.508,390.508,CRUISING,,,,,100.7,,,GREEN,LOW,True,,False,,JRN_NDLS_LKO_01_20260902_184646,0.2257,1.0,1.0,0.4541,1.0,MEDIUM,Predicted Fog Visibility Risk (Speed cap 40.0 km/h),40.0,15.0,616.6,09:23:00,30.0,BASELINE_HISTORICAL_CALIBRATION,235.5,15.0
OBS_000388,09:23:30,11610.0,12004,ROUTE_NDLS_LKO_01,SYNTHETIC_SIMULATOR,OK,27.964213,78.031619,121.808,38.0,10.56,38.0,0.0,92.8,130.0,40.0,384.54,SEC_GZB_ALJN,,GZB,ALJN,9.192,390.192,CRUISING,,,,,100.96,,,GREEN,LOW,True,,False,,JRN_NDLS_LKO_01_20260902_184646,0.2257,1.0,1.0,0.4541,1.0,MEDIUM,Predicted Fog Visibility Risk (Speed cap 40.0 km/h),40.0,14.5,616.1,09:23:30,30.0,BASELINE_HISTORICAL_CALIBRATION,235.0,14.5
OBS_000389,09:24:00,11640.0,12004,ROUTE_NDLS_LKO_01,SYNTHETIC_SIMULATOR,OK,27.961911,78.033561,122.125,38.0,10.56,38.0,0.0,92.8,130.0,40.0,378.09,SEC_GZB_ALJN,,GZB,ALJN,8.875,389.875,CRUISING,,,,,101.22,,,GREEN,LOW,True,,False,,JRN_NDLS_LKO_01_20260902_184646,0.2257,1.0,1.0,0.4541,1.0,MEDIUM,Predicted Fog Visibility Risk (Speed cap 40.0 km/h),40.0,14.0,615.6,09:24:00,30.0,BASELINE_HISTORICAL_CALIBRATION,234.5,14.0
OBS_000390,09:24:30,11670.0,12004,ROUTE_NDLS_LKO_01,SYNTHETIC_SIMULATOR,OK,27.959609,78.035504,122.442,38.0,10.56,38.0,0.0,92.8,130.0,40.0,371.52,SEC_GZB_ALJN,,GZB,ALJN,8.558,389.558,CRUISING,,,,,101.48,,,GREEN,LOW,True,,False,,JRN_NDLS_LKO_01_20260902_184646,0.2257,1.0,1.0,0.4541,1.0,MEDIUM,Predicted Fog Visibility Risk (Speed cap 40.0 km/h),40.0,13.5,615.1,09:24:30,30.0,BASELINE_HISTORICAL_CALIBRATION,234.0,13.5
OBS_000391,09:25:00,11700.0,12004,ROUTE_NDLS_LKO_01,SYNTHETIC_SIMULATOR,OK,27.957308,78.037446,122.758,38.0,10.56,38.0,0.0,92.8,130.0,40.0,364.83,SEC_GZB_ALJN,,GZB,ALJN,8.242,389.242,CRUISING,,,,,101.73,,,GREEN,LOW,True,,False,,JRN_NDLS_LKO_01_20260902_184646,0.2257,1.0,1.0,0.4541,1.0,MEDIUM,Predicted Fog Visibility Risk (Speed cap 40.0 km/h),40.0,13.0,614.6,09:25:00,30.0,BASELINE_HISTORICAL_CALIBRATION,233.5,13.0
OBS_000392,09:25:30,11730.0,12004,ROUTE_NDLS_LKO_01,SYNTHETIC_SIMULATOR,OK,27.955006,78.039388,123.075,38.0,10.56,38.0,0.0,92.8,130.0,40.0,358.01,SEC_GZB_ALJN,,GZB,ALJN,7.925,388.925,CRUISING,,,,,101.99,,,GREEN,LOW,True,,False,,JRN_NDLS_LKO_01_20260902_184646,0.2257,1.0,1.0,0.4541,1.0,MEDIUM,Predicted Fog Visibility Risk (Speed cap 40.0 km/h),40.0,12.5,614.1,09:25:30,30.0,BASELINE_HISTORICAL_CALIBRATION,233.0,12.5
OBS_000393,09:26:00,11760.0,12004,ROUTE_NDLS_LKO_01,SYNTHETIC_SIMULATOR,OK,27.952704,78.041331,123.392,38.0,10.56,38.0,0.0,92.8,130.0,40.0,351.07,SEC_GZB_ALJN,,GZB,ALJN,7.608,388.608,CRUISING,,,,,102.25,,,GREEN,LOW,True,,False,,JRN_NDLS_LKO_01_20260902_184646,0.2257,1.0,1.0,0.4541,1.0,MEDIUM,Predicted Fog Visibility Risk (Speed cap 40.0 km/h),40.0,12.0,613.6,09:26:00,30.0,BASELINE_HISTORICAL_CALIBRATION,232.5,12.0
OBS_000394,09:26:30,11790.0,12004,ROUTE_NDLS_LKO_01,SYNTHETIC_SIMULATOR,OK,27.950402,78.043273,123.708,38.0,10.56,38.0,0.0,92.8,130.0,40.0,343.98,SEC_GZB_ALJN,,GZB,ALJN,7.292,388.292,CRUISING,,,,,102.51,,,GREEN,LOW,True,,False,,JRN_NDLS_LKO_01_20260902_184646,0.2257,1.0,1.0,0.4541,1.0,MEDIUM,Predicted Fog Visibility Risk (Speed cap 40.0 km/h),40.0,11.5,613.1,09:26:30,30.0,BASELINE_HISTORICAL_CALIBRATION,232.0,11.5
OBS_000395,09:27:00,11820.0,12004,ROUTE_NDLS_LKO_01,SYNTHETIC_SIMULATOR,OK,27.9481,78.045216,124.025,38.0,10.56,38.0,0.0,92.8,130.0,40.0,336.75,SEC_GZB_ALJN,,GZB,ALJN,6.975,387.975,CRUISING,,,,,102.77,,,GREEN,LOW,True,,False,,JRN_NDLS_LKO_01_20260902_184646,0.2257,1.0,1.0,0.4541,1.0,MEDIUM,Predicted Fog Visibility Risk (Speed cap 40.0 km/h),40.0,11.0,612.6,09:27:00,30.0,BASELINE_HISTORICAL_CALIBRATION,231.5,11.0
OBS_000396,09:27:30,11850.0,12004,ROUTE_NDLS_LKO_01,SYNTHETIC_SIMULATOR,OK,27.945799,78.047158,124.342,38.0,10.56,38.0,0.0,92.8,130.0,40.0,329.36,SEC_GZB_ALJN,,GZB,ALJN,6.658,387.658,CRUISING,,,,,103.03,,,GREEN,LOW,True,,False,,JRN_NDLS_LKO_01_20260902_184646,0.2257,1.0,1.0,0.4541,1.0,MEDIUM,Predicted Fog Visibility Risk (Speed cap 40.0 km/h),40.0,10.5,612.1,09:27:30,30.0,BASELINE_HISTORICAL_CALIBRATION,231.0,10.5
OBS_000397,09:28:00,11880.0,12004,ROUTE_NDLS_LKO_01,SYNTHETIC_SIMULATOR,OK,27.943497,78.0491,124.658,38.0,10.56,38.0,0.0,92.8,130.0,40.0,321.79,SEC_GZB_ALJN,,GZB,ALJN,6.342,387.342,CRUISING,,,,,103.29,,,GREEN,LOW,True,,False,,JRN_NDLS_LKO_01_20260902_184646,0.2257,1.0,1.0,0.4541,1.0,MEDIUM,Predicted Fog Visibility Risk (Speed cap 40.0 km/h),40.0,10.0,611.6,09:28:00,30.0,BASELINE_HISTORICAL_CALIBRATION,230.5,10.0
OBS_000398,09:28:30,11910.0,12004,ROUTE_NDLS_LKO_01,SYNTHETIC_SIMULATOR,OK,27.941195,78.051043,124.975,38.0,10.56,38.0,0.0,92.8,130.0,40.0,314.05,SEC_GZB_ALJN,,GZB,ALJN,6.025,387.025,CRUISING,,,,,103.55,,,GREEN,LOW,True,,False,,JRN_NDLS_LKO_01_20260902_184646,0.2257,1.0,1.0,0.4541,1.0,MEDIUM,Predicted Fog Visibility Risk (Speed cap 40.0 km/h),40.0,9.5,611.1,09:28:30,30.0,BASELINE_HISTORICAL_CALIBRATION,230.0,9.5
OBS_000399,09:29:00,11940.0,12004,ROUTE_NDLS_LKO_01,SYNTHETIC_SIMULATOR,OK,27.938893,78.052985,125.292,38.0,10.56,38.0,0.0,92.8,130.0,40.0,306.11,SEC_GZB_ALJN,,GZB,ALJN,5.708,386.708,CRUISING,,,,,103.8,,,GREEN,LOW,True,,False,,JRN_NDLS_LKO_01_20260902_184646,0.2257,1.0,1.0,0.4541,1.0,MEDIUM,Predicted Fog Visibility Risk (Speed cap 40.0 km/h),40.0,9.0,610.6,09:29:00,30.0,BASELINE_HISTORICAL_CALIBRATION,229.5,9.0
OBS_000400,09:29:30,11970.0,12004,ROUTE_NDLS_LKO_01,SYNTHETIC_SIMULATOR,OK,27.936591,78.054928,125.608,38.0,10.56,38.0,0.0,92.8,130.0,40.0,297.95,SEC_GZB_ALJN,,GZB,ALJN,5.392,386.392,CRUISING,,,,,104.06,,,GREEN,LOW,True,,False,,JRN_NDLS_LKO_01_20260902_184646,0.2257,1.0,1.0,0.4541,1.0,MEDIUM,Predicted Fog Visibility Risk (Speed cap 40.0 km/h),40.0,8.5,610.1,09:29:30,30.0,BASELINE_HISTORICAL_CALIBRATION,229.0,8.5
OBS_000401,09:30:00,12000.0,12004,ROUTE_NDLS_LKO_01,SYNTHETIC_SIMULATOR,OK,27.93429,78.05687,125.925,38.0,10.56,38.0,0.0,92.8,130.0,40.0,289.57,SEC_GZB_ALJN,,GZB,ALJN,5.075,386.075,CRUISING,,,,,104.32,,,GREEN,LOW,True,,False,,JRN_NDLS_LKO_01_20260902_184646,0.2257,1.0,1.0,0.4541,1.0,MEDIUM,Predicted Fog Visibility Risk (Speed cap 40.0 km/h),40.0,8.0,609.6,09:30:00,30.0,BASELINE_HISTORICAL_CALIBRATION,228.5,8.0
OBS_000402,09:30:30,12030.0,12004,ROUTE_NDLS_LKO_01,SYNTHETIC_SIMULATOR,OK,27.931988,78.058813,126.242,38.0,10.56,38.0,0.0,92.8,130.0,40.0,280.94,SEC_GZB_ALJN,,GZB,ALJN,4.758,385.758,CRUISING,,,,,104.58,,,GREEN,LOW,True,,False,,JRN_NDLS_LKO_01_20260902_184646,0.2257,1.0,1.0,0.4541,1.0,MEDIUM,Predicted Fog Visibility Risk (Speed cap 40.0 km/h),40.0,7.5,609.1,09:30:30,30.0,BASELINE_HISTORICAL_CALIBRATION,228.0,7.5
OBS_000403,09:31:00,12060.0,12004,ROUTE_NDLS_LKO_01,SYNTHETIC_SIMULATOR,OK,27.929686,78.060755,126.558,38.0,10.56,38.0,0.0,92.8,130.0,40.0,272.03,SEC_GZB_ALJN,,GZB,ALJN,4.442,385.442,CRUISING,,,,,104.84,,,GREEN,LOW,True,,False,,JRN_NDLS_LKO_01_20260902_184646,0.2257,1.0,1.0,0.4541,1.0,MEDIUM,Predicted Fog Visibility Risk (Speed cap 40.0 km/h),40.0,7.0,608.6,09:31:00,30.0,BASELINE_HISTORICAL_CALIBRATION,227.5,7.0
OBS_000404,09:31:30,12090.0,12004,ROUTE_NDLS_LKO_01,SYNTHETIC_SIMULATOR,OK,27.927384,78.062697,126.875,38.0,10.56,38.0,0.0,92.8,130.0,40.0,262.82,SEC_GZB_ALJN,,GZB,ALJN,4.125,385.125,CRUISING,,,,,105.1,,,GREEN,LOW,True,,False,,JRN_NDLS_LKO_01_20260902_184646,0.2257,1.0,1.0,0.4541,1.0,MEDIUM,Predicted Fog Visibility Risk (Speed cap 40.0 km/h),40.0,6.5,608.1,09:31:30,30.0,BASELINE_HISTORICAL_CALIBRATION,227.0,6.5
OBS_000405,09:32:00,12120.0,12004,ROUTE_NDLS_LKO_01,SYNTHETIC_SIMULATOR,OK,27.925082,78.06464,127.192,38.0,10.56,38.0,0.0,92.8,130.0,40.0,253.28,SEC_GZB_ALJN,,GZB,ALJN,3.808,384.808,CRUISING,,,,,105.36,,,GREEN,LOW,True,,False,,JRN_NDLS_LKO_01_20260902_184646,0.2257,1.0,1.0,0.4541,1.0,MEDIUM,Predicted Fog Visibility Risk (Speed cap 40.0 km/h),40.0,6.0,607.6,09:32:00,30.0,BASELINE_HISTORICAL_CALIBRATION,226.5,6.0
OBS_000406,09:32:30,12150.0,12004,ROUTE_NDLS_LKO_01,SYNTHETIC_SIMULATOR,OK,27.92278,78.066582,127.508,38.0,10.56,38.0,0.0,92.8,130.0,40.0,243.37,SEC_GZB_ALJN,,GZB,ALJN,3.492,384.492,CRUISING,,,,,105.62,,,GREEN,LOW,True,,False,,JRN_NDLS_LKO_01_20260902_184646,0.2257,1.0,1.0,0.4541,1.0,MEDIUM,Predicted Fog Visibility Risk (Speed cap 40.0 km/h),40.0,5.5,607.1,09:32:30,30.0,BASELINE_HISTORICAL_CALIBRATION,226.0,5.5
OBS_000407,09:33:00,12180.0,12004,ROUTE_NDLS_LKO_01,SYNTHETIC_SIMULATOR,OK,27.920479,78.068525,127.825,38.0,10.56,38.0,0.0,92.8,130.0,40.0,233.03,SEC_GZB_ALJN,,GZB,ALJN,3.175,384.175,CRUISING,,,,,105.87,,,GREEN,LOW,True,,False,,JRN_NDLS_LKO_01_20260902_184646,0.2257,1.0,1.0,0.4541,1.0,MEDIUM,Predicted Fog Visibility Risk (Speed cap 40.0 km/h),40.0,5.0,606.6,09:33:00,30.0,BASELINE_HISTORICAL_CALIBRATION,225.5,5.0
OBS_000408,09:33:30,12210.0,12004,ROUTE_NDLS_LKO_01,SYNTHETIC_SIMULATOR,OK,27.918177,78.070467,128.142,38.0,10.56,38.0,0.0,92.8,130.0,40.0,222.21,SEC_GZB_ALJN,,GZB,ALJN,2.858,383.858,CRUISING,,,,,106.13,,,GREEN,LOW,True,,False,,JRN_NDLS_LKO_01_20260902_184646,0.2257,1.0,1.0,0.4541,1.0,MEDIUM,Predicted Fog Visibility Risk (Speed cap 40.0 km/h),40.0,4.5,606.1,09:33:30,30.0,BASELINE_HISTORICAL_CALIBRATION,225.0,4.5
OBS_000409,09:34:00,12240.0,12004,ROUTE_NDLS_LKO_01,SYNTHETIC_SIMULATOR,OK,27.915875,78.07241,128.458,38.0,10.56,38.0,0.0,92.8,130.0,40.0,210.84,SEC_GZB_ALJN,,GZB,ALJN,2.542,383.542,CRUISING,,,,,106.39,,,GREEN,LOW,True,,False,,JRN_NDLS_LKO_01_20260902_184646,0.2257,1.0,1.0,0.4541,1.0,MEDIUM,Predicted Fog Visibility Risk (Speed cap 40.0 km/h),40.0,4.0,605.6,09:34:00,30.0,BASELINE_HISTORICAL_CALIBRATION,224.5,4.0
OBS_000410,09:34:30,12270.0,12004,ROUTE_NDLS_LKO_01,SYNTHETIC_SIMULATOR,OK,27.913573,78.074352,128.775,38.0,10.56,38.0,0.0,92.8,130.0,40.0,198.82,SEC_GZB_ALJN,,GZB,ALJN,2.225,383.225,CRUISING,,,,,106.65,,,GREEN,LOW,True,,False,,JRN_NDLS_LKO_01_20260902_184646,0.2257,1.0,1.0,0.4541,1.0,MEDIUM,Predicted Fog Visibility Risk (Speed cap 40.0 km/h),40.0,3.5,605.1,09:34:30,30.0,BASELINE_HISTORICAL_CALIBRATION,224.0,3.5
OBS_000411,09:35:00,12300.0,12004,ROUTE_NDLS_LKO_01,SYNTHETIC_SIMULATOR,OK,27.911271,78.076294,129.092,38.0,10.56,38.0,0.0,92.8,130.0,40.0,186.02,SEC_GZB_ALJN,,GZB,ALJN,1.908,382.908,CRUISING,,,,,106.91,,,GREEN,LOW,True,,False,,JRN_NDLS_LKO_01_20260902_184646,0.2257,1.0,1.0,0.4541,1.0,MEDIUM,Predicted Fog Visibility Risk (Speed cap 40.0 km/h),40.0,3.0,604.6,09:35:00,30.0,BASELINE_HISTORICAL_CALIBRATION,223.5,3.0
OBS_000412,09:35:30,12330.0,12004,ROUTE_NDLS_LKO_01,SYNTHETIC_SIMULATOR,OK,27.90897,78.078237,129.408,38.0,10.56,38.0,0.0,92.8,130.0,40.0,172.27,SEC_GZB_ALJN,,GZB,ALJN,1.592,382.592,CRUISING,,,,,107.17,,,GREEN,LOW,True,,False,,JRN_NDLS_LKO_01_20260902_184646,0.2257,1.0,1.0,0.4541,1.0,MEDIUM,Predicted Fog Visibility Risk (Speed cap 40.0 km/h),40.0,2.5,604.1,09:35:30,30.0,BASELINE_HISTORICAL_CALIBRATION,223.0,2.5
OBS_000413,09:36:00,12360.0,12004,ROUTE_NDLS_LKO_01,SYNTHETIC_SIMULATOR,OK,27.906668,78.080179,129.725,38.0,10.56,38.0,0.0,92.8,130.0,40.0,157.33,SEC_GZB_ALJN,,GZB,ALJN,1.275,382.275,CRUISING,,,,,107.43,,,GREEN,LOW,True,,False,,JRN_NDLS_LKO_01_20260902_184646,0.2257,1.0,1.0,0.4541,1.0,MEDIUM,Predicted Fog Visibility Risk (Speed cap 40.0 km/h),40.0,2.0,603.6,09:36:00,30.0,BASELINE_HISTORICAL_CALIBRATION,222.5,2.0
OBS_000414,09:36:30,12390.0,12004,ROUTE_NDLS_LKO_01,SYNTHETIC_SIMULATOR,OK,27.904366,78.082122,130.042,38.0,10.56,38.0,0.0,92.8,130.0,40.0,140.81,SEC_GZB_ALJN,,GZB,ALJN,0.958,381.958,CRUISING,,,,,107.69,,,GREEN,LOW,True,,False,,JRN_NDLS_LKO_01_20260902_184646,0.2257,1.0,1.0,0.4541,1.0,MEDIUM,Predicted Fog Visibility Risk (Speed cap 40.0 km/h),40.0,1.5,603.1,09:36:30,30.0,BASELINE_HISTORICAL_CALIBRATION,222.0,1.5
OBS_000415,09:37:00,12420.0,12004,ROUTE_NDLS_LKO_01,SYNTHETIC_SIMULATOR,OK,27.902064,78.084064,130.358,38.0,10.56,38.0,0.0,92.8,130.0,40.0,122.08,SEC_GZB_ALJN,,GZB,ALJN,0.642,381.642,CRUISING,,,,,107.94,,,GREEN,LOW,True,,False,,JRN_NDLS_LKO_01_20260902_184646,0.2257,1.0,1.0,0.4541,1.0,MEDIUM,Predicted Fog Visibility Risk (Speed cap 40.0 km/h),40.0,1.0,602.6,09:37:00,30.0,BASELINE_HISTORICAL_CALIBRATION,221.5,1.0
OBS_000416,09:37:30,12450.0,12004,ROUTE_NDLS_LKO_01,SYNTHETIC_SIMULATOR,OK,27.899762,78.086006,130.675,38.0,10.56,38.0,0.0,92.8,130.0,40.0,99.9,SEC_GZB_ALJN,,GZB,ALJN,0.325,381.325,CRUISING,,,,,108.2,,,GREEN,LOW,True,,False,,JRN_NDLS_LKO_01_20260902_184646,0.2257,1.0,1.0,0.4541,1.0,MEDIUM,Predicted Fog Visibility Risk (Speed cap 40.0 km/h),40.0,0.5,602.1,09:37:30,30.0,BASELINE_HISTORICAL_CALIBRATION,221.0,0.5
OBS_000417,09:38:00,12480.0,12004,ROUTE_NDLS_LKO_01,SYNTHETIC_SIMULATOR,OK,27.8974,78.088,131.0,0.0,0.0,38.0,0.0,0.0,130.0,40.0,71.09,SEC_GZB_ALJN,ALJN,ALJN,TDL,78.0,381.0,DWELLING,ARRIVED,09:38:00,,,108.46,,,GREEN,LOW,True,,False,,JRN_NDLS_LKO_01_20260902_184646,0.2257,1.0,1.0,0.4541,1.0,MEDIUM,Predicted Fog Visibility Risk (Speed cap 40.0 km/h),40.0,187.2,914.4,09:38:00,30.0,BASELINE_HISTORICAL_CALIBRATION,220.5,53.5
OBS_000418,09:38:30,12510.0,12004,ROUTE_NDLS_LKO_01,SYNTHETIC_SIMULATOR,OK,27.8974,78.088,131.0,0.0,0.0,0.0,0.0,0.0,130.0,40.0,0.0,SEC_ALJN_TDL,ALJN,ALJN,TDL,78.0,381.0,DWELLING,,,,,108.71,,,GREEN,LOW,True,,False,,JRN_NDLS_LKO_01_20260902_184646,0.2257,1.0,1.0,0.4541,1.0,MEDIUM,Predicted Fog Visibility Risk (Speed cap 40.0 km/h),40.0,187.2,914.4,09:38:30,30.0,BASELINE_HISTORICAL_CALIBRATION,220.0,53.0
OBS_000419,09:39:00,12540.0,12004,ROUTE_NDLS_LKO_01,SYNTHETIC_SIMULATOR,OK,27.8974,78.088,131.0,0.0,0.0,0.0,0.0,0.0,130.0,40.0,0.0,SEC_ALJN_TDL,ALJN,ALJN,TDL,78.0,381.0,DWELLING,,,,,109.21,,,GREEN,LOW,True,,False,,JRN_NDLS_LKO_01_20260902_184646,0.2257,1.0,1.0,0.4541,1.0,MEDIUM,Predicted Fog Visibility Risk (Speed cap 40.0 km/h),40.0,187.2,914.4,09:39:00,30.0,BASELINE_HISTORICAL_CALIBRATION,219.5,52.5
OBS_000420,09:39:30,12570.0,12004,ROUTE_NDLS_LKO_01,SYNTHETIC_SIMULATOR,OK,27.8974,78.088,131.0,0.0,0.0,0.0,0.0,0.0,130.0,40.0,0.0,SEC_ALJN_TDL,ALJN,ALJN,TDL,78.0,381.0,DWELLING,,,,,109.71,,,GREEN,LOW,True,,False,,JRN_NDLS_LKO_01_20260902_184646,0.2257,1.0,1.0,0.4541,1.0,MEDIUM,Predicted Fog Visibility Risk (Speed cap 40.0 km/h),40.0,187.2,914.4,09:39:30,30.0,BASELINE_HISTORICAL_CALIBRATION,219.0,52.0
OBS_000421,09:40:00,12600.0,12004,ROUTE_NDLS_LKO_01,SYNTHETIC_SIMULATOR,OK,27.8974,78.088,131.542,38.0,10.56,38.0,0.5,92.8,130.0,40.0,1101.39,SEC_ALJN_TDL,ALJN,ALJN,TDL,77.458,380.458,ACCELERATING,DEPARTED,,09:40:00,2,110.21,,,GREEN,LOW,True,,False,,JRN_NDLS_LKO_01_20260902_184646,0.2257,1.0,1.0,0.4541,1.0,MEDIUM,Predicted Fog Visibility Risk (Speed cap 40.0 km/h),40.0,122.3,600.7,09:40:00,30.0,BASELINE_HISTORICAL_CALIBRATION,218.5,51.5
OBS_000422,09:40:30,12630.0,12004,ROUTE_NDLS_LKO_01,SYNTHETIC_SIMULATOR,OK,27.889811,78.089655,131.858,38.0,10.56,38.0,0.0,92.8,130.0,40.0,1097.56,SEC_ALJN_TDL,,ALJN,TDL,77.142,380.142,CRUISING,,,,,110.3,,,GREEN,LOW,True,,False,,JRN_NDLS_LKO_01_20260902_184646,0.2257,1.0,1.0,0.4541,1.0,MEDIUM,Predicted Fog Visibility Risk (Speed cap 40.0 km/h),40.0,121.8,600.2,09:40:30,30.0,BASELINE_HISTORICAL_CALIBRATION,218.0,51.0
OBS_000423,09:41:00,12660.0,12004,ROUTE_NDLS_LKO_01,SYNTHETIC_SIMULATOR,OK,27.887012,78.090266,132.175,38.0,10.56,38.0,0.0,92.8,130.0,40.0,1095.31,SEC_ALJN_TDL,,ALJN,TDL,76.825,379.825,CRUISING,,,,,110.56,,,GREEN,LOW,True,,False,,JRN_NDLS_LKO_01_20260902_184646,0.2257,1.0,1.0,0.4541,1.0,MEDIUM,Predicted Fog Visibility Risk (Speed cap 40.0 km/h),40.0,121.3,599.7,09:41:00,30.0,BASELINE_HISTORICAL_CALIBRATION,217.5,50.5
OBS_000424,09:41:30,12690.0,12004,ROUTE_NDLS_LKO_01,SYNTHETIC_SIMULATOR,OK,27.884212,78.090876,132.492,38.0,10.56,38.0,0.0,92.8,130.0,40.0,1093.06,SEC_ALJN_TDL,,ALJN,TDL,76.508,379.508,CRUISING,,,,,110.82,,,GREEN,LOW,True,,False,,JRN_NDLS_LKO_01_20260902_184646,0.2257,1.0,1.0,0.4541,1.0,MEDIUM,Predicted Fog Visibility Risk (Speed cap 40.0 km/h),40.0,120.8,599.2,09:41:30,30.0,BASELINE_HISTORICAL_CALIBRATION,217.0,50.0
OBS_000425,09:42:00,12720.0,12004,ROUTE_NDLS_LKO_01,SYNTHETIC_SIMULATOR,OK,27.881412,78.091487,132.808,38.0,10.56,38.0,0.0,92.8,130.0,40.0,1090.81,SEC_ALJN_TDL,,ALJN,TDL,76.192,379.192,CRUISING,,,,,111.08,,,GREEN,LOW,True,,False,,JRN_NDLS_LKO_01_20260902_184646,0.2257,1.0,1.0,0.4541,1.0,MEDIUM,Predicted Fog Visibility Risk (Speed cap 40.0 km/h),40.0,120.3,598.7,09:42:00,30.0,BASELINE_HISTORICAL_CALIBRATION,216.5,49.5
OBS_000426,09:42:30,12750.0,12004,ROUTE_NDLS_LKO_01,SYNTHETIC_SIMULATOR,OK,27.878613,78.092097,133.125,38.0,10.56,38.0,0.0,92.8,130.0,40.0,1088.55,SEC_ALJN_TDL,,ALJN,TDL,75.875,378.875,CRUISING,,,,,111.34,,,GREEN,LOW,True,,False,,JRN_NDLS_LKO_01_20260902_184646,0.2257,1.0,1.0,0.4541,1.0,MEDIUM,Predicted Fog Visibility Risk (Speed cap 40.0 km/h),40.0,119.8,598.2,09:42:30,30.0,BASELINE_HISTORICAL_CALIBRATION,216.0,49.0
OBS_000427,09:43:00,12780.0,12004,ROUTE_NDLS_LKO_01,SYNTHETIC_SIMULATOR,OK,27.875813,78.092708,133.442,38.0,10.56,38.0,0.0,92.8,130.0,40.0,1086.28,SEC_ALJN_TDL,,ALJN,TDL,75.558,378.558,CRUISING,,,,,111.6,,,GREEN,LOW,True,,False,,JRN_NDLS_LKO_01_20260902_184646,0.2257,1.0,1.0,0.4541,1.0,MEDIUM,Predicted Fog Visibility Risk (Speed cap 40.0 km/h),40.0,119.3,597.7,09:43:00,30.0,BASELINE_HISTORICAL_CALIBRATION,215.5,48.5
OBS_000428,09:43:30,12810.0,12004,ROUTE_NDLS_LKO_01,SYNTHETIC_SIMULATOR,OK,27.873014,78.093319,133.758,38.0,10.56,38.0,0.0,92.8,130.0,40.0,1084.01,SEC_ALJN_TDL,,ALJN,TDL,75.242,378.242,CRUISING,,,,,111.85,,,GREEN,LOW,True,,False,,JRN_NDLS_LKO_01_20260902_184646,0.2257,1.0,1.0,0.4541,1.0,MEDIUM,Predicted Fog Visibility Risk (Speed cap 40.0 km/h),40.0,118.8,597.2,09:43:30,30.0,BASELINE_HISTORICAL_CALIBRATION,215.0,48.0
OBS_000429,09:44:00,12840.0,12004,ROUTE_NDLS_LKO_01,SYNTHETIC_SIMULATOR,OK,27.870214,78.093929,134.075,38.0,10.56,38.0,0.0,92.8,130.0,40.0,1081.74,SEC_ALJN_TDL,,ALJN,TDL,74.925,377.925,CRUISING,,,,,112.11,,,GREEN,LOW,True,,False,,JRN_NDLS_LKO_01_20260902_184646,0.2257,1.0,1.0,0.4541,1.0,MEDIUM,Predicted Fog Visibility Risk (Speed cap 40.0 km/h),40.0,118.3,596.7,09:44:00,30.0,BASELINE_HISTORICAL_CALIBRATION,214.5,47.5
OBS_000430,09:44:30,12870.0,12004,ROUTE_NDLS_LKO_01,SYNTHETIC_SIMULATOR,OK,27.867414,78.09454,134.392,38.0,10.56,38.0,0.0,92.8,130.0,40.0,1079.46,SEC_ALJN_TDL,,ALJN,TDL,74.608,377.608,CRUISING,,,,,112.37,,,GREEN,LOW,True,,False,,JRN_NDLS_LKO_01_20260902_184646,0.2257,1.0,1.0,0.4541,1.0,MEDIUM,Predicted Fog Visibility Risk (Speed cap 40.0 km/h),40.0,117.8,596.2,09:44:30,30.0,BASELINE_HISTORICAL_CALIBRATION,214.0,47.0
OBS_000431,09:45:00,12900.0,12004,ROUTE_NDLS_LKO_01,SYNTHETIC_SIMULATOR,OK,27.864615,78.09515,134.708,38.0,10.56,38.0,0.0,92.8,130.0,40.0,1077.18,SEC_ALJN_TDL,,ALJN,TDL,74.292,377.292,CRUISING,,,,,112.63,,,GREEN,LOW,True,,False,,JRN_NDLS_LKO_01_20260902_184646,0.2257,1.0,1.0,0.4541,1.0,MEDIUM,Predicted Fog Visibility Risk (Speed cap 40.0 km/h),40.0,117.3,595.7,09:45:00,30.0,BASELINE_HISTORICAL_CALIBRATION,213.5,46.5
OBS_000432,09:45:30,12930.0,12004,ROUTE_NDLS_LKO_01,SYNTHETIC_SIMULATOR,OK,27.861815,78.095761,135.025,38.0,10.56,38.0,0.0,92.8,130.0,40.0,1074.89,SEC_ALJN_TDL,,ALJN,TDL,73.975,376.975,CRUISING,,,,,112.89,,,GREEN,LOW,True,,False,,JRN_NDLS_LKO_01_20260902_184646,0.2257,1.0,1.0,0.4541,1.0,MEDIUM,Predicted Fog Visibility Risk (Speed cap 40.0 km/h),40.0,116.8,595.2,09:45:30,30.0,BASELINE_HISTORICAL_CALIBRATION,213.0,46.0
OBS_000433,09:46:00,12960.0,12004,ROUTE_NDLS_LKO_01,SYNTHETIC_SIMULATOR,OK,27.859015,78.096372,135.342,38.0,10.56,38.0,0.0,92.8,130.0,40.0,1072.59,SEC_ALJN_TDL,,ALJN,TDL,73.658,376.658,CRUISING,,,,,113.15,,,GREEN,LOW,True,,False,,JRN_NDLS_LKO_01_20260902_184646,0.2257,1.0,1.0,0.4541,1.0,MEDIUM,Predicted Fog Visibility Risk (Speed cap 40.0 km/h),40.0,116.3,594.7,09:46:00,30.0,BASELINE_HISTORICAL_CALIBRATION,212.5,45.5
OBS_000434,09:46:30,12990.0,12004,ROUTE_NDLS_LKO_01,SYNTHETIC_SIMULATOR,OK,27.856216,78.096982,135.658,38.0,10.56,38.0,0.0,92.8,130.0,40.0,1070.3,SEC_ALJN_TDL,,ALJN,TDL,73.342,376.342,CRUISING,,,,,113.41,,,GREEN,LOW,True,,False,,JRN_NDLS_LKO_01_20260902_184646,0.2257,1.0,1.0,0.4541,1.0,MEDIUM,Predicted Fog Visibility Risk (Speed cap 40.0 km/h),40.0,115.8,594.2,09:46:30,30.0,BASELINE_HISTORICAL_CALIBRATION,212.0,45.0
OBS_000435,09:47:00,13020.0,12004,ROUTE_NDLS_LKO_01,SYNTHETIC_SIMULATOR,OK,27.853416,78.097593,135.975,38.0,10.56,38.0,0.0,92.8,130.0,40.0,1067.99,SEC_ALJN_TDL,,ALJN,TDL,73.025,376.025,CRUISING,,,,,113.67,,,GREEN,LOW,True,,False,,JRN_NDLS_LKO_01_20260902_184646,0.2257,1.0,1.0,0.4541,1.0,MEDIUM,Predicted Fog Visibility Risk (Speed cap 40.0 km/h),40.0,115.3,593.7,09:47:00,30.0,BASELINE_HISTORICAL_CALIBRATION,211.5,44.5
OBS_000436,09:47:30,13050.0,12004,ROUTE_NDLS_LKO_01,SYNTHETIC_SIMULATOR,OK,27.850616,78.098203,136.292,38.0,10.56,38.0,0.0,92.8,130.0,40.0,1065.69,SEC_ALJN_TDL,,ALJN,TDL,72.708,375.708,CRUISING,,,,,113.93,,,GREEN,LOW,True,,False,,JRN_NDLS_LKO_01_20260902_184646,0.2257,1.0,1.0,0.4541,1.0,MEDIUM,Predicted Fog Visibility Risk (Speed cap 40.0 km/h),40.0,114.8,593.2,09:47:30,30.0,BASELINE_HISTORICAL_CALIBRATION,211.0,44.0
OBS_000437,09:48:00,13080.0,12004,ROUTE_NDLS_LKO_01,SYNTHETIC_SIMULATOR,OK,27.847817,78.098814,136.608,38.0,10.56,38.0,0.0,92.8,130.0,40.0,1063.37,SEC_ALJN_TDL,,ALJN,TDL,72.392,375.392,CRUISING,,,,,114.18,,,GREEN,LOW,True,,False,,JRN_NDLS_LKO_01_20260902_184646,0.2257,1.0,1.0,0.4541,1.0,MEDIUM,Predicted Fog Visibility Risk (Speed cap 40.0 km/h),40.0,114.3,592.7,09:48:00,30.0,BASELINE_HISTORICAL_CALIBRATION,210.5,43.5
OBS_000438,09:48:30,13110.0,12004,ROUTE_NDLS_LKO_01,SYNTHETIC_SIMULATOR,OK,27.845017,78.099425,136.925,38.0,10.56,38.0,0.0,92.8,130.0,40.0,1061.05,SEC_ALJN_TDL,,ALJN,TDL,72.075,375.075,CRUISING,,,,,114.44,,,GREEN,LOW,True,,False,,JRN_NDLS_LKO_01_20260902_184646,0.2257,1.0,1.0,0.4541,1.0,MEDIUM,Predicted Fog Visibility Risk (Speed cap 40.0 km/h),40.0,113.8,592.2,09:48:30,30.0,BASELINE_HISTORICAL_CALIBRATION,210.0,43.0
OBS_000439,09:49:00,13140.0,12004,ROUTE_NDLS_LKO_01,SYNTHETIC_SIMULATOR,OK,27.842217,78.100035,137.242,38.0,10.56,38.0,0.0,92.8,130.0,40.0,1058.73,SEC_ALJN_TDL,,ALJN,TDL,71.758,374.758,CRUISING,,,,,114.7,,,GREEN,LOW,True,,False,,JRN_NDLS_LKO_01_20260902_184646,0.2257,1.0,1.0,0.4541,1.0,MEDIUM,Predicted Fog Visibility Risk (Speed cap 40.0 km/h),40.0,113.3,591.7,09:49:00,30.0,BASELINE_HISTORICAL_CALIBRATION,209.5,42.5
OBS_000440,09:49:30,13170.0,12004,ROUTE_NDLS_LKO_01,SYNTHETIC_SIMULATOR,OK,27.839418,78.100646,137.558,38.0,10.56,38.0,0.0,92.8,130.0,40.0,1056.4,SEC_ALJN_TDL,,ALJN,TDL,71.442,374.442,CRUISING,,,,,114.96,,,GREEN,LOW,True,,False,,JRN_NDLS_LKO_01_20260902_184646,0.2257,1.0,1.0,0.4541,1.0,MEDIUM,Predicted Fog Visibility Risk (Speed cap 40.0 km/h),40.0,112.8,591.2,09:49:30,30.0,BASELINE_HISTORICAL_CALIBRATION,209.0,42.0
OBS_000441,09:50:00,13200.0,12004,ROUTE_NDLS_LKO_01,SYNTHETIC_SIMULATOR,OK,27.836618,78.101256,137.875,38.0,10.56,38.0,0.0,92.8,130.0,40.0,1054.07,SEC_ALJN_TDL,,ALJN,TDL,71.125,374.125,CRUISING,,,,,115.22,,,GREEN,LOW,True,,False,,JRN_NDLS_LKO_01_20260902_184646,0.2257,1.0,1.0,0.4541,1.0,MEDIUM,Predicted Fog Visibility Risk (Speed cap 40.0 km/h),40.0,112.3,590.7,09:50:00,30.0,BASELINE_HISTORICAL_CALIBRATION,208.5,41.5
OBS_000442,09:50:30,13230.0,12004,ROUTE_NDLS_LKO_01,SYNTHETIC_SIMULATOR,OK,27.833818,78.101867,138.192,38.0,10.56,38.0,0.0,92.8,130.0,40.0,1051.73,SEC_ALJN_TDL,,ALJN,TDL,70.808,373.808,CRUISING,,,,,115.48,,,GREEN,LOW,True,,False,,JRN_NDLS_LKO_01_20260902_184646,0.2257,1.0,1.0,0.4541,1.0,MEDIUM,Predicted Fog Visibility Risk (Speed cap 40.0 km/h),40.0,111.8,590.2,09:50:30,30.0,BASELINE_HISTORICAL_CALIBRATION,208.0,41.0
OBS_000443,09:51:00,13260.0,12004,ROUTE_NDLS_LKO_01,SYNTHETIC_SIMULATOR,OK,27.831019,78.102478,138.508,38.0,10.56,38.0,0.0,92.8,130.0,40.0,1049.39,SEC_ALJN_TDL,,ALJN,TDL,70.492,373.492,CRUISING,,,,,115.74,,,GREEN,LOW,True,,False,,JRN_NDLS_LKO_01_20260902_184646,0.2257,1.0,1.0,0.4541,1.0,MEDIUM,Predicted Fog Visibility Risk (Speed cap 40.0 km/h),40.0,111.3,589.7,09:51:00,30.0,BASELINE_HISTORICAL_CALIBRATION,207.5,40.5
OBS_000444,09:51:30,13290.0,12004,ROUTE_NDLS_LKO_01,SYNTHETIC_SIMULATOR,OK,27.828219,78.103088,138.825,38.0,10.56,38.0,0.0,92.8,130.0,40.0,1047.04,SEC_ALJN_TDL,,ALJN,TDL,70.175,373.175,CRUISING,,,,,116.0,,,GREEN,LOW,True,,False,,JRN_NDLS_LKO_01_20260902_184646,0.2257,1.0,1.0,0.4541,1.0,MEDIUM,Predicted Fog Visibility Risk (Speed cap 40.0 km/h),40.0,110.8,589.2,09:51:30,30.0,BASELINE_HISTORICAL_CALIBRATION,207.0,40.0
OBS_000445,09:52:00,13320.0,12004,ROUTE_NDLS_LKO_01,SYNTHETIC_SIMULATOR,OK,27.825419,78.103699,139.142,38.0,10.56,38.0,0.0,92.8,130.0,40.0,1044.68,SEC_ALJN_TDL,,ALJN,TDL,69.858,372.858,CRUISING,,,,,116.25,,,GREEN,LOW,True,,False,,JRN_NDLS_LKO_01_20260902_184646,0.2257,1.0,1.0,0.4541,1.0,MEDIUM,Predicted Fog Visibility Risk (Speed cap 40.0 km/h),40.0,110.3,588.7,09:52:00,30.0,BASELINE_HISTORICAL_CALIBRATION,206.5,39.5
OBS_000446,09:52:30,13350.0,12004,ROUTE_NDLS_LKO_01,SYNTHETIC_SIMULATOR,OK,27.82262,78.104309,139.458,38.0,10.56,38.0,0.0,92.8,130.0,40.0,1042.32,SEC_ALJN_TDL,,ALJN,TDL,69.542,372.542,CRUISING,,,,,116.51,,,GREEN,LOW,True,,False,,JRN_NDLS_LKO_01_20260902_184646,0.2257,1.0,1.0,0.4541,1.0,MEDIUM,Predicted Fog Visibility Risk (Speed cap 40.0 km/h),40.0,109.8,588.2,09:52:30,30.0,BASELINE_HISTORICAL_CALIBRATION,206.0,39.0
OBS_000447,09:53:00,13380.0,12004,ROUTE_NDLS_LKO_01,SYNTHETIC_SIMULATOR,OK,27.81982,78.10492,139.775,38.0,10.56,38.0,0.0,92.8,130.0,40.0,1039.96,SEC_ALJN_TDL,,ALJN,TDL,69.225,372.225,CRUISING,,,,,116.77,,,GREEN,LOW,True,,False,,JRN_NDLS_LKO_01_20260902_184646,0.2257,1.0,1.0,0.4541,1.0,MEDIUM,Predicted Fog Visibility Risk (Speed cap 40.0 km/h),40.0,109.3,587.7,09:53:00,30.0,BASELINE_HISTORICAL_CALIBRATION,205.5,38.5
OBS_000448,09:53:30,13410.0,12004,ROUTE_NDLS_LKO_01,SYNTHETIC_SIMULATOR,OK,27.81702,78.105531,140.092,38.0,10.56,38.0,0.0,92.8,130.0,40.0,1037.59,SEC_ALJN_TDL,,ALJN,TDL,68.908,371.908,CRUISING,,,,,117.03,,,GREEN,LOW,True,,False,,JRN_NDLS_LKO_01_20260902_184646,0.2257,1.0,1.0,0.4541,1.0,MEDIUM,Predicted Fog Visibility Risk (Speed cap 40.0 km/h),40.0,108.8,587.2,09:53:30,30.0,BASELINE_HISTORICAL_CALIBRATION,205.0,38.0
OBS_000449,09:54:00,13440.0,12004,ROUTE_NDLS_LKO_01,SYNTHETIC_SIMULATOR,OK,27.814221,78.106141,140.408,38.0,10.56,38.0,0.0,92.8,130.0,40.0,1035.21,SEC_ALJN_TDL,,ALJN,TDL,68.592,371.592,CRUISING,,,,,117.29,,,GREEN,LOW,True,,False,,JRN_NDLS_LKO_01_20260902_184646,0.2257,1.0,1.0,0.4541,1.0,MEDIUM,Predicted Fog Visibility Risk (Speed cap 40.0 km/h),40.0,108.3,586.7,09:54:00,30.0,BASELINE_HISTORICAL_CALIBRATION,204.5,37.5
OBS_000450,09:54:30,13470.0,12004,ROUTE_NDLS_LKO_01,SYNTHETIC_SIMULATOR,OK,27.811421,78.106752,140.725,38.0,10.56,38.0,0.0,92.8,130.0,40.0,1032.83,SEC_ALJN_TDL,,ALJN,TDL,68.275,371.275,CRUISING,,,,,117.55,,,GREEN,LOW,True,,False,,JRN_NDLS_LKO_01_20260902_184646,0.2257,1.0,1.0,0.4541,1.0,MEDIUM,Predicted Fog Visibility Risk (Speed cap 40.0 km/h),40.0,107.8,586.2,09:54:30,30.0,BASELINE_HISTORICAL_CALIBRATION,204.0,37.0
OBS_000451,09:55:00,13500.0,12004,ROUTE_NDLS_LKO_01,SYNTHETIC_SIMULATOR,OK,27.808621,78.107362,141.042,38.0,10.56,38.0,0.0,92.8,130.0,40.0,1030.44,SEC_ALJN_TDL,,ALJN,TDL,67.958,370.958,CRUISING,,,,,117.81,,,GREEN,LOW,True,,False,,JRN_NDLS_LKO_01_20260902_184646,0.2257,1.0,1.0,0.4541,1.0,MEDIUM,Predicted Fog Visibility Risk (Speed cap 40.0 km/h),40.0,107.3,585.7,09:55:00,30.0,BASELINE_HISTORICAL_CALIBRATION,203.5,36.5
OBS_000452,09:55:30,13530.0,12004,ROUTE_NDLS_LKO_01,SYNTHETIC_SIMULATOR,OK,27.805822,78.107973,141.358,38.0,10.56,38.0,0.0,92.8,130.0,40.0,1028.05,SEC_ALJN_TDL,,ALJN,TDL,67.642,370.642,CRUISING,,,,,118.07,,,GREEN,LOW,True,,False,,JRN_NDLS_LKO_01_20260902_184646,0.2257,1.0,1.0,0.4541,1.0,MEDIUM,Predicted Fog Visibility Risk (Speed cap 40.0 km/h),40.0,106.8,585.2,09:55:30,30.0,BASELINE_HISTORICAL_CALIBRATION,203.0,36.0
OBS_000453,09:56:00,13560.0,12004,ROUTE_NDLS_LKO_01,SYNTHETIC_SIMULATOR,OK,27.803022,78.108584,141.675,38.0,10.56,38.0,0.0,92.8,130.0,40.0,1025.65,SEC_ALJN_TDL,,ALJN,TDL,67.325,370.325,CRUISING,,,,,118.32,,,GREEN,LOW,True,,False,,JRN_NDLS_LKO_01_20260902_184646,0.2257,1.0,1.0,0.4541,1.0,MEDIUM,Predicted Fog Visibility Risk (Speed cap 40.0 km/h),40.0,106.3,584.7,09:56:00,30.0,BASELINE_HISTORICAL_CALIBRATION,202.5,35.5
OBS_000454,09:56:30,13590.0,12004,ROUTE_NDLS_LKO_01,SYNTHETIC_SIMULATOR,OK,27.800222,78.109194,141.992,38.0,10.56,38.0,0.0,92.8,130.0,40.0,1023.25,SEC_ALJN_TDL,,ALJN,TDL,67.008,370.008,CRUISING,,,,,118.58,,,GREEN,LOW,True,,False,,JRN_NDLS_LKO_01_20260902_184646,0.2257,1.0,1.0,0.4541,1.0,MEDIUM,Predicted Fog Visibility Risk (Speed cap 40.0 km/h),40.0,105.8,584.2,09:56:30,30.0,BASELINE_HISTORICAL_CALIBRATION,202.0,35.0
OBS_000455,09:57:00,13620.0,12004,ROUTE_NDLS_LKO_01,SYNTHETIC_SIMULATOR,OK,27.797423,78.109805,142.308,38.0,10.56,38.0,0.0,92.8,130.0,40.0,1020.84,SEC_ALJN_TDL,,ALJN,TDL,66.692,369.692,CRUISING,,,,,118.84,,,GREEN,LOW,True,,False,,JRN_NDLS_LKO_01_20260902_184646,0.2257,1.0,1.0,0.4541,1.0,MEDIUM,Predicted Fog Visibility Risk (Speed cap 40.0 km/h),40.0,105.3,583.7,09:57:00,30.0,BASELINE_HISTORICAL_CALIBRATION,201.5,34.5
OBS_000456,09:57:30,13650.0,12004,ROUTE_NDLS_LKO_01,SYNTHETIC_SIMULATOR,OK,27.794623,78.110415,142.625,38.0,10.56,38.0,0.0,92.8,130.0,40.0,1018.42,SEC_ALJN_TDL,,ALJN,TDL,66.375,369.375,CRUISING,,,,,119.1,,,GREEN,LOW,True,,False,,JRN_NDLS_LKO_01_20260902_184646,0.2257,1.0,1.0,0.4541,1.0,MEDIUM,Predicted Fog Visibility Risk (Speed cap 40.0 km/h),40.0,104.8,583.2,09:57:30,30.0,BASELINE_HISTORICAL_CALIBRATION,201.0,34.0
OBS_000457,09:58:00,13680.0,12004,ROUTE_NDLS_LKO_01,SYNTHETIC_SIMULATOR,OK,27.791823,78.111026,142.942,38.0,10.56,38.0,0.0,92.8,130.0,40.0,1016.0,SEC_ALJN_TDL,,ALJN,TDL,66.058,369.058,CRUISING,,,,,119.36,,,GREEN,LOW,True,,False,,JRN_NDLS_LKO_01_20260902_184646,0.2257,1.0,1.0,0.4541,1.0,MEDIUM,Predicted Fog Visibility Risk (Speed cap 40.0 km/h),40.0,104.3,582.7,09:58:00,30.0,BASELINE_HISTORICAL_CALIBRATION,200.5,33.5
OBS_000458,09:58:30,13710.0,12004,ROUTE_NDLS_LKO_01,SYNTHETIC_SIMULATOR,OK,27.789024,78.111637,143.258,38.0,10.56,38.0,0.0,92.8,130.0,40.0,1013.58,SEC_ALJN_TDL,,ALJN,TDL,65.742,368.742,CRUISING,,,,,119.62,,,GREEN,LOW,True,,False,,JRN_NDLS_LKO_01_20260902_184646,0.2257,1.0,1.0,0.4541,1.0,MEDIUM,Predicted Fog Visibility Risk (Speed cap 40.0 km/h),40.0,103.8,582.2,09:58:30,30.0,BASELINE_HISTORICAL_CALIBRATION,200.0,33.0
OBS_000459,09:59:00,13740.0,12004,ROUTE_NDLS_LKO_01,SYNTHETIC_SIMULATOR,OK,27.786224,78.112247,143.575,38.0,10.56,38.0,0.0,92.8,130.0,40.0,1011.15,SEC_ALJN_TDL,,ALJN,TDL,65.425,368.425,CRUISING,,,,,119.88,,,GREEN,LOW,True,,False,,JRN_NDLS_LKO_01_20260902_184646,0.2257,1.0,1.0,0.4541,1.0,MEDIUM,Predicted Fog Visibility Risk (Speed cap 40.0 km/h),40.0,103.3,581.7,09:59:00,30.0,BASELINE_HISTORICAL_CALIBRATION,199.5,32.5
OBS_000460,09:59:30,13770.0,12004,ROUTE_NDLS_LKO_01,SYNTHETIC_SIMULATOR,OK,27.783424,78.112858,143.892,38.0,10.56,38.0,0.0,92.8,130.0,40.0,1008.71,SEC_ALJN_TDL,,ALJN,TDL,65.108,368.108,CRUISING,,,,,120.14,,,GREEN,LOW,True,,False,,JRN_NDLS_LKO_01_20260902_184646,0.2257,1.0,1.0,0.4541,1.0,MEDIUM,Predicted Fog Visibility Risk (Speed cap 40.0 km/h),40.0,102.8,581.2,09:59:30,30.0,BASELINE_HISTORICAL_CALIBRATION,199.0,32.0
OBS_000461,10:00:00,13800.0,12004,ROUTE_NDLS_LKO_01,SYNTHETIC_SIMULATOR,OK,27.774657,78.11477,144.883,92.0,25.56,123.5,0.5,544.2,130.0,,1006.26,SEC_ALJN_TDL,,ALJN,TDL,64.117,367.117,ACCELERATING,,,,,120.4,,,GREEN,LOW,False,,False,,JRN_NDLS_LKO_01_20260902_184646,0.2483,0.0,0.95,0.4541,1.0,NONE,NONE,,41.8,239.4,10:00:00,30.0,BASELINE_HISTORICAL_CALIBRATION,198.5,31.5
OBS_000462,10:00:30,13830.0,12004,ROUTE_NDLS_LKO_01,SYNTHETIC_SIMULATOR,OK,27.763569,78.117188,146.137,123.5,34.31,123.5,0.5,980.7,130.0,,998.57,SEC_ALJN_TDL,,ALJN,TDL,62.863,365.863,ACCELERATING,,,,,120.14,,,GREEN,LOW,False,,False,,JRN_NDLS_LKO_01_20260902_184646,0.2483,0.0,0.95,0.4541,1.0,NONE,NONE,,30.5,177.7,10:00:30,30.0,BASELINE_HISTORICAL_CALIBRATION,198.0,31.0
OBS_000463,10:01:00,13860.0,12004,ROUTE_NDLS_LKO_01,SYNTHETIC_SIMULATOR,OK,27.75447,78.119173,147.167,123.5,34.31,123.5,0.0,980.7,130.0,,988.76,SEC_ALJN_TDL,,ALJN,TDL,61.833,364.833,CRUISING,,,,,119.68,,,GREEN,LOW,False,,False,,JRN_NDLS_LKO_01_20260902_184646,0.2483,0.0,0.95,0.4541,1.0,NONE,NONE,,30.0,177.2,10:01:00,30.0,BASELINE_HISTORICAL_CALIBRATION,197.5,30.5
OBS_000464,10:01:30,13890.0,12004,ROUTE_NDLS_LKO_01,SYNTHETIC_SIMULATOR,OK,27.745371,78.121157,148.196,123.5,34.31,123.5,0.0,980.7,130.0,,980.63,SEC_ALJN_TDL,,ALJN,TDL,60.804,363.804,CRUISING,,,,,119.4,,,GREEN,LOW,False,,False,,JRN_NDLS_LKO_01_20260902_184646,0.2483,0.0,0.95,0.4541,1.0,NONE,NONE,,29.5,176.7,10:01:30,30.0,BASELINE_HISTORICAL_CALIBRATION,197.0,30.0
OBS_000465,10:02:00,13920.0,12004,ROUTE_NDLS_LKO_01,SYNTHETIC_SIMULATOR,OK,27.736272,78.123142,149.225,123.5,34.31,123.5,0.0,980.7,130.0,,972.43,SEC_ALJN_TDL,,ALJN,TDL,59.775,362.775,CRUISING,,,,,119.12,,,GREEN,LOW,False,,False,,JRN_NDLS_LKO_01_20260902_184646,0.2483,0.0,0.95,0.4541,1.0,NONE,NONE,,29.0,176.2,10:02:00,30.0,BASELINE_HISTORICAL_CALIBRATION,196.5,29.5
OBS_000466,10:02:30,13950.0,12004,ROUTE_NDLS_LKO_01,SYNTHETIC_SIMULATOR,OK,27.727173,78.125126,150.254,123.5,34.31,123.5,0.0,980.7,130.0,,964.17,SEC_ALJN_TDL,,ALJN,TDL,58.746,361.746,CRUISING,,,,,118.83,,,GREEN,LOW,False,,False,,JRN_NDLS_LKO_01_20260902_184646,0.2483,0.0,0.95,0.4541,1.0,NONE,NONE,,28.5,175.7,10:02:30,30.0,BASELINE_HISTORICAL_CALIBRATION,196.0,29.0
OBS_000467,10:03:00,13980.0,12004,ROUTE_NDLS_LKO_01,SYNTHETIC_SIMULATOR,OK,27.718075,78.12711,151.283,123.5,34.31,123.5,0.0,980.7,130.0,,955.83,SEC_ALJN_TDL,,ALJN,TDL,57.717,360.717,CRUISING,,,,,118.55,,,GREEN,LOW,False,,False,,JRN_NDLS_LKO_01_20260902_184646,0.2483,0.0,0.95,0.4541,1.0,NONE,NONE,,28.0,175.2,10:03:00,30.0,BASELINE_HISTORICAL_CALIBRATION,195.5,28.5
OBS_000468,10:03:30,14010.0,12004,ROUTE_NDLS_LKO_01,SYNTHETIC_SIMULATOR,OK,27.708976,78.129095,152.312,123.5,34.31,123.5,0.0,980.7,130.0,,947.42,SEC_ALJN_TDL,,ALJN,TDL,56.688,359.688,CRUISING,,,,,118.26,,,GREEN,LOW,False,,False,,JRN_NDLS_LKO_01_20260902_184646,0.2483,0.0,0.95,0.4541,1.0,NONE,NONE,,27.5,174.7,10:03:30,30.0,BASELINE_HISTORICAL_CALIBRATION,195.0,28.0
OBS_000469,10:04:00,14040.0,12004,ROUTE_NDLS_LKO_01,SYNTHETIC_SIMULATOR,OK,27.699877,78.131079,153.342,123.5,34.31,123.5,0.0,980.7,130.0,,938.94,SEC_ALJN_TDL,,ALJN,TDL,55.658,358.658,CRUISING,,,,,117.98,,,GREEN,LOW,False,,False,,JRN_NDLS_LKO_01_20260902_184646,0.2483,0.0,0.95,0.4541,1.0,NONE,NONE,,27.0,174.2,10:04:00,30.0,BASELINE_HISTORICAL_CALIBRATION,194.5,27.5
OBS_000470,10:04:30,14070.0,12004,ROUTE_NDLS_LKO_01,SYNTHETIC_SIMULATOR,OK,27.690778,78.133064,154.371,123.5,34.31,123.5,0.0,980.7,130.0,,930.38,SEC_ALJN_TDL,,ALJN,TDL,54.629,357.629,CRUISING,,,,,117.7,,,GREEN,LOW,False,,False,,JRN_NDLS_LKO_01_20260902_184646,0.2483,0.0,0.95,0.4541,1.0,NONE,NONE,,26.5,173.7,10:04:30,30.0,BASELINE_HISTORICAL_CALIBRATION,194.0,27.0
OBS_000471,10:05:00,14100.0,12004,ROUTE_NDLS_LKO_01,SYNTHETIC_SIMULATOR,OK,27.681679,78.135048,155.4,123.5,34.31,123.5,0.0,980.7,130.0,,921.73,SEC_ALJN_TDL,,ALJN,TDL,53.6,356.6,CRUISING,,,,,117.41,,,GREEN,LOW,False,,False,,JRN_NDLS_LKO_01_20260902_184646,0.2483,0.0,0.95,0.4541,1.0,NONE,NONE,,26.0,173.2,10:05:00,30.0,BASELINE_HISTORICAL_CALIBRATION,193.5,26.5
OBS_000472,10:05:30,14130.0,12004,ROUTE_NDLS_LKO_01,SYNTHETIC_SIMULATOR,OK,27.67258,78.137033,156.429,123.5,34.31,123.5,0.0,980.7,130.0,,913.01,SEC_ALJN_TDL,,ALJN,TDL,52.571,355.571,CRUISING,,,,,117.13,,,GREEN,LOW,False,,False,,JRN_NDLS_LKO_01_20260902_184646,0.2483,0.0,0.95,0.4541,1.0,NONE,NONE,,25.5,172.7,10:05:30,30.0,BASELINE_HISTORICAL_CALIBRATION,193.0,26.0
OBS_000473,10:06:00,14160.0,12004,ROUTE_NDLS_LKO_01,SYNTHETIC_SIMULATOR,OK,27.663481,78.139017,157.458,123.5,34.31,123.5,0.0,980.7,130.0,,904.2,SEC_ALJN_TDL,,ALJN,TDL,51.542,354.542,CRUISING,,,,,116.84,,,GREEN,LOW,False,,False,,JRN_NDLS_LKO_01_20260902_184646,0.2483,0.0,0.95,0.4541,1.0,NONE,NONE,,25.0,172.2,10:06:00,30.0,BASELINE_HISTORICAL_CALIBRATION,192.5,25.5
OBS_000474,10:06:30,14190.0,12004,ROUTE_NDLS_LKO_01,SYNTHETIC_SIMULATOR,OK,27.654382,78.141002,158.487,123.5,34.31,123.5,0.0,980.7,130.0,,895.31,SEC_ALJN_TDL,,ALJN,TDL,50.513,353.513,CRUISING,,,,,116.56,,,GREEN,LOW,False,,False,,JRN_NDLS_LKO_01_20260902_184646,0.2483,0.0,0.95,0.4541,1.0,NONE,NONE,,24.5,171.7,10:06:30,30.0,BASELINE_HISTORICAL_CALIBRATION,192.0,25.0
OBS_000475,10:07:00,14220.0,12004,ROUTE_NDLS_LKO_01,SYNTHETIC_SIMULATOR,OK,27.645283,78.142986,159.517,123.5,34.31,123.5,0.0,980.7,130.0,,886.32,SEC_ALJN_TDL,,ALJN,TDL,49.483,352.483,CRUISING,,,,,116.28,,,GREEN,LOW,False,,False,,JRN_NDLS_LKO_01_20260902_184646,0.2483,0.0,0.95,0.4541,1.0,NONE,NONE,,24.0,171.2,10:07:00,30.0,BASELINE_HISTORICAL_CALIBRATION,191.5,24.5
OBS_000476,10:07:30,14250.0,12004,ROUTE_NDLS_LKO_01,SYNTHETIC_SIMULATOR,OK,27.636185,78.14497,160.546,123.5,34.31,123.5,0.0,980.7,130.0,,877.25,SEC_ALJN_TDL,,ALJN,TDL,48.454,351.454,CRUISING,,,,,115.99,,,GREEN,LOW,False,,False,,JRN_NDLS_LKO_01_20260902_184646,0.2483,0.0,0.95,0.4541,1.0,NONE,NONE,,23.5,170.7,10:07:30,30.0,BASELINE_HISTORICAL_CALIBRATION,191.0,24.0
OBS_000477,10:08:00,14280.0,12004,ROUTE_NDLS_LKO_01,SYNTHETIC_SIMULATOR,OK,27.627086,78.146955,161.575,123.5,34.31,123.5,0.0,980.7,130.0,,868.08,SEC_ALJN_TDL,,ALJN,TDL,47.425,350.425,CRUISING,,,,,115.71,,,GREEN,LOW,False,,False,,JRN_NDLS_LKO_01_20260902_184646,0.2483,0.0,0.95,0.4541,1.0,NONE,NONE,,23.0,170.2,10:08:00,30.0,BASELINE_HISTORICAL_CALIBRATION,190.5,23.5
OBS_000478,10:08:30,14310.0,12004,ROUTE_NDLS_LKO_01,SYNTHETIC_SIMULATOR,OK,27.617987,78.148939,162.604,123.5,34.31,123.5,0.0,980.7,130.0,,858.81,SEC_ALJN_TDL,,ALJN,TDL,46.396,349.396,CRUISING,,,,,115.43,,,GREEN,LOW,False,,False,,JRN_NDLS_LKO_01_20260902_184646,0.2483,0.0,0.95,0.4541,1.0,NONE,NONE,,22.5,169.7,10:08:30,30.0,BASELINE_HISTORICAL_CALIBRATION,190.0,23.0
OBS_000479,10:09:00,14340.0,12004,ROUTE_NDLS_LKO_01,SYNTHETIC_SIMULATOR,OK,27.608888,78.150924,163.633,123.5,34.31,123.5,0.0,980.7,130.0,,849.44,SEC_ALJN_TDL,,ALJN,TDL,45.367,348.367,CRUISING,,,,,115.14,,,GREEN,LOW,False,,False,,JRN_NDLS_LKO_01_20260902_184646,0.2483,0.0,0.95,0.4541,1.0,NONE,NONE,,22.0,169.2,10:09:00,30.0,BASELINE_HISTORICAL_CALIBRATION,189.5,22.5
OBS_000480,10:09:30,14370.0,12004,ROUTE_NDLS_LKO_01,SYNTHETIC_SIMULATOR,OK,27.599789,78.152908,164.662,123.5,34.31,123.5,0.0,980.7,130.0,,839.97,SEC_ALJN_TDL,,ALJN,TDL,44.338,347.338,CRUISING,,,,,114.86,,,GREEN,LOW,False,,False,,JRN_NDLS_LKO_01_20260902_184646,0.2483,0.0,0.95,0.4541,1.0,NONE,NONE,,21.5,168.7,10:09:30,30.0,BASELINE_HISTORICAL_CALIBRATION,189.0,22.0
OBS_000481,10:10:00,14400.0,12004,ROUTE_NDLS_LKO_01,SYNTHETIC_SIMULATOR,OK,27.59069,78.154893,165.692,123.5,34.31,123.5,0.0,980.7,130.0,,830.38,SEC_ALJN_TDL,,ALJN,TDL,43.308,346.308,CRUISING,,,,,114.57,,,GREEN,LOW,False,,False,,JRN_NDLS_LKO_01_20260902_184646,0.2483,0.0,0.95,0.4541,1.0,NONE,NONE,,21.0,168.2,10:10:00,30.0,BASELINE_HISTORICAL_CALIBRATION,188.5,21.5
OBS_000482,10:10:30,14430.0,12004,ROUTE_NDLS_LKO_01,SYNTHETIC_SIMULATOR,OK,27.581591,78.156877,166.721,123.5,34.31,123.5,0.0,980.7,130.0,,820.69,SEC_ALJN_TDL,,ALJN,TDL,42.279,345.279,CRUISING,,,,,114.29,,,GREEN,LOW,False,,False,,JRN_NDLS_LKO_01_20260902_184646,0.2483,0.0,0.95,0.4541,1.0,NONE,NONE,,20.5,167.7,10:10:30,30.0,BASELINE_HISTORICAL_CALIBRATION,188.0,21.0
OBS_000483,10:11:00,14460.0,12004,ROUTE_NDLS_LKO_01,SYNTHETIC_SIMULATOR,OK,27.572492,78.158862,167.75,123.5,34.31,123.5,0.0,980.7,130.0,,810.88,SEC_ALJN_TDL,,ALJN,TDL,41.25,344.25,CRUISING,,,,,114.01,,,GREEN,LOW,False,,False,,JRN_NDLS_LKO_01_20260902_184646,0.2483,0.0,0.95,0.4541,1.0,NONE,NONE,,20.0,167.2,10:11:00,30.0,BASELINE_HISTORICAL_CALIBRATION,187.5,20.5
OBS_000484,10:11:30,14490.0,12004,ROUTE_NDLS_LKO_01,SYNTHETIC_SIMULATOR,OK,27.563393,78.160846,168.779,123.5,34.31,123.5,0.0,980.7,130.0,,800.95,SEC_ALJN_TDL,,ALJN,TDL,40.221,343.221,CRUISING,,,,,113.72,,,GREEN,LOW,False,,False,,JRN_NDLS_LKO_01_20260902_184646,0.2483,0.0,0.95,0.4541,1.0,NONE,NONE,,19.5,166.7,10:11:30,30.0,BASELINE_HISTORICAL_CALIBRATION,187.0,20.0
OBS_000485,10:12:00,14520.0,12004,ROUTE_NDLS_LKO_01,SYNTHETIC_SIMULATOR,OK,27.554295,78.16283,169.808,123.5,34.31,123.5,0.0,980.7,130.0,,790.89,SEC_ALJN_TDL,,ALJN,TDL,39.192,342.192,CRUISING,,,,,113.44,,,GREEN,LOW,False,,False,,JRN_NDLS_LKO_01_20260902_184646,0.2483,0.0,0.95,0.4541,1.0,NONE,NONE,,19.0,166.2,10:12:00,30.0,BASELINE_HISTORICAL_CALIBRATION,186.5,19.5
OBS_000486,10:12:30,14550.0,12004,ROUTE_NDLS_LKO_01,SYNTHETIC_SIMULATOR,OK,27.545196,78.164815,170.837,123.5,34.31,123.5,0.0,980.7,130.0,,780.71,SEC_ALJN_TDL,,ALJN,TDL,38.163,341.163,CRUISING,,,,,113.15,,,GREEN,LOW,False,,False,,JRN_NDLS_LKO_01_20260902_184646,0.2483,0.0,0.95,0.4541,1.0,NONE,NONE,,18.5,165.7,10:12:30,30.0,BASELINE_HISTORICAL_CALIBRATION,186.0,19.0
OBS_000487,10:13:00,14580.0,12004,ROUTE_NDLS_LKO_01,SYNTHETIC_SIMULATOR,OK,27.536097,78.166799,171.867,123.5,34.31,123.5,0.0,980.7,130.0,,770.39,SEC_ALJN_TDL,,ALJN,TDL,37.133,340.133,CRUISING,,,,,112.87,,,GREEN,LOW,False,,False,,JRN_NDLS_LKO_01_20260902_184646,0.2483,0.0,0.95,0.4541,1.0,NONE,NONE,,18.0,165.2,10:13:00,30.0,BASELINE_HISTORICAL_CALIBRATION,185.5,18.5
OBS_000488,10:13:30,14610.0,12004,ROUTE_NDLS_LKO_01,SYNTHETIC_SIMULATOR,OK,27.526998,78.168784,172.896,123.5,34.31,123.5,0.0,980.7,130.0,,759.93,SEC_ALJN_TDL,,ALJN,TDL,36.104,339.104,CRUISING,,,,,112.59,,,GREEN,LOW,False,,False,,JRN_NDLS_LKO_01_20260902_184646,0.2483,0.0,0.95,0.4541,1.0,NONE,NONE,,17.5,164.7,10:13:30,30.0,BASELINE_HISTORICAL_CALIBRATION,185.0,18.0
OBS_000489,10:14:00,14640.0,12004,ROUTE_NDLS_LKO_01,SYNTHETIC_SIMULATOR,OK,27.517899,78.170768,173.925,123.5,34.31,123.5,0.0,980.7,130.0,,749.33,SEC_ALJN_TDL,,ALJN,TDL,35.075,338.075,CRUISING,,,,,112.3,,,GREEN,LOW,False,,False,,JRN_NDLS_LKO_01_20260902_184646,0.2483,0.0,0.95,0.4541,1.0,NONE,NONE,,17.0,164.2,10:14:00,30.0,BASELINE_HISTORICAL_CALIBRATION,184.5,17.5
OBS_000490,10:14:30,14670.0,12004,ROUTE_NDLS_LKO_01,SYNTHETIC_SIMULATOR,OK,27.5088,78.172753,174.954,123.5,34.31,123.5,0.0,980.7,130.0,,738.57,SEC_ALJN_TDL,,ALJN,TDL,34.046,337.046,CRUISING,,,,,112.02,,,GREEN,LOW,False,,False,,JRN_NDLS_LKO_01_20260902_184646,0.2483,0.0,0.95,0.4541,1.0,NONE,NONE,,16.5,163.7,10:14:30,30.0,BASELINE_HISTORICAL_CALIBRATION,184.0,17.0
OBS_000491,10:15:00,14700.0,12004,ROUTE_NDLS_LKO_01,SYNTHETIC_SIMULATOR,OK,27.499701,78.174737,175.983,123.5,34.31,123.5,0.0,980.7,130.0,,727.65,SEC_ALJN_TDL,,ALJN,TDL,33.017,336.017,CRUISING,,,,,111.73,,,GREEN,LOW,False,,False,,JRN_NDLS_LKO_01_20260902_184646,0.2483,0.0,0.95,0.4541,1.0,NONE,NONE,,16.0,163.2,10:15:00,30.0,BASELINE_HISTORICAL_CALIBRATION,183.5,16.5
OBS_000492,10:15:30,14730.0,12004,ROUTE_NDLS_LKO_01,SYNTHETIC_SIMULATOR,OK,27.490602,78.176722,177.012,123.5,34.31,123.5,0.0,980.7,130.0,,716.57,SEC_ALJN_TDL,,ALJN,TDL,31.988,334.988,CRUISING,,,,,111.45,,,GREEN,LOW,False,,False,,JRN_NDLS_LKO_01_20260902_184646,0.2483,0.0,0.95,0.4541,1.0,NONE,NONE,,15.5,162.7,10:15:30,30.0,BASELINE_HISTORICAL_CALIBRATION,183.0,16.0
OBS_000493,10:16:00,14760.0,12004,ROUTE_NDLS_LKO_01,SYNTHETIC_SIMULATOR,OK,27.481503,78.178706,178.042,123.5,34.31,123.5,0.0,980.7,130.0,,705.32,SEC_ALJN_TDL,,ALJN,TDL,30.958,333.958,CRUISING,,,,,111.17,,,GREEN,LOW,False,,False,,JRN_NDLS_LKO_01_20260902_184646,0.2483,0.0,0.95,0.4541,1.0,NONE,NONE,,15.0,162.2,10:16:00,30.0,BASELINE_HISTORICAL_CALIBRATION,182.5,15.5
OBS_000494,10:16:30,14790.0,12004,ROUTE_NDLS_LKO_01,SYNTHETIC_SIMULATOR,OK,27.472405,78.18069,179.071,123.5,34.31,123.5,0.0,980.7,130.0,,693.88,SEC_ALJN_TDL,,ALJN,TDL,29.929,332.929,CRUISING,,,,,110.88,,,GREEN,LOW,False,,False,,JRN_NDLS_LKO_01_20260902_184646,0.2483,0.0,0.95,0.4541,1.0,NONE,NONE,,14.5,161.7,10:16:30,30.0,BASELINE_HISTORICAL_CALIBRATION,182.0,15.0
OBS_000495,10:17:00,14820.0,12004,ROUTE_NDLS_LKO_01,SYNTHETIC_SIMULATOR,OK,27.463306,78.182675,180.1,123.5,34.31,123.5,0.0,980.7,130.0,,682.25,SEC_ALJN_TDL,,ALJN,TDL,28.9,331.9,CRUISING,,,,,110.6,,,GREEN,LOW,False,,False,,JRN_NDLS_LKO_01_20260902_184646,0.2483,0.0,0.95,0.4541,1.0,NONE,NONE,,14.0,161.2,10:17:00,30.0,BASELINE_HISTORICAL_CALIBRATION,181.5,14.5
OBS_000496,10:17:30,14850.0,12004,ROUTE_NDLS_LKO_01,SYNTHETIC_SIMULATOR,OK,27.454207,78.184659,181.129,123.5,34.31,123.5,0.0,980.7,130.0,,670.41,SEC_ALJN_TDL,,ALJN,TDL,27.871,330.871,CRUISING,,,,,110.31,,,GREEN,LOW,False,,False,,JRN_NDLS_LKO_01_20260902_184646,0.2483,0.0,0.95,0.4541,1.0,NONE,NONE,,13.5,160.7,10:17:30,30.0,BASELINE_HISTORICAL_CALIBRATION,181.0,14.0
OBS_000497,10:18:00,14880.0,12004,ROUTE_NDLS_LKO_01,SYNTHETIC_SIMULATOR,OK,27.445108,78.186644,182.158,123.5,34.31,123.5,0.0,980.7,130.0,,658.37,SEC_ALJN_TDL,,ALJN,TDL,26.842,329.842,CRUISING,,,,,110.03,,,GREEN,LOW,False,,False,,JRN_NDLS_LKO_01_20260902_184646,0.2483,0.0,0.95,0.4541,1.0,NONE,NONE,,13.0,160.2,10:18:00,30.0,BASELINE_HISTORICAL_CALIBRATION,180.5,13.5
OBS_000498,10:18:30,14910.0,12004,ROUTE_NDLS_LKO_01,SYNTHETIC_SIMULATOR,OK,27.436009,78.188628,183.187,123.5,34.31,123.5,0.0,980.7,130.0,,646.1,SEC_ALJN_TDL,,ALJN,TDL,25.813,328.813,CRUISING,,,,,109.75,,,GREEN,LOW,False,,False,,JRN_NDLS_LKO_01_20260902_184646,0.2483,0.0,0.95,0.4541,1.0,NONE,NONE,,12.5,159.7,10:18:30,30.0,BASELINE_HISTORICAL_CALIBRATION,180.0,13.0
OBS_000499,10:19:00,14940.0,12004,ROUTE_NDLS_LKO_01,SYNTHETIC_SIMULATOR,OK,27.42691,78.190613,184.217,123.5,34.31,123.5,0.0,980.7,130.0,,633.59,SEC_ALJN_TDL,,ALJN,TDL,24.783,327.783,CRUISING,,,,,109.46,,,GREEN,LOW,False,,False,,JRN_NDLS_LKO_01_20260902_184646,0.2483,0.0,0.95,0.4541,1.0,NONE,NONE,,12.0,159.2,10:19:00,30.0,BASELINE_HISTORICAL_CALIBRATION,179.5,12.5
OBS_000500,10:19:30,14970.0,12004,ROUTE_NDLS_LKO_01,SYNTHETIC_SIMULATOR,OK,27.417811,78.192597,185.246,123.5,34.31,123.5,0.0,980.7,130.0,,620.83,SEC_ALJN_TDL,,ALJN,TDL,23.754,326.754,CRUISING,,,,,109.18,,,GREEN,LOW,False,,False,,JRN_NDLS_LKO_01_20260902_184646,0.2483,0.0,0.95,0.4541,1.0,NONE,NONE,,11.5,158.7,10:19:30,30.0,BASELINE_HISTORICAL_CALIBRATION,179.0,12.0
OBS_000501,10:20:00,15000.0,12004,ROUTE_NDLS_LKO_01,SYNTHETIC_SIMULATOR,OK,27.408712,78.194582,186.275,123.5,34.31,123.5,0.0,980.7,130.0,,607.8,SEC_ALJN_TDL,,ALJN,TDL,22.725,325.725,CRUISING,,,,,108.89,,,GREEN,LOW,False,,False,,JRN_NDLS_LKO_01_20260902_184646,0.2483,0.0,0.95,0.4541,1.0,NONE,NONE,,11.0,158.2,10:20:00,30.0,BASELINE_HISTORICAL_CALIBRATION,178.5,11.5
OBS_000502,10:20:30,15030.0,12004,ROUTE_NDLS_LKO_01,SYNTHETIC_SIMULATOR,OK,27.399613,78.196566,187.304,123.5,34.31,123.5,0.0,980.7,130.0,,594.49,SEC_ALJN_TDL,,ALJN,TDL,21.696,324.696,CRUISING,,,,,108.61,,,GREEN,LOW,False,,False,,JRN_NDLS_LKO_01_20260902_184646,0.2483,0.0,0.95,0.4541,1.0,NONE,NONE,,10.5,157.7,10:20:30,30.0,BASELINE_HISTORICAL_CALIBRATION,178.0,11.0
OBS_000503,10:21:00,15060.0,12004,ROUTE_NDLS_LKO_01,SYNTHETIC_SIMULATOR,OK,27.390515,78.19855,188.333,123.5,34.31,123.5,0.0,980.7,130.0,,580.87,SEC_ALJN_TDL,,ALJN,TDL,20.667,323.667,CRUISING,,,,,108.33,,,GREEN,LOW,False,,False,,JRN_NDLS_LKO_01_20260902_184646,0.2483,0.0,0.95,0.4541,1.0,NONE,NONE,,10.0,157.2,10:21:00,30.0,BASELINE_HISTORICAL_CALIBRATION,177.5,10.5
OBS_000504,10:21:30,15090.0,12004,ROUTE_NDLS_LKO_01,SYNTHETIC_SIMULATOR,OK,27.381416,78.200535,189.362,123.5,34.31,123.5,0.0,980.7,130.0,,566.93,SEC_ALJN_TDL,,ALJN,TDL,19.638,322.638,CRUISING,,,,,108.04,,,GREEN,LOW,False,,False,,JRN_NDLS_LKO_01_20260902_184646,0.2483,0.0,0.95,0.4541,1.0,NONE,NONE,,9.5,156.7,10:21:30,30.0,BASELINE_HISTORICAL_CALIBRATION,177.0,10.0
OBS_000505,10:22:00,15120.0,12004,ROUTE_NDLS_LKO_01,SYNTHETIC_SIMULATOR,OK,27.372317,78.202519,190.392,123.5,34.31,123.5,0.0,980.7,130.0,,552.63,SEC_ALJN_TDL,,ALJN,TDL,18.608,321.608,CRUISING,,,,,107.76,,,GREEN,LOW,False,,False,,JRN_NDLS_LKO_01_20260902_184646,0.2483,0.0,0.95,0.4541,1.0,NONE,NONE,,9.0,156.2,10:22:00,30.0,BASELINE_HISTORICAL_CALIBRATION,176.5,9.5
OBS_000506,10:22:30,15150.0,12004,ROUTE_NDLS_LKO_01,SYNTHETIC_SIMULATOR,OK,27.363218,78.204504,191.421,123.5,34.31,123.5,0.0,980.7,130.0,,537.96,SEC_ALJN_TDL,,ALJN,TDL,17.579,320.579,CRUISING,,,,,107.48,,,GREEN,LOW,False,,False,,JRN_NDLS_LKO_01_20260902_184646,0.2483,0.0,0.95,0.4541,1.0,NONE,NONE,,8.5,155.7,10:22:30,30.0,BASELINE_HISTORICAL_CALIBRATION,176.0,9.0
OBS_000507,10:23:00,15180.0,12004,ROUTE_NDLS_LKO_01,SYNTHETIC_SIMULATOR,OK,27.354119,78.206488,192.45,123.5,34.31,123.5,0.0,980.7,130.0,,522.87,SEC_ALJN_TDL,,ALJN,TDL,16.55,319.55,CRUISING,,,,,107.19,,,GREEN,LOW,False,,False,,JRN_NDLS_LKO_01_20260902_184646,0.2483,0.0,0.95,0.4541,1.0,NONE,NONE,,8.0,155.2,10:23:00,30.0,BASELINE_HISTORICAL_CALIBRATION,175.5,8.5
OBS_000508,10:23:30,15210.0,12004,ROUTE_NDLS_LKO_01,SYNTHETIC_SIMULATOR,OK,27.34502,78.208473,193.479,123.5,34.31,123.5,0.0,980.7,130.0,,507.33,SEC_ALJN_TDL,,ALJN,TDL,15.521,318.521,CRUISING,,,,,106.91,,,GREEN,LOW,False,,False,,JRN_NDLS_LKO_01_20260902_184646,0.2483,0.0,0.95,0.4541,1.0,NONE,NONE,,7.5,154.7,10:23:30,30.0,BASELINE_HISTORICAL_CALIBRATION,175.0,8.0
OBS_000509,10:24:00,15240.0,12004,ROUTE_NDLS_LKO_01,SYNTHETIC_SIMULATOR,OK,27.335921,78.210457,194.508,123.5,34.31,123.5,0.0,980.7,130.0,,491.3,SEC_ALJN_TDL,,ALJN,TDL,14.492,317.492,CRUISING,,,,,106.62,,,GREEN,LOW,False,,False,,JRN_NDLS_LKO_01_20260902_184646,0.2483,0.0,0.95,0.4541,1.0,NONE,NONE,,7.0,154.2,10:24:00,30.0,BASELINE_HISTORICAL_CALIBRATION,174.5,7.5
OBS_000510,10:24:30,15270.0,12004,ROUTE_NDLS_LKO_01,SYNTHETIC_SIMULATOR,OK,27.326822,78.212442,195.537,123.5,34.31,123.5,0.0,980.7,130.0,,474.74,SEC_ALJN_TDL,,ALJN,TDL,13.463,316.463,CRUISING,,,,,106.34,,,GREEN,LOW,False,,False,,JRN_NDLS_LKO_01_20260902_184646,0.2483,0.0,0.95,0.4541,1.0,NONE,NONE,,6.5,153.7,10:24:30,30.0,BASELINE_HISTORICAL_CALIBRATION,174.0,7.0
OBS_000511,10:25:00,15300.0,12004,ROUTE_NDLS_LKO_01,SYNTHETIC_SIMULATOR,OK,27.317723,78.214426,196.567,123.5,34.31,123.5,0.0,980.7,130.0,,457.57,SEC_ALJN_TDL,,ALJN,TDL,12.433,315.433,CRUISING,,,,,106.06,,,GREEN,LOW,False,,False,,JRN_NDLS_LKO_01_20260902_184646,0.2483,0.0,0.95,0.4541,1.0,NONE,NONE,,6.0,153.2,10:25:00,30.0,BASELINE_HISTORICAL_CALIBRATION,173.5,6.5
OBS_000512,10:25:30,15330.0,12004,ROUTE_NDLS_LKO_01,SYNTHETIC_SIMULATOR,OK,27.308625,78.21641,197.596,123.5,34.31,123.5,0.0,980.7,130.0,,439.73,SEC_ALJN_TDL,,ALJN,TDL,11.404,314.404,CRUISING,,,,,105.77,,,GREEN,LOW,False,,False,,JRN_NDLS_LKO_01_20260902_184646,0.2483,0.0,0.95,0.4541,1.0,NONE,NONE,,5.5,152.7,10:25:30,30.0,BASELINE_HISTORICAL_CALIBRATION,173.0,6.0
OBS_000513,10:26:00,15360.0,12004,ROUTE_NDLS_LKO_01,SYNTHETIC_SIMULATOR,OK,27.299526,78.218395,198.625,123.5,34.31,123.5,0.0,980.7,130.0,,421.14,SEC_ALJN_TDL,,ALJN,TDL,10.375,313.375,CRUISING,,,,,105.49,,,GREEN,LOW,False,,False,,JRN_NDLS_LKO_01_20260902_184646,0.2483,0.0,0.95,0.4541,1.0,NONE,NONE,,5.0,152.2,10:26:00,30.0,BASELINE_HISTORICAL_CALIBRATION,172.5,5.5
OBS_000514,10:26:30,15390.0,12004,ROUTE_NDLS_LKO_01,SYNTHETIC_SIMULATOR,OK,27.290427,78.220379,199.654,123.5,34.31,123.5,0.0,980.7,130.0,,401.69,SEC_ALJN_TDL,,ALJN,TDL,9.346,312.346,CRUISING,,,,,105.2,,,GREEN,LOW,False,,False,,JRN_NDLS_LKO_01_20260902_184646,0.2483,0.0,0.95,0.4541,1.0,NONE,NONE,,4.5,151.7,10:26:30,30.0,BASELINE_HISTORICAL_CALIBRATION,172.0,5.0
OBS_000515,10:27:00,15420.0,12004,ROUTE_NDLS_LKO_01,SYNTHETIC_SIMULATOR,OK,27.281328,78.222364,200.683,123.5,34.31,123.5,0.0,980.7,130.0,,381.24,SEC_ALJN_TDL,,ALJN,TDL,8.317,311.317,CRUISING,,,,,104.92,,,GREEN,LOW,False,,False,,JRN_NDLS_LKO_01_20260902_184646,0.2483,0.0,0.95,0.4541,1.0,NONE,NONE,,4.0,151.2,10:27:00,30.0,BASELINE_HISTORICAL_CALIBRATION,171.5,4.5
OBS_000516,10:27:30,15450.0,12004,ROUTE_NDLS_LKO_01,SYNTHETIC_SIMULATOR,OK,27.272229,78.224348,201.712,123.5,34.31,123.5,0.0,980.7,130.0,,359.64,SEC_ALJN_TDL,,ALJN,TDL,7.288,310.288,CRUISING,,,,,104.64,,,GREEN,LOW,False,,False,,JRN_NDLS_LKO_01_20260902_184646,0.2483,0.0,0.95,0.4541,1.0,NONE,NONE,,3.5,150.7,10:27:30,30.0,BASELINE_HISTORICAL_CALIBRATION,171.0,4.0
OBS_000517,10:28:00,15480.0,12004,ROUTE_NDLS_LKO_01,SYNTHETIC_SIMULATOR,OK,27.26313,78.226333,202.742,123.5,34.31,123.5,0.0,980.7,130.0,,336.65,SEC_ALJN_TDL,,ALJN,TDL,6.258,309.258,CRUISING,,,,,104.35,,,GREEN,LOW,False,,False,,JRN_NDLS_LKO_01_20260902_184646,0.2483,0.0,0.95,0.4541,1.0,NONE,NONE,,3.0,150.2,10:28:00,30.0,BASELINE_HISTORICAL_CALIBRATION,170.5,3.5
OBS_000518,10:28:30,15510.0,12004,ROUTE_NDLS_LKO_01,SYNTHETIC_SIMULATOR,OK,27.254031,78.228317,203.771,123.5,34.31,123.5,0.0,980.7,130.0,,311.98,SEC_ALJN_TDL,,ALJN,TDL,5.229,308.229,CRUISING,,,,,104.07,,,GREEN,LOW,False,,False,,JRN_NDLS_LKO_01_20260902_184646,0.2483,0.0,0.95,0.4541,1.0,NONE,NONE,,2.5,149.7,10:28:30,30.0,BASELINE_HISTORICAL_CALIBRATION,170.0,3.0
OBS_000519,10:29:00,15540.0,12004,ROUTE_NDLS_LKO_01,SYNTHETIC_SIMULATOR,OK,27.244932,78.230302,204.8,123.5,34.31,123.5,0.0,980.7,130.0,,285.17,SEC_ALJN_TDL,,ALJN,TDL,4.2,307.2,CRUISING,,,,,103.78,,,GREEN,LOW,False,,False,,JRN_NDLS_LKO_01_20260902_184646,0.2483,0.0,0.95,0.4541,1.0,NONE,NONE,,2.0,149.2,10:29:00,30.0,BASELINE_HISTORICAL_CALIBRATION,169.5,2.5
OBS_000520,10:29:30,15570.0,12004,ROUTE_NDLS_LKO_01,SYNTHETIC_SIMULATOR,OK,27.235833,78.232286,205.829,123.5,34.31,123.5,0.0,980.7,130.0,,255.57,SEC_ALJN_TDL,,ALJN,TDL,3.171,306.171,CRUISING,,,,,103.5,,,GREEN,LOW,False,,False,,JRN_NDLS_LKO_01_20260902_184646,0.2483,0.0,0.95,0.4541,1.0,NONE,NONE,,1.5,148.7,10:29:30,30.0,BASELINE_HISTORICAL_CALIBRATION,169.0,2.0
OBS_000521,10:30:00,15600.0,12004,ROUTE_NDLS_LKO_01,SYNTHETIC_SIMULATOR,OK,27.226735,78.23427,206.858,123.5,34.31,123.5,0.0,980.7,130.0,,222.06,SEC_ALJN_TDL,,ALJN,TDL,2.142,305.142,CRUISING,,,,,103.22,,,GREEN,LOW,False,,False,,JRN_NDLS_LKO_01_20260902_184646,0.2483,0.0,0.95,0.4541,1.0,NONE,NONE,,1.0,148.2,10:30:00,30.0,BASELINE_HISTORICAL_CALIBRATION,168.5,1.5
OBS_000522,10:30:30,15630.0,12004,ROUTE_NDLS_LKO_01,SYNTHETIC_SIMULATOR,OK,27.217636,78.236255,207.887,123.5,34.31,123.5,0.0,980.7,130.0,,182.5,SEC_ALJN_TDL,,ALJN,TDL,1.113,304.113,CRUISING,,,,,102.93,,,GREEN,LOW,False,,False,,JRN_NDLS_LKO_01_20260902_184646,0.2483,0.0,0.95,0.4541,1.0,NONE,NONE,,0.5,147.7,10:30:30,30.0,BASELINE_HISTORICAL_CALIBRATION,168.0,1.0
OBS_000523,10:31:00,15660.0,12004,ROUTE_NDLS_LKO_01,SYNTHETIC_SIMULATOR,OK,27.208537,78.238239,208.917,123.5,34.31,123.5,0.0,980.7,130.0,,131.54,SEC_ALJN_TDL,,ALJN,TDL,0.083,303.083,CRUISING,,,,,102.65,,,GREEN,LOW,False,,False,,JRN_NDLS_LKO_01_20260902_184646,0.2483,0.0,0.95,0.4541,1.0,NONE,NONE,,0.0,147.2,10:31:00,30.0,BASELINE_HISTORICAL_CALIBRATION,167.5,0.5
OBS_000524,10:31:30,15690.0,12004,ROUTE_NDLS_LKO_01,SYNTHETIC_SIMULATOR,OK,27.2078,78.2384,209.0,0.0,0.0,36.0,0.0,0.0,130.0,,36.0,SEC_ALJN_TDL,TDL,TDL,ETW,92.0,303.0,DWELLING,ARRIVED,10:31:30,,,102.36,,,GREEN,LOW,False,,False,,JRN_NDLS_LKO_01_20260902_184646,0.2483,0.0,0.95,0.4541,1.0,NONE,NONE,,220.8,727.2,10:31:30,30.0,BASELINE_HISTORICAL_CALIBRATION,167.0,47.0
OBS_000525,10:32:00,15720.0,12004,ROUTE_NDLS_LKO_01,SYNTHETIC_SIMULATOR,OK,27.2078,78.2384,209.0,0.0,0.0,0.0,0.0,0.0,130.0,,0.0,SEC_TDL_ETW,TDL,TDL,ETW,92.0,303.0,DWELLING,,,,,102.8,,,GREEN,LOW,False,,False,,JRN_NDLS_LKO_01_20260902_184646,0.2483,0.0,0.95,0.4541,1.0,NONE,NONE,,220.8,727.2,10:32:00,30.0,BASELINE_HISTORICAL_CALIBRATION,166.5,46.5
OBS_000526,10:32:30,15750.0,12004,ROUTE_NDLS_LKO_01,SYNTHETIC_SIMULATOR,OK,27.2078,78.2384,209.0,0.0,0.0,0.0,0.0,0.0,130.0,,0.0,SEC_TDL_ETW,TDL,TDL,ETW,92.0,303.0,DWELLING,,,,,103.3,,,GREEN,LOW,False,,False,,JRN_NDLS_LKO_01_20260902_184646,0.2483,0.0,0.95,0.4541,1.0,NONE,NONE,,220.8,727.2,10:32:30,30.0,BASELINE_HISTORICAL_CALIBRATION,166.0,46.0
OBS_000527,10:33:00,15780.0,12004,ROUTE_NDLS_LKO_01,SYNTHETIC_SIMULATOR,OK,27.2078,78.2384,209.0,0.0,0.0,0.0,0.0,0.0,130.0,,0.0,SEC_TDL_ETW,TDL,TDL,ETW,92.0,303.0,DWELLING,,,,,103.8,,,GREEN,LOW,False,,False,,JRN_NDLS_LKO_01_20260902_184646,0.2483,0.0,0.95,0.4541,1.0,NONE,NONE,,220.8,727.2,10:33:00,30.0,BASELINE_HISTORICAL_CALIBRATION,165.5,45.5
OBS_000528,10:33:30,15810.0,12004,ROUTE_NDLS_LKO_01,SYNTHETIC_SIMULATOR,OK,27.2078,78.2384,209.675,54.0,15.0,123.5,0.5,187.5,130.0,,1196.15,SEC_TDL_ETW,TDL,TDL,ETW,91.325,302.325,ACCELERATING,DEPARTED,,10:33:30,2,104.3,,,GREEN,LOW,False,,False,,JRN_NDLS_LKO_01_20260902_184646,0.2483,0.0,0.95,0.4541,1.0,NONE,NONE,,101.5,335.9,10:33:30,30.0,BASELINE_HISTORICAL_CALIBRATION,165.0,45.0
OBS_000529,10:34:00,15840.0,12004,ROUTE_NDLS_LKO_01,SYNTHETIC_SIMULATOR,OK,27.199367,78.253843,210.8,108.0,30.0,123.5,0.5,750.0,130.0,,1191.76,SEC_TDL_ETW,,TDL,ETW,90.2,301.2,ACCELERATING,,,,,104.29,,,GREEN,LOW,False,,False,,JRN_NDLS_LKO_01_20260902_184646,0.2483,0.0,0.95,0.4541,1.0,NONE,NONE,,50.1,167.3,10:34:00,30.0,BASELINE_HISTORICAL_CALIBRATION,164.5,44.5
OBS_000530,10:34:30,15870.0,12004,ROUTE_NDLS_LKO_01,SYNTHETIC_SIMULATOR,OK,27.193492,78.264603,212.054,123.5,34.31,123.5,0.5,980.7,130.0,,1184.39,SEC_TDL_ETW,,TDL,ETW,88.946,299.946,ACCELERATING,,,,,103.93,,,GREEN,LOW,False,,False,,JRN_NDLS_LKO_01_20260902_184646,0.2483,0.0,0.95,0.4541,1.0,NONE,NONE,,43.2,145.7,10:34:30,30.0,BASELINE_HISTORICAL_CALIBRATION,164.0,44.0
OBS_000531,10:35:00,15900.0,12004,ROUTE_NDLS_LKO_01,SYNTHETIC_SIMULATOR,OK,27.18867,78.273432,213.083,123.5,34.31,123.5,0.0,980.7,130.0,,1176.13,SEC_TDL_ETW,,TDL,ETW,87.917,298.917,CRUISING,,,,,103.47,,,GREEN,LOW,False,,False,,JRN_NDLS_LKO_01_20260902_184646,0.2483,0.0,0.95,0.4541,1.0,NONE,NONE,,42.7,145.2,10:35:00,30.0,BASELINE_HISTORICAL_CALIBRATION,163.5,43.5
OBS_000532,10:35:30,15930.0,12004,ROUTE_NDLS_LKO_01,SYNTHETIC_SIMULATOR,OK,27.183849,78.282262,214.112,123.5,34.31,123.5,0.0,980.7,130.0,,1169.31,SEC_TDL_ETW,,TDL,ETW,86.888,297.888,CRUISING,,,,,103.19,,,GREEN,LOW,False,,False,,JRN_NDLS_LKO_01_20260902_184646,0.2483,0.0,0.95,0.4541,1.0,NONE,NONE,,42.2,144.7,10:35:30,30.0,BASELINE_HISTORICAL_CALIBRATION,163.0,43.0
OBS_000533,10:36:00,15960.0,12004,ROUTE_NDLS_LKO_01,SYNTHETIC_SIMULATOR,OK,27.179028,78.291091,215.142,123.5,34.31,123.5,0.0,980.7,130.0,,1162.44,SEC_TDL_ETW,,TDL,ETW,85.858,296.858,CRUISING,,,,,102.91,,,GREEN,LOW,False,,False,,JRN_NDLS_LKO_01_20260902_184646,0.2483,0.0,0.95,0.4541,1.0,NONE,NONE,,41.7,144.2,10:36:00,30.0,BASELINE_HISTORICAL_CALIBRATION,162.5,42.5
OBS_000534,10:36:30,15990.0,12004,ROUTE_NDLS_LKO_01,SYNTHETIC_SIMULATOR,OK,27.174206,78.299921,216.171,123.5,34.31,123.5,0.0,980.7,130.0,,1155.54,SEC_TDL_ETW,,TDL,ETW,84.829,295.829,CRUISING,,,,,102.62,,,GREEN,LOW,False,,False,,JRN_NDLS_LKO_01_20260902_184646,0.2483,0.0,0.95,0.4541,1.0,NONE,NONE,,41.2,143.7,10:36:30,30.0,BASELINE_HISTORICAL_CALIBRATION,162.0,42.0
OBS_000535,10:37:00,16020.0,12004,ROUTE_NDLS_LKO_01,SYNTHETIC_SIMULATOR,OK,27.169385,78.308751,217.2,123.5,34.31,123.5,0.0,980.7,130.0,,1148.59,SEC_TDL_ETW,,TDL,ETW,83.8,294.8,CRUISING,,,,,102.34,,,GREEN,LOW,False,,False,,JRN_NDLS_LKO_01_20260902_184646,0.2483,0.0,0.95,0.4541,1.0,NONE,NONE,,40.7,143.2,10:37:00,30.0,BASELINE_HISTORICAL_CALIBRATION,161.5,41.5
OBS_000536,10:37:30,16050.0,12004,ROUTE_NDLS_LKO_01,SYNTHETIC_SIMULATOR,OK,27.164563,78.31758,218.229,123.5,34.31,123.5,0.0,980.7,130.0,,1141.6,SEC_TDL_ETW,,TDL,ETW,82.771,293.771,CRUISING,,,,,102.05,,,GREEN,LOW,False,,False,,JRN_NDLS_LKO_01_20260902_184646,0.2483,0.0,0.95,0.4541,1.0,NONE,NONE,,40.2,142.7,10:37:30,30.0,BASELINE_HISTORICAL_CALIBRATION,161.0,41.0
OBS_000537,10:38:00,16080.0,12004,ROUTE_NDLS_LKO_01,SYNTHETIC_SIMULATOR,OK,27.159742,78.32641,219.258,123.5,34.31,123.5,0.0,980.7,130.0,,1134.57,SEC_TDL_ETW,,TDL,ETW,81.742,292.742,CRUISING,,,,,101.77,,,GREEN,LOW,False,,False,,JRN_NDLS_LKO_01_20260902_184646,0.2483,0.0,0.95,0.4541,1.0,NONE,NONE,,39.7,142.2,10:38:00,30.0,BASELINE_HISTORICAL_CALIBRATION,160.5,40.5
OBS_000538,10:38:30,16110.0,12004,ROUTE_NDLS_LKO_01,SYNTHETIC_SIMULATOR,OK,27.154921,78.335239,220.287,123.5,34.31,123.5,0.0,980.7,130.0,,1127.5,SEC_TDL_ETW,,TDL,ETW,80.713,291.713,CRUISING,,,,,101.49,,,GREEN,LOW,False,,False,,JRN_NDLS_LKO_01_20260902_184646,0.2483,0.0,0.95,0.4541,1.0,NONE,NONE,,39.2,141.7,10:38:30,30.0,BASELINE_HISTORICAL_CALIBRATION,160.0,40.0
OBS_000539,10:39:00,16140.0,12004,ROUTE_NDLS_LKO_01,SYNTHETIC_SIMULATOR,OK,27.150099,78.344069,221.317,123.5,34.31,123.5,0.0,980.7,130.0,,1120.38,SEC_TDL_ETW,,TDL,ETW,79.683,290.683,CRUISING,,,,,101.2,,,GREEN,LOW,False,,False,,JRN_NDLS_LKO_01_20260902_184646,0.2483,0.0,0.95,0.4541,1.0,NONE,NONE,,38.7,141.2,10:39:00,30.0,BASELINE_HISTORICAL_CALIBRATION,159.5,39.5
OBS_000540,10:39:30,16170.0,12004,ROUTE_NDLS_LKO_01,SYNTHETIC_SIMULATOR,OK,27.145278,78.352899,222.346,123.5,34.31,123.5,0.0,980.7,130.0,,1113.21,SEC_TDL_ETW,,TDL,ETW,78.654,289.654,CRUISING,,,,,100.92,,,GREEN,LOW,False,,False,,JRN_NDLS_LKO_01_20260902_184646,0.2483,0.0,0.95,0.4541,1.0,NONE,NONE,,38.2,140.7,10:39:30,30.0,BASELINE_HISTORICAL_CALIBRATION,159.0,39.0
OBS_000541,10:40:00,16200.0,12004,ROUTE_NDLS_LKO_01,SYNTHETIC_SIMULATOR,OK,27.140456,78.361728,223.375,123.5,34.31,123.5,0.0,980.7,130.0,,1106.0,SEC_TDL_ETW,,TDL,ETW,77.625,288.625,CRUISING,,,,,100.64,,,GREEN,LOW,False,,False,,JRN_NDLS_LKO_01_20260902_184646,0.2483,0.0,0.95,0.4541,1.0,NONE,NONE,,37.7,140.2,10:40:00,30.0,BASELINE_HISTORICAL_CALIBRATION,158.5,38.5
OBS_000542,10:40:30,16230.0,12004,ROUTE_NDLS_LKO_01,SYNTHETIC_SIMULATOR,OK,27.135635,78.370558,224.404,123.5,34.31,123.5,0.0,980.7,130.0,,1098.74,SEC_TDL_ETW,,TDL,ETW,76.596,287.596,CRUISING,,,,,100.35,,,GREEN,LOW,False,,False,,JRN_NDLS_LKO_01_20260902_184646,0.2483,0.0,0.95,0.4541,1.0,NONE,NONE,,37.2,139.7,10:40:30,30.0,BASELINE_HISTORICAL_CALIBRATION,158.0,38.0
OBS_000543,10:41:00,16260.0,12004,ROUTE_NDLS_LKO_01,SYNTHETIC_SIMULATOR,OK,27.130813,78.379387,225.433,123.5,34.31,123.5,0.0,980.7,130.0,,1091.43,SEC_TDL_ETW,,TDL,ETW,75.567,286.567,CRUISING,,,,,100.07,,,GREEN,LOW,False,,False,,JRN_NDLS_LKO_01_20260902_184646,0.2483,0.0,0.95,0.4541,1.0,NONE,NONE,,36.7,139.2,10:41:00,30.0,BASELINE_HISTORICAL_CALIBRATION,157.5,37.5
OBS_000544,10:41:30,16290.0,12004,ROUTE_NDLS_LKO_01,SYNTHETIC_SIMULATOR,OK,27.125992,78.388217,226.462,123.5,34.31,123.5,0.0,980.7,130.0,,1084.07,SEC_TDL_ETW,,TDL,ETW,74.538,285.538,CRUISING,,,,,99.78,,,GREEN,LOW,False,,False,,JRN_NDLS_LKO_01_20260902_184646,0.2483,0.0,0.95,0.4541,1.0,NONE,NONE,,36.2,138.7,10:41:30,30.0,BASELINE_HISTORICAL_CALIBRATION,157.0,37.0
OBS_000545,10:42:00,16320.0,12004,ROUTE_NDLS_LKO_01,SYNTHETIC_SIMULATOR,OK,27.121171,78.397046,227.492,123.5,34.31,123.5,0.0,980.7,130.0,,1076.66,SEC_TDL_ETW,,TDL,ETW,73.508,284.508,CRUISING,,,,,99.5,,,GREEN,LOW,False,,False,,JRN_NDLS_LKO_01_20260902_184646,0.2483,0.0,0.95,0.4541,1.0,NONE,NONE,,35.7,138.2,10:42:00,30.0,BASELINE_HISTORICAL_CALIBRATION,156.5,36.5
OBS_000546,10:42:30,16350.0,12004,ROUTE_NDLS_LKO_01,SYNTHETIC_SIMULATOR,OK,27.116349,78.405876,228.521,123.5,34.31,123.5,0.0,980.7,130.0,,1069.21,SEC_TDL_ETW,,TDL,ETW,72.479,283.479,CRUISING,,,,,99.22,,,GREEN,LOW,False,,False,,JRN_NDLS_LKO_01_20260902_184646,0.2483,0.0,0.95,0.4541,1.0,NONE,NONE,,35.2,137.7,10:42:30,30.0,BASELINE_HISTORICAL_CALIBRATION,156.0,36.0
OBS_000547,10:43:00,16380.0,12004,ROUTE_NDLS_LKO_01,SYNTHETIC_SIMULATOR,OK,27.111528,78.414706,229.55,123.5,34.31,123.5,0.0,980.7,130.0,,1061.69,SEC_TDL_ETW,,TDL,ETW,71.45,282.45,CRUISING,,,,,98.93,,,GREEN,LOW,False,,False,,JRN_NDLS_LKO_01_20260902_184646,0.2483,0.0,0.95,0.4541,1.0,NONE,NONE,,34.7,137.2,10:43:00,30.0,BASELINE_HISTORICAL_CALIBRATION,155.5,35.5
OBS_000548,10:43:30,16410.0,12004,ROUTE_NDLS_LKO_01,SYNTHETIC_SIMULATOR,OK,27.106706,78.423535,230.579,123.5,34.31,123.5,0.0,980.7,130.0,,1054.13,SEC_TDL_ETW,,TDL,ETW,70.421,281.421,CRUISING,,,,,98.65,,,GREEN,LOW,False,,False,,JRN_NDLS_LKO_01_20260902_184646,0.2483,0.0,0.95,0.4541,1.0,NONE,NONE,,34.2,136.7,10:43:30,30.0,BASELINE_HISTORICAL_CALIBRATION,155.0,35.0
OBS_000549,10:44:00,16440.0,12004,ROUTE_NDLS_LKO_01,SYNTHETIC_SIMULATOR,OK,27.101885,78.432365,231.608,123.5,34.31,123.5,0.0,980.7,130.0,,1046.51,SEC_TDL_ETW,,TDL,ETW,69.392,280.392,CRUISING,,,,,98.36,,,GREEN,LOW,False,,False,,JRN_NDLS_LKO_01_20260902_184646,0.2483,0.0,0.95,0.4541,1.0,NONE,NONE,,33.7,136.2,10:44:00,30.0,BASELINE_HISTORICAL_CALIBRATION,154.5,34.5
OBS_000550,10:44:30,16470.0,12004,ROUTE_NDLS_LKO_01,SYNTHETIC_SIMULATOR,OK,27.097063,78.441194,232.637,123.5,34.31,123.5,0.0,980.7,130.0,,1038.84,SEC_TDL_ETW,,TDL,ETW,68.363,279.363,CRUISING,,,,,98.08,,,GREEN,LOW,False,,False,,JRN_NDLS_LKO_01_20260902_184646,0.2483,0.0,0.95,0.4541,1.0,NONE,NONE,,33.2,135.7,10:44:30,30.0,BASELINE_HISTORICAL_CALIBRATION,154.0,34.0
OBS_000551,10:45:00,16500.0,12004,ROUTE_NDLS_LKO_01,SYNTHETIC_SIMULATOR,OK,27.092242,78.450024,233.667,123.5,34.31,123.5,0.0,980.7,130.0,,1031.1,SEC_TDL_ETW,,TDL,ETW,67.333,278.333,CRUISING,,,,,97.8,,,GREEN,LOW,False,,False,,JRN_NDLS_LKO_01_20260902_184646,0.2483,0.0,0.95,0.4541,1.0,NONE,NONE,,32.7,135.2,10:45:00,30.0,BASELINE_HISTORICAL_CALIBRATION,153.5,33.5
OBS_000552,10:45:30,16530.0,12004,ROUTE_NDLS_LKO_01,SYNTHETIC_SIMULATOR,OK,27.087421,78.458853,234.696,123.5,34.31,123.5,0.0,980.7,130.0,,1023.31,SEC_TDL_ETW,,TDL,ETW,66.304,277.304,CRUISING,,,,,97.51,,,GREEN,LOW,False,,False,,JRN_NDLS_LKO_01_20260902_184646,0.2483,0.0,0.95,0.4541,1.0,NONE,NONE,,32.2,134.7,10:45:30,30.0,BASELINE_HISTORICAL_CALIBRATION,153.0,33.0
OBS_000553,10:46:00,16560.0,12004,ROUTE_NDLS_LKO_01,SYNTHETIC_SIMULATOR,OK,27.082599,78.467683,235.725,123.5,34.31,123.5,0.0,980.7,130.0,,1015.46,SEC_TDL_ETW,,TDL,ETW,65.275,276.275,CRUISING,,,,,97.23,,,GREEN,LOW,False,,False,,JRN_NDLS_LKO_01_20260902_184646,0.2483,0.0,0.95,0.4541,1.0,NONE,NONE,,31.7,134.2,10:46:00,30.0,BASELINE_HISTORICAL_CALIBRATION,152.5,32.5
OBS_000554,10:46:30,16590.0,12004,ROUTE_NDLS_LKO_01,SYNTHETIC_SIMULATOR,OK,27.077778,78.476513,236.754,123.5,34.31,123.5,0.0,980.7,130.0,,1007.55,SEC_TDL_ETW,,TDL,ETW,64.246,275.246,CRUISING,,,,,96.94,,,GREEN,LOW,False,,False,,JRN_NDLS_LKO_01_20260902_184646,0.2483,0.0,0.95,0.4541,1.0,NONE,NONE,,31.2,133.7,10:46:30,30.0,BASELINE_HISTORICAL_CALIBRATION,152.0,32.0
OBS_000555,10:47:00,16620.0,12004,ROUTE_NDLS_LKO_01,SYNTHETIC_SIMULATOR,OK,27.072956,78.485342,237.783,123.5,34.31,123.5,0.0,980.7,130.0,,999.58,SEC_TDL_ETW,,TDL,ETW,63.217,274.217,CRUISING,,,,,96.66,,,GREEN,LOW,False,,False,,JRN_NDLS_LKO_01_20260902_184646,0.2483,0.0,0.95,0.4541,1.0,NONE,NONE,,30.7,133.2,10:47:00,30.0,BASELINE_HISTORICAL_CALIBRATION,151.5,31.5
OBS_000556,10:47:30,16650.0,12004,ROUTE_NDLS_LKO_01,SYNTHETIC_SIMULATOR,OK,27.068135,78.494172,238.812,123.5,34.31,123.5,0.0,980.7,130.0,,991.54,SEC_TDL_ETW,,TDL,ETW,62.188,273.188,CRUISING,,,,,96.38,,,GREEN,LOW,False,,False,,JRN_NDLS_LKO_01_20260902_184646,0.2483,0.0,0.95,0.4541,1.0,NONE,NONE,,30.2,132.7,10:47:30,30.0,BASELINE_HISTORICAL_CALIBRATION,151.0,31.0
OBS_000557,10:48:00,16680.0,12004,ROUTE_NDLS_LKO_01,SYNTHETIC_SIMULATOR,OK,27.063313,78.503001,239.842,123.5,34.31,123.5,0.0,980.7,130.0,,983.43,SEC_TDL_ETW,,TDL,ETW,61.158,272.158,CRUISING,,,,,96.09,,,GREEN,LOW,False,,False,,JRN_NDLS_LKO_01_20260902_184646,0.2483,0.0,0.95,0.4541,1.0,NONE,NONE,,29.7,132.2,10:48:00,30.0,BASELINE_HISTORICAL_CALIBRATION,150.5,30.5
OBS_000558,10:48:30,16710.0,12004,ROUTE_NDLS_LKO_01,SYNTHETIC_SIMULATOR,OK,27.058492,78.511831,240.871,123.5,34.31,123.5,0.0,980.7,130.0,,975.26,SEC_TDL_ETW,,TDL,ETW,60.129,271.129,CRUISING,,,,,95.81,,,GREEN,LOW,False,,False,,JRN_NDLS_LKO_01_20260902_184646,0.2483,0.0,0.95,0.4541,1.0,NONE,NONE,,29.2,131.7,10:48:30,30.0,BASELINE_HISTORICAL_CALIBRATION,150.0,30.0
OBS_000559,10:49:00,16740.0,12004,ROUTE_NDLS_LKO_01,SYNTHETIC_SIMULATOR,OK,27.053671,78.520661,241.9,123.5,34.31,123.5,0.0,980.7,130.0,,967.02,SEC_TDL_ETW,,TDL,ETW,59.1,270.1,CRUISING,,,,,95.52,,,GREEN,LOW,False,,False,,JRN_NDLS_LKO_01_20260902_184646,0.2483,0.0,0.95,0.4541,1.0,NONE,NONE,,28.7,131.2,10:49:00,30.0,BASELINE_HISTORICAL_CALIBRATION,149.5,29.5
OBS_000560,10:49:30,16770.0,12004,ROUTE_NDLS_LKO_01,SYNTHETIC_SIMULATOR,OK,27.048849,78.52949,242.929,123.5,34.31,123.5,0.0,980.7,130.0,,958.71,SEC_TDL_ETW,,TDL,ETW,58.071,269.071,CRUISING,,,,,95.24,,,GREEN,LOW,False,,False,,JRN_NDLS_LKO_01_20260902_184646,0.2483,0.0,0.95,0.4541,1.0,NONE,NONE,,28.2,130.7,10:49:30,30.0,BASELINE_HISTORICAL_CALIBRATION,149.0,29.0
OBS_000561,10:50:00,16800.0,12004,ROUTE_NDLS_LKO_01,SYNTHETIC_SIMULATOR,OK,27.044028,78.53832,243.958,123.5,34.31,123.5,0.0,980.7,130.0,,950.32,SEC_TDL_ETW,,TDL,ETW,57.042,268.042,CRUISING,,,,,94.96,,,GREEN,LOW,False,,False,,JRN_NDLS_LKO_01_20260902_184646,0.2483,0.0,0.95,0.4541,1.0,NONE,NONE,,27.7,130.2,10:50:00,30.0,BASELINE_HISTORICAL_CALIBRATION,148.5,28.5
OBS_000562,10:50:30,16830.0,12004,ROUTE_NDLS_LKO_01,SYNTHETIC_SIMULATOR,OK,27.039206,78.547149,244.987,123.5,34.31,123.5,0.0,980.7,130.0,,941.87,SEC_TDL_ETW,,TDL,ETW,56.013,267.013,CRUISING,,,,,94.67,,,GREEN,LOW,False,,False,,JRN_NDLS_LKO_01_20260902_184646,0.2483,0.0,0.95,0.4541,1.0,NONE,NONE,,27.2,129.7,10:50:30,30.0,BASELINE_HISTORICAL_CALIBRATION,148.0,28.0
OBS_000563,10:51:00,16860.0,12004,ROUTE_NDLS_LKO_01,SYNTHETIC_SIMULATOR,OK,27.034385,78.555979,246.017,123.5,34.31,123.5,0.0,980.7,130.0,,933.33,SEC_TDL_ETW,,TDL,ETW,54.983,265.983,CRUISING,,,,,94.39,,,GREEN,LOW,False,,False,,JRN_NDLS_LKO_01_20260902_184646,0.2483,0.0,0.95,0.4541,1.0,NONE,NONE,,26.7,129.2,10:51:00,30.0,BASELINE_HISTORICAL_CALIBRATION,147.5,27.5
OBS_000564,10:51:30,16890.0,12004,ROUTE_NDLS_LKO_01,SYNTHETIC_SIMULATOR,OK,27.029564,78.564808,247.046,123.5,34.31,123.5,0.0,980.7,130.0,,924.72,SEC_TDL_ETW,,TDL,ETW,53.954,264.954,CRUISING,,,,,94.1,,,GREEN,LOW,False,,False,,JRN_NDLS_LKO_01_20260902_184646,0.2483,0.0,0.95,0.4541,1.0,NONE,NONE,,26.2,128.7,10:51:30,30.0,BASELINE_HISTORICAL_CALIBRATION,147.0,27.0
OBS_000565,10:52:00,16920.0,12004,ROUTE_NDLS_LKO_01,SYNTHETIC_SIMULATOR,OK,27.024742,78.573638,248.075,123.5,34.31,123.5,0.0,980.7,130.0,,916.02,SEC_TDL_ETW,,TDL,ETW,52.925,263.925,CRUISING,,,,,93.82,,,GREEN,LOW,False,,False,,JRN_NDLS_LKO_01_20260902_184646,0.2483,0.0,0.95,0.4541,1.0,NONE,NONE,,25.7,128.2,10:52:00,30.0,BASELINE_HISTORICAL_CALIBRATION,146.5,26.5
OBS_000566,10:52:30,16950.0,12004,ROUTE_NDLS_LKO_01,SYNTHETIC_SIMULATOR,OK,27.019921,78.582468,249.104,123.5,34.31,123.5,0.0,980.7,130.0,,907.24,SEC_TDL_ETW,,TDL,ETW,51.896,262.896,CRUISING,,,,,93.54,,,GREEN,LOW,False,,False,,JRN_NDLS_LKO_01_20260902_184646,0.2483,0.0,0.95,0.4541,1.0,NONE,NONE,,25.2,127.7,10:52:30,30.0,BASELINE_HISTORICAL_CALIBRATION,146.0,26.0
OBS_000567,10:53:00,16980.0,12004,ROUTE_NDLS_LKO_01,SYNTHETIC_SIMULATOR,OK,27.015099,78.591297,250.133,123.5,34.31,123.5,0.0,980.7,130.0,,898.38,SEC_TDL_ETW,,TDL,ETW,50.867,261.867,CRUISING,,,,,93.25,,,GREEN,LOW,False,,False,,JRN_NDLS_LKO_01_20260902_184646,0.2483,0.0,0.95,0.4541,1.0,NONE,NONE,,24.7,127.2,10:53:00,30.0,BASELINE_HISTORICAL_CALIBRATION,145.5,25.5
OBS_000568,10:53:30,17010.0,12004,ROUTE_NDLS_LKO_01,SYNTHETIC_SIMULATOR,OK,27.010278,78.600127,251.162,123.5,34.31,123.5,0.0,980.7,130.0,,889.43,SEC_TDL_ETW,,TDL,ETW,49.838,260.838,CRUISING,,,,,92.97,,,GREEN,LOW,False,,False,,JRN_NDLS_LKO_01_20260902_184646,0.2483,0.0,0.95,0.4541,1.0,NONE,NONE,,24.2,126.7,10:53:30,30.0,BASELINE_HISTORICAL_CALIBRATION,145.0,25.0
OBS_000569,10:54:00,17040.0,12004,ROUTE_NDLS_LKO_01,SYNTHETIC_SIMULATOR,OK,27.005456,78.608956,252.192,123.5,34.31,123.5,0.0,980.7,130.0,,880.38,SEC_TDL_ETW,,TDL,ETW,48.808,259.808,CRUISING,,,,,92.68,,,GREEN,LOW,False,,False,,JRN_NDLS_LKO_01_20260902_184646,0.2483,0.0,0.95,0.4541,1.0,NONE,NONE,,23.7,126.2,10:54:00,30.0,BASELINE_HISTORICAL_CALIBRATION,144.5,24.5
OBS_000570,10:54:30,17070.0,12004,ROUTE_NDLS_LKO_01,SYNTHETIC_SIMULATOR,OK,27.000635,78.617786,253.221,123.5,34.31,123.5,0.0,980.7,130.0,,871.24,SEC_TDL_ETW,,TDL,ETW,47.779,258.779,CRUISING,,,,,92.4,,,GREEN,LOW,False,,False,,JRN_NDLS_LKO_01_20260902_184646,0.2483,0.0,0.95,0.4541,1.0,NONE,NONE,,23.2,125.7,10:54:30,30.0,BASELINE_HISTORICAL_CALIBRATION,144.0,24.0
OBS_000571,10:55:00,17100.0,12004,ROUTE_NDLS_LKO_01,SYNTHETIC_SIMULATOR,OK,26.995814,78.626615,254.25,123.5,34.31,123.5,0.0,980.7,130.0,,862.01,SEC_TDL_ETW,,TDL,ETW,46.75,257.75,CRUISING,,,,,92.12,,,GREEN,LOW,False,,False,,JRN_NDLS_LKO_01_20260902_184646,0.2483,0.0,0.95,0.4541,1.0,NONE,NONE,,22.7,125.2,10:55:00,30.0,BASELINE_HISTORICAL_CALIBRATION,143.5,23.5
OBS_000572,10:55:30,17130.0,12004,ROUTE_NDLS_LKO_01,SYNTHETIC_SIMULATOR,OK,26.990992,78.635445,255.279,123.5,34.31,123.5,0.0,980.7,130.0,,852.68,SEC_TDL_ETW,,TDL,ETW,45.721,256.721,CRUISING,,,,,91.83,,,GREEN,LOW,False,,False,,JRN_NDLS_LKO_01_20260902_184646,0.2483,0.0,0.95,0.4541,1.0,NONE,NONE,,22.2,124.7,10:55:30,30.0,BASELINE_HISTORICAL_CALIBRATION,143.0,23.0
OBS_000573,10:56:00,17160.0,12004,ROUTE_NDLS_LKO_01,SYNTHETIC_SIMULATOR,OK,26.986171,78.644275,256.308,123.5,34.31,123.5,0.0,980.7,130.0,,843.24,SEC_TDL_ETW,,TDL,ETW,44.692,255.692,CRUISING,,,,,91.55,,,GREEN,LOW,False,,False,,JRN_NDLS_LKO_01_20260902_184646,0.2483,0.0,0.95,0.4541,1.0,NONE,NONE,,21.7,124.2,10:56:00,30.0,BASELINE_HISTORICAL_CALIBRATION,142.5,22.5
OBS_000574,10:56:30,17190.0,12004,ROUTE_NDLS_LKO_01,SYNTHETIC_SIMULATOR,OK,26.981349,78.653104,257.337,123.5,34.31,123.5,0.0,980.7,130.0,,833.69,SEC_TDL_ETW,,TDL,ETW,43.663,254.663,CRUISING,,,,,91.27,,,GREEN,LOW,False,,False,,JRN_NDLS_LKO_01_20260902_184646,0.2483,0.0,0.95,0.4541,1.0,NONE,NONE,,21.2,123.7,10:56:30,30.0,BASELINE_HISTORICAL_CALIBRATION,142.0,22.0
OBS_000575,10:57:00,17220.0,12004,ROUTE_NDLS_LKO_01,SYNTHETIC_SIMULATOR,OK,26.976528,78.661934,258.367,123.5,34.31,123.5,0.0,980.7,130.0,,824.04,SEC_TDL_ETW,,TDL,ETW,42.633,253.633,CRUISING,,,,,90.98,,,GREEN,LOW,False,,False,,JRN_NDLS_LKO_01_20260902_184646,0.2483,0.0,0.95,0.4541,1.0,NONE,NONE,,20.7,123.2,10:57:00,30.0,BASELINE_HISTORICAL_CALIBRATION,141.5,21.5
OBS_000576,10:57:30,17250.0,12004,ROUTE_NDLS_LKO_01,SYNTHETIC_SIMULATOR,OK,26.971706,78.670763,259.396,123.5,34.31,123.5,0.0,980.7,130.0,,814.27,SEC_TDL_ETW,,TDL,ETW,41.604,252.604,CRUISING,,,,,90.7,,,GREEN,LOW,False,,False,,JRN_NDLS_LKO_01_20260902_184646,0.2483,0.0,0.95,0.4541,1.0,NONE,NONE,,20.2,122.7,10:57:30,30.0,BASELINE_HISTORICAL_CALIBRATION,141.0,21.0
OBS_000577,10:58:00,17280.0,12004,ROUTE_NDLS_LKO_01,SYNTHETIC_SIMULATOR,OK,26.966885,78.679593,260.425,123.5,34.31,123.5,0.0,980.7,130.0,,804.38,SEC_TDL_ETW,,TDL,ETW,40.575,251.575,CRUISING,,,,,90.41,,,GREEN,LOW,False,,False,,JRN_NDLS_LKO_01_20260902_184646,0.2483,0.0,0.95,0.4541,1.0,NONE,NONE,,19.7,122.2,10:58:00,30.0,BASELINE_HISTORICAL_CALIBRATION,140.5,20.5
OBS_000578,10:58:30,17310.0,12004,ROUTE_NDLS_LKO_01,SYNTHETIC_SIMULATOR,OK,26.962064,78.688423,261.454,123.5,34.31,123.5,0.0,980.7,130.0,,794.37,SEC_TDL_ETW,,TDL,ETW,39.546,250.546,CRUISING,,,,,90.13,,,GREEN,LOW,False,,False,,JRN_NDLS_LKO_01_20260902_184646,0.2483,0.0,0.95,0.4541,1.0,NONE,NONE,,19.2,121.7,10:58:30,30.0,BASELINE_HISTORICAL_CALIBRATION,140.0,20.0
OBS_000579,10:59:00,17340.0,12004,ROUTE_NDLS_LKO_01,SYNTHETIC_SIMULATOR,OK,26.957242,78.697252,262.483,123.5,34.31,123.5,0.0,980.7,130.0,,784.23,SEC_TDL_ETW,,TDL,ETW,38.517,249.517,CRUISING,,,,,89.85,,,GREEN,LOW,False,,False,,JRN_NDLS_LKO_01_20260902_184646,0.2483,0.0,0.95,0.4541,1.0,NONE,NONE,,18.7,121.2,10:59:00,30.0,BASELINE_HISTORICAL_CALIBRATION,139.5,19.5
OBS_000580,10:59:30,17370.0,12004,ROUTE_NDLS_LKO_01,SYNTHETIC_SIMULATOR,OK,26.952421,78.706082,263.512,123.5,34.31,123.5,0.0,980.7,130.0,,773.96,SEC_TDL_ETW,,TDL,ETW,37.488,248.488,CRUISING,,,,,89.56,,,GREEN,LOW,False,,False,,JRN_NDLS_LKO_01_20260902_184646,0.2483,0.0,0.95,0.4541,1.0,NONE,NONE,,18.2,120.7,10:59:30,30.0,BASELINE_HISTORICAL_CALIBRATION,139.0,19.0
OBS_000581,11:00:00,17400.0,12004,ROUTE_NDLS_LKO_01,SYNTHETIC_SIMULATOR,OK,26.947599,78.714911,264.542,123.5,34.31,123.5,0.0,980.7,130.0,,763.55,SEC_TDL_ETW,,TDL,ETW,36.458,247.458,CRUISING,,,,,89.28,,,GREEN,LOW,False,,False,,JRN_NDLS_LKO_01_20260902_184646,0.2472,0.0,0.95,0.4541,0.92,NONE,NONE,,17.7,120.2,11:00:00,30.0,BASELINE_HISTORICAL_CALIBRATION,138.5,18.5
OBS_000582,11:00:30,17430.0,12004,ROUTE_NDLS_LKO_01,SYNTHETIC_SIMULATOR,OK,26.942778,78.723741,265.571,123.5,34.31,123.5,0.0,980.7,130.0,,752.99,SEC_TDL_ETW,,TDL,ETW,35.429,246.429,CRUISING,,,,,88.99,,,GREEN,LOW,False,,False,,JRN_NDLS_LKO_01_20260902_184646,0.2472,0.0,0.95,0.4541,0.92,NONE,NONE,,17.2,119.7,11:00:30,30.0,BASELINE_HISTORICAL_CALIBRATION,138.0,18.0
OBS_000583,11:01:00,17460.0,12004,ROUTE_NDLS_LKO_01,SYNTHETIC_SIMULATOR,OK,26.937957,78.73257,266.6,123.5,34.31,123.5,0.0,980.7,130.0,,742.29,SEC_TDL_ETW,,TDL,ETW,34.4,245.4,CRUISING,,,,,88.71,,,GREEN,LOW,False,,False,,JRN_NDLS_LKO_01_20260902_184646,0.2472,0.0,0.95,0.4541,0.92,NONE,NONE,,16.7,119.2,11:01:00,30.0,BASELINE_HISTORICAL_CALIBRATION,137.5,17.5
OBS_000584,11:01:30,17490.0,12004,ROUTE_NDLS_LKO_01,SYNTHETIC_SIMULATOR,OK,26.933135,78.7414,267.629,123.5,34.31,123.5,0.0,980.7,130.0,,731.43,SEC_TDL_ETW,,TDL,ETW,33.371,244.371,CRUISING,,,,,88.43,,,GREEN,LOW,False,,False,,JRN_NDLS_LKO_01_20260902_184646,0.2472,0.0,0.95,0.4541,0.92,NONE,NONE,,16.2,118.7,11:01:30,30.0,BASELINE_HISTORICAL_CALIBRATION,137.0,17.0
OBS_000585,11:02:00,17520.0,12004,ROUTE_NDLS_LKO_01,SYNTHETIC_SIMULATOR,OK,26.928314,78.75023,268.658,123.5,34.31,123.5,0.0,980.7,130.0,,720.4,SEC_TDL_ETW,,TDL,ETW,32.342,243.342,CRUISING,,,,,88.14,,,GREEN,LOW,False,,False,,JRN_NDLS_LKO_01_20260902_184646,0.2472,0.0,0.95,0.4541,0.92,NONE,NONE,,15.7,118.2,11:02:00,30.0,BASELINE_HISTORICAL_CALIBRATION,136.5,16.5
OBS_000586,11:02:30,17550.0,12004,ROUTE_NDLS_LKO_01,SYNTHETIC_SIMULATOR,OK,26.923492,78.759059,269.687,123.5,34.31,123.5,0.0,980.7,130.0,,709.21,SEC_TDL_ETW,,TDL,ETW,31.313,242.313,CRUISING,,,,,87.86,,,GREEN,LOW,False,,False,,JRN_NDLS_LKO_01_20260902_184646,0.2472,0.0,0.95,0.4541,0.92,NONE,NONE,,15.2,117.7,11:02:30,30.0,BASELINE_HISTORICAL_CALIBRATION,136.0,16.0
OBS_000587,11:03:00,17580.0,12004,ROUTE_NDLS_LKO_01,SYNTHETIC_SIMULATOR,OK,26.918671,78.767889,270.717,123.5,34.31,123.5,0.0,980.7,130.0,,697.83,SEC_TDL_ETW,,TDL,ETW,30.283,241.283,CRUISING,,,,,87.57,,,GREEN,LOW,False,,False,,JRN_NDLS_LKO_01_20260902_184646,0.2472,0.0,0.95,0.4541,0.92,NONE,NONE,,14.7,117.2,11:03:00,30.0,BASELINE_HISTORICAL_CALIBRATION,135.5,15.5
OBS_000588,11:03:30,17610.0,12004,ROUTE_NDLS_LKO_01,SYNTHETIC_SIMULATOR,OK,26.913849,78.776718,271.746,123.5,34.31,123.5,0.0,980.7,130.0,,686.27,SEC_TDL_ETW,,TDL,ETW,29.254,240.254,CRUISING,,,,,87.29,,,GREEN,LOW,False,,False,,JRN_NDLS_LKO_01_20260902_184646,0.2472,0.0,0.95,0.4541,0.92,NONE,NONE,,14.2,116.7,11:03:30,30.0,BASELINE_HISTORICAL_CALIBRATION,135.0,15.0
OBS_000589,11:04:00,17640.0,12004,ROUTE_NDLS_LKO_01,SYNTHETIC_SIMULATOR,OK,26.909028,78.785548,272.775,123.5,34.31,123.5,0.0,980.7,130.0,,674.51,SEC_TDL_ETW,,TDL,ETW,28.225,239.225,CRUISING,,,,,87.01,,,GREEN,LOW,False,,False,,JRN_NDLS_LKO_01_20260902_184646,0.2472,0.0,0.95,0.4541,0.92,NONE,NONE,,13.7,116.2,11:04:00,30.0,BASELINE_HISTORICAL_CALIBRATION,134.5,14.5
OBS_000590,11:04:30,17670.0,12004,ROUTE_NDLS_LKO_01,SYNTHETIC_SIMULATOR,OK,26.904207,78.794377,273.804,123.5,34.31,123.5,0.0,980.7,130.0,,662.54,SEC_TDL_ETW,,TDL,ETW,27.196,238.196,CRUISING,,,,,86.72,,,GREEN,LOW,False,,False,,JRN_NDLS_LKO_01_20260902_184646,0.2472,0.0,0.95,0.4541,0.92,NONE,NONE,,13.2,115.7,11:04:30,30.0,BASELINE_HISTORICAL_CALIBRATION,134.0,14.0
OBS_000591,11:05:00,17700.0,12004,ROUTE_NDLS_LKO_01,SYNTHETIC_SIMULATOR,OK,26.899385,78.803207,274.833,123.5,34.31,123.5,0.0,980.7,130.0,,650.35,SEC_TDL_ETW,,TDL,ETW,26.167,237.167,CRUISING,,,,,86.44,,,GREEN,LOW,False,,False,,JRN_NDLS_LKO_01_20260902_184646,0.2472,0.0,0.95,0.4541,0.92,NONE,NONE,,12.7,115.2,11:05:00,30.0,BASELINE_HISTORICAL_CALIBRATION,133.5,13.5
OBS_000592,11:05:30,17730.0,12004,ROUTE_NDLS_LKO_01,SYNTHETIC_SIMULATOR,OK,26.894564,78.812037,275.862,123.5,34.31,123.5,0.0,980.7,130.0,,637.92,SEC_TDL_ETW,,TDL,ETW,25.138,236.138,CRUISING,,,,,86.15,,,GREEN,LOW,False,,False,,JRN_NDLS_LKO_01_20260902_184646,0.2472,0.0,0.95,0.4541,0.92,NONE,NONE,,12.2,114.7,11:05:30,30.0,BASELINE_HISTORICAL_CALIBRATION,133.0,13.0
OBS_000593,11:06:00,17760.0,12004,ROUTE_NDLS_LKO_01,SYNTHETIC_SIMULATOR,OK,26.889742,78.820866,276.892,123.5,34.31,123.5,0.0,980.7,130.0,,625.25,SEC_TDL_ETW,,TDL,ETW,24.108,235.108,CRUISING,,,,,85.87,,,GREEN,LOW,False,,False,,JRN_NDLS_LKO_01_20260902_184646,0.2472,0.0,0.95,0.4541,0.92,NONE,NONE,,11.7,114.2,11:06:00,30.0,BASELINE_HISTORICAL_CALIBRATION,132.5,12.5
OBS_000594,11:06:30,17790.0,12004,ROUTE_NDLS_LKO_01,SYNTHETIC_SIMULATOR,OK,26.884921,78.829696,277.921,123.5,34.31,123.5,0.0,980.7,130.0,,612.32,SEC_TDL_ETW,,TDL,ETW,23.079,234.079,CRUISING,,,,,85.59,,,GREEN,LOW,False,,False,,JRN_NDLS_LKO_01_20260902_184646,0.2472,0.0,0.95,0.4541,0.92,NONE,NONE,,11.2,113.7,11:06:30,30.0,BASELINE_HISTORICAL_CALIBRATION,132.0,12.0
OBS_000595,11:07:00,17820.0,12004,ROUTE_NDLS_LKO_01,SYNTHETIC_SIMULATOR,OK,26.880099,78.838525,278.95,123.5,34.31,123.5,0.0,980.7,130.0,,599.11,SEC_TDL_ETW,,TDL,ETW,22.05,233.05,CRUISING,,,,,85.3,,,GREEN,LOW,False,,False,,JRN_NDLS_LKO_01_20260902_184646,0.2472,0.0,0.95,0.4541,0.92,NONE,NONE,,10.7,113.2,11:07:00,30.0,BASELINE_HISTORICAL_CALIBRATION,131.5,11.5
OBS_000596,11:07:30,17850.0,12004,ROUTE_NDLS_LKO_01,SYNTHETIC_SIMULATOR,OK,26.875278,78.847355,279.979,123.5,34.31,123.5,0.0,980.7,130.0,,585.6,SEC_TDL_ETW,,TDL,ETW,21.021,232.021,CRUISING,,,,,85.02,,,GREEN,LOW,False,,False,,JRN_NDLS_LKO_01_20260902_184646,0.2472,0.0,0.95,0.4541,0.92,NONE,NONE,,10.2,112.7,11:07:30,30.0,BASELINE_HISTORICAL_CALIBRATION,131.0,11.0
OBS_000597,11:08:00,17880.0,12004,ROUTE_NDLS_LKO_01,SYNTHETIC_SIMULATOR,OK,26.870457,78.856185,281.008,123.5,34.31,123.5,0.0,980.7,130.0,,571.77,SEC_TDL_ETW,,TDL,ETW,19.992,230.992,CRUISING,,,,,84.73,,,GREEN,LOW,False,,False,,JRN_NDLS_LKO_01_20260902_184646,0.2472,0.0,0.95,0.4541,0.92,NONE,NONE,,9.7,112.2,11:08:00,30.0,BASELINE_HISTORICAL_CALIBRATION,130.5,10.5
OBS_000598,11:08:30,17910.0,12004,ROUTE_NDLS_LKO_01,SYNTHETIC_SIMULATOR,OK,26.865635,78.865014,282.037,123.5,34.31,123.5,0.0,980.7,130.0,,557.59,SEC_TDL_ETW,,TDL,ETW,18.963,229.963,CRUISING,,,,,84.45,,,GREEN,LOW,False,,False,,JRN_NDLS_LKO_01_20260902_184646,0.2472,0.0,0.95,0.4541,0.92,NONE,NONE,,9.2,111.7,11:08:30,30.0,BASELINE_HISTORICAL_CALIBRATION,130.0,10.0
OBS_000599,11:09:00,17940.0,12004,ROUTE_NDLS_LKO_01,SYNTHETIC_SIMULATOR,OK,26.860814,78.873844,283.067,123.5,34.31,123.5,0.0,980.7,130.0,,543.05,SEC_TDL_ETW,,TDL,ETW,17.933,228.933,CRUISING,,,,,84.17,,,GREEN,LOW,False,,False,,JRN_NDLS_LKO_01_20260902_184646,0.2472,0.0,0.95,0.4541,0.92,NONE,NONE,,8.7,111.2,11:09:00,30.0,BASELINE_HISTORICAL_CALIBRATION,129.5,9.5
OBS_000600,11:09:30,17970.0,12004,ROUTE_NDLS_LKO_01,SYNTHETIC_SIMULATOR,OK,26.855992,78.882673,284.096,123.5,34.31,123.5,0.0,980.7,130.0,,528.11,SEC_TDL_ETW,,TDL,ETW,16.904,227.904,CRUISING,,,,,83.88,,,GREEN,LOW,False,,False,,JRN_NDLS_LKO_01_20260902_184646,0.2472,0.0,0.95,0.4541,0.92,NONE,NONE,,8.2,110.7,11:09:30,30.0,BASELINE_HISTORICAL_CALIBRATION,129.0,9.0
OBS_000601,11:10:00,18000.0,12004,ROUTE_NDLS_LKO_01,SYNTHETIC_SIMULATOR,OK,26.851171,78.891503,285.125,123.5,34.31,123.5,0.0,980.7,130.0,,512.73,SEC_TDL_ETW,,TDL,ETW,15.875,226.875,CRUISING,,,,,83.6,,,GREEN,LOW,False,,False,,JRN_NDLS_LKO_01_20260902_184646,0.2472,0.0,0.95,0.4541,0.92,NONE,NONE,,7.7,110.2,11:10:00,30.0,BASELINE_HISTORICAL_CALIBRATION,128.5,8.5
OBS_000602,11:10:30,18030.0,12004,ROUTE_NDLS_LKO_01,SYNTHETIC_SIMULATOR,OK,26.84635,78.900332,286.154,123.5,34.31,123.5,0.0,980.7,130.0,,496.88,SEC_TDL_ETW,,TDL,ETW,14.846,225.846,CRUISING,,,,,83.31,,,GREEN,LOW,False,,False,,JRN_NDLS_LKO_01_20260902_184646,0.2472,0.0,0.95,0.4541,0.92,NONE,NONE,,7.2,109.7,11:10:30,30.0,BASELINE_HISTORICAL_CALIBRATION,128.0,8.0
OBS_000603,11:11:00,18060.0,12004,ROUTE_NDLS_LKO_01,SYNTHETIC_SIMULATOR,OK,26.841528,78.909162,287.183,123.5,34.31,123.5,0.0,980.7,130.0,,480.5,SEC_TDL_ETW,,TDL,ETW,13.817,224.817,CRUISING,,,,,83.03,,,GREEN,LOW,False,,False,,JRN_NDLS_LKO_01_20260902_184646,0.2472,0.0,0.95,0.4541,0.92,NONE,NONE,,6.7,109.2,11:11:00,30.0,BASELINE_HISTORICAL_CALIBRATION,127.5,7.5
OBS_000604,11:11:30,18090.0,12004,ROUTE_NDLS_LKO_01,SYNTHETIC_SIMULATOR,OK,26.836707,78.917992,288.212,123.5,34.31,123.5,0.0,980.7,130.0,,463.55,SEC_TDL_ETW,,TDL,ETW,12.788,223.788,CRUISING,,,,,82.75,,,GREEN,LOW,False,,False,,JRN_NDLS_LKO_01_20260902_184646,0.2472,0.0,0.95,0.4541,0.92,NONE,NONE,,6.2,108.7,11:11:30,30.0,BASELINE_HISTORICAL_CALIBRATION,127.0,7.0
OBS_000605,11:12:00,18120.0,12004,ROUTE_NDLS_LKO_01,SYNTHETIC_SIMULATOR,OK,26.831885,78.926821,289.242,123.5,34.31,123.5,0.0,980.7,130.0,,445.95,SEC_TDL_ETW,,TDL,ETW,11.758,222.758,CRUISING,,,,,82.46,,,GREEN,LOW,False,,False,,JRN_NDLS_LKO_01_20260902_184646,0.2472,0.0,0.95,0.4541,0.92,NONE,NONE,,5.7,108.2,11:12:00,30.0,BASELINE_HISTORICAL_CALIBRATION,126.5,6.5
OBS_000606,11:12:30,18150.0,12004,ROUTE_NDLS_LKO_01,SYNTHETIC_SIMULATOR,OK,26.827064,78.935651,290.271,123.5,34.31,123.5,0.0,980.7,130.0,,427.63,SEC_TDL_ETW,,TDL,ETW,10.729,221.729,CRUISING,,,,,82.18,,,GREEN,LOW,False,,False,,JRN_NDLS_LKO_01_20260902_184646,0.2472,0.0,0.95,0.4541,0.92,NONE,NONE,,5.2,107.7,11:12:30,30.0,BASELINE_HISTORICAL_CALIBRATION,126.0,6.0
OBS_000607,11:13:00,18180.0,12004,ROUTE_NDLS_LKO_01,SYNTHETIC_SIMULATOR,OK,26.822242,78.94448,291.3,123.5,34.31,123.5,0.0,980.7,130.0,,408.49,SEC_TDL_ETW,,TDL,ETW,9.7,220.7,CRUISING,,,,,81.9,,,GREEN,LOW,False,,False,,JRN_NDLS_LKO_01_20260902_184646,0.2472,0.0,0.95,0.4541,0.92,NONE,NONE,,4.7,107.2,11:13:00,30.0,BASELINE_HISTORICAL_CALIBRATION,125.5,5.5
OBS_000608,11:13:30,18210.0,12004,ROUTE_NDLS_LKO_01,SYNTHETIC_SIMULATOR,OK,26.817421,78.95331,292.329,123.5,34.31,123.5,0.0,980.7,130.0,,388.4,SEC_TDL_ETW,,TDL,ETW,8.671,219.671,CRUISING,,,,,81.61,,,GREEN,LOW,False,,False,,JRN_NDLS_LKO_01_20260902_184646,0.2472,0.0,0.95,0.4541,0.92,NONE,NONE,,4.2,106.7,11:13:30,30.0,BASELINE_HISTORICAL_CALIBRATION,125.0,5.0
OBS_000609,11:14:00,18240.0,12004,ROUTE_NDLS_LKO_01,SYNTHETIC_SIMULATOR,OK,26.8126,78.962139,293.358,123.5,34.31,123.5,0.0,980.7,130.0,,367.22,SEC_TDL_ETW,,TDL,ETW,7.642,218.642,CRUISING,,,,,81.33,,,GREEN,LOW,False,,False,,JRN_NDLS_LKO_01_20260902_184646,0.2472,0.0,0.95,0.4541,0.92,NONE,NONE,,3.7,106.2,11:14:00,30.0,BASELINE_HISTORICAL_CALIBRATION,124.5,4.5
OBS_000610,11:14:30,18270.0,12004,ROUTE_NDLS_LKO_01,SYNTHETIC_SIMULATOR,OK,26.807778,78.970969,294.388,123.5,34.31,123.5,0.0,980.7,130.0,,344.74,SEC_TDL_ETW,,TDL,ETW,6.612,217.612,CRUISING,,,,,81.04,,,GREEN,LOW,False,,False,,JRN_NDLS_LKO_01_20260902_184646,0.2472,0.0,0.95,0.4541,0.92,NONE,NONE,,3.2,105.7,11:14:30,30.0,BASELINE_HISTORICAL_CALIBRATION,124.0,4.0
OBS_000611,11:15:00,18300.0,12004,ROUTE_NDLS_LKO_01,SYNTHETIC_SIMULATOR,OK,26.802957,78.979799,295.417,123.5,34.31,123.5,0.0,980.7,130.0,,320.68,SEC_TDL_ETW,,TDL,ETW,5.583,216.583,CRUISING,,,,,80.76,,,GREEN,LOW,False,,False,,JRN_NDLS_LKO_01_20260902_184646,0.2472,0.0,0.95,0.4541,0.92,NONE,NONE,,2.7,105.2,11:15:00,30.0,BASELINE_HISTORICAL_CALIBRATION,123.5,3.5
OBS_000612,11:15:30,18330.0,12004,ROUTE_NDLS_LKO_01,SYNTHETIC_SIMULATOR,OK,26.798135,78.988628,296.446,123.5,34.31,123.5,0.0,980.7,130.0,,294.67,SEC_TDL_ETW,,TDL,ETW,4.554,215.554,CRUISING,,,,,80.48,,,GREEN,LOW,False,,False,,JRN_NDLS_LKO_01_20260902_184646,0.2472,0.0,0.95,0.4541,0.92,NONE,NONE,,2.2,104.7,11:15:30,30.0,BASELINE_HISTORICAL_CALIBRATION,123.0,3.0
OBS_000613,11:16:00,18360.0,12004,ROUTE_NDLS_LKO_01,SYNTHETIC_SIMULATOR,OK,26.793314,78.997458,297.475,123.5,34.31,123.5,0.0,980.7,130.0,,266.13,SEC_TDL_ETW,,TDL,ETW,3.525,214.525,CRUISING,,,,,80.19,,,GREEN,LOW,False,,False,,JRN_NDLS_LKO_01_20260902_184646,0.2472,0.0,0.95,0.4541,0.92,NONE,NONE,,1.7,104.2,11:16:00,30.0,BASELINE_HISTORICAL_CALIBRATION,122.5,2.5
OBS_000614,11:16:30,18390.0,12004,ROUTE_NDLS_LKO_01,SYNTHETIC_SIMULATOR,OK,26.788492,79.006287,298.504,123.5,34.31,123.5,0.0,980.7,130.0,,234.14,SEC_TDL_ETW,,TDL,ETW,2.496,213.496,CRUISING,,,,,79.91,,,GREEN,LOW,False,,False,,JRN_NDLS_LKO_01_20260902_184646,0.2472,0.0,0.95,0.4541,0.92,NONE,NONE,,1.2,103.7,11:16:30,30.0,BASELINE_HISTORICAL_CALIBRATION,122.0,2.0
OBS_000615,11:17:00,18420.0,12004,ROUTE_NDLS_LKO_01,SYNTHETIC_SIMULATOR,OK,26.783671,79.015117,299.533,123.5,34.31,123.5,0.0,980.7,130.0,,197.02,SEC_TDL_ETW,,TDL,ETW,1.467,212.467,CRUISING,,,,,79.62,,,GREEN,LOW,False,,False,,JRN_NDLS_LKO_01_20260902_184646,0.2472,0.0,0.95,0.4541,0.92,NONE,NONE,,0.7,103.2,11:17:00,30.0,BASELINE_HISTORICAL_CALIBRATION,121.5,1.5
OBS_000616,11:17:30,18450.0,12004,ROUTE_NDLS_LKO_01,SYNTHETIC_SIMULATOR,OK,26.77885,79.023947,300.563,123.5,34.31,123.5,0.0,980.7,130.0,,151.03,SEC_TDL_ETW,,TDL,ETW,0.437,211.437,CRUISING,,,,,79.34,,,GREEN,LOW,False,,False,,JRN_NDLS_LKO_01_20260902_184646,0.2472,0.0,0.95,0.4541,0.92,NONE,NONE,,0.2,102.7,11:17:30,30.0,BASELINE_HISTORICAL_CALIBRATION,121.0,1.0
OBS_000617,11:18:00,18480.0,12004,ROUTE_NDLS_LKO_01,SYNTHETIC_SIMULATOR,OK,26.777823,79.025827,300.782,58.7,16.31,82.49,-0.6,221.6,130.0,,82.49,SEC_TDL_ETW,,TDL,ETW,0.218,211.218,DECELERATING,,,,,79.06,,,GREEN,LOW,False,,False,,JRN_NDLS_LKO_01_20260902_184646,0.2472,0.0,0.95,0.4541,0.92,NONE,NONE,,0.2,215.9,11:18:00,30.0,BASELINE_HISTORICAL_CALIBRATION,120.5,0.5
OBS_000618,11:18:30,18510.0,12004,ROUTE_NDLS_LKO_01,SYNTHETIC_SIMULATOR,OK,26.7768,79.0277,301.0,0.0,0.0,58.27,0.0,0.0,130.0,,58.27,SEC_TDL_ETW,ETW,ETW,CNB,139.0,211.0,DWELLING,ARRIVED,11:18:30,,,79.39,,,GREEN,LOW,False,,False,,JRN_NDLS_LKO_01_20260902_184646,0.2472,0.0,0.95,0.4541,0.92,NONE,NONE,,333.6,506.4,11:18:30,30.0,BASELINE_HISTORICAL_CALIBRATION,120.0,73.5
OBS_000619,11:19:00,18540.0,12004,ROUTE_NDLS_LKO_01,SYNTHETIC_SIMULATOR,OK,26.7768,79.0277,301.0,0.0,0.0,0.0,0.0,0.0,130.0,,0.0,SEC_ETW_CNB,ETW,ETW,CNB,139.0,211.0,DWELLING,,,,,79.72,,,GREEN,LOW,False,,False,EVT_LKO_001,JRN_NDLS_LKO_01_20260902_184646,0.2472,0.0,0.95,0.4541,0.92,NONE,NONE,,333.6,506.4,11:19:00,30.0,BASELINE_HISTORICAL_CALIBRATION,119.5,73.0
OBS_000620,11:19:30,18570.0,12004,ROUTE_NDLS_LKO_01,SYNTHETIC_SIMULATOR,OK,26.7768,79.0277,301.0,0.0,0.0,0.0,0.0,0.0,130.0,,0.0,SEC_ETW_CNB,ETW,ETW,CNB,139.0,211.0,DWELLING,,,,,80.22,,,GREEN,LOW,False,,False,EVT_LKO_001,JRN_NDLS_LKO_01_20260902_184646,0.2472,0.0,0.95,0.4541,0.92,NONE,NONE,,333.6,506.4,11:19:30,30.0,BASELINE_HISTORICAL_CALIBRATION,119.0,72.5
OBS_000621,11:20:00,18600.0,12004,ROUTE_NDLS_LKO_01,SYNTHETIC_SIMULATOR,OK,26.7768,79.0277,301.0,0.0,0.0,0.0,0.0,0.0,130.0,,0.0,SEC_ETW_CNB,ETW,ETW,CNB,139.0,211.0,DWELLING,,,,,80.72,,,GREEN,LOW,False,,False,EVT_LKO_001,JRN_NDLS_LKO_01_20260902_184646,0.2472,0.0,0.95,0.4541,0.92,NONE,NONE,,333.6,506.4,11:20:00,30.0,BASELINE_HISTORICAL_CALIBRATION,118.5,72.0
OBS_000622,11:20:30,18630.0,12004,ROUTE_NDLS_LKO_01,SYNTHETIC_SIMULATOR,OK,26.7768,79.0277,301.423,23.75,6.6,23.75,0.5,36.3,130.0,,1470.28,SEC_ETW_CNB,ETW,ETW,CNB,138.577,210.577,ACCELERATING,DEPARTED,,11:20:30,2,81.22,,,GREEN,LOW,False,,False,EVT_LKO_001,JRN_NDLS_LKO_01_20260902_184646,0.2472,0.0,0.95,0.4541,0.92,NONE,NONE,,332.6,505.4,11:20:30,30.0,BASELINE_HISTORICAL_CALIBRATION,118.0,71.5
OBS_000623,11:21:00,18660.0,12004,ROUTE_NDLS_LKO_01,SYNTHETIC_SIMULATOR,OK,26.775358,79.033609,301.621,23.75,6.6,23.75,0.0,36.3,130.0,,1468.04,SEC_ETW_CNB,,ETW,CNB,138.379,210.379,CRUISING,,,,,81.4,,,GREEN,LOW,False,,False,EVT_LKO_001,JRN_NDLS_LKO_01_20260902_184646,0.2472,0.0,0.95,0.4541,0.92,NONE,NONE,,332.1,504.9,11:21:00,30.0,BASELINE_HISTORICAL_CALIBRATION,117.5,71.0
OBS_000624,11:21:30,18690.0,12004,ROUTE_NDLS_LKO_01,SYNTHETIC_SIMULATOR,OK,26.774898,79.035493,301.819,23.75,6.6,23.75,0.0,36.3,130.0,,1466.99,SEC_ETW_CNB,,ETW,CNB,138.181,210.181,CRUISING,,,,,81.75,,,GREEN,LOW,False,,False,EVT_LKO_001,JRN_NDLS_LKO_01_20260902_184646,0.2472,0.0,0.95,0.4541,0.92,NONE,NONE,,331.6,504.4,11:21:30,30.0,BASELINE_HISTORICAL_CALIBRATION,117.0,70.5
OBS_000625,11:22:00,18720.0,12004,ROUTE_NDLS_LKO_01,SYNTHETIC_SIMULATOR,OK,26.774438,79.037377,302.017,23.75,6.6,23.75,0.0,36.3,130.0,,1465.95,SEC_ETW_CNB,,ETW,CNB,137.983,209.983,CRUISING,,,,,82.1,,,GREEN,LOW,False,,False,EVT_LKO_001,JRN_NDLS_LKO_01_20260902_184646,0.2472,0.0,0.95,0.4541,0.92,NONE,NONE,,331.2,504.0,11:22:00,30.0,BASELINE_HISTORICAL_CALIBRATION,116.5,70.0
OBS_000626,11:22:30,18750.0,12004,ROUTE_NDLS_LKO_01,SYNTHETIC_SIMULATOR,OK,26.773978,79.03926,302.215,23.75,6.6,23.75,0.0,36.3,130.0,,1464.89,SEC_ETW_CNB,,ETW,CNB,137.785,209.785,CRUISING,,,,,82.45,,,GREEN,LOW,False,,False,EVT_LKO_001,JRN_NDLS_LKO_01_20260902_184646,0.2472,0.0,0.95,0.4541,0.92,NONE,NONE,,330.7,503.5,11:22:30,30.0,BASELINE_HISTORICAL_CALIBRATION,116.0,69.5
OBS_000627,11:23:00,18780.0,12004,ROUTE_NDLS_LKO_01,SYNTHETIC_SIMULATOR,OK,26.773519,79.041144,302.413,23.75,6.6,23.75,0.0,36.3,130.0,,1463.84,SEC_ETW_CNB,,ETW,CNB,137.587,209.587,CRUISING,,,,,82.8,,,GREEN,LOW,False,,False,EVT_LKO_001,JRN_NDLS_LKO_01_20260902_184646,0.2472,0.0,0.95,0.4541,0.92,NONE,NONE,,330.2,503.0,11:23:00,30.0,BASELINE_HISTORICAL_CALIBRATION,115.5,69.0
OBS_000628,11:23:30,18810.0,12004,ROUTE_NDLS_LKO_01,SYNTHETIC_SIMULATOR,OK,26.773059,79.043028,302.61,23.75,6.6,23.75,0.0,36.3,130.0,,1462.79,SEC_ETW_CNB,,ETW,CNB,137.39,209.39,CRUISING,,,,,83.15,,,GREEN,LOW,False,,False,EVT_LKO_001,JRN_NDLS_LKO_01_20260902_184646,0.2472,0.0,0.95,0.4541,0.92,NONE,NONE,,329.7,502.5,11:23:30,30.0,BASELINE_HISTORICAL_CALIBRATION,115.0,68.5
OBS_000629,11:24:00,18840.0,12004,ROUTE_NDLS_LKO_01,SYNTHETIC_SIMULATOR,OK,26.772599,79.044912,302.808,23.75,6.6,23.75,0.0,36.3,130.0,,1461.74,SEC_ETW_CNB,,ETW,CNB,137.192,209.192,CRUISING,,,,,83.5,,,GREEN,LOW,False,,False,EVT_LKO_001,JRN_NDLS_LKO_01_20260902_184646,0.2472,0.0,0.95,0.4541,0.92,NONE,NONE,,329.3,502.1,11:24:00,30.0,BASELINE_HISTORICAL_CALIBRATION,114.5,68.0
OBS_000630,11:24:30,18870.0,12004,ROUTE_NDLS_LKO_01,SYNTHETIC_SIMULATOR,OK,26.772139,79.046795,303.006,23.75,6.6,23.75,0.0,36.3,130.0,,1460.69,SEC_ETW_CNB,,ETW,CNB,136.994,208.994,CRUISING,,,,,83.85,,,GREEN,LOW,False,,False,EVT_LKO_001,JRN_NDLS_LKO_01_20260902_184646,0.2472,0.0,0.95,0.4541,0.92,NONE,NONE,,328.8,501.6,11:24:30,30.0,BASELINE_HISTORICAL_CALIBRATION,114.0,67.5
OBS_000631,11:25:00,18900.0,12004,ROUTE_NDLS_LKO_01,SYNTHETIC_SIMULATOR,OK,26.77168,79.048679,303.204,23.75,6.6,23.75,0.0,36.3,130.0,,1459.63,SEC_ETW_CNB,,ETW,CNB,136.796,208.796,CRUISING,,,,,84.19,,,GREEN,LOW,False,,False,EVT_LKO_001,JRN_NDLS_LKO_01_20260902_184646,0.2472,0.0,0.95,0.4541,0.92,NONE,NONE,,328.3,501.1,11:25:00,30.0,BASELINE_HISTORICAL_CALIBRATION,113.5,67.0
OBS_000632,11:25:30,18930.0,12004,ROUTE_NDLS_LKO_01,SYNTHETIC_SIMULATOR,OK,26.769652,79.056988,304.077,77.75,21.6,123.5,0.5,388.7,130.0,,1458.58,SEC_ETW_CNB,,ETW,CNB,135.923,207.923,ACCELERATING,,,,,84.54,,,GREEN,LOW,False,,False,,JRN_NDLS_LKO_01_20260902_184646,0.2472,0.0,0.95,0.4541,0.92,NONE,NONE,,104.9,160.5,11:25:30,30.0,BASELINE_HISTORICAL_CALIBRATION,113.0,66.5
OBS_000633,11:26:00,18960.0,12004,ROUTE_NDLS_LKO_01,SYNTHETIC_SIMULATOR,OK,26.766738,79.068925,305.331,123.5,34.31,123.5,0.5,980.7,130.0,,1453.92,SEC_ETW_CNB,,ETW,CNB,134.669,206.669,ACCELERATING,,,,,84.38,,,GREEN,LOW,False,,False,,JRN_NDLS_LKO_01_20260902_184646,0.2472,0.0,0.95,0.4541,0.92,NONE,NONE,,65.4,100.4,11:26:00,30.0,BASELINE_HISTORICAL_CALIBRATION,112.5,66.0
OBS_000634,11:26:30,18990.0,12004,ROUTE_NDLS_LKO_01,SYNTHETIC_SIMULATOR,OK,26.764348,79.07872,306.36,123.5,34.31,123.5,0.0,980.7,130.0,,1447.19,SEC_ETW_CNB,,ETW,CNB,133.64,205.64,CRUISING,,,,,83.92,,,GREEN,LOW,False,,False,,JRN_NDLS_LKO_01_20260902_184646,0.2472,0.0,0.95,0.4541,0.92,NONE,NONE,,64.9,99.9,11:26:30,30.0,BASELINE_HISTORICAL_CALIBRATION,112.0,65.5
OBS_000635,11:27:00,19020.0,12004,ROUTE_NDLS_LKO_01,SYNTHETIC_SIMULATOR,OK,26.761957,79.088516,307.39,123.5,34.31,123.5,0.0,980.7,130.0,,1441.65,SEC_ETW_CNB,,ETW,CNB,132.61,204.61,CRUISING,,,,,83.64,,,GREEN,LOW,False,,False,,JRN_NDLS_LKO_01_20260902_184646,0.2472,0.0,0.95,0.4541,0.92,NONE,NONE,,64.4,99.4,11:27:00,30.0,BASELINE_HISTORICAL_CALIBRATION,111.5,65.0
OBS_000636,11:27:30,19050.0,12004,ROUTE_NDLS_LKO_01,SYNTHETIC_SIMULATOR,OK,26.759566,79.098312,308.419,123.5,34.31,123.5,0.0,980.7,130.0,,1436.09,SEC_ETW_CNB,,ETW,CNB,131.581,203.581,CRUISING,,,,,83.36,,,GREEN,LOW,False,,False,,JRN_NDLS_LKO_01_20260902_184646,0.2472,0.0,0.95,0.4541,0.92,NONE,NONE,,63.9,98.9,11:27:30,30.0,BASELINE_HISTORICAL_CALIBRATION,111.0,64.5
OBS_000637,11:28:00,19080.0,12004,ROUTE_NDLS_LKO_01,SYNTHETIC_SIMULATOR,OK,26.757175,79.108107,309.448,123.5,34.31,123.5,0.0,980.7,130.0,,1430.51,SEC_ETW_CNB,,ETW,CNB,130.552,202.552,CRUISING,,,,,83.07,,,GREEN,LOW,False,,False,,JRN_NDLS_LKO_01_20260902_184646,0.2472,0.0,0.95,0.4541,0.92,NONE,NONE,,63.4,98.4,11:28:00,30.0,BASELINE_HISTORICAL_CALIBRATION,110.5,64.0
OBS_000638,11:28:30,19110.0,12004,ROUTE_NDLS_LKO_01,SYNTHETIC_SIMULATOR,OK,26.754785,79.117903,310.477,123.5,34.31,123.5,0.0,980.7,130.0,,1424.9,SEC_ETW_CNB,,ETW,CNB,129.523,201.523,CRUISING,,,,,82.79,,,GREEN,LOW,False,,False,,JRN_NDLS_LKO_01_20260902_184646,0.2472,0.0,0.95,0.4541,0.92,NONE,NONE,,62.9,97.9,11:28:30,30.0,BASELINE_HISTORICAL_CALIBRATION,110.0,63.5
OBS_000639,11:29:00,19140.0,12004,ROUTE_NDLS_LKO_01,SYNTHETIC_SIMULATOR,OK,26.752394,79.127698,311.506,123.5,34.31,123.5,0.0,980.7,130.0,,1419.27,SEC_ETW_CNB,,ETW,CNB,128.494,200.494,CRUISING,,,,,82.5,,,GREEN,LOW,False,,False,,JRN_NDLS_LKO_01_20260902_184646,0.2472,0.0,0.95,0.4541,0.92,NONE,NONE,,62.4,97.4,11:29:00,30.0,BASELINE_HISTORICAL_CALIBRATION,109.5,63.0
OBS_000640,11:29:30,19170.0,12004,ROUTE_NDLS_LKO_01,SYNTHETIC_SIMULATOR,OK,26.750003,79.137494,312.535,123.5,34.31,123.5,0.0,980.7,130.0,,1413.62,SEC_ETW_CNB,,ETW,CNB,127.465,199.465,CRUISING,,,,,82.22,,,GREEN,LOW,False,,False,,JRN_NDLS_LKO_01_20260902_184646,0.2472,0.0,0.95,0.4541,0.92,NONE,NONE,,61.9,96.9,11:29:30,30.0,BASELINE_HISTORICAL_CALIBRATION,109.0,62.5
OBS_000641,11:30:00,19200.0,12004,ROUTE_NDLS_LKO_01,SYNTHETIC_SIMULATOR,OK,26.747612,79.14729,313.565,123.5,34.31,123.5,0.0,980.7,130.0,,1407.95,SEC_ETW_CNB,,ETW,CNB,126.435,198.435,CRUISING,,,,,81.94,,,GREEN,LOW,False,,False,,JRN_NDLS_LKO_01_20260902_184646,0.2472,0.0,0.95,0.4541,0.92,NONE,NONE,,61.4,96.4,11:30:00,30.0,BASELINE_HISTORICAL_CALIBRATION,108.5,62.0
OBS_000642,11:30:30,19230.0,12004,ROUTE_NDLS_LKO_01,SYNTHETIC_SIMULATOR,OK,26.745221,79.157085,314.594,123.5,34.31,123.5,0.0,980.7,130.0,,1402.26,SEC_ETW_CNB,,ETW,CNB,125.406,197.406,CRUISING,,,,,81.65,,,GREEN,LOW,False,,False,,JRN_NDLS_LKO_01_20260902_184646,0.2472,0.0,0.95,0.4541,0.92,NONE,NONE,,60.9,95.9,11:30:30,30.0,BASELINE_HISTORICAL_CALIBRATION,108.0,61.5
OBS_000643,11:31:00,19260.0,12004,ROUTE_NDLS_LKO_01,SYNTHETIC_SIMULATOR,OK,26.742831,79.166881,315.623,123.5,34.31,123.5,0.0,980.7,130.0,,1396.54,SEC_ETW_CNB,,ETW,CNB,124.377,196.377,CRUISING,,,,,81.37,,,GREEN,LOW,False,,False,,JRN_NDLS_LKO_01_20260902_184646,0.2472,0.0,0.95,0.4541,0.92,NONE,NONE,,60.4,95.4,11:31:00,30.0,BASELINE_HISTORICAL_CALIBRATION,107.5,61.0
OBS_000644,11:31:30,19290.0,12004,ROUTE_NDLS_LKO_01,SYNTHETIC_SIMULATOR,OK,26.74044,79.176676,316.652,123.5,34.31,123.5,0.0,980.7,130.0,,1390.8,SEC_ETW_CNB,,ETW,CNB,123.348,195.348,CRUISING,,,,,81.08,,,GREEN,LOW,False,,False,,JRN_NDLS_LKO_01_20260902_184646,0.2472,0.0,0.95,0.4541,0.92,NONE,NONE,,59.9,94.9,11:31:30,30.0,BASELINE_HISTORICAL_CALIBRATION,107.0,60.5
OBS_000645,11:32:00,19320.0,12004,ROUTE_NDLS_LKO_01,SYNTHETIC_SIMULATOR,OK,26.738049,79.186472,317.681,123.5,34.31,123.5,0.0,980.7,130.0,,1385.03,SEC_ETW_CNB,,ETW,CNB,122.319,194.319,CRUISING,,,,,80.8,,,GREEN,LOW,False,,False,,JRN_NDLS_LKO_01_20260902_184646,0.2472,0.0,0.95,0.4541,0.92,NONE,NONE,,59.4,94.4,11:32:00,30.0,BASELINE_HISTORICAL_CALIBRATION,106.5,60.0
OBS_000646,11:32:30,19350.0,12004,ROUTE_NDLS_LKO_01,SYNTHETIC_SIMULATOR,OK,26.735658,79.196267,318.71,123.5,34.31,123.5,0.0,980.7,130.0,,1379.24,SEC_ETW_CNB,,ETW,CNB,121.29,193.29,CRUISING,,,,,80.52,,,GREEN,LOW,False,,False,,JRN_NDLS_LKO_01_20260902_184646,0.2472,0.0,0.95,0.4541,0.92,NONE,NONE,,58.9,93.9,11:32:30,30.0,BASELINE_HISTORICAL_CALIBRATION,106.0,59.5
OBS_000647,11:33:00,19380.0,12004,ROUTE_NDLS_LKO_01,SYNTHETIC_SIMULATOR,OK,26.733268,79.206063,319.74,123.5,34.31,123.5,0.0,980.7,130.0,,1373.42,SEC_ETW_CNB,,ETW,CNB,120.26,192.26,CRUISING,,,,,80.23,,,GREEN,LOW,False,,False,,JRN_NDLS_LKO_01_20260902_184646,0.2472,0.0,0.95,0.4541,0.92,NONE,NONE,,58.4,93.4,11:33:00,30.0,BASELINE_HISTORICAL_CALIBRATION,105.5,59.0
OBS_000648,11:33:30,19410.0,12004,ROUTE_NDLS_LKO_01,SYNTHETIC_SIMULATOR,OK,26.730877,79.215859,320.769,123.5,34.31,123.5,0.0,980.7,130.0,,1367.59,SEC_ETW_CNB,,ETW,CNB,119.231,191.231,CRUISING,,,,,79.95,,,GREEN,LOW,False,,False,,JRN_NDLS_LKO_01_20260902_184646,0.2472,0.0,0.95,0.4541,0.92,NONE,NONE,,57.9,92.9,11:33:30,30.0,BASELINE_HISTORICAL_CALIBRATION,105.0,58.5
OBS_000649,11:34:00,19440.0,12004,ROUTE_NDLS_LKO_01,SYNTHETIC_SIMULATOR,OK,26.728486,79.225654,321.798,123.5,34.31,123.5,0.0,980.7,130.0,,1361.72,SEC_ETW_CNB,,ETW,CNB,118.202,190.202,CRUISING,,,,,79.66,,,GREEN,LOW,False,,False,,JRN_NDLS_LKO_01_20260902_184646,0.2472,0.0,0.95,0.4541,0.92,NONE,NONE,,57.4,92.4,11:34:00,30.0,BASELINE_HISTORICAL_CALIBRATION,104.5,58.0
OBS_000650,11:34:30,19470.0,12004,ROUTE_NDLS_LKO_01,SYNTHETIC_SIMULATOR,OK,26.726095,79.23545,322.827,123.5,34.31,123.5,0.0,980.7,130.0,,1355.83,SEC_ETW_CNB,,ETW,CNB,117.173,189.173,CRUISING,,,,,79.38,,,GREEN,LOW,False,,False,,JRN_NDLS_LKO_01_20260902_184646,0.2472,0.0,0.95,0.4541,0.92,NONE,NONE,,56.9,91.9,11:34:30,30.0,BASELINE_HISTORICAL_CALIBRATION,104.0,57.5
OBS_000651,11:35:00,19500.0,12004,ROUTE_NDLS_LKO_01,SYNTHETIC_SIMULATOR,OK,26.723704,79.245245,323.856,123.5,34.31,123.5,0.0,980.7,130.0,,1349.92,SEC_ETW_CNB,,ETW,CNB,116.144,188.144,CRUISING,,,,,79.1,,,GREEN,LOW,False,,False,,JRN_NDLS_LKO_01_20260902_184646,0.2472,0.0,0.95,0.4541,0.92,NONE,NONE,,56.4,91.4,11:35:00,30.0,BASELINE_HISTORICAL_CALIBRATION,103.5,57.0
OBS_000652,11:35:30,19530.0,12004,ROUTE_NDLS_LKO_01,SYNTHETIC_SIMULATOR,OK,26.721314,79.255041,324.885,123.5,34.31,123.5,0.0,980.7,130.0,,1343.97,SEC_ETW_CNB,,ETW,CNB,115.115,187.115,CRUISING,,,,,78.81,,,GREEN,LOW,False,,False,,JRN_NDLS_LKO_01_20260902_184646,0.2472,0.0,0.95,0.4541,0.92,NONE,NONE,,55.9,90.9,11:35:30,30.0,BASELINE_HISTORICAL_CALIBRATION,103.0,56.5
OBS_000653,11:36:00,19560.0,12004,ROUTE_NDLS_LKO_01,SYNTHETIC_SIMULATOR,OK,26.718923,79.264837,325.915,123.5,34.31,123.5,0.0,980.7,130.0,,1338.01,SEC_ETW_CNB,,ETW,CNB,114.085,186.085,CRUISING,,,,,78.53,,,GREEN,LOW,False,,False,,JRN_NDLS_LKO_01_20260902_184646,0.2472,0.0,0.95,0.4541,0.92,NONE,NONE,,55.4,90.4,11:36:00,30.0,BASELINE_HISTORICAL_CALIBRATION,102.5,56.0
OBS_000654,11:36:30,19590.0,12004,ROUTE_NDLS_LKO_01,SYNTHETIC_SIMULATOR,OK,26.716532,79.274632,326.944,123.5,34.31,123.5,0.0,980.7,130.0,,1332.01,SEC_ETW_CNB,,ETW,CNB,113.056,185.056,CRUISING,,,,,78.24,,,GREEN,LOW,False,,False,,JRN_NDLS_LKO_01_20260902_184646,0.2472,0.0,0.95,0.4541,0.92,NONE,NONE,,54.9,89.9,11:36:30,30.0,BASELINE_HISTORICAL_CALIBRATION,102.0,55.5
OBS_000655,11:37:00,19620.0,12004,ROUTE_NDLS_LKO_01,SYNTHETIC_SIMULATOR,OK,26.714141,79.284428,327.973,123.5,34.31,123.5,0.0,980.7,130.0,,1325.99,SEC_ETW_CNB,,ETW,CNB,112.027,184.027,CRUISING,,,,,77.96,,,GREEN,LOW,False,,False,,JRN_NDLS_LKO_01_20260902_184646,0.2472,0.0,0.95,0.4541,0.92,NONE,NONE,,54.4,89.4,11:37:00,30.0,BASELINE_HISTORICAL_CALIBRATION,101.5,55.0
OBS_000656,11:37:30,19650.0,12004,ROUTE_NDLS_LKO_01,SYNTHETIC_SIMULATOR,OK,26.711751,79.294223,329.002,123.5,34.31,123.5,0.0,980.7,130.0,,1319.94,SEC_ETW_CNB,,ETW,CNB,110.998,182.998,CRUISING,,,,,77.68,,,GREEN,LOW,False,,False,,JRN_NDLS_LKO_01_20260902_184646,0.2472,0.0,0.95,0.4541,0.92,NONE,NONE,,53.9,88.9,11:37:30,30.0,BASELINE_HISTORICAL_CALIBRATION,101.0,54.5
OBS_000657,11:38:00,19680.0,12004,ROUTE_NDLS_LKO_01,SYNTHETIC_SIMULATOR,OK,26.70936,79.304019,330.031,123.5,34.31,123.5,0.0,980.7,130.0,,1313.86,SEC_ETW_CNB,,ETW,CNB,109.969,181.969,CRUISING,,,,,77.39,,,GREEN,LOW,False,,False,,JRN_NDLS_LKO_01_20260902_184646,0.2472,0.0,0.95,0.4541,0.92,NONE,NONE,,53.4,88.4,11:38:00,30.0,BASELINE_HISTORICAL_CALIBRATION,100.5,54.0
OBS_000658,11:38:30,19710.0,12004,ROUTE_NDLS_LKO_01,SYNTHETIC_SIMULATOR,OK,26.706969,79.313815,331.06,123.5,34.31,123.5,0.0,980.7,130.0,,1307.76,SEC_ETW_CNB,,ETW,CNB,108.94,180.94,CRUISING,,,,,77.11,,,GREEN,LOW,False,,False,,JRN_NDLS_LKO_01_20260902_184646,0.2472,0.0,0.95,0.4541,0.92,NONE,NONE,,52.9,87.9,11:38:30,30.0,BASELINE_HISTORICAL_CALIBRATION,100.0,53.5
OBS_000659,11:39:00,19740.0,12004,ROUTE_NDLS_LKO_01,SYNTHETIC_SIMULATOR,OK,26.704578,79.32361,332.09,123.5,34.31,123.5,0.0,980.7,130.0,,1301.63,SEC_ETW_CNB,,ETW,CNB,107.91,179.91,CRUISING,,,,,76.83,,,GREEN,LOW,False,,False,,JRN_NDLS_LKO_01_20260902_184646,0.2472,0.0,0.95,0.4541,0.92,NONE,NONE,,52.4,87.4,11:39:00,30.0,BASELINE_HISTORICAL_CALIBRATION,99.5,53.0
OBS_000660,11:39:30,19770.0,12004,ROUTE_NDLS_LKO_01,SYNTHETIC_SIMULATOR,OK,26.702187,79.333406,333.119,123.5,34.31,123.5,0.0,980.7,130.0,,1295.46,SEC_ETW_CNB,,ETW,CNB,106.881,178.881,CRUISING,,,,,76.54,,,GREEN,LOW,False,,False,,JRN_NDLS_LKO_01_20260902_184646,0.2472,0.0,0.95,0.4541,0.92,NONE,NONE,,51.9,86.9,11:39:30,30.0,BASELINE_HISTORICAL_CALIBRATION,99.0,52.5
OBS_000661,11:40:00,19800.0,12004,ROUTE_NDLS_LKO_01,SYNTHETIC_SIMULATOR,OK,26.699797,79.343201,334.148,123.5,34.31,123.5,0.0,980.7,130.0,,1289.27,SEC_ETW_CNB,,ETW,CNB,105.852,177.852,CRUISING,,,,,76.26,,,GREEN,LOW,False,,False,,JRN_NDLS_LKO_01_20260902_184646,0.2472,0.0,0.95,0.4541,0.92,NONE,NONE,,51.4,86.4,11:40:00,30.0,BASELINE_HISTORICAL_CALIBRATION,98.5,52.0
OBS_000662,11:40:30,19830.0,12004,ROUTE_NDLS_LKO_01,SYNTHETIC_SIMULATOR,OK,26.697406,79.352997,335.177,123.5,34.31,123.5,0.0,980.7,130.0,,1283.05,SEC_ETW_CNB,,ETW,CNB,104.823,176.823,CRUISING,,,,,75.97,,,GREEN,LOW,False,,False,,JRN_NDLS_LKO_01_20260902_184646,0.2472,0.0,0.95,0.4541,0.92,NONE,NONE,,50.9,85.9,11:40:30,30.0,BASELINE_HISTORICAL_CALIBRATION,98.0,51.5
OBS_000663,11:41:00,19860.0,12004,ROUTE_NDLS_LKO_01,SYNTHETIC_SIMULATOR,OK,26.695015,79.362793,336.206,123.5,34.31,123.5,0.0,980.7,130.0,,1276.8,SEC_ETW_CNB,,ETW,CNB,103.794,175.794,CRUISING,,,,,75.69,,,GREEN,LOW,False,,False,,JRN_NDLS_LKO_01_20260902_184646,0.2472,0.0,0.95,0.4541,0.92,NONE,NONE,,50.4,85.4,11:41:00,30.0,BASELINE_HISTORICAL_CALIBRATION,97.5,51.0
OBS_000664,11:41:30,19890.0,12004,ROUTE_NDLS_LKO_01,SYNTHETIC_SIMULATOR,OK,26.692624,79.372588,337.235,123.5,34.31,123.5,0.0,980.7,130.0,,1270.51,SEC_ETW_CNB,,ETW,CNB,102.765,174.765,CRUISING,,,,,75.41,,,GREEN,LOW,False,,False,,JRN_NDLS_LKO_01_20260902_184646,0.2472,0.0,0.95,0.4541,0.92,NONE,NONE,,49.9,84.9,11:41:30,30.0,BASELINE_HISTORICAL_CALIBRATION,97.0,50.5
OBS_000665,11:42:00,19920.0,12004,ROUTE_NDLS_LKO_01,SYNTHETIC_SIMULATOR,OK,26.690234,79.382384,338.265,123.5,34.31,123.5,0.0,980.7,130.0,,1264.2,SEC_ETW_CNB,,ETW,CNB,101.735,173.735,CRUISING,,,,,75.12,,,GREEN,LOW,False,,False,,JRN_NDLS_LKO_01_20260902_184646,0.2472,0.0,0.95,0.4541,0.92,NONE,NONE,,49.4,84.4,11:42:00,30.0,BASELINE_HISTORICAL_CALIBRATION,96.5,50.0
OBS_000666,11:42:30,19950.0,12004,ROUTE_NDLS_LKO_01,SYNTHETIC_SIMULATOR,OK,26.687843,79.392179,339.294,123.5,34.31,123.5,0.0,980.7,130.0,,1257.85,SEC_ETW_CNB,,ETW,CNB,100.706,172.706,CRUISING,,,,,74.84,,,GREEN,LOW,False,,False,,JRN_NDLS_LKO_01_20260902_184646,0.2472,0.0,0.95,0.4541,0.92,NONE,NONE,,48.9,83.9,11:42:30,30.0,BASELINE_HISTORICAL_CALIBRATION,96.0,49.5
OBS_000667,11:43:00,19980.0,12004,ROUTE_NDLS_LKO_01,SYNTHETIC_SIMULATOR,OK,26.685452,79.401975,340.323,123.5,34.31,123.5,0.0,980.7,130.0,,1251.47,SEC_ETW_CNB,,ETW,CNB,99.677,171.677,CRUISING,,,,,74.55,,,GREEN,LOW,False,,False,,JRN_NDLS_LKO_01_20260902_184646,0.2472,0.0,0.95,0.4541,0.92,NONE,NONE,,48.4,83.4,11:43:00,30.0,BASELINE_HISTORICAL_CALIBRATION,95.5,49.0
OBS_000668,11:43:30,20010.0,12004,ROUTE_NDLS_LKO_01,SYNTHETIC_SIMULATOR,OK,26.683061,79.411771,341.352,123.5,34.31,123.5,0.0,980.7,130.0,,1245.06,SEC_ETW_CNB,,ETW,CNB,98.648,170.648,CRUISING,,,,,74.27,,,GREEN,LOW,False,,False,,JRN_NDLS_LKO_01_20260902_184646,0.2472,0.0,0.95,0.4541,0.92,NONE,NONE,,47.9,82.9,11:43:30,30.0,BASELINE_HISTORICAL_CALIBRATION,95.0,48.5
OBS_000669,11:44:00,20040.0,12004,ROUTE_NDLS_LKO_01,SYNTHETIC_SIMULATOR,OK,26.68067,79.421566,342.381,123.5,34.31,123.5,0.0,980.7,130.0,,1238.62,SEC_ETW_CNB,,ETW,CNB,97.619,169.619,CRUISING,,,,,73.99,,,GREEN,LOW,False,,False,,JRN_NDLS_LKO_01_20260902_184646,0.2472,0.0,0.95,0.4541,0.92,NONE,NONE,,47.4,82.4,11:44:00,30.0,BASELINE_HISTORICAL_CALIBRATION,94.5,48.0
OBS_000670,11:44:30,20070.0,12004,ROUTE_NDLS_LKO_01,SYNTHETIC_SIMULATOR,OK,26.67828,79.431362,343.41,123.5,34.31,123.5,0.0,980.7,130.0,,1232.14,SEC_ETW_CNB,,ETW,CNB,96.59,168.59,CRUISING,,,,,73.7,,,GREEN,LOW,False,,False,,JRN_NDLS_LKO_01_20260902_184646,0.2472,0.0,0.95,0.4541,0.92,NONE,NONE,,46.9,81.9,11:44:30,30.0,BASELINE_HISTORICAL_CALIBRATION,94.0,47.5
OBS_000671,11:45:00,20100.0,12004,ROUTE_NDLS_LKO_01,SYNTHETIC_SIMULATOR,OK,26.675889,79.441157,344.44,123.5,34.31,123.5,0.0,980.7,130.0,,1225.63,SEC_ETW_CNB,,ETW,CNB,95.56,167.56,CRUISING,,,,,73.42,,,GREEN,LOW,False,,False,,JRN_NDLS_LKO_01_20260902_184646,0.2472,0.0,0.95,0.4541,0.92,NONE,NONE,,46.4,81.4,11:45:00,30.0,BASELINE_HISTORICAL_CALIBRATION,93.5,47.0
OBS_000672,11:45:30,20130.0,12004,ROUTE_NDLS_LKO_01,SYNTHETIC_SIMULATOR,OK,26.673498,79.450953,345.469,123.5,34.31,123.5,0.0,980.7,130.0,,1219.08,SEC_ETW_CNB,,ETW,CNB,94.531,166.531,CRUISING,,,,,73.13,,,GREEN,LOW,False,,False,,JRN_NDLS_LKO_01_20260902_184646,0.2472,0.0,0.95,0.4541,0.92,NONE,NONE,,45.9,80.9,11:45:30,30.0,BASELINE_HISTORICAL_CALIBRATION,93.0,46.5
OBS_000673,11:46:00,20160.0,12004,ROUTE_NDLS_LKO_01,SYNTHETIC_SIMULATOR,OK,26.671107,79.460749,346.498,123.5,34.31,123.5,0.0,980.7,130.0,,1212.5,SEC_ETW_CNB,,ETW,CNB,93.502,165.502,CRUISING,,,,,72.85,,,GREEN,LOW,False,,False,,JRN_NDLS_LKO_01_20260902_184646,0.2472,0.0,0.95,0.4541,0.92,NONE,NONE,,45.4,80.4,11:46:00,30.0,BASELINE_HISTORICAL_CALIBRATION,92.5,46.0
OBS_000674,11:46:30,20190.0,12004,ROUTE_NDLS_LKO_01,SYNTHETIC_SIMULATOR,OK,26.668717,79.470544,347.527,123.5,34.31,123.5,0.0,980.7,130.0,,1205.88,SEC_ETW_CNB,,ETW,CNB,92.473,164.473,CRUISING,,,,,72.57,,,GREEN,LOW,False,,False,,JRN_NDLS_LKO_01_20260902_184646,0.2472,0.0,0.95,0.4541,0.92,NONE,NONE,,44.9,79.9,11:46:30,30.0,BASELINE_HISTORICAL_CALIBRATION,92.0,45.5
OBS_000675,11:47:00,20220.0,12004,ROUTE_NDLS_LKO_01,SYNTHETIC_SIMULATOR,OK,26.666326,79.48034,348.556,123.5,34.31,123.5,0.0,980.7,130.0,,1199.22,SEC_ETW_CNB,,ETW,CNB,91.444,163.444,CRUISING,,,,,72.28,,,GREEN,LOW,False,,False,,JRN_NDLS_LKO_01_20260902_184646,0.2472,0.0,0.95,0.4541,0.92,NONE,NONE,,44.4,79.4,11:47:00,30.0,BASELINE_HISTORICAL_CALIBRATION,91.5,45.0
OBS_000676,11:47:30,20250.0,12004,ROUTE_NDLS_LKO_01,SYNTHETIC_SIMULATOR,OK,26.663935,79.490135,349.585,123.5,34.31,123.5,0.0,980.7,130.0,,1192.53,SEC_ETW_CNB,,ETW,CNB,90.415,162.415,CRUISING,,,,,72.0,,,GREEN,LOW,False,,False,,JRN_NDLS_LKO_01_20260902_184646,0.2472,0.0,0.95,0.4541,0.92,NONE,NONE,,43.9,78.9,11:47:30,30.0,BASELINE_HISTORICAL_CALIBRATION,91.0,44.5
OBS_000677,11:48:00,20280.0,12004,ROUTE_NDLS_LKO_01,SYNTHETIC_SIMULATOR,OK,26.661544,79.499931,350.615,123.5,34.31,123.5,0.0,980.7,130.0,,1185.8,SEC_ETW_CNB,,ETW,CNB,89.385,161.385,CRUISING,,,,,71.71,,,GREEN,LOW,False,,False,,JRN_NDLS_LKO_01_20260902_184646,0.2472,0.0,0.95,0.4541,0.92,NONE,NONE,,43.4,78.4,11:48:00,30.0,BASELINE_HISTORICAL_CALIBRATION,90.5,44.0
OBS_000678,11:48:30,20310.0,12004,ROUTE_NDLS_LKO_01,SYNTHETIC_SIMULATOR,OK,26.659153,79.509726,351.644,123.5,34.31,123.5,0.0,980.7,130.0,,1179.03,SEC_ETW_CNB,,ETW,CNB,88.356,160.356,CRUISING,,,,,71.43,,,GREEN,LOW,False,,False,,JRN_NDLS_LKO_01_20260902_184646,0.2472,0.0,0.95,0.4541,0.92,NONE,NONE,,42.9,77.9,11:48:30,30.0,BASELINE_HISTORICAL_CALIBRATION,90.0,43.5
OBS_000679,11:49:00,20340.0,12004,ROUTE_NDLS_LKO_01,SYNTHETIC_SIMULATOR,OK,26.656763,79.519522,352.673,123.5,34.31,123.5,0.0,980.7,130.0,,1172.23,SEC_ETW_CNB,,ETW,CNB,87.327,159.327,CRUISING,,,,,71.15,,,GREEN,LOW,False,,False,,JRN_NDLS_LKO_01_20260902_184646,0.2472,0.0,0.95,0.4541,0.92,NONE,NONE,,42.4,77.4,11:49:00,30.0,BASELINE_HISTORICAL_CALIBRATION,89.5,43.0
OBS_000680,11:49:30,20370.0,12004,ROUTE_NDLS_LKO_01,SYNTHETIC_SIMULATOR,OK,26.654372,79.529318,353.702,123.5,34.31,123.5,0.0,980.7,130.0,,1165.38,SEC_ETW_CNB,,ETW,CNB,86.298,158.298,CRUISING,,,,,70.86,,,GREEN,LOW,False,,False,,JRN_NDLS_LKO_01_20260902_184646,0.2472,0.0,0.95,0.4541,0.92,NONE,NONE,,41.9,76.9,11:49:30,30.0,BASELINE_HISTORICAL_CALIBRATION,89.0,42.5
OBS_000681,11:50:00,20400.0,12004,ROUTE_NDLS_LKO_01,SYNTHETIC_SIMULATOR,OK,26.651981,79.539113,354.731,123.5,34.31,123.5,0.0,980.7,130.0,,1158.49,SEC_ETW_CNB,,ETW,CNB,85.269,157.269,CRUISING,,,,,70.58,,,GREEN,LOW,False,,False,,JRN_NDLS_LKO_01_20260902_184646,0.2472,0.0,0.95,0.4541,0.92,NONE,NONE,,41.4,76.4,11:50:00,30.0,BASELINE_HISTORICAL_CALIBRATION,88.5,42.0
OBS_000682,11:50:30,20430.0,12004,ROUTE_NDLS_LKO_01,SYNTHETIC_SIMULATOR,OK,26.64959,79.548909,355.76,123.5,34.31,123.5,0.0,980.7,130.0,,1151.56,SEC_ETW_CNB,,ETW,CNB,84.24,156.24,CRUISING,,,,,70.29,,,GREEN,LOW,False,,False,,JRN_NDLS_LKO_01_20260902_184646,0.2472,0.0,0.95,0.4541,0.92,NONE,NONE,,40.9,75.9,11:50:30,30.0,BASELINE_HISTORICAL_CALIBRATION,88.0,41.5
OBS_000683,11:51:00,20460.0,12004,ROUTE_NDLS_LKO_01,SYNTHETIC_SIMULATOR,OK,26.6472,79.558704,356.79,123.5,34.31,123.5,0.0,980.7,130.0,,1144.59,SEC_ETW_CNB,,ETW,CNB,83.21,155.21,CRUISING,,,,,70.01,,,GREEN,LOW,False,,False,,JRN_NDLS_LKO_01_20260902_184646,0.2472,0.0,0.95,0.4541,0.92,NONE,NONE,,40.4,75.4,11:51:00,30.0,BASELINE_HISTORICAL_CALIBRATION,87.5,41.0
OBS_000684,11:51:30,20490.0,12004,ROUTE_NDLS_LKO_01,SYNTHETIC_SIMULATOR,OK,26.644809,79.5685,357.819,123.5,34.31,123.5,0.0,980.7,130.0,,1137.58,SEC_ETW_CNB,,ETW,CNB,82.181,154.181,CRUISING,,,,,69.73,,,GREEN,LOW,False,,False,,JRN_NDLS_LKO_01_20260902_184646,0.2472,0.0,0.95,0.4541,0.92,NONE,NONE,,39.9,74.9,11:51:30,30.0,BASELINE_HISTORICAL_CALIBRATION,87.0,40.5
OBS_000685,11:52:00,20520.0,12004,ROUTE_NDLS_LKO_01,SYNTHETIC_SIMULATOR,OK,26.642418,79.578296,358.848,123.5,34.31,123.5,0.0,980.7,130.0,,1130.52,SEC_ETW_CNB,,ETW,CNB,81.152,153.152,CRUISING,,,,,69.44,,,GREEN,LOW,False,,False,,JRN_NDLS_LKO_01_20260902_184646,0.2472,0.0,0.95,0.4541,0.92,NONE,NONE,,39.4,74.4,11:52:00,30.0,BASELINE_HISTORICAL_CALIBRATION,86.5,40.0
OBS_000686,11:52:30,20550.0,12004,ROUTE_NDLS_LKO_01,SYNTHETIC_SIMULATOR,OK,26.640027,79.588091,359.877,123.5,34.31,123.5,0.0,980.7,130.0,,1123.42,SEC_ETW_CNB,,ETW,CNB,80.123,152.123,CRUISING,,,,,69.16,,,GREEN,LOW,False,,False,,JRN_NDLS_LKO_01_20260902_184646,0.2472,0.0,0.95,0.4541,0.92,NONE,NONE,,38.9,73.9,11:52:30,30.0,BASELINE_HISTORICAL_CALIBRATION,86.0,39.5
OBS_000687,11:53:00,20580.0,12004,ROUTE_NDLS_LKO_01,SYNTHETIC_SIMULATOR,OK,26.637636,79.597887,360.906,123.5,34.31,123.5,0.0,980.7,130.0,,1116.28,SEC_ETW_CNB,,ETW,CNB,79.094,151.094,CRUISING,,,,,68.87,,,GREEN,LOW,False,,False,,JRN_NDLS_LKO_01_20260902_184646,0.2472,0.0,0.95,0.4541,0.92,NONE,NONE,,38.4,73.4,11:53:00,30.0,BASELINE_HISTORICAL_CALIBRATION,85.5,39.0
OBS_000688,11:53:30,20610.0,12004,ROUTE_NDLS_LKO_01,SYNTHETIC_SIMULATOR,OK,26.635246,79.607682,361.935,123.5,34.31,123.5,0.0,980.7,130.0,,1109.08,SEC_ETW_CNB,,ETW,CNB,78.065,150.065,CRUISING,,,,,68.59,,,GREEN,LOW,False,,False,,JRN_NDLS_LKO_01_20260902_184646,0.2472,0.0,0.95,0.4541,0.92,NONE,NONE,,37.9,72.9,11:53:30,30.0,BASELINE_HISTORICAL_CALIBRATION,85.0,38.5
OBS_000689,11:54:00,20640.0,12004,ROUTE_NDLS_LKO_01,SYNTHETIC_SIMULATOR,OK,26.632855,79.617478,362.965,123.5,34.31,123.5,0.0,980.7,130.0,,1101.84,SEC_ETW_CNB,,ETW,CNB,77.035,149.035,CRUISING,,,,,68.31,,,GREEN,LOW,False,,False,,JRN_NDLS_LKO_01_20260902_184646,0.2472,0.0,0.95,0.4541,0.92,NONE,NONE,,37.4,72.4,11:54:00,30.0,BASELINE_HISTORICAL_CALIBRATION,84.5,38.0
OBS_000690,11:54:30,20670.0,12004,ROUTE_NDLS_LKO_01,SYNTHETIC_SIMULATOR,OK,26.630464,79.627274,363.994,123.5,34.31,123.5,0.0,980.7,130.0,,1094.56,SEC_ETW_CNB,,ETW,CNB,76.006,148.006,CRUISING,,,,,68.02,,,GREEN,LOW,False,,False,,JRN_NDLS_LKO_01_20260902_184646,0.2472,0.0,0.95,0.4541,0.92,NONE,NONE,,36.9,71.9,11:54:30,30.0,BASELINE_HISTORICAL_CALIBRATION,84.0,37.5
OBS_000691,11:55:00,20700.0,12004,ROUTE_NDLS_LKO_01,SYNTHETIC_SIMULATOR,OK,26.628073,79.637069,365.023,123.5,34.31,123.5,0.0,980.7,130.0,,1087.22,SEC_ETW_CNB,,ETW,CNB,74.977,146.977,CRUISING,,,,,67.74,,,GREEN,LOW,False,,False,,JRN_NDLS_LKO_01_20260902_184646,0.2472,0.0,0.95,0.4541,0.92,NONE,NONE,,36.4,71.4,11:55:00,30.0,BASELINE_HISTORICAL_CALIBRATION,83.5,37.0
OBS_000692,11:55:30,20730.0,12004,ROUTE_NDLS_LKO_01,SYNTHETIC_SIMULATOR,OK,26.625683,79.646865,366.052,123.5,34.31,123.5,0.0,980.7,130.0,,1079.83,SEC_ETW_CNB,,ETW,CNB,73.948,145.948,CRUISING,,,,,67.46,,,GREEN,LOW,False,,False,,JRN_NDLS_LKO_01_20260902_184646,0.2472,0.0,0.95,0.4541,0.92,NONE,NONE,,35.9,70.9,11:55:30,30.0,BASELINE_HISTORICAL_CALIBRATION,83.0,36.5
OBS_000693,11:56:00,20760.0,12004,ROUTE_NDLS_LKO_01,SYNTHETIC_SIMULATOR,OK,26.623292,79.65666,367.081,123.5,34.31,123.5,0.0,980.7,130.0,,1072.4,SEC_ETW_CNB,,ETW,CNB,72.919,144.919,CRUISING,,,,,67.17,,,GREEN,LOW,False,,False,,JRN_NDLS_LKO_01_20260902_184646,0.2472,0.0,0.95,0.4541,0.92,NONE,NONE,,35.4,70.4,11:56:00,30.0,BASELINE_HISTORICAL_CALIBRATION,82.5,36.0
OBS_000694,11:56:30,20790.0,12004,ROUTE_NDLS_LKO_01,SYNTHETIC_SIMULATOR,OK,26.620901,79.666456,368.11,123.5,34.31,123.5,0.0,980.7,130.0,,1064.91,SEC_ETW_CNB,,ETW,CNB,71.89,143.89,CRUISING,,,,,66.89,,,GREEN,LOW,False,,False,,JRN_NDLS_LKO_01_20260902_184646,0.2472,0.0,0.95,0.4541,0.92,NONE,NONE,,34.9,69.9,11:56:30,30.0,BASELINE_HISTORICAL_CALIBRATION,82.0,35.5
OBS_000695,11:57:00,20820.0,12004,ROUTE_NDLS_LKO_01,SYNTHETIC_SIMULATOR,OK,26.61851,79.676252,369.14,123.5,34.31,123.5,0.0,980.7,130.0,,1057.37,SEC_ETW_CNB,,ETW,CNB,70.86,142.86,CRUISING,,,,,66.6,,,GREEN,LOW,False,,False,,JRN_NDLS_LKO_01_20260902_184646,0.2472,0.0,0.95,0.4541,0.92,NONE,NONE,,34.4,69.4,11:57:00,30.0,BASELINE_HISTORICAL_CALIBRATION,81.5,35.0
OBS_000696,11:57:30,20850.0,12004,ROUTE_NDLS_LKO_01,SYNTHETIC_SIMULATOR,OK,26.61612,79.686047,370.169,123.5,34.31,123.5,0.0,980.7,130.0,,1049.77,SEC_ETW_CNB,,ETW,CNB,69.831,141.831,CRUISING,,,,,66.32,,,GREEN,LOW,False,,False,,JRN_NDLS_LKO_01_20260902_184646,0.2472,0.0,0.95,0.4541,0.92,NONE,NONE,,33.9,68.9,11:57:30,30.0,BASELINE_HISTORICAL_CALIBRATION,81.0,34.5
OBS_000697,11:58:00,20880.0,12004,ROUTE_NDLS_LKO_01,SYNTHETIC_SIMULATOR,OK,26.613729,79.695843,371.198,123.5,34.31,123.5,0.0,980.7,130.0,,1042.12,SEC_ETW_CNB,,ETW,CNB,68.802,140.802,CRUISING,,,,,66.04,,,GREEN,LOW,False,,False,,JRN_NDLS_LKO_01_20260902_184646,0.2472,0.0,0.95,0.4541,0.92,NONE,NONE,,33.4,68.4,11:58:00,30.0,BASELINE_HISTORICAL_CALIBRATION,80.5,34.0
OBS_000698,11:58:30,20910.0,12004,ROUTE_NDLS_LKO_01,SYNTHETIC_SIMULATOR,OK,26.611338,79.705638,372.227,123.5,34.31,123.5,0.0,980.7,130.0,,1034.41,SEC_ETW_CNB,,ETW,CNB,67.773,139.773,CRUISING,,,,,65.75,,,GREEN,LOW,False,,False,,JRN_NDLS_LKO_01_20260902_184646,0.2472,0.0,0.95,0.4541,0.92,NONE,NONE,,32.9,67.9,11:58:30,30.0,BASELINE_HISTORICAL_CALIBRATION,80.0,33.5
OBS_000699,11:59:00,20940.0,12004,ROUTE_NDLS_LKO_01,SYNTHETIC_SIMULATOR,OK,26.608947,79.715434,373.256,123.5,34.31,123.5,0.0,980.7,130.0,,1026.65,SEC_ETW_CNB,,ETW,CNB,66.744,138.744,CRUISING,,,,,65.47,,,GREEN,LOW,False,,False,,JRN_NDLS_LKO_01_20260902_184646,0.2472,0.0,0.95,0.4541,0.92,NONE,NONE,,32.4,67.4,11:59:00,30.0,BASELINE_HISTORICAL_CALIBRATION,79.5,33.0
OBS_000700,11:59:30,20970.0,12004,ROUTE_NDLS_LKO_01,SYNTHETIC_SIMULATOR,OK,26.606556,79.72523,374.285,123.5,34.31,123.5,0.0,980.7,130.0,,1018.82,SEC_ETW_CNB,,ETW,CNB,65.715,137.715,CRUISING,,,,,65.18,,,GREEN,LOW,False,,False,,JRN_NDLS_LKO_01_20260902_184646,0.2472,0.0,0.95,0.4541,0.92,NONE,NONE,,31.9,66.9,11:59:30,30.0,BASELINE_HISTORICAL_CALIBRATION,79.0,32.5
OBS_000701,12:00:00,21000.0,12004,ROUTE_NDLS_LKO_01,SYNTHETIC_SIMULATOR,OK,26.604166,79.735025,375.315,123.5,34.31,123.5,0.0,980.7,130.0,,1010.94,SEC_ETW_CNB,,ETW,CNB,64.685,136.685,CRUISING,,,,,64.9,,,GREEN,LOW,False,,False,,JRN_NDLS_LKO_01_20260902_184646,0.2535,0.0,0.95,0.4541,1.0,LIGHT,NONE,,31.4,66.4,12:00:00,30.0,BASELINE_HISTORICAL_CALIBRATION,78.5,32.0
OBS_000702,12:00:30,21030.0,12004,ROUTE_NDLS_LKO_01,SYNTHETIC_SIMULATOR,OK,26.601775,79.744821,376.344,123.5,34.31,123.5,0.0,980.7,130.0,,1002.99,SEC_ETW_CNB,,ETW,CNB,63.656,135.656,CRUISING,,,,,64.62,,,GREEN,LOW,False,,False,,JRN_NDLS_LKO_01_20260902_184646,0.2535,0.0,0.95,0.4541,1.0,LIGHT,NONE,,30.9,65.9,12:00:30,30.0,BASELINE_HISTORICAL_CALIBRATION,78.0,31.5
OBS_000703,12:01:00,21060.0,12004,ROUTE_NDLS_LKO_01,SYNTHETIC_SIMULATOR,OK,26.599384,79.754616,377.373,123.5,34.31,123.5,0.0,980.7,130.0,,994.98,SEC_ETW_CNB,,ETW,CNB,62.627,134.627,CRUISING,,,,,64.33,,,GREEN,LOW,False,,False,,JRN_NDLS_LKO_01_20260902_184646,0.2535,0.0,0.95,0.4541,1.0,LIGHT,NONE,,30.4,65.4,12:01:00,30.0,BASELINE_HISTORICAL_CALIBRATION,77.5,31.0
OBS_000704,12:01:30,21090.0,12004,ROUTE_NDLS_LKO_01,SYNTHETIC_SIMULATOR,OK,26.596993,79.764412,378.402,123.5,34.31,123.5,0.0,980.7,130.0,,986.9,SEC_ETW_CNB,,ETW,CNB,61.598,133.598,CRUISING,,,,,64.05,,,GREEN,LOW,False,,False,,JRN_NDLS_LKO_01_20260902_184646,0.2535,0.0,0.95,0.4541,1.0,LIGHT,NONE,,29.9,64.9,12:01:30,30.0,BASELINE_HISTORICAL_CALIBRATION,77.0,30.5
OBS_000705,12:02:00,21120.0,12004,ROUTE_NDLS_LKO_01,SYNTHETIC_SIMULATOR,OK,26.594603,79.774208,379.431,123.5,34.31,123.5,0.0,980.7,130.0,,978.76,SEC_ETW_CNB,,ETW,CNB,60.569,132.569,CRUISING,,,,,63.76,,,GREEN,LOW,False,,False,,JRN_NDLS_LKO_01_20260902_184646,0.2535,0.0,0.95,0.4541,1.0,LIGHT,NONE,,29.4,64.4,12:02:00,30.0,BASELINE_HISTORICAL_CALIBRATION,76.5,30.0
OBS_000706,12:02:30,21150.0,12004,ROUTE_NDLS_LKO_01,SYNTHETIC_SIMULATOR,OK,26.592212,79.784003,380.46,123.5,34.31,123.5,0.0,980.7,130.0,,970.55,SEC_ETW_CNB,,ETW,CNB,59.54,131.54,CRUISING,,,,,63.48,,,GREEN,LOW,False,,False,,JRN_NDLS_LKO_01_20260902_184646,0.2535,0.0,0.95,0.4541,1.0,LIGHT,NONE,,28.9,63.9,12:02:30,30.0,BASELINE_HISTORICAL_CALIBRATION,76.0,29.5
OBS_000707,12:03:00,21180.0,12004,ROUTE_NDLS_LKO_01,SYNTHETIC_SIMULATOR,OK,26.589821,79.793799,381.49,123.5,34.31,123.5,0.0,980.7,130.0,,962.27,SEC_ETW_CNB,,ETW,CNB,58.51,130.51,CRUISING,,,,,63.2,,,GREEN,LOW,False,,False,,JRN_NDLS_LKO_01_20260902_184646,0.2535,0.0,0.95,0.4541,1.0,LIGHT,NONE,,28.4,63.4,12:03:00,30.0,BASELINE_HISTORICAL_CALIBRATION,75.5,29.0
OBS_000708,12:03:30,21210.0,12004,ROUTE_NDLS_LKO_01,SYNTHETIC_SIMULATOR,OK,26.58743,79.803594,382.519,123.5,34.31,123.5,0.0,980.7,130.0,,953.92,SEC_ETW_CNB,,ETW,CNB,57.481,129.481,CRUISING,,,,,62.91,,,GREEN,LOW,False,,False,,JRN_NDLS_LKO_01_20260902_184646,0.2535,0.0,0.95,0.4541,1.0,LIGHT,NONE,,27.9,62.9,12:03:30,30.0,BASELINE_HISTORICAL_CALIBRATION,75.0,28.5
OBS_000709,12:04:00,21240.0,12004,ROUTE_NDLS_LKO_01,SYNTHETIC_SIMULATOR,OK,26.585039,79.81339,383.548,123.5,34.31,123.5,0.0,980.7,130.0,,945.49,SEC_ETW_CNB,,ETW,CNB,56.452,128.452,CRUISING,,,,,62.63,,,GREEN,LOW,False,,False,,JRN_NDLS_LKO_01_20260902_184646,0.2535,0.0,0.95,0.4541,1.0,LIGHT,NONE,,27.4,62.4,12:04:00,30.0,BASELINE_HISTORICAL_CALIBRATION,74.5,28.0
OBS_000710,12:04:30,21270.0,12004,ROUTE_NDLS_LKO_01,SYNTHETIC_SIMULATOR,OK,26.582649,79.823185,384.577,123.5,34.31,123.5,0.0,980.7,130.0,,936.99,SEC_ETW_CNB,,ETW,CNB,55.423,127.423,CRUISING,,,,,62.34,,,GREEN,LOW,False,,False,,JRN_NDLS_LKO_01_20260902_184646,0.2535,0.0,0.95,0.4541,1.0,LIGHT,NONE,,26.9,61.9,12:04:30,30.0,BASELINE_HISTORICAL_CALIBRATION,74.0,27.5
OBS_000711,12:05:00,21300.0,12004,ROUTE_NDLS_LKO_01,SYNTHETIC_SIMULATOR,OK,26.580258,79.832981,385.606,123.5,34.31,123.5,0.0,980.7,130.0,,928.41,SEC_ETW_CNB,,ETW,CNB,54.394,126.394,CRUISING,,,,,62.06,,,GREEN,LOW,False,,False,,JRN_NDLS_LKO_01_20260902_184646,0.2535,0.0,0.95,0.4541,1.0,LIGHT,NONE,,26.4,61.4,12:05:00,30.0,BASELINE_HISTORICAL_CALIBRATION,73.5,27.0
OBS_000712,12:05:30,21330.0,12004,ROUTE_NDLS_LKO_01,SYNTHETIC_SIMULATOR,OK,26.577867,79.842777,386.635,123.5,34.31,123.5,0.0,980.7,130.0,,919.75,SEC_ETW_CNB,,ETW,CNB,53.365,125.365,CRUISING,,,,,61.78,,,GREEN,LOW,False,,False,,JRN_NDLS_LKO_01_20260902_184646,0.2535,0.0,0.95,0.4541,1.0,LIGHT,NONE,,25.9,60.9,12:05:30,30.0,BASELINE_HISTORICAL_CALIBRATION,73.0,26.5
OBS_000713,12:06:00,21360.0,12004,ROUTE_NDLS_LKO_01,SYNTHETIC_SIMULATOR,OK,26.575476,79.852572,387.665,123.5,34.31,123.5,0.0,980.7,130.0,,911.0,SEC_ETW_CNB,,ETW,CNB,52.335,124.335,CRUISING,,,,,61.49,,,GREEN,LOW,False,,False,,JRN_NDLS_LKO_01_20260902_184646,0.2535,0.0,0.95,0.4541,1.0,LIGHT,NONE,,25.4,60.4,12:06:00,30.0,BASELINE_HISTORICAL_CALIBRATION,72.5,26.0
OBS_000714,12:06:30,21390.0,12004,ROUTE_NDLS_LKO_01,SYNTHETIC_SIMULATOR,OK,26.573086,79.862368,388.694,123.5,34.31,123.5,0.0,980.7,130.0,,902.18,SEC_ETW_CNB,,ETW,CNB,51.306,123.306,CRUISING,,,,,61.21,,,GREEN,LOW,False,,False,,JRN_NDLS_LKO_01_20260902_184646,0.2535,0.0,0.95,0.4541,1.0,LIGHT,NONE,,24.9,59.9,12:06:30,30.0,BASELINE_HISTORICAL_CALIBRATION,72.0,25.5
OBS_000715,12:07:00,21420.0,12004,ROUTE_NDLS_LKO_01,SYNTHETIC_SIMULATOR,OK,26.570695,79.872163,389.723,123.5,34.31,123.5,0.0,980.7,130.0,,893.26,SEC_ETW_CNB,,ETW,CNB,50.277,122.277,CRUISING,,,,,60.92,,,GREEN,LOW,False,,False,,JRN_NDLS_LKO_01_20260902_184646,0.2535,0.0,0.95,0.4541,1.0,LIGHT,NONE,,24.4,59.4,12:07:00,30.0,BASELINE_HISTORICAL_CALIBRATION,71.5,25.0
OBS_000716,12:07:30,21450.0,12004,ROUTE_NDLS_LKO_01,SYNTHETIC_SIMULATOR,OK,26.568304,79.881959,390.752,123.5,34.31,123.5,0.0,980.7,130.0,,884.26,SEC_ETW_CNB,,ETW,CNB,49.248,121.248,CRUISING,,,,,60.64,,,GREEN,LOW,False,,False,,JRN_NDLS_LKO_01_20260902_184646,0.2535,0.0,0.95,0.4541,1.0,LIGHT,NONE,,23.9,58.9,12:07:30,30.0,BASELINE_HISTORICAL_CALIBRATION,71.0,24.5
OBS_000717,12:08:00,21480.0,12004,ROUTE_NDLS_LKO_01,SYNTHETIC_SIMULATOR,OK,26.565913,79.891755,391.781,123.5,34.31,123.5,0.0,980.7,130.0,,875.16,SEC_ETW_CNB,,ETW,CNB,48.219,120.219,CRUISING,,,,,60.36,,,GREEN,LOW,False,,False,,JRN_NDLS_LKO_01_20260902_184646,0.2535,0.0,0.95,0.4541,1.0,LIGHT,NONE,,23.4,58.4,12:08:00,30.0,BASELINE_HISTORICAL_CALIBRATION,70.5,24.0
OBS_000718,12:08:30,21510.0,12004,ROUTE_NDLS_LKO_01,SYNTHETIC_SIMULATOR,OK,26.563522,79.90155,392.81,123.5,34.31,123.5,0.0,980.7,130.0,,865.97,SEC_ETW_CNB,,ETW,CNB,47.19,119.19,CRUISING,,,,,60.07,,,GREEN,LOW,False,,False,,JRN_NDLS_LKO_01_20260902_184646,0.2535,0.0,0.95,0.4541,1.0,LIGHT,NONE,,22.9,57.9,12:08:30,30.0,BASELINE_HISTORICAL_CALIBRATION,70.0,23.5
OBS_000719,12:09:00,21540.0,12004,ROUTE_NDLS_LKO_01,SYNTHETIC_SIMULATOR,OK,26.561132,79.911346,393.84,123.5,34.31,123.5,0.0,980.7,130.0,,856.68,SEC_ETW_CNB,,ETW,CNB,46.16,118.16,CRUISING,,,,,59.79,,,GREEN,LOW,False,,False,,JRN_NDLS_LKO_01_20260902_184646,0.2535,0.0,0.95,0.4541,1.0,LIGHT,NONE,,22.4,57.4,12:09:00,30.0,BASELINE_HISTORICAL_CALIBRATION,69.5,23.0
OBS_000720,12:09:30,21570.0,12004,ROUTE_NDLS_LKO_01,SYNTHETIC_SIMULATOR,OK,26.558741,79.921141,394.869,123.5,34.31,123.5,0.0,980.7,130.0,,847.28,SEC_ETW_CNB,,ETW,CNB,45.131,117.131,CRUISING,,,,,59.51,,,GREEN,LOW,False,,False,,JRN_NDLS_LKO_01_20260902_184646,0.2535,0.0,0.95,0.4541,1.0,LIGHT,NONE,,21.9,56.9,12:09:30,30.0,BASELINE_HISTORICAL_CALIBRATION,69.0,22.5
OBS_000721,12:10:00,21600.0,12004,ROUTE_NDLS_LKO_01,SYNTHETIC_SIMULATOR,OK,26.55635,79.930937,395.898,123.5,34.31,123.5,0.0,980.7,130.0,,837.78,SEC_ETW_CNB,,ETW,CNB,44.102,116.102,CRUISING,,,,,59.22,,,GREEN,LOW,False,,False,,JRN_NDLS_LKO_01_20260902_184646,0.2535,0.0,0.95,0.4541,1.0,LIGHT,NONE,,21.4,56.4,12:10:00,30.0,BASELINE_HISTORICAL_CALIBRATION,68.5,22.0
OBS_000722,12:10:30,21630.0,12004,ROUTE_NDLS_LKO_01,SYNTHETIC_SIMULATOR,OK,26.553959,79.940733,396.927,123.5,34.31,123.5,0.0,980.7,130.0,,828.18,SEC_ETW_CNB,,ETW,CNB,43.073,115.073,CRUISING,,,,,58.94,,,GREEN,LOW,False,,False,,JRN_NDLS_LKO_01_20260902_184646,0.2535,0.0,0.95,0.4541,1.0,LIGHT,NONE,,20.9,55.9,12:10:30,30.0,BASELINE_HISTORICAL_CALIBRATION,68.0,21.5
OBS_000723,12:11:00,21660.0,12004,ROUTE_NDLS_LKO_01,SYNTHETIC_SIMULATOR,OK,26.551569,79.950528,397.956,123.5,34.31,123.5,0.0,980.7,130.0,,818.46,SEC_ETW_CNB,,ETW,CNB,42.044,114.044,CRUISING,,,,,58.65,,,GREEN,LOW,False,,False,,JRN_NDLS_LKO_01_20260902_184646,0.2535,0.0,0.95,0.4541,1.0,LIGHT,NONE,,20.4,55.4,12:11:00,30.0,BASELINE_HISTORICAL_CALIBRATION,67.5,21.0
OBS_000724,12:11:30,21690.0,12004,ROUTE_NDLS_LKO_01,SYNTHETIC_SIMULATOR,OK,26.549178,79.960324,398.985,123.5,34.31,123.5,0.0,980.7,130.0,,808.62,SEC_ETW_CNB,,ETW,CNB,41.015,113.015,CRUISING,,,,,58.37,,,GREEN,LOW,False,,False,,JRN_NDLS_LKO_01_20260902_184646,0.2535,0.0,0.95,0.4541,1.0,LIGHT,NONE,,19.9,54.9,12:11:30,30.0,BASELINE_HISTORICAL_CALIBRATION,67.0,20.5
OBS_000725,12:12:00,21720.0,12004,ROUTE_NDLS_LKO_01,SYNTHETIC_SIMULATOR,OK,26.546787,79.970119,400.015,123.5,34.31,123.5,0.0,980.7,130.0,,798.66,SEC_ETW_CNB,,ETW,CNB,39.985,111.985,CRUISING,,,,,58.09,,,GREEN,LOW,False,,False,,JRN_NDLS_LKO_01_20260902_184646,0.2535,0.0,0.95,0.4541,1.0,LIGHT,NONE,,19.4,54.4,12:12:00,30.0,BASELINE_HISTORICAL_CALIBRATION,66.5,20.0
OBS_000726,12:12:30,21750.0,12004,ROUTE_NDLS_LKO_01,SYNTHETIC_SIMULATOR,OK,26.544396,79.979915,401.044,123.5,34.31,123.5,0.0,980.7,130.0,,788.58,SEC_ETW_CNB,,ETW,CNB,38.956,110.956,CRUISING,,,,,57.8,,,GREEN,LOW,False,,False,,JRN_NDLS_LKO_01_20260902_184646,0.2535,0.0,0.95,0.4541,1.0,LIGHT,NONE,,18.9,53.9,12:12:30,30.0,BASELINE_HISTORICAL_CALIBRATION,66.0,19.5
OBS_000727,12:13:00,21780.0,12004,ROUTE_NDLS_LKO_01,SYNTHETIC_SIMULATOR,OK,26.542005,79.989711,402.073,123.5,34.31,123.5,0.0,980.7,130.0,,778.36,SEC_ETW_CNB,,ETW,CNB,37.927,109.927,CRUISING,,,,,57.52,,,GREEN,LOW,False,,False,,JRN_NDLS_LKO_01_20260902_184646,0.2535,0.0,0.95,0.4541,1.0,LIGHT,NONE,,18.4,53.4,12:13:00,30.0,BASELINE_HISTORICAL_CALIBRATION,65.5,19.0
OBS_000728,12:13:30,21810.0,12004,ROUTE_NDLS_LKO_01,SYNTHETIC_SIMULATOR,OK,26.539615,79.999506,403.102,123.5,34.31,123.5,0.0,980.7,130.0,,768.01,SEC_ETW_CNB,,ETW,CNB,36.898,108.898,CRUISING,,,,,57.23,,,GREEN,LOW,False,,False,,JRN_NDLS_LKO_01_20260902_184646,0.2535,0.0,0.95,0.4541,1.0,LIGHT,NONE,,17.9,52.9,12:13:30,30.0,BASELINE_HISTORICAL_CALIBRATION,65.0,18.5
OBS_000729,12:14:00,21840.0,12004,ROUTE_NDLS_LKO_01,SYNTHETIC_SIMULATOR,OK,26.537224,80.009302,404.131,123.5,34.31,123.5,0.0,980.7,130.0,,757.52,SEC_ETW_CNB,,ETW,CNB,35.869,107.869,CRUISING,,,,,56.95,,,GREEN,LOW,False,,False,,JRN_NDLS_LKO_01_20260902_184646,0.2535,0.0,0.95,0.4541,1.0,LIGHT,NONE,,17.4,52.4,12:14:00,30.0,BASELINE_HISTORICAL_CALIBRATION,64.5,18.0
OBS_000730,12:14:30,21870.0,12004,ROUTE_NDLS_LKO_01,SYNTHETIC_SIMULATOR,OK,26.534833,80.019097,405.16,123.5,34.31,123.5,0.0,980.7,130.0,,746.88,SEC_ETW_CNB,,ETW,CNB,34.84,106.84,CRUISING,,,,,56.67,,,GREEN,LOW,False,,False,,JRN_NDLS_LKO_01_20260902_184646,0.2535,0.0,0.95,0.4541,1.0,LIGHT,NONE,,16.9,51.9,12:14:30,30.0,BASELINE_HISTORICAL_CALIBRATION,64.0,17.5
OBS_000731,12:15:00,21900.0,12004,ROUTE_NDLS_LKO_01,SYNTHETIC_SIMULATOR,OK,26.532442,80.028893,406.19,123.5,34.31,123.5,0.0,980.7,130.0,,736.09,SEC_ETW_CNB,,ETW,CNB,33.81,105.81,CRUISING,,,,,56.38,,,GREEN,LOW,False,,False,,JRN_NDLS_LKO_01_20260902_184646,0.2535,0.0,0.95,0.4541,1.0,LIGHT,NONE,,16.4,51.4,12:15:00,30.0,BASELINE_HISTORICAL_CALIBRATION,63.5,17.0
OBS_000732,12:15:30,21930.0,12004,ROUTE_NDLS_LKO_01,SYNTHETIC_SIMULATOR,OK,26.530052,80.038689,407.219,123.5,34.31,123.5,0.0,980.7,130.0,,725.13,SEC_ETW_CNB,,ETW,CNB,32.781,104.781,CRUISING,,,,,56.1,,,GREEN,LOW,False,,False,,JRN_NDLS_LKO_01_20260902_184646,0.2535,0.0,0.95,0.4541,1.0,LIGHT,NONE,,15.9,50.9,12:15:30,30.0,BASELINE_HISTORICAL_CALIBRATION,63.0,16.5
OBS_000733,12:16:00,21960.0,12004,ROUTE_NDLS_LKO_01,SYNTHETIC_SIMULATOR,OK,26.527661,80.048484,408.248,123.5,34.31,123.5,0.0,980.7,130.0,,714.01,SEC_ETW_CNB,,ETW,CNB,31.752,103.752,CRUISING,,,,,55.81,,,GREEN,LOW,False,,False,,JRN_NDLS_LKO_01_20260902_184646,0.2535,0.0,0.95,0.4541,1.0,LIGHT,NONE,,15.4,50.4,12:16:00,30.0,BASELINE_HISTORICAL_CALIBRATION,62.5,16.0
OBS_000734,12:16:30,21990.0,12004,ROUTE_NDLS_LKO_01,SYNTHETIC_SIMULATOR,OK,26.52527,80.05828,409.277,123.5,34.31,123.5,0.0,980.7,130.0,,702.72,SEC_ETW_CNB,,ETW,CNB,30.723,102.723,CRUISING,,,,,55.53,,,GREEN,LOW,False,,False,,JRN_NDLS_LKO_01_20260902_184646,0.2535,0.0,0.95,0.4541,1.0,LIGHT,NONE,,14.9,49.9,12:16:30,30.0,BASELINE_HISTORICAL_CALIBRATION,62.0,15.5
OBS_000735,12:17:00,22020.0,12004,ROUTE_NDLS_LKO_01,SYNTHETIC_SIMULATOR,OK,26.522879,80.068075,410.306,123.5,34.31,123.5,0.0,980.7,130.0,,691.23,SEC_ETW_CNB,,ETW,CNB,29.694,101.694,CRUISING,,,,,55.25,,,GREEN,LOW,False,,False,,JRN_NDLS_LKO_01_20260902_184646,0.2535,0.0,0.95,0.4541,1.0,LIGHT,NONE,,14.4,49.4,12:17:00,30.0,BASELINE_HISTORICAL_CALIBRATION,61.5,15.0
OBS_000736,12:17:30,22050.0,12004,ROUTE_NDLS_LKO_01,SYNTHETIC_SIMULATOR,OK,26.520488,80.077871,411.335,123.5,34.31,123.5,0.0,980.7,130.0,,679.56,SEC_ETW_CNB,,ETW,CNB,28.665,100.665,CRUISING,,,,,54.96,,,GREEN,LOW,False,,False,,JRN_NDLS_LKO_01_20260902_184646,0.2535,0.0,0.95,0.4541,1.0,LIGHT,NONE,,13.9,48.9,12:17:30,30.0,BASELINE_HISTORICAL_CALIBRATION,61.0,14.5
OBS_000737,12:18:00,22080.0,12004,ROUTE_NDLS_LKO_01,SYNTHETIC_SIMULATOR,OK,26.518098,80.087667,412.365,123.5,34.31,123.5,0.0,980.7,130.0,,667.68,SEC_ETW_CNB,,ETW,CNB,27.635,99.635,CRUISING,,,,,54.68,,,GREEN,LOW,False,,False,,JRN_NDLS_LKO_01_20260902_184646,0.2535,0.0,0.95,0.4541,1.0,LIGHT,NONE,,13.4,48.4,12:18:00,30.0,BASELINE_HISTORICAL_CALIBRATION,60.5,14.0
OBS_000738,12:18:30,22110.0,12004,ROUTE_NDLS_LKO_01,SYNTHETIC_SIMULATOR,OK,26.515707,80.097462,413.394,123.5,34.31,123.5,0.0,980.7,130.0,,655.58,SEC_ETW_CNB,,ETW,CNB,26.606,98.606,CRUISING,,,,,54.39,,,GREEN,LOW,False,,False,,JRN_NDLS_LKO_01_20260902_184646,0.2535,0.0,0.95,0.4541,1.0,LIGHT,NONE,,12.9,47.9,12:18:30,30.0,BASELINE_HISTORICAL_CALIBRATION,60.0,13.5
OBS_000739,12:19:00,22140.0,12004,ROUTE_NDLS_LKO_01,SYNTHETIC_SIMULATOR,OK,26.513316,80.107258,414.423,123.5,34.31,123.5,0.0,980.7,130.0,,643.26,SEC_ETW_CNB,,ETW,CNB,25.577,97.577,CRUISING,,,,,54.11,,,GREEN,LOW,False,,False,,JRN_NDLS_LKO_01_20260902_184646,0.2535,0.0,0.95,0.4541,1.0,LIGHT,NONE,,12.4,47.4,12:19:00,30.0,BASELINE_HISTORICAL_CALIBRATION,59.5,13.0
OBS_000740,12:19:30,22170.0,12004,ROUTE_NDLS_LKO_01,SYNTHETIC_SIMULATOR,OK,26.510925,80.117053,415.452,123.5,34.31,123.5,0.0,980.7,130.0,,630.69,SEC_ETW_CNB,,ETW,CNB,24.548,96.548,CRUISING,,,,,53.83,,,GREEN,LOW,False,,False,,JRN_NDLS_LKO_01_20260902_184646,0.2535,0.0,0.95,0.4541,1.0,LIGHT,NONE,,11.9,46.9,12:19:30,30.0,BASELINE_HISTORICAL_CALIBRATION,59.0,12.5
OBS_000741,12:20:00,22200.0,12004,ROUTE_NDLS_LKO_01,SYNTHETIC_SIMULATOR,OK,26.508535,80.126849,416.481,123.5,34.31,123.5,0.0,980.7,130.0,,617.87,SEC_ETW_CNB,,ETW,CNB,23.519,95.519,CRUISING,,,,,53.54,,,GREEN,LOW,False,,False,,JRN_NDLS_LKO_01_20260902_184646,0.2535,0.0,0.95,0.4541,1.0,LIGHT,NONE,,11.4,46.4,12:20:00,30.0,BASELINE_HISTORICAL_CALIBRATION,58.5,12.0
OBS_000742,12:20:30,22230.0,12004,ROUTE_NDLS_LKO_01,SYNTHETIC_SIMULATOR,OK,26.506144,80.136644,417.51,123.5,34.31,123.5,0.0,980.7,130.0,,604.78,SEC_ETW_CNB,,ETW,CNB,22.49,94.49,CRUISING,,,,,53.26,,,GREEN,LOW,False,,False,,JRN_NDLS_LKO_01_20260902_184646,0.2535,0.0,0.95,0.4541,1.0,LIGHT,NONE,,10.9,45.9,12:20:30,30.0,BASELINE_HISTORICAL_CALIBRATION,58.0,11.5
OBS_000743,12:21:00,22260.0,12004,ROUTE_NDLS_LKO_01,SYNTHETIC_SIMULATOR,OK,26.503753,80.14644,418.54,123.5,34.31,123.5,0.0,980.7,130.0,,591.4,SEC_ETW_CNB,,ETW,CNB,21.46,93.46,CRUISING,,,,,52.97,,,GREEN,LOW,False,,False,,JRN_NDLS_LKO_01_20260902_184646,0.2535,0.0,0.95,0.4541,1.0,LIGHT,NONE,,10.4,45.4,12:21:00,30.0,BASELINE_HISTORICAL_CALIBRATION,57.5,11.0
OBS_000744,12:21:30,22290.0,12004,ROUTE_NDLS_LKO_01,SYNTHETIC_SIMULATOR,OK,26.501362,80.156236,419.569,123.5,34.31,123.5,0.0,980.7,130.0,,577.71,SEC_ETW_CNB,,ETW,CNB,20.431,92.431,CRUISING,,,,,52.69,,,GREEN,LOW,False,,False,,JRN_NDLS_LKO_01_20260902_184646,0.2535,0.0,0.95,0.4541,1.0,LIGHT,NONE,,9.9,44.9,12:21:30,30.0,BASELINE_HISTORICAL_CALIBRATION,57.0,10.5
OBS_000745,12:22:00,22320.0,12004,ROUTE_NDLS_LKO_01,SYNTHETIC_SIMULATOR,OK,26.498971,80.166031,420.598,123.5,34.31,123.5,0.0,980.7,130.0,,563.69,SEC_ETW_CNB,,ETW,CNB,19.402,91.402,CRUISING,,,,,52.41,,,GREEN,LOW,False,,False,,JRN_NDLS_LKO_01_20260902_184646,0.2535,0.0,0.95,0.4541,1.0,LIGHT,NONE,,9.4,44.4,12:22:00,30.0,BASELINE_HISTORICAL_CALIBRATION,56.5,10.0
OBS_000746,12:22:30,22350.0,12004,ROUTE_NDLS_LKO_01,SYNTHETIC_SIMULATOR,OK,26.496581,80.175827,421.627,123.5,34.31,123.5,0.0,980.7,130.0,,549.31,SEC_ETW_CNB,,ETW,CNB,18.373,90.373,CRUISING,,,,,52.12,,,GREEN,LOW,False,,False,,JRN_NDLS_LKO_01_20260902_184646,0.2535,0.0,0.95,0.4541,1.0,LIGHT,NONE,,8.9,43.9,12:22:30,30.0,BASELINE_HISTORICAL_CALIBRATION,56.0,9.5
OBS_000747,12:23:00,22380.0,12004,ROUTE_NDLS_LKO_01,SYNTHETIC_SIMULATOR,OK,26.49419,80.185622,422.656,123.5,34.31,123.5,0.0,980.7,130.0,,534.54,SEC_ETW_CNB,,ETW,CNB,17.344,89.344,CRUISING,,,,,51.84,,,GREEN,LOW,False,,False,,JRN_NDLS_LKO_01_20260902_184646,0.2535,0.0,0.95,0.4541,1.0,LIGHT,NONE,,8.4,43.4,12:23:00,30.0,BASELINE_HISTORICAL_CALIBRATION,55.5,9.0
OBS_000748,12:23:30,22410.0,12004,ROUTE_NDLS_LKO_01,SYNTHETIC_SIMULATOR,OK,26.491799,80.195418,423.685,123.5,34.31,123.5,0.0,980.7,130.0,,519.36,SEC_ETW_CNB,,ETW,CNB,16.315,88.315,CRUISING,,,,,51.55,,,GREEN,LOW,False,,False,,JRN_NDLS_LKO_01_20260902_184646,0.2535,0.0,0.95,0.4541,1.0,LIGHT,NONE,,7.9,42.9,12:23:30,30.0,BASELINE_HISTORICAL_CALIBRATION,55.0,8.5
OBS_000749,12:24:00,22440.0,12004,ROUTE_NDLS_LKO_01,SYNTHETIC_SIMULATOR,OK,26.489408,80.205214,424.715,123.5,34.31,123.5,0.0,980.7,130.0,,503.71,SEC_ETW_CNB,,ETW,CNB,15.285,87.285,CRUISING,,,,,51.27,,,GREEN,LOW,False,,False,,JRN_NDLS_LKO_01_20260902_184646,0.2535,0.0,0.95,0.4541,1.0,LIGHT,NONE,,7.4,42.4,12:24:00,30.0,BASELINE_HISTORICAL_CALIBRATION,54.5,8.0
OBS_000750,12:24:30,22470.0,12004,ROUTE_NDLS_LKO_01,SYNTHETIC_SIMULATOR,OK,26.487018,80.215009,425.744,123.5,34.31,123.5,0.0,980.7,130.0,,487.56,SEC_ETW_CNB,,ETW,CNB,14.256,86.256,CRUISING,,,,,50.99,,,GREEN,LOW,False,,False,,JRN_NDLS_LKO_01_20260902_184646,0.2535,0.0,0.95,0.4541,1.0,LIGHT,NONE,,6.9,41.9,12:24:30,30.0,BASELINE_HISTORICAL_CALIBRATION,54.0,7.5
OBS_000751,12:25:00,22500.0,12004,ROUTE_NDLS_LKO_01,SYNTHETIC_SIMULATOR,OK,26.484627,80.224805,426.773,123.5,34.31,123.5,0.0,980.7,130.0,,470.86,SEC_ETW_CNB,,ETW,CNB,13.227,85.227,CRUISING,,,,,50.7,,,GREEN,LOW,False,,False,,JRN_NDLS_LKO_01_20260902_184646,0.2535,0.0,0.95,0.4541,1.0,LIGHT,NONE,,6.4,41.4,12:25:00,30.0,BASELINE_HISTORICAL_CALIBRATION,53.5,7.0
OBS_000752,12:25:30,22530.0,12004,ROUTE_NDLS_LKO_01,SYNTHETIC_SIMULATOR,OK,26.482236,80.2346,427.802,123.5,34.31,123.5,0.0,980.7,130.0,,453.55,SEC_ETW_CNB,,ETW,CNB,12.198,84.198,CRUISING,,,,,50.42,,,GREEN,LOW,False,,False,,JRN_NDLS_LKO_01_20260902_184646,0.2535,0.0,0.95,0.4541,1.0,LIGHT,NONE,,5.9,40.9,12:25:30,30.0,BASELINE_HISTORICAL_CALIBRATION,53.0,6.5
OBS_000753,12:26:00,22560.0,12004,ROUTE_NDLS_LKO_01,SYNTHETIC_SIMULATOR,OK,26.479845,80.244396,428.831,123.5,34.31,123.5,0.0,980.7,130.0,,435.55,SEC_ETW_CNB,,ETW,CNB,11.169,83.169,CRUISING,,,,,50.14,,,GREEN,LOW,False,,False,,JRN_NDLS_LKO_01_20260902_184646,0.2535,0.0,0.95,0.4541,1.0,LIGHT,NONE,,5.4,40.4,12:26:00,30.0,BASELINE_HISTORICAL_CALIBRATION,52.5,6.0
OBS_000754,12:26:30,22590.0,12004,ROUTE_NDLS_LKO_01,SYNTHETIC_SIMULATOR,OK,26.477454,80.254192,429.86,123.5,34.31,123.5,0.0,980.7,130.0,,416.77,SEC_ETW_CNB,,ETW,CNB,10.14,82.14,CRUISING,,,,,49.85,,,GREEN,LOW,False,,False,,JRN_NDLS_LKO_01_20260902_184646,0.2535,0.0,0.95,0.4541,1.0,LIGHT,NONE,,4.9,39.9,12:26:30,30.0,BASELINE_HISTORICAL_CALIBRATION,52.0,5.5
OBS_000755,12:27:00,22620.0,12004,ROUTE_NDLS_LKO_01,SYNTHETIC_SIMULATOR,OK,26.475064,80.263987,430.89,123.5,34.31,123.5,0.0,980.7,130.0,,397.1,SEC_ETW_CNB,,ETW,CNB,9.11,81.11,CRUISING,,,,,49.57,,,GREEN,LOW,False,,False,,JRN_NDLS_LKO_01_20260902_184646,0.2535,0.0,0.95,0.4541,1.0,LIGHT,NONE,,4.4,39.4,12:27:00,30.0,BASELINE_HISTORICAL_CALIBRATION,51.5,5.0
OBS_000756,12:27:30,22650.0,12004,ROUTE_NDLS_LKO_01,SYNTHETIC_SIMULATOR,OK,26.472673,80.273783,431.919,123.5,34.31,123.5,0.0,980.7,130.0,,376.41,SEC_ETW_CNB,,ETW,CNB,8.081,80.081,CRUISING,,,,,49.28,,,GREEN,LOW,False,,False,,JRN_NDLS_LKO_01_20260902_184646,0.2535,0.0,0.95,0.4541,1.0,LIGHT,NONE,,3.9,38.9,12:27:30,30.0,BASELINE_HISTORICAL_CALIBRATION,51.0,4.5
OBS_000757,12:28:00,22680.0,12004,ROUTE_NDLS_LKO_01,SYNTHETIC_SIMULATOR,OK,26.470282,80.283578,432.948,123.5,34.31,123.5,0.0,980.7,130.0,,354.51,SEC_ETW_CNB,,ETW,CNB,7.052,79.052,CRUISING,,,,,49.0,,,GREEN,LOW,False,,False,,JRN_NDLS_LKO_01_20260902_184646,0.2535,0.0,0.95,0.4541,1.0,LIGHT,NONE,,3.4,38.4,12:28:00,30.0,BASELINE_HISTORICAL_CALIBRATION,50.5,4.0
OBS_000758,12:28:30,22710.0,12004,ROUTE_NDLS_LKO_01,SYNTHETIC_SIMULATOR,OK,26.467891,80.293374,433.977,123.5,34.31,123.5,0.0,980.7,130.0,,331.17,SEC_ETW_CNB,,ETW,CNB,6.023,78.023,CRUISING,,,,,48.72,,,GREEN,LOW,False,,False,,JRN_NDLS_LKO_01_20260902_184646,0.2535,0.0,0.95,0.4541,1.0,LIGHT,NONE,,2.9,37.9,12:28:30,30.0,BASELINE_HISTORICAL_CALIBRATION,50.0,3.5
OBS_000759,12:29:00,22740.0,12004,ROUTE_NDLS_LKO_01,SYNTHETIC_SIMULATOR,OK,26.465501,80.30317,435.006,123.5,34.31,123.5,0.0,980.7,130.0,,306.05,SEC_ETW_CNB,,ETW,CNB,4.994,76.994,CRUISING,,,,,48.43,,,GREEN,LOW,False,,False,,JRN_NDLS_LKO_01_20260902_184646,0.2535,0.0,0.95,0.4541,1.0,LIGHT,NONE,,2.4,37.4,12:29:00,30.0,BASELINE_HISTORICAL_CALIBRATION,49.5,3.0
OBS_000760,12:29:30,22770.0,12004,ROUTE_NDLS_LKO_01,SYNTHETIC_SIMULATOR,OK,26.46311,80.312965,436.035,123.5,34.31,123.5,0.0,980.7,130.0,,278.68,SEC_ETW_CNB,,ETW,CNB,3.965,75.965,CRUISING,,,,,48.15,,,GREEN,LOW,False,,False,,JRN_NDLS_LKO_01_20260902_184646,0.2535,0.0,0.95,0.4541,1.0,LIGHT,NONE,,1.9,36.9,12:29:30,30.0,BASELINE_HISTORICAL_CALIBRATION,49.0,2.5
OBS_000761,12:30:00,22800.0,12004,ROUTE_NDLS_LKO_01,SYNTHETIC_SIMULATOR,OK,26.460719,80.322761,437.065,123.5,34.31,123.5,0.0,980.7,130.0,,248.31,SEC_ETW_CNB,,ETW,CNB,2.935,74.935,CRUISING,,,,,47.86,,,GREEN,LOW,False,,False,,JRN_NDLS_LKO_01_20260902_184646,0.2535,0.0,0.95,0.4541,1.0,LIGHT,NONE,,1.4,36.4,12:30:00,30.0,BASELINE_HISTORICAL_CALIBRATION,48.5,2.0
OBS_000762,12:30:30,22830.0,12004,ROUTE_NDLS_LKO_01,SYNTHETIC_SIMULATOR,OK,26.458328,80.332556,438.094,123.5,34.31,123.5,0.0,980.7,130.0,,213.66,SEC_ETW_CNB,,ETW,CNB,1.906,73.906,CRUISING,,,,,47.58,,,GREEN,LOW,False,,False,,JRN_NDLS_LKO_01_20260902_184646,0.2535,0.0,0.95,0.4541,1.0,LIGHT,NONE,,0.9,35.9,12:30:30,30.0,BASELINE_HISTORICAL_CALIBRATION,48.0,1.5
OBS_000763,12:31:00,22860.0,12004,ROUTE_NDLS_LKO_01,SYNTHETIC_SIMULATOR,OK,26.455937,80.342352,439.123,123.5,34.31,123.5,0.0,980.7,130.0,,172.18,SEC_ETW_CNB,,ETW,CNB,0.877,72.877,CRUISING,,,,,47.3,,,GREEN,LOW,False,,False,,JRN_NDLS_LKO_01_20260902_184646,0.2535,0.0,0.95,0.4541,1.0,LIGHT,NONE,,0.4,35.4,12:31:00,30.0,BASELINE_HISTORICAL_CALIBRATION,47.5,1.0
OBS_000764,12:31:30,22890.0,12004,ROUTE_NDLS_LKO_01,SYNTHETIC_SIMULATOR,OK,26.455428,80.344438,439.342,58.7,16.31,116.79,-0.6,221.6,130.0,,116.79,SEC_ETW_CNB,,ETW,CNB,0.658,72.658,DECELERATING,,,,,47.01,,,GREEN,LOW,False,,False,,JRN_NDLS_LKO_01_20260902_184646,0.2535,0.0,0.95,0.4541,1.0,LIGHT,NONE,,0.7,74.3,12:31:30,30.0,BASELINE_HISTORICAL_CALIBRATION,47.0,0.5
OBS_000765,12:32:00,22920.0,12004,ROUTE_NDLS_LKO_01,SYNTHETIC_SIMULATOR,OK,26.4539,80.3507,440.0,0.0,0.0,101.15,0.0,0.0,130.0,,101.15,SEC_ETW_CNB,CNB,CNB,LKO,72.0,72.0,DWELLING,ARRIVED,12:32:00,,,47.34,,,GREEN,LOW,False,,False,,JRN_NDLS_LKO_01_20260902_184646,0.2535,0.0,0.95,0.4541,1.0,LIGHT,NONE,,172.8,172.8,12:32:00,30.0,BASELINE_HISTORICAL_CALIBRATION,46.5,46.5
OBS_000766,12:32:30,22950.0,12004,ROUTE_NDLS_LKO_01,SYNTHETIC_SIMULATOR,OK,26.4539,80.3507,440.0,0.0,0.0,0.0,0.0,0.0,110.0,,0.0,SEC_CNB_LKO,CNB,CNB,LKO,72.0,72.0,DWELLING,,,,,47.34,,,GREEN,LOW,False,,False,,JRN_NDLS_LKO_01_20260902_184646,0.2535,0.0,0.95,0.4541,1.0,LIGHT,NONE,,172.8,172.8,12:32:30,30.0,BASELINE_HISTORICAL_CALIBRATION,46.0,46.0
OBS_000767,12:33:00,22980.0,12004,ROUTE_NDLS_LKO_01,SYNTHETIC_SIMULATOR,OK,26.4539,80.3507,440.0,0.0,0.0,0.0,0.0,0.0,110.0,,0.0,SEC_CNB_LKO,CNB,CNB,LKO,72.0,72.0,DWELLING,,,,,47.84,,,GREEN,LOW,False,,False,,JRN_NDLS_LKO_01_20260902_184646,0.2535,0.0,0.95,0.4541,1.0,LIGHT,NONE,,172.8,172.8,12:33:00,30.0,BASELINE_HISTORICAL_CALIBRATION,45.5,45.5
OBS_000768,12:33:30,23010.0,12004,ROUTE_NDLS_LKO_01,SYNTHETIC_SIMULATOR,OK,26.4539,80.3507,440.0,0.0,0.0,0.0,0.0,0.0,110.0,,0.0,SEC_CNB_LKO,CNB,CNB,LKO,72.0,72.0,DWELLING,,,,,48.34,,,GREEN,LOW,False,,False,,JRN_NDLS_LKO_01_20260902_184646,0.2535,0.0,0.95,0.4541,1.0,LIGHT,NONE,,172.8,172.8,12:33:30,30.0,BASELINE_HISTORICAL_CALIBRATION,45.0,45.0
OBS_000769,12:34:00,23040.0,12004,ROUTE_NDLS_LKO_01,SYNTHETIC_SIMULATOR,OK,26.4539,80.3507,440.0,0.0,0.0,0.0,0.0,0.0,110.0,,0.0,SEC_CNB_LKO,CNB,CNB,LKO,72.0,72.0,DWELLING,,,,,48.84,,,GREEN,LOW,False,,False,,JRN_NDLS_LKO_01_20260902_184646,0.2535,0.0,0.95,0.4541,1.0,LIGHT,NONE,,172.8,172.8,12:34:00,30.0,BASELINE_HISTORICAL_CALIBRATION,44.5,44.5
OBS_000770,12:34:30,23070.0,12004,ROUTE_NDLS_LKO_01,SYNTHETIC_SIMULATOR,OK,26.4539,80.3507,440.0,0.0,0.0,0.0,0.0,0.0,110.0,,0.0,SEC_CNB_LKO,CNB,CNB,LKO,72.0,72.0,DWELLING,,,,,49.34,,,GREEN,LOW,False,,False,,JRN_NDLS_LKO_01_20260902_184646,0.2535,0.0,0.95,0.4541,1.0,LIGHT,NONE,,172.8,172.8,12:34:30,30.0,BASELINE_HISTORICAL_CALIBRATION,44.0,44.0
OBS_000771,12:35:00,23100.0,12004,ROUTE_NDLS_LKO_01,SYNTHETIC_SIMULATOR,OK,26.4539,80.3507,440.0,0.0,0.0,0.0,0.0,0.0,110.0,,0.0,SEC_CNB_LKO,CNB,CNB,LKO,72.0,72.0,DWELLING,,,,,49.84,,,GREEN,LOW,False,,False,,JRN_NDLS_LKO_01_20260902_184646,0.2535,0.0,0.95,0.4541,1.0,LIGHT,NONE,,172.8,172.8,12:35:00,30.0,BASELINE_HISTORICAL_CALIBRATION,43.5,43.5
OBS_000772,12:35:30,23130.0,12004,ROUTE_NDLS_LKO_01,SYNTHETIC_SIMULATOR,OK,26.4539,80.3507,440.0,0.0,0.0,0.0,0.0,0.0,110.0,,0.0,SEC_CNB_LKO,CNB,CNB,LKO,72.0,72.0,DWELLING,,,,,50.34,,,GREEN,LOW,False,,False,,JRN_NDLS_LKO_01_20260902_184646,0.2535,0.0,0.95,0.4541,1.0,LIGHT,NONE,,172.8,172.8,12:35:30,30.0,BASELINE_HISTORICAL_CALIBRATION,43.0,43.0
OBS_000773,12:36:00,23160.0,12004,ROUTE_NDLS_LKO_01,SYNTHETIC_SIMULATOR,OK,26.4539,80.3507,440.0,0.0,0.0,0.0,0.0,0.0,110.0,,0.0,SEC_CNB_LKO,CNB,CNB,LKO,72.0,72.0,DWELLING,,,,,50.84,,,GREEN,LOW,False,,False,,JRN_NDLS_LKO_01_20260902_184646,0.2535,0.0,0.95,0.4541,1.0,LIGHT,NONE,,172.8,172.8,12:36:00,30.0,BASELINE_HISTORICAL_CALIBRATION,42.5,42.5
OBS_000774,12:36:30,23190.0,12004,ROUTE_NDLS_LKO_01,SYNTHETIC_SIMULATOR,OK,26.4539,80.3507,440.0,0.0,0.0,0.0,0.0,0.0,110.0,,0.0,SEC_CNB_LKO,CNB,CNB,LKO,72.0,72.0,DWELLING,,,,,51.34,,,GREEN,LOW,False,,False,,JRN_NDLS_LKO_01_20260902_184646,0.2535,0.0,0.95,0.4541,1.0,LIGHT,NONE,,172.8,172.8,12:36:30,30.0,BASELINE_HISTORICAL_CALIBRATION,42.0,42.0
OBS_000775,12:37:00,23220.0,12004,ROUTE_NDLS_LKO_01,SYNTHETIC_SIMULATOR,OK,26.4539,80.3507,440.675,54.0,15.0,104.5,0.5,187.5,110.0,,1058.18,SEC_CNB_LKO,CNB,CNB,LKO,71.325,71.325,ACCELERATING,DEPARTED,,12:37:00,5,51.84,,,GREEN,LOW,False,,False,,JRN_NDLS_LKO_01_20260902_184646,0.2535,0.0,0.95,0.4541,1.0,LIGHT,NONE,,79.2,79.2,12:37:00,30.0,BASELINE_HISTORICAL_CALIBRATION,41.5,41.5
OBS_000776,12:37:30,23250.0,12004,ROUTE_NDLS_LKO_01,SYNTHETIC_SIMULATOR,OK,26.463207,80.364675,441.771,104.5,29.03,104.5,0.5,702.2,110.0,,1053.21,SEC_CNB_LKO,,CNB,LKO,70.229,70.229,ACCELERATING,,,,,51.83,,,GREEN,LOW,False,,False,,JRN_NDLS_LKO_01_20260902_184646,0.2535,0.0,0.95,0.4541,1.0,LIGHT,NONE,,40.3,40.3,12:37:30,30.0,BASELINE_HISTORICAL_CALIBRATION,41.0,41.0
OBS_000777,12:38:00,23280.0,12004,ROUTE_NDLS_LKO_01,SYNTHETIC_SIMULATOR,OK,26.467783,80.371547,442.642,104.5,29.03,104.5,0.0,702.2,110.0,,1045.09,SEC_CNB_LKO,,CNB,LKO,69.358,69.358,CRUISING,,,,,51.49,,,GREEN,LOW,False,,False,,JRN_NDLS_LKO_01_20260902_184646,0.2535,0.0,0.95,0.4541,1.0,LIGHT,NONE,,39.8,39.8,12:38:00,30.0,BASELINE_HISTORICAL_CALIBRATION,40.5,40.5
OBS_000778,12:38:30,23310.0,12004,ROUTE_NDLS_LKO_01,SYNTHETIC_SIMULATOR,OK,26.47236,80.378419,443.512,104.5,29.03,104.5,0.0,702.2,110.0,,1038.59,SEC_CNB_LKO,,CNB,LKO,68.488,68.488,CRUISING,,,,,51.33,,,GREEN,LOW,False,,False,,JRN_NDLS_LKO_01_20260902_184646,0.2535,0.0,0.95,0.4541,1.0,LIGHT,NONE,,39.3,39.3,12:38:30,30.0,BASELINE_HISTORICAL_CALIBRATION,40.0,40.0
OBS_000779,12:39:00,23340.0,12004,ROUTE_NDLS_LKO_01,SYNTHETIC_SIMULATOR,OK,26.476937,80.385292,444.383,104.5,29.03,104.5,0.0,702.2,110.0,,1032.05,SEC_CNB_LKO,,CNB,LKO,67.617,67.617,CRUISING,,,,,51.17,,,GREEN,LOW,False,,False,,JRN_NDLS_LKO_01_20260902_184646,0.2535,0.0,0.95,0.4541,1.0,LIGHT,NONE,,38.8,38.8,12:39:00,30.0,BASELINE_HISTORICAL_CALIBRATION,39.5,39.5
OBS_000780,12:39:30,23370.0,12004,ROUTE_NDLS_LKO_01,SYNTHETIC_SIMULATOR,OK,26.481514,80.392164,445.254,104.5,29.03,104.5,0.0,702.2,110.0,,1025.46,SEC_CNB_LKO,,CNB,LKO,66.746,66.746,CRUISING,,,,,51.0,,,GREEN,LOW,False,,False,,JRN_NDLS_LKO_01_20260902_184646,0.2535,0.0,0.95,0.4541,1.0,LIGHT,NONE,,38.3,38.3,12:39:30,30.0,BASELINE_HISTORICAL_CALIBRATION,39.0,39.0
OBS_000781,12:40:00,23400.0,12004,ROUTE_NDLS_LKO_01,SYNTHETIC_SIMULATOR,OK,26.48609,80.399036,446.125,104.5,29.03,104.5,0.0,702.2,110.0,,1018.84,SEC_CNB_LKO,,CNB,LKO,65.875,65.875,CRUISING,,,,,50.84,,,GREEN,LOW,False,,False,,JRN_NDLS_LKO_01_20260902_184646,0.2535,0.0,0.95,0.4541,1.0,LIGHT,NONE,,37.8,37.8,12:40:00,30.0,BASELINE_HISTORICAL_CALIBRATION,38.5,38.5
OBS_000782,12:40:30,23430.0,12004,ROUTE_NDLS_LKO_01,SYNTHETIC_SIMULATOR,OK,26.490667,80.405909,446.996,104.5,29.03,104.5,0.0,702.2,110.0,,1012.17,SEC_CNB_LKO,,CNB,LKO,65.004,65.004,CRUISING,,,,,50.68,,,GREEN,LOW,False,,False,,JRN_NDLS_LKO_01_20260902_184646,0.2535,0.0,0.95,0.4541,1.0,LIGHT,NONE,,37.3,37.3,12:40:30,30.0,BASELINE_HISTORICAL_CALIBRATION,38.0,38.0
OBS_000783,12:41:00,23460.0,12004,ROUTE_NDLS_LKO_01,SYNTHETIC_SIMULATOR,OK,26.495244,80.412781,447.867,104.5,29.03,104.5,0.0,702.2,110.0,,1005.46,SEC_CNB_LKO,,CNB,LKO,64.133,64.133,CRUISING,,,,,50.51,,,GREEN,LOW,False,,False,,JRN_NDLS_LKO_01_20260902_184646,0.2535,0.0,0.95,0.4541,1.0,LIGHT,NONE,,36.8,36.8,12:41:00,30.0,BASELINE_HISTORICAL_CALIBRATION,37.5,37.5
OBS_000784,12:41:30,23490.0,12004,ROUTE_NDLS_LKO_01,SYNTHETIC_SIMULATOR,OK,26.49982,80.419653,448.737,104.5,29.03,104.5,0.0,702.2,110.0,,998.7,SEC_CNB_LKO,,CNB,LKO,63.263,63.263,CRUISING,,,,,50.35,,,GREEN,LOW,False,,False,,JRN_NDLS_LKO_01_20260902_184646,0.2535,0.0,0.95,0.4541,1.0,LIGHT,NONE,,36.3,36.3,12:41:30,30.0,BASELINE_HISTORICAL_CALIBRATION,37.0,37.0
OBS_000785,12:42:00,23520.0,12004,ROUTE_NDLS_LKO_01,SYNTHETIC_SIMULATOR,OK,26.504397,80.426526,449.608,104.5,29.03,104.5,0.0,702.2,110.0,,991.9,SEC_CNB_LKO,,CNB,LKO,62.392,62.392,CRUISING,,,,,50.19,,,GREEN,LOW,False,,False,,JRN_NDLS_LKO_01_20260902_184646,0.2535,0.0,0.95,0.4541,1.0,LIGHT,NONE,,35.8,35.8,12:42:00,30.0,BASELINE_HISTORICAL_CALIBRATION,36.5,36.5
OBS_000786,12:42:30,23550.0,12004,ROUTE_NDLS_LKO_01,SYNTHETIC_SIMULATOR,OK,26.508974,80.433398,450.479,104.5,29.03,104.5,0.0,702.2,110.0,,985.05,SEC_CNB_LKO,,CNB,LKO,61.521,61.521,CRUISING,,,,,50.02,,,GREEN,LOW,False,,False,,JRN_NDLS_LKO_01_20260902_184646,0.2535,0.0,0.95,0.4541,1.0,LIGHT,NONE,,35.3,35.3,12:42:30,30.0,BASELINE_HISTORICAL_CALIBRATION,36.0,36.0
OBS_000787,12:43:00,23580.0,12004,ROUTE_NDLS_LKO_01,SYNTHETIC_SIMULATOR,OK,26.513551,80.44027,451.35,104.5,29.03,104.5,0.0,702.2,110.0,,978.15,SEC_CNB_LKO,,CNB,LKO,60.65,60.65,CRUISING,,,,,49.86,,,GREEN,LOW,False,,False,,JRN_NDLS_LKO_01_20260902_184646,0.2535,0.0,0.95,0.4541,1.0,LIGHT,NONE,,34.8,34.8,12:43:00,30.0,BASELINE_HISTORICAL_CALIBRATION,35.5,35.5
OBS_000788,12:43:30,23610.0,12004,ROUTE_NDLS_LKO_01,SYNTHETIC_SIMULATOR,OK,26.518127,80.447143,452.221,104.5,29.03,104.5,0.0,702.2,110.0,,971.2,SEC_CNB_LKO,,CNB,LKO,59.779,59.779,CRUISING,,,,,49.7,,,GREEN,LOW,False,,False,,JRN_NDLS_LKO_01_20260902_184646,0.2535,0.0,0.95,0.4541,1.0,LIGHT,NONE,,34.3,34.3,12:43:30,30.0,BASELINE_HISTORICAL_CALIBRATION,35.0,35.0
OBS_000789,12:44:00,23640.0,12004,ROUTE_NDLS_LKO_01,SYNTHETIC_SIMULATOR,OK,26.522704,80.454015,453.092,104.5,29.03,104.5,0.0,702.2,110.0,,964.2,SEC_CNB_LKO,,CNB,LKO,58.908,58.908,CRUISING,,,,,49.53,,,GREEN,LOW,False,,False,,JRN_NDLS_LKO_01_20260902_184646,0.2535,0.0,0.95,0.4541,1.0,LIGHT,NONE,,33.8,33.8,12:44:00,30.0,BASELINE_HISTORICAL_CALIBRATION,34.5,34.5
OBS_000790,12:44:30,23670.0,12004,ROUTE_NDLS_LKO_01,SYNTHETIC_SIMULATOR,OK,26.527281,80.460887,453.962,104.5,29.03,104.5,0.0,702.2,110.0,,957.15,SEC_CNB_LKO,,CNB,LKO,58.038,58.038,CRUISING,,,,,49.37,,,GREEN,LOW,False,,False,,JRN_NDLS_LKO_01_20260902_184646,0.2535,0.0,0.95,0.4541,1.0,LIGHT,NONE,,33.3,33.3,12:44:30,30.0,BASELINE_HISTORICAL_CALIBRATION,34.0,34.0
OBS_000791,12:45:00,23700.0,12004,ROUTE_NDLS_LKO_01,SYNTHETIC_SIMULATOR,OK,26.531857,80.46776,454.833,104.5,29.03,104.5,0.0,702.2,110.0,,950.05,SEC_CNB_LKO,,CNB,LKO,57.167,57.167,CRUISING,,,,,49.21,,,GREEN,LOW,False,,False,,JRN_NDLS_LKO_01_20260902_184646,0.2535,0.0,0.95,0.4541,1.0,LIGHT,NONE,,32.8,32.8,12:45:00,30.0,BASELINE_HISTORICAL_CALIBRATION,33.5,33.5
OBS_000792,12:45:30,23730.0,12004,ROUTE_NDLS_LKO_01,SYNTHETIC_SIMULATOR,OK,26.536434,80.474632,455.704,104.5,29.03,104.5,0.0,702.2,110.0,,942.9,SEC_CNB_LKO,,CNB,LKO,56.296,56.296,CRUISING,,,,,49.04,,,GREEN,LOW,False,,False,,JRN_NDLS_LKO_01_20260902_184646,0.2535,0.0,0.95,0.4541,1.0,LIGHT,NONE,,32.3,32.3,12:45:30,30.0,BASELINE_HISTORICAL_CALIBRATION,33.0,33.0
OBS_000793,12:46:00,23760.0,12004,ROUTE_NDLS_LKO_01,SYNTHETIC_SIMULATOR,OK,26.541011,80.481504,456.575,104.5,29.03,104.5,0.0,702.2,110.0,,935.69,SEC_CNB_LKO,,CNB,LKO,55.425,55.425,CRUISING,,,,,48.88,,,GREEN,LOW,False,,False,,JRN_NDLS_LKO_01_20260902_184646,0.2535,0.0,0.95,0.4541,1.0,LIGHT,NONE,,31.8,31.8,12:46:00,30.0,BASELINE_HISTORICAL_CALIBRATION,32.5,32.5
OBS_000794,12:46:30,23790.0,12004,ROUTE_NDLS_LKO_01,SYNTHETIC_SIMULATOR,OK,26.545588,80.488377,457.446,104.5,29.03,104.5,0.0,702.2,110.0,,928.42,SEC_CNB_LKO,,CNB,LKO,54.554,54.554,CRUISING,,,,,48.72,,,GREEN,LOW,False,,False,,JRN_NDLS_LKO_01_20260902_184646,0.2535,0.0,0.95,0.4541,1.0,LIGHT,NONE,,31.3,31.3,12:46:30,30.0,BASELINE_HISTORICAL_CALIBRATION,32.0,32.0
OBS_000795,12:47:00,23820.0,12004,ROUTE_NDLS_LKO_01,SYNTHETIC_SIMULATOR,OK,26.550164,80.495249,458.317,104.5,29.03,104.5,0.0,702.2,110.0,,921.1,SEC_CNB_LKO,,CNB,LKO,53.683,53.683,CRUISING,,,,,48.55,,,GREEN,LOW,False,,False,,JRN_NDLS_LKO_01_20260902_184646,0.2535,0.0,0.95,0.4541,1.0,LIGHT,NONE,,30.8,30.8,12:47:00,30.0,BASELINE_HISTORICAL_CALIBRATION,31.5,31.5
OBS_000796,12:47:30,23850.0,12004,ROUTE_NDLS_LKO_01,SYNTHETIC_SIMULATOR,OK,26.554741,80.502121,459.187,104.5,29.03,104.5,0.0,702.2,110.0,,913.72,SEC_CNB_LKO,,CNB,LKO,52.813,52.813,CRUISING,,,,,48.39,,,GREEN,LOW,False,,False,,JRN_NDLS_LKO_01_20260902_184646,0.2535,0.0,0.95,0.4541,1.0,LIGHT,NONE,,30.3,30.3,12:47:30,30.0,BASELINE_HISTORICAL_CALIBRATION,31.0,31.0
OBS_000797,12:48:00,23880.0,12004,ROUTE_NDLS_LKO_01,SYNTHETIC_SIMULATOR,OK,26.559318,80.508994,460.058,104.5,29.03,104.5,0.0,702.2,110.0,,906.28,SEC_CNB_LKO,,CNB,LKO,51.942,51.942,CRUISING,,,,,48.23,,,GREEN,LOW,False,,False,,JRN_NDLS_LKO_01_20260902_184646,0.2535,0.0,0.95,0.4541,1.0,LIGHT,NONE,,29.8,29.8,12:48:00,30.0,BASELINE_HISTORICAL_CALIBRATION,30.5,30.5
OBS_000798,12:48:30,23910.0,12004,ROUTE_NDLS_LKO_01,SYNTHETIC_SIMULATOR,OK,26.563894,80.515866,460.929,104.5,29.03,104.5,0.0,702.2,110.0,,898.78,SEC_CNB_LKO,,CNB,LKO,51.071,51.071,CRUISING,,,,,48.06,,,GREEN,LOW,False,,False,,JRN_NDLS_LKO_01_20260902_184646,0.2535,0.0,0.95,0.4541,1.0,LIGHT,NONE,,29.3,29.3,12:48:30,30.0,BASELINE_HISTORICAL_CALIBRATION,30.0,30.0
OBS_000799,12:49:00,23940.0,12004,ROUTE_NDLS_LKO_01,SYNTHETIC_SIMULATOR,OK,26.568471,80.522738,461.8,104.5,29.03,104.5,0.0,702.2,110.0,,891.21,SEC_CNB_LKO,,CNB,LKO,50.2,50.2,CRUISING,,,,,47.9,,,GREEN,LOW,False,,False,,JRN_NDLS_LKO_01_20260902_184646,0.2535,0.0,0.95,0.4541,1.0,LIGHT,NONE,,28.8,28.8,12:49:00,30.0,BASELINE_HISTORICAL_CALIBRATION,29.5,29.5
OBS_000800,12:49:30,23970.0,12004,ROUTE_NDLS_LKO_01,SYNTHETIC_SIMULATOR,OK,26.573048,80.529611,462.671,104.5,29.03,104.5,0.0,702.2,110.0,,883.58,SEC_CNB_LKO,,CNB,LKO,49.329,49.329,CRUISING,,,,,47.74,,,GREEN,LOW,False,,False,,JRN_NDLS_LKO_01_20260902_184646,0.2535,0.0,0.95,0.4541,1.0,LIGHT,NONE,,28.3,28.3,12:49:30,30.0,BASELINE_HISTORICAL_CALIBRATION,29.0,29.0
OBS_000801,12:50:00,24000.0,12004,ROUTE_NDLS_LKO_01,SYNTHETIC_SIMULATOR,OK,26.577625,80.536483,463.542,104.5,29.03,104.5,0.0,702.2,110.0,,875.88,SEC_CNB_LKO,,CNB,LKO,48.458,48.458,CRUISING,,,,,47.57,,,GREEN,LOW,False,,False,,JRN_NDLS_LKO_01_20260902_184646,0.2535,0.0,0.95,0.4541,1.0,LIGHT,NONE,,27.8,27.8,12:50:00,30.0,BASELINE_HISTORICAL_CALIBRATION,28.5,28.5
OBS_000802,12:50:30,24030.0,12004,ROUTE_NDLS_LKO_01,SYNTHETIC_SIMULATOR,OK,26.582201,80.543355,464.412,104.5,29.03,104.5,0.0,702.2,110.0,,868.12,SEC_CNB_LKO,,CNB,LKO,47.588,47.588,CRUISING,,,,,47.41,,,GREEN,LOW,False,,False,,JRN_NDLS_LKO_01_20260902_184646,0.2535,0.0,0.95,0.4541,1.0,LIGHT,NONE,,27.3,27.3,12:50:30,30.0,BASELINE_HISTORICAL_CALIBRATION,28.0,28.0
OBS_000803,12:51:00,24060.0,12004,ROUTE_NDLS_LKO_01,SYNTHETIC_SIMULATOR,OK,26.586778,80.550228,465.283,104.5,29.03,104.5,0.0,702.2,110.0,,860.28,SEC_CNB_LKO,,CNB,LKO,46.717,46.717,CRUISING,,,,,47.25,,,GREEN,LOW,False,,False,,JRN_NDLS_LKO_01_20260902_184646,0.2535,0.0,0.95,0.4541,1.0,LIGHT,NONE,,26.8,26.8,12:51:00,30.0,BASELINE_HISTORICAL_CALIBRATION,27.5,27.5
OBS_000804,12:51:30,24090.0,12004,ROUTE_NDLS_LKO_01,SYNTHETIC_SIMULATOR,OK,26.591355,80.5571,466.154,104.5,29.03,104.5,0.0,702.2,110.0,,852.37,SEC_CNB_LKO,,CNB,LKO,45.846,45.846,CRUISING,,,,,47.08,,,GREEN,LOW,False,,False,,JRN_NDLS_LKO_01_20260902_184646,0.2535,0.0,0.95,0.4541,1.0,LIGHT,NONE,,26.3,26.3,12:51:30,30.0,BASELINE_HISTORICAL_CALIBRATION,27.0,27.0
OBS_000805,12:52:00,24120.0,12004,ROUTE_NDLS_LKO_01,SYNTHETIC_SIMULATOR,OK,26.595931,80.563972,467.025,104.5,29.03,104.5,0.0,702.2,110.0,,844.39,SEC_CNB_LKO,,CNB,LKO,44.975,44.975,CRUISING,,,,,46.92,,,GREEN,LOW,False,,False,,JRN_NDLS_LKO_01_20260902_184646,0.2535,0.0,0.95,0.4541,1.0,LIGHT,NONE,,25.8,25.8,12:52:00,30.0,BASELINE_HISTORICAL_CALIBRATION,26.5,26.5
OBS_000806,12:52:30,24150.0,12004,ROUTE_NDLS_LKO_01,SYNTHETIC_SIMULATOR,OK,26.600508,80.570845,467.896,104.5,29.03,104.5,0.0,702.2,110.0,,836.33,SEC_CNB_LKO,,CNB,LKO,44.104,44.104,CRUISING,,,,,46.76,,,GREEN,LOW,False,,False,,JRN_NDLS_LKO_01_20260902_184646,0.2535,0.0,0.95,0.4541,1.0,LIGHT,NONE,,25.3,25.3,12:52:30,30.0,BASELINE_HISTORICAL_CALIBRATION,26.0,26.0
OBS_000807,12:53:00,24180.0,12004,ROUTE_NDLS_LKO_01,SYNTHETIC_SIMULATOR,OK,26.605085,80.577717,468.767,104.5,29.03,104.5,0.0,702.2,110.0,,828.2,SEC_CNB_LKO,,CNB,LKO,43.233,43.233,CRUISING,,,,,46.59,,,GREEN,LOW,False,,False,,JRN_NDLS_LKO_01_20260902_184646,0.2535,0.0,0.95,0.4541,1.0,LIGHT,NONE,,24.8,24.8,12:53:00,30.0,BASELINE_HISTORICAL_CALIBRATION,25.5,25.5
OBS_000808,12:53:30,24210.0,12004,ROUTE_NDLS_LKO_01,SYNTHETIC_SIMULATOR,OK,26.609662,80.584589,469.637,104.5,29.03,104.5,0.0,702.2,110.0,,819.98,SEC_CNB_LKO,,CNB,LKO,42.363,42.363,CRUISING,,,,,46.43,,,GREEN,LOW,False,,False,,JRN_NDLS_LKO_01_20260902_184646,0.2535,0.0,0.95,0.4541,1.0,LIGHT,NONE,,24.3,24.3,12:53:30,30.0,BASELINE_HISTORICAL_CALIBRATION,25.0,25.0
OBS_000809,12:54:00,24240.0,12004,ROUTE_NDLS_LKO_01,SYNTHETIC_SIMULATOR,OK,26.614238,80.591462,470.508,104.5,29.03,104.5,0.0,702.2,110.0,,811.68,SEC_CNB_LKO,,CNB,LKO,41.492,41.492,CRUISING,,,,,46.27,,,GREEN,LOW,False,,False,,JRN_NDLS_LKO_01_20260902_184646,0.2535,0.0,0.95,0.4541,1.0,LIGHT,NONE,,23.8,23.8,12:54:00,30.0,BASELINE_HISTORICAL_CALIBRATION,24.5,24.5
OBS_000810,12:54:30,24270.0,12004,ROUTE_NDLS_LKO_01,SYNTHETIC_SIMULATOR,OK,26.618815,80.598334,471.379,104.5,29.03,104.5,0.0,702.2,110.0,,803.29,SEC_CNB_LKO,,CNB,LKO,40.621,40.621,CRUISING,,,,,46.1,,,GREEN,LOW,False,,False,,JRN_NDLS_LKO_01_20260902_184646,0.2535,0.0,0.95,0.4541,1.0,LIGHT,NONE,,23.3,23.3,12:54:30,30.0,BASELINE_HISTORICAL_CALIBRATION,24.0,24.0
OBS_000811,12:55:00,24300.0,12004,ROUTE_NDLS_LKO_01,SYNTHETIC_SIMULATOR,OK,26.623392,80.605206,472.25,104.5,29.03,104.5,0.0,702.2,110.0,,794.82,SEC_CNB_LKO,,CNB,LKO,39.75,39.75,CRUISING,,,,,45.94,,,GREEN,LOW,False,,False,,JRN_NDLS_LKO_01_20260902_184646,0.2535,0.0,0.95,0.4541,1.0,LIGHT,NONE,,22.8,22.8,12:55:00,30.0,BASELINE_HISTORICAL_CALIBRATION,23.5,23.5
OBS_000812,12:55:30,24330.0,12004,ROUTE_NDLS_LKO_01,SYNTHETIC_SIMULATOR,OK,26.627968,80.612079,473.121,104.5,29.03,104.5,0.0,702.2,110.0,,786.25,SEC_CNB_LKO,,CNB,LKO,38.879,38.879,CRUISING,,,,,45.78,,,GREEN,LOW,False,,False,,JRN_NDLS_LKO_01_20260902_184646,0.2535,0.0,0.95,0.4541,1.0,LIGHT,NONE,,22.3,22.3,12:55:30,30.0,BASELINE_HISTORICAL_CALIBRATION,23.0,23.0
OBS_000813,12:56:00,24360.0,12004,ROUTE_NDLS_LKO_01,SYNTHETIC_SIMULATOR,OK,26.632545,80.618951,473.992,104.5,29.03,104.5,0.0,702.2,110.0,,777.59,SEC_CNB_LKO,,CNB,LKO,38.008,38.008,CRUISING,,,,,45.61,,,GREEN,LOW,False,,False,,JRN_NDLS_LKO_01_20260902_184646,0.2535,0.0,0.95,0.4541,1.0,LIGHT,NONE,,21.8,21.8,12:56:00,30.0,BASELINE_HISTORICAL_CALIBRATION,22.5,22.5
OBS_000814,12:56:30,24390.0,12004,ROUTE_NDLS_LKO_01,SYNTHETIC_SIMULATOR,OK,26.637122,80.625823,474.862,104.5,29.03,104.5,0.0,702.2,110.0,,768.83,SEC_CNB_LKO,,CNB,LKO,37.138,37.138,CRUISING,,,,,45.45,,,GREEN,LOW,False,,False,,JRN_NDLS_LKO_01_20260902_184646,0.2535,0.0,0.95,0.4541,1.0,LIGHT,NONE,,21.3,21.3,12:56:30,30.0,BASELINE_HISTORICAL_CALIBRATION,22.0,22.0
OBS_000815,12:57:00,24420.0,12004,ROUTE_NDLS_LKO_01,SYNTHETIC_SIMULATOR,OK,26.641699,80.632696,475.733,104.5,29.03,104.5,0.0,702.2,110.0,,759.98,SEC_CNB_LKO,,CNB,LKO,36.267,36.267,CRUISING,,,,,45.29,,,GREEN,LOW,False,,False,,JRN_NDLS_LKO_01_20260902_184646,0.2535,0.0,0.95,0.4541,1.0,LIGHT,NONE,,20.8,20.8,12:57:00,30.0,BASELINE_HISTORICAL_CALIBRATION,21.5,21.5
OBS_000816,12:57:30,24450.0,12004,ROUTE_NDLS_LKO_01,SYNTHETIC_SIMULATOR,OK,26.646275,80.639568,476.604,104.5,29.03,104.5,0.0,702.2,110.0,,751.01,SEC_CNB_LKO,,CNB,LKO,35.396,35.396,CRUISING,,,,,45.13,,,GREEN,LOW,False,,False,,JRN_NDLS_LKO_01_20260902_184646,0.2535,0.0,0.95,0.4541,1.0,LIGHT,NONE,,20.3,20.3,12:57:30,30.0,BASELINE_HISTORICAL_CALIBRATION,21.0,21.0
OBS_000817,12:58:00,24480.0,12004,ROUTE_NDLS_LKO_01,SYNTHETIC_SIMULATOR,OK,26.650852,80.64644,477.475,104.5,29.03,104.5,0.0,702.2,110.0,,741.94,SEC_CNB_LKO,,CNB,LKO,34.525,34.525,CRUISING,,,,,44.96,,,GREEN,LOW,False,,False,,JRN_NDLS_LKO_01_20260902_184646,0.2535,0.0,0.95,0.4541,1.0,LIGHT,NONE,,19.8,19.8,12:58:00,30.0,BASELINE_HISTORICAL_CALIBRATION,20.5,20.5
OBS_000818,12:58:30,24510.0,12004,ROUTE_NDLS_LKO_01,SYNTHETIC_SIMULATOR,OK,26.655429,80.653313,478.346,104.5,29.03,104.5,0.0,702.2,110.0,,732.76,SEC_CNB_LKO,,CNB,LKO,33.654,33.654,CRUISING,,,,,44.8,,,GREEN,LOW,False,,False,,JRN_NDLS_LKO_01_20260902_184646,0.2535,0.0,0.95,0.4541,1.0,LIGHT,NONE,,19.3,19.3,12:58:30,30.0,BASELINE_HISTORICAL_CALIBRATION,20.0,20.0
OBS_000819,12:59:00,24540.0,12004,ROUTE_NDLS_LKO_01,SYNTHETIC_SIMULATOR,OK,26.660005,80.660185,479.217,104.5,29.03,104.5,0.0,702.2,110.0,,723.46,SEC_CNB_LKO,,CNB,LKO,32.783,32.783,CRUISING,,,,,44.64,,,GREEN,LOW,False,,False,,JRN_NDLS_LKO_01_20260902_184646,0.2535,0.0,0.95,0.4541,1.0,LIGHT,NONE,,18.8,18.8,12:59:00,30.0,BASELINE_HISTORICAL_CALIBRATION,19.5,19.5
OBS_000820,12:59:30,24570.0,12004,ROUTE_NDLS_LKO_01,SYNTHETIC_SIMULATOR,OK,26.664582,80.667057,480.087,104.5,29.03,104.5,0.0,702.2,110.0,,714.04,SEC_CNB_LKO,,CNB,LKO,31.913,31.913,CRUISING,,,,,44.47,,,GREEN,LOW,False,,False,,JRN_NDLS_LKO_01_20260902_184646,0.2535,0.0,0.95,0.4541,1.0,LIGHT,NONE,,18.3,18.3,12:59:30,30.0,BASELINE_HISTORICAL_CALIBRATION,19.0,19.0
OBS_000821,13:00:00,24600.0,12004,ROUTE_NDLS_LKO_01,SYNTHETIC_SIMULATOR,OK,26.669159,80.67393,480.958,104.5,29.03,104.5,0.0,702.2,110.0,,704.49,SEC_CNB_LKO,,CNB,LKO,31.042,31.042,CRUISING,,,,,44.31,,,GREEN,LOW,False,,False,,JRN_NDLS_LKO_01_20260902_184646,0.257,0.0,0.95,0.4541,1.0,LIGHT,NONE,,17.8,17.8,13:00:00,30.0,BASELINE_HISTORICAL_CALIBRATION,18.5,18.5
OBS_000822,13:00:30,24630.0,12004,ROUTE_NDLS_LKO_01,SYNTHETIC_SIMULATOR,OK,26.673736,80.680802,481.829,104.5,29.03,104.5,0.0,702.2,110.0,,694.81,SEC_CNB_LKO,,CNB,LKO,30.171,30.171,CRUISING,,,,,44.15,,,GREEN,LOW,False,,False,,JRN_NDLS_LKO_01_20260902_184646,0.257,0.0,0.95,0.4541,1.0,LIGHT,NONE,,17.3,17.3,13:00:30,30.0,BASELINE_HISTORICAL_CALIBRATION,18.0,18.0
OBS_000823,13:01:00,24660.0,12004,ROUTE_NDLS_LKO_01,SYNTHETIC_SIMULATOR,OK,26.678312,80.687674,482.7,104.5,29.03,104.5,0.0,702.2,110.0,,684.99,SEC_CNB_LKO,,CNB,LKO,29.3,29.3,CRUISING,,,,,43.98,,,GREEN,LOW,False,,False,,JRN_NDLS_LKO_01_20260902_184646,0.257,0.0,0.95,0.4541,1.0,LIGHT,NONE,,16.8,16.8,13:01:00,30.0,BASELINE_HISTORICAL_CALIBRATION,17.5,17.5
OBS_000824,13:01:30,24690.0,12004,ROUTE_NDLS_LKO_01,SYNTHETIC_SIMULATOR,OK,26.682889,80.694546,483.571,104.5,29.03,104.5,0.0,702.2,110.0,,675.04,SEC_CNB_LKO,,CNB,LKO,28.429,28.429,CRUISING,,,,,43.82,,,GREEN,LOW,False,,False,,JRN_NDLS_LKO_01_20260902_184646,0.257,0.0,0.95,0.4541,1.0,LIGHT,NONE,,16.3,16.3,13:01:30,30.0,BASELINE_HISTORICAL_CALIBRATION,17.0,17.0
OBS_000825,13:02:00,24720.0,12004,ROUTE_NDLS_LKO_01,SYNTHETIC_SIMULATOR,OK,26.687466,80.701419,484.442,104.5,29.03,104.5,0.0,702.2,110.0,,664.93,SEC_CNB_LKO,,CNB,LKO,27.558,27.558,CRUISING,,,,,43.66,,,GREEN,LOW,False,,False,,JRN_NDLS_LKO_01_20260902_184646,0.257,0.0,0.95,0.4541,1.0,LIGHT,NONE,,15.8,15.8,13:02:00,30.0,BASELINE_HISTORICAL_CALIBRATION,16.5,16.5
OBS_000826,13:02:30,24750.0,12004,ROUTE_NDLS_LKO_01,SYNTHETIC_SIMULATOR,OK,26.692042,80.708291,485.312,104.5,29.03,104.5,0.0,702.2,110.0,,654.67,SEC_CNB_LKO,,CNB,LKO,26.688,26.688,CRUISING,,,,,43.49,,,GREEN,LOW,False,,False,,JRN_NDLS_LKO_01_20260902_184646,0.257,0.0,0.95,0.4541,1.0,LIGHT,NONE,,15.3,15.3,13:02:30,30.0,BASELINE_HISTORICAL_CALIBRATION,16.0,16.0
OBS_000827,13:03:00,24780.0,12004,ROUTE_NDLS_LKO_01,SYNTHETIC_SIMULATOR,OK,26.696619,80.715163,486.183,104.5,29.03,104.5,0.0,702.2,110.0,,644.24,SEC_CNB_LKO,,CNB,LKO,25.817,25.817,CRUISING,,,,,43.33,,,GREEN,LOW,False,,False,,JRN_NDLS_LKO_01_20260902_184646,0.257,0.0,0.95,0.4541,1.0,LIGHT,NONE,,14.8,14.8,13:03:00,30.0,BASELINE_HISTORICAL_CALIBRATION,15.5,15.5
OBS_000828,13:03:30,24810.0,12004,ROUTE_NDLS_LKO_01,SYNTHETIC_SIMULATOR,OK,26.701196,80.722036,487.054,104.5,29.03,104.5,0.0,702.2,110.0,,633.64,SEC_CNB_LKO,,CNB,LKO,24.946,24.946,CRUISING,,,,,43.17,,,GREEN,LOW,False,,False,,JRN_NDLS_LKO_01_20260902_184646,0.257,0.0,0.95,0.4541,1.0,LIGHT,NONE,,14.3,14.3,13:03:30,30.0,BASELINE_HISTORICAL_CALIBRATION,15.0,15.0
OBS_000829,13:04:00,24840.0,12004,ROUTE_NDLS_LKO_01,SYNTHETIC_SIMULATOR,OK,26.705772,80.728908,487.925,104.5,29.03,104.5,0.0,702.2,110.0,,622.86,SEC_CNB_LKO,,CNB,LKO,24.075,24.075,CRUISING,,,,,43.0,,,GREEN,LOW,False,,False,,JRN_NDLS_LKO_01_20260902_184646,0.257,0.0,0.95,0.4541,1.0,LIGHT,NONE,,13.8,13.8,13:04:00,30.0,BASELINE_HISTORICAL_CALIBRATION,14.5,14.5
OBS_000830,13:04:30,24870.0,12004,ROUTE_NDLS_LKO_01,SYNTHETIC_SIMULATOR,OK,26.710349,80.73578,488.796,104.5,29.03,104.5,0.0,702.2,110.0,,611.89,SEC_CNB_LKO,,CNB,LKO,23.204,23.204,CRUISING,,,,,42.84,,,GREEN,LOW,False,,False,,JRN_NDLS_LKO_01_20260902_184646,0.257,0.0,0.95,0.4541,1.0,LIGHT,NONE,,13.3,13.3,13:04:30,30.0,BASELINE_HISTORICAL_CALIBRATION,14.0,14.0
OBS_000831,13:05:00,24900.0,12004,ROUTE_NDLS_LKO_01,SYNTHETIC_SIMULATOR,OK,26.714926,80.742653,489.667,104.5,29.03,104.5,0.0,702.2,110.0,,600.73,SEC_CNB_LKO,,CNB,LKO,22.333,22.333,CRUISING,,,,,42.68,,,GREEN,LOW,False,,False,,JRN_NDLS_LKO_01_20260902_184646,0.257,0.0,0.95,0.4541,1.0,LIGHT,NONE,,12.8,12.8,13:05:00,30.0,BASELINE_HISTORICAL_CALIBRATION,13.5,13.5
OBS_000832,13:05:30,24930.0,12004,ROUTE_NDLS_LKO_01,SYNTHETIC_SIMULATOR,OK,26.719503,80.749525,490.537,104.5,29.03,104.5,0.0,702.2,110.0,,589.35,SEC_CNB_LKO,,CNB,LKO,21.463,21.463,CRUISING,,,,,42.51,,,GREEN,LOW,False,,False,,JRN_NDLS_LKO_01_20260902_184646,0.257,0.0,0.95,0.4541,1.0,LIGHT,NONE,,12.3,12.3,13:05:30,30.0,BASELINE_HISTORICAL_CALIBRATION,13.0,13.0
OBS_000833,13:06:00,24960.0,12004,ROUTE_NDLS_LKO_01,SYNTHETIC_SIMULATOR,OK,26.724079,80.756397,491.408,104.5,29.03,104.5,0.0,702.2,110.0,,577.74,SEC_CNB_LKO,,CNB,LKO,20.592,20.592,CRUISING,,,,,42.35,,,GREEN,LOW,False,,False,,JRN_NDLS_LKO_01_20260902_184646,0.257,0.0,0.95,0.4541,1.0,LIGHT,NONE,,11.8,11.8,13:06:00,30.0,BASELINE_HISTORICAL_CALIBRATION,12.5,12.5
OBS_000834,13:06:30,24990.0,12004,ROUTE_NDLS_LKO_01,SYNTHETIC_SIMULATOR,OK,26.728656,80.76327,492.279,104.5,29.03,104.5,0.0,702.2,110.0,,565.9,SEC_CNB_LKO,,CNB,LKO,19.721,19.721,CRUISING,,,,,42.19,,,GREEN,LOW,False,,False,,JRN_NDLS_LKO_01_20260902_184646,0.257,0.0,0.95,0.4541,1.0,LIGHT,NONE,,11.3,11.3,13:06:30,30.0,BASELINE_HISTORICAL_CALIBRATION,12.0,12.0
OBS_000835,13:07:00,25020.0,12004,ROUTE_NDLS_LKO_01,SYNTHETIC_SIMULATOR,OK,26.733233,80.770142,493.15,104.5,29.03,104.5,0.0,702.2,110.0,,553.8,SEC_CNB_LKO,,CNB,LKO,18.85,18.85,CRUISING,,,,,42.02,,,GREEN,LOW,False,,False,,JRN_NDLS_LKO_01_20260902_184646,0.257,0.0,0.95,0.4541,1.0,LIGHT,NONE,,10.8,10.8,13:07:00,30.0,BASELINE_HISTORICAL_CALIBRATION,11.5,11.5
OBS_000836,13:07:30,25050.0,12004,ROUTE_NDLS_LKO_01,SYNTHETIC_SIMULATOR,OK,26.737809,80.777014,494.021,104.5,29.03,104.5,0.0,702.2,110.0,,541.44,SEC_CNB_LKO,,CNB,LKO,17.979,17.979,CRUISING,,,,,41.86,,,GREEN,LOW,False,,False,,JRN_NDLS_LKO_01_20260902_184646,0.257,0.0,0.95,0.4541,1.0,LIGHT,NONE,,10.3,10.3,13:07:30,30.0,BASELINE_HISTORICAL_CALIBRATION,11.0,11.0
OBS_000837,13:08:00,25080.0,12004,ROUTE_NDLS_LKO_01,SYNTHETIC_SIMULATOR,OK,26.742386,80.783887,494.892,104.5,29.03,104.5,0.0,702.2,110.0,,528.78,SEC_CNB_LKO,,CNB,LKO,17.108,17.108,CRUISING,,,,,41.7,,,GREEN,LOW,False,,False,,JRN_NDLS_LKO_01_20260902_184646,0.257,0.0,0.95,0.4541,1.0,LIGHT,NONE,,9.8,9.8,13:08:00,30.0,BASELINE_HISTORICAL_CALIBRATION,10.5,10.5
OBS_000838,13:08:30,25110.0,12004,ROUTE_NDLS_LKO_01,SYNTHETIC_SIMULATOR,OK,26.746963,80.790759,495.762,104.5,29.03,104.5,0.0,702.2,110.0,,515.82,SEC_CNB_LKO,,CNB,LKO,16.238,16.238,CRUISING,,,,,41.53,,,GREEN,LOW,False,,False,,JRN_NDLS_LKO_01_20260902_184646,0.257,0.0,0.95,0.4541,1.0,LIGHT,NONE,,9.3,9.3,13:08:30,30.0,BASELINE_HISTORICAL_CALIBRATION,10.0,10.0
OBS_000839,13:09:00,25140.0,12004,ROUTE_NDLS_LKO_01,SYNTHETIC_SIMULATOR,OK,26.75154,80.797631,496.633,104.5,29.03,104.5,0.0,702.2,110.0,,502.52,SEC_CNB_LKO,,CNB,LKO,15.367,15.367,CRUISING,,,,,41.37,,,GREEN,LOW,False,,False,,JRN_NDLS_LKO_01_20260902_184646,0.257,0.0,0.95,0.4541,1.0,LIGHT,NONE,,8.8,8.8,13:09:00,30.0,BASELINE_HISTORICAL_CALIBRATION,9.5,9.5
OBS_000840,13:09:30,25170.0,12004,ROUTE_NDLS_LKO_01,SYNTHETIC_SIMULATOR,OK,26.756116,80.804504,497.504,104.5,29.03,104.5,0.0,702.2,110.0,,488.86,SEC_CNB_LKO,,CNB,LKO,14.496,14.496,CRUISING,,,,,41.21,,,GREEN,LOW,False,,False,,JRN_NDLS_LKO_01_20260902_184646,0.257,0.0,0.95,0.4541,1.0,LIGHT,NONE,,8.3,8.3,13:09:30,30.0,BASELINE_HISTORICAL_CALIBRATION,9.0,9.0
OBS_000841,13:10:00,25200.0,12004,ROUTE_NDLS_LKO_01,SYNTHETIC_SIMULATOR,OK,26.760693,80.811376,498.375,104.5,29.03,104.5,0.0,702.2,110.0,,474.8,SEC_CNB_LKO,,CNB,LKO,13.625,13.625,CRUISING,,,,,41.04,,,GREEN,LOW,False,,False,,JRN_NDLS_LKO_01_20260902_184646,0.257,0.0,0.95,0.4541,1.0,LIGHT,NONE,,7.8,7.8,13:10:00,30.0,BASELINE_HISTORICAL_CALIBRATION,8.5,8.5
OBS_000842,13:10:30,25230.0,12004,ROUTE_NDLS_LKO_01,SYNTHETIC_SIMULATOR,OK,26.76527,80.818248,499.246,104.5,29.03,104.5,0.0,702.2,110.0,,460.32,SEC_CNB_LKO,,CNB,LKO,12.754,12.754,CRUISING,,,,,40.88,,,GREEN,LOW,False,,False,,JRN_NDLS_LKO_01_20260902_184646,0.257,0.0,0.95,0.4541,1.0,LIGHT,NONE,,7.3,7.3,13:10:30,30.0,BASELINE_HISTORICAL_CALIBRATION,8.0,8.0
OBS_000843,13:11:00,25260.0,12004,ROUTE_NDLS_LKO_01,SYNTHETIC_SIMULATOR,OK,26.769846,80.825121,500.117,104.5,29.03,104.5,0.0,702.2,110.0,,445.37,SEC_CNB_LKO,,CNB,LKO,11.883,11.883,CRUISING,,,,,40.72,,,GREEN,LOW,False,,False,,JRN_NDLS_LKO_01_20260902_184646,0.257,0.0,0.95,0.4541,1.0,LIGHT,NONE,,6.8,6.8,13:11:00,30.0,BASELINE_HISTORICAL_CALIBRATION,7.5,7.5
OBS_000844,13:11:30,25290.0,12004,ROUTE_NDLS_LKO_01,SYNTHETIC_SIMULATOR,OK,26.774423,80.831993,500.987,104.5,29.03,104.5,0.0,702.2,110.0,,429.89,SEC_CNB_LKO,,CNB,LKO,11.013,11.013,CRUISING,,,,,40.55,,,GREEN,LOW,False,,False,,JRN_NDLS_LKO_01_20260902_184646,0.257,0.0,0.95,0.4541,1.0,LIGHT,NONE,,6.3,6.3,13:11:30,30.0,BASELINE_HISTORICAL_CALIBRATION,7.0,7.0
OBS_000845,13:12:00,25320.0,12004,ROUTE_NDLS_LKO_01,SYNTHETIC_SIMULATOR,OK,26.779,80.838865,501.858,104.5,29.03,104.5,0.0,702.2,110.0,,413.84,SEC_CNB_LKO,,CNB,LKO,10.142,10.142,CRUISING,,,,,40.39,,,GREEN,LOW,False,,False,,JRN_NDLS_LKO_01_20260902_184646,0.257,0.0,0.95,0.4541,1.0,LIGHT,NONE,,5.8,5.8,13:12:00,30.0,BASELINE_HISTORICAL_CALIBRATION,6.5,6.5
OBS_000846,13:12:30,25350.0,12004,ROUTE_NDLS_LKO_01,SYNTHETIC_SIMULATOR,OK,26.783577,80.845738,502.729,104.5,29.03,104.5,0.0,702.2,110.0,,397.14,SEC_CNB_LKO,,CNB,LKO,9.271,9.271,CRUISING,,,,,40.23,,,GREEN,LOW,False,,False,,JRN_NDLS_LKO_01_20260902_184646,0.257,0.0,0.95,0.4541,1.0,LIGHT,NONE,,5.3,5.3,13:12:30,30.0,BASELINE_HISTORICAL_CALIBRATION,6.0,6.0
OBS_000847,13:13:00,25380.0,12004,ROUTE_NDLS_LKO_01,SYNTHETIC_SIMULATOR,OK,26.788153,80.85261,503.6,104.5,29.03,104.5,0.0,702.2,110.0,,379.71,SEC_CNB_LKO,,CNB,LKO,8.4,8.4,CRUISING,,,,,40.06,,,GREEN,LOW,False,,False,,JRN_NDLS_LKO_01_20260902_184646,0.257,0.0,0.95,0.4541,1.0,LIGHT,NONE,,4.8,4.8,13:13:00,30.0,BASELINE_HISTORICAL_CALIBRATION,5.5,5.5
OBS_000848,13:13:30,25410.0,12004,ROUTE_NDLS_LKO_01,SYNTHETIC_SIMULATOR,OK,26.79273,80.859482,504.471,104.5,29.03,104.5,0.0,702.2,110.0,,361.44,SEC_CNB_LKO,,CNB,LKO,7.529,7.529,CRUISING,,,,,39.9,,,GREEN,LOW,False,,False,,JRN_NDLS_LKO_01_20260902_184646,0.257,0.0,0.95,0.4541,1.0,LIGHT,NONE,,4.3,4.3,13:13:30,30.0,BASELINE_HISTORICAL_CALIBRATION,5.0,5.0
OBS_000849,13:14:00,25440.0,12004,ROUTE_NDLS_LKO_01,SYNTHETIC_SIMULATOR,OK,26.797307,80.866355,505.342,104.5,29.03,104.5,0.0,702.2,110.0,,342.19,SEC_CNB_LKO,,CNB,LKO,6.658,6.658,CRUISING,,,,,39.74,,,GREEN,LOW,False,,False,,JRN_NDLS_LKO_01_20260902_184646,0.257,0.0,0.95,0.4541,1.0,LIGHT,NONE,,3.8,3.8,13:14:00,30.0,BASELINE_HISTORICAL_CALIBRATION,4.5,4.5
OBS_000850,13:14:30,25470.0,12004,ROUTE_NDLS_LKO_01,SYNTHETIC_SIMULATOR,OK,26.801883,80.873227,506.212,104.5,29.03,104.5,0.0,702.2,110.0,,321.79,SEC_CNB_LKO,,CNB,LKO,5.788,5.788,CRUISING,,,,,39.57,,,GREEN,LOW,False,,False,,JRN_NDLS_LKO_01_20260902_184646,0.257,0.0,0.95,0.4541,1.0,LIGHT,NONE,,3.3,3.3,13:14:30,30.0,BASELINE_HISTORICAL_CALIBRATION,4.0,4.0
OBS_000851,13:15:00,25500.0,12004,ROUTE_NDLS_LKO_01,SYNTHETIC_SIMULATOR,OK,26.80646,80.880099,507.083,104.5,29.03,104.5,0.0,702.2,110.0,,300.01,SEC_CNB_LKO,,CNB,LKO,4.917,4.917,CRUISING,,,,,39.41,,,GREEN,LOW,False,,False,,JRN_NDLS_LKO_01_20260902_184646,0.257,0.0,0.95,0.4541,1.0,LIGHT,NONE,,2.8,2.8,13:15:00,30.0,BASELINE_HISTORICAL_CALIBRATION,3.5,3.5
OBS_000852,13:15:30,25530.0,12004,ROUTE_NDLS_LKO_01,SYNTHETIC_SIMULATOR,OK,26.811037,80.886972,507.954,104.5,29.03,104.5,0.0,702.2,110.0,,276.52,SEC_CNB_LKO,,CNB,LKO,4.046,4.046,CRUISING,,,,,39.25,,,GREEN,LOW,False,,False,,JRN_NDLS_LKO_01_20260902_184646,0.257,0.0,0.95,0.4541,1.0,LIGHT,NONE,,2.3,2.3,13:15:30,30.0,BASELINE_HISTORICAL_CALIBRATION,3.0,3.0
OBS_000853,13:16:00,25560.0,12004,ROUTE_NDLS_LKO_01,SYNTHETIC_SIMULATOR,OK,26.815614,80.893844,508.825,104.5,29.03,104.5,0.0,702.2,110.0,,250.84,SEC_CNB_LKO,,CNB,LKO,3.175,3.175,CRUISING,,,,,39.08,,,GREEN,LOW,False,,False,,JRN_NDLS_LKO_01_20260902_184646,0.257,0.0,0.95,0.4541,1.0,LIGHT,NONE,,1.8,1.8,13:16:00,30.0,BASELINE_HISTORICAL_CALIBRATION,2.5,2.5
OBS_000854,13:16:30,25590.0,12004,ROUTE_NDLS_LKO_01,SYNTHETIC_SIMULATOR,OK,26.82019,80.900716,509.696,104.5,29.03,104.5,0.0,702.2,110.0,,222.21,SEC_CNB_LKO,,CNB,LKO,2.304,2.304,CRUISING,,,,,38.92,,,GREEN,LOW,False,,False,,JRN_NDLS_LKO_01_20260902_184646,0.257,0.0,0.95,0.4541,1.0,LIGHT,NONE,,1.3,1.3,13:16:30,30.0,BASELINE_HISTORICAL_CALIBRATION,2.0,2.0
OBS_000855,13:17:00,25620.0,12004,ROUTE_NDLS_LKO_01,SYNTHETIC_SIMULATOR,OK,26.824767,80.907589,510.567,104.5,29.03,104.5,0.0,702.2,110.0,,189.3,SEC_CNB_LKO,,CNB,LKO,1.433,1.433,CRUISING,,,,,38.76,,,GREEN,LOW,False,,False,,JRN_NDLS_LKO_01_20260902_184646,0.257,0.0,0.95,0.4541,1.0,LIGHT,NONE,,0.8,0.8,13:17:00,30.0,BASELINE_HISTORICAL_CALIBRATION,1.5,1.5
OBS_000856,13:17:30,25650.0,12004,ROUTE_NDLS_LKO_01,SYNTHETIC_SIMULATOR,OK,26.829344,80.914461,511.437,104.5,29.03,104.5,0.0,702.2,110.0,,149.3,SEC_CNB_LKO,,CNB,LKO,0.563,0.563,CRUISING,,,,,38.59,,,GREEN,LOW,False,,False,,JRN_NDLS_LKO_01_20260902_184646,0.257,0.0,0.95,0.4541,1.0,LIGHT,NONE,,0.3,0.3,13:17:30,30.0,BASELINE_HISTORICAL_CALIBRATION,1.0,1.0
OBS_000857,13:18:00,25680.0,12004,ROUTE_NDLS_LKO_01,SYNTHETIC_SIMULATOR,OK,26.829663,80.914941,511.498,39.7,11.03,93.53,-0.6,101.3,110.0,,93.53,SEC_CNB_LKO,,CNB,LKO,0.502,0.502,DECELERATING,,,,,38.43,,,GREEN,LOW,False,,False,,JRN_NDLS_LKO_01_20260902_184646,0.257,0.0,0.95,0.4541,1.0,LIGHT,NONE,,0.8,0.8,13:18:00,30.0,BASELINE_HISTORICAL_CALIBRATION,0.5,0.5
OBS_000858,13:18:30,25710.0,12004,ROUTE_NDLS_LKO_01,SYNTHETIC_SIMULATOR,OK,26.8323,80.9189,512.0,0.0,0.0,88.33,0.0,0.0,110.0,,88.33,SEC_CNB_LKO,LKO,LKO,,0.0,0.0,COMPLETED,ARRIVED,13:18:30,,,38.88,,,GREEN,LOW,False,,False,,JRN_NDLS_LKO_01_20260902_184646,0.257,0.0,0.95,0.4541,1.0,LIGHT,NONE,,0.0,0.0,13:18:30,30.0,BASELINE_HISTORICAL_CALIBRATION,0.0,0.0
