observation_id,timestamp,simulation_time_sec,train_id,route_id,data_source,data_quality_status,latitude,longitude,current_position_km,current_speed_kmph,current_speed_mps,target_speed_kmph,current_acceleration_mps2,braking_distance_m,section_speed_limit_kmph,restriction_speed_kmph,approach_speed_kmph,current_section_id,current_station_id,previous_station_id,next_station_id,distance_to_next_station_km,distance_to_destination_km,movement_state,station_event,actual_arrival_time,actual_departure_time,actual_dwell_min,current_delay_min,arrival_delay_min,departure_delay_min,signal_state,congestion_level,fog_active,fog_visibility_km,unscheduled_halt,active_event_ids,journey_id,predicted_congestion_probability,predicted_fog_risk,predicted_delay_risk,predicted_operational_risk,prediction_confidence,predicted_speed_impact,active_predicted_restriction,predicted_restriction_speed_kmph,eta_to_next_station_min,eta_to_destination_min,prediction_timestamp,prediction_horizon_min,prediction_source,target_eta_to_destination_min,target_eta_to_next_station_min
OBS_000001,06:45:00,0.0,12017,ROUTE_NDLS_DDN_01,SYNTHETIC_SIMULATOR,OK,28.6431,77.2197,0.675,54.0,15.0,104.5,0.5,187.5,110,,623.54,SEC_NDLS_GZB,NDLS,NDLS,GZB,24.325,313.325,ACCELERATING,DEPARTED,,06:45:00,,0.0,,,GREEN,LOW,False,,False,,JRN_NDLS_DDN_01_20260902_161226,0.2397,0.0,0.4541,0.4541,1.0,NONE,NONE,,27.0,348.1,06:45:00,30.0,BASELINE_HISTORICAL_CALIBRATION,259.0,14.5
OBS_000002,06:45:30,30.0,12017,ROUTE_NDLS_DDN_01,SYNTHETIC_SIMULATOR,OK,28.644857,77.235149,1.771,104.5,29.03,104.5,0.5,702.2,110,,615.06,SEC_NDLS_GZB,,NDLS,GZB,23.229,312.229,ACCELERATING,,,,,-0.22,,,GREEN,LOW,False,,False,,JRN_NDLS_DDN_01_20260902_161226,0.2397,0.0,0.4541,0.4541,1.0,NONE,NONE,,13.3,179.3,06:45:30,30.0,BASELINE_HISTORICAL_CALIBRATION,258.5,14.0
OBS_000003,06:46:00,60.0,12017,ROUTE_NDLS_DDN_01,SYNTHETIC_SIMULATOR,OK,28.645721,77.242746,2.642,104.5,29.03,104.5,0.0,702.2,110,,601.05,SEC_NDLS_GZB,,NDLS,GZB,22.358,311.358,CRUISING,,,,,-0.9,,,GREEN,LOW,False,,False,,JRN_NDLS_DDN_01_20260902_161226,0.2397,0.0,0.4541,0.4541,1.0,NONE,NONE,,12.8,178.8,06:46:00,30.0,BASELINE_HISTORICAL_CALIBRATION,258.0,13.5
OBS_000004,06:46:30,90.0,12017,ROUTE_NDLS_DDN_01,SYNTHETIC_SIMULATOR,OK,28.646584,77.250343,3.513,104.5,29.03,104.5,0.0,702.2,110,,589.68,SEC_NDLS_GZB,,NDLS,GZB,21.488,310.488,CRUISING,,,,,-1.34,,,GREEN,LOW,False,,False,,JRN_NDLS_DDN_01_20260902_161226,0.2397,0.0,0.4541,0.4541,1.0,NONE,NONE,,12.3,178.3,06:46:30,30.0,BASELINE_HISTORICAL_CALIBRATION,257.5,13.0
OBS_000005,06:47:00,120.0,12017,ROUTE_NDLS_DDN_01,SYNTHETIC_SIMULATOR,OK,28.647448,77.25794,4.383,104.5,29.03,104.5,0.0,702.2,110,,578.08,SEC_NDLS_GZB,,NDLS,GZB,20.617,309.617,CRUISING,,,,,-1.77,,,GREEN,LOW,False,,False,,JRN_NDLS_DDN_01_20260902_161226,0.2397,0.0,0.4541,0.4541,1.0,NONE,NONE,,11.8,177.8,06:47:00,30.0,BASELINE_HISTORICAL_CALIBRATION,257.0,12.5
OBS_000006,06:47:30,150.0,12017,ROUTE_NDLS_DDN_01,SYNTHETIC_SIMULATOR,OK,28.648312,77.265537,5.254,104.5,29.03,104.5,0.0,702.2,110,,566.24,SEC_NDLS_GZB,,NDLS,GZB,19.746,308.746,CRUISING,,,,,-2.2,,,GREEN,LOW,False,,False,,JRN_NDLS_DDN_01_20260902_161226,0.2397,0.0,0.4541,0.4541,1.0,NONE,NONE,,11.3,177.3,06:47:30,30.0,BASELINE_HISTORICAL_CALIBRATION,256.5,12.0
OBS_000007,06:48:00,180.0,12017,ROUTE_NDLS_DDN_01,SYNTHETIC_SIMULATOR,OK,28.649176,77.273134,6.125,104.5,29.03,104.5,0.0,702.2,110,,554.15,SEC_NDLS_GZB,,NDLS,GZB,18.875,307.875,CRUISING,,,,,-2.64,,,GREEN,LOW,False,,False,,JRN_NDLS_DDN_01_20260902_161226,0.2397,0.0,0.4541,0.4541,1.0,NONE,NONE,,10.8,176.8,06:48:00,30.0,BASELINE_HISTORICAL_CALIBRATION,256.0,11.5
OBS_000008,06:48:30,210.0,12017,ROUTE_NDLS_DDN_01,SYNTHETIC_SIMULATOR,OK,28.65004,77.280732,6.996,104.5,29.03,104.5,0.0,702.2,110,,541.8,SEC_NDLS_GZB,,NDLS,GZB,18.004,307.004,CRUISING,,,,,-3.07,,,GREEN,LOW,False,,False,,JRN_NDLS_DDN_01_20260902_161226,0.2397,0.0,0.4541,0.4541,1.0,NONE,NONE,,10.3,176.3,06:48:30,30.0,BASELINE_HISTORICAL_CALIBRATION,255.5,11.0
OBS_000009,06:49:00,240.0,12017,ROUTE_NDLS_DDN_01,SYNTHETIC_SIMULATOR,OK,28.650904,77.288329,7.867,104.5,29.03,104.5,0.0,702.2,110,,529.15,SEC_NDLS_GZB,,NDLS,GZB,17.133,306.133,CRUISING,,,,,-3.51,,,GREEN,LOW,False,,False,,JRN_NDLS_DDN_01_20260902_161226,0.2397,0.0,0.4541,0.4541,1.0,NONE,NONE,,9.8,175.8,06:49:00,30.0,BASELINE_HISTORICAL_CALIBRATION,255.0,10.5
OBS_000010,06:49:30,270.0,12017,ROUTE_NDLS_DDN_01,SYNTHETIC_SIMULATOR,OK,28.651768,77.295926,8.737,104.5,29.03,104.5,0.0,702.2,110,,516.2,SEC_NDLS_GZB,,NDLS,GZB,16.263,305.262,CRUISING,,,,,-3.94,,,GREEN,LOW,False,,False,,JRN_NDLS_DDN_01_20260902_161226,0.2397,0.0,0.4541,0.4541,1.0,NONE,NONE,,9.3,175.3,06:49:30,30.0,BASELINE_HISTORICAL_CALIBRATION,254.5,10.0
OBS_000011,06:50:00,300.0,12017,ROUTE_NDLS_DDN_01,SYNTHETIC_SIMULATOR,OK,28.652631,77.303523,9.608,104.5,29.03,104.5,0.0,702.2,110,,502.91,SEC_NDLS_GZB,,NDLS,GZB,15.392,304.392,CRUISING,,,,,-4.38,,,GREEN,LOW,False,,False,,JRN_NDLS_DDN_01_20260902_161226,0.2397,0.0,0.4541,0.4541,1.0,NONE,NONE,,8.8,174.8,06:50:00,30.0,BASELINE_HISTORICAL_CALIBRATION,254.0,9.5
OBS_000012,06:50:30,330.0,12017,ROUTE_NDLS_DDN_01,SYNTHETIC_SIMULATOR,OK,28.653495,77.31112,10.479,104.5,29.03,104.5,0.0,702.2,110,,489.26,SEC_NDLS_GZB,,NDLS,GZB,14.521,303.521,CRUISING,,,,,-4.81,,,GREEN,LOW,False,,False,,JRN_NDLS_DDN_01_20260902_161226,0.2397,0.0,0.4541,0.4541,1.0,NONE,NONE,,8.3,174.3,06:50:30,30.0,BASELINE_HISTORICAL_CALIBRATION,253.5,9.0
OBS_000013,06:51:00,360.0,12017,ROUTE_NDLS_DDN_01,SYNTHETIC_SIMULATOR,OK,28.654359,77.318717,11.35,104.5,29.03,104.5,0.0,702.2,110,,475.21,SEC_NDLS_GZB,,NDLS,GZB,13.65,302.65,CRUISING,,,,,-5.25,,,GREEN,LOW,False,,False,,JRN_NDLS_DDN_01_20260902_161226,0.2397,0.0,0.4541,0.4541,1.0,NONE,NONE,,7.8,173.8,06:51:00,30.0,BASELINE_HISTORICAL_CALIBRATION,253.0,8.5
OBS_000014,06:51:30,390.0,12017,ROUTE_NDLS_DDN_01,SYNTHETIC_SIMULATOR,OK,28.655223,77.326315,12.221,104.5,29.03,104.5,0.0,702.2,110,,460.74,SEC_NDLS_GZB,,NDLS,GZB,12.779,301.779,CRUISING,,,,,-5.68,,,GREEN,LOW,False,,False,,JRN_NDLS_DDN_01_20260902_161226,0.2397,0.0,0.4541,0.4541,1.0,NONE,NONE,,7.3,173.3,06:51:30,30.0,BASELINE_HISTORICAL_CALIBRATION,252.5,8.0
OBS_000015,06:52:00,420.0,12017,ROUTE_NDLS_DDN_01,SYNTHETIC_SIMULATOR,OK,28.656087,77.333912,13.092,104.5,29.03,104.5,0.0,702.2,110,,445.8,SEC_NDLS_GZB,,NDLS,GZB,11.908,300.908,CRUISING,,,,,-6.12,,,GREEN,LOW,False,,False,,JRN_NDLS_DDN_01_20260902_161226,0.2397,0.0,0.4541,0.4541,1.0,NONE,NONE,,6.8,172.8,06:52:00,30.0,BASELINE_HISTORICAL_CALIBRATION,252.0,7.5
OBS_000016,06:52:30,450.0,12017,ROUTE_NDLS_DDN_01,SYNTHETIC_SIMULATOR,OK,28.656951,77.341509,13.963,104.5,29.03,104.5,0.0,702.2,110,,430.35,SEC_NDLS_GZB,,NDLS,GZB,11.037,300.038,CRUISING,,,,,-6.55,,,GREEN,LOW,False,,False,,JRN_NDLS_DDN_01_20260902_161226,0.2397,0.0,0.4541,0.4541,1.0,NONE,NONE,,6.3,172.3,06:52:30,30.0,BASELINE_HISTORICAL_CALIBRATION,251.5,7.0
OBS_000017,06:53:00,480.0,12017,ROUTE_NDLS_DDN_01,SYNTHETIC_SIMULATOR,OK,28.657815,77.349106,14.833,104.5,29.03,104.5,0.0,702.2,110,,414.31,SEC_NDLS_GZB,,NDLS,GZB,10.167,299.167,CRUISING,,,,,-6.99,,,GREEN,LOW,False,,False,,JRN_NDLS_DDN_01_20260902_161226,0.2397,0.0,0.4541,0.4541,1.0,NONE,NONE,,5.8,171.8,06:53:00,30.0,BASELINE_HISTORICAL_CALIBRATION,251.0,6.5
OBS_000018,06:53:30,510.0,12017,ROUTE_NDLS_DDN_01,SYNTHETIC_SIMULATOR,OK,28.658679,77.356703,15.704,104.5,29.03,104.5,0.0,702.2,110,,397.63,SEC_NDLS_GZB,,NDLS,GZB,9.296,298.296,CRUISING,,,,,-7.42,,,GREEN,LOW,False,,False,,JRN_NDLS_DDN_01_20260902_161226,0.2397,0.0,0.4541,0.4541,1.0,NONE,NONE,,5.3,171.3,06:53:30,30.0,BASELINE_HISTORICAL_CALIBRATION,250.5,6.0
OBS_000019,06:54:00,540.0,12017,ROUTE_NDLS_DDN_01,SYNTHETIC_SIMULATOR,OK,28.659542,77.3643,16.575,104.5,29.03,104.5,0.0,702.2,110,,380.22,SEC_NDLS_GZB,,NDLS,GZB,8.425,297.425,CRUISING,,,,,-7.85,,,GREEN,LOW,False,,False,,JRN_NDLS_DDN_01_20260902_161226,0.2397,0.0,0.4541,0.4541,1.0,NONE,NONE,,4.8,170.8,06:54:00,30.0,BASELINE_HISTORICAL_CALIBRATION,250.0,5.5
OBS_000020,06:54:30,570.0,12017,ROUTE_NDLS_DDN_01,SYNTHETIC_SIMULATOR,OK,28.660406,77.371897,17.446,104.5,29.03,104.5,0.0,702.2,110,,361.97,SEC_NDLS_GZB,,NDLS,GZB,7.554,296.554,CRUISING,,,,,-8.29,,,GREEN,LOW,False,,False,,JRN_NDLS_DDN_01_20260902_161226,0.2397,0.0,0.4541,0.4541,1.0,NONE,NONE,,4.3,170.3,06:54:30,30.0,BASELINE_HISTORICAL_CALIBRATION,249.5,5.0
OBS_000021,06:55:00,600.0,12017,ROUTE_NDLS_DDN_01,SYNTHETIC_SIMULATOR,OK,28.66127,77.379495,18.317,104.5,29.03,104.5,0.0,702.2,110,,342.76,SEC_NDLS_GZB,,NDLS,GZB,6.683,295.683,CRUISING,,,,,-8.72,,,GREEN,LOW,False,,False,,JRN_NDLS_DDN_01_20260902_161226,0.2397,0.0,0.4541,0.4541,1.0,NONE,NONE,,3.8,169.8,06:55:00,30.0,BASELINE_HISTORICAL_CALIBRATION,249.0,4.5
OBS_000022,06:55:30,630.0,12017,ROUTE_NDLS_DDN_01,SYNTHETIC_SIMULATOR,OK,28.662134,77.387092,19.188,104.5,29.03,104.5,0.0,702.2,110,,322.4,SEC_NDLS_GZB,,NDLS,GZB,5.812,294.812,CRUISING,,,,,-9.16,,,GREEN,LOW,False,,False,,JRN_NDLS_DDN_01_20260902_161226,0.2397,0.0,0.4541,0.4541,1.0,NONE,NONE,,3.3,169.3,06:55:30,30.0,BASELINE_HISTORICAL_CALIBRATION,248.5,4.0
OBS_000023,06:56:00,660.0,12017,ROUTE_NDLS_DDN_01,SYNTHETIC_SIMULATOR,OK,28.662998,77.394689,20.058,104.5,29.03,104.5,0.0,702.2,110,,300.66,SEC_NDLS_GZB,,NDLS,GZB,4.942,293.942,CRUISING,,,,,-9.59,,,GREEN,LOW,False,,False,,JRN_NDLS_DDN_01_20260902_161226,0.2397,0.0,0.4541,0.4541,1.0,NONE,NONE,,2.8,168.8,06:56:00,30.0,BASELINE_HISTORICAL_CALIBRATION,248.0,3.5
OBS_000024,06:56:30,690.0,12017,ROUTE_NDLS_DDN_01,SYNTHETIC_SIMULATOR,OK,28.663862,77.402286,20.929,104.5,29.03,104.5,0.0,702.2,110,,277.22,SEC_NDLS_GZB,,NDLS,GZB,4.071,293.071,CRUISING,,,,,-10.03,,,GREEN,LOW,False,,False,,JRN_NDLS_DDN_01_20260902_161226,0.2397,0.0,0.4541,0.4541,1.0,NONE,NONE,,2.3,168.3,06:56:30,30.0,BASELINE_HISTORICAL_CALIBRATION,247.5,3.0
OBS_000025,06:57:00,720.0,12017,ROUTE_NDLS_DDN_01,SYNTHETIC_SIMULATOR,OK,28.664726,77.409883,21.8,104.5,29.03,104.5,0.0,702.2,110,,251.61,SEC_NDLS_GZB,,NDLS,GZB,3.2,292.2,CRUISING,,,,,-10.46,,,GREEN,LOW,False,,False,,JRN_NDLS_DDN_01_20260902_161226,0.2397,0.0,0.4541,0.4541,1.0,NONE,NONE,,1.8,167.8,06:57:00,30.0,BASELINE_HISTORICAL_CALIBRATION,247.0,2.5
OBS_000026,06:57:30,750.0,12017,ROUTE_NDLS_DDN_01,SYNTHETIC_SIMULATOR,OK,28.665589,77.41748,22.671,104.5,29.03,104.5,0.0,702.2,110,,223.08,SEC_NDLS_GZB,,NDLS,GZB,2.329,291.329,CRUISING,,,,,-10.9,,,GREEN,LOW,False,,False,,JRN_NDLS_DDN_01_20260902_161226,0.2397,0.0,0.4541,0.4541,1.0,NONE,NONE,,1.3,167.3,06:57:30,30.0,BASELINE_HISTORICAL_CALIBRATION,246.5,2.0
OBS_000027,06:58:00,780.0,12017,ROUTE_NDLS_DDN_01,SYNTHETIC_SIMULATOR,OK,28.666453,77.425078,23.542,104.5,29.03,104.5,0.0,702.2,110,,190.32,SEC_NDLS_GZB,,NDLS,GZB,1.458,290.458,CRUISING,,,,,-11.33,,,GREEN,LOW,False,,False,,JRN_NDLS_DDN_01_20260902_161226,0.2397,0.0,0.4541,0.4541,1.0,NONE,NONE,,0.8,166.8,06:58:00,30.0,BASELINE_HISTORICAL_CALIBRATION,246.0,1.5
OBS_000028,06:58:30,810.0,12017,ROUTE_NDLS_DDN_01,SYNTHETIC_SIMULATOR,OK,28.667317,77.432675,24.412,104.5,29.03,104.5,0.0,702.2,110,,150.6,SEC_NDLS_GZB,,NDLS,GZB,0.588,289.587,CRUISING,,,,,-11.77,,,GREEN,LOW,False,,False,,JRN_NDLS_DDN_01_20260902_161226,0.2397,0.0,0.4541,0.4541,1.0,NONE,NONE,,0.3,166.3,06:58:30,30.0,BASELINE_HISTORICAL_CALIBRATION,245.5,1.0
OBS_000029,06:59:00,840.0,12017,ROUTE_NDLS_DDN_01,SYNTHETIC_SIMULATOR,OK,28.667378,77.433205,24.473,39.7,11.03,95.59,-0.6,101.3,110,,95.59,SEC_NDLS_GZB,,NDLS,GZB,0.527,289.527,DECELERATING,,,,,-12.2,,,GREEN,LOW,False,,False,,JRN_NDLS_DDN_01_20260902_161226,0.2397,0.0,0.4541,0.4541,1.0,NONE,NONE,,0.8,437.6,06:59:00,30.0,BASELINE_HISTORICAL_CALIBRATION,245.0,0.5
OBS_000030,06:59:30,870.0,12017,ROUTE_NDLS_DDN_01,SYNTHETIC_SIMULATOR,OK,28.6679,77.4378,25.0,0.0,0.0,90.5,0.0,0.0,110,,90.5,SEC_NDLS_GZB,GZB,GZB,MTC,47.0,289.0,DWELLING,ARRIVED,06:59:30,,,-11.77,,,GREEN,LOW,False,,False,,JRN_NDLS_DDN_01_20260902_161226,0.2397,0.0,0.4541,0.4541,1.0,NONE,NONE,,112.8,693.6,06:59:30,30.0,BASELINE_HISTORICAL_CALIBRATION,244.5,41.5
OBS_000031,07:00:00,900.0,12017,ROUTE_NDLS_DDN_01,SYNTHETIC_SIMULATOR,OK,28.6679,77.4378,25.0,0.0,0.0,0.0,0.0,0.0,120,,0.0,SEC_GZB_MTC,GZB,GZB,MTC,47.0,289.0,DWELLING,,,,,-11.83,,,GREEN,LOW,False,,False,,JRN_NDLS_DDN_01_20260902_161226,0.2301,0.0,0.4541,0.4541,1.0,NONE,NONE,,112.8,693.6,07:00:00,30.0,BASELINE_HISTORICAL_CALIBRATION,244.0,41.0
OBS_000032,07:00:30,930.0,12017,ROUTE_NDLS_DDN_01,SYNTHETIC_SIMULATOR,OK,28.6679,77.4378,25.0,0.0,0.0,0.0,0.0,0.0,120,,0.0,SEC_GZB_MTC,GZB,GZB,MTC,47.0,289.0,DWELLING,,,,,-11.33,,,GREEN,LOW,False,,False,,JRN_NDLS_DDN_01_20260902_161226,0.2301,0.0,0.4541,0.4541,1.0,NONE,NONE,,112.8,693.6,07:00:30,30.0,BASELINE_HISTORICAL_CALIBRATION,243.5,40.5
OBS_000033,07:01:00,960.0,12017,ROUTE_NDLS_DDN_01,SYNTHETIC_SIMULATOR,OK,28.6679,77.4378,25.0,0.0,0.0,0.0,0.0,0.0,120,,0.0,SEC_GZB_MTC,GZB,GZB,MTC,47.0,289.0,DWELLING,,,,,-10.83,,,GREEN,LOW,False,,False,,JRN_NDLS_DDN_01_20260902_161226,0.2301,0.0,0.4541,0.4541,1.0,NONE,NONE,,112.8,693.6,07:01:00,30.0,BASELINE_HISTORICAL_CALIBRATION,243.0,40.0
OBS_000034,07:01:30,990.0,12017,ROUTE_NDLS_DDN_01,SYNTHETIC_SIMULATOR,OK,28.6679,77.4378,25.675,54.0,15.0,114.0,0.5,187.5,120,,854.95,SEC_GZB_MTC,GZB,GZB,MTC,46.325,288.325,ACCELERATING,DEPARTED,,07:01:30,2,-10.33,,,GREEN,LOW,False,,False,,JRN_NDLS_DDN_01_20260902_161226,0.2301,0.0,0.4541,0.4541,1.0,NONE,NONE,,51.5,320.4,07:01:30,30.0,BASELINE_HISTORICAL_CALIBRATION,242.5,39.5
OBS_000035,07:02:00,1020.0,12017,ROUTE_NDLS_DDN_01,SYNTHETIC_SIMULATOR,OK,28.679853,77.447865,26.8,108.0,30.0,114.0,0.5,750.0,120,,848.79,SEC_GZB_MTC,,GZB,MTC,45.2,287.2,ACCELERATING,,,,,-10.56,,,GREEN,LOW,False,,False,,JRN_NDLS_DDN_01_20260902_161226,0.2301,0.0,0.4541,0.4541,1.0,NONE,NONE,,25.1,159.6,07:02:00,30.0,BASELINE_HISTORICAL_CALIBRATION,242.0,39.0
OBS_000036,07:02:30,1050.0,12017,ROUTE_NDLS_DDN_01,SYNTHETIC_SIMULATOR,OK,28.687655,77.454435,27.975,114.0,31.67,114.0,0.5,835.6,120,,838.42,SEC_GZB_MTC,,GZB,MTC,44.025,286.025,ACCELERATING,,,,,-11.26,,,GREEN,LOW,False,,False,,JRN_NDLS_DDN_01_20260902_161226,0.2301,0.0,0.4541,0.4541,1.0,NONE,NONE,,23.2,150.5,07:02:30,30.0,BASELINE_HISTORICAL_CALIBRATION,241.5,38.5
OBS_000037,07:03:00,1080.0,12017,ROUTE_NDLS_DDN_01,SYNTHETIC_SIMULATOR,OK,28.693964,77.459747,28.925,114.0,31.67,114.0,0.0,835.6,120,,827.45,SEC_GZB_MTC,,GZB,MTC,43.075,285.075,CRUISING,,,,,-12.02,,,GREEN,LOW,False,,False,,JRN_NDLS_DDN_01_20260902_161226,0.2301,0.0,0.4541,0.4541,1.0,NONE,NONE,,22.7,150.0,07:03:00,30.0,BASELINE_HISTORICAL_CALIBRATION,241.0,38.0
OBS_000038,07:03:30,1110.0,12017,ROUTE_NDLS_DDN_01,SYNTHETIC_SIMULATOR,OK,28.700272,77.465059,29.875,114.0,31.67,114.0,0.0,835.6,120,,818.48,SEC_GZB_MTC,,GZB,MTC,42.125,284.125,CRUISING,,,,,-12.54,,,GREEN,LOW,False,,False,,JRN_NDLS_DDN_01_20260902_161226,0.2301,0.0,0.4541,0.4541,1.0,NONE,NONE,,22.2,149.5,07:03:30,30.0,BASELINE_HISTORICAL_CALIBRATION,240.5,37.5
OBS_000039,07:04:00,1140.0,12017,ROUTE_NDLS_DDN_01,SYNTHETIC_SIMULATOR,OK,28.70658,77.47037,30.825,114.0,31.67,114.0,0.0,835.6,120,,809.4,SEC_GZB_MTC,,GZB,MTC,41.175,283.175,CRUISING,,,,,-13.06,,,GREEN,LOW,False,,False,,JRN_NDLS_DDN_01_20260902_161226,0.2301,0.0,0.4541,0.4541,1.0,NONE,NONE,,21.7,149.0,07:04:00,30.0,BASELINE_HISTORICAL_CALIBRATION,240.0,37.0
OBS_000040,07:04:30,1170.0,12017,ROUTE_NDLS_DDN_01,SYNTHETIC_SIMULATOR,OK,28.712889,77.475682,31.775,114.0,31.67,114.0,0.0,835.6,120,,800.22,SEC_GZB_MTC,,GZB,MTC,40.225,282.225,CRUISING,,,,,-13.58,,,GREEN,LOW,False,,False,,JRN_NDLS_DDN_01_20260902_161226,0.2301,0.0,0.4541,0.4541,1.0,NONE,NONE,,21.2,148.5,07:04:30,30.0,BASELINE_HISTORICAL_CALIBRATION,239.5,36.5
OBS_000041,07:05:00,1200.0,12017,ROUTE_NDLS_DDN_01,SYNTHETIC_SIMULATOR,OK,28.719197,77.480994,32.725,114.0,31.67,114.0,0.0,835.6,120,,790.94,SEC_GZB_MTC,,GZB,MTC,39.275,281.275,CRUISING,,,,,-14.1,,,GREEN,LOW,False,,False,,JRN_NDLS_DDN_01_20260902_161226,0.2301,0.0,0.4541,0.4541,1.0,NONE,NONE,,20.7,148.0,07:05:00,30.0,BASELINE_HISTORICAL_CALIBRATION,239.0,36.0
OBS_000042,07:05:30,1230.0,12017,ROUTE_NDLS_DDN_01,SYNTHETIC_SIMULATOR,OK,28.725506,77.486306,33.675,114.0,31.67,114.0,0.0,835.6,120,,781.54,SEC_GZB_MTC,,GZB,MTC,38.325,280.325,CRUISING,,,,,-14.62,,,GREEN,LOW,False,,False,,JRN_NDLS_DDN_01_20260902_161226,0.2301,0.0,0.4541,0.4541,1.0,NONE,NONE,,20.2,147.5,07:05:30,30.0,BASELINE_HISTORICAL_CALIBRATION,238.5,35.5
OBS_000043,07:06:00,1260.0,12017,ROUTE_NDLS_DDN_01,SYNTHETIC_SIMULATOR,OK,28.731814,77.491618,34.625,114.0,31.67,114.0,0.0,835.6,120,,772.03,SEC_GZB_MTC,,GZB,MTC,37.375,279.375,CRUISING,,,,,-15.14,,,GREEN,LOW,False,,False,,JRN_NDLS_DDN_01_20260902_161226,0.2301,0.0,0.4541,0.4541,1.0,NONE,NONE,,19.7,147.0,07:06:00,30.0,BASELINE_HISTORICAL_CALIBRATION,238.0,35.0
OBS_000044,07:06:30,1290.0,12017,ROUTE_NDLS_DDN_01,SYNTHETIC_SIMULATOR,OK,28.738122,77.49693,35.575,114.0,31.67,114.0,0.0,835.6,120,,762.4,SEC_GZB_MTC,,GZB,MTC,36.425,278.425,CRUISING,,,,,-15.66,,,GREEN,LOW,False,,False,,JRN_NDLS_DDN_01_20260902_161226,0.2301,0.0,0.4541,0.4541,1.0,NONE,NONE,,19.2,146.5,07:06:30,30.0,BASELINE_HISTORICAL_CALIBRATION,237.5,34.5
OBS_000045,07:07:00,1320.0,12017,ROUTE_NDLS_DDN_01,SYNTHETIC_SIMULATOR,OK,28.744431,77.502242,36.525,114.0,31.67,114.0,0.0,835.6,120,,752.65,SEC_GZB_MTC,,GZB,MTC,35.475,277.475,CRUISING,,,,,-16.18,,,GREEN,LOW,False,,False,,JRN_NDLS_DDN_01_20260902_161226,0.2301,0.0,0.4541,0.4541,1.0,NONE,NONE,,18.7,146.0,07:07:00,30.0,BASELINE_HISTORICAL_CALIBRATION,237.0,34.0
OBS_000046,07:07:30,1350.0,12017,ROUTE_NDLS_DDN_01,SYNTHETIC_SIMULATOR,OK,28.750739,77.507554,37.475,114.0,31.67,114.0,0.0,835.6,120,,742.77,SEC_GZB_MTC,,GZB,MTC,34.525,276.525,CRUISING,,,,,-16.7,,,GREEN,LOW,False,,False,,JRN_NDLS_DDN_01_20260902_161226,0.2301,0.0,0.4541,0.4541,1.0,NONE,NONE,,18.2,145.5,07:07:30,30.0,BASELINE_HISTORICAL_CALIBRATION,236.5,33.5
OBS_000047,07:08:00,1380.0,12017,ROUTE_NDLS_DDN_01,SYNTHETIC_SIMULATOR,OK,28.757048,77.512866,38.425,114.0,31.67,114.0,0.0,835.6,120,,732.76,SEC_GZB_MTC,,GZB,MTC,33.575,275.575,CRUISING,,,,,-17.22,,,GREEN,LOW,False,,False,,JRN_NDLS_DDN_01_20260902_161226,0.2301,0.0,0.4541,0.4541,1.0,NONE,NONE,,17.7,145.0,07:08:00,30.0,BASELINE_HISTORICAL_CALIBRATION,236.0,33.0
OBS_000048,07:08:30,1410.0,12017,ROUTE_NDLS_DDN_01,SYNTHETIC_SIMULATOR,OK,28.763356,77.518178,39.375,114.0,31.67,114.0,0.0,835.6,120,,722.61,SEC_GZB_MTC,,GZB,MTC,32.625,274.625,CRUISING,,,,,-17.74,,,GREEN,LOW,False,,False,,JRN_NDLS_DDN_01_20260902_161226,0.2301,0.0,0.4541,0.4541,1.0,NONE,NONE,,17.2,144.5,07:08:30,30.0,BASELINE_HISTORICAL_CALIBRATION,235.5,32.5
OBS_000049,07:09:00,1440.0,12017,ROUTE_NDLS_DDN_01,SYNTHETIC_SIMULATOR,OK,28.769665,77.52349,40.325,114.0,31.67,114.0,0.0,835.6,120,,712.31,SEC_GZB_MTC,,GZB,MTC,31.675,273.675,CRUISING,,,,,-18.26,,,GREEN,LOW,False,,False,,JRN_NDLS_DDN_01_20260902_161226,0.2301,0.0,0.4541,0.4541,1.0,NONE,NONE,,16.7,144.0,07:09:00,30.0,BASELINE_HISTORICAL_CALIBRATION,235.0,32.0
OBS_000050,07:09:30,1470.0,12017,ROUTE_NDLS_DDN_01,SYNTHETIC_SIMULATOR,OK,28.775973,77.528801,41.275,114.0,31.67,114.0,0.0,835.6,120,,701.86,SEC_GZB_MTC,,GZB,MTC,30.725,272.725,CRUISING,,,,,-18.78,,,GREEN,LOW,False,,False,,JRN_NDLS_DDN_01_20260902_161226,0.2301,0.0,0.4541,0.4541,1.0,NONE,NONE,,16.2,143.5,07:09:30,30.0,BASELINE_HISTORICAL_CALIBRATION,234.5,31.5
OBS_000051,07:10:00,1500.0,12017,ROUTE_NDLS_DDN_01,SYNTHETIC_SIMULATOR,OK,28.782281,77.534113,42.225,114.0,31.67,114.0,0.0,835.6,120,,691.26,SEC_GZB_MTC,,GZB,MTC,29.775,271.775,CRUISING,,,,,-19.3,,,GREEN,LOW,False,,False,,JRN_NDLS_DDN_01_20260902_161226,0.2301,0.0,0.4541,0.4541,1.0,NONE,NONE,,15.7,143.0,07:10:00,30.0,BASELINE_HISTORICAL_CALIBRATION,234.0,31.0
OBS_000052,07:10:30,1530.0,12017,ROUTE_NDLS_DDN_01,SYNTHETIC_SIMULATOR,OK,28.78859,77.539425,43.175,114.0,31.67,114.0,0.0,835.6,120,,680.49,SEC_GZB_MTC,,GZB,MTC,28.825,270.825,CRUISING,,,,,-19.82,,,GREEN,LOW,False,,False,,JRN_NDLS_DDN_01_20260902_161226,0.2301,0.0,0.4541,0.4541,1.0,NONE,NONE,,15.2,142.5,07:10:30,30.0,BASELINE_HISTORICAL_CALIBRATION,233.5,30.5
OBS_000053,07:11:00,1560.0,12017,ROUTE_NDLS_DDN_01,SYNTHETIC_SIMULATOR,OK,28.794898,77.544737,44.125,114.0,31.67,114.0,0.0,835.6,120,,669.54,SEC_GZB_MTC,,GZB,MTC,27.875,269.875,CRUISING,,,,,-20.34,,,GREEN,LOW,False,,False,,JRN_NDLS_DDN_01_20260902_161226,0.2301,0.0,0.4541,0.4541,1.0,NONE,NONE,,14.7,142.0,07:11:00,30.0,BASELINE_HISTORICAL_CALIBRATION,233.0,30.0
OBS_000054,07:11:30,1590.0,12017,ROUTE_NDLS_DDN_01,SYNTHETIC_SIMULATOR,OK,28.801207,77.550049,45.075,114.0,31.67,114.0,0.0,835.6,120,,658.42,SEC_GZB_MTC,,GZB,MTC,26.925,268.925,CRUISING,,,,,-20.86,,,GREEN,LOW,False,,False,,JRN_NDLS_DDN_01_20260902_161226,0.2301,0.0,0.4541,0.4541,1.0,NONE,NONE,,14.2,141.5,07:11:30,30.0,BASELINE_HISTORICAL_CALIBRATION,232.5,29.5
OBS_000055,07:12:00,1620.0,12017,ROUTE_NDLS_DDN_01,SYNTHETIC_SIMULATOR,OK,28.807515,77.555361,46.025,114.0,31.67,114.0,0.0,835.6,120,,647.1,SEC_GZB_MTC,,GZB,MTC,25.975,267.975,CRUISING,,,,,-21.38,,,GREEN,LOW,False,,False,,JRN_NDLS_DDN_01_20260902_161226,0.2301,0.0,0.4541,0.4541,1.0,NONE,NONE,,13.7,141.0,07:12:00,30.0,BASELINE_HISTORICAL_CALIBRATION,232.0,29.0
OBS_000056,07:12:30,1650.0,12017,ROUTE_NDLS_DDN_01,SYNTHETIC_SIMULATOR,OK,28.813823,77.560673,46.975,114.0,31.67,114.0,0.0,835.6,120,,635.58,SEC_GZB_MTC,,GZB,MTC,25.025,267.025,CRUISING,,,,,-21.9,,,GREEN,LOW,False,,False,,JRN_NDLS_DDN_01_20260902_161226,0.2301,0.0,0.4541,0.4541,1.0,NONE,NONE,,13.2,140.5,07:12:30,30.0,BASELINE_HISTORICAL_CALIBRATION,231.5,28.5
OBS_000057,07:13:00,1680.0,12017,ROUTE_NDLS_DDN_01,SYNTHETIC_SIMULATOR,OK,28.820132,77.565985,47.925,114.0,31.67,114.0,0.0,835.6,120,,623.85,SEC_GZB_MTC,,GZB,MTC,24.075,266.075,CRUISING,,,,,-22.42,,,GREEN,LOW,False,,False,,JRN_NDLS_DDN_01_20260902_161226,0.2301,0.0,0.4541,0.4541,1.0,NONE,NONE,,12.7,140.0,07:13:00,30.0,BASELINE_HISTORICAL_CALIBRATION,231.0,28.0
OBS_000058,07:13:30,1710.0,12017,ROUTE_NDLS_DDN_01,SYNTHETIC_SIMULATOR,OK,28.82644,77.571297,48.875,114.0,31.67,114.0,0.0,835.6,120,,611.89,SEC_GZB_MTC,,GZB,MTC,23.125,265.125,CRUISING,,,,,-22.94,,,GREEN,LOW,False,,False,,JRN_NDLS_DDN_01_20260902_161226,0.2301,0.0,0.4541,0.4541,1.0,NONE,NONE,,12.2,139.5,07:13:30,30.0,BASELINE_HISTORICAL_CALIBRATION,230.5,27.5
OBS_000059,07:14:00,1740.0,12017,ROUTE_NDLS_DDN_01,SYNTHETIC_SIMULATOR,OK,28.832749,77.576609,49.825,114.0,31.67,114.0,0.0,835.6,120,,599.7,SEC_GZB_MTC,,GZB,MTC,22.175,264.175,CRUISING,,,,,-23.46,,,GREEN,LOW,False,,False,,JRN_NDLS_DDN_01_20260902_161226,0.2301,0.0,0.4541,0.4541,1.0,NONE,NONE,,11.7,139.0,07:14:00,30.0,BASELINE_HISTORICAL_CALIBRATION,230.0,27.0
OBS_000060,07:14:30,1770.0,12017,ROUTE_NDLS_DDN_01,SYNTHETIC_SIMULATOR,OK,28.839057,77.581921,50.775,114.0,31.67,114.0,0.0,835.6,120,,587.25,SEC_GZB_MTC,,GZB,MTC,21.225,263.225,CRUISING,,,,,-23.97,,,GREEN,LOW,False,,False,,JRN_NDLS_DDN_01_20260902_161226,0.2301,0.0,0.4541,0.4541,1.0,NONE,NONE,,11.2,138.5,07:14:30,30.0,BASELINE_HISTORICAL_CALIBRATION,229.5,26.5
OBS_000061,07:15:00,1800.0,12017,ROUTE_NDLS_DDN_01,SYNTHETIC_SIMULATOR,OK,28.839987,77.582703,50.915,49.2,13.67,47.5,-0.6,155.7,120,,574.54,SEC_GZB_MTC,,GZB,MTC,21.085,263.085,DECELERATING,,,,,-24.49,,,GREEN,LOW,False,,False,EVT_001,JRN_NDLS_DDN_01_20260902_161226,0.2301,0.0,0.4541,0.4541,1.0,NONE,NONE,,25.7,320.8,07:15:00,30.0,BASELINE_HISTORICAL_CALIBRATION,229.0,26.0
OBS_000062,07:15:30,1830.0,12017,ROUTE_NDLS_DDN_01,SYNTHETIC_SIMULATOR,OK,28.842709,77.584996,51.325,49.2,13.67,47.5,0.0,155.7,120,,572.64,SEC_GZB_MTC,,GZB,MTC,20.675,262.675,CRUISING,,,,,-24.14,,,GREEN,LOW,False,,False,EVT_001,JRN_NDLS_DDN_01_20260902_161226,0.2301,0.0,0.4541,0.4541,1.0,NONE,NONE,,25.2,320.3,07:15:30,30.0,BASELINE_HISTORICAL_CALIBRATION,228.5,25.5
OBS_000063,07:16:00,1860.0,12017,ROUTE_NDLS_DDN_01,SYNTHETIC_SIMULATOR,OK,28.845432,77.587288,51.735,49.2,13.67,47.5,0.0,155.7,120,,567.04,SEC_GZB_MTC,,GZB,MTC,20.265,262.265,CRUISING,,,,,-24.08,,,GREEN,LOW,False,,False,EVT_001,JRN_NDLS_DDN_01_20260902_161226,0.2301,0.0,0.4541,0.4541,1.0,NONE,NONE,,24.7,319.8,07:16:00,30.0,BASELINE_HISTORICAL_CALIBRATION,228.0,25.0
OBS_000064,07:16:30,1890.0,12017,ROUTE_NDLS_DDN_01,SYNTHETIC_SIMULATOR,OK,28.848154,77.589581,52.145,49.2,13.67,47.5,0.0,155.7,120,,561.39,SEC_GZB_MTC,,GZB,MTC,19.855,261.855,CRUISING,,,,,-24.02,,,GREEN,LOW,False,,False,EVT_001,JRN_NDLS_DDN_01_20260902_161226,0.2301,0.0,0.4541,0.4541,1.0,NONE,NONE,,24.2,319.3,07:16:30,30.0,BASELINE_HISTORICAL_CALIBRATION,227.5,24.5
OBS_000065,07:17:00,1920.0,12017,ROUTE_NDLS_DDN_01,SYNTHETIC_SIMULATOR,OK,28.850877,77.591873,52.555,49.2,13.67,47.5,0.0,155.7,120,,555.68,SEC_GZB_MTC,,GZB,MTC,19.445,261.445,CRUISING,,,,,-23.96,,,GREEN,LOW,False,,False,EVT_001,JRN_NDLS_DDN_01_20260902_161226,0.2301,0.0,0.4541,0.4541,1.0,NONE,NONE,,23.7,318.8,07:17:00,30.0,BASELINE_HISTORICAL_CALIBRATION,227.0,24.0
OBS_000066,07:17:30,1950.0,12017,ROUTE_NDLS_DDN_01,SYNTHETIC_SIMULATOR,OK,28.8536,77.594166,52.965,49.2,13.67,47.5,0.0,155.7,120,,549.92,SEC_GZB_MTC,,GZB,MTC,19.035,261.035,CRUISING,,,,,-23.9,,,GREEN,LOW,False,,False,EVT_001,JRN_NDLS_DDN_01_20260902_161226,0.2301,0.0,0.4541,0.4541,1.0,NONE,NONE,,23.2,318.3,07:17:30,30.0,BASELINE_HISTORICAL_CALIBRATION,226.5,23.5
OBS_000067,07:18:00,1980.0,12017,ROUTE_NDLS_DDN_01,SYNTHETIC_SIMULATOR,OK,28.856322,77.596459,53.375,49.2,13.67,47.5,0.0,155.7,120,,544.09,SEC_GZB_MTC,,GZB,MTC,18.625,260.625,CRUISING,,,,,-23.84,,,GREEN,LOW,False,,False,EVT_001,JRN_NDLS_DDN_01_20260902_161226,0.2301,0.0,0.4541,0.4541,1.0,NONE,NONE,,22.7,317.8,07:18:00,30.0,BASELINE_HISTORICAL_CALIBRATION,226.0,23.0
OBS_000068,07:18:30,2010.0,12017,ROUTE_NDLS_DDN_01,SYNTHETIC_SIMULATOR,OK,28.859045,77.598751,53.785,49.2,13.67,47.5,0.0,155.7,120,,538.2,SEC_GZB_MTC,,GZB,MTC,18.215,260.215,CRUISING,,,,,-23.78,,,GREEN,LOW,False,,False,EVT_001,JRN_NDLS_DDN_01_20260902_161226,0.2301,0.0,0.4541,0.4541,1.0,NONE,NONE,,22.2,317.3,07:18:30,30.0,BASELINE_HISTORICAL_CALIBRATION,225.5,22.5
OBS_000069,07:19:00,2040.0,12017,ROUTE_NDLS_DDN_01,SYNTHETIC_SIMULATOR,OK,28.861767,77.601044,54.195,49.2,13.67,47.5,0.0,155.7,120,,532.24,SEC_GZB_MTC,,GZB,MTC,17.805,259.805,CRUISING,,,,,-23.72,,,GREEN,LOW,False,,False,EVT_001,JRN_NDLS_DDN_01_20260902_161226,0.2301,0.0,0.4541,0.4541,1.0,NONE,NONE,,21.7,316.8,07:19:00,30.0,BASELINE_HISTORICAL_CALIBRATION,225.0,22.0
OBS_000070,07:19:30,2070.0,12017,ROUTE_NDLS_DDN_01,SYNTHETIC_SIMULATOR,OK,28.86449,77.603336,54.605,49.2,13.67,47.5,0.0,155.7,120,,526.22,SEC_GZB_MTC,,GZB,MTC,17.395,259.395,CRUISING,,,,,-23.66,,,GREEN,LOW,False,,False,EVT_001,JRN_NDLS_DDN_01_20260902_161226,0.2301,0.0,0.4541,0.4541,1.0,NONE,NONE,,21.2,316.3,07:19:30,30.0,BASELINE_HISTORICAL_CALIBRATION,224.5,21.5
OBS_000071,07:20:00,2100.0,12017,ROUTE_NDLS_DDN_01,SYNTHETIC_SIMULATOR,OK,28.867212,77.605629,55.015,49.2,13.67,47.5,0.0,155.7,120,,520.12,SEC_GZB_MTC,,GZB,MTC,16.985,258.985,CRUISING,,,,,-23.6,,,GREEN,LOW,False,,False,EVT_001,JRN_NDLS_DDN_01_20260902_161226,0.2301,0.0,0.4541,0.4541,1.0,NONE,NONE,,20.7,315.8,07:20:00,30.0,BASELINE_HISTORICAL_CALIBRATION,224.0,21.0
OBS_000072,07:20:30,2130.0,12017,ROUTE_NDLS_DDN_01,SYNTHETIC_SIMULATOR,OK,28.869935,77.607921,55.425,49.2,13.67,47.5,0.0,155.7,120,,513.96,SEC_GZB_MTC,,GZB,MTC,16.575,258.575,CRUISING,,,,,-23.54,,,GREEN,LOW,False,,False,EVT_001,JRN_NDLS_DDN_01_20260902_161226,0.2301,0.0,0.4541,0.4541,1.0,NONE,NONE,,20.2,315.3,07:20:30,30.0,BASELINE_HISTORICAL_CALIBRATION,223.5,20.5
OBS_000073,07:21:00,2160.0,12017,ROUTE_NDLS_DDN_01,SYNTHETIC_SIMULATOR,OK,28.872658,77.610214,55.835,49.2,13.67,47.5,0.0,155.7,120,,507.71,SEC_GZB_MTC,,GZB,MTC,16.165,258.165,CRUISING,,,,,-23.48,,,GREEN,LOW,False,,False,EVT_001,JRN_NDLS_DDN_01_20260902_161226,0.2301,0.0,0.4541,0.4541,1.0,NONE,NONE,,19.7,314.8,07:21:00,30.0,BASELINE_HISTORICAL_CALIBRATION,223.0,20.0
OBS_000074,07:21:30,2190.0,12017,ROUTE_NDLS_DDN_01,SYNTHETIC_SIMULATOR,OK,28.87538,77.612506,56.245,49.2,13.67,47.5,0.0,155.7,120,,501.4,SEC_GZB_MTC,,GZB,MTC,15.755,257.755,CRUISING,,,,,-23.42,,,GREEN,LOW,False,,False,EVT_001,JRN_NDLS_DDN_01_20260902_161226,0.2301,0.0,0.4541,0.4541,1.0,NONE,NONE,,19.2,314.3,07:21:30,30.0,BASELINE_HISTORICAL_CALIBRATION,222.5,19.5
OBS_000075,07:22:00,2220.0,12017,ROUTE_NDLS_DDN_01,SYNTHETIC_SIMULATOR,OK,28.878103,77.614799,56.655,49.2,13.67,47.5,0.0,155.7,120,,495.0,SEC_GZB_MTC,,GZB,MTC,15.345,257.345,CRUISING,,,,,-23.36,,,GREEN,LOW,False,,False,EVT_001,JRN_NDLS_DDN_01_20260902_161226,0.2301,0.0,0.4541,0.4541,1.0,NONE,NONE,,18.7,313.8,07:22:00,30.0,BASELINE_HISTORICAL_CALIBRATION,222.0,19.0
OBS_000076,07:22:30,2250.0,12017,ROUTE_NDLS_DDN_01,SYNTHETIC_SIMULATOR,OK,28.880825,77.617091,57.065,49.2,13.67,47.5,0.0,155.7,120,,488.51,SEC_GZB_MTC,,GZB,MTC,14.935,256.935,CRUISING,,,,,-23.3,,,GREEN,LOW,False,,False,EVT_001,JRN_NDLS_DDN_01_20260902_161226,0.2301,0.0,0.4541,0.4541,1.0,NONE,NONE,,18.2,313.3,07:22:30,30.0,BASELINE_HISTORICAL_CALIBRATION,221.5,18.5
OBS_000077,07:23:00,2280.0,12017,ROUTE_NDLS_DDN_01,SYNTHETIC_SIMULATOR,OK,28.883548,77.619384,57.475,49.2,13.67,47.5,0.0,155.7,120,,481.94,SEC_GZB_MTC,,GZB,MTC,14.525,256.525,CRUISING,,,,,-23.24,,,GREEN,LOW,False,,False,EVT_001,JRN_NDLS_DDN_01_20260902_161226,0.2301,0.0,0.4541,0.4541,1.0,NONE,NONE,,17.7,312.8,07:23:00,30.0,BASELINE_HISTORICAL_CALIBRATION,221.0,18.0
OBS_000078,07:23:30,2310.0,12017,ROUTE_NDLS_DDN_01,SYNTHETIC_SIMULATOR,OK,28.88627,77.621676,57.885,49.2,13.67,47.5,0.0,155.7,120,,475.28,SEC_GZB_MTC,,GZB,MTC,14.115,256.115,CRUISING,,,,,-23.18,,,GREEN,LOW,False,,False,EVT_001,JRN_NDLS_DDN_01_20260902_161226,0.2301,0.0,0.4541,0.4541,1.0,NONE,NONE,,17.2,312.3,07:23:30,30.0,BASELINE_HISTORICAL_CALIBRATION,220.5,17.5
OBS_000079,07:24:00,2340.0,12017,ROUTE_NDLS_DDN_01,SYNTHETIC_SIMULATOR,OK,28.888993,77.623969,58.295,49.2,13.67,47.5,0.0,155.7,120,,468.53,SEC_GZB_MTC,,GZB,MTC,13.705,255.705,CRUISING,,,,,-23.12,,,GREEN,LOW,False,,False,EVT_001,JRN_NDLS_DDN_01_20260902_161226,0.2301,0.0,0.4541,0.4541,1.0,NONE,NONE,,16.7,311.8,07:24:00,30.0,BASELINE_HISTORICAL_CALIBRATION,220.0,17.0
OBS_000080,07:24:30,2370.0,12017,ROUTE_NDLS_DDN_01,SYNTHETIC_SIMULATOR,OK,28.891716,77.626261,58.705,49.2,13.67,47.5,0.0,155.7,120,,461.67,SEC_GZB_MTC,,GZB,MTC,13.295,255.295,CRUISING,,,,,-23.07,,,GREEN,LOW,False,,False,EVT_001,JRN_NDLS_DDN_01_20260902_161226,0.2301,0.0,0.4541,0.4541,1.0,NONE,NONE,,16.2,311.3,07:24:30,30.0,BASELINE_HISTORICAL_CALIBRATION,219.5,16.5
OBS_000081,07:25:00,2400.0,12017,ROUTE_NDLS_DDN_01,SYNTHETIC_SIMULATOR,OK,28.894438,77.628554,59.115,49.2,13.67,47.5,0.0,155.7,120,,454.71,SEC_GZB_MTC,,GZB,MTC,12.885,254.885,CRUISING,,,,,-23.01,,,GREEN,LOW,False,,False,EVT_001,JRN_NDLS_DDN_01_20260902_161226,0.2301,0.0,0.4541,0.4541,1.0,NONE,NONE,,15.7,310.8,07:25:00,30.0,BASELINE_HISTORICAL_CALIBRATION,219.0,16.0
OBS_000082,07:25:30,2430.0,12017,ROUTE_NDLS_DDN_01,SYNTHETIC_SIMULATOR,OK,28.897161,77.630846,59.525,49.2,13.67,47.5,0.0,155.7,120,,447.65,SEC_GZB_MTC,,GZB,MTC,12.475,254.475,CRUISING,,,,,-22.95,,,GREEN,LOW,False,,False,EVT_001,JRN_NDLS_DDN_01_20260902_161226,0.2301,0.0,0.4541,0.4541,1.0,NONE,NONE,,15.2,310.3,07:25:30,30.0,BASELINE_HISTORICAL_CALIBRATION,218.5,15.5
OBS_000083,07:26:00,2460.0,12017,ROUTE_NDLS_DDN_01,SYNTHETIC_SIMULATOR,OK,28.899883,77.633139,59.935,49.2,13.67,47.5,0.0,155.7,120,,440.47,SEC_GZB_MTC,,GZB,MTC,12.065,254.065,CRUISING,,,,,-22.89,,,GREEN,LOW,False,,False,EVT_001,JRN_NDLS_DDN_01_20260902_161226,0.2301,0.0,0.4541,0.4541,1.0,NONE,NONE,,14.7,309.8,07:26:00,30.0,BASELINE_HISTORICAL_CALIBRATION,218.0,15.0
OBS_000084,07:26:30,2490.0,12017,ROUTE_NDLS_DDN_01,SYNTHETIC_SIMULATOR,OK,28.902606,77.635431,60.345,49.2,13.67,47.5,0.0,155.7,120,,433.17,SEC_GZB_MTC,,GZB,MTC,11.655,253.655,CRUISING,,,,,-22.83,,,GREEN,LOW,False,,False,EVT_001,JRN_NDLS_DDN_01_20260902_161226,0.2301,0.0,0.4541,0.4541,1.0,NONE,NONE,,14.2,309.3,07:26:30,30.0,BASELINE_HISTORICAL_CALIBRATION,217.5,14.5
OBS_000085,07:27:00,2520.0,12017,ROUTE_NDLS_DDN_01,SYNTHETIC_SIMULATOR,OK,28.905328,77.637724,60.755,49.2,13.67,47.5,0.0,155.7,120,,425.74,SEC_GZB_MTC,,GZB,MTC,11.245,253.245,CRUISING,,,,,-22.77,,,GREEN,LOW,False,,False,EVT_001,JRN_NDLS_DDN_01_20260902_161226,0.2301,0.0,0.4541,0.4541,1.0,NONE,NONE,,13.7,308.8,07:27:00,30.0,BASELINE_HISTORICAL_CALIBRATION,217.0,14.0
OBS_000086,07:27:30,2550.0,12017,ROUTE_NDLS_DDN_01,SYNTHETIC_SIMULATOR,OK,28.908051,77.640016,61.165,49.2,13.67,47.5,0.0,155.7,120,,418.19,SEC_GZB_MTC,,GZB,MTC,10.835,252.835,CRUISING,,,,,-22.71,,,GREEN,LOW,False,,False,EVT_001,JRN_NDLS_DDN_01_20260902_161226,0.2301,0.0,0.4541,0.4541,1.0,NONE,NONE,,13.2,308.3,07:27:30,30.0,BASELINE_HISTORICAL_CALIBRATION,216.5,13.5
OBS_000087,07:28:00,2580.0,12017,ROUTE_NDLS_DDN_01,SYNTHETIC_SIMULATOR,OK,28.910774,77.642309,61.575,49.2,13.67,47.5,0.0,155.7,120,,410.49,SEC_GZB_MTC,,GZB,MTC,10.425,252.425,CRUISING,,,,,-22.65,,,GREEN,LOW,False,,False,EVT_001,JRN_NDLS_DDN_01_20260902_161226,0.2301,0.0,0.4541,0.4541,1.0,NONE,NONE,,12.7,307.8,07:28:00,30.0,BASELINE_HISTORICAL_CALIBRATION,216.0,13.0
OBS_000088,07:28:30,2610.0,12017,ROUTE_NDLS_DDN_01,SYNTHETIC_SIMULATOR,OK,28.913496,77.644601,61.985,49.2,13.67,47.5,0.0,155.7,120,,402.65,SEC_GZB_MTC,,GZB,MTC,10.015,252.015,CRUISING,,,,,-22.59,,,GREEN,LOW,False,,False,EVT_001,JRN_NDLS_DDN_01_20260902_161226,0.2301,0.0,0.4541,0.4541,1.0,NONE,NONE,,12.2,307.3,07:28:30,30.0,BASELINE_HISTORICAL_CALIBRATION,215.5,12.5
OBS_000089,07:29:00,2640.0,12017,ROUTE_NDLS_DDN_01,SYNTHETIC_SIMULATOR,OK,28.916219,77.646894,62.395,49.2,13.67,47.5,0.0,155.7,120,,394.66,SEC_GZB_MTC,,GZB,MTC,9.605,251.605,CRUISING,,,,,-22.53,,,GREEN,LOW,False,,False,EVT_001,JRN_NDLS_DDN_01_20260902_161226,0.2301,0.0,0.4541,0.4541,1.0,NONE,NONE,,11.7,306.8,07:29:00,30.0,BASELINE_HISTORICAL_CALIBRATION,215.0,12.0
OBS_000090,07:29:30,2670.0,12017,ROUTE_NDLS_DDN_01,SYNTHETIC_SIMULATOR,OK,28.918941,77.649186,62.805,49.2,13.67,47.5,0.0,155.7,120,,386.49,SEC_GZB_MTC,,GZB,MTC,9.195,251.195,CRUISING,,,,,-22.47,,,GREEN,LOW,False,,False,EVT_001,JRN_NDLS_DDN_01_20260902_161226,0.2301,0.0,0.4541,0.4541,1.0,NONE,NONE,,11.2,306.3,07:29:30,30.0,BASELINE_HISTORICAL_CALIBRATION,214.5,11.5
OBS_000091,07:30:00,2700.0,12017,ROUTE_NDLS_DDN_01,SYNTHETIC_SIMULATOR,OK,28.921664,77.651479,63.215,49.2,13.67,47.5,0.0,155.7,120,,378.15,SEC_GZB_MTC,,GZB,MTC,8.785,250.785,CRUISING,,,,,-22.41,,,GREEN,LOW,False,,False,EVT_001,JRN_NDLS_DDN_01_20260902_161226,0.2301,0.0,0.4541,0.4541,1.0,NONE,NONE,,10.7,305.8,07:30:00,30.0,BASELINE_HISTORICAL_CALIBRATION,214.0,11.0
OBS_000092,07:30:30,2730.0,12017,ROUTE_NDLS_DDN_01,SYNTHETIC_SIMULATOR,OK,28.924386,77.653771,63.625,49.2,13.67,47.5,0.0,155.7,120,,369.63,SEC_GZB_MTC,,GZB,MTC,8.375,250.375,CRUISING,,,,,-22.35,,,GREEN,LOW,False,,False,EVT_001,JRN_NDLS_DDN_01_20260902_161226,0.2301,0.0,0.4541,0.4541,1.0,NONE,NONE,,10.2,305.3,07:30:30,30.0,BASELINE_HISTORICAL_CALIBRATION,213.5,10.5
OBS_000093,07:31:00,2760.0,12017,ROUTE_NDLS_DDN_01,SYNTHETIC_SIMULATOR,OK,28.927109,77.656064,64.035,49.2,13.67,47.5,0.0,155.7,120,,360.9,SEC_GZB_MTC,,GZB,MTC,7.965,249.965,CRUISING,,,,,-22.29,,,GREEN,LOW,False,,False,EVT_001,JRN_NDLS_DDN_01_20260902_161226,0.2301,0.0,0.4541,0.4541,1.0,NONE,NONE,,9.7,304.8,07:31:00,30.0,BASELINE_HISTORICAL_CALIBRATION,213.0,10.0
OBS_000094,07:31:30,2790.0,12017,ROUTE_NDLS_DDN_01,SYNTHETIC_SIMULATOR,OK,28.929832,77.658356,64.445,49.2,13.67,47.5,0.0,155.7,120,,351.95,SEC_GZB_MTC,,GZB,MTC,7.555,249.555,CRUISING,,,,,-22.23,,,GREEN,LOW,False,,False,EVT_001,JRN_NDLS_DDN_01_20260902_161226,0.2301,0.0,0.4541,0.4541,1.0,NONE,NONE,,9.2,304.3,07:31:30,30.0,BASELINE_HISTORICAL_CALIBRATION,212.5,9.5
OBS_000095,07:32:00,2820.0,12017,ROUTE_NDLS_DDN_01,SYNTHETIC_SIMULATOR,OK,28.932554,77.660649,64.855,49.2,13.67,47.5,0.0,155.7,120,,342.78,SEC_GZB_MTC,,GZB,MTC,7.145,249.145,CRUISING,,,,,-22.17,,,GREEN,LOW,False,,False,EVT_001,JRN_NDLS_DDN_01_20260902_161226,0.2301,0.0,0.4541,0.4541,1.0,NONE,NONE,,8.7,303.8,07:32:00,30.0,BASELINE_HISTORICAL_CALIBRATION,212.0,9.0
OBS_000096,07:32:30,2850.0,12017,ROUTE_NDLS_DDN_01,SYNTHETIC_SIMULATOR,OK,28.935277,77.662941,65.265,49.2,13.67,47.5,0.0,155.7,120,,333.35,SEC_GZB_MTC,,GZB,MTC,6.735,248.735,CRUISING,,,,,-22.11,,,GREEN,LOW,False,,False,EVT_001,JRN_NDLS_DDN_01_20260902_161226,0.2301,0.0,0.4541,0.4541,1.0,NONE,NONE,,8.2,303.3,07:32:30,30.0,BASELINE_HISTORICAL_CALIBRATION,211.5,8.5
OBS_000097,07:33:00,2880.0,12017,ROUTE_NDLS_DDN_01,SYNTHETIC_SIMULATOR,OK,28.937999,77.665234,65.675,49.2,13.67,47.5,0.0,155.7,120,,323.64,SEC_GZB_MTC,,GZB,MTC,6.325,248.325,CRUISING,,,,,-22.05,,,GREEN,LOW,False,,False,EVT_001,JRN_NDLS_DDN_01_20260902_161226,0.2301,0.0,0.4541,0.4541,1.0,NONE,NONE,,7.7,302.8,07:33:00,30.0,BASELINE_HISTORICAL_CALIBRATION,211.0,8.0
OBS_000098,07:33:30,2910.0,12017,ROUTE_NDLS_DDN_01,SYNTHETIC_SIMULATOR,OK,28.940722,77.667526,66.085,49.2,13.67,47.5,0.0,155.7,120,,313.63,SEC_GZB_MTC,,GZB,MTC,5.915,247.915,CRUISING,,,,,-21.99,,,GREEN,LOW,False,,False,EVT_001,JRN_NDLS_DDN_01_20260902_161226,0.2301,0.0,0.4541,0.4541,1.0,NONE,NONE,,7.2,302.3,07:33:30,30.0,BASELINE_HISTORICAL_CALIBRATION,210.5,7.5
OBS_000099,07:34:00,2940.0,12017,ROUTE_NDLS_DDN_01,SYNTHETIC_SIMULATOR,OK,28.943444,77.669819,66.495,49.2,13.67,47.5,0.0,155.7,120,,303.3,SEC_GZB_MTC,,GZB,MTC,5.505,247.505,CRUISING,,,,,-21.93,,,GREEN,LOW,False,,False,EVT_001,JRN_NDLS_DDN_01_20260902_161226,0.2301,0.0,0.4541,0.4541,1.0,NONE,NONE,,6.7,301.8,07:34:00,30.0,BASELINE_HISTORICAL_CALIBRATION,210.0,7.0
OBS_000100,07:34:30,2970.0,12017,ROUTE_NDLS_DDN_01,SYNTHETIC_SIMULATOR,OK,28.946167,77.672111,66.905,49.2,13.67,47.5,0.0,155.7,120,,292.6,SEC_GZB_MTC,,GZB,MTC,5.095,247.095,CRUISING,,,,,-21.87,,,GREEN,LOW,False,,False,EVT_001,JRN_NDLS_DDN_01_20260902_161226,0.2301,0.0,0.4541,0.4541,1.0,NONE,NONE,,6.2,301.3,07:34:30,30.0,BASELINE_HISTORICAL_CALIBRATION,209.5,6.5
OBS_000101,07:35:00,3000.0,12017,ROUTE_NDLS_DDN_01,SYNTHETIC_SIMULATOR,OK,28.94889,77.674404,67.315,49.2,13.67,47.5,0.0,155.7,120,,281.49,SEC_GZB_MTC,,GZB,MTC,4.685,246.685,CRUISING,,,,,-21.81,,,GREEN,LOW,False,,False,EVT_001,JRN_NDLS_DDN_01_20260902_161226,0.2301,0.0,0.4541,0.4541,1.0,NONE,NONE,,5.7,300.8,07:35:00,30.0,BASELINE_HISTORICAL_CALIBRATION,209.0,6.0
OBS_000102,07:35:30,3030.0,12017,ROUTE_NDLS_DDN_01,SYNTHETIC_SIMULATOR,OK,28.951612,77.676696,67.725,49.2,13.67,47.5,0.0,155.7,120,,269.93,SEC_GZB_MTC,,GZB,MTC,4.275,246.275,CRUISING,,,,,-21.75,,,GREEN,LOW,False,,False,EVT_001,JRN_NDLS_DDN_01_20260902_161226,0.2301,0.0,0.4541,0.4541,1.0,NONE,NONE,,5.2,300.3,07:35:30,30.0,BASELINE_HISTORICAL_CALIBRATION,208.5,5.5
OBS_000103,07:36:00,3060.0,12017,ROUTE_NDLS_DDN_01,SYNTHETIC_SIMULATOR,OK,28.954335,77.678989,68.135,49.2,13.67,47.5,0.0,155.7,120,,257.85,SEC_GZB_MTC,,GZB,MTC,3.865,245.865,CRUISING,,,,,-21.69,,,GREEN,LOW,False,,False,EVT_001,JRN_NDLS_DDN_01_20260902_161226,0.2301,0.0,0.4541,0.4541,1.0,NONE,NONE,,4.7,299.8,07:36:00,30.0,BASELINE_HISTORICAL_CALIBRATION,208.0,5.0
OBS_000104,07:36:30,3090.0,12017,ROUTE_NDLS_DDN_01,SYNTHETIC_SIMULATOR,OK,28.957057,77.681281,68.545,49.2,13.67,47.5,0.0,155.7,120,,245.17,SEC_GZB_MTC,,GZB,MTC,3.455,245.455,CRUISING,,,,,-21.63,,,GREEN,LOW,False,,False,EVT_001,JRN_NDLS_DDN_01_20260902_161226,0.2301,0.0,0.4541,0.4541,1.0,NONE,NONE,,4.2,299.3,07:36:30,30.0,BASELINE_HISTORICAL_CALIBRATION,207.5,4.5
OBS_000105,07:37:00,3120.0,12017,ROUTE_NDLS_DDN_01,SYNTHETIC_SIMULATOR,OK,28.95978,77.683574,68.955,49.2,13.67,47.5,0.0,155.7,120,,231.8,SEC_GZB_MTC,,GZB,MTC,3.045,245.045,CRUISING,,,,,-21.57,,,GREEN,LOW,False,,False,EVT_001,JRN_NDLS_DDN_01_20260902_161226,0.2301,0.0,0.4541,0.4541,1.0,NONE,NONE,,3.7,298.8,07:37:00,30.0,BASELINE_HISTORICAL_CALIBRATION,207.0,4.0
OBS_000106,07:37:30,3150.0,12017,ROUTE_NDLS_DDN_01,SYNTHETIC_SIMULATOR,OK,28.962502,77.685866,69.365,49.2,13.67,47.5,0.0,155.7,120,,217.61,SEC_GZB_MTC,,GZB,MTC,2.635,244.635,CRUISING,,,,,-21.51,,,GREEN,LOW,False,,False,EVT_001,JRN_NDLS_DDN_01_20260902_161226,0.2301,0.0,0.4541,0.4541,1.0,NONE,NONE,,3.2,298.3,07:37:30,30.0,BASELINE_HISTORICAL_CALIBRATION,206.5,3.5
OBS_000107,07:38:00,3180.0,12017,ROUTE_NDLS_DDN_01,SYNTHETIC_SIMULATOR,OK,28.965225,77.688159,69.775,49.2,13.67,47.5,0.0,155.7,120,,202.43,SEC_GZB_MTC,,GZB,MTC,2.225,244.225,CRUISING,,,,,-21.45,,,GREEN,LOW,False,,False,EVT_001,JRN_NDLS_DDN_01_20260902_161226,0.2301,0.0,0.4541,0.4541,1.0,NONE,NONE,,2.7,297.8,07:38:00,30.0,BASELINE_HISTORICAL_CALIBRATION,206.0,3.0
OBS_000108,07:38:30,3210.0,12017,ROUTE_NDLS_DDN_01,SYNTHETIC_SIMULATOR,OK,28.967948,77.690451,70.185,49.2,13.67,47.5,0.0,155.7,120,,186.02,SEC_GZB_MTC,,GZB,MTC,1.815,243.815,CRUISING,,,,,-21.39,,,GREEN,LOW,False,,False,EVT_001,JRN_NDLS_DDN_01_20260902_161226,0.2301,0.0,0.4541,0.4541,1.0,NONE,NONE,,2.2,297.3,07:38:30,30.0,BASELINE_HISTORICAL_CALIBRATION,205.5,2.5
OBS_000109,07:39:00,3240.0,12017,ROUTE_NDLS_DDN_01,SYNTHETIC_SIMULATOR,OK,28.97067,77.692744,70.595,49.2,13.67,47.5,0.0,155.7,120,,168.01,SEC_GZB_MTC,,GZB,MTC,1.405,243.405,CRUISING,,,,,-21.33,,,GREEN,LOW,False,,False,EVT_001,JRN_NDLS_DDN_01_20260902_161226,0.2301,0.0,0.4541,0.4541,1.0,NONE,NONE,,1.7,296.8,07:39:00,30.0,BASELINE_HISTORICAL_CALIBRATION,205.0,2.0
OBS_000110,07:39:30,3270.0,12017,ROUTE_NDLS_DDN_01,SYNTHETIC_SIMULATOR,OK,28.973393,77.695036,71.005,49.2,13.67,47.5,0.0,155.7,120,,147.82,SEC_GZB_MTC,,GZB,MTC,0.995,242.995,CRUISING,,,,,-21.27,,,GREEN,LOW,False,,False,EVT_001,JRN_NDLS_DDN_01_20260902_161226,0.2301,0.0,0.4541,0.4541,1.0,NONE,NONE,,1.2,296.3,07:39:30,30.0,BASELINE_HISTORICAL_CALIBRATION,204.5,1.5
OBS_000111,07:40:00,3300.0,12017,ROUTE_NDLS_DDN_01,SYNTHETIC_SIMULATOR,OK,28.976115,77.697329,71.415,49.2,13.67,47.5,0.0,155.7,120,,124.4,SEC_GZB_MTC,,GZB,MTC,0.585,242.585,CRUISING,,,,,-21.21,,,GREEN,LOW,False,,False,EVT_001,JRN_NDLS_DDN_01_20260902_161226,0.2301,0.0,0.4541,0.4541,1.0,NONE,NONE,,0.7,295.8,07:40:00,30.0,BASELINE_HISTORICAL_CALIBRATION,204.0,1.0
OBS_000112,07:40:30,3330.0,12017,ROUTE_NDLS_DDN_01,SYNTHETIC_SIMULATOR,OK,28.978838,77.699621,71.825,49.2,13.67,47.5,0.0,155.7,120,,95.38,SEC_GZB_MTC,,GZB,MTC,0.175,242.175,CRUISING,,,,,-21.15,,,GREEN,LOW,False,,False,EVT_001,JRN_NDLS_DDN_01_20260902_161226,0.2301,0.0,0.4541,0.4541,1.0,NONE,NONE,,0.2,295.3,07:40:30,30.0,BASELINE_HISTORICAL_CALIBRATION,203.5,0.5
OBS_000113,07:41:00,3360.0,12017,ROUTE_NDLS_DDN_01,SYNTHETIC_SIMULATOR,OK,28.98,77.7006,72.0,0.0,0.0,47.5,0.0,0.0,120,,52.17,SEC_GZB_MTC,MTC,MTC,MOZ,56.0,242.0,DWELLING,ARRIVED,07:41:00,,,-21.09,,,GREEN,LOW,False,,False,EVT_001,JRN_NDLS_DDN_01_20260902_161226,0.2301,0.0,0.4541,0.4541,1.0,NONE,NONE,,134.4,580.8,07:41:00,30.0,BASELINE_HISTORICAL_CALIBRATION,203.0,35.5
OBS_000114,07:41:30,3390.0,12017,ROUTE_NDLS_DDN_01,SYNTHETIC_SIMULATOR,OK,28.98,77.7006,72.0,0.0,0.0,0.0,0.0,0.0,110,,0.0,SEC_MTC_MOZ,MTC,MTC,MOZ,56.0,242.0,DWELLING,,,,,-20.77,,,GREEN,LOW,False,,False,,JRN_NDLS_DDN_01_20260902_161226,0.2301,0.0,0.4541,0.4541,1.0,NONE,NONE,,134.4,580.8,07:41:30,30.0,BASELINE_HISTORICAL_CALIBRATION,202.5,35.0
OBS_000115,07:42:00,3420.0,12017,ROUTE_NDLS_DDN_01,SYNTHETIC_SIMULATOR,OK,28.98,77.7006,72.0,0.0,0.0,0.0,0.0,0.0,110,,0.0,SEC_MTC_MOZ,MTC,MTC,MOZ,56.0,242.0,DWELLING,,,,,-20.27,,,GREEN,LOW,False,,False,,JRN_NDLS_DDN_01_20260902_161226,0.2301,0.0,0.4541,0.4541,1.0,NONE,NONE,,134.4,580.8,07:42:00,30.0,BASELINE_HISTORICAL_CALIBRATION,202.0,34.5
OBS_000116,07:42:30,3450.0,12017,ROUTE_NDLS_DDN_01,SYNTHETIC_SIMULATOR,OK,28.98,77.7006,72.0,0.0,0.0,0.0,0.0,0.0,110,,0.0,SEC_MTC_MOZ,MTC,MTC,MOZ,56.0,242.0,DWELLING,,,,,-19.77,,,GREEN,LOW,False,,False,,JRN_NDLS_DDN_01_20260902_161226,0.2301,0.0,0.4541,0.4541,1.0,NONE,NONE,,134.4,580.8,07:42:30,30.0,BASELINE_HISTORICAL_CALIBRATION,201.5,34.0
OBS_000117,07:43:00,3480.0,12017,ROUTE_NDLS_DDN_01,SYNTHETIC_SIMULATOR,OK,28.98,77.7006,72.0,0.0,0.0,0.0,0.0,0.0,110,,0.0,SEC_MTC_MOZ,MTC,MTC,MOZ,56.0,242.0,DWELLING,,,,,-19.27,,,GREEN,LOW,False,,False,,JRN_NDLS_DDN_01_20260902_161226,0.2301,0.0,0.4541,0.4541,1.0,NONE,NONE,,134.4,580.8,07:43:00,30.0,BASELINE_HISTORICAL_CALIBRATION,201.0,33.5
OBS_000118,07:43:30,3510.0,12017,ROUTE_NDLS_DDN_01,SYNTHETIC_SIMULATOR,OK,28.98,77.7006,72.0,0.0,0.0,0.0,0.0,0.0,110,,0.0,SEC_MTC_MOZ,MTC,MTC,MOZ,56.0,242.0,DWELLING,,,,,-18.77,,,GREEN,LOW,False,,False,,JRN_NDLS_DDN_01_20260902_161226,0.2301,0.0,0.4541,0.4541,1.0,NONE,NONE,,134.4,580.8,07:43:30,30.0,BASELINE_HISTORICAL_CALIBRATION,200.5,33.0
OBS_000119,07:44:00,3540.0,12017,ROUTE_NDLS_DDN_01,SYNTHETIC_SIMULATOR,OK,28.98,77.7006,72.675,54.0,15.0,104.5,0.5,187.5,110,,933.23,SEC_MTC_MOZ,MTC,MTC,MOZ,55.325,241.325,ACCELERATING,DEPARTED,,07:44:00,3,-18.27,,,GREEN,LOW,False,,False,,JRN_NDLS_DDN_01_20260902_161226,0.2301,0.0,0.4541,0.4541,1.0,NONE,NONE,,61.5,268.1,07:44:00,30.0,BASELINE_HISTORICAL_CALIBRATION,200.0,32.5
OBS_000120,07:44:30,3570.0,12017,ROUTE_NDLS_DDN_01,SYNTHETIC_SIMULATOR,OK,28.99558,77.70085,73.771,104.5,29.03,104.5,0.5,702.2,110,,927.59,SEC_MTC_MOZ,,MTC,MOZ,54.229,240.229,ACCELERATING,,,,,-18.5,,,GREEN,LOW,False,,False,,JRN_NDLS_DDN_01_20260902_161226,0.2301,0.0,0.4541,0.4541,1.0,NONE,NONE,,31.1,137.9,07:44:30,30.0,BASELINE_HISTORICAL_CALIBRATION,199.5,32.0
OBS_000121,07:45:00,3600.0,12017,ROUTE_NDLS_DDN_01,SYNTHETIC_SIMULATOR,OK,29.003242,77.700973,74.642,104.5,29.03,104.5,0.0,702.2,110,,918.35,SEC_MTC_MOZ,,MTC,MOZ,53.358,239.358,CRUISING,,,,,-19.17,,,GREEN,LOW,False,,False,,JRN_NDLS_DDN_01_20260902_161226,0.2301,0.0,0.4541,0.4541,1.0,NONE,NONE,,30.6,137.4,07:45:00,30.0,BASELINE_HISTORICAL_CALIBRATION,199.0,31.5
OBS_000122,07:45:30,3630.0,12017,ROUTE_NDLS_DDN_01,SYNTHETIC_SIMULATOR,OK,29.010904,77.701096,75.512,104.5,29.03,104.5,0.0,702.2,110,,910.95,SEC_MTC_MOZ,,MTC,MOZ,52.488,238.488,CRUISING,,,,,-19.61,,,GREEN,LOW,False,,False,,JRN_NDLS_DDN_01_20260902_161226,0.2301,0.0,0.4541,0.4541,1.0,NONE,NONE,,30.1,136.9,07:45:30,30.0,BASELINE_HISTORICAL_CALIBRATION,198.5,31.0
OBS_000123,07:46:00,3660.0,12017,ROUTE_NDLS_DDN_01,SYNTHETIC_SIMULATOR,OK,29.018566,77.701218,76.383,104.5,29.03,104.5,0.0,702.2,110,,903.49,SEC_MTC_MOZ,,MTC,MOZ,51.617,237.617,CRUISING,,,,,-20.04,,,GREEN,LOW,False,,False,,JRN_NDLS_DDN_01_20260902_161226,0.2301,0.0,0.4541,0.4541,1.0,NONE,NONE,,29.6,136.4,07:46:00,30.0,BASELINE_HISTORICAL_CALIBRATION,198.0,30.5
OBS_000124,07:46:30,3690.0,12017,ROUTE_NDLS_DDN_01,SYNTHETIC_SIMULATOR,OK,29.026227,77.701341,77.254,104.5,29.03,104.5,0.0,702.2,110,,895.96,SEC_MTC_MOZ,,MTC,MOZ,50.746,236.746,CRUISING,,,,,-20.48,,,GREEN,LOW,False,,False,,JRN_NDLS_DDN_01_20260902_161226,0.2301,0.0,0.4541,0.4541,1.0,NONE,NONE,,29.1,135.9,07:46:30,30.0,BASELINE_HISTORICAL_CALIBRATION,197.5,30.0
OBS_000125,07:47:00,3720.0,12017,ROUTE_NDLS_DDN_01,SYNTHETIC_SIMULATOR,OK,29.033889,77.701464,78.125,104.5,29.03,104.5,0.0,702.2,110,,888.37,SEC_MTC_MOZ,,MTC,MOZ,49.875,235.875,CRUISING,,,,,-20.91,,,GREEN,LOW,False,,False,,JRN_NDLS_DDN_01_20260902_161226,0.2301,0.0,0.4541,0.4541,1.0,NONE,NONE,,28.6,135.4,07:47:00,30.0,BASELINE_HISTORICAL_CALIBRATION,197.0,29.5
OBS_000126,07:47:30,3750.0,12017,ROUTE_NDLS_DDN_01,SYNTHETIC_SIMULATOR,OK,29.041551,77.701587,78.996,104.5,29.03,104.5,0.0,702.2,110,,880.71,SEC_MTC_MOZ,,MTC,MOZ,49.004,235.004,CRUISING,,,,,-21.35,,,GREEN,LOW,False,,False,,JRN_NDLS_DDN_01_20260902_161226,0.2301,0.0,0.4541,0.4541,1.0,NONE,NONE,,28.1,134.9,07:47:30,30.0,BASELINE_HISTORICAL_CALIBRATION,196.5,29.0
OBS_000127,07:48:00,3780.0,12017,ROUTE_NDLS_DDN_01,SYNTHETIC_SIMULATOR,OK,29.049213,77.70171,79.867,104.5,29.03,104.5,0.0,702.2,110,,872.99,SEC_MTC_MOZ,,MTC,MOZ,48.133,234.133,CRUISING,,,,,-21.78,,,GREEN,LOW,False,,False,,JRN_NDLS_DDN_01_20260902_161226,0.2301,0.0,0.4541,0.4541,1.0,NONE,NONE,,27.6,134.4,07:48:00,30.0,BASELINE_HISTORICAL_CALIBRATION,196.0,28.5
OBS_000128,07:48:30,3810.0,12017,ROUTE_NDLS_DDN_01,SYNTHETIC_SIMULATOR,OK,29.056874,77.701833,80.737,104.5,29.03,104.5,0.0,702.2,110,,865.2,SEC_MTC_MOZ,,MTC,MOZ,47.263,233.263,CRUISING,,,,,-22.22,,,GREEN,LOW,False,,False,,JRN_NDLS_DDN_01_20260902_161226,0.2301,0.0,0.4541,0.4541,1.0,NONE,NONE,,27.1,133.9,07:48:30,30.0,BASELINE_HISTORICAL_CALIBRATION,195.5,28.0
OBS_000129,07:49:00,3840.0,12017,ROUTE_NDLS_DDN_01,SYNTHETIC_SIMULATOR,OK,29.064536,77.701955,81.608,104.5,29.03,104.5,0.0,702.2,110,,857.34,SEC_MTC_MOZ,,MTC,MOZ,46.392,232.392,CRUISING,,,,,-22.65,,,GREEN,LOW,False,,False,,JRN_NDLS_DDN_01_20260902_161226,0.2301,0.0,0.4541,0.4541,1.0,NONE,NONE,,26.6,133.4,07:49:00,30.0,BASELINE_HISTORICAL_CALIBRATION,195.0,27.5
OBS_000130,07:49:30,3870.0,12017,ROUTE_NDLS_DDN_01,SYNTHETIC_SIMULATOR,OK,29.072198,77.702078,82.479,104.5,29.03,104.5,0.0,702.2,110,,849.4,SEC_MTC_MOZ,,MTC,MOZ,45.521,231.521,CRUISING,,,,,-23.09,,,GREEN,LOW,False,,False,,JRN_NDLS_DDN_01_20260902_161226,0.2301,0.0,0.4541,0.4541,1.0,NONE,NONE,,26.1,132.9,07:49:30,30.0,BASELINE_HISTORICAL_CALIBRATION,194.5,27.0
OBS_000131,07:50:00,3900.0,12017,ROUTE_NDLS_DDN_01,SYNTHETIC_SIMULATOR,OK,29.07986,77.702201,83.35,104.5,29.03,104.5,0.0,702.2,110,,841.39,SEC_MTC_MOZ,,MTC,MOZ,44.65,230.65,CRUISING,,,,,-23.52,,,GREEN,LOW,False,,False,,JRN_NDLS_DDN_01_20260902_161226,0.2301,0.0,0.4541,0.4541,1.0,NONE,NONE,,25.6,132.4,07:50:00,30.0,BASELINE_HISTORICAL_CALIBRATION,194.0,26.5
OBS_000132,07:50:30,3930.0,12017,ROUTE_NDLS_DDN_01,SYNTHETIC_SIMULATOR,OK,29.087522,77.702324,84.221,104.5,29.03,104.5,0.0,702.2,110,,833.3,SEC_MTC_MOZ,,MTC,MOZ,43.779,229.779,CRUISING,,,,,-23.96,,,GREEN,LOW,False,,False,,JRN_NDLS_DDN_01_20260902_161226,0.2301,0.0,0.4541,0.4541,1.0,NONE,NONE,,25.1,131.9,07:50:30,30.0,BASELINE_HISTORICAL_CALIBRATION,193.5,26.0
OBS_000133,07:51:00,3960.0,12017,ROUTE_NDLS_DDN_01,SYNTHETIC_SIMULATOR,OK,29.095183,77.702447,85.092,104.5,29.03,104.5,0.0,702.2,110,,825.14,SEC_MTC_MOZ,,MTC,MOZ,42.908,228.908,CRUISING,,,,,-24.39,,,GREEN,LOW,False,,False,,JRN_NDLS_DDN_01_20260902_161226,0.2301,0.0,0.4541,0.4541,1.0,NONE,NONE,,24.6,131.4,07:51:00,30.0,BASELINE_HISTORICAL_CALIBRATION,193.0,25.5
OBS_000134,07:51:30,3990.0,12017,ROUTE_NDLS_DDN_01,SYNTHETIC_SIMULATOR,OK,29.102845,77.70257,85.962,104.5,29.03,104.5,0.0,702.2,110,,816.89,SEC_MTC_MOZ,,MTC,MOZ,42.038,228.038,CRUISING,,,,,-24.82,,,GREEN,LOW,False,,False,,JRN_NDLS_DDN_01_20260902_161226,0.2301,0.0,0.4541,0.4541,1.0,NONE,NONE,,24.1,130.9,07:51:30,30.0,BASELINE_HISTORICAL_CALIBRATION,192.5,25.0
OBS_000135,07:52:00,4020.0,12017,ROUTE_NDLS_DDN_01,SYNTHETIC_SIMULATOR,OK,29.110507,77.702693,86.833,104.5,29.03,104.5,0.0,702.2,110,,808.56,SEC_MTC_MOZ,,MTC,MOZ,41.167,227.167,CRUISING,,,,,-25.26,,,GREEN,LOW,False,,False,,JRN_NDLS_DDN_01_20260902_161226,0.2301,0.0,0.4541,0.4541,1.0,NONE,NONE,,23.6,130.4,07:52:00,30.0,BASELINE_HISTORICAL_CALIBRATION,192.0,24.5
OBS_000136,07:52:30,4050.0,12017,ROUTE_NDLS_DDN_01,SYNTHETIC_SIMULATOR,OK,29.118169,77.702815,87.704,104.5,29.03,104.5,0.0,702.2,110,,800.14,SEC_MTC_MOZ,,MTC,MOZ,40.296,226.296,CRUISING,,,,,-25.69,,,GREEN,LOW,False,,False,,JRN_NDLS_DDN_01_20260902_161226,0.2301,0.0,0.4541,0.4541,1.0,NONE,NONE,,23.1,129.9,07:52:30,30.0,BASELINE_HISTORICAL_CALIBRATION,191.5,24.0
OBS_000137,07:53:00,4080.0,12017,ROUTE_NDLS_DDN_01,SYNTHETIC_SIMULATOR,OK,29.12583,77.702938,88.575,104.5,29.03,104.5,0.0,702.2,110,,791.63,SEC_MTC_MOZ,,MTC,MOZ,39.425,225.425,CRUISING,,,,,-26.13,,,GREEN,LOW,False,,False,,JRN_NDLS_DDN_01_20260902_161226,0.2301,0.0,0.4541,0.4541,1.0,NONE,NONE,,22.6,129.4,07:53:00,30.0,BASELINE_HISTORICAL_CALIBRATION,191.0,23.5
OBS_000138,07:53:30,4110.0,12017,ROUTE_NDLS_DDN_01,SYNTHETIC_SIMULATOR,OK,29.133492,77.703061,89.446,104.5,29.03,104.5,0.0,702.2,110,,783.03,SEC_MTC_MOZ,,MTC,MOZ,38.554,224.554,CRUISING,,,,,-26.56,,,GREEN,LOW,False,,False,,JRN_NDLS_DDN_01_20260902_161226,0.2301,0.0,0.4541,0.4541,1.0,NONE,NONE,,22.1,128.9,07:53:30,30.0,BASELINE_HISTORICAL_CALIBRATION,190.5,23.0
OBS_000139,07:54:00,4140.0,12017,ROUTE_NDLS_DDN_01,SYNTHETIC_SIMULATOR,OK,29.141154,77.703184,90.317,104.5,29.03,104.5,0.0,702.2,110,,774.33,SEC_MTC_MOZ,,MTC,MOZ,37.683,223.683,CRUISING,,,,,-27.0,,,GREEN,LOW,False,,False,,JRN_NDLS_DDN_01_20260902_161226,0.2301,0.0,0.4541,0.4541,1.0,NONE,NONE,,21.6,128.4,07:54:00,30.0,BASELINE_HISTORICAL_CALIBRATION,190.0,22.5
OBS_000140,07:54:30,4170.0,12017,ROUTE_NDLS_DDN_01,SYNTHETIC_SIMULATOR,OK,29.148816,77.703307,91.187,104.5,29.03,104.5,0.0,702.2,110,,765.54,SEC_MTC_MOZ,,MTC,MOZ,36.813,222.813,CRUISING,,,,,-27.43,,,GREEN,LOW,False,,False,,JRN_NDLS_DDN_01_20260902_161226,0.2301,0.0,0.4541,0.4541,1.0,NONE,NONE,,21.1,127.9,07:54:30,30.0,BASELINE_HISTORICAL_CALIBRATION,189.5,22.0
OBS_000141,07:55:00,4200.0,12017,ROUTE_NDLS_DDN_01,SYNTHETIC_SIMULATOR,OK,29.156478,77.70343,92.058,104.5,29.03,104.5,0.0,702.2,110,,756.64,SEC_MTC_MOZ,,MTC,MOZ,35.942,221.942,CRUISING,,,,,-27.87,,,GREEN,LOW,False,,False,,JRN_NDLS_DDN_01_20260902_161226,0.2301,0.0,0.4541,0.4541,1.0,NONE,NONE,,20.6,127.4,07:55:00,30.0,BASELINE_HISTORICAL_CALIBRATION,189.0,21.5
OBS_000142,07:55:30,4230.0,12017,ROUTE_NDLS_DDN_01,SYNTHETIC_SIMULATOR,OK,29.164139,77.703553,92.929,104.5,29.03,104.5,0.0,702.2,110,,747.64,SEC_MTC_MOZ,,MTC,MOZ,35.071,221.071,CRUISING,,,,,-28.3,,,GREEN,LOW,False,,False,,JRN_NDLS_DDN_01_20260902_161226,0.2301,0.0,0.4541,0.4541,1.0,NONE,NONE,,20.1,126.9,07:55:30,30.0,BASELINE_HISTORICAL_CALIBRATION,188.5,21.0
OBS_000143,07:56:00,4260.0,12017,ROUTE_NDLS_DDN_01,SYNTHETIC_SIMULATOR,OK,29.171801,77.703675,93.8,104.5,29.03,104.5,0.0,702.2,110,,738.53,SEC_MTC_MOZ,,MTC,MOZ,34.2,220.2,CRUISING,,,,,-28.74,,,GREEN,LOW,False,,False,,JRN_NDLS_DDN_01_20260902_161226,0.2301,0.0,0.4541,0.4541,1.0,NONE,NONE,,19.6,126.4,07:56:00,30.0,BASELINE_HISTORICAL_CALIBRATION,188.0,20.5
OBS_000144,07:56:30,4290.0,12017,ROUTE_NDLS_DDN_01,SYNTHETIC_SIMULATOR,OK,29.179463,77.703798,94.671,104.5,29.03,104.5,0.0,702.2,110,,729.3,SEC_MTC_MOZ,,MTC,MOZ,33.329,219.329,CRUISING,,,,,-29.17,,,GREEN,LOW,False,,False,,JRN_NDLS_DDN_01_20260902_161226,0.2301,0.0,0.4541,0.4541,1.0,NONE,NONE,,19.1,125.9,07:56:30,30.0,BASELINE_HISTORICAL_CALIBRATION,187.5,20.0
OBS_000145,07:57:00,4320.0,12017,ROUTE_NDLS_DDN_01,SYNTHETIC_SIMULATOR,OK,29.187125,77.703921,95.542,104.5,29.03,104.5,0.0,702.2,110,,719.95,SEC_MTC_MOZ,,MTC,MOZ,32.458,218.458,CRUISING,,,,,-29.61,,,GREEN,LOW,False,,False,,JRN_NDLS_DDN_01_20260902_161226,0.2301,0.0,0.4541,0.4541,1.0,NONE,NONE,,18.6,125.4,07:57:00,30.0,BASELINE_HISTORICAL_CALIBRATION,187.0,19.5
OBS_000146,07:57:30,4350.0,12017,ROUTE_NDLS_DDN_01,SYNTHETIC_SIMULATOR,OK,29.194786,77.704044,96.412,104.5,29.03,104.5,0.0,702.2,110,,710.49,SEC_MTC_MOZ,,MTC,MOZ,31.588,217.588,CRUISING,,,,,-30.04,,,GREEN,LOW,False,,False,,JRN_NDLS_DDN_01_20260902_161226,0.2301,0.0,0.4541,0.4541,1.0,NONE,NONE,,18.1,124.9,07:57:30,30.0,BASELINE_HISTORICAL_CALIBRATION,186.5,19.0
OBS_000147,07:58:00,4380.0,12017,ROUTE_NDLS_DDN_01,SYNTHETIC_SIMULATOR,OK,29.202448,77.704167,97.283,104.5,29.03,104.5,0.0,702.2,110,,700.89,SEC_MTC_MOZ,,MTC,MOZ,30.717,216.717,CRUISING,,,,,-30.47,,,GREEN,LOW,False,,False,,JRN_NDLS_DDN_01_20260902_161226,0.2301,0.0,0.4541,0.4541,1.0,NONE,NONE,,17.6,124.4,07:58:00,30.0,BASELINE_HISTORICAL_CALIBRATION,186.0,18.5
OBS_000148,07:58:30,4410.0,12017,ROUTE_NDLS_DDN_01,SYNTHETIC_SIMULATOR,OK,29.21011,77.70429,98.154,104.5,29.03,104.5,0.0,702.2,110,,691.16,SEC_MTC_MOZ,,MTC,MOZ,29.846,215.846,CRUISING,,,,,-30.91,,,GREEN,LOW,False,,False,,JRN_NDLS_DDN_01_20260902_161226,0.2301,0.0,0.4541,0.4541,1.0,NONE,NONE,,17.1,123.9,07:58:30,30.0,BASELINE_HISTORICAL_CALIBRATION,185.5,18.0
OBS_000149,07:59:00,4440.0,12017,ROUTE_NDLS_DDN_01,SYNTHETIC_SIMULATOR,OK,29.217772,77.704412,99.025,104.5,29.03,104.5,0.0,702.2,110,,681.29,SEC_MTC_MOZ,,MTC,MOZ,28.975,214.975,CRUISING,,,,,-31.34,,,GREEN,LOW,False,,False,,JRN_NDLS_DDN_01_20260902_161226,0.2301,0.0,0.4541,0.4541,1.0,NONE,NONE,,16.6,123.4,07:59:00,30.0,BASELINE_HISTORICAL_CALIBRATION,185.0,17.5
OBS_000150,07:59:30,4470.0,12017,ROUTE_NDLS_DDN_01,SYNTHETIC_SIMULATOR,OK,29.225434,77.704535,99.896,104.5,29.03,104.5,0.0,702.2,110,,671.28,SEC_MTC_MOZ,,MTC,MOZ,28.104,214.104,CRUISING,,,,,-31.78,,,GREEN,LOW,False,,False,,JRN_NDLS_DDN_01_20260902_161226,0.2301,0.0,0.4541,0.4541,1.0,NONE,NONE,,16.1,122.9,07:59:30,30.0,BASELINE_HISTORICAL_CALIBRATION,184.5,17.0
OBS_000151,08:00:00,4500.0,12017,ROUTE_NDLS_DDN_01,SYNTHETIC_SIMULATOR,OK,29.233095,77.704658,100.767,104.5,29.03,104.5,0.0,702.2,110,,661.12,SEC_MTC_MOZ,,MTC,MOZ,27.233,213.233,CRUISING,,,,,-32.21,,,GREEN,LOW,False,,False,,JRN_NDLS_DDN_01_20260902_161226,0.2313,0.0,0.4541,0.4541,1.0,NONE,NONE,,15.6,122.4,08:00:00,30.0,BASELINE_HISTORICAL_CALIBRATION,184.0,16.5
OBS_000152,08:00:30,4530.0,12017,ROUTE_NDLS_DDN_01,SYNTHETIC_SIMULATOR,OK,29.240757,77.704781,101.637,104.5,29.03,104.5,0.0,702.2,110,,650.79,SEC_MTC_MOZ,,MTC,MOZ,26.363,212.363,CRUISING,,,,,-32.65,,,GREEN,LOW,False,,False,,JRN_NDLS_DDN_01_20260902_161226,0.2313,0.0,0.4541,0.4541,1.0,NONE,NONE,,15.1,121.9,08:00:30,30.0,BASELINE_HISTORICAL_CALIBRATION,183.5,16.0
OBS_000153,08:01:00,4560.0,12017,ROUTE_NDLS_DDN_01,SYNTHETIC_SIMULATOR,OK,29.248419,77.704904,102.508,104.5,29.03,104.5,0.0,702.2,110,,640.3,SEC_MTC_MOZ,,MTC,MOZ,25.492,211.492,CRUISING,,,,,-33.08,,,GREEN,LOW,False,,False,,JRN_NDLS_DDN_01_20260902_161226,0.2313,0.0,0.4541,0.4541,1.0,NONE,NONE,,14.6,121.4,08:01:00,30.0,BASELINE_HISTORICAL_CALIBRATION,183.0,15.5
OBS_000154,08:01:30,4590.0,12017,ROUTE_NDLS_DDN_01,SYNTHETIC_SIMULATOR,OK,29.256081,77.705027,103.379,104.5,29.03,104.5,0.0,702.2,110,,629.64,SEC_MTC_MOZ,,MTC,MOZ,24.621,210.621,CRUISING,,,,,-33.52,,,GREEN,LOW,False,,False,,JRN_NDLS_DDN_01_20260902_161226,0.2313,0.0,0.4541,0.4541,1.0,NONE,NONE,,14.1,120.9,08:01:30,30.0,BASELINE_HISTORICAL_CALIBRATION,182.5,15.0
OBS_000155,08:02:00,4620.0,12017,ROUTE_NDLS_DDN_01,SYNTHETIC_SIMULATOR,OK,29.263742,77.70515,104.25,104.5,29.03,104.5,0.0,702.2,110,,618.79,SEC_MTC_MOZ,,MTC,MOZ,23.75,209.75,CRUISING,,,,,-33.95,,,GREEN,LOW,False,,False,,JRN_NDLS_DDN_01_20260902_161226,0.2313,0.0,0.4541,0.4541,1.0,NONE,NONE,,13.6,120.4,08:02:00,30.0,BASELINE_HISTORICAL_CALIBRATION,182.0,14.5
OBS_000156,08:02:30,4650.0,12017,ROUTE_NDLS_DDN_01,SYNTHETIC_SIMULATOR,OK,29.271404,77.705272,105.121,104.5,29.03,104.5,0.0,702.2,110,,607.75,SEC_MTC_MOZ,,MTC,MOZ,22.879,208.879,CRUISING,,,,,-34.39,,,GREEN,LOW,False,,False,,JRN_NDLS_DDN_01_20260902_161226,0.2313,0.0,0.4541,0.4541,1.0,NONE,NONE,,13.1,119.9,08:02:30,30.0,BASELINE_HISTORICAL_CALIBRATION,181.5,14.0
OBS_000157,08:03:00,4680.0,12017,ROUTE_NDLS_DDN_01,SYNTHETIC_SIMULATOR,OK,29.279066,77.705395,105.992,104.5,29.03,104.5,0.0,702.2,110,,596.5,SEC_MTC_MOZ,,MTC,MOZ,22.008,208.008,CRUISING,,,,,-34.82,,,GREEN,LOW,False,,False,,JRN_NDLS_DDN_01_20260902_161226,0.2313,0.0,0.4541,0.4541,1.0,NONE,NONE,,12.6,119.4,08:03:00,30.0,BASELINE_HISTORICAL_CALIBRATION,181.0,13.5
OBS_000158,08:03:30,4710.0,12017,ROUTE_NDLS_DDN_01,SYNTHETIC_SIMULATOR,OK,29.286728,77.705518,106.862,104.5,29.03,104.5,0.0,702.2,110,,585.04,SEC_MTC_MOZ,,MTC,MOZ,21.138,207.138,CRUISING,,,,,-35.26,,,GREEN,LOW,False,,False,,JRN_NDLS_DDN_01_20260902_161226,0.2313,0.0,0.4541,0.4541,1.0,NONE,NONE,,12.1,118.9,08:03:30,30.0,BASELINE_HISTORICAL_CALIBRATION,180.5,13.0
OBS_000159,08:04:00,4740.0,12017,ROUTE_NDLS_DDN_01,SYNTHETIC_SIMULATOR,OK,29.29439,77.705641,107.733,104.5,29.03,104.5,0.0,702.2,110,,573.35,SEC_MTC_MOZ,,MTC,MOZ,20.267,206.267,CRUISING,,,,,-35.69,,,GREEN,LOW,False,,False,,JRN_NDLS_DDN_01_20260902_161226,0.2313,0.0,0.4541,0.4541,1.0,NONE,NONE,,11.6,118.4,08:04:00,30.0,BASELINE_HISTORICAL_CALIBRATION,180.0,12.5
OBS_000160,08:04:30,4770.0,12017,ROUTE_NDLS_DDN_01,SYNTHETIC_SIMULATOR,OK,29.302051,77.705764,108.604,104.5,29.03,104.5,0.0,702.2,110,,561.42,SEC_MTC_MOZ,,MTC,MOZ,19.396,205.396,CRUISING,,,,,-36.12,,,GREEN,LOW,False,,False,,JRN_NDLS_DDN_01_20260902_161226,0.2313,0.0,0.4541,0.4541,1.0,NONE,NONE,,11.1,117.9,08:04:30,30.0,BASELINE_HISTORICAL_CALIBRATION,179.5,12.0
OBS_000161,08:05:00,4800.0,12017,ROUTE_NDLS_DDN_01,SYNTHETIC_SIMULATOR,OK,29.309713,77.705887,109.475,104.5,29.03,104.5,0.0,702.2,110,,549.22,SEC_MTC_MOZ,,MTC,MOZ,18.525,204.525,CRUISING,,,,,-36.56,,,GREEN,LOW,False,,False,,JRN_NDLS_DDN_01_20260902_161226,0.2313,0.0,0.4541,0.4541,1.0,NONE,NONE,,10.6,117.4,08:05:00,30.0,BASELINE_HISTORICAL_CALIBRATION,179.0,11.5
OBS_000162,08:05:30,4830.0,12017,ROUTE_NDLS_DDN_01,SYNTHETIC_SIMULATOR,OK,29.317375,77.70601,110.346,104.5,29.03,104.5,0.0,702.2,110,,536.75,SEC_MTC_MOZ,,MTC,MOZ,17.654,203.654,CRUISING,,,,,-36.99,,,GREEN,LOW,False,,False,,JRN_NDLS_DDN_01_20260902_161226,0.2313,0.0,0.4541,0.4541,1.0,NONE,NONE,,10.1,116.9,08:05:30,30.0,BASELINE_HISTORICAL_CALIBRATION,178.5,11.0
OBS_000163,08:06:00,4860.0,12017,ROUTE_NDLS_DDN_01,SYNTHETIC_SIMULATOR,OK,29.325037,77.706132,111.217,104.5,29.03,104.5,0.0,702.2,110,,523.98,SEC_MTC_MOZ,,MTC,MOZ,16.783,202.783,CRUISING,,,,,-37.43,,,GREEN,LOW,False,,False,,JRN_NDLS_DDN_01_20260902_161226,0.2313,0.0,0.4541,0.4541,1.0,NONE,NONE,,9.6,116.4,08:06:00,30.0,BASELINE_HISTORICAL_CALIBRATION,178.0,10.5
OBS_000164,08:06:30,4890.0,12017,ROUTE_NDLS_DDN_01,SYNTHETIC_SIMULATOR,OK,29.332698,77.706255,112.087,104.5,29.03,104.5,0.0,702.2,110,,510.9,SEC_MTC_MOZ,,MTC,MOZ,15.913,201.913,CRUISING,,,,,-37.86,,,GREEN,LOW,False,,False,,JRN_NDLS_DDN_01_20260902_161226,0.2313,0.0,0.4541,0.4541,1.0,NONE,NONE,,9.1,115.9,08:06:30,30.0,BASELINE_HISTORICAL_CALIBRATION,177.5,10.0
OBS_000165,08:07:00,4920.0,12017,ROUTE_NDLS_DDN_01,SYNTHETIC_SIMULATOR,OK,29.34036,77.706378,112.958,104.5,29.03,104.5,0.0,702.2,110,,497.46,SEC_MTC_MOZ,,MTC,MOZ,15.042,201.042,CRUISING,,,,,-38.3,,,GREEN,LOW,False,,False,,JRN_NDLS_DDN_01_20260902_161226,0.2313,0.0,0.4541,0.4541,1.0,NONE,NONE,,8.6,115.4,08:07:00,30.0,BASELINE_HISTORICAL_CALIBRATION,177.0,9.5
OBS_000166,08:07:30,4950.0,12017,ROUTE_NDLS_DDN_01,SYNTHETIC_SIMULATOR,OK,29.348022,77.706501,113.829,104.5,29.03,104.5,0.0,702.2,110,,483.66,SEC_MTC_MOZ,,MTC,MOZ,14.171,200.171,CRUISING,,,,,-38.73,,,GREEN,LOW,False,,False,,JRN_NDLS_DDN_01_20260902_161226,0.2313,0.0,0.4541,0.4541,1.0,NONE,NONE,,8.1,114.9,08:07:30,30.0,BASELINE_HISTORICAL_CALIBRATION,176.5,9.0
OBS_000167,08:08:00,4980.0,12017,ROUTE_NDLS_DDN_01,SYNTHETIC_SIMULATOR,OK,29.355684,77.706624,114.7,104.5,29.03,104.5,0.0,702.2,110,,469.45,SEC_MTC_MOZ,,MTC,MOZ,13.3,199.3,CRUISING,,,,,-39.17,,,GREEN,LOW,False,,False,,JRN_NDLS_DDN_01_20260902_161226,0.2313,0.0,0.4541,0.4541,1.0,NONE,NONE,,7.6,114.4,08:08:00,30.0,BASELINE_HISTORICAL_CALIBRATION,176.0,8.5
OBS_000168,08:08:30,5010.0,12017,ROUTE_NDLS_DDN_01,SYNTHETIC_SIMULATOR,OK,29.363346,77.706747,115.571,104.5,29.03,104.5,0.0,702.2,110,,454.8,SEC_MTC_MOZ,,MTC,MOZ,12.429,198.429,CRUISING,,,,,-39.6,,,GREEN,LOW,False,,False,,JRN_NDLS_DDN_01_20260902_161226,0.2313,0.0,0.4541,0.4541,1.0,NONE,NONE,,7.1,113.9,08:08:30,30.0,BASELINE_HISTORICAL_CALIBRATION,175.5,8.0
OBS_000169,08:09:00,5040.0,12017,ROUTE_NDLS_DDN_01,SYNTHETIC_SIMULATOR,OK,29.371007,77.706869,116.442,104.5,29.03,104.5,0.0,702.2,110,,439.66,SEC_MTC_MOZ,,MTC,MOZ,11.558,197.558,CRUISING,,,,,-40.04,,,GREEN,LOW,False,,False,,JRN_NDLS_DDN_01_20260902_161226,0.2313,0.0,0.4541,0.4541,1.0,NONE,NONE,,6.6,113.4,08:09:00,30.0,BASELINE_HISTORICAL_CALIBRATION,175.0,7.5
OBS_000170,08:09:30,5070.0,12017,ROUTE_NDLS_DDN_01,SYNTHETIC_SIMULATOR,OK,29.378669,77.706992,117.312,104.5,29.03,104.5,0.0,702.2,110,,423.98,SEC_MTC_MOZ,,MTC,MOZ,10.688,196.688,CRUISING,,,,,-40.47,,,GREEN,LOW,False,,False,,JRN_NDLS_DDN_01_20260902_161226,0.2313,0.0,0.4541,0.4541,1.0,NONE,NONE,,6.1,112.9,08:09:30,30.0,BASELINE_HISTORICAL_CALIBRATION,174.5,7.0
OBS_000171,08:10:00,5100.0,12017,ROUTE_NDLS_DDN_01,SYNTHETIC_SIMULATOR,OK,29.386331,77.707115,118.183,104.5,29.03,104.5,0.0,702.2,110,,407.69,SEC_MTC_MOZ,,MTC,MOZ,9.817,195.817,CRUISING,,,,,-40.91,,,GREEN,LOW,False,,False,,JRN_NDLS_DDN_01_20260902_161226,0.2313,0.0,0.4541,0.4541,1.0,NONE,NONE,,5.6,112.4,08:10:00,30.0,BASELINE_HISTORICAL_CALIBRATION,174.0,6.5
OBS_000172,08:10:30,5130.0,12017,ROUTE_NDLS_DDN_01,SYNTHETIC_SIMULATOR,OK,29.393993,77.707238,119.054,104.5,29.03,104.5,0.0,702.2,110,,390.73,SEC_MTC_MOZ,,MTC,MOZ,8.946,194.946,CRUISING,,,,,-41.34,,,GREEN,LOW,False,,False,,JRN_NDLS_DDN_01_20260902_161226,0.2313,0.0,0.4541,0.4541,1.0,NONE,NONE,,5.1,111.9,08:10:30,30.0,BASELINE_HISTORICAL_CALIBRATION,173.5,6.0
OBS_000173,08:11:00,5160.0,12017,ROUTE_NDLS_DDN_01,SYNTHETIC_SIMULATOR,OK,29.401654,77.707361,119.925,104.5,29.03,104.5,0.0,702.2,110,,373.0,SEC_MTC_MOZ,,MTC,MOZ,8.075,194.075,CRUISING,,,,,-41.77,,,GREEN,LOW,False,,False,,JRN_NDLS_DDN_01_20260902_161226,0.2313,0.0,0.4541,0.4541,1.0,NONE,NONE,,4.6,111.4,08:11:00,30.0,BASELINE_HISTORICAL_CALIBRATION,173.0,5.5
OBS_000174,08:11:30,5190.0,12017,ROUTE_NDLS_DDN_01,SYNTHETIC_SIMULATOR,OK,29.409316,77.707484,120.796,104.5,29.03,104.5,0.0,702.2,110,,354.38,SEC_MTC_MOZ,,MTC,MOZ,7.204,193.204,CRUISING,,,,,-42.21,,,GREEN,LOW,False,,False,,JRN_NDLS_DDN_01_20260902_161226,0.2313,0.0,0.4541,0.4541,1.0,NONE,NONE,,4.1,110.9,08:11:30,30.0,BASELINE_HISTORICAL_CALIBRATION,172.5,5.0
OBS_000175,08:12:00,5220.0,12017,ROUTE_NDLS_DDN_01,SYNTHETIC_SIMULATOR,OK,29.416978,77.707607,121.667,104.5,29.03,104.5,0.0,702.2,110,,334.72,SEC_MTC_MOZ,,MTC,MOZ,6.333,192.333,CRUISING,,,,,-42.64,,,GREEN,LOW,False,,False,,JRN_NDLS_DDN_01_20260902_161226,0.2313,0.0,0.4541,0.4541,1.0,NONE,NONE,,3.6,110.4,08:12:00,30.0,BASELINE_HISTORICAL_CALIBRATION,172.0,4.5
OBS_000176,08:12:30,5250.0,12017,ROUTE_NDLS_DDN_01,SYNTHETIC_SIMULATOR,OK,29.42464,77.707729,122.537,104.5,29.03,104.5,0.0,702.2,110,,313.84,SEC_MTC_MOZ,,MTC,MOZ,5.463,191.463,CRUISING,,,,,-43.08,,,GREEN,LOW,False,,False,,JRN_NDLS_DDN_01_20260902_161226,0.2313,0.0,0.4541,0.4541,1.0,NONE,NONE,,3.1,109.9,08:12:30,30.0,BASELINE_HISTORICAL_CALIBRATION,171.5,4.0
OBS_000177,08:13:00,5280.0,12017,ROUTE_NDLS_DDN_01,SYNTHETIC_SIMULATOR,OK,29.432302,77.707852,123.408,104.5,29.03,104.5,0.0,702.2,110,,291.47,SEC_MTC_MOZ,,MTC,MOZ,4.592,190.592,CRUISING,,,,,-43.51,,,GREEN,LOW,False,,False,,JRN_NDLS_DDN_01_20260902_161226,0.2313,0.0,0.4541,0.4541,1.0,NONE,NONE,,2.6,109.4,08:13:00,30.0,BASELINE_HISTORICAL_CALIBRATION,171.0,3.5
OBS_000178,08:13:30,5310.0,12017,ROUTE_NDLS_DDN_01,SYNTHETIC_SIMULATOR,OK,29.439963,77.707975,124.279,104.5,29.03,104.5,0.0,702.2,110,,267.23,SEC_MTC_MOZ,,MTC,MOZ,3.721,189.721,CRUISING,,,,,-43.95,,,GREEN,LOW,False,,False,,JRN_NDLS_DDN_01_20260902_161226,0.2313,0.0,0.4541,0.4541,1.0,NONE,NONE,,2.1,108.9,08:13:30,30.0,BASELINE_HISTORICAL_CALIBRATION,170.5,3.0
OBS_000179,08:14:00,5340.0,12017,ROUTE_NDLS_DDN_01,SYNTHETIC_SIMULATOR,OK,29.447625,77.708098,125.15,104.5,29.03,104.5,0.0,702.2,110,,240.55,SEC_MTC_MOZ,,MTC,MOZ,2.85,188.85,CRUISING,,,,,-44.38,,,GREEN,LOW,False,,False,,JRN_NDLS_DDN_01_20260902_161226,0.2313,0.0,0.4541,0.4541,1.0,NONE,NONE,,1.6,108.4,08:14:00,30.0,BASELINE_HISTORICAL_CALIBRATION,170.0,2.5
OBS_000180,08:14:30,5370.0,12017,ROUTE_NDLS_DDN_01,SYNTHETIC_SIMULATOR,OK,29.455287,77.708221,126.021,104.5,29.03,104.5,0.0,702.2,110,,210.53,SEC_MTC_MOZ,,MTC,MOZ,1.979,187.979,CRUISING,,,,,-44.82,,,GREEN,LOW,False,,False,,JRN_NDLS_DDN_01_20260902_161226,0.2313,0.0,0.4541,0.4541,1.0,NONE,NONE,,1.1,107.9,08:14:30,30.0,BASELINE_HISTORICAL_CALIBRATION,169.5,2.0
OBS_000181,08:15:00,5400.0,12017,ROUTE_NDLS_DDN_01,SYNTHETIC_SIMULATOR,OK,29.462949,77.708344,126.892,104.5,29.03,104.5,0.0,702.2,110,,175.44,SEC_MTC_MOZ,,MTC,MOZ,1.108,187.108,CRUISING,,,,,-45.25,,,GREEN,LOW,False,,False,,JRN_NDLS_DDN_01_20260902_161226,0.2313,0.0,0.4541,0.4541,1.0,NONE,NONE,,0.6,107.4,08:15:00,30.0,BASELINE_HISTORICAL_CALIBRATION,169.0,1.5
OBS_000182,08:15:30,5430.0,12017,ROUTE_NDLS_DDN_01,SYNTHETIC_SIMULATOR,OK,29.47061,77.708466,127.762,104.5,29.03,104.5,0.0,702.2,110,,131.29,SEC_MTC_MOZ,,MTC,MOZ,0.238,186.238,CRUISING,,,,,-45.69,,,GREEN,LOW,False,,False,,JRN_NDLS_DDN_01_20260902_161226,0.2313,0.0,0.4541,0.4541,1.0,NONE,NONE,,0.1,106.9,08:15:30,30.0,BASELINE_HISTORICAL_CALIBRATION,168.5,1.0
OBS_000183,08:16:00,5460.0,12017,ROUTE_NDLS_DDN_01,SYNTHETIC_SIMULATOR,OK,29.471146,77.708475,127.823,39.7,11.03,60.77,-0.6,101.3,110,,60.77,SEC_MTC_MOZ,,MTC,MOZ,0.177,186.177,DECELERATING,,,,,-46.12,,,GREEN,LOW,False,,False,,JRN_NDLS_DDN_01_20260902_161226,0.2313,0.0,0.4541,0.4541,1.0,NONE,NONE,,0.3,281.4,08:16:00,30.0,BASELINE_HISTORICAL_CALIBRATION,168.0,0.5
OBS_000184,08:16:30,5490.0,12017,ROUTE_NDLS_DDN_01,SYNTHETIC_SIMULATOR,OK,29.4727,77.7085,128.0,0.0,0.0,52.42,0.0,0.0,110,,52.42,SEC_MTC_MOZ,MOZ,MOZ,SRE,59.0,186.0,DWELLING,ARRIVED,08:16:30,,,-45.69,,,GREEN,LOW,False,,False,,JRN_NDLS_DDN_01_20260902_161226,0.2313,0.0,0.4541,0.4541,1.0,NONE,NONE,,141.6,446.4,08:16:30,30.0,BASELINE_HISTORICAL_CALIBRATION,167.5,39.5
OBS_000185,08:17:00,5520.0,12017,ROUTE_NDLS_DDN_01,SYNTHETIC_SIMULATOR,OK,29.4727,77.7085,128.0,0.0,0.0,0.0,0.0,0.0,100,,0.0,SEC_MOZ_SRE,MOZ,MOZ,SRE,59.0,186.0,DWELLING,,,,,-45.38,,,GREEN,LOW,False,,False,,JRN_NDLS_DDN_01_20260902_161226,0.2313,0.0,0.4541,0.4541,1.0,NONE,NONE,,141.6,446.4,08:17:00,30.0,BASELINE_HISTORICAL_CALIBRATION,167.0,39.0
OBS_000186,08:17:30,5550.0,12017,ROUTE_NDLS_DDN_01,SYNTHETIC_SIMULATOR,OK,29.4727,77.7085,128.0,0.0,0.0,0.0,0.0,0.0,100,,0.0,SEC_MOZ_SRE,MOZ,MOZ,SRE,59.0,186.0,DWELLING,,,,,-44.88,,,GREEN,LOW,False,,False,,JRN_NDLS_DDN_01_20260902_161226,0.2313,0.0,0.4541,0.4541,1.0,NONE,NONE,,141.6,446.4,08:17:30,30.0,BASELINE_HISTORICAL_CALIBRATION,166.5,38.5
OBS_000187,08:18:00,5580.0,12017,ROUTE_NDLS_DDN_01,SYNTHETIC_SIMULATOR,OK,29.4727,77.7085,128.0,0.0,0.0,0.0,0.0,0.0,100,,0.0,SEC_MOZ_SRE,MOZ,MOZ,SRE,59.0,186.0,DWELLING,,,,,-44.38,,,GREEN,LOW,False,,False,,JRN_NDLS_DDN_01_20260902_161226,0.2313,0.0,0.4541,0.4541,1.0,NONE,NONE,,141.6,446.4,08:18:00,30.0,BASELINE_HISTORICAL_CALIBRATION,166.0,38.0
OBS_000188,08:18:30,5610.0,12017,ROUTE_NDLS_DDN_01,SYNTHETIC_SIMULATOR,OK,29.4727,77.7085,128.675,54.0,15.0,95.0,0.5,187.5,100,,957.9,SEC_MOZ_SRE,MOZ,MOZ,SRE,58.325,185.325,ACCELERATING,DEPARTED,,08:18:30,2,-43.88,,,GREEN,LOW,False,,False,,JRN_NDLS_DDN_01_20260902_161226,0.2313,0.0,0.4541,0.4541,1.0,NONE,NONE,,64.8,205.9,08:18:30,30.0,BASELINE_HISTORICAL_CALIBRATION,165.5,37.5
OBS_000189,08:19:00,5640.0,12017,ROUTE_NDLS_DDN_01,SYNTHETIC_SIMULATOR,OK,29.486787,77.703841,129.692,95.0,26.39,95.0,0.5,580.3,100,,952.4,SEC_MOZ_SRE,,MOZ,SRE,57.308,184.308,ACCELERATING,,,,,-44.1,,,GREEN,LOW,False,,False,,JRN_NDLS_DDN_01_20260902_161226,0.2313,0.0,0.4541,0.4541,1.0,NONE,NONE,,36.2,116.4,08:19:00,30.0,BASELINE_HISTORICAL_CALIBRATION,165.0,37.0
OBS_000190,08:19:30,5670.0,12017,ROUTE_NDLS_DDN_01,SYNTHETIC_SIMULATOR,OK,29.493379,77.70166,130.483,95.0,26.39,95.0,0.0,580.3,100,,944.07,SEC_MOZ_SRE,,MOZ,SRE,56.517,183.517,CRUISING,,,,,-44.69,,,GREEN,LOW,False,,False,,JRN_NDLS_DDN_01_20260902_161226,0.2313,0.0,0.4541,0.4541,1.0,NONE,NONE,,35.7,115.9,08:19:30,30.0,BASELINE_HISTORICAL_CALIBRATION,164.5,36.5
OBS_000191,08:20:00,5700.0,12017,ROUTE_NDLS_DDN_01,SYNTHETIC_SIMULATOR,OK,29.499971,77.69948,131.275,95.0,26.39,95.0,0.0,580.3,100,,937.52,SEC_MOZ_SRE,,MOZ,SRE,55.725,182.725,CRUISING,,,,,-45.04,,,GREEN,LOW,False,,False,,JRN_NDLS_DDN_01_20260902_161226,0.2313,0.0,0.4541,0.4541,1.0,NONE,NONE,,35.2,115.4,08:20:00,30.0,BASELINE_HISTORICAL_CALIBRATION,164.0,36.0
OBS_000192,08:20:30,5730.0,12017,ROUTE_NDLS_DDN_01,SYNTHETIC_SIMULATOR,OK,29.506564,77.697299,132.067,95.0,26.39,95.0,0.0,580.3,100,,930.93,SEC_MOZ_SRE,,MOZ,SRE,54.933,181.933,CRUISING,,,,,-45.39,,,GREEN,LOW,False,,False,,JRN_NDLS_DDN_01_20260902_161226,0.2313,0.0,0.4541,0.4541,1.0,NONE,NONE,,34.7,114.9,08:20:30,30.0,BASELINE_HISTORICAL_CALIBRATION,163.5,35.5
OBS_000193,08:21:00,5760.0,12017,ROUTE_NDLS_DDN_01,SYNTHETIC_SIMULATOR,OK,29.513156,77.695119,132.858,95.0,26.39,95.0,0.0,580.3,100,,924.3,SEC_MOZ_SRE,,MOZ,SRE,54.142,181.142,CRUISING,,,,,-45.74,,,GREEN,LOW,False,,False,,JRN_NDLS_DDN_01_20260902_161226,0.2313,0.0,0.4541,0.4541,1.0,NONE,NONE,,34.2,114.4,08:21:00,30.0,BASELINE_HISTORICAL_CALIBRATION,163.0,35.0
OBS_000194,08:21:30,5790.0,12017,ROUTE_NDLS_DDN_01,SYNTHETIC_SIMULATOR,OK,29.519748,77.692939,133.65,95.0,26.39,95.0,0.0,580.3,100,,917.61,SEC_MOZ_SRE,,MOZ,SRE,53.35,180.35,CRUISING,,,,,-46.09,,,GREEN,LOW,False,,False,,JRN_NDLS_DDN_01_20260902_161226,0.2313,0.0,0.4541,0.4541,1.0,NONE,NONE,,33.7,113.9,08:21:30,30.0,BASELINE_HISTORICAL_CALIBRATION,162.5,34.5
OBS_000195,08:22:00,5820.0,12017,ROUTE_NDLS_DDN_01,SYNTHETIC_SIMULATOR,OK,29.526341,77.690758,134.442,95.0,26.39,95.0,0.0,580.3,100,,910.88,SEC_MOZ_SRE,,MOZ,SRE,52.558,179.558,CRUISING,,,,,-46.44,,,GREEN,LOW,False,,False,,JRN_NDLS_DDN_01_20260902_161226,0.2313,0.0,0.4541,0.4541,1.0,NONE,NONE,,33.2,113.4,08:22:00,30.0,BASELINE_HISTORICAL_CALIBRATION,162.0,34.0
OBS_000196,08:22:30,5850.0,12017,ROUTE_NDLS_DDN_01,SYNTHETIC_SIMULATOR,OK,29.532933,77.688578,135.233,95.0,26.39,95.0,0.0,580.3,100,,904.09,SEC_MOZ_SRE,,MOZ,SRE,51.767,178.767,CRUISING,,,,,-46.79,,,GREEN,LOW,False,,False,,JRN_NDLS_DDN_01_20260902_161226,0.2313,0.0,0.4541,0.4541,1.0,NONE,NONE,,32.7,112.9,08:22:30,30.0,BASELINE_HISTORICAL_CALIBRATION,161.5,33.5
OBS_000197,08:23:00,5880.0,12017,ROUTE_NDLS_DDN_01,SYNTHETIC_SIMULATOR,OK,29.539525,77.686397,136.025,95.0,26.39,95.0,0.0,580.3,100,,897.26,SEC_MOZ_SRE,,MOZ,SRE,50.975,177.975,CRUISING,,,,,-47.14,,,GREEN,LOW,False,,False,,JRN_NDLS_DDN_01_20260902_161226,0.2313,0.0,0.4541,0.4541,1.0,NONE,NONE,,32.2,112.4,08:23:00,30.0,BASELINE_HISTORICAL_CALIBRATION,161.0,33.0
OBS_000198,08:23:30,5910.0,12017,ROUTE_NDLS_DDN_01,SYNTHETIC_SIMULATOR,OK,29.546117,77.684217,136.817,95.0,26.39,95.0,0.0,580.3,100,,890.37,SEC_MOZ_SRE,,MOZ,SRE,50.183,177.183,CRUISING,,,,,-47.49,,,GREEN,LOW,False,,False,,JRN_NDLS_DDN_01_20260902_161226,0.2313,0.0,0.4541,0.4541,1.0,NONE,NONE,,31.7,111.9,08:23:30,30.0,BASELINE_HISTORICAL_CALIBRATION,160.5,32.5
OBS_000199,08:24:00,5940.0,12017,ROUTE_NDLS_DDN_01,SYNTHETIC_SIMULATOR,OK,29.55271,77.682036,137.608,95.0,26.39,95.0,0.0,580.3,100,,883.43,SEC_MOZ_SRE,,MOZ,SRE,49.392,176.392,CRUISING,,,,,-47.84,,,GREEN,LOW,False,,False,,JRN_NDLS_DDN_01_20260902_161226,0.2313,0.0,0.4541,0.4541,1.0,NONE,NONE,,31.2,111.4,08:24:00,30.0,BASELINE_HISTORICAL_CALIBRATION,160.0,32.0
OBS_000200,08:24:30,5970.0,12017,ROUTE_NDLS_DDN_01,SYNTHETIC_SIMULATOR,OK,29.559302,77.679856,138.4,95.0,26.39,95.0,0.0,580.3,100,,876.44,SEC_MOZ_SRE,,MOZ,SRE,48.6,175.6,CRUISING,,,,,-48.19,,,GREEN,LOW,False,,False,,JRN_NDLS_DDN_01_20260902_161226,0.2313,0.0,0.4541,0.4541,1.0,NONE,NONE,,30.7,110.9,08:24:30,30.0,BASELINE_HISTORICAL_CALIBRATION,159.5,31.5
OBS_000201,08:25:00,6000.0,12017,ROUTE_NDLS_DDN_01,SYNTHETIC_SIMULATOR,OK,29.565894,77.677675,139.192,95.0,26.39,95.0,0.0,580.3,100,,869.38,SEC_MOZ_SRE,,MOZ,SRE,47.808,174.808,CRUISING,,,,,-48.54,,,GREEN,LOW,False,,False,,JRN_NDLS_DDN_01_20260902_161226,0.2313,0.0,0.4541,0.4541,1.0,NONE,NONE,,30.2,110.4,08:25:00,30.0,BASELINE_HISTORICAL_CALIBRATION,159.0,31.0
OBS_000202,08:25:30,6030.0,12017,ROUTE_NDLS_DDN_01,SYNTHETIC_SIMULATOR,OK,29.572487,77.675495,139.983,95.0,26.39,95.0,0.0,580.3,100,,862.27,SEC_MOZ_SRE,,MOZ,SRE,47.017,174.017,CRUISING,,,,,-48.89,,,GREEN,LOW,False,,False,,JRN_NDLS_DDN_01_20260902_161226,0.2313,0.0,0.4541,0.4541,1.0,NONE,NONE,,29.7,109.9,08:25:30,30.0,BASELINE_HISTORICAL_CALIBRATION,158.5,30.5
OBS_000203,08:26:00,6060.0,12017,ROUTE_NDLS_DDN_01,SYNTHETIC_SIMULATOR,OK,29.579079,77.673315,140.775,95.0,26.39,95.0,0.0,580.3,100,,855.1,SEC_MOZ_SRE,,MOZ,SRE,46.225,173.225,CRUISING,,,,,-49.24,,,GREEN,LOW,False,,False,,JRN_NDLS_DDN_01_20260902_161226,0.2313,0.0,0.4541,0.4541,1.0,NONE,NONE,,29.2,109.4,08:26:00,30.0,BASELINE_HISTORICAL_CALIBRATION,158.0,30.0
OBS_000204,08:26:30,6090.0,12017,ROUTE_NDLS_DDN_01,SYNTHETIC_SIMULATOR,OK,29.585671,77.671134,141.567,95.0,26.39,95.0,0.0,580.3,100,,847.87,SEC_MOZ_SRE,,MOZ,SRE,45.433,172.433,CRUISING,,,,,-49.59,,,GREEN,LOW,False,,False,,JRN_NDLS_DDN_01_20260902_161226,0.2313,0.0,0.4541,0.4541,1.0,NONE,NONE,,28.7,108.9,08:26:30,30.0,BASELINE_HISTORICAL_CALIBRATION,157.5,29.5
OBS_000205,08:27:00,6120.0,12017,ROUTE_NDLS_DDN_01,SYNTHETIC_SIMULATOR,OK,29.592264,77.668954,142.358,95.0,26.39,95.0,0.0,580.3,100,,840.58,SEC_MOZ_SRE,,MOZ,SRE,44.642,171.642,CRUISING,,,,,-49.94,,,GREEN,LOW,False,,False,,JRN_NDLS_DDN_01_20260902_161226,0.2313,0.0,0.4541,0.4541,1.0,NONE,NONE,,28.2,108.4,08:27:00,30.0,BASELINE_HISTORICAL_CALIBRATION,157.0,29.0
OBS_000206,08:27:30,6150.0,12017,ROUTE_NDLS_DDN_01,SYNTHETIC_SIMULATOR,OK,29.598856,77.666773,143.15,95.0,26.39,95.0,0.0,580.3,100,,833.23,SEC_MOZ_SRE,,MOZ,SRE,43.85,170.85,CRUISING,,,,,-50.29,,,GREEN,LOW,False,,False,,JRN_NDLS_DDN_01_20260902_161226,0.2313,0.0,0.4541,0.4541,1.0,NONE,NONE,,27.7,107.9,08:27:30,30.0,BASELINE_HISTORICAL_CALIBRATION,156.5,28.5
OBS_000207,08:28:00,6180.0,12017,ROUTE_NDLS_DDN_01,SYNTHETIC_SIMULATOR,OK,29.605448,77.664593,143.942,95.0,26.39,95.0,0.0,580.3,100,,825.81,SEC_MOZ_SRE,,MOZ,SRE,43.058,170.058,CRUISING,,,,,-50.64,,,GREEN,LOW,False,,False,,JRN_NDLS_DDN_01_20260902_161226,0.2313,0.0,0.4541,0.4541,1.0,NONE,NONE,,27.2,107.4,08:28:00,30.0,BASELINE_HISTORICAL_CALIBRATION,156.0,28.0
OBS_000208,08:28:30,6210.0,12017,ROUTE_NDLS_DDN_01,SYNTHETIC_SIMULATOR,OK,29.61204,77.662412,144.733,95.0,26.39,95.0,0.0,580.3,100,,818.32,SEC_MOZ_SRE,,MOZ,SRE,42.267,169.267,CRUISING,,,,,-50.99,,,GREEN,LOW,False,,False,,JRN_NDLS_DDN_01_20260902_161226,0.2313,0.0,0.4541,0.4541,1.0,NONE,NONE,,26.7,106.9,08:28:30,30.0,BASELINE_HISTORICAL_CALIBRATION,155.5,27.5
OBS_000209,08:29:00,6240.0,12017,ROUTE_NDLS_DDN_01,SYNTHETIC_SIMULATOR,OK,29.618633,77.660232,145.525,95.0,26.39,95.0,0.0,580.3,100,,810.76,SEC_MOZ_SRE,,MOZ,SRE,41.475,168.475,CRUISING,,,,,-51.33,,,GREEN,LOW,False,,False,,JRN_NDLS_DDN_01_20260902_161226,0.2313,0.0,0.4541,0.4541,1.0,NONE,NONE,,26.2,106.4,08:29:00,30.0,BASELINE_HISTORICAL_CALIBRATION,155.0,27.0
OBS_000210,08:29:30,6270.0,12017,ROUTE_NDLS_DDN_01,SYNTHETIC_SIMULATOR,OK,29.625225,77.658052,146.317,95.0,26.39,95.0,0.0,580.3,100,,803.13,SEC_MOZ_SRE,,MOZ,SRE,40.683,167.683,CRUISING,,,,,-51.68,,,GREEN,LOW,False,,False,,JRN_NDLS_DDN_01_20260902_161226,0.2313,0.0,0.4541,0.4541,1.0,NONE,NONE,,25.7,105.9,08:29:30,30.0,BASELINE_HISTORICAL_CALIBRATION,154.5,26.5
OBS_000211,08:30:00,6300.0,12017,ROUTE_NDLS_DDN_01,SYNTHETIC_SIMULATOR,OK,29.631817,77.655871,147.108,95.0,26.39,95.0,0.0,580.3,100,,795.43,SEC_MOZ_SRE,,MOZ,SRE,39.892,166.892,CRUISING,,,,,-52.03,,,GREEN,LOW,False,,False,,JRN_NDLS_DDN_01_20260902_161226,0.2313,0.0,0.4541,0.4541,1.0,NONE,NONE,,25.2,105.4,08:30:00,30.0,BASELINE_HISTORICAL_CALIBRATION,154.0,26.0
OBS_000212,08:30:30,6330.0,12017,ROUTE_NDLS_DDN_01,SYNTHETIC_SIMULATOR,OK,29.63841,77.653691,147.9,95.0,26.39,95.0,0.0,580.3,100,,787.65,SEC_MOZ_SRE,,MOZ,SRE,39.1,166.1,CRUISING,,,,,-52.38,,,GREEN,LOW,False,,False,,JRN_NDLS_DDN_01_20260902_161226,0.2313,0.0,0.4541,0.4541,1.0,NONE,NONE,,24.7,104.9,08:30:30,30.0,BASELINE_HISTORICAL_CALIBRATION,153.5,25.5
OBS_000213,08:31:00,6360.0,12017,ROUTE_NDLS_DDN_01,SYNTHETIC_SIMULATOR,OK,29.645002,77.65151,148.692,95.0,26.39,95.0,0.0,580.3,100,,779.8,SEC_MOZ_SRE,,MOZ,SRE,38.308,165.308,CRUISING,,,,,-52.73,,,GREEN,LOW,False,,False,,JRN_NDLS_DDN_01_20260902_161226,0.2313,0.0,0.4541,0.4541,1.0,NONE,NONE,,24.2,104.4,08:31:00,30.0,BASELINE_HISTORICAL_CALIBRATION,153.0,25.0
OBS_000214,08:31:30,6390.0,12017,ROUTE_NDLS_DDN_01,SYNTHETIC_SIMULATOR,OK,29.651594,77.64933,149.483,95.0,26.39,95.0,0.0,580.3,100,,771.86,SEC_MOZ_SRE,,MOZ,SRE,37.517,164.517,CRUISING,,,,,-53.08,,,GREEN,LOW,False,,False,,JRN_NDLS_DDN_01_20260902_161226,0.2313,0.0,0.4541,0.4541,1.0,NONE,NONE,,23.7,103.9,08:31:30,30.0,BASELINE_HISTORICAL_CALIBRATION,152.5,24.5
OBS_000215,08:32:00,6420.0,12017,ROUTE_NDLS_DDN_01,SYNTHETIC_SIMULATOR,OK,29.658187,77.647149,150.275,95.0,26.39,95.0,0.0,580.3,100,,763.85,SEC_MOZ_SRE,,MOZ,SRE,36.725,163.725,CRUISING,,,,,-53.43,,,GREEN,LOW,False,,False,,JRN_NDLS_DDN_01_20260902_161226,0.2313,0.0,0.4541,0.4541,1.0,NONE,NONE,,23.2,103.4,08:32:00,30.0,BASELINE_HISTORICAL_CALIBRATION,152.0,24.0
OBS_000216,08:32:30,6450.0,12017,ROUTE_NDLS_DDN_01,SYNTHETIC_SIMULATOR,OK,29.664779,77.644969,151.067,95.0,26.39,95.0,0.0,580.3,100,,755.74,SEC_MOZ_SRE,,MOZ,SRE,35.933,162.933,CRUISING,,,,,-53.78,,,GREEN,LOW,False,,False,,JRN_NDLS_DDN_01_20260902_161226,0.2313,0.0,0.4541,0.4541,1.0,NONE,NONE,,22.7,102.9,08:32:30,30.0,BASELINE_HISTORICAL_CALIBRATION,151.5,23.5
OBS_000217,08:33:00,6480.0,12017,ROUTE_NDLS_DDN_01,SYNTHETIC_SIMULATOR,OK,29.671371,77.642788,151.858,95.0,26.39,95.0,0.0,580.3,100,,747.55,SEC_MOZ_SRE,,MOZ,SRE,35.142,162.142,CRUISING,,,,,-54.13,,,GREEN,LOW,False,,False,,JRN_NDLS_DDN_01_20260902_161226,0.2313,0.0,0.4541,0.4541,1.0,NONE,NONE,,22.2,102.4,08:33:00,30.0,BASELINE_HISTORICAL_CALIBRATION,151.0,23.0
OBS_000218,08:33:30,6510.0,12017,ROUTE_NDLS_DDN_01,SYNTHETIC_SIMULATOR,OK,29.677963,77.640608,152.65,95.0,26.39,95.0,0.0,580.3,100,,739.27,SEC_MOZ_SRE,,MOZ,SRE,34.35,161.35,CRUISING,,,,,-54.48,,,GREEN,LOW,False,,False,,JRN_NDLS_DDN_01_20260902_161226,0.2313,0.0,0.4541,0.4541,1.0,NONE,NONE,,21.7,101.9,08:33:30,30.0,BASELINE_HISTORICAL_CALIBRATION,150.5,22.5
OBS_000219,08:34:00,6540.0,12017,ROUTE_NDLS_DDN_01,SYNTHETIC_SIMULATOR,OK,29.684556,77.638428,153.442,95.0,26.39,95.0,0.0,580.3,100,,730.9,SEC_MOZ_SRE,,MOZ,SRE,33.558,160.558,CRUISING,,,,,-54.83,,,GREEN,LOW,False,,False,,JRN_NDLS_DDN_01_20260902_161226,0.2313,0.0,0.4541,0.4541,1.0,NONE,NONE,,21.2,101.4,08:34:00,30.0,BASELINE_HISTORICAL_CALIBRATION,150.0,22.0
OBS_000220,08:34:30,6570.0,12017,ROUTE_NDLS_DDN_01,SYNTHETIC_SIMULATOR,OK,29.691148,77.636247,154.233,95.0,26.39,95.0,0.0,580.3,100,,722.43,SEC_MOZ_SRE,,MOZ,SRE,32.767,159.767,CRUISING,,,,,-55.18,,,GREEN,LOW,False,,False,,JRN_NDLS_DDN_01_20260902_161226,0.2313,0.0,0.4541,0.4541,1.0,NONE,NONE,,20.7,100.9,08:34:30,30.0,BASELINE_HISTORICAL_CALIBRATION,149.5,21.5
OBS_000221,08:35:00,6600.0,12017,ROUTE_NDLS_DDN_01,SYNTHETIC_SIMULATOR,OK,29.69774,77.634067,155.025,95.0,26.39,95.0,0.0,580.3,100,,713.85,SEC_MOZ_SRE,,MOZ,SRE,31.975,158.975,CRUISING,,,,,-55.53,,,GREEN,LOW,False,,False,,JRN_NDLS_DDN_01_20260902_161226,0.2313,0.0,0.4541,0.4541,1.0,NONE,NONE,,20.2,100.4,08:35:00,30.0,BASELINE_HISTORICAL_CALIBRATION,149.0,21.0
OBS_000222,08:35:30,6630.0,12017,ROUTE_NDLS_DDN_01,SYNTHETIC_SIMULATOR,OK,29.704333,77.631886,155.817,95.0,26.39,95.0,0.0,580.3,100,,705.18,SEC_MOZ_SRE,,MOZ,SRE,31.183,158.183,CRUISING,,,,,-55.88,,,GREEN,LOW,False,,False,,JRN_NDLS_DDN_01_20260902_161226,0.2313,0.0,0.4541,0.4541,1.0,NONE,NONE,,19.7,99.9,08:35:30,30.0,BASELINE_HISTORICAL_CALIBRATION,148.5,20.5
OBS_000223,08:36:00,6660.0,12017,ROUTE_NDLS_DDN_01,SYNTHETIC_SIMULATOR,OK,29.710925,77.629706,156.608,95.0,26.39,95.0,0.0,580.3,100,,696.39,SEC_MOZ_SRE,,MOZ,SRE,30.392,157.392,CRUISING,,,,,-56.23,,,GREEN,LOW,False,,False,,JRN_NDLS_DDN_01_20260902_161226,0.2313,0.0,0.4541,0.4541,1.0,NONE,NONE,,19.2,99.4,08:36:00,30.0,BASELINE_HISTORICAL_CALIBRATION,148.0,20.0
OBS_000224,08:36:30,6690.0,12017,ROUTE_NDLS_DDN_01,SYNTHETIC_SIMULATOR,OK,29.717517,77.627525,157.4,95.0,26.39,95.0,0.0,580.3,100,,687.5,SEC_MOZ_SRE,,MOZ,SRE,29.6,156.6,CRUISING,,,,,-56.58,,,GREEN,LOW,False,,False,,JRN_NDLS_DDN_01_20260902_161226,0.2313,0.0,0.4541,0.4541,1.0,NONE,NONE,,18.7,98.9,08:36:30,30.0,BASELINE_HISTORICAL_CALIBRATION,147.5,19.5
OBS_000225,08:37:00,6720.0,12017,ROUTE_NDLS_DDN_01,SYNTHETIC_SIMULATOR,OK,29.72411,77.625345,158.192,95.0,26.39,95.0,0.0,580.3,100,,678.48,SEC_MOZ_SRE,,MOZ,SRE,28.808,155.808,CRUISING,,,,,-56.93,,,GREEN,LOW,False,,False,,JRN_NDLS_DDN_01_20260902_161226,0.2313,0.0,0.4541,0.4541,1.0,NONE,NONE,,18.2,98.4,08:37:00,30.0,BASELINE_HISTORICAL_CALIBRATION,147.0,19.0
OBS_000226,08:37:30,6750.0,12017,ROUTE_NDLS_DDN_01,SYNTHETIC_SIMULATOR,OK,29.730702,77.623165,158.983,95.0,26.39,95.0,0.0,580.3,100,,669.35,SEC_MOZ_SRE,,MOZ,SRE,28.017,155.017,CRUISING,,,,,-57.28,,,GREEN,LOW,False,,False,,JRN_NDLS_DDN_01_20260902_161226,0.2313,0.0,0.4541,0.4541,1.0,NONE,NONE,,17.7,97.9,08:37:30,30.0,BASELINE_HISTORICAL_CALIBRATION,146.5,18.5
OBS_000227,08:38:00,6780.0,12017,ROUTE_NDLS_DDN_01,SYNTHETIC_SIMULATOR,OK,29.737294,77.620984,159.775,95.0,26.39,95.0,0.0,580.3,100,,660.09,SEC_MOZ_SRE,,MOZ,SRE,27.225,154.225,CRUISING,,,,,-57.63,,,GREEN,LOW,False,,False,,JRN_NDLS_DDN_01_20260902_161226,0.2313,0.0,0.4541,0.4541,1.0,NONE,NONE,,17.2,97.4,08:38:00,30.0,BASELINE_HISTORICAL_CALIBRATION,146.0,18.0
OBS_000228,08:38:30,6810.0,12017,ROUTE_NDLS_DDN_01,SYNTHETIC_SIMULATOR,OK,29.743886,77.618804,160.567,95.0,26.39,95.0,0.0,580.3,100,,650.69,SEC_MOZ_SRE,,MOZ,SRE,26.433,153.433,CRUISING,,,,,-57.98,,,GREEN,LOW,False,,False,,JRN_NDLS_DDN_01_20260902_161226,0.2313,0.0,0.4541,0.4541,1.0,NONE,NONE,,16.7,96.9,08:38:30,30.0,BASELINE_HISTORICAL_CALIBRATION,145.5,17.5
OBS_000229,08:39:00,6840.0,12017,ROUTE_NDLS_DDN_01,SYNTHETIC_SIMULATOR,OK,29.750479,77.616623,161.358,95.0,26.39,95.0,0.0,580.3,100,,641.16,SEC_MOZ_SRE,,MOZ,SRE,25.642,152.642,CRUISING,,,,,-58.33,,,GREEN,LOW,False,,False,,JRN_NDLS_DDN_01_20260902_161226,0.2313,0.0,0.4541,0.4541,1.0,NONE,NONE,,16.2,96.4,08:39:00,30.0,BASELINE_HISTORICAL_CALIBRATION,145.0,17.0
OBS_000230,08:39:30,6870.0,12017,ROUTE_NDLS_DDN_01,SYNTHETIC_SIMULATOR,OK,29.757071,77.614443,162.15,95.0,26.39,95.0,0.0,580.3,100,,631.49,SEC_MOZ_SRE,,MOZ,SRE,24.85,151.85,CRUISING,,,,,-58.68,,,GREEN,LOW,False,,False,,JRN_NDLS_DDN_01_20260902_161226,0.2313,0.0,0.4541,0.4541,1.0,NONE,NONE,,15.7,95.9,08:39:30,30.0,BASELINE_HISTORICAL_CALIBRATION,144.5,16.5
OBS_000231,08:40:00,6900.0,12017,ROUTE_NDLS_DDN_01,SYNTHETIC_SIMULATOR,OK,29.763663,77.612262,162.942,95.0,26.39,95.0,0.0,580.3,100,,621.66,SEC_MOZ_SRE,,MOZ,SRE,24.058,151.058,CRUISING,,,,,-59.03,,,GREEN,LOW,False,,False,,JRN_NDLS_DDN_01_20260902_161226,0.2313,0.0,0.4541,0.4541,1.0,NONE,NONE,,15.2,95.4,08:40:00,30.0,BASELINE_HISTORICAL_CALIBRATION,144.0,16.0
OBS_000232,08:40:30,6930.0,12017,ROUTE_NDLS_DDN_01,SYNTHETIC_SIMULATOR,OK,29.770256,77.610082,163.733,95.0,26.39,95.0,0.0,580.3,100,,611.68,SEC_MOZ_SRE,,MOZ,SRE,23.267,150.267,CRUISING,,,,,-59.38,,,GREEN,LOW,False,,False,,JRN_NDLS_DDN_01_20260902_161226,0.2313,0.0,0.4541,0.4541,1.0,NONE,NONE,,14.7,94.9,08:40:30,30.0,BASELINE_HISTORICAL_CALIBRATION,143.5,15.5
OBS_000233,08:41:00,6960.0,12017,ROUTE_NDLS_DDN_01,SYNTHETIC_SIMULATOR,OK,29.776848,77.607901,164.525,95.0,26.39,95.0,0.0,580.3,100,,601.53,SEC_MOZ_SRE,,MOZ,SRE,22.475,149.475,CRUISING,,,,,-59.73,,,GREEN,LOW,False,,False,,JRN_NDLS_DDN_01_20260902_161226,0.2313,0.0,0.4541,0.4541,1.0,NONE,NONE,,14.2,94.4,08:41:00,30.0,BASELINE_HISTORICAL_CALIBRATION,143.0,15.0
OBS_000234,08:41:30,6990.0,12017,ROUTE_NDLS_DDN_01,SYNTHETIC_SIMULATOR,OK,29.78344,77.605721,165.317,95.0,26.39,95.0,0.0,580.3,100,,591.21,SEC_MOZ_SRE,,MOZ,SRE,21.683,148.683,CRUISING,,,,,-60.08,,,GREEN,LOW,False,,False,,JRN_NDLS_DDN_01_20260902_161226,0.2313,0.0,0.4541,0.4541,1.0,NONE,NONE,,13.7,93.9,08:41:30,30.0,BASELINE_HISTORICAL_CALIBRATION,142.5,14.5
OBS_000235,08:42:00,7020.0,12017,ROUTE_NDLS_DDN_01,SYNTHETIC_SIMULATOR,OK,29.790033,77.603541,166.108,95.0,26.39,95.0,0.0,580.3,100,,580.71,SEC_MOZ_SRE,,MOZ,SRE,20.892,147.892,CRUISING,,,,,-60.43,,,GREEN,LOW,False,,False,,JRN_NDLS_DDN_01_20260902_161226,0.2313,0.0,0.4541,0.4541,1.0,NONE,NONE,,13.2,93.4,08:42:00,30.0,BASELINE_HISTORICAL_CALIBRATION,142.0,14.0
OBS_000236,08:42:30,7050.0,12017,ROUTE_NDLS_DDN_01,SYNTHETIC_SIMULATOR,OK,29.796625,77.60136,166.9,95.0,26.39,95.0,0.0,580.3,100,,570.01,SEC_MOZ_SRE,,MOZ,SRE,20.1,147.1,CRUISING,,,,,-60.78,,,GREEN,LOW,False,,False,,JRN_NDLS_DDN_01_20260902_161226,0.2313,0.0,0.4541,0.4541,1.0,NONE,NONE,,12.7,92.9,08:42:30,30.0,BASELINE_HISTORICAL_CALIBRATION,141.5,13.5
OBS_000237,08:43:00,7080.0,12017,ROUTE_NDLS_DDN_01,SYNTHETIC_SIMULATOR,OK,29.803217,77.59918,167.692,95.0,26.39,95.0,0.0,580.3,100,,559.1,SEC_MOZ_SRE,,MOZ,SRE,19.308,146.308,CRUISING,,,,,-61.13,,,GREEN,LOW,False,,False,,JRN_NDLS_DDN_01_20260902_161226,0.2313,0.0,0.4541,0.4541,1.0,NONE,NONE,,12.2,92.4,08:43:00,30.0,BASELINE_HISTORICAL_CALIBRATION,141.0,13.0
OBS_000238,08:43:30,7110.0,12017,ROUTE_NDLS_DDN_01,SYNTHETIC_SIMULATOR,OK,29.80981,77.596999,168.483,95.0,26.39,95.0,0.0,580.3,100,,547.98,SEC_MOZ_SRE,,MOZ,SRE,18.517,145.517,CRUISING,,,,,-61.47,,,GREEN,LOW,False,,False,,JRN_NDLS_DDN_01_20260902_161226,0.2313,0.0,0.4541,0.4541,1.0,NONE,NONE,,11.7,91.9,08:43:30,30.0,BASELINE_HISTORICAL_CALIBRATION,140.5,12.5
OBS_000239,08:44:00,7140.0,12017,ROUTE_NDLS_DDN_01,SYNTHETIC_SIMULATOR,OK,29.816402,77.594819,169.275,95.0,26.39,95.0,0.0,580.3,100,,536.63,SEC_MOZ_SRE,,MOZ,SRE,17.725,144.725,CRUISING,,,,,-61.82,,,GREEN,LOW,False,,False,,JRN_NDLS_DDN_01_20260902_161226,0.2313,0.0,0.4541,0.4541,1.0,NONE,NONE,,11.2,91.4,08:44:00,30.0,BASELINE_HISTORICAL_CALIBRATION,140.0,12.0
OBS_000240,08:44:30,7170.0,12017,ROUTE_NDLS_DDN_01,SYNTHETIC_SIMULATOR,OK,29.822994,77.592638,170.067,95.0,26.39,95.0,0.0,580.3,100,,525.03,SEC_MOZ_SRE,,MOZ,SRE,16.933,143.933,CRUISING,,,,,-62.17,,,GREEN,LOW,False,,False,,JRN_NDLS_DDN_01_20260902_161226,0.2313,0.0,0.4541,0.4541,1.0,NONE,NONE,,10.7,90.9,08:44:30,30.0,BASELINE_HISTORICAL_CALIBRATION,139.5,11.5
OBS_000241,08:45:00,7200.0,12017,ROUTE_NDLS_DDN_01,SYNTHETIC_SIMULATOR,OK,29.829586,77.590458,170.858,95.0,26.39,95.0,0.0,580.3,100,,513.17,SEC_MOZ_SRE,,MOZ,SRE,16.142,143.142,CRUISING,,,,,-62.52,,,GREEN,LOW,False,,False,,JRN_NDLS_DDN_01_20260902_161226,0.2313,0.0,0.4541,0.4541,1.0,NONE,NONE,,10.2,90.4,08:45:00,30.0,BASELINE_HISTORICAL_CALIBRATION,139.0,11.0
OBS_000242,08:45:30,7230.0,12017,ROUTE_NDLS_DDN_01,SYNTHETIC_SIMULATOR,OK,29.836179,77.588278,171.65,95.0,26.39,95.0,0.0,580.3,100,,501.03,SEC_MOZ_SRE,,MOZ,SRE,15.35,142.35,CRUISING,,,,,-62.87,,,GREEN,LOW,False,,False,,JRN_NDLS_DDN_01_20260902_161226,0.2313,0.0,0.4541,0.4541,1.0,NONE,NONE,,9.7,89.9,08:45:30,30.0,BASELINE_HISTORICAL_CALIBRATION,138.5,10.5
OBS_000243,08:46:00,7260.0,12017,ROUTE_NDLS_DDN_01,SYNTHETIC_SIMULATOR,OK,29.842771,77.586097,172.442,95.0,26.39,95.0,0.0,580.3,100,,488.59,SEC_MOZ_SRE,,MOZ,SRE,14.558,141.558,CRUISING,,,,,-63.22,,,GREEN,LOW,False,,False,,JRN_NDLS_DDN_01_20260902_161226,0.2313,0.0,0.4541,0.4541,1.0,NONE,NONE,,9.2,89.4,08:46:00,30.0,BASELINE_HISTORICAL_CALIBRATION,138.0,10.0
OBS_000244,08:46:30,7290.0,12017,ROUTE_NDLS_DDN_01,SYNTHETIC_SIMULATOR,OK,29.849363,77.583917,173.233,95.0,26.39,95.0,0.0,580.3,100,,475.83,SEC_MOZ_SRE,,MOZ,SRE,13.767,140.767,CRUISING,,,,,-63.57,,,GREEN,LOW,False,,False,,JRN_NDLS_DDN_01_20260902_161226,0.2313,0.0,0.4541,0.4541,1.0,NONE,NONE,,8.7,88.9,08:46:30,30.0,BASELINE_HISTORICAL_CALIBRATION,137.5,9.5
OBS_000245,08:47:00,7320.0,12017,ROUTE_NDLS_DDN_01,SYNTHETIC_SIMULATOR,OK,29.855956,77.581736,174.025,95.0,26.39,95.0,0.0,580.3,100,,462.71,SEC_MOZ_SRE,,MOZ,SRE,12.975,139.975,CRUISING,,,,,-63.92,,,GREEN,LOW,False,,False,,JRN_NDLS_DDN_01_20260902_161226,0.2313,0.0,0.4541,0.4541,1.0,NONE,NONE,,8.2,88.4,08:47:00,30.0,BASELINE_HISTORICAL_CALIBRATION,137.0,9.0
OBS_000246,08:47:30,7350.0,12017,ROUTE_NDLS_DDN_01,SYNTHETIC_SIMULATOR,OK,29.862548,77.579556,174.817,95.0,26.39,95.0,0.0,580.3,100,,449.21,SEC_MOZ_SRE,,MOZ,SRE,12.183,139.183,CRUISING,,,,,-64.27,,,GREEN,LOW,False,,False,,JRN_NDLS_DDN_01_20260902_161226,0.2313,0.0,0.4541,0.4541,1.0,NONE,NONE,,7.7,87.9,08:47:30,30.0,BASELINE_HISTORICAL_CALIBRATION,136.5,8.5
OBS_000247,08:48:00,7380.0,12017,ROUTE_NDLS_DDN_01,SYNTHETIC_SIMULATOR,OK,29.86914,77.577375,175.608,95.0,26.39,95.0,0.0,580.3,100,,435.29,SEC_MOZ_SRE,,MOZ,SRE,11.392,138.392,CRUISING,,,,,-64.62,,,GREEN,LOW,False,,False,,JRN_NDLS_DDN_01_20260902_161226,0.2313,0.0,0.4541,0.4541,1.0,NONE,NONE,,7.2,87.4,08:48:00,30.0,BASELINE_HISTORICAL_CALIBRATION,136.0,8.0
OBS_000248,08:48:30,7410.0,12017,ROUTE_NDLS_DDN_01,SYNTHETIC_SIMULATOR,OK,29.875733,77.575195,176.4,95.0,26.39,95.0,0.0,580.3,100,,420.91,SEC_MOZ_SRE,,MOZ,SRE,10.6,137.6,CRUISING,,,,,-64.97,,,GREEN,LOW,False,,False,,JRN_NDLS_DDN_01_20260902_161226,0.2313,0.0,0.4541,0.4541,1.0,NONE,NONE,,6.7,86.9,08:48:30,30.0,BASELINE_HISTORICAL_CALIBRATION,135.5,7.5
OBS_000249,08:49:00,7440.0,12017,ROUTE_NDLS_DDN_01,SYNTHETIC_SIMULATOR,OK,29.882325,77.573014,177.192,95.0,26.39,95.0,0.0,580.3,100,,406.02,SEC_MOZ_SRE,,MOZ,SRE,9.808,136.808,CRUISING,,,,,-65.32,,,GREEN,LOW,False,,False,,JRN_NDLS_DDN_01_20260902_161226,0.2313,0.0,0.4541,0.4541,1.0,NONE,NONE,,6.2,86.4,08:49:00,30.0,BASELINE_HISTORICAL_CALIBRATION,135.0,7.0
OBS_000250,08:49:30,7470.0,12017,ROUTE_NDLS_DDN_01,SYNTHETIC_SIMULATOR,OK,29.888917,77.570834,177.983,95.0,26.39,95.0,0.0,580.3,100,,390.56,SEC_MOZ_SRE,,MOZ,SRE,9.017,136.017,CRUISING,,,,,-65.67,,,GREEN,LOW,False,,False,,JRN_NDLS_DDN_01_20260902_161226,0.2313,0.0,0.4541,0.4541,1.0,NONE,NONE,,5.7,85.9,08:49:30,30.0,BASELINE_HISTORICAL_CALIBRATION,134.5,6.5
OBS_000251,08:50:00,7500.0,12017,ROUTE_NDLS_DDN_01,SYNTHETIC_SIMULATOR,OK,29.895509,77.568654,178.775,95.0,26.39,95.0,0.0,580.3,100,,374.47,SEC_MOZ_SRE,,MOZ,SRE,8.225,135.225,CRUISING,,,,,-66.02,,,GREEN,LOW,False,,False,,JRN_NDLS_DDN_01_20260902_161226,0.2313,0.0,0.4541,0.4541,1.0,NONE,NONE,,5.2,85.4,08:50:00,30.0,BASELINE_HISTORICAL_CALIBRATION,134.0,6.0
OBS_000252,08:50:30,7530.0,12017,ROUTE_NDLS_DDN_01,SYNTHETIC_SIMULATOR,OK,29.902102,77.566473,179.567,95.0,26.39,95.0,0.0,580.3,100,,357.65,SEC_MOZ_SRE,,MOZ,SRE,7.433,134.433,CRUISING,,,,,-66.37,,,GREEN,LOW,False,,False,,JRN_NDLS_DDN_01_20260902_161226,0.2313,0.0,0.4541,0.4541,1.0,NONE,NONE,,4.7,84.9,08:50:30,30.0,BASELINE_HISTORICAL_CALIBRATION,133.5,5.5
OBS_000253,08:51:00,7560.0,12017,ROUTE_NDLS_DDN_01,SYNTHETIC_SIMULATOR,OK,29.908694,77.564293,180.358,95.0,26.39,95.0,0.0,580.3,100,,340.0,SEC_MOZ_SRE,,MOZ,SRE,6.642,133.642,CRUISING,,,,,-66.72,,,GREEN,LOW,False,,False,,JRN_NDLS_DDN_01_20260902_161226,0.2313,0.0,0.4541,0.4541,1.0,NONE,NONE,,4.2,84.4,08:51:00,30.0,BASELINE_HISTORICAL_CALIBRATION,133.0,5.0
OBS_000254,08:51:30,7590.0,12017,ROUTE_NDLS_DDN_01,SYNTHETIC_SIMULATOR,OK,29.915286,77.562112,181.15,95.0,26.39,95.0,0.0,580.3,100,,321.39,SEC_MOZ_SRE,,MOZ,SRE,5.85,132.85,CRUISING,,,,,-67.07,,,GREEN,LOW,False,,False,,JRN_NDLS_DDN_01_20260902_161226,0.2313,0.0,0.4541,0.4541,1.0,NONE,NONE,,3.7,83.9,08:51:30,30.0,BASELINE_HISTORICAL_CALIBRATION,132.5,4.5
OBS_000255,08:52:00,7620.0,12017,ROUTE_NDLS_DDN_01,SYNTHETIC_SIMULATOR,OK,29.921879,77.559932,181.942,95.0,26.39,95.0,0.0,580.3,100,,301.63,SEC_MOZ_SRE,,MOZ,SRE,5.058,132.058,CRUISING,,,,,-67.42,,,GREEN,LOW,False,,False,,JRN_NDLS_DDN_01_20260902_161226,0.2313,0.0,0.4541,0.4541,1.0,NONE,NONE,,3.2,83.4,08:52:00,30.0,BASELINE_HISTORICAL_CALIBRATION,132.0,4.0
OBS_000256,08:52:30,7650.0,12017,ROUTE_NDLS_DDN_01,SYNTHETIC_SIMULATOR,OK,29.928471,77.557751,182.733,95.0,26.39,95.0,0.0,580.3,100,,280.48,SEC_MOZ_SRE,,MOZ,SRE,4.267,131.267,CRUISING,,,,,-67.77,,,GREEN,LOW,False,,False,,JRN_NDLS_DDN_01_20260902_161226,0.2313,0.0,0.4541,0.4541,1.0,NONE,NONE,,2.7,82.9,08:52:30,30.0,BASELINE_HISTORICAL_CALIBRATION,131.5,3.5
OBS_000257,08:53:00,7680.0,12017,ROUTE_NDLS_DDN_01,SYNTHETIC_SIMULATOR,OK,29.935063,77.555571,183.525,95.0,26.39,95.0,0.0,580.3,100,,257.6,SEC_MOZ_SRE,,MOZ,SRE,3.475,130.475,CRUISING,,,,,-68.12,,,GREEN,LOW,False,,False,,JRN_NDLS_DDN_01_20260902_161226,0.2313,0.0,0.4541,0.4541,1.0,NONE,NONE,,2.2,82.4,08:53:00,30.0,BASELINE_HISTORICAL_CALIBRATION,131.0,3.0
OBS_000258,08:53:30,7710.0,12017,ROUTE_NDLS_DDN_01,SYNTHETIC_SIMULATOR,OK,29.941656,77.553391,184.317,95.0,26.39,95.0,0.0,580.3,100,,232.47,SEC_MOZ_SRE,,MOZ,SRE,2.683,129.683,CRUISING,,,,,-68.47,,,GREEN,LOW,False,,False,,JRN_NDLS_DDN_01_20260902_161226,0.2313,0.0,0.4541,0.4541,1.0,NONE,NONE,,1.7,81.9,08:53:30,30.0,BASELINE_HISTORICAL_CALIBRATION,130.5,2.5
OBS_000259,08:54:00,7740.0,12017,ROUTE_NDLS_DDN_01,SYNTHETIC_SIMULATOR,OK,29.948248,77.55121,185.108,95.0,26.39,95.0,0.0,580.3,100,,204.28,SEC_MOZ_SRE,,MOZ,SRE,1.892,128.892,CRUISING,,,,,-68.82,,,GREEN,LOW,False,,False,,JRN_NDLS_DDN_01_20260902_161226,0.2313,0.0,0.4541,0.4541,1.0,NONE,NONE,,1.2,81.4,08:54:00,30.0,BASELINE_HISTORICAL_CALIBRATION,130.0,2.0
OBS_000260,08:54:30,7770.0,12017,ROUTE_NDLS_DDN_01,SYNTHETIC_SIMULATOR,OK,29.95484,77.54903,185.9,95.0,26.39,95.0,0.0,580.3,100,,171.52,SEC_MOZ_SRE,,MOZ,SRE,1.1,128.1,CRUISING,,,,,-69.17,,,GREEN,LOW,False,,False,,JRN_NDLS_DDN_01_20260902_161226,0.2313,0.0,0.4541,0.4541,1.0,NONE,NONE,,0.7,80.9,08:54:30,30.0,BASELINE_HISTORICAL_CALIBRATION,129.5,1.5
OBS_000261,08:55:00,7800.0,12017,ROUTE_NDLS_DDN_01,SYNTHETIC_SIMULATOR,OK,29.961432,77.546849,186.692,95.0,26.39,95.0,0.0,580.3,100,,130.79,SEC_MOZ_SRE,,MOZ,SRE,0.308,127.308,CRUISING,,,,,-69.52,,,GREEN,LOW,False,,False,,JRN_NDLS_DDN_01_20260902_161226,0.2313,0.0,0.4541,0.4541,1.0,NONE,NONE,,0.2,80.4,08:55:00,30.0,BASELINE_HISTORICAL_CALIBRATION,129.0,1.0
OBS_000262,08:55:30,7830.0,12017,ROUTE_NDLS_DDN_01,SYNTHETIC_SIMULATOR,OK,29.961432,77.546849,186.692,30.2,8.39,69.25,-0.6,58.6,100,,69.25,SEC_MOZ_SRE,,MOZ,SRE,0.308,127.308,DECELERATING,,,,,-69.87,,,GREEN,LOW,False,,False,,JRN_NDLS_DDN_01_20260902_161226,0.2313,0.0,0.4541,0.4541,1.0,NONE,NONE,,0.6,252.9,08:55:30,30.0,BASELINE_HISTORICAL_CALIBRATION,128.5,0.5
OBS_000263,08:56:00,7860.0,12017,ROUTE_NDLS_DDN_01,SYNTHETIC_SIMULATOR,OK,29.964,77.546,187.0,0.0,0.0,69.25,0.0,0.0,100,,69.25,SEC_MOZ_SRE,SRE,SRE,RK,34.0,127.0,DWELLING,ARRIVED,08:56:00,,,-69.37,,,GREEN,LOW,False,,False,,JRN_NDLS_DDN_01_20260902_161226,0.2313,0.0,0.4541,0.4541,1.0,NONE,NONE,,81.6,304.8,08:56:00,30.0,BASELINE_HISTORICAL_CALIBRATION,128.0,31.0
OBS_000264,08:56:30,7890.0,12017,ROUTE_NDLS_DDN_01,SYNTHETIC_SIMULATOR,OK,29.964,77.546,187.0,0.0,0.0,0.0,0.0,0.0,100,,0.0,SEC_SRE_RK,SRE,SRE,RK,34.0,127.0,DWELLING,,,,,-69.2,,,GREEN,LOW,False,,False,,JRN_NDLS_DDN_01_20260902_161226,0.2313,0.0,0.4541,0.4541,1.0,NONE,NONE,,81.6,304.8,08:56:30,30.0,BASELINE_HISTORICAL_CALIBRATION,127.5,30.5
OBS_000265,08:57:00,7920.0,12017,ROUTE_NDLS_DDN_01,SYNTHETIC_SIMULATOR,OK,29.964,77.546,187.0,0.0,0.0,0.0,0.0,0.0,100,,0.0,SEC_SRE_RK,SRE,SRE,RK,34.0,127.0,DWELLING,,,,,-68.7,,,GREEN,LOW,False,,False,,JRN_NDLS_DDN_01_20260902_161226,0.2313,0.0,0.4541,0.4541,1.0,NONE,NONE,,81.6,304.8,08:57:00,30.0,BASELINE_HISTORICAL_CALIBRATION,127.0,30.0
OBS_000266,08:57:30,7950.0,12017,ROUTE_NDLS_DDN_01,SYNTHETIC_SIMULATOR,OK,29.964,77.546,187.0,0.0,0.0,0.0,0.0,0.0,100,,0.0,SEC_SRE_RK,SRE,SRE,RK,34.0,127.0,DWELLING,,,,,-68.2,,,GREEN,LOW,False,,False,,JRN_NDLS_DDN_01_20260902_161226,0.2313,0.0,0.4541,0.4541,1.0,NONE,NONE,,81.6,304.8,08:57:30,30.0,BASELINE_HISTORICAL_CALIBRATION,126.5,29.5
OBS_000267,08:58:00,7980.0,12017,ROUTE_NDLS_DDN_01,SYNTHETIC_SIMULATOR,OK,29.964,77.546,187.0,0.0,0.0,0.0,0.0,0.0,100,,0.0,SEC_SRE_RK,SRE,SRE,RK,34.0,127.0,DWELLING,,,,,-67.7,,,GREEN,LOW,False,,False,,JRN_NDLS_DDN_01_20260902_161226,0.2313,0.0,0.4541,0.4541,1.0,NONE,NONE,,81.6,304.8,08:58:00,30.0,BASELINE_HISTORICAL_CALIBRATION,126.0,29.0
OBS_000268,08:58:30,8010.0,12017,ROUTE_NDLS_DDN_01,SYNTHETIC_SIMULATOR,OK,29.964,77.546,187.0,0.0,0.0,0.0,0.0,0.0,100,,0.0,SEC_SRE_RK,SRE,SRE,RK,34.0,127.0,DWELLING,,,,,-67.2,,,GREEN,LOW,False,,False,,JRN_NDLS_DDN_01_20260902_161226,0.2313,0.0,0.4541,0.4541,1.0,NONE,NONE,,81.6,304.8,08:58:30,30.0,BASELINE_HISTORICAL_CALIBRATION,125.5,28.5
OBS_000269,08:59:00,8040.0,12017,ROUTE_NDLS_DDN_01,SYNTHETIC_SIMULATOR,OK,29.964,77.546,187.0,0.0,0.0,0.0,0.0,0.0,100,,0.0,SEC_SRE_RK,SRE,SRE,RK,34.0,127.0,DWELLING,,,,,-66.7,,,GREEN,LOW,False,,False,,JRN_NDLS_DDN_01_20260902_161226,0.2313,0.0,0.4541,0.4541,1.0,NONE,NONE,,81.6,304.8,08:59:00,30.0,BASELINE_HISTORICAL_CALIBRATION,125.0,28.0
OBS_000270,08:59:30,8070.0,12017,ROUTE_NDLS_DDN_01,SYNTHETIC_SIMULATOR,OK,29.964,77.546,187.0,0.0,0.0,0.0,0.0,0.0,100,,0.0,SEC_SRE_RK,SRE,SRE,RK,34.0,127.0,DWELLING,,,,,-66.2,,,GREEN,LOW,False,,False,,JRN_NDLS_DDN_01_20260902_161226,0.2313,0.0,0.4541,0.4541,1.0,NONE,NONE,,81.6,304.8,08:59:30,30.0,BASELINE_HISTORICAL_CALIBRATION,124.5,27.5
OBS_000271,09:00:00,8100.0,12017,ROUTE_NDLS_DDN_01,SYNTHETIC_SIMULATOR,OK,29.964,77.546,187.0,0.0,0.0,0.0,0.0,0.0,100,,0.0,SEC_SRE_RK,SRE,SRE,RK,34.0,127.0,DWELLING,,,,,-65.7,,,GREEN,LOW,False,,False,,JRN_NDLS_DDN_01_20260902_161226,0.2257,0.0,0.4541,0.4541,1.0,NONE,NONE,,81.6,304.8,09:00:00,30.0,BASELINE_HISTORICAL_CALIBRATION,124.0,27.0
OBS_000272,09:00:30,8130.0,12017,ROUTE_NDLS_DDN_01,SYNTHETIC_SIMULATOR,OK,29.964,77.546,187.0,0.0,0.0,0.0,0.0,0.0,100,,0.0,SEC_SRE_RK,SRE,SRE,RK,34.0,127.0,DWELLING,,,,,-65.2,,,GREEN,LOW,False,,False,,JRN_NDLS_DDN_01_20260902_161226,0.2257,0.0,0.4541,0.4541,1.0,NONE,NONE,,81.6,304.8,09:00:30,30.0,BASELINE_HISTORICAL_CALIBRATION,123.5,26.5
OBS_000273,09:01:00,8160.0,12017,ROUTE_NDLS_DDN_01,SYNTHETIC_SIMULATOR,OK,29.964,77.546,187.0,0.0,0.0,0.0,0.0,0.0,100,,0.0,SEC_SRE_RK,SRE,SRE,RK,34.0,127.0,DWELLING,,,,,-64.7,,,GREEN,LOW,False,,False,,JRN_NDLS_DDN_01_20260902_161226,0.2257,0.0,0.4541,0.4541,1.0,NONE,NONE,,81.6,304.8,09:01:00,30.0,BASELINE_HISTORICAL_CALIBRATION,123.0,26.0
OBS_000274,09:01:30,8190.0,12017,ROUTE_NDLS_DDN_01,SYNTHETIC_SIMULATOR,OK,29.964,77.546,187.0,0.0,0.0,0.0,0.0,0.0,100,,0.0,SEC_SRE_RK,SRE,SRE,RK,34.0,127.0,DWELLING,,,,,-64.2,,,GREEN,LOW,False,,False,,JRN_NDLS_DDN_01_20260902_161226,0.2257,0.0,0.4541,0.4541,1.0,NONE,NONE,,81.6,304.8,09:01:30,30.0,BASELINE_HISTORICAL_CALIBRATION,122.5,25.5
OBS_000275,09:02:00,8220.0,12017,ROUTE_NDLS_DDN_01,SYNTHETIC_SIMULATOR,OK,29.964,77.546,187.0,0.0,0.0,0.0,0.0,0.0,100,,0.0,SEC_SRE_RK,SRE,SRE,RK,34.0,127.0,DWELLING,,,,,-63.7,,,GREEN,LOW,False,,False,,JRN_NDLS_DDN_01_20260902_161226,0.2257,0.0,0.4541,0.4541,1.0,NONE,NONE,,81.6,304.8,09:02:00,30.0,BASELINE_HISTORICAL_CALIBRATION,122.0,25.0
OBS_000276,09:02:30,8250.0,12017,ROUTE_NDLS_DDN_01,SYNTHETIC_SIMULATOR,OK,29.964,77.546,187.0,0.0,0.0,0.0,0.0,0.0,100,,0.0,SEC_SRE_RK,SRE,SRE,RK,34.0,127.0,DWELLING,,,,,-63.2,,,GREEN,LOW,False,,False,,JRN_NDLS_DDN_01_20260902_161226,0.2257,0.0,0.4541,0.4541,1.0,NONE,NONE,,81.6,304.8,09:02:30,30.0,BASELINE_HISTORICAL_CALIBRATION,121.5,24.5
OBS_000277,09:03:00,8280.0,12017,ROUTE_NDLS_DDN_01,SYNTHETIC_SIMULATOR,OK,29.964,77.546,187.0,0.0,0.0,0.0,0.0,0.0,100,,0.0,SEC_SRE_RK,SRE,SRE,RK,34.0,127.0,DWELLING,,,,,-62.7,,,GREEN,LOW,False,,False,,JRN_NDLS_DDN_01_20260902_161226,0.2257,0.0,0.4541,0.4541,1.0,NONE,NONE,,81.6,304.8,09:03:00,30.0,BASELINE_HISTORICAL_CALIBRATION,121.0,24.0
OBS_000278,09:03:30,8310.0,12017,ROUTE_NDLS_DDN_01,SYNTHETIC_SIMULATOR,OK,29.964,77.546,187.0,0.0,0.0,0.0,0.0,0.0,100,,0.0,SEC_SRE_RK,SRE,SRE,RK,34.0,127.0,DWELLING,,,,,-62.2,,,GREEN,LOW,False,,False,,JRN_NDLS_DDN_01_20260902_161226,0.2257,0.0,0.4541,0.4541,1.0,NONE,NONE,,81.6,304.8,09:03:30,30.0,BASELINE_HISTORICAL_CALIBRATION,120.5,23.5
OBS_000279,09:04:00,8340.0,12017,ROUTE_NDLS_DDN_01,SYNTHETIC_SIMULATOR,OK,29.964,77.546,187.0,0.0,0.0,0.0,0.0,0.0,100,,0.0,SEC_SRE_RK,SRE,SRE,RK,34.0,127.0,DWELLING,,,,,-61.7,,,GREEN,LOW,False,,False,,JRN_NDLS_DDN_01_20260902_161226,0.2257,0.0,0.4541,0.4541,1.0,NONE,NONE,,81.6,304.8,09:04:00,30.0,BASELINE_HISTORICAL_CALIBRATION,120.0,23.0
OBS_000280,09:04:30,8370.0,12017,ROUTE_NDLS_DDN_01,SYNTHETIC_SIMULATOR,OK,29.964,77.546,187.0,0.0,0.0,0.0,0.0,0.0,100,,0.0,SEC_SRE_RK,SRE,SRE,RK,34.0,127.0,DWELLING,,,,,-61.2,,,GREEN,LOW,False,,False,,JRN_NDLS_DDN_01_20260902_161226,0.2257,0.0,0.4541,0.4541,1.0,NONE,NONE,,81.6,304.8,09:04:30,30.0,BASELINE_HISTORICAL_CALIBRATION,119.5,22.5
OBS_000281,09:05:00,8400.0,12017,ROUTE_NDLS_DDN_01,SYNTHETIC_SIMULATOR,OK,29.964,77.546,187.0,0.0,0.0,0.0,0.0,0.0,100,,0.0,SEC_SRE_RK,SRE,SRE,RK,34.0,127.0,DWELLING,,,,,-60.7,,,GREEN,LOW,False,,False,,JRN_NDLS_DDN_01_20260902_161226,0.2257,0.0,0.4541,0.4541,1.0,NONE,NONE,,81.6,304.8,09:05:00,30.0,BASELINE_HISTORICAL_CALIBRATION,119.0,22.0
OBS_000282,09:05:30,8430.0,12017,ROUTE_NDLS_DDN_01,SYNTHETIC_SIMULATOR,OK,29.964,77.546,187.0,0.0,0.0,0.0,0.0,0.0,100,,0.0,SEC_SRE_RK,SRE,SRE,RK,34.0,127.0,DWELLING,,,,,-60.2,,,GREEN,LOW,False,,False,,JRN_NDLS_DDN_01_20260902_161226,0.2257,0.0,0.4541,0.4541,1.0,NONE,NONE,,81.6,304.8,09:05:30,30.0,BASELINE_HISTORICAL_CALIBRATION,118.5,21.5
OBS_000283,09:06:00,8460.0,12017,ROUTE_NDLS_DDN_01,SYNTHETIC_SIMULATOR,OK,29.964,77.546,187.675,54.0,15.0,95.0,0.5,187.5,100,,727.16,SEC_SRE_RK,SRE,SRE,RK,33.325,126.325,ACCELERATING,DEPARTED,,09:06:00,10,-59.7,,,GREEN,LOW,False,,False,,JRN_NDLS_DDN_01_20260902_161226,0.2257,0.0,0.4541,0.4541,1.0,NONE,NONE,,37.0,140.4,09:06:00,30.0,BASELINE_HISTORICAL_CALIBRATION,118.0,21.0
OBS_000284,09:06:30,8490.0,12017,ROUTE_NDLS_DDN_01,SYNTHETIC_SIMULATOR,OK,29.958542,77.563016,188.692,95.0,26.39,95.0,0.5,580.3,100,,719.91,SEC_SRE_RK,,SRE,RK,32.308,125.308,ACCELERATING,,,,,-59.92,,,GREEN,LOW,False,,False,,JRN_NDLS_DDN_01_20260902_161226,0.2257,0.0,0.4541,0.4541,1.0,NONE,NONE,,20.4,79.1,09:06:30,30.0,BASELINE_HISTORICAL_CALIBRATION,117.5,20.5
OBS_000285,09:07:00,8520.0,12017,ROUTE_NDLS_DDN_01,SYNTHETIC_SIMULATOR,OK,29.955988,77.570979,189.483,95.0,26.39,95.0,0.0,580.3,100,,708.84,SEC_SRE_RK,,SRE,RK,31.517,124.517,CRUISING,,,,,-60.51,,,GREEN,LOW,False,,False,,JRN_NDLS_DDN_01_20260902_161226,0.2257,0.0,0.4541,0.4541,1.0,NONE,NONE,,19.9,78.6,09:07:00,30.0,BASELINE_HISTORICAL_CALIBRATION,117.0,20.0
OBS_000286,09:07:30,8550.0,12017,ROUTE_NDLS_DDN_01,SYNTHETIC_SIMULATOR,OK,29.953433,77.578943,190.275,95.0,26.39,95.0,0.0,580.3,100,,700.11,SEC_SRE_RK,,SRE,RK,30.725,123.725,CRUISING,,,,,-60.86,,,GREEN,LOW,False,,False,,JRN_NDLS_DDN_01_20260902_161226,0.2257,0.0,0.4541,0.4541,1.0,NONE,NONE,,19.4,78.1,09:07:30,30.0,BASELINE_HISTORICAL_CALIBRATION,116.5,19.5
OBS_000287,09:08:00,8580.0,12017,ROUTE_NDLS_DDN_01,SYNTHETIC_SIMULATOR,OK,29.950879,77.586906,191.067,95.0,26.39,95.0,0.0,580.3,100,,691.26,SEC_SRE_RK,,SRE,RK,29.933,122.933,CRUISING,,,,,-61.21,,,GREEN,LOW,False,,False,,JRN_NDLS_DDN_01_20260902_161226,0.2257,0.0,0.4541,0.4541,1.0,NONE,NONE,,18.9,77.6,09:08:00,30.0,BASELINE_HISTORICAL_CALIBRATION,116.0,19.0
OBS_000288,09:08:30,8610.0,12017,ROUTE_NDLS_DDN_01,SYNTHETIC_SIMULATOR,OK,29.948325,77.594869,191.858,95.0,26.39,95.0,0.0,580.3,100,,682.29,SEC_SRE_RK,,SRE,RK,29.142,122.142,CRUISING,,,,,-61.56,,,GREEN,LOW,False,,False,,JRN_NDLS_DDN_01_20260902_161226,0.2257,0.0,0.4541,0.4541,1.0,NONE,NONE,,18.4,77.1,09:08:30,30.0,BASELINE_HISTORICAL_CALIBRATION,115.5,18.5
OBS_000289,09:09:00,8640.0,12017,ROUTE_NDLS_DDN_01,SYNTHETIC_SIMULATOR,OK,29.94577,77.602832,192.65,95.0,26.39,95.0,0.0,580.3,100,,673.21,SEC_SRE_RK,,SRE,RK,28.35,121.35,CRUISING,,,,,-61.91,,,GREEN,LOW,False,,False,,JRN_NDLS_DDN_01_20260902_161226,0.2257,0.0,0.4541,0.4541,1.0,NONE,NONE,,17.9,76.6,09:09:00,30.0,BASELINE_HISTORICAL_CALIBRATION,115.0,18.0
OBS_000290,09:09:30,8670.0,12017,ROUTE_NDLS_DDN_01,SYNTHETIC_SIMULATOR,OK,29.943216,77.610796,193.442,95.0,26.39,95.0,0.0,580.3,100,,664.0,SEC_SRE_RK,,SRE,RK,27.558,120.558,CRUISING,,,,,-62.26,,,GREEN,LOW,False,,False,,JRN_NDLS_DDN_01_20260902_161226,0.2257,0.0,0.4541,0.4541,1.0,NONE,NONE,,17.4,76.1,09:09:30,30.0,BASELINE_HISTORICAL_CALIBRATION,114.5,17.5
OBS_000291,09:10:00,8700.0,12017,ROUTE_NDLS_DDN_01,SYNTHETIC_SIMULATOR,OK,29.940662,77.618759,194.233,95.0,26.39,95.0,0.0,580.3,100,,654.67,SEC_SRE_RK,,SRE,RK,26.767,119.767,CRUISING,,,,,-62.61,,,GREEN,LOW,False,,False,,JRN_NDLS_DDN_01_20260902_161226,0.2257,0.0,0.4541,0.4541,1.0,NONE,NONE,,16.9,75.6,09:10:00,30.0,BASELINE_HISTORICAL_CALIBRATION,114.0,17.0
OBS_000292,09:10:30,8730.0,12017,ROUTE_NDLS_DDN_01,SYNTHETIC_SIMULATOR,OK,29.938108,77.626722,195.025,95.0,26.39,95.0,0.0,580.3,100,,645.19,SEC_SRE_RK,,SRE,RK,25.975,118.975,CRUISING,,,,,-62.96,,,GREEN,LOW,False,,False,,JRN_NDLS_DDN_01_20260902_161226,0.2257,0.0,0.4541,0.4541,1.0,NONE,NONE,,16.4,75.1,09:10:30,30.0,BASELINE_HISTORICAL_CALIBRATION,113.5,16.5
OBS_000293,09:11:00,8760.0,12017,ROUTE_NDLS_DDN_01,SYNTHETIC_SIMULATOR,OK,29.935553,77.634685,195.817,95.0,26.39,95.0,0.0,580.3,100,,635.58,SEC_SRE_RK,,SRE,RK,25.183,118.183,CRUISING,,,,,-63.31,,,GREEN,LOW,False,,False,,JRN_NDLS_DDN_01_20260902_161226,0.2257,0.0,0.4541,0.4541,1.0,NONE,NONE,,15.9,74.6,09:11:00,30.0,BASELINE_HISTORICAL_CALIBRATION,113.0,16.0
OBS_000294,09:11:30,8790.0,12017,ROUTE_NDLS_DDN_01,SYNTHETIC_SIMULATOR,OK,29.932999,77.642649,196.608,95.0,26.39,95.0,0.0,580.3,100,,625.82,SEC_SRE_RK,,SRE,RK,24.392,117.392,CRUISING,,,,,-63.66,,,GREEN,LOW,False,,False,,JRN_NDLS_DDN_01_20260902_161226,0.2257,0.0,0.4541,0.4541,1.0,NONE,NONE,,15.4,74.1,09:11:30,30.0,BASELINE_HISTORICAL_CALIBRATION,112.5,15.5
OBS_000295,09:12:00,8820.0,12017,ROUTE_NDLS_DDN_01,SYNTHETIC_SIMULATOR,OK,29.930445,77.650612,197.4,95.0,26.39,95.0,0.0,580.3,100,,615.91,SEC_SRE_RK,,SRE,RK,23.6,116.6,CRUISING,,,,,-64.01,,,GREEN,LOW,False,,False,,JRN_NDLS_DDN_01_20260902_161226,0.2257,0.0,0.4541,0.4541,1.0,NONE,NONE,,14.9,73.6,09:12:00,30.0,BASELINE_HISTORICAL_CALIBRATION,112.0,15.0
OBS_000296,09:12:30,8850.0,12017,ROUTE_NDLS_DDN_01,SYNTHETIC_SIMULATOR,OK,29.92789,77.658575,198.192,95.0,26.39,95.0,0.0,580.3,100,,605.83,SEC_SRE_RK,,SRE,RK,22.808,115.808,CRUISING,,,,,-64.36,,,GREEN,LOW,False,,False,,JRN_NDLS_DDN_01_20260902_161226,0.2257,0.0,0.4541,0.4541,1.0,NONE,NONE,,14.4,73.1,09:12:30,30.0,BASELINE_HISTORICAL_CALIBRATION,111.5,14.5
OBS_000297,09:13:00,8880.0,12017,ROUTE_NDLS_DDN_01,SYNTHETIC_SIMULATOR,OK,29.925336,77.666538,198.983,95.0,26.39,95.0,0.0,580.3,100,,595.58,SEC_SRE_RK,,SRE,RK,22.017,115.017,CRUISING,,,,,-64.71,,,GREEN,LOW,False,,False,,JRN_NDLS_DDN_01_20260902_161226,0.2257,0.0,0.4541,0.4541,1.0,NONE,NONE,,13.9,72.6,09:13:00,30.0,BASELINE_HISTORICAL_CALIBRATION,111.0,14.0
OBS_000298,09:13:30,8910.0,12017,ROUTE_NDLS_DDN_01,SYNTHETIC_SIMULATOR,OK,29.922782,77.674501,199.775,95.0,26.39,95.0,0.0,580.3,100,,585.15,SEC_SRE_RK,,SRE,RK,21.225,114.225,CRUISING,,,,,-65.06,,,GREEN,LOW,False,,False,,JRN_NDLS_DDN_01_20260902_161226,0.2257,0.0,0.4541,0.4541,1.0,NONE,NONE,,13.4,72.1,09:13:30,30.0,BASELINE_HISTORICAL_CALIBRATION,110.5,13.5
OBS_000299,09:14:00,8940.0,12017,ROUTE_NDLS_DDN_01,SYNTHETIC_SIMULATOR,OK,29.920228,77.682465,200.567,95.0,26.39,95.0,0.0,580.3,100,,574.54,SEC_SRE_RK,,SRE,RK,20.433,113.433,CRUISING,,,,,-65.41,,,GREEN,LOW,False,,False,,JRN_NDLS_DDN_01_20260902_161226,0.2257,0.0,0.4541,0.4541,1.0,NONE,NONE,,12.9,71.6,09:14:00,30.0,BASELINE_HISTORICAL_CALIBRATION,110.0,13.0
OBS_000300,09:14:30,8970.0,12017,ROUTE_NDLS_DDN_01,SYNTHETIC_SIMULATOR,OK,29.917673,77.690428,201.358,95.0,26.39,95.0,0.0,580.3,100,,563.72,SEC_SRE_RK,,SRE,RK,19.642,112.642,CRUISING,,,,,-65.76,,,GREEN,LOW,False,,False,,JRN_NDLS_DDN_01_20260902_161226,0.2257,0.0,0.4541,0.4541,1.0,NONE,NONE,,12.4,71.1,09:14:30,30.0,BASELINE_HISTORICAL_CALIBRATION,109.5,12.5
OBS_000301,09:15:00,9000.0,12017,ROUTE_NDLS_DDN_01,SYNTHETIC_SIMULATOR,OK,29.915119,77.698391,202.15,95.0,26.39,95.0,0.0,580.3,100,,552.69,SEC_SRE_RK,,SRE,RK,18.85,111.85,CRUISING,,,,,-66.11,,,GREEN,LOW,False,,False,,JRN_NDLS_DDN_01_20260902_161226,0.2257,0.0,0.4541,0.4541,1.0,NONE,NONE,,11.9,70.6,09:15:00,30.0,BASELINE_HISTORICAL_CALIBRATION,109.0,12.0
OBS_000302,09:15:30,9030.0,12017,ROUTE_NDLS_DDN_01,SYNTHETIC_SIMULATOR,OK,29.912565,77.706354,202.942,95.0,26.39,95.0,0.0,580.3,100,,541.44,SEC_SRE_RK,,SRE,RK,18.058,111.058,CRUISING,,,,,-66.46,,,GREEN,LOW,False,,False,,JRN_NDLS_DDN_01_20260902_161226,0.2257,0.0,0.4541,0.4541,1.0,NONE,NONE,,11.4,70.1,09:15:30,30.0,BASELINE_HISTORICAL_CALIBRATION,108.5,11.5
OBS_000303,09:16:00,9060.0,12017,ROUTE_NDLS_DDN_01,SYNTHETIC_SIMULATOR,OK,29.91001,77.714318,203.733,95.0,26.39,95.0,0.0,580.3,100,,529.95,SEC_SRE_RK,,SRE,RK,17.267,110.267,CRUISING,,,,,-66.81,,,GREEN,LOW,False,,False,,JRN_NDLS_DDN_01_20260902_161226,0.2257,0.0,0.4541,0.4541,1.0,NONE,NONE,,10.9,69.6,09:16:00,30.0,BASELINE_HISTORICAL_CALIBRATION,108.0,11.0
OBS_000304,09:16:30,9090.0,12017,ROUTE_NDLS_DDN_01,SYNTHETIC_SIMULATOR,OK,29.907456,77.722281,204.525,95.0,26.39,95.0,0.0,580.3,100,,518.2,SEC_SRE_RK,,SRE,RK,16.475,109.475,CRUISING,,,,,-67.16,,,GREEN,LOW,False,,False,,JRN_NDLS_DDN_01_20260902_161226,0.2257,0.0,0.4541,0.4541,1.0,NONE,NONE,,10.4,69.1,09:16:30,30.0,BASELINE_HISTORICAL_CALIBRATION,107.5,10.5
OBS_000305,09:17:00,9120.0,12017,ROUTE_NDLS_DDN_01,SYNTHETIC_SIMULATOR,OK,29.904902,77.730244,205.317,95.0,26.39,95.0,0.0,580.3,100,,506.18,SEC_SRE_RK,,SRE,RK,15.683,108.683,CRUISING,,,,,-67.51,,,GREEN,LOW,False,,False,,JRN_NDLS_DDN_01_20260902_161226,0.2257,0.0,0.4541,0.4541,1.0,NONE,NONE,,9.9,68.6,09:17:00,30.0,BASELINE_HISTORICAL_CALIBRATION,107.0,10.0
OBS_000306,09:17:30,9150.0,12017,ROUTE_NDLS_DDN_01,SYNTHETIC_SIMULATOR,OK,29.902348,77.738207,206.108,95.0,26.39,95.0,0.0,580.3,100,,493.87,SEC_SRE_RK,,SRE,RK,14.892,107.892,CRUISING,,,,,-67.86,,,GREEN,LOW,False,,False,,JRN_NDLS_DDN_01_20260902_161226,0.2257,0.0,0.4541,0.4541,1.0,NONE,NONE,,9.4,68.1,09:17:30,30.0,BASELINE_HISTORICAL_CALIBRATION,106.5,9.5
OBS_000307,09:18:00,9180.0,12017,ROUTE_NDLS_DDN_01,SYNTHETIC_SIMULATOR,OK,29.899793,77.746171,206.9,95.0,26.39,95.0,0.0,580.3,100,,481.24,SEC_SRE_RK,,SRE,RK,14.1,107.1,CRUISING,,,,,-68.21,,,GREEN,LOW,False,,False,,JRN_NDLS_DDN_01_20260902_161226,0.2257,0.0,0.4541,0.4541,1.0,NONE,NONE,,8.9,67.6,09:18:00,30.0,BASELINE_HISTORICAL_CALIBRATION,106.0,9.0
OBS_000308,09:18:30,9210.0,12017,ROUTE_NDLS_DDN_01,SYNTHETIC_SIMULATOR,OK,29.897239,77.754134,207.692,95.0,26.39,95.0,0.0,580.3,100,,468.28,SEC_SRE_RK,,SRE,RK,13.308,106.308,CRUISING,,,,,-68.56,,,GREEN,LOW,False,,False,,JRN_NDLS_DDN_01_20260902_161226,0.2257,0.0,0.4541,0.4541,1.0,NONE,NONE,,8.4,67.1,09:18:30,30.0,BASELINE_HISTORICAL_CALIBRATION,105.5,8.5
OBS_000309,09:19:00,9240.0,12017,ROUTE_NDLS_DDN_01,SYNTHETIC_SIMULATOR,OK,29.894685,77.762097,208.483,95.0,26.39,95.0,0.0,580.3,100,,454.94,SEC_SRE_RK,,SRE,RK,12.517,105.517,CRUISING,,,,,-68.9,,,GREEN,LOW,False,,False,,JRN_NDLS_DDN_01_20260902_161226,0.2257,0.0,0.4541,0.4541,1.0,NONE,NONE,,7.9,66.6,09:19:00,30.0,BASELINE_HISTORICAL_CALIBRATION,105.0,8.0
OBS_000310,09:19:30,9270.0,12017,ROUTE_NDLS_DDN_01,SYNTHETIC_SIMULATOR,OK,29.89213,77.77006,209.275,95.0,26.39,95.0,0.0,580.3,100,,441.2,SEC_SRE_RK,,SRE,RK,11.725,104.725,CRUISING,,,,,-69.25,,,GREEN,LOW,False,,False,,JRN_NDLS_DDN_01_20260902_161226,0.2257,0.0,0.4541,0.4541,1.0,NONE,NONE,,7.4,66.1,09:19:30,30.0,BASELINE_HISTORICAL_CALIBRATION,104.5,7.5
OBS_000311,09:20:00,9300.0,12017,ROUTE_NDLS_DDN_01,SYNTHETIC_SIMULATOR,OK,29.889576,77.778024,210.067,95.0,26.39,95.0,0.0,580.3,100,,427.02,SEC_SRE_RK,,SRE,RK,10.933,103.933,CRUISING,,,,,-69.6,,,GREEN,LOW,False,,False,,JRN_NDLS_DDN_01_20260902_161226,0.2257,0.0,0.4541,0.4541,1.0,NONE,NONE,,6.9,65.6,09:20:00,30.0,BASELINE_HISTORICAL_CALIBRATION,104.0,7.0
OBS_000312,09:20:30,9330.0,12017,ROUTE_NDLS_DDN_01,SYNTHETIC_SIMULATOR,OK,29.887022,77.785987,210.858,95.0,26.39,95.0,0.0,580.3,100,,412.35,SEC_SRE_RK,,SRE,RK,10.142,103.142,CRUISING,,,,,-69.95,,,GREEN,LOW,False,,False,,JRN_NDLS_DDN_01_20260902_161226,0.2257,0.0,0.4541,0.4541,1.0,NONE,NONE,,6.4,65.1,09:20:30,30.0,BASELINE_HISTORICAL_CALIBRATION,103.5,6.5
OBS_000313,09:21:00,9360.0,12017,ROUTE_NDLS_DDN_01,SYNTHETIC_SIMULATOR,OK,29.884467,77.79395,211.65,95.0,26.39,95.0,0.0,580.3,100,,397.14,SEC_SRE_RK,,SRE,RK,9.35,102.35,CRUISING,,,,,-70.3,,,GREEN,LOW,False,,False,,JRN_NDLS_DDN_01_20260902_161226,0.2257,0.0,0.4541,0.4541,1.0,NONE,NONE,,5.9,64.6,09:21:00,30.0,BASELINE_HISTORICAL_CALIBRATION,103.0,6.0
OBS_000314,09:21:30,9390.0,12017,ROUTE_NDLS_DDN_01,SYNTHETIC_SIMULATOR,OK,29.881913,77.801913,212.442,95.0,26.39,95.0,0.0,580.3,100,,381.33,SEC_SRE_RK,,SRE,RK,8.558,101.558,CRUISING,,,,,-70.65,,,GREEN,LOW,False,,False,,JRN_NDLS_DDN_01_20260902_161226,0.2257,0.0,0.4541,0.4541,1.0,NONE,NONE,,5.4,64.1,09:21:30,30.0,BASELINE_HISTORICAL_CALIBRATION,102.5,5.5
OBS_000315,09:22:00,9420.0,12017,ROUTE_NDLS_DDN_01,SYNTHETIC_SIMULATOR,OK,29.879359,77.809876,213.233,95.0,26.39,95.0,0.0,580.3,100,,364.83,SEC_SRE_RK,,SRE,RK,7.767,100.767,CRUISING,,,,,-71.0,,,GREEN,LOW,False,,False,,JRN_NDLS_DDN_01_20260902_161226,0.2257,0.0,0.4541,0.4541,1.0,NONE,NONE,,4.9,63.6,09:22:00,30.0,BASELINE_HISTORICAL_CALIBRATION,102.0,5.0
OBS_000316,09:22:30,9450.0,12017,ROUTE_NDLS_DDN_01,SYNTHETIC_SIMULATOR,OK,29.876805,77.81784,214.025,95.0,26.39,95.0,0.0,580.3,100,,347.54,SEC_SRE_RK,,SRE,RK,6.975,99.975,CRUISING,,,,,-71.35,,,GREEN,LOW,False,,False,,JRN_NDLS_DDN_01_20260902_161226,0.2257,0.0,0.4541,0.4541,1.0,NONE,NONE,,4.4,63.1,09:22:30,30.0,BASELINE_HISTORICAL_CALIBRATION,101.5,4.5
OBS_000317,09:23:00,9480.0,12017,ROUTE_NDLS_DDN_01,SYNTHETIC_SIMULATOR,OK,29.87425,77.825803,214.817,95.0,26.39,95.0,0.0,580.3,100,,329.36,SEC_SRE_RK,,SRE,RK,6.183,99.183,CRUISING,,,,,-71.7,,,GREEN,LOW,False,,False,,JRN_NDLS_DDN_01_20260902_161226,0.2257,0.0,0.4541,0.4541,1.0,NONE,NONE,,3.9,62.6,09:23:00,30.0,BASELINE_HISTORICAL_CALIBRATION,101.0,4.0
OBS_000318,09:23:30,9510.0,12017,ROUTE_NDLS_DDN_01,SYNTHETIC_SIMULATOR,OK,29.871696,77.833766,215.608,95.0,26.39,95.0,0.0,580.3,100,,310.1,SEC_SRE_RK,,SRE,RK,5.392,98.392,CRUISING,,,,,-72.05,,,GREEN,LOW,False,,False,,JRN_NDLS_DDN_01_20260902_161226,0.2257,0.0,0.4541,0.4541,1.0,NONE,NONE,,3.4,62.1,09:23:30,30.0,BASELINE_HISTORICAL_CALIBRATION,100.5,3.5
OBS_000319,09:24:00,9540.0,12017,ROUTE_NDLS_DDN_01,SYNTHETIC_SIMULATOR,OK,29.869142,77.841729,216.4,95.0,26.39,95.0,0.0,580.3,100,,289.57,SEC_SRE_RK,,SRE,RK,4.6,97.6,CRUISING,,,,,-72.4,,,GREEN,LOW,False,,False,,JRN_NDLS_DDN_01_20260902_161226,0.2257,0.0,0.4541,0.4541,1.0,NONE,NONE,,2.9,61.6,09:24:00,30.0,BASELINE_HISTORICAL_CALIBRATION,100.0,3.0
OBS_000320,09:24:30,9570.0,12017,ROUTE_NDLS_DDN_01,SYNTHETIC_SIMULATOR,OK,29.866587,77.849693,217.192,95.0,26.39,95.0,0.0,580.3,100,,267.47,SEC_SRE_RK,,SRE,RK,3.808,96.808,CRUISING,,,,,-72.75,,,GREEN,LOW,False,,False,,JRN_NDLS_DDN_01_20260902_161226,0.2257,0.0,0.4541,0.4541,1.0,NONE,NONE,,2.4,61.1,09:24:30,30.0,BASELINE_HISTORICAL_CALIBRATION,99.5,2.5
OBS_000321,09:25:00,9600.0,12017,ROUTE_NDLS_DDN_01,SYNTHETIC_SIMULATOR,OK,29.864033,77.857656,217.983,95.0,26.39,95.0,0.0,580.3,100,,243.37,SEC_SRE_RK,,SRE,RK,3.017,96.017,CRUISING,,,,,-73.1,,,GREEN,LOW,False,,False,,JRN_NDLS_DDN_01_20260902_161226,0.2257,0.0,0.4541,0.4541,1.0,NONE,NONE,,1.9,60.6,09:25:00,30.0,BASELINE_HISTORICAL_CALIBRATION,99.0,2.0
OBS_000322,09:25:30,9630.0,12017,ROUTE_NDLS_DDN_01,SYNTHETIC_SIMULATOR,OK,29.861479,77.865619,218.775,95.0,26.39,95.0,0.0,580.3,100,,216.6,SEC_SRE_RK,,SRE,RK,2.225,95.225,CRUISING,,,,,-73.45,,,GREEN,LOW,False,,False,,JRN_NDLS_DDN_01_20260902_161226,0.2257,0.0,0.4541,0.4541,1.0,NONE,NONE,,1.4,60.1,09:25:30,30.0,BASELINE_HISTORICAL_CALIBRATION,98.5,1.5
OBS_000323,09:26:00,9660.0,12017,ROUTE_NDLS_DDN_01,SYNTHETIC_SIMULATOR,OK,29.858925,77.873582,219.567,95.0,26.39,95.0,0.0,580.3,100,,186.02,SEC_SRE_RK,,SRE,RK,1.433,94.433,CRUISING,,,,,-73.8,,,GREEN,LOW,False,,False,,JRN_NDLS_DDN_01_20260902_161226,0.2257,0.0,0.4541,0.4541,1.0,NONE,NONE,,0.9,59.6,09:26:00,30.0,BASELINE_HISTORICAL_CALIBRATION,98.0,1.0
OBS_000324,09:26:30,9690.0,12017,ROUTE_NDLS_DDN_01,SYNTHETIC_SIMULATOR,OK,29.85637,77.881546,220.358,95.0,26.39,95.0,0.0,580.3,100,,149.3,SEC_SRE_RK,,SRE,RK,0.642,93.642,CRUISING,,,,,-74.15,,,GREEN,LOW,False,,False,,JRN_NDLS_DDN_01_20260902_161226,0.2257,0.0,0.4541,0.4541,1.0,NONE,NONE,,0.4,59.1,09:26:30,30.0,BASELINE_HISTORICAL_CALIBRATION,97.5,0.5
OBS_000325,09:27:00,9720.0,12017,ROUTE_NDLS_DDN_01,SYNTHETIC_SIMULATOR,OK,29.8543,77.888,221.0,0.0,0.0,95.0,0.0,0.0,100,,99.9,SEC_SRE_RK,RK,RK,HW,42.0,93.0,DWELLING,ARRIVED,09:27:00,,,-74.5,,,GREEN,LOW,False,,False,,JRN_NDLS_DDN_01_20260902_161226,0.2257,0.0,0.4541,0.4541,1.0,NONE,NONE,,100.8,223.2,09:27:00,30.0,BASELINE_HISTORICAL_CALIBRATION,97.0,34.5
OBS_000326,09:27:30,9750.0,12017,ROUTE_NDLS_DDN_01,SYNTHETIC_SIMULATOR,OK,29.8543,77.888,221.0,0.0,0.0,0.0,0.0,0.0,80,,0.0,SEC_RK_HW,RK,RK,HW,42.0,93.0,DWELLING,,,,,-74.69,,,GREEN,LOW,False,,False,,JRN_NDLS_DDN_01_20260902_161226,0.2257,0.0,0.4541,0.4541,1.0,NONE,NONE,,100.8,223.2,09:27:30,30.0,BASELINE_HISTORICAL_CALIBRATION,96.5,34.0
OBS_000327,09:28:00,9780.0,12017,ROUTE_NDLS_DDN_01,SYNTHETIC_SIMULATOR,OK,29.8543,77.888,221.0,0.0,0.0,0.0,0.0,0.0,80,,0.0,SEC_RK_HW,RK,RK,HW,42.0,93.0,DWELLING,,,,,-74.19,,,GREEN,LOW,False,,False,,JRN_NDLS_DDN_01_20260902_161226,0.2257,0.0,0.4541,0.4541,1.0,NONE,NONE,,100.8,223.2,09:28:00,30.0,BASELINE_HISTORICAL_CALIBRATION,96.0,33.5
OBS_000328,09:28:30,9810.0,12017,ROUTE_NDLS_DDN_01,SYNTHETIC_SIMULATOR,OK,29.8543,77.888,221.0,0.0,0.0,0.0,0.0,0.0,80,,0.0,SEC_RK_HW,RK,RK,HW,42.0,93.0,DWELLING,,,,,-73.69,,,GREEN,LOW,False,,False,,JRN_NDLS_DDN_01_20260902_161226,0.2257,0.0,0.4541,0.4541,1.0,NONE,NONE,,100.8,223.2,09:28:30,30.0,BASELINE_HISTORICAL_CALIBRATION,95.5,33.0
OBS_000329,09:29:00,9840.0,12017,ROUTE_NDLS_DDN_01,SYNTHETIC_SIMULATOR,OK,29.8543,77.888,221.675,54.0,15.0,76.0,0.5,187.5,80,,808.2,SEC_RK_HW,RK,RK,HW,41.325,92.325,ACCELERATING,DEPARTED,,09:29:00,2,-73.19,,,GREEN,LOW,False,,False,,JRN_NDLS_DDN_01_20260902_161226,0.2257,0.0,0.4541,0.4541,1.0,NONE,NONE,,45.9,102.6,09:29:00,30.0,BASELINE_HISTORICAL_CALIBRATION,95.0,32.5
OBS_000330,09:29:30,9870.0,12017,ROUTE_NDLS_DDN_01,SYNTHETIC_SIMULATOR,OK,29.857637,77.897518,222.533,76.0,21.11,76.0,0.5,371.4,80,,801.68,SEC_RK_HW,,RK,HW,40.467,91.467,ACCELERATING,,,,,-73.41,,,GREEN,LOW,False,,False,,JRN_NDLS_DDN_01_20260902_161226,0.2257,0.0,0.4541,0.4541,1.0,NONE,NONE,,31.9,72.2,09:29:30,30.0,BASELINE_HISTORICAL_CALIBRATION,94.5,32.0
OBS_000331,09:30:00,9900.0,12017,ROUTE_NDLS_DDN_01,SYNTHETIC_SIMULATOR,OK,29.859015,77.901449,223.167,76.0,21.11,76.0,0.0,371.4,80,,793.31,SEC_RK_HW,,RK,HW,39.833,90.833,CRUISING,,,,,-73.83,,,GREEN,LOW,False,,False,,JRN_NDLS_DDN_01_20260902_161226,0.2257,0.0,0.4541,0.4541,1.0,NONE,NONE,,31.4,71.7,09:30:00,30.0,BASELINE_HISTORICAL_CALIBRATION,94.0,31.5
OBS_000332,09:30:30,9930.0,12017,ROUTE_NDLS_DDN_01,SYNTHETIC_SIMULATOR,OK,29.860393,77.90538,223.8,76.0,21.11,76.0,0.0,371.4,80,,787.08,SEC_RK_HW,,RK,HW,39.2,90.2,CRUISING,,,,,-74.01,,,GREEN,LOW,False,,False,,JRN_NDLS_DDN_01_20260902_161226,0.2257,0.0,0.4541,0.4541,1.0,NONE,NONE,,30.9,71.2,09:30:30,30.0,BASELINE_HISTORICAL_CALIBRATION,93.5,31.0
OBS_000333,09:31:00,9960.0,12017,ROUTE_NDLS_DDN_01,SYNTHETIC_SIMULATOR,OK,29.861772,77.909311,224.433,76.0,21.11,76.0,0.0,371.4,80,,780.79,SEC_RK_HW,,RK,HW,38.567,89.567,CRUISING,,,,,-74.19,,,GREEN,LOW,False,,False,,JRN_NDLS_DDN_01_20260902_161226,0.2257,0.0,0.4541,0.4541,1.0,NONE,NONE,,30.4,70.7,09:31:00,30.0,BASELINE_HISTORICAL_CALIBRATION,93.0,30.5
OBS_000334,09:31:30,9990.0,12017,ROUTE_NDLS_DDN_01,SYNTHETIC_SIMULATOR,OK,29.86315,77.913242,225.067,76.0,21.11,76.0,0.0,371.4,80,,774.46,SEC_RK_HW,,RK,HW,37.933,88.933,CRUISING,,,,,-74.37,,,GREEN,LOW,False,,False,,JRN_NDLS_DDN_01_20260902_161226,0.2257,0.0,0.4541,0.4541,1.0,NONE,NONE,,29.9,70.2,09:31:30,30.0,BASELINE_HISTORICAL_CALIBRATION,92.5,30.0
OBS_000335,09:32:00,10020.0,12017,ROUTE_NDLS_DDN_01,SYNTHETIC_SIMULATOR,OK,29.864528,77.917174,225.7,76.0,21.11,76.0,0.0,371.4,80,,768.07,SEC_RK_HW,,RK,HW,37.3,88.3,CRUISING,,,,,-74.55,,,GREEN,LOW,False,,False,,JRN_NDLS_DDN_01_20260902_161226,0.2257,0.0,0.4541,0.4541,1.0,NONE,NONE,,29.4,69.7,09:32:00,30.0,BASELINE_HISTORICAL_CALIBRATION,92.0,29.5
OBS_000336,09:32:30,10050.0,12017,ROUTE_NDLS_DDN_01,SYNTHETIC_SIMULATOR,OK,29.865906,77.921105,226.333,76.0,21.11,76.0,0.0,371.4,80,,761.64,SEC_RK_HW,,RK,HW,36.667,87.667,CRUISING,,,,,-74.73,,,GREEN,LOW,False,,False,,JRN_NDLS_DDN_01_20260902_161226,0.2257,0.0,0.4541,0.4541,1.0,NONE,NONE,,28.9,69.2,09:32:30,30.0,BASELINE_HISTORICAL_CALIBRATION,91.5,29.0
OBS_000337,09:33:00,10080.0,12017,ROUTE_NDLS_DDN_01,SYNTHETIC_SIMULATOR,OK,29.867285,77.925036,226.967,76.0,21.11,76.0,0.0,371.4,80,,755.14,SEC_RK_HW,,RK,HW,36.033,87.033,CRUISING,,,,,-74.91,,,GREEN,LOW,False,,False,,JRN_NDLS_DDN_01_20260902_161226,0.2257,0.0,0.4541,0.4541,1.0,NONE,NONE,,28.4,68.7,09:33:00,30.0,BASELINE_HISTORICAL_CALIBRATION,91.0,28.5
OBS_000338,09:33:30,10110.0,12017,ROUTE_NDLS_DDN_01,SYNTHETIC_SIMULATOR,OK,29.868663,77.928967,227.6,76.0,21.11,76.0,0.0,371.4,80,,748.59,SEC_RK_HW,,RK,HW,35.4,86.4,CRUISING,,,,,-75.09,,,GREEN,LOW,False,,False,,JRN_NDLS_DDN_01_20260902_161226,0.2257,0.0,0.4541,0.4541,1.0,NONE,NONE,,27.9,68.2,09:33:30,30.0,BASELINE_HISTORICAL_CALIBRATION,90.5,28.0
OBS_000339,09:34:00,10140.0,12017,ROUTE_NDLS_DDN_01,SYNTHETIC_SIMULATOR,OK,29.870041,77.932898,228.233,76.0,21.11,76.0,0.0,371.4,80,,741.98,SEC_RK_HW,,RK,HW,34.767,85.767,CRUISING,,,,,-75.27,,,GREEN,LOW,False,,False,,JRN_NDLS_DDN_01_20260902_161226,0.2257,0.0,0.4541,0.4541,1.0,NONE,NONE,,27.4,67.7,09:34:00,30.0,BASELINE_HISTORICAL_CALIBRATION,90.0,27.5
OBS_000340,09:34:30,10170.0,12017,ROUTE_NDLS_DDN_01,SYNTHETIC_SIMULATOR,OK,29.871419,77.93683,228.867,76.0,21.11,76.0,0.0,371.4,80,,735.32,SEC_RK_HW,,RK,HW,34.133,85.133,CRUISING,,,,,-75.45,,,GREEN,LOW,False,,False,,JRN_NDLS_DDN_01_20260902_161226,0.2257,0.0,0.4541,0.4541,1.0,NONE,NONE,,26.9,67.2,09:34:30,30.0,BASELINE_HISTORICAL_CALIBRATION,89.5,27.0
OBS_000341,09:35:00,10200.0,12017,ROUTE_NDLS_DDN_01,SYNTHETIC_SIMULATOR,OK,29.872798,77.940761,229.5,76.0,21.11,76.0,0.0,371.4,80,,728.59,SEC_RK_HW,,RK,HW,33.5,84.5,CRUISING,,,,,-75.63,,,GREEN,LOW,False,,False,,JRN_NDLS_DDN_01_20260902_161226,0.2257,0.0,0.4541,0.4541,1.0,NONE,NONE,,26.4,66.7,09:35:00,30.0,BASELINE_HISTORICAL_CALIBRATION,89.0,26.5
OBS_000342,09:35:30,10230.0,12017,ROUTE_NDLS_DDN_01,SYNTHETIC_SIMULATOR,OK,29.874176,77.944692,230.133,76.0,21.11,76.0,0.0,371.4,80,,721.8,SEC_RK_HW,,RK,HW,32.867,83.867,CRUISING,,,,,-75.81,,,GREEN,LOW,False,,False,,JRN_NDLS_DDN_01_20260902_161226,0.2257,0.0,0.4541,0.4541,1.0,NONE,NONE,,25.9,66.2,09:35:30,30.0,BASELINE_HISTORICAL_CALIBRATION,88.5,26.0
OBS_000343,09:36:00,10260.0,12017,ROUTE_NDLS_DDN_01,SYNTHETIC_SIMULATOR,OK,29.875554,77.948623,230.767,76.0,21.11,76.0,0.0,371.4,80,,714.94,SEC_RK_HW,,RK,HW,32.233,83.233,CRUISING,,,,,-75.99,,,GREEN,LOW,False,,False,,JRN_NDLS_DDN_01_20260902_161226,0.2257,0.0,0.4541,0.4541,1.0,NONE,NONE,,25.4,65.7,09:36:00,30.0,BASELINE_HISTORICAL_CALIBRATION,88.0,25.5
OBS_000344,09:36:30,10290.0,12017,ROUTE_NDLS_DDN_01,SYNTHETIC_SIMULATOR,OK,29.876932,77.952554,231.4,76.0,21.11,76.0,0.0,371.4,80,,708.02,SEC_RK_HW,,RK,HW,31.6,82.6,CRUISING,,,,,-76.17,,,GREEN,LOW,False,,False,,JRN_NDLS_DDN_01_20260902_161226,0.2257,0.0,0.4541,0.4541,1.0,NONE,NONE,,24.9,65.2,09:36:30,30.0,BASELINE_HISTORICAL_CALIBRATION,87.5,25.0
OBS_000345,09:37:00,10320.0,12017,ROUTE_NDLS_DDN_01,SYNTHETIC_SIMULATOR,OK,29.878311,77.956485,232.033,76.0,21.11,76.0,0.0,371.4,80,,701.03,SEC_RK_HW,,RK,HW,30.967,81.967,CRUISING,,,,,-76.35,,,GREEN,LOW,False,,False,,JRN_NDLS_DDN_01_20260902_161226,0.2257,0.0,0.4541,0.4541,1.0,NONE,NONE,,24.4,64.7,09:37:00,30.0,BASELINE_HISTORICAL_CALIBRATION,87.0,24.5
OBS_000346,09:37:30,10350.0,12017,ROUTE_NDLS_DDN_01,SYNTHETIC_SIMULATOR,OK,29.879689,77.960417,232.667,76.0,21.11,76.0,0.0,371.4,80,,693.97,SEC_RK_HW,,RK,HW,30.333,81.333,CRUISING,,,,,-76.53,,,GREEN,LOW,False,,False,,JRN_NDLS_DDN_01_20260902_161226,0.2257,0.0,0.4541,0.4541,1.0,NONE,NONE,,23.9,64.2,09:37:30,30.0,BASELINE_HISTORICAL_CALIBRATION,86.5,24.0
OBS_000347,09:38:00,10380.0,12017,ROUTE_NDLS_DDN_01,SYNTHETIC_SIMULATOR,OK,29.881067,77.964348,233.3,76.0,21.11,76.0,0.0,371.4,80,,686.84,SEC_RK_HW,,RK,HW,29.7,80.7,CRUISING,,,,,-76.71,,,GREEN,LOW,False,,False,,JRN_NDLS_DDN_01_20260902_161226,0.2257,0.0,0.4541,0.4541,1.0,NONE,NONE,,23.4,63.7,09:38:00,30.0,BASELINE_HISTORICAL_CALIBRATION,86.0,23.5
OBS_000348,09:38:30,10410.0,12017,ROUTE_NDLS_DDN_01,SYNTHETIC_SIMULATOR,OK,29.882445,77.968279,233.933,76.0,21.11,76.0,0.0,371.4,80,,679.63,SEC_RK_HW,,RK,HW,29.067,80.067,CRUISING,,,,,-76.89,,,GREEN,LOW,False,,False,,JRN_NDLS_DDN_01_20260902_161226,0.2257,0.0,0.4541,0.4541,1.0,NONE,NONE,,22.9,63.2,09:38:30,30.0,BASELINE_HISTORICAL_CALIBRATION,85.5,23.0
OBS_000349,09:39:00,10440.0,12017,ROUTE_NDLS_DDN_01,SYNTHETIC_SIMULATOR,OK,29.883824,77.97221,234.567,76.0,21.11,76.0,0.0,371.4,80,,672.34,SEC_RK_HW,,RK,HW,28.433,79.433,CRUISING,,,,,-77.07,,,GREEN,LOW,False,,False,,JRN_NDLS_DDN_01_20260902_161226,0.2257,0.0,0.4541,0.4541,1.0,NONE,NONE,,22.4,62.7,09:39:00,30.0,BASELINE_HISTORICAL_CALIBRATION,85.0,22.5
OBS_000350,09:39:30,10470.0,12017,ROUTE_NDLS_DDN_01,SYNTHETIC_SIMULATOR,OK,29.885202,77.976141,235.2,76.0,21.11,76.0,0.0,371.4,80,,664.98,SEC_RK_HW,,RK,HW,27.8,78.8,CRUISING,,,,,-77.25,,,GREEN,LOW,False,,False,,JRN_NDLS_DDN_01_20260902_161226,0.2257,0.0,0.4541,0.4541,1.0,NONE,NONE,,21.9,62.2,09:39:30,30.0,BASELINE_HISTORICAL_CALIBRATION,84.5,22.0
OBS_000351,09:40:00,10500.0,12017,ROUTE_NDLS_DDN_01,SYNTHETIC_SIMULATOR,OK,29.88658,77.980073,235.833,76.0,21.11,76.0,0.0,371.4,80,,657.53,SEC_RK_HW,,RK,HW,27.167,78.167,CRUISING,,,,,-77.43,,,GREEN,LOW,False,,False,,JRN_NDLS_DDN_01_20260902_161226,0.2257,0.0,0.4541,0.4541,1.0,NONE,NONE,,21.4,61.7,09:40:00,30.0,BASELINE_HISTORICAL_CALIBRATION,84.0,21.5
OBS_000352,09:40:30,10530.0,12017,ROUTE_NDLS_DDN_01,SYNTHETIC_SIMULATOR,OK,29.887958,77.984004,236.467,76.0,21.11,76.0,0.0,371.4,80,,650.0,SEC_RK_HW,,RK,HW,26.533,77.533,CRUISING,,,,,-77.61,,,GREEN,LOW,False,,False,,JRN_NDLS_DDN_01_20260902_161226,0.2257,0.0,0.4541,0.4541,1.0,NONE,NONE,,20.9,61.2,09:40:30,30.0,BASELINE_HISTORICAL_CALIBRATION,83.5,21.0
OBS_000353,09:41:00,10560.0,12017,ROUTE_NDLS_DDN_01,SYNTHETIC_SIMULATOR,OK,29.889337,77.987935,237.1,76.0,21.11,76.0,0.0,371.4,80,,642.38,SEC_RK_HW,,RK,HW,25.9,76.9,CRUISING,,,,,-77.79,,,GREEN,LOW,False,,False,,JRN_NDLS_DDN_01_20260902_161226,0.2257,0.0,0.4541,0.4541,1.0,NONE,NONE,,20.4,60.7,09:41:00,30.0,BASELINE_HISTORICAL_CALIBRATION,83.0,20.5
OBS_000354,09:41:30,10590.0,12017,ROUTE_NDLS_DDN_01,SYNTHETIC_SIMULATOR,OK,29.890715,77.991866,237.733,76.0,21.11,76.0,0.0,371.4,80,,634.66,SEC_RK_HW,,RK,HW,25.267,76.267,CRUISING,,,,,-77.97,,,GREEN,LOW,False,,False,,JRN_NDLS_DDN_01_20260902_161226,0.2257,0.0,0.4541,0.4541,1.0,NONE,NONE,,19.9,60.2,09:41:30,30.0,BASELINE_HISTORICAL_CALIBRATION,82.5,20.0
OBS_000355,09:42:00,10620.0,12017,ROUTE_NDLS_DDN_01,SYNTHETIC_SIMULATOR,OK,29.892093,77.995797,238.367,76.0,21.11,76.0,0.0,371.4,80,,626.86,SEC_RK_HW,,RK,HW,24.633,75.633,CRUISING,,,,,-78.15,,,GREEN,LOW,False,,False,,JRN_NDLS_DDN_01_20260902_161226,0.2257,0.0,0.4541,0.4541,1.0,NONE,NONE,,19.4,59.7,09:42:00,30.0,BASELINE_HISTORICAL_CALIBRATION,82.0,19.5
OBS_000356,09:42:30,10650.0,12017,ROUTE_NDLS_DDN_01,SYNTHETIC_SIMULATOR,OK,29.893471,77.999729,239.0,76.0,21.11,76.0,0.0,371.4,80,,618.95,SEC_RK_HW,,RK,HW,24.0,75.0,CRUISING,,,,,-78.33,,,GREEN,LOW,False,,False,,JRN_NDLS_DDN_01_20260902_161226,0.2257,0.0,0.4541,0.4541,1.0,NONE,NONE,,18.9,59.2,09:42:30,30.0,BASELINE_HISTORICAL_CALIBRATION,81.5,19.0
OBS_000357,09:43:00,10680.0,12017,ROUTE_NDLS_DDN_01,SYNTHETIC_SIMULATOR,OK,29.89485,78.00366,239.633,76.0,21.11,76.0,0.0,371.4,80,,610.94,SEC_RK_HW,,RK,HW,23.367,74.367,CRUISING,,,,,-78.51,,,GREEN,LOW,False,,False,,JRN_NDLS_DDN_01_20260902_161226,0.2257,0.0,0.4541,0.4541,1.0,NONE,NONE,,18.4,58.7,09:43:00,30.0,BASELINE_HISTORICAL_CALIBRATION,81.0,18.5
OBS_000358,09:43:30,10710.0,12017,ROUTE_NDLS_DDN_01,SYNTHETIC_SIMULATOR,OK,29.896228,78.007591,240.267,76.0,21.11,76.0,0.0,371.4,80,,602.83,SEC_RK_HW,,RK,HW,22.733,73.733,CRUISING,,,,,-78.69,,,GREEN,LOW,False,,False,,JRN_NDLS_DDN_01_20260902_161226,0.2257,0.0,0.4541,0.4541,1.0,NONE,NONE,,17.9,58.2,09:43:30,30.0,BASELINE_HISTORICAL_CALIBRATION,80.5,18.0
OBS_000359,09:44:00,10740.0,12017,ROUTE_NDLS_DDN_01,SYNTHETIC_SIMULATOR,OK,29.897606,78.011522,240.9,76.0,21.11,76.0,0.0,371.4,80,,594.6,SEC_RK_HW,,RK,HW,22.1,73.1,CRUISING,,,,,-78.87,,,GREEN,LOW,False,,False,,JRN_NDLS_DDN_01_20260902_161226,0.2257,0.0,0.4541,0.4541,1.0,NONE,NONE,,17.4,57.7,09:44:00,30.0,BASELINE_HISTORICAL_CALIBRATION,80.0,17.5
OBS_000360,09:44:30,10770.0,12017,ROUTE_NDLS_DDN_01,SYNTHETIC_SIMULATOR,OK,29.898984,78.015453,241.533,76.0,21.11,76.0,0.0,371.4,80,,586.26,SEC_RK_HW,,RK,HW,21.467,72.467,CRUISING,,,,,-79.05,,,GREEN,LOW,False,,False,,JRN_NDLS_DDN_01_20260902_161226,0.2257,0.0,0.4541,0.4541,1.0,NONE,NONE,,16.9,57.2,09:44:30,30.0,BASELINE_HISTORICAL_CALIBRATION,79.5,17.0
OBS_000361,09:45:00,10800.0,12017,ROUTE_NDLS_DDN_01,SYNTHETIC_SIMULATOR,OK,29.900363,78.019385,242.167,76.0,21.11,76.0,0.0,371.4,80,,577.8,SEC_RK_HW,,RK,HW,20.833,71.833,CRUISING,,,,,-79.23,,,GREEN,LOW,False,,False,,JRN_NDLS_DDN_01_20260902_161226,0.2257,0.0,0.4541,0.4541,1.0,NONE,NONE,,16.4,56.7,09:45:00,30.0,BASELINE_HISTORICAL_CALIBRATION,79.0,16.5
OBS_000362,09:45:30,10830.0,12017,ROUTE_NDLS_DDN_01,SYNTHETIC_SIMULATOR,OK,29.901741,78.023316,242.8,76.0,21.11,76.0,0.0,371.4,80,,569.21,SEC_RK_HW,,RK,HW,20.2,71.2,CRUISING,,,,,-79.4,,,GREEN,LOW,False,,False,,JRN_NDLS_DDN_01_20260902_161226,0.2257,0.0,0.4541,0.4541,1.0,NONE,NONE,,15.9,56.2,09:45:30,30.0,BASELINE_HISTORICAL_CALIBRATION,78.5,16.0
OBS_000363,09:46:00,10860.0,12017,ROUTE_NDLS_DDN_01,SYNTHETIC_SIMULATOR,OK,29.903119,78.027247,243.433,76.0,21.11,76.0,0.0,371.4,80,,560.49,SEC_RK_HW,,RK,HW,19.567,70.567,CRUISING,,,,,-79.58,,,GREEN,LOW,False,,False,,JRN_NDLS_DDN_01_20260902_161226,0.2257,0.0,0.4541,0.4541,1.0,NONE,NONE,,15.4,55.7,09:46:00,30.0,BASELINE_HISTORICAL_CALIBRATION,78.0,15.5
OBS_000364,09:46:30,10890.0,12017,ROUTE_NDLS_DDN_01,SYNTHETIC_SIMULATOR,OK,29.904497,78.031178,244.067,76.0,21.11,76.0,0.0,371.4,80,,551.63,SEC_RK_HW,,RK,HW,18.933,69.933,CRUISING,,,,,-79.76,,,GREEN,LOW,False,,False,,JRN_NDLS_DDN_01_20260902_161226,0.2257,0.0,0.4541,0.4541,1.0,NONE,NONE,,14.9,55.2,09:46:30,30.0,BASELINE_HISTORICAL_CALIBRATION,77.5,15.0
OBS_000365,09:47:00,10920.0,12017,ROUTE_NDLS_DDN_01,SYNTHETIC_SIMULATOR,OK,29.905876,78.035109,244.7,76.0,21.11,76.0,0.0,371.4,80,,542.63,SEC_RK_HW,,RK,HW,18.3,69.3,CRUISING,,,,,-79.94,,,GREEN,LOW,False,,False,,JRN_NDLS_DDN_01_20260902_161226,0.2257,0.0,0.4541,0.4541,1.0,NONE,NONE,,14.4,54.7,09:47:00,30.0,BASELINE_HISTORICAL_CALIBRATION,77.0,14.5
OBS_000366,09:47:30,10950.0,12017,ROUTE_NDLS_DDN_01,SYNTHETIC_SIMULATOR,OK,29.907254,78.03904,245.333,76.0,21.11,76.0,0.0,371.4,80,,533.48,SEC_RK_HW,,RK,HW,17.667,68.667,CRUISING,,,,,-80.12,,,GREEN,LOW,False,,False,,JRN_NDLS_DDN_01_20260902_161226,0.2257,0.0,0.4541,0.4541,1.0,NONE,NONE,,13.9,54.2,09:47:30,30.0,BASELINE_HISTORICAL_CALIBRATION,76.5,14.0
OBS_000367,09:48:00,10980.0,12017,ROUTE_NDLS_DDN_01,SYNTHETIC_SIMULATOR,OK,29.908632,78.042972,245.967,76.0,21.11,76.0,0.0,371.4,80,,524.17,SEC_RK_HW,,RK,HW,17.033,68.033,CRUISING,,,,,-80.3,,,GREEN,LOW,False,,False,,JRN_NDLS_DDN_01_20260902_161226,0.2257,0.0,0.4541,0.4541,1.0,NONE,NONE,,13.4,53.7,09:48:00,30.0,BASELINE_HISTORICAL_CALIBRATION,76.0,13.5
OBS_000368,09:48:30,11010.0,12017,ROUTE_NDLS_DDN_01,SYNTHETIC_SIMULATOR,OK,29.91001,78.046903,246.6,76.0,21.11,76.0,0.0,371.4,80,,514.69,SEC_RK_HW,,RK,HW,16.4,67.4,CRUISING,,,,,-80.48,,,GREEN,LOW,False,,False,,JRN_NDLS_DDN_01_20260902_161226,0.2257,0.0,0.4541,0.4541,1.0,NONE,NONE,,12.9,53.2,09:48:30,30.0,BASELINE_HISTORICAL_CALIBRATION,75.5,13.0
OBS_000369,09:49:00,11040.0,12017,ROUTE_NDLS_DDN_01,SYNTHETIC_SIMULATOR,OK,29.911389,78.050834,247.233,76.0,21.11,76.0,0.0,371.4,80,,505.03,SEC_RK_HW,,RK,HW,15.767,66.767,CRUISING,,,,,-80.66,,,GREEN,LOW,False,,False,,JRN_NDLS_DDN_01_20260902_161226,0.2257,0.0,0.4541,0.4541,1.0,NONE,NONE,,12.4,52.7,09:49:00,30.0,BASELINE_HISTORICAL_CALIBRATION,75.0,12.5
OBS_000370,09:49:30,11070.0,12017,ROUTE_NDLS_DDN_01,SYNTHETIC_SIMULATOR,OK,29.912767,78.054765,247.867,76.0,21.11,76.0,0.0,371.4,80,,495.18,SEC_RK_HW,,RK,HW,15.133,66.133,CRUISING,,,,,-80.84,,,GREEN,LOW,False,,False,,JRN_NDLS_DDN_01_20260902_161226,0.2257,0.0,0.4541,0.4541,1.0,NONE,NONE,,11.9,52.2,09:49:30,30.0,BASELINE_HISTORICAL_CALIBRATION,74.5,12.0
OBS_000371,09:50:00,11100.0,12017,ROUTE_NDLS_DDN_01,SYNTHETIC_SIMULATOR,OK,29.914145,78.058696,248.5,76.0,21.11,76.0,0.0,371.4,80,,485.13,SEC_RK_HW,,RK,HW,14.5,65.5,CRUISING,,,,,-81.02,,,GREEN,LOW,False,,False,,JRN_NDLS_DDN_01_20260902_161226,0.2257,0.0,0.4541,0.4541,1.0,NONE,NONE,,11.4,51.7,09:50:00,30.0,BASELINE_HISTORICAL_CALIBRATION,74.0,11.5
OBS_000372,09:50:30,11130.0,12017,ROUTE_NDLS_DDN_01,SYNTHETIC_SIMULATOR,OK,29.915523,78.062628,249.133,76.0,21.11,76.0,0.0,371.4,80,,474.87,SEC_RK_HW,,RK,HW,13.867,64.867,CRUISING,,,,,-81.2,,,GREEN,LOW,False,,False,,JRN_NDLS_DDN_01_20260902_161226,0.2257,0.0,0.4541,0.4541,1.0,NONE,NONE,,10.9,51.2,09:50:30,30.0,BASELINE_HISTORICAL_CALIBRATION,73.5,11.0
OBS_000373,09:51:00,11160.0,12017,ROUTE_NDLS_DDN_01,SYNTHETIC_SIMULATOR,OK,29.916902,78.066559,249.767,76.0,21.11,76.0,0.0,371.4,80,,464.39,SEC_RK_HW,,RK,HW,13.233,64.233,CRUISING,,,,,-81.38,,,GREEN,LOW,False,,False,,JRN_NDLS_DDN_01_20260902_161226,0.2257,0.0,0.4541,0.4541,1.0,NONE,NONE,,10.4,50.7,09:51:00,30.0,BASELINE_HISTORICAL_CALIBRATION,73.0,10.5
OBS_000374,09:51:30,11190.0,12017,ROUTE_NDLS_DDN_01,SYNTHETIC_SIMULATOR,OK,29.91828,78.07049,250.4,76.0,21.11,76.0,0.0,371.4,80,,453.66,SEC_RK_HW,,RK,HW,12.6,63.6,CRUISING,,,,,-81.56,,,GREEN,LOW,False,,False,,JRN_NDLS_DDN_01_20260902_161226,0.2257,0.0,0.4541,0.4541,1.0,NONE,NONE,,9.9,50.2,09:51:30,30.0,BASELINE_HISTORICAL_CALIBRATION,72.5,10.0
OBS_000375,09:52:00,11220.0,12017,ROUTE_NDLS_DDN_01,SYNTHETIC_SIMULATOR,OK,29.919658,78.074421,251.033,76.0,21.11,76.0,0.0,371.4,80,,442.67,SEC_RK_HW,,RK,HW,11.967,62.967,CRUISING,,,,,-81.74,,,GREEN,LOW,False,,False,,JRN_NDLS_DDN_01_20260902_161226,0.2257,0.0,0.4541,0.4541,1.0,NONE,NONE,,9.4,49.7,09:52:00,30.0,BASELINE_HISTORICAL_CALIBRATION,72.0,9.5
OBS_000376,09:52:30,11250.0,12017,ROUTE_NDLS_DDN_01,SYNTHETIC_SIMULATOR,OK,29.921037,78.078352,251.667,76.0,21.11,76.0,0.0,371.4,80,,431.4,SEC_RK_HW,,RK,HW,11.333,62.333,CRUISING,,,,,-81.92,,,GREEN,LOW,False,,False,,JRN_NDLS_DDN_01_20260902_161226,0.2257,0.0,0.4541,0.4541,1.0,NONE,NONE,,8.9,49.2,09:52:30,30.0,BASELINE_HISTORICAL_CALIBRATION,71.5,9.0
OBS_000377,09:53:00,11280.0,12017,ROUTE_NDLS_DDN_01,SYNTHETIC_SIMULATOR,OK,29.922415,78.082284,252.3,76.0,21.11,76.0,0.0,371.4,80,,419.83,SEC_RK_HW,,RK,HW,10.7,61.7,CRUISING,,,,,-82.1,,,GREEN,LOW,False,,False,,JRN_NDLS_DDN_01_20260902_161226,0.2257,0.0,0.4541,0.4541,1.0,NONE,NONE,,8.4,48.7,09:53:00,30.0,BASELINE_HISTORICAL_CALIBRATION,71.0,8.5
OBS_000378,09:53:30,11310.0,12017,ROUTE_NDLS_DDN_01,SYNTHETIC_SIMULATOR,OK,29.923793,78.086215,252.933,76.0,21.11,76.0,0.0,371.4,80,,407.93,SEC_RK_HW,,RK,HW,10.067,61.067,CRUISING,,,,,-82.28,,,GREEN,LOW,False,,False,,JRN_NDLS_DDN_01_20260902_161226,0.2257,0.0,0.4541,0.4541,1.0,NONE,NONE,,7.9,48.2,09:53:30,30.0,BASELINE_HISTORICAL_CALIBRATION,70.5,8.0
OBS_000379,09:54:00,11340.0,12017,ROUTE_NDLS_DDN_01,SYNTHETIC_SIMULATOR,OK,29.925171,78.090146,253.567,76.0,21.11,76.0,0.0,371.4,80,,395.67,SEC_RK_HW,,RK,HW,9.433,60.433,CRUISING,,,,,-82.46,,,GREEN,LOW,False,,False,,JRN_NDLS_DDN_01_20260902_161226,0.2257,0.0,0.4541,0.4541,1.0,NONE,NONE,,7.4,47.7,09:54:00,30.0,BASELINE_HISTORICAL_CALIBRATION,70.0,7.5
OBS_000380,09:54:30,11370.0,12017,ROUTE_NDLS_DDN_01,SYNTHETIC_SIMULATOR,OK,29.92655,78.094077,254.2,76.0,21.11,76.0,0.0,371.4,80,,383.02,SEC_RK_HW,,RK,HW,8.8,59.8,CRUISING,,,,,-82.64,,,GREEN,LOW,False,,False,,JRN_NDLS_DDN_01_20260902_161226,0.2257,0.0,0.4541,0.4541,1.0,NONE,NONE,,6.9,47.2,09:54:30,30.0,BASELINE_HISTORICAL_CALIBRATION,69.5,7.0
OBS_000381,09:55:00,11400.0,12017,ROUTE_NDLS_DDN_01,SYNTHETIC_SIMULATOR,OK,29.927928,78.098008,254.833,76.0,21.11,76.0,0.0,371.4,80,,369.94,SEC_RK_HW,,RK,HW,8.167,59.167,CRUISING,,,,,-82.82,,,GREEN,LOW,False,,False,,JRN_NDLS_DDN_01_20260902_161226,0.2257,0.0,0.4541,0.4541,1.0,NONE,NONE,,6.4,46.7,09:55:00,30.0,BASELINE_HISTORICAL_CALIBRATION,69.0,6.5
OBS_000382,09:55:30,11430.0,12017,ROUTE_NDLS_DDN_01,SYNTHETIC_SIMULATOR,OK,29.929306,78.10194,255.467,76.0,21.11,76.0,0.0,371.4,80,,356.38,SEC_RK_HW,,RK,HW,7.533,58.533,CRUISING,,,,,-83.0,,,GREEN,LOW,False,,False,,JRN_NDLS_DDN_01_20260902_161226,0.2257,0.0,0.4541,0.4541,1.0,NONE,NONE,,5.9,46.2,09:55:30,30.0,BASELINE_HISTORICAL_CALIBRATION,68.5,6.0
OBS_000383,09:56:00,11460.0,12017,ROUTE_NDLS_DDN_01,SYNTHETIC_SIMULATOR,OK,29.930684,78.105871,256.1,76.0,21.11,76.0,0.0,371.4,80,,342.28,SEC_RK_HW,,RK,HW,6.9,57.9,CRUISING,,,,,-83.18,,,GREEN,LOW,False,,False,,JRN_NDLS_DDN_01_20260902_161226,0.2257,0.0,0.4541,0.4541,1.0,NONE,NONE,,5.4,45.7,09:56:00,30.0,BASELINE_HISTORICAL_CALIBRATION,68.0,5.5
OBS_000384,09:56:30,11490.0,12017,ROUTE_NDLS_DDN_01,SYNTHETIC_SIMULATOR,OK,29.932063,78.109802,256.733,76.0,21.11,76.0,0.0,371.4,80,,327.58,SEC_RK_HW,,RK,HW,6.267,57.267,CRUISING,,,,,-83.36,,,GREEN,LOW,False,,False,,JRN_NDLS_DDN_01_20260902_161226,0.2257,0.0,0.4541,0.4541,1.0,NONE,NONE,,4.9,45.2,09:56:30,30.0,BASELINE_HISTORICAL_CALIBRATION,67.5,5.0
OBS_000385,09:57:00,11520.0,12017,ROUTE_NDLS_DDN_01,SYNTHETIC_SIMULATOR,OK,29.933441,78.113733,257.367,76.0,21.11,76.0,0.0,371.4,80,,312.18,SEC_RK_HW,,RK,HW,5.633,56.633,CRUISING,,,,,-83.54,,,GREEN,LOW,False,,False,,JRN_NDLS_DDN_01_20260902_161226,0.2257,0.0,0.4541,0.4541,1.0,NONE,NONE,,4.4,44.7,09:57:00,30.0,BASELINE_HISTORICAL_CALIBRATION,67.0,4.5
OBS_000386,09:57:30,11550.0,12017,ROUTE_NDLS_DDN_01,SYNTHETIC_SIMULATOR,OK,29.934819,78.117664,258.0,76.0,21.11,76.0,0.0,371.4,80,,295.99,SEC_RK_HW,,RK,HW,5.0,56.0,CRUISING,,,,,-83.72,,,GREEN,LOW,False,,False,,JRN_NDLS_DDN_01_20260902_161226,0.2257,0.0,0.4541,0.4541,1.0,NONE,NONE,,3.9,44.2,09:57:30,30.0,BASELINE_HISTORICAL_CALIBRATION,66.5,4.0
OBS_000387,09:58:00,11580.0,12017,ROUTE_NDLS_DDN_01,SYNTHETIC_SIMULATOR,OK,29.936197,78.121595,258.633,76.0,21.11,76.0,0.0,371.4,80,,278.85,SEC_RK_HW,,RK,HW,4.367,55.367,CRUISING,,,,,-83.9,,,GREEN,LOW,False,,False,,JRN_NDLS_DDN_01_20260902_161226,0.2257,0.0,0.4541,0.4541,1.0,NONE,NONE,,3.4,43.7,09:58:00,30.0,BASELINE_HISTORICAL_CALIBRATION,66.0,3.5
OBS_000388,09:58:30,11610.0,12017,ROUTE_NDLS_DDN_01,SYNTHETIC_SIMULATOR,OK,29.937576,78.125527,259.267,76.0,21.11,76.0,0.0,371.4,80,,260.6,SEC_RK_HW,,RK,HW,3.733,54.733,CRUISING,,,,,-84.08,,,GREEN,LOW,False,,False,,JRN_NDLS_DDN_01_20260902_161226,0.2257,0.0,0.4541,0.4541,1.0,NONE,NONE,,2.9,43.2,09:58:30,30.0,BASELINE_HISTORICAL_CALIBRATION,65.5,3.0
OBS_000389,09:59:00,11640.0,12017,ROUTE_NDLS_DDN_01,SYNTHETIC_SIMULATOR,OK,29.938954,78.129458,259.9,76.0,21.11,76.0,0.0,371.4,80,,240.96,SEC_RK_HW,,RK,HW,3.1,54.1,CRUISING,,,,,-84.26,,,GREEN,LOW,False,,False,,JRN_NDLS_DDN_01_20260902_161226,0.2257,0.0,0.4541,0.4541,1.0,NONE,NONE,,2.4,42.7,09:59:00,30.0,BASELINE_HISTORICAL_CALIBRATION,65.0,2.5
OBS_000390,09:59:30,11670.0,12017,ROUTE_NDLS_DDN_01,SYNTHETIC_SIMULATOR,OK,29.940332,78.133389,260.533,76.0,21.11,76.0,0.0,371.4,80,,219.57,SEC_RK_HW,,RK,HW,2.467,53.467,CRUISING,,,,,-84.44,,,GREEN,LOW,False,,False,,JRN_NDLS_DDN_01_20260902_161226,0.2257,0.0,0.4541,0.4541,1.0,NONE,NONE,,1.9,42.2,09:59:30,30.0,BASELINE_HISTORICAL_CALIBRATION,64.5,2.0
OBS_000391,10:00:00,11700.0,12017,ROUTE_NDLS_DDN_01,SYNTHETIC_SIMULATOR,OK,29.94171,78.13732,261.167,76.0,21.11,76.0,0.0,371.4,80,,195.86,SEC_RK_HW,,RK,HW,1.833,52.833,CRUISING,,,,,-84.62,,,GREEN,LOW,False,,False,,JRN_NDLS_DDN_01_20260902_161226,0.2483,0.0,0.4541,0.4541,1.0,NONE,NONE,,1.4,41.7,10:00:00,30.0,BASELINE_HISTORICAL_CALIBRATION,64.0,1.5
OBS_000392,10:00:30,11730.0,12017,ROUTE_NDLS_DDN_01,SYNTHETIC_SIMULATOR,OK,29.943089,78.141251,261.8,76.0,21.11,76.0,0.0,371.4,80,,168.85,SEC_RK_HW,,RK,HW,1.2,52.2,CRUISING,,,,,-84.8,,,GREEN,LOW,False,,False,,JRN_NDLS_DDN_01_20260902_161226,0.2483,0.0,0.4541,0.4541,1.0,NONE,NONE,,0.9,41.2,10:00:30,30.0,BASELINE_HISTORICAL_CALIBRATION,63.5,1.0
OBS_000393,10:01:00,11760.0,12017,ROUTE_NDLS_DDN_01,SYNTHETIC_SIMULATOR,OK,29.944467,78.145183,262.433,76.0,21.11,76.0,0.0,371.4,80,,136.61,SEC_RK_HW,,RK,HW,0.567,51.567,CRUISING,,,,,-84.98,,,GREEN,LOW,False,,False,,JRN_NDLS_DDN_01_20260902_161226,0.2483,0.0,0.4541,0.4541,1.0,NONE,NONE,,0.4,40.7,10:01:00,30.0,BASELINE_HISTORICAL_CALIBRATION,63.0,0.5
OBS_000394,10:01:30,11790.0,12017,ROUTE_NDLS_DDN_01,SYNTHETIC_SIMULATOR,OK,29.9457,78.1487,263.0,0.0,0.0,76.0,0.0,0.0,80,,93.88,SEC_RK_HW,HW,HW,DDN,51.0,51.0,DWELLING,ARRIVED,10:01:30,,,-85.16,,,GREEN,LOW,False,,False,,JRN_NDLS_DDN_01_20260902_161226,0.2483,0.0,0.4541,0.4541,1.0,NONE,NONE,,122.4,122.4,10:01:30,30.0,BASELINE_HISTORICAL_CALIBRATION,62.5,62.5
OBS_000395,10:02:00,11820.0,12017,ROUTE_NDLS_DDN_01,SYNTHETIC_SIMULATOR,OK,29.9457,78.1487,263.0,0.0,0.0,0.0,0.0,0.0,60,,0.0,SEC_HW_DDN,HW,HW,DDN,51.0,51.0,DWELLING,,,,,-85.26,,,GREEN,LOW,False,,False,,JRN_NDLS_DDN_01_20260902_161226,0.2483,0.0,0.4541,0.4541,1.0,NONE,NONE,,122.4,122.4,10:02:00,30.0,BASELINE_HISTORICAL_CALIBRATION,62.0,62.0
OBS_000396,10:02:30,11850.0,12017,ROUTE_NDLS_DDN_01,SYNTHETIC_SIMULATOR,OK,29.9457,78.1487,263.0,0.0,0.0,0.0,0.0,0.0,60,,0.0,SEC_HW_DDN,HW,HW,DDN,51.0,51.0,DWELLING,,,,,-84.76,,,GREEN,LOW,False,,False,,JRN_NDLS_DDN_01_20260902_161226,0.2483,0.0,0.4541,0.4541,1.0,NONE,NONE,,122.4,122.4,10:02:30,30.0,BASELINE_HISTORICAL_CALIBRATION,61.5,61.5
OBS_000397,10:03:00,11880.0,12017,ROUTE_NDLS_DDN_01,SYNTHETIC_SIMULATOR,OK,29.9457,78.1487,263.0,0.0,0.0,0.0,0.0,0.0,60,,0.0,SEC_HW_DDN,HW,HW,DDN,51.0,51.0,DWELLING,,,,,-84.26,,,GREEN,LOW,False,,False,,JRN_NDLS_DDN_01_20260902_161226,0.2483,0.0,0.4541,0.4541,1.0,NONE,NONE,,122.4,122.4,10:03:00,30.0,BASELINE_HISTORICAL_CALIBRATION,61.0,61.0
OBS_000398,10:03:30,11910.0,12017,ROUTE_NDLS_DDN_01,SYNTHETIC_SIMULATOR,OK,29.9457,78.1487,263.0,0.0,0.0,0.0,0.0,0.0,60,,0.0,SEC_HW_DDN,HW,HW,DDN,51.0,51.0,DWELLING,,,,,-83.76,,,GREEN,LOW,False,,False,,JRN_NDLS_DDN_01_20260902_161226,0.2483,0.0,0.4541,0.4541,1.0,NONE,NONE,,122.4,122.4,10:03:30,30.0,BASELINE_HISTORICAL_CALIBRATION,60.5,60.5
OBS_000399,10:04:00,11940.0,12017,ROUTE_NDLS_DDN_01,SYNTHETIC_SIMULATOR,OK,29.9457,78.1487,263.0,0.0,0.0,0.0,0.0,0.0,60,,0.0,SEC_HW_DDN,HW,HW,DDN,51.0,51.0,DWELLING,,,,,-83.26,,,GREEN,LOW,False,,False,,JRN_NDLS_DDN_01_20260902_161226,0.2483,0.0,0.4541,0.4541,1.0,NONE,NONE,,122.4,122.4,10:04:00,30.0,BASELINE_HISTORICAL_CALIBRATION,60.0,60.0
OBS_000400,10:04:30,11970.0,12017,ROUTE_NDLS_DDN_01,SYNTHETIC_SIMULATOR,OK,29.9457,78.1487,263.0,0.0,0.0,0.0,0.0,0.0,60,,0.0,SEC_HW_DDN,HW,HW,DDN,51.0,51.0,DWELLING,,,,,-82.76,,,GREEN,LOW,False,,False,,JRN_NDLS_DDN_01_20260902_161226,0.2483,0.0,0.4541,0.4541,1.0,NONE,NONE,,122.4,122.4,10:04:30,30.0,BASELINE_HISTORICAL_CALIBRATION,59.5,59.5
OBS_000401,10:05:00,12000.0,12017,ROUTE_NDLS_DDN_01,SYNTHETIC_SIMULATOR,OK,29.9457,78.1487,263.0,0.0,0.0,0.0,0.0,0.0,60,,0.0,SEC_HW_DDN,HW,HW,DDN,51.0,51.0,DWELLING,,,,,-82.26,,,GREEN,LOW,False,,False,,JRN_NDLS_DDN_01_20260902_161226,0.2483,0.0,0.4541,0.4541,1.0,NONE,NONE,,122.4,122.4,10:05:00,30.0,BASELINE_HISTORICAL_CALIBRATION,59.0,59.0
OBS_000402,10:05:30,12030.0,12017,ROUTE_NDLS_DDN_01,SYNTHETIC_SIMULATOR,OK,29.9457,78.1487,263.0,0.0,0.0,0.0,0.0,0.0,60,,0.0,SEC_HW_DDN,HW,HW,DDN,51.0,51.0,DWELLING,,,,,-81.76,,,GREEN,LOW,False,,False,,JRN_NDLS_DDN_01_20260902_161226,0.2483,0.0,0.4541,0.4541,1.0,NONE,NONE,,122.4,122.4,10:05:30,30.0,BASELINE_HISTORICAL_CALIBRATION,58.5,58.5
OBS_000403,10:06:00,12060.0,12017,ROUTE_NDLS_DDN_01,SYNTHETIC_SIMULATOR,OK,29.9457,78.1487,263.0,0.0,0.0,0.0,0.0,0.0,60,,0.0,SEC_HW_DDN,HW,HW,DDN,51.0,51.0,DWELLING,,,,,-81.26,,,GREEN,LOW,False,,False,,JRN_NDLS_DDN_01_20260902_161226,0.2483,0.0,0.4541,0.4541,1.0,NONE,NONE,,122.4,122.4,10:06:00,30.0,BASELINE_HISTORICAL_CALIBRATION,58.0,58.0
OBS_000404,10:06:30,12090.0,12017,ROUTE_NDLS_DDN_01,SYNTHETIC_SIMULATOR,OK,29.9457,78.1487,263.0,0.0,0.0,0.0,0.0,0.0,60,,0.0,SEC_HW_DDN,HW,HW,DDN,51.0,51.0,DWELLING,,,,,-80.76,,,GREEN,LOW,False,,False,,JRN_NDLS_DDN_01_20260902_161226,0.2483,0.0,0.4541,0.4541,1.0,NONE,NONE,,122.4,122.4,10:06:30,30.0,BASELINE_HISTORICAL_CALIBRATION,57.5,57.5
OBS_000405,10:07:00,12120.0,12017,ROUTE_NDLS_DDN_01,SYNTHETIC_SIMULATOR,OK,29.9457,78.1487,263.0,0.0,0.0,0.0,0.0,0.0,60,,0.0,SEC_HW_DDN,HW,HW,DDN,51.0,51.0,DWELLING,,,,,-80.26,,,GREEN,LOW,False,,False,,JRN_NDLS_DDN_01_20260902_161226,0.2483,0.0,0.4541,0.4541,1.0,NONE,NONE,,122.4,122.4,10:07:00,30.0,BASELINE_HISTORICAL_CALIBRATION,57.0,57.0
OBS_000406,10:07:30,12150.0,12017,ROUTE_NDLS_DDN_01,SYNTHETIC_SIMULATOR,OK,29.9457,78.1487,263.0,0.0,0.0,0.0,0.0,0.0,60,,0.0,SEC_HW_DDN,HW,HW,DDN,51.0,51.0,DWELLING,,,,,-79.76,,,GREEN,LOW,False,,False,,JRN_NDLS_DDN_01_20260902_161226,0.2483,0.0,0.4541,0.4541,1.0,NONE,NONE,,122.4,122.4,10:07:30,30.0,BASELINE_HISTORICAL_CALIBRATION,56.5,56.5
OBS_000407,10:08:00,12180.0,12017,ROUTE_NDLS_DDN_01,SYNTHETIC_SIMULATOR,OK,29.9457,78.1487,263.0,0.0,0.0,0.0,0.0,0.0,60,,0.0,SEC_HW_DDN,HW,HW,DDN,51.0,51.0,DWELLING,,,,,-79.26,,,GREEN,LOW,False,,False,,JRN_NDLS_DDN_01_20260902_161226,0.2483,0.0,0.4541,0.4541,1.0,NONE,NONE,,122.4,122.4,10:08:00,30.0,BASELINE_HISTORICAL_CALIBRATION,56.0,56.0
OBS_000408,10:08:30,12210.0,12017,ROUTE_NDLS_DDN_01,SYNTHETIC_SIMULATOR,OK,29.9457,78.1487,263.0,0.0,0.0,0.0,0.0,0.0,60,,0.0,SEC_HW_DDN,HW,HW,DDN,51.0,51.0,DWELLING,,,,,-78.76,,,GREEN,LOW,False,,False,,JRN_NDLS_DDN_01_20260902_161226,0.2483,0.0,0.4541,0.4541,1.0,NONE,NONE,,122.4,122.4,10:08:30,30.0,BASELINE_HISTORICAL_CALIBRATION,55.5,55.5
OBS_000409,10:09:00,12240.0,12017,ROUTE_NDLS_DDN_01,SYNTHETIC_SIMULATOR,OK,29.9457,78.1487,263.0,0.0,0.0,0.0,0.0,0.0,60,,0.0,SEC_HW_DDN,HW,HW,DDN,51.0,51.0,DWELLING,,,,,-78.26,,,GREEN,LOW,False,,False,,JRN_NDLS_DDN_01_20260902_161226,0.2483,0.0,0.4541,0.4541,1.0,NONE,NONE,,122.4,122.4,10:09:00,30.0,BASELINE_HISTORICAL_CALIBRATION,55.0,55.0
OBS_000410,10:09:30,12270.0,12017,ROUTE_NDLS_DDN_01,SYNTHETIC_SIMULATOR,OK,29.9457,78.1487,263.675,54.0,15.0,57.0,0.5,187.5,60,,890.59,SEC_HW_DDN,HW,HW,DDN,50.325,50.325,ACCELERATING,DEPARTED,,10:09:30,8,-77.76,,,GREEN,LOW,False,,False,,JRN_NDLS_DDN_01_20260902_161226,0.2483,0.0,0.4541,0.4541,1.0,NONE,NONE,,55.9,55.9,10:09:30,30.0,BASELINE_HISTORICAL_CALIBRATION,54.5,54.5
OBS_000411,10:10:00,12300.0,12017,ROUTE_NDLS_DDN_01,SYNTHETIC_SIMULATOR,OK,29.955675,78.145559,264.375,57.0,15.83,57.0,0.5,208.9,60,,884.68,SEC_HW_DDN,,HW,DDN,49.625,49.625,ACCELERATING,,,,,-77.99,,,GREEN,LOW,False,,False,,JRN_NDLS_DDN_01_20260902_161226,0.2483,0.0,0.4541,0.4541,1.0,NONE,NONE,,52.2,52.2,10:10:00,30.0,BASELINE_HISTORICAL_CALIBRATION,54.0,54.0
OBS_000412,10:10:30,12330.0,12017,ROUTE_NDLS_DDN_01,SYNTHETIC_SIMULATOR,OK,29.959122,78.144474,264.85,57.0,15.83,57.0,0.0,208.9,60,,878.5,SEC_HW_DDN,,HW,DDN,49.15,49.15,CRUISING,,,,,-78.24,,,GREEN,LOW,False,,False,,JRN_NDLS_DDN_01_20260902_161226,0.2483,0.0,0.4541,0.4541,1.0,NONE,NONE,,51.7,51.7,10:10:30,30.0,BASELINE_HISTORICAL_CALIBRATION,53.5,53.5
OBS_000413,10:11:00,12360.0,12017,ROUTE_NDLS_DDN_01,SYNTHETIC_SIMULATOR,OK,29.962568,78.143389,265.325,57.0,15.83,57.0,0.0,208.9,60,,874.29,SEC_HW_DDN,,HW,DDN,48.675,48.675,CRUISING,,,,,-78.25,,,GREEN,LOW,False,,False,,JRN_NDLS_DDN_01_20260902_161226,0.2483,0.0,0.4541,0.4541,1.0,NONE,NONE,,51.2,51.2,10:11:00,30.0,BASELINE_HISTORICAL_CALIBRATION,53.0,53.0
OBS_000414,10:11:30,12390.0,12017,ROUTE_NDLS_DDN_01,SYNTHETIC_SIMULATOR,OK,29.966014,78.142304,265.8,57.0,15.83,57.0,0.0,208.9,60,,870.05,SEC_HW_DDN,,HW,DDN,48.2,48.2,CRUISING,,,,,-78.26,,,GREEN,LOW,False,,False,,JRN_NDLS_DDN_01_20260902_161226,0.2483,0.0,0.4541,0.4541,1.0,NONE,NONE,,50.7,50.7,10:11:30,30.0,BASELINE_HISTORICAL_CALIBRATION,52.5,52.5
OBS_000415,10:12:00,12420.0,12017,ROUTE_NDLS_DDN_01,SYNTHETIC_SIMULATOR,OK,29.96946,78.141219,266.275,57.0,15.83,57.0,0.0,208.9,60,,865.8,SEC_HW_DDN,,HW,DDN,47.725,47.725,CRUISING,,,,,-78.27,,,GREEN,LOW,False,,False,,JRN_NDLS_DDN_01_20260902_161226,0.2483,0.0,0.4541,0.4541,1.0,NONE,NONE,,50.2,50.2,10:12:00,30.0,BASELINE_HISTORICAL_CALIBRATION,52.0,52.0
OBS_000416,10:12:30,12450.0,12017,ROUTE_NDLS_DDN_01,SYNTHETIC_SIMULATOR,OK,29.972906,78.140134,266.75,57.0,15.83,57.0,0.0,208.9,60,,861.52,SEC_HW_DDN,,HW,DDN,47.25,47.25,CRUISING,,,,,-78.28,,,GREEN,LOW,False,,False,,JRN_NDLS_DDN_01_20260902_161226,0.2483,0.0,0.4541,0.4541,1.0,NONE,NONE,,49.7,49.7,10:12:30,30.0,BASELINE_HISTORICAL_CALIBRATION,51.5,51.5
OBS_000417,10:13:00,12480.0,12017,ROUTE_NDLS_DDN_01,SYNTHETIC_SIMULATOR,OK,29.976352,78.139049,267.225,57.0,15.83,57.0,0.0,208.9,60,,857.22,SEC_HW_DDN,,HW,DDN,46.775,46.775,CRUISING,,,,,-78.29,,,GREEN,LOW,False,,False,,JRN_NDLS_DDN_01_20260902_161226,0.2483,0.0,0.4541,0.4541,1.0,NONE,NONE,,49.2,49.2,10:13:00,30.0,BASELINE_HISTORICAL_CALIBRATION,51.0,51.0
OBS_000418,10:13:30,12510.0,12017,ROUTE_NDLS_DDN_01,SYNTHETIC_SIMULATOR,OK,29.979798,78.137964,267.7,57.0,15.83,57.0,0.0,208.9,60,,852.9,SEC_HW_DDN,,HW,DDN,46.3,46.3,CRUISING,,,,,-78.3,,,GREEN,LOW,False,,False,,JRN_NDLS_DDN_01_20260902_161226,0.2483,0.0,0.4541,0.4541,1.0,NONE,NONE,,48.7,48.7,10:13:30,30.0,BASELINE_HISTORICAL_CALIBRATION,50.5,50.5
OBS_000419,10:14:00,12540.0,12017,ROUTE_NDLS_DDN_01,SYNTHETIC_SIMULATOR,OK,29.983244,78.136879,268.175,57.0,15.83,57.0,0.0,208.9,60,,848.56,SEC_HW_DDN,,HW,DDN,45.825,45.825,CRUISING,,,,,-78.31,,,GREEN,LOW,False,,False,,JRN_NDLS_DDN_01_20260902_161226,0.2483,0.0,0.4541,0.4541,1.0,NONE,NONE,,48.2,48.2,10:14:00,30.0,BASELINE_HISTORICAL_CALIBRATION,50.0,50.0
OBS_000420,10:14:30,12570.0,12017,ROUTE_NDLS_DDN_01,SYNTHETIC_SIMULATOR,OK,29.98669,78.135794,268.65,57.0,15.83,57.0,0.0,208.9,60,,844.2,SEC_HW_DDN,,HW,DDN,45.35,45.35,CRUISING,,,,,-78.32,,,GREEN,LOW,False,,False,,JRN_NDLS_DDN_01_20260902_161226,0.2483,0.0,0.4541,0.4541,1.0,NONE,NONE,,47.7,47.7,10:14:30,30.0,BASELINE_HISTORICAL_CALIBRATION,49.5,49.5
OBS_000421,10:15:00,12600.0,12017,ROUTE_NDLS_DDN_01,SYNTHETIC_SIMULATOR,OK,29.990136,78.134709,269.125,57.0,15.83,57.0,0.0,208.9,60,,839.81,SEC_HW_DDN,,HW,DDN,44.875,44.875,CRUISING,,,,,-78.33,,,GREEN,LOW,False,,False,,JRN_NDLS_DDN_01_20260902_161226,0.2483,0.0,0.4541,0.4541,1.0,NONE,NONE,,47.2,47.2,10:15:00,30.0,BASELINE_HISTORICAL_CALIBRATION,49.0,49.0
OBS_000422,10:15:30,12630.0,12017,ROUTE_NDLS_DDN_01,SYNTHETIC_SIMULATOR,OK,29.993582,78.133624,269.6,57.0,15.83,57.0,0.0,208.9,60,,835.4,SEC_HW_DDN,,HW,DDN,44.4,44.4,CRUISING,,,,,-78.34,,,GREEN,LOW,False,,False,,JRN_NDLS_DDN_01_20260902_161226,0.2483,0.0,0.4541,0.4541,1.0,NONE,NONE,,46.7,46.7,10:15:30,30.0,BASELINE_HISTORICAL_CALIBRATION,48.5,48.5
OBS_000423,10:16:00,12660.0,12017,ROUTE_NDLS_DDN_01,SYNTHETIC_SIMULATOR,OK,29.997028,78.132538,270.075,57.0,15.83,57.0,0.0,208.9,60,,830.97,SEC_HW_DDN,,HW,DDN,43.925,43.925,CRUISING,,,,,-78.35,,,GREEN,LOW,False,,False,,JRN_NDLS_DDN_01_20260902_161226,0.2483,0.0,0.4541,0.4541,1.0,NONE,NONE,,46.2,46.2,10:16:00,30.0,BASELINE_HISTORICAL_CALIBRATION,48.0,48.0
OBS_000424,10:16:30,12690.0,12017,ROUTE_NDLS_DDN_01,SYNTHETIC_SIMULATOR,OK,30.000475,78.131453,270.55,57.0,15.83,57.0,0.0,208.9,60,,826.51,SEC_HW_DDN,,HW,DDN,43.45,43.45,CRUISING,,,,,-78.36,,,GREEN,LOW,False,,False,,JRN_NDLS_DDN_01_20260902_161226,0.2483,0.0,0.4541,0.4541,1.0,NONE,NONE,,45.7,45.7,10:16:30,30.0,BASELINE_HISTORICAL_CALIBRATION,47.5,47.5
OBS_000425,10:17:00,12720.0,12017,ROUTE_NDLS_DDN_01,SYNTHETIC_SIMULATOR,OK,30.003921,78.130368,271.025,57.0,15.83,57.0,0.0,208.9,60,,822.03,SEC_HW_DDN,,HW,DDN,42.975,42.975,CRUISING,,,,,-78.37,,,GREEN,LOW,False,,False,,JRN_NDLS_DDN_01_20260902_161226,0.2483,0.0,0.4541,0.4541,1.0,NONE,NONE,,45.2,45.2,10:17:00,30.0,BASELINE_HISTORICAL_CALIBRATION,47.0,47.0
OBS_000426,10:17:30,12750.0,12017,ROUTE_NDLS_DDN_01,SYNTHETIC_SIMULATOR,OK,30.007367,78.129283,271.5,57.0,15.83,57.0,0.0,208.9,60,,817.53,SEC_HW_DDN,,HW,DDN,42.5,42.5,CRUISING,,,,,-78.38,,,GREEN,LOW,False,,False,,JRN_NDLS_DDN_01_20260902_161226,0.2483,0.0,0.4541,0.4541,1.0,NONE,NONE,,44.7,44.7,10:17:30,30.0,BASELINE_HISTORICAL_CALIBRATION,46.5,46.5
OBS_000427,10:18:00,12780.0,12017,ROUTE_NDLS_DDN_01,SYNTHETIC_SIMULATOR,OK,30.010813,78.128198,271.975,57.0,15.83,57.0,0.0,208.9,60,,812.99,SEC_HW_DDN,,HW,DDN,42.025,42.025,CRUISING,,,,,-78.39,,,GREEN,LOW,False,,False,,JRN_NDLS_DDN_01_20260902_161226,0.2483,0.0,0.4541,0.4541,1.0,NONE,NONE,,44.2,44.2,10:18:00,30.0,BASELINE_HISTORICAL_CALIBRATION,46.0,46.0
OBS_000428,10:18:30,12810.0,12017,ROUTE_NDLS_DDN_01,SYNTHETIC_SIMULATOR,OK,30.014259,78.127113,272.45,57.0,15.83,57.0,0.0,208.9,60,,808.44,SEC_HW_DDN,,HW,DDN,41.55,41.55,CRUISING,,,,,-78.4,,,GREEN,LOW,False,,False,,JRN_NDLS_DDN_01_20260902_161226,0.2483,0.0,0.4541,0.4541,1.0,NONE,NONE,,43.7,43.7,10:18:30,30.0,BASELINE_HISTORICAL_CALIBRATION,45.5,45.5
OBS_000429,10:19:00,12840.0,12017,ROUTE_NDLS_DDN_01,SYNTHETIC_SIMULATOR,OK,30.017705,78.126028,272.925,57.0,15.83,57.0,0.0,208.9,60,,803.86,SEC_HW_DDN,,HW,DDN,41.075,41.075,CRUISING,,,,,-78.41,,,GREEN,LOW,False,,False,,JRN_NDLS_DDN_01_20260902_161226,0.2483,0.0,0.4541,0.4541,1.0,NONE,NONE,,43.2,43.2,10:19:00,30.0,BASELINE_HISTORICAL_CALIBRATION,45.0,45.0
OBS_000430,10:19:30,12870.0,12017,ROUTE_NDLS_DDN_01,SYNTHETIC_SIMULATOR,OK,30.021151,78.124943,273.4,57.0,15.83,57.0,0.0,208.9,60,,799.25,SEC_HW_DDN,,HW,DDN,40.6,40.6,CRUISING,,,,,-78.42,,,GREEN,LOW,False,,False,,JRN_NDLS_DDN_01_20260902_161226,0.2483,0.0,0.4541,0.4541,1.0,NONE,NONE,,42.7,42.7,10:19:30,30.0,BASELINE_HISTORICAL_CALIBRATION,44.5,44.5
OBS_000431,10:20:00,12900.0,12017,ROUTE_NDLS_DDN_01,SYNTHETIC_SIMULATOR,OK,30.024597,78.123858,273.875,57.0,15.83,57.0,0.0,208.9,60,,794.61,SEC_HW_DDN,,HW,DDN,40.125,40.125,CRUISING,,,,,-78.43,,,GREEN,LOW,False,,False,,JRN_NDLS_DDN_01_20260902_161226,0.2483,0.0,0.4541,0.4541,1.0,NONE,NONE,,42.2,42.2,10:20:00,30.0,BASELINE_HISTORICAL_CALIBRATION,44.0,44.0
OBS_000432,10:20:30,12930.0,12017,ROUTE_NDLS_DDN_01,SYNTHETIC_SIMULATOR,OK,30.028043,78.122773,274.35,57.0,15.83,57.0,0.0,208.9,60,,789.95,SEC_HW_DDN,,HW,DDN,39.65,39.65,CRUISING,,,,,-78.44,,,GREEN,LOW,False,,False,,JRN_NDLS_DDN_01_20260902_161226,0.2483,0.0,0.4541,0.4541,1.0,NONE,NONE,,41.7,41.7,10:20:30,30.0,BASELINE_HISTORICAL_CALIBRATION,43.5,43.5
OBS_000433,10:21:00,12960.0,12017,ROUTE_NDLS_DDN_01,SYNTHETIC_SIMULATOR,OK,30.031489,78.121688,274.825,57.0,15.83,57.0,0.0,208.9,60,,785.26,SEC_HW_DDN,,HW,DDN,39.175,39.175,CRUISING,,,,,-78.45,,,GREEN,LOW,False,,False,,JRN_NDLS_DDN_01_20260902_161226,0.2483,0.0,0.4541,0.4541,1.0,NONE,NONE,,41.2,41.2,10:21:00,30.0,BASELINE_HISTORICAL_CALIBRATION,43.0,43.0
OBS_000434,10:21:30,12990.0,12017,ROUTE_NDLS_DDN_01,SYNTHETIC_SIMULATOR,OK,30.034935,78.120603,275.3,57.0,15.83,57.0,0.0,208.9,60,,780.54,SEC_HW_DDN,,HW,DDN,38.7,38.7,CRUISING,,,,,-78.46,,,GREEN,LOW,False,,False,,JRN_NDLS_DDN_01_20260902_161226,0.2483,0.0,0.4541,0.4541,1.0,NONE,NONE,,40.7,40.7,10:21:30,30.0,BASELINE_HISTORICAL_CALIBRATION,42.5,42.5
OBS_000435,10:22:00,13020.0,12017,ROUTE_NDLS_DDN_01,SYNTHETIC_SIMULATOR,OK,30.038381,78.119518,275.775,57.0,15.83,57.0,0.0,208.9,60,,775.8,SEC_HW_DDN,,HW,DDN,38.225,38.225,CRUISING,,,,,-78.47,,,GREEN,LOW,False,,False,,JRN_NDLS_DDN_01_20260902_161226,0.2483,0.0,0.4541,0.4541,1.0,NONE,NONE,,40.2,40.2,10:22:00,30.0,BASELINE_HISTORICAL_CALIBRATION,42.0,42.0
OBS_000436,10:22:30,13050.0,12017,ROUTE_NDLS_DDN_01,SYNTHETIC_SIMULATOR,OK,30.041827,78.118433,276.25,57.0,15.83,57.0,0.0,208.9,60,,771.02,SEC_HW_DDN,,HW,DDN,37.75,37.75,CRUISING,,,,,-78.48,,,GREEN,LOW,False,,False,,JRN_NDLS_DDN_01_20260902_161226,0.2483,0.0,0.4541,0.4541,1.0,NONE,NONE,,39.7,39.7,10:22:30,30.0,BASELINE_HISTORICAL_CALIBRATION,41.5,41.5
OBS_000437,10:23:00,13080.0,12017,ROUTE_NDLS_DDN_01,SYNTHETIC_SIMULATOR,OK,30.045274,78.117348,276.725,57.0,15.83,57.0,0.0,208.9,60,,766.22,SEC_HW_DDN,,HW,DDN,37.275,37.275,CRUISING,,,,,-78.48,,,GREEN,LOW,False,,False,,JRN_NDLS_DDN_01_20260902_161226,0.2483,0.0,0.4541,0.4541,1.0,NONE,NONE,,39.2,39.2,10:23:00,30.0,BASELINE_HISTORICAL_CALIBRATION,41.0,41.0
OBS_000438,10:23:30,13110.0,12017,ROUTE_NDLS_DDN_01,SYNTHETIC_SIMULATOR,OK,30.04872,78.116263,277.2,57.0,15.83,57.0,0.0,208.9,60,,761.38,SEC_HW_DDN,,HW,DDN,36.8,36.8,CRUISING,,,,,-78.49,,,GREEN,LOW,False,,False,,JRN_NDLS_DDN_01_20260902_161226,0.2483,0.0,0.4541,0.4541,1.0,NONE,NONE,,38.7,38.7,10:23:30,30.0,BASELINE_HISTORICAL_CALIBRATION,40.5,40.5
OBS_000439,10:24:00,13140.0,12017,ROUTE_NDLS_DDN_01,SYNTHETIC_SIMULATOR,OK,30.052166,78.115178,277.675,57.0,15.83,57.0,0.0,208.9,60,,756.51,SEC_HW_DDN,,HW,DDN,36.325,36.325,CRUISING,,,,,-78.5,,,GREEN,LOW,False,,False,,JRN_NDLS_DDN_01_20260902_161226,0.2483,0.0,0.4541,0.4541,1.0,NONE,NONE,,38.2,38.2,10:24:00,30.0,BASELINE_HISTORICAL_CALIBRATION,40.0,40.0
OBS_000440,10:24:30,13170.0,12017,ROUTE_NDLS_DDN_01,SYNTHETIC_SIMULATOR,OK,30.055612,78.114093,278.15,57.0,15.83,57.0,0.0,208.9,60,,751.62,SEC_HW_DDN,,HW,DDN,35.85,35.85,CRUISING,,,,,-78.51,,,GREEN,LOW,False,,False,,JRN_NDLS_DDN_01_20260902_161226,0.2483,0.0,0.4541,0.4541,1.0,NONE,NONE,,37.7,37.7,10:24:30,30.0,BASELINE_HISTORICAL_CALIBRATION,39.5,39.5
OBS_000441,10:25:00,13200.0,12017,ROUTE_NDLS_DDN_01,SYNTHETIC_SIMULATOR,OK,30.059058,78.113008,278.625,57.0,15.83,57.0,0.0,208.9,60,,746.69,SEC_HW_DDN,,HW,DDN,35.375,35.375,CRUISING,,,,,-78.52,,,GREEN,LOW,False,,False,,JRN_NDLS_DDN_01_20260902_161226,0.2483,0.0,0.4541,0.4541,1.0,NONE,NONE,,37.2,37.2,10:25:00,30.0,BASELINE_HISTORICAL_CALIBRATION,39.0,39.0
OBS_000442,10:25:30,13230.0,12017,ROUTE_NDLS_DDN_01,SYNTHETIC_SIMULATOR,OK,30.062504,78.111923,279.1,57.0,15.83,57.0,0.0,208.9,60,,741.72,SEC_HW_DDN,,HW,DDN,34.9,34.9,CRUISING,,,,,-78.53,,,GREEN,LOW,False,,False,,JRN_NDLS_DDN_01_20260902_161226,0.2483,0.0,0.4541,0.4541,1.0,NONE,NONE,,36.7,36.7,10:25:30,30.0,BASELINE_HISTORICAL_CALIBRATION,38.5,38.5
OBS_000443,10:26:00,13260.0,12017,ROUTE_NDLS_DDN_01,SYNTHETIC_SIMULATOR,OK,30.06595,78.110838,279.575,57.0,15.83,57.0,0.0,208.9,60,,736.73,SEC_HW_DDN,,HW,DDN,34.425,34.425,CRUISING,,,,,-78.54,,,GREEN,LOW,False,,False,,JRN_NDLS_DDN_01_20260902_161226,0.2483,0.0,0.4541,0.4541,1.0,NONE,NONE,,36.2,36.2,10:26:00,30.0,BASELINE_HISTORICAL_CALIBRATION,38.0,38.0
OBS_000444,10:26:30,13290.0,12017,ROUTE_NDLS_DDN_01,SYNTHETIC_SIMULATOR,OK,30.069396,78.109752,280.05,57.0,15.83,57.0,0.0,208.9,60,,731.7,SEC_HW_DDN,,HW,DDN,33.95,33.95,CRUISING,,,,,-78.55,,,GREEN,LOW,False,,False,,JRN_NDLS_DDN_01_20260902_161226,0.2483,0.0,0.4541,0.4541,1.0,NONE,NONE,,35.7,35.7,10:26:30,30.0,BASELINE_HISTORICAL_CALIBRATION,37.5,37.5
OBS_000445,10:27:00,13320.0,12017,ROUTE_NDLS_DDN_01,SYNTHETIC_SIMULATOR,OK,30.072842,78.108667,280.525,57.0,15.83,57.0,0.0,208.9,60,,726.63,SEC_HW_DDN,,HW,DDN,33.475,33.475,CRUISING,,,,,-78.56,,,GREEN,LOW,False,,False,,JRN_NDLS_DDN_01_20260902_161226,0.2483,0.0,0.4541,0.4541,1.0,NONE,NONE,,35.2,35.2,10:27:00,30.0,BASELINE_HISTORICAL_CALIBRATION,37.0,37.0
OBS_000446,10:27:30,13350.0,12017,ROUTE_NDLS_DDN_01,SYNTHETIC_SIMULATOR,OK,30.076288,78.107582,281.0,57.0,15.83,57.0,0.0,208.9,60,,721.53,SEC_HW_DDN,,HW,DDN,33.0,33.0,CRUISING,,,,,-78.57,,,GREEN,LOW,False,,False,,JRN_NDLS_DDN_01_20260902_161226,0.2483,0.0,0.4541,0.4541,1.0,NONE,NONE,,34.7,34.7,10:27:30,30.0,BASELINE_HISTORICAL_CALIBRATION,36.5,36.5
OBS_000447,10:28:00,13380.0,12017,ROUTE_NDLS_DDN_01,SYNTHETIC_SIMULATOR,OK,30.079734,78.106497,281.475,57.0,15.83,57.0,0.0,208.9,60,,716.39,SEC_HW_DDN,,HW,DDN,32.525,32.525,CRUISING,,,,,-78.58,,,GREEN,LOW,False,,False,,JRN_NDLS_DDN_01_20260902_161226,0.2483,0.0,0.4541,0.4541,1.0,NONE,NONE,,34.2,34.2,10:28:00,30.0,BASELINE_HISTORICAL_CALIBRATION,36.0,36.0
OBS_000448,10:28:30,13410.0,12017,ROUTE_NDLS_DDN_01,SYNTHETIC_SIMULATOR,OK,30.08318,78.105412,281.95,57.0,15.83,57.0,0.0,208.9,60,,711.22,SEC_HW_DDN,,HW,DDN,32.05,32.05,CRUISING,,,,,-78.59,,,GREEN,LOW,False,,False,,JRN_NDLS_DDN_01_20260902_161226,0.2483,0.0,0.4541,0.4541,1.0,NONE,NONE,,33.7,33.7,10:28:30,30.0,BASELINE_HISTORICAL_CALIBRATION,35.5,35.5
OBS_000449,10:29:00,13440.0,12017,ROUTE_NDLS_DDN_01,SYNTHETIC_SIMULATOR,OK,30.086626,78.104327,282.425,57.0,15.83,57.0,0.0,208.9,60,,706.0,SEC_HW_DDN,,HW,DDN,31.575,31.575,CRUISING,,,,,-78.6,,,GREEN,LOW,False,,False,,JRN_NDLS_DDN_01_20260902_161226,0.2483,0.0,0.4541,0.4541,1.0,NONE,NONE,,33.2,33.2,10:29:00,30.0,BASELINE_HISTORICAL_CALIBRATION,35.0,35.0
OBS_000450,10:29:30,13470.0,12017,ROUTE_NDLS_DDN_01,SYNTHETIC_SIMULATOR,OK,30.090073,78.103242,282.9,57.0,15.83,57.0,0.0,208.9,60,,700.75,SEC_HW_DDN,,HW,DDN,31.1,31.1,CRUISING,,,,,-78.61,,,GREEN,LOW,False,,False,,JRN_NDLS_DDN_01_20260902_161226,0.2483,0.0,0.4541,0.4541,1.0,NONE,NONE,,32.7,32.7,10:29:30,30.0,BASELINE_HISTORICAL_CALIBRATION,34.5,34.5
OBS_000451,10:30:00,13500.0,12017,ROUTE_NDLS_DDN_01,SYNTHETIC_SIMULATOR,OK,30.093519,78.102157,283.375,57.0,15.83,57.0,0.0,208.9,60,,695.46,SEC_HW_DDN,,HW,DDN,30.625,30.625,CRUISING,,,,,-78.62,,,GREEN,LOW,False,,False,,JRN_NDLS_DDN_01_20260902_161226,0.2483,0.0,0.4541,0.4541,1.0,NONE,NONE,,32.2,32.2,10:30:00,30.0,BASELINE_HISTORICAL_CALIBRATION,34.0,34.0
OBS_000452,10:30:30,13530.0,12017,ROUTE_NDLS_DDN_01,SYNTHETIC_SIMULATOR,OK,30.096965,78.101072,283.85,57.0,15.83,57.0,0.0,208.9,60,,690.13,SEC_HW_DDN,,HW,DDN,30.15,30.15,CRUISING,,,,,-78.63,,,GREEN,LOW,False,,False,,JRN_NDLS_DDN_01_20260902_161226,0.2483,0.0,0.4541,0.4541,1.0,NONE,NONE,,31.7,31.7,10:30:30,30.0,BASELINE_HISTORICAL_CALIBRATION,33.5,33.5
OBS_000453,10:31:00,13560.0,12017,ROUTE_NDLS_DDN_01,SYNTHETIC_SIMULATOR,OK,30.100411,78.099987,284.325,57.0,15.83,57.0,0.0,208.9,60,,684.76,SEC_HW_DDN,,HW,DDN,29.675,29.675,CRUISING,,,,,-78.64,,,GREEN,LOW,False,,False,,JRN_NDLS_DDN_01_20260902_161226,0.2483,0.0,0.4541,0.4541,1.0,NONE,NONE,,31.2,31.2,10:31:00,30.0,BASELINE_HISTORICAL_CALIBRATION,33.0,33.0
OBS_000454,10:31:30,13590.0,12017,ROUTE_NDLS_DDN_01,SYNTHETIC_SIMULATOR,OK,30.103857,78.098902,284.8,57.0,15.83,57.0,0.0,208.9,60,,679.34,SEC_HW_DDN,,HW,DDN,29.2,29.2,CRUISING,,,,,-78.65,,,GREEN,LOW,False,,False,,JRN_NDLS_DDN_01_20260902_161226,0.2483,0.0,0.4541,0.4541,1.0,NONE,NONE,,30.7,30.7,10:31:30,30.0,BASELINE_HISTORICAL_CALIBRATION,32.5,32.5
OBS_000455,10:32:00,13620.0,12017,ROUTE_NDLS_DDN_01,SYNTHETIC_SIMULATOR,OK,30.107303,78.097817,285.275,57.0,15.83,57.0,0.0,208.9,60,,673.88,SEC_HW_DDN,,HW,DDN,28.725,28.725,CRUISING,,,,,-78.66,,,GREEN,LOW,False,,False,,JRN_NDLS_DDN_01_20260902_161226,0.2483,0.0,0.4541,0.4541,1.0,NONE,NONE,,30.2,30.2,10:32:00,30.0,BASELINE_HISTORICAL_CALIBRATION,32.0,32.0
OBS_000456,10:32:30,13650.0,12017,ROUTE_NDLS_DDN_01,SYNTHETIC_SIMULATOR,OK,30.110749,78.096732,285.75,57.0,15.83,57.0,0.0,208.9,60,,668.38,SEC_HW_DDN,,HW,DDN,28.25,28.25,CRUISING,,,,,-78.67,,,GREEN,LOW,False,,False,,JRN_NDLS_DDN_01_20260902_161226,0.2483,0.0,0.4541,0.4541,1.0,NONE,NONE,,29.7,29.7,10:32:30,30.0,BASELINE_HISTORICAL_CALIBRATION,31.5,31.5
OBS_000457,10:33:00,13680.0,12017,ROUTE_NDLS_DDN_01,SYNTHETIC_SIMULATOR,OK,30.114195,78.095647,286.225,57.0,15.83,57.0,0.0,208.9,60,,662.83,SEC_HW_DDN,,HW,DDN,27.775,27.775,CRUISING,,,,,-78.68,,,GREEN,LOW,False,,False,,JRN_NDLS_DDN_01_20260902_161226,0.2483,0.0,0.4541,0.4541,1.0,NONE,NONE,,29.2,29.2,10:33:00,30.0,BASELINE_HISTORICAL_CALIBRATION,31.0,31.0
OBS_000458,10:33:30,13710.0,12017,ROUTE_NDLS_DDN_01,SYNTHETIC_SIMULATOR,OK,30.117641,78.094562,286.7,57.0,15.83,57.0,0.0,208.9,60,,657.23,SEC_HW_DDN,,HW,DDN,27.3,27.3,CRUISING,,,,,-78.69,,,GREEN,LOW,False,,False,,JRN_NDLS_DDN_01_20260902_161226,0.2483,0.0,0.4541,0.4541,1.0,NONE,NONE,,28.7,28.7,10:33:30,30.0,BASELINE_HISTORICAL_CALIBRATION,30.5,30.5
OBS_000459,10:34:00,13740.0,12017,ROUTE_NDLS_DDN_01,SYNTHETIC_SIMULATOR,OK,30.121087,78.093477,287.175,57.0,15.83,57.0,0.0,208.9,60,,651.59,SEC_HW_DDN,,HW,DDN,26.825,26.825,CRUISING,,,,,-78.7,,,GREEN,LOW,False,,False,,JRN_NDLS_DDN_01_20260902_161226,0.2483,0.0,0.4541,0.4541,1.0,NONE,NONE,,28.2,28.2,10:34:00,30.0,BASELINE_HISTORICAL_CALIBRATION,30.0,30.0
OBS_000460,10:34:30,13770.0,12017,ROUTE_NDLS_DDN_01,SYNTHETIC_SIMULATOR,OK,30.124533,78.092392,287.65,57.0,15.83,57.0,0.0,208.9,60,,645.9,SEC_HW_DDN,,HW,DDN,26.35,26.35,CRUISING,,,,,-78.71,,,GREEN,LOW,False,,False,,JRN_NDLS_DDN_01_20260902_161226,0.2483,0.0,0.4541,0.4541,1.0,NONE,NONE,,27.7,27.7,10:34:30,30.0,BASELINE_HISTORICAL_CALIBRATION,29.5,29.5
OBS_000461,10:35:00,13800.0,12017,ROUTE_NDLS_DDN_01,SYNTHETIC_SIMULATOR,OK,30.127979,78.091307,288.125,57.0,15.83,57.0,0.0,208.9,60,,640.15,SEC_HW_DDN,,HW,DDN,25.875,25.875,CRUISING,,,,,-78.72,,,GREEN,LOW,False,,False,,JRN_NDLS_DDN_01_20260902_161226,0.2483,0.0,0.4541,0.4541,1.0,NONE,NONE,,27.2,27.2,10:35:00,30.0,BASELINE_HISTORICAL_CALIBRATION,29.0,29.0
OBS_000462,10:35:30,13830.0,12017,ROUTE_NDLS_DDN_01,SYNTHETIC_SIMULATOR,OK,30.131425,78.090222,288.6,57.0,15.83,57.0,0.0,208.9,60,,634.36,SEC_HW_DDN,,HW,DDN,25.4,25.4,CRUISING,,,,,-78.73,,,GREEN,LOW,False,,False,,JRN_NDLS_DDN_01_20260902_161226,0.2483,0.0,0.4541,0.4541,1.0,NONE,NONE,,26.7,26.7,10:35:30,30.0,BASELINE_HISTORICAL_CALIBRATION,28.5,28.5
OBS_000463,10:36:00,13860.0,12017,ROUTE_NDLS_DDN_01,SYNTHETIC_SIMULATOR,OK,30.134872,78.089137,289.075,57.0,15.83,57.0,0.0,208.9,60,,628.51,SEC_HW_DDN,,HW,DDN,24.925,24.925,CRUISING,,,,,-78.74,,,GREEN,LOW,False,,False,,JRN_NDLS_DDN_01_20260902_161226,0.2483,0.0,0.4541,0.4541,1.0,NONE,NONE,,26.2,26.2,10:36:00,30.0,BASELINE_HISTORICAL_CALIBRATION,28.0,28.0
OBS_000464,10:36:30,13890.0,12017,ROUTE_NDLS_DDN_01,SYNTHETIC_SIMULATOR,OK,30.138318,78.088051,289.55,57.0,15.83,57.0,0.0,208.9,60,,622.6,SEC_HW_DDN,,HW,DDN,24.45,24.45,CRUISING,,,,,-78.75,,,GREEN,LOW,False,,False,,JRN_NDLS_DDN_01_20260902_161226,0.2483,0.0,0.4541,0.4541,1.0,NONE,NONE,,25.7,25.7,10:36:30,30.0,BASELINE_HISTORICAL_CALIBRATION,27.5,27.5
OBS_000465,10:37:00,13920.0,12017,ROUTE_NDLS_DDN_01,SYNTHETIC_SIMULATOR,OK,30.141764,78.086966,290.025,57.0,15.83,57.0,0.0,208.9,60,,616.64,SEC_HW_DDN,,HW,DDN,23.975,23.975,CRUISING,,,,,-78.76,,,GREEN,LOW,False,,False,,JRN_NDLS_DDN_01_20260902_161226,0.2483,0.0,0.4541,0.4541,1.0,NONE,NONE,,25.2,25.2,10:37:00,30.0,BASELINE_HISTORICAL_CALIBRATION,27.0,27.0
OBS_000466,10:37:30,13950.0,12017,ROUTE_NDLS_DDN_01,SYNTHETIC_SIMULATOR,OK,30.14521,78.085881,290.5,57.0,15.83,57.0,0.0,208.9,60,,610.62,SEC_HW_DDN,,HW,DDN,23.5,23.5,CRUISING,,,,,-78.77,,,GREEN,LOW,False,,False,,JRN_NDLS_DDN_01_20260902_161226,0.2483,0.0,0.4541,0.4541,1.0,NONE,NONE,,24.7,24.7,10:37:30,30.0,BASELINE_HISTORICAL_CALIBRATION,26.5,26.5
OBS_000467,10:38:00,13980.0,12017,ROUTE_NDLS_DDN_01,SYNTHETIC_SIMULATOR,OK,30.148656,78.084796,290.975,57.0,15.83,57.0,0.0,208.9,60,,604.54,SEC_HW_DDN,,HW,DDN,23.025,23.025,CRUISING,,,,,-78.78,,,GREEN,LOW,False,,False,,JRN_NDLS_DDN_01_20260902_161226,0.2483,0.0,0.4541,0.4541,1.0,NONE,NONE,,24.2,24.2,10:38:00,30.0,BASELINE_HISTORICAL_CALIBRATION,26.0,26.0
OBS_000468,10:38:30,14010.0,12017,ROUTE_NDLS_DDN_01,SYNTHETIC_SIMULATOR,OK,30.152102,78.083711,291.45,57.0,15.83,57.0,0.0,208.9,60,,598.4,SEC_HW_DDN,,HW,DDN,22.55,22.55,CRUISING,,,,,-78.79,,,GREEN,LOW,False,,False,,JRN_NDLS_DDN_01_20260902_161226,0.2483,0.0,0.4541,0.4541,1.0,NONE,NONE,,23.7,23.7,10:38:30,30.0,BASELINE_HISTORICAL_CALIBRATION,25.5,25.5
OBS_000469,10:39:00,14040.0,12017,ROUTE_NDLS_DDN_01,SYNTHETIC_SIMULATOR,OK,30.155548,78.082626,291.925,57.0,15.83,57.0,0.0,208.9,60,,592.2,SEC_HW_DDN,,HW,DDN,22.075,22.075,CRUISING,,,,,-78.8,,,GREEN,LOW,False,,False,,JRN_NDLS_DDN_01_20260902_161226,0.2483,0.0,0.4541,0.4541,1.0,NONE,NONE,,23.2,23.2,10:39:00,30.0,BASELINE_HISTORICAL_CALIBRATION,25.0,25.0
OBS_000470,10:39:30,14070.0,12017,ROUTE_NDLS_DDN_01,SYNTHETIC_SIMULATOR,OK,30.158994,78.081541,292.4,57.0,15.83,57.0,0.0,208.9,60,,585.93,SEC_HW_DDN,,HW,DDN,21.6,21.6,CRUISING,,,,,-78.81,,,GREEN,LOW,False,,False,,JRN_NDLS_DDN_01_20260902_161226,0.2483,0.0,0.4541,0.4541,1.0,NONE,NONE,,22.7,22.7,10:39:30,30.0,BASELINE_HISTORICAL_CALIBRATION,24.5,24.5
OBS_000471,10:40:00,14100.0,12017,ROUTE_NDLS_DDN_01,SYNTHETIC_SIMULATOR,OK,30.16244,78.080456,292.875,57.0,15.83,57.0,0.0,208.9,60,,579.59,SEC_HW_DDN,,HW,DDN,21.125,21.125,CRUISING,,,,,-78.82,,,GREEN,LOW,False,,False,,JRN_NDLS_DDN_01_20260902_161226,0.2483,0.0,0.4541,0.4541,1.0,NONE,NONE,,22.2,22.2,10:40:00,30.0,BASELINE_HISTORICAL_CALIBRATION,24.0,24.0
OBS_000472,10:40:30,14130.0,12017,ROUTE_NDLS_DDN_01,SYNTHETIC_SIMULATOR,OK,30.165886,78.079371,293.35,57.0,15.83,57.0,0.0,208.9,60,,573.18,SEC_HW_DDN,,HW,DDN,20.65,20.65,CRUISING,,,,,-78.83,,,GREEN,LOW,False,,False,,JRN_NDLS_DDN_01_20260902_161226,0.2483,0.0,0.4541,0.4541,1.0,NONE,NONE,,21.7,21.7,10:40:30,30.0,BASELINE_HISTORICAL_CALIBRATION,23.5,23.5
OBS_000473,10:41:00,14160.0,12017,ROUTE_NDLS_DDN_01,SYNTHETIC_SIMULATOR,OK,30.169332,78.078286,293.825,57.0,15.83,57.0,0.0,208.9,60,,566.7,SEC_HW_DDN,,HW,DDN,20.175,20.175,CRUISING,,,,,-78.84,,,GREEN,LOW,False,,False,,JRN_NDLS_DDN_01_20260902_161226,0.2483,0.0,0.4541,0.4541,1.0,NONE,NONE,,21.2,21.2,10:41:00,30.0,BASELINE_HISTORICAL_CALIBRATION,23.0,23.0
OBS_000474,10:41:30,14190.0,12017,ROUTE_NDLS_DDN_01,SYNTHETIC_SIMULATOR,OK,30.172778,78.077201,294.3,57.0,15.83,57.0,0.0,208.9,60,,560.14,SEC_HW_DDN,,HW,DDN,19.7,19.7,CRUISING,,,,,-78.85,,,GREEN,LOW,False,,False,,JRN_NDLS_DDN_01_20260902_161226,0.2483,0.0,0.4541,0.4541,1.0,NONE,NONE,,20.7,20.7,10:41:30,30.0,BASELINE_HISTORICAL_CALIBRATION,22.5,22.5
OBS_000475,10:42:00,14220.0,12017,ROUTE_NDLS_DDN_01,SYNTHETIC_SIMULATOR,OK,30.176225,78.076116,294.775,57.0,15.83,57.0,0.0,208.9,60,,553.51,SEC_HW_DDN,,HW,DDN,19.225,19.225,CRUISING,,,,,-78.86,,,GREEN,LOW,False,,False,,JRN_NDLS_DDN_01_20260902_161226,0.2483,0.0,0.4541,0.4541,1.0,NONE,NONE,,20.2,20.2,10:42:00,30.0,BASELINE_HISTORICAL_CALIBRATION,22.0,22.0
OBS_000476,10:42:30,14250.0,12017,ROUTE_NDLS_DDN_01,SYNTHETIC_SIMULATOR,OK,30.179671,78.075031,295.25,57.0,15.83,57.0,0.0,208.9,60,,546.8,SEC_HW_DDN,,HW,DDN,18.75,18.75,CRUISING,,,,,-78.87,,,GREEN,LOW,False,,False,,JRN_NDLS_DDN_01_20260902_161226,0.2483,0.0,0.4541,0.4541,1.0,NONE,NONE,,19.7,19.7,10:42:30,30.0,BASELINE_HISTORICAL_CALIBRATION,21.5,21.5
OBS_000477,10:43:00,14280.0,12017,ROUTE_NDLS_DDN_01,SYNTHETIC_SIMULATOR,OK,30.183117,78.073946,295.725,57.0,15.83,57.0,0.0,208.9,60,,540.0,SEC_HW_DDN,,HW,DDN,18.275,18.275,CRUISING,,,,,-78.88,,,GREEN,LOW,False,,False,,JRN_NDLS_DDN_01_20260902_161226,0.2483,0.0,0.4541,0.4541,1.0,NONE,NONE,,19.2,19.2,10:43:00,30.0,BASELINE_HISTORICAL_CALIBRATION,21.0,21.0
OBS_000478,10:43:30,14310.0,12017,ROUTE_NDLS_DDN_01,SYNTHETIC_SIMULATOR,OK,30.186563,78.072861,296.2,57.0,15.83,57.0,0.0,208.9,60,,533.12,SEC_HW_DDN,,HW,DDN,17.8,17.8,CRUISING,,,,,-78.89,,,GREEN,LOW,False,,False,,JRN_NDLS_DDN_01_20260902_161226,0.2483,0.0,0.4541,0.4541,1.0,NONE,NONE,,18.7,18.7,10:43:30,30.0,BASELINE_HISTORICAL_CALIBRATION,20.5,20.5
OBS_000479,10:44:00,14340.0,12017,ROUTE_NDLS_DDN_01,SYNTHETIC_SIMULATOR,OK,30.190009,78.071776,296.675,57.0,15.83,57.0,0.0,208.9,60,,526.14,SEC_HW_DDN,,HW,DDN,17.325,17.325,CRUISING,,,,,-78.9,,,GREEN,LOW,False,,False,,JRN_NDLS_DDN_01_20260902_161226,0.2483,0.0,0.4541,0.4541,1.0,NONE,NONE,,18.2,18.2,10:44:00,30.0,BASELINE_HISTORICAL_CALIBRATION,20.0,20.0
OBS_000480,10:44:30,14370.0,12017,ROUTE_NDLS_DDN_01,SYNTHETIC_SIMULATOR,OK,30.193455,78.070691,297.15,57.0,15.83,57.0,0.0,208.9,60,,519.07,SEC_HW_DDN,,HW,DDN,16.85,16.85,CRUISING,,,,,-78.91,,,GREEN,LOW,False,,False,,JRN_NDLS_DDN_01_20260902_161226,0.2483,0.0,0.4541,0.4541,1.0,NONE,NONE,,17.7,17.7,10:44:30,30.0,BASELINE_HISTORICAL_CALIBRATION,19.5,19.5
OBS_000481,10:45:00,14400.0,12017,ROUTE_NDLS_DDN_01,SYNTHETIC_SIMULATOR,OK,30.196901,78.069606,297.625,57.0,15.83,57.0,0.0,208.9,60,,511.91,SEC_HW_DDN,,HW,DDN,16.375,16.375,CRUISING,,,,,-78.92,,,GREEN,LOW,False,,False,,JRN_NDLS_DDN_01_20260902_161226,0.2483,0.0,0.4541,0.4541,1.0,NONE,NONE,,17.2,17.2,10:45:00,30.0,BASELINE_HISTORICAL_CALIBRATION,19.0,19.0
OBS_000482,10:45:30,14430.0,12017,ROUTE_NDLS_DDN_01,SYNTHETIC_SIMULATOR,OK,30.200347,78.068521,298.1,57.0,15.83,57.0,0.0,208.9,60,,504.64,SEC_HW_DDN,,HW,DDN,15.9,15.9,CRUISING,,,,,-78.93,,,GREEN,LOW,False,,False,,JRN_NDLS_DDN_01_20260902_161226,0.2483,0.0,0.4541,0.4541,1.0,NONE,NONE,,16.7,16.7,10:45:30,30.0,BASELINE_HISTORICAL_CALIBRATION,18.5,18.5
OBS_000483,10:46:00,14460.0,12017,ROUTE_NDLS_DDN_01,SYNTHETIC_SIMULATOR,OK,30.203793,78.067436,298.575,57.0,15.83,57.0,0.0,208.9,60,,497.27,SEC_HW_DDN,,HW,DDN,15.425,15.425,CRUISING,,,,,-78.94,,,GREEN,LOW,False,,False,,JRN_NDLS_DDN_01_20260902_161226,0.2483,0.0,0.4541,0.4541,1.0,NONE,NONE,,16.2,16.2,10:46:00,30.0,BASELINE_HISTORICAL_CALIBRATION,18.0,18.0
OBS_000484,10:46:30,14490.0,12017,ROUTE_NDLS_DDN_01,SYNTHETIC_SIMULATOR,OK,30.207239,78.06635,299.05,57.0,15.83,57.0,0.0,208.9,60,,489.79,SEC_HW_DDN,,HW,DDN,14.95,14.95,CRUISING,,,,,-78.95,,,GREEN,LOW,False,,False,,JRN_NDLS_DDN_01_20260902_161226,0.2483,0.0,0.4541,0.4541,1.0,NONE,NONE,,15.7,15.7,10:46:30,30.0,BASELINE_HISTORICAL_CALIBRATION,17.5,17.5
OBS_000485,10:47:00,14520.0,12017,ROUTE_NDLS_DDN_01,SYNTHETIC_SIMULATOR,OK,30.210685,78.065265,299.525,57.0,15.83,57.0,0.0,208.9,60,,482.19,SEC_HW_DDN,,HW,DDN,14.475,14.475,CRUISING,,,,,-78.95,,,GREEN,LOW,False,,False,,JRN_NDLS_DDN_01_20260902_161226,0.2483,0.0,0.4541,0.4541,1.0,NONE,NONE,,15.2,15.2,10:47:00,30.0,BASELINE_HISTORICAL_CALIBRATION,17.0,17.0
OBS_000486,10:47:30,14550.0,12017,ROUTE_NDLS_DDN_01,SYNTHETIC_SIMULATOR,OK,30.214131,78.06418,300.0,57.0,15.83,57.0,0.0,208.9,60,,474.46,SEC_HW_DDN,,HW,DDN,14.0,14.0,CRUISING,,,,,-78.96,,,GREEN,LOW,False,,False,,JRN_NDLS_DDN_01_20260902_161226,0.2483,0.0,0.4541,0.4541,1.0,NONE,NONE,,14.7,14.7,10:47:30,30.0,BASELINE_HISTORICAL_CALIBRATION,16.5,16.5
OBS_000487,10:48:00,14580.0,12017,ROUTE_NDLS_DDN_01,SYNTHETIC_SIMULATOR,OK,30.217577,78.063095,300.475,57.0,15.83,57.0,0.0,208.9,60,,466.61,SEC_HW_DDN,,HW,DDN,13.525,13.525,CRUISING,,,,,-78.97,,,GREEN,LOW,False,,False,,JRN_NDLS_DDN_01_20260902_161226,0.2483,0.0,0.4541,0.4541,1.0,NONE,NONE,,14.2,14.2,10:48:00,30.0,BASELINE_HISTORICAL_CALIBRATION,16.0,16.0
OBS_000488,10:48:30,14610.0,12017,ROUTE_NDLS_DDN_01,SYNTHETIC_SIMULATOR,OK,30.221024,78.06201,300.95,57.0,15.83,57.0,0.0,208.9,60,,458.63,SEC_HW_DDN,,HW,DDN,13.05,13.05,CRUISING,,,,,-78.98,,,GREEN,LOW,False,,False,,JRN_NDLS_DDN_01_20260902_161226,0.2483,0.0,0.4541,0.4541,1.0,NONE,NONE,,13.7,13.7,10:48:30,30.0,BASELINE_HISTORICAL_CALIBRATION,15.5,15.5
OBS_000489,10:49:00,14640.0,12017,ROUTE_NDLS_DDN_01,SYNTHETIC_SIMULATOR,OK,30.22447,78.060925,301.425,57.0,15.83,57.0,0.0,208.9,60,,450.5,SEC_HW_DDN,,HW,DDN,12.575,12.575,CRUISING,,,,,-78.99,,,GREEN,LOW,False,,False,,JRN_NDLS_DDN_01_20260902_161226,0.2483,0.0,0.4541,0.4541,1.0,NONE,NONE,,13.2,13.2,10:49:00,30.0,BASELINE_HISTORICAL_CALIBRATION,15.0,15.0
OBS_000490,10:49:30,14670.0,12017,ROUTE_NDLS_DDN_01,SYNTHETIC_SIMULATOR,OK,30.227916,78.05984,301.9,57.0,15.83,57.0,0.0,208.9,60,,442.23,SEC_HW_DDN,,HW,DDN,12.1,12.1,CRUISING,,,,,-79.0,,,GREEN,LOW,False,,False,,JRN_NDLS_DDN_01_20260902_161226,0.2483,0.0,0.4541,0.4541,1.0,NONE,NONE,,12.7,12.7,10:49:30,30.0,BASELINE_HISTORICAL_CALIBRATION,14.5,14.5
OBS_000491,10:50:00,14700.0,12017,ROUTE_NDLS_DDN_01,SYNTHETIC_SIMULATOR,OK,30.231362,78.058755,302.375,57.0,15.83,57.0,0.0,208.9,60,,433.8,SEC_HW_DDN,,HW,DDN,11.625,11.625,CRUISING,,,,,-79.01,,,GREEN,LOW,False,,False,,JRN_NDLS_DDN_01_20260902_161226,0.2483,0.0,0.4541,0.4541,1.0,NONE,NONE,,12.2,12.2,10:50:00,30.0,BASELINE_HISTORICAL_CALIBRATION,14.0,14.0
OBS_000492,10:50:30,14730.0,12017,ROUTE_NDLS_DDN_01,SYNTHETIC_SIMULATOR,OK,30.234808,78.05767,302.85,57.0,15.83,57.0,0.0,208.9,60,,425.2,SEC_HW_DDN,,HW,DDN,11.15,11.15,CRUISING,,,,,-79.02,,,GREEN,LOW,False,,False,,JRN_NDLS_DDN_01_20260902_161226,0.2483,0.0,0.4541,0.4541,1.0,NONE,NONE,,11.7,11.7,10:50:30,30.0,BASELINE_HISTORICAL_CALIBRATION,13.5,13.5
OBS_000493,10:51:00,14760.0,12017,ROUTE_NDLS_DDN_01,SYNTHETIC_SIMULATOR,OK,30.238254,78.056585,303.325,57.0,15.83,57.0,0.0,208.9,60,,416.42,SEC_HW_DDN,,HW,DDN,10.675,10.675,CRUISING,,,,,-79.03,,,GREEN,LOW,False,,False,,JRN_NDLS_DDN_01_20260902_161226,0.2483,0.0,0.4541,0.4541,1.0,NONE,NONE,,11.2,11.2,10:51:00,30.0,BASELINE_HISTORICAL_CALIBRATION,13.0,13.0
OBS_000494,10:51:30,14790.0,12017,ROUTE_NDLS_DDN_01,SYNTHETIC_SIMULATOR,OK,30.2417,78.0555,303.8,57.0,15.83,57.0,0.0,208.9,60,,407.45,SEC_HW_DDN,,HW,DDN,10.2,10.2,CRUISING,,,,,-79.04,,,GREEN,LOW,False,,False,,JRN_NDLS_DDN_01_20260902_161226,0.2483,0.0,0.4541,0.4541,1.0,NONE,NONE,,10.7,10.7,10:51:30,30.0,BASELINE_HISTORICAL_CALIBRATION,12.5,12.5
OBS_000495,10:52:00,14820.0,12017,ROUTE_NDLS_DDN_01,SYNTHETIC_SIMULATOR,OK,30.245146,78.054415,304.275,57.0,15.83,57.0,0.0,208.9,60,,398.28,SEC_HW_DDN,,HW,DDN,9.725,9.725,CRUISING,,,,,-79.05,,,GREEN,LOW,False,,False,,JRN_NDLS_DDN_01_20260902_161226,0.2483,0.0,0.4541,0.4541,1.0,NONE,NONE,,10.2,10.2,10:52:00,30.0,BASELINE_HISTORICAL_CALIBRATION,12.0,12.0
OBS_000496,10:52:30,14850.0,12017,ROUTE_NDLS_DDN_01,SYNTHETIC_SIMULATOR,OK,30.248592,78.05333,304.75,57.0,15.83,57.0,0.0,208.9,60,,388.9,SEC_HW_DDN,,HW,DDN,9.25,9.25,CRUISING,,,,,-79.06,,,GREEN,LOW,False,,False,,JRN_NDLS_DDN_01_20260902_161226,0.2483,0.0,0.4541,0.4541,1.0,NONE,NONE,,9.7,9.7,10:52:30,30.0,BASELINE_HISTORICAL_CALIBRATION,11.5,11.5
OBS_000497,10:53:00,14880.0,12017,ROUTE_NDLS_DDN_01,SYNTHETIC_SIMULATOR,OK,30.252038,78.052245,305.225,57.0,15.83,57.0,0.0,208.9,60,,379.28,SEC_HW_DDN,,HW,DDN,8.775,8.775,CRUISING,,,,,-79.07,,,GREEN,LOW,False,,False,,JRN_NDLS_DDN_01_20260902_161226,0.2483,0.0,0.4541,0.4541,1.0,NONE,NONE,,9.2,9.2,10:53:00,30.0,BASELINE_HISTORICAL_CALIBRATION,11.0,11.0
OBS_000498,10:53:30,14910.0,12017,ROUTE_NDLS_DDN_01,SYNTHETIC_SIMULATOR,OK,30.255484,78.05116,305.7,57.0,15.83,57.0,0.0,208.9,60,,369.42,SEC_HW_DDN,,HW,DDN,8.3,8.3,CRUISING,,,,,-79.08,,,GREEN,LOW,False,,False,,JRN_NDLS_DDN_01_20260902_161226,0.2483,0.0,0.4541,0.4541,1.0,NONE,NONE,,8.7,8.7,10:53:30,30.0,BASELINE_HISTORICAL_CALIBRATION,10.5,10.5
OBS_000499,10:54:00,14940.0,12017,ROUTE_NDLS_DDN_01,SYNTHETIC_SIMULATOR,OK,30.25893,78.050075,306.175,57.0,15.83,57.0,0.0,208.9,60,,359.28,SEC_HW_DDN,,HW,DDN,7.825,7.825,CRUISING,,,,,-79.09,,,GREEN,LOW,False,,False,,JRN_NDLS_DDN_01_20260902_161226,0.2483,0.0,0.4541,0.4541,1.0,NONE,NONE,,8.2,8.2,10:54:00,30.0,BASELINE_HISTORICAL_CALIBRATION,10.0,10.0
OBS_000500,10:54:30,14970.0,12017,ROUTE_NDLS_DDN_01,SYNTHETIC_SIMULATOR,OK,30.262376,78.04899,306.65,57.0,15.83,57.0,0.0,208.9,60,,348.85,SEC_HW_DDN,,HW,DDN,7.35,7.35,CRUISING,,,,,-79.1,,,GREEN,LOW,False,,False,,JRN_NDLS_DDN_01_20260902_161226,0.2483,0.0,0.4541,0.4541,1.0,NONE,NONE,,7.7,7.7,10:54:30,30.0,BASELINE_HISTORICAL_CALIBRATION,9.5,9.5
OBS_000501,10:55:00,15000.0,12017,ROUTE_NDLS_DDN_01,SYNTHETIC_SIMULATOR,OK,30.265823,78.047905,307.125,57.0,15.83,57.0,0.0,208.9,60,,338.09,SEC_HW_DDN,,HW,DDN,6.875,6.875,CRUISING,,,,,-79.11,,,GREEN,LOW,False,,False,,JRN_NDLS_DDN_01_20260902_161226,0.2483,0.0,0.4541,0.4541,1.0,NONE,NONE,,7.2,7.2,10:55:00,30.0,BASELINE_HISTORICAL_CALIBRATION,9.0,9.0
OBS_000502,10:55:30,15030.0,12017,ROUTE_NDLS_DDN_01,SYNTHETIC_SIMULATOR,OK,30.269269,78.04682,307.6,57.0,15.83,57.0,0.0,208.9,60,,326.99,SEC_HW_DDN,,HW,DDN,6.4,6.4,CRUISING,,,,,-79.12,,,GREEN,LOW,False,,False,,JRN_NDLS_DDN_01_20260902_161226,0.2483,0.0,0.4541,0.4541,1.0,NONE,NONE,,6.7,6.7,10:55:30,30.0,BASELINE_HISTORICAL_CALIBRATION,8.5,8.5
OBS_000503,10:56:00,15060.0,12017,ROUTE_NDLS_DDN_01,SYNTHETIC_SIMULATOR,OK,30.272715,78.045735,308.075,57.0,15.83,57.0,0.0,208.9,60,,315.49,SEC_HW_DDN,,HW,DDN,5.925,5.925,CRUISING,,,,,-79.13,,,GREEN,LOW,False,,False,,JRN_NDLS_DDN_01_20260902_161226,0.2483,0.0,0.4541,0.4541,1.0,NONE,NONE,,6.2,6.2,10:56:00,30.0,BASELINE_HISTORICAL_CALIBRATION,8.0,8.0
OBS_000504,10:56:30,15090.0,12017,ROUTE_NDLS_DDN_01,SYNTHETIC_SIMULATOR,OK,30.276161,78.04465,308.55,57.0,15.83,57.0,0.0,208.9,60,,303.55,SEC_HW_DDN,,HW,DDN,5.45,5.45,CRUISING,,,,,-79.14,,,GREEN,LOW,False,,False,,JRN_NDLS_DDN_01_20260902_161226,0.2483,0.0,0.4541,0.4541,1.0,NONE,NONE,,5.7,5.7,10:56:30,30.0,BASELINE_HISTORICAL_CALIBRATION,7.5,7.5
OBS_000505,10:57:00,15120.0,12017,ROUTE_NDLS_DDN_01,SYNTHETIC_SIMULATOR,OK,30.279607,78.043564,309.025,57.0,15.83,57.0,0.0,208.9,60,,291.13,SEC_HW_DDN,,HW,DDN,4.975,4.975,CRUISING,,,,,-79.15,,,GREEN,LOW,False,,False,,JRN_NDLS_DDN_01_20260902_161226,0.2483,0.0,0.4541,0.4541,1.0,NONE,NONE,,5.2,5.2,10:57:00,30.0,BASELINE_HISTORICAL_CALIBRATION,7.0,7.0
OBS_000506,10:57:30,15150.0,12017,ROUTE_NDLS_DDN_01,SYNTHETIC_SIMULATOR,OK,30.283053,78.042479,309.5,57.0,15.83,57.0,0.0,208.9,60,,278.16,SEC_HW_DDN,,HW,DDN,4.5,4.5,CRUISING,,,,,-79.16,,,GREEN,LOW,False,,False,,JRN_NDLS_DDN_01_20260902_161226,0.2483,0.0,0.4541,0.4541,1.0,NONE,NONE,,4.7,4.7,10:57:30,30.0,BASELINE_HISTORICAL_CALIBRATION,6.5,6.5
OBS_000507,10:58:00,15180.0,12017,ROUTE_NDLS_DDN_01,SYNTHETIC_SIMULATOR,OK,30.286499,78.041394,309.975,57.0,15.83,57.0,0.0,208.9,60,,264.54,SEC_HW_DDN,,HW,DDN,4.025,4.025,CRUISING,,,,,-79.17,,,GREEN,LOW,False,,False,,JRN_NDLS_DDN_01_20260902_161226,0.2483,0.0,0.4541,0.4541,1.0,NONE,NONE,,4.2,4.2,10:58:00,30.0,BASELINE_HISTORICAL_CALIBRATION,6.0,6.0
OBS_000508,10:58:30,15210.0,12017,ROUTE_NDLS_DDN_01,SYNTHETIC_SIMULATOR,OK,30.289945,78.040309,310.45,57.0,15.83,57.0,0.0,208.9,60,,250.19,SEC_HW_DDN,,HW,DDN,3.55,3.55,CRUISING,,,,,-79.18,,,GREEN,LOW,False,,False,,JRN_NDLS_DDN_01_20260902_161226,0.2483,0.0,0.4541,0.4541,1.0,NONE,NONE,,3.7,3.7,10:58:30,30.0,BASELINE_HISTORICAL_CALIBRATION,5.5,5.5
OBS_000509,10:59:00,15240.0,12017,ROUTE_NDLS_DDN_01,SYNTHETIC_SIMULATOR,OK,30.293391,78.039224,310.925,57.0,15.83,57.0,0.0,208.9,60,,234.97,SEC_HW_DDN,,HW,DDN,3.075,3.075,CRUISING,,,,,-79.19,,,GREEN,LOW,False,,False,,JRN_NDLS_DDN_01_20260902_161226,0.2483,0.0,0.4541,0.4541,1.0,NONE,NONE,,3.2,3.2,10:59:00,30.0,BASELINE_HISTORICAL_CALIBRATION,5.0,5.0
OBS_000510,10:59:30,15270.0,12017,ROUTE_NDLS_DDN_01,SYNTHETIC_SIMULATOR,OK,30.296837,78.038139,311.4,57.0,15.83,57.0,0.0,208.9,60,,218.68,SEC_HW_DDN,,HW,DDN,2.6,2.6,CRUISING,,,,,-79.2,,,GREEN,LOW,False,,False,,JRN_NDLS_DDN_01_20260902_161226,0.2483,0.0,0.4541,0.4541,1.0,NONE,NONE,,2.7,2.7,10:59:30,30.0,BASELINE_HISTORICAL_CALIBRATION,4.5,4.5
OBS_000511,11:00:00,15300.0,12017,ROUTE_NDLS_DDN_01,SYNTHETIC_SIMULATOR,OK,30.296837,78.038139,311.4,0.0,0.0,38.0,-0.6,0.0,60,,201.09,SEC_HW_DDN,,HW,DDN,2.6,2.6,STOPPED,,,,,-79.21,,,GREEN,LOW,False,0.5,False,EVT_003,JRN_NDLS_DDN_01_20260902_161226,0.2472,0.0,0.4541,0.4541,1.0,NONE,NONE,,6.2,6.2,11:00:00,30.0,BASELINE_HISTORICAL_CALIBRATION,4.0,4.0
OBS_000512,11:00:30,15330.0,12017,ROUTE_NDLS_DDN_01,SYNTHETIC_SIMULATOR,OK,30.300767,78.036902,311.942,38.0,10.56,38.0,0.5,92.8,60,,201.09,SEC_HW_DDN,,HW,DDN,2.058,2.058,ACCELERATING,,,,,-78.71,,,GREEN,LOW,False,0.5,False,EVT_003,JRN_NDLS_DDN_01_20260902_161226,0.2472,0.0,0.4541,0.4541,1.0,NONE,NONE,,3.3,3.3,11:00:30,30.0,BASELINE_HISTORICAL_CALIBRATION,3.5,3.5
OBS_000513,11:01:00,15360.0,12017,ROUTE_NDLS_DDN_01,SYNTHETIC_SIMULATOR,OK,30.303064,78.036179,312.258,38.0,10.56,38.0,0.0,92.8,60,,178.92,SEC_HW_DDN,,HW,DDN,1.742,1.742,CRUISING,,,,,-78.79,,,GREEN,LOW,False,0.5,False,EVT_003,JRN_NDLS_DDN_01_20260902_161226,0.2472,0.0,0.4541,0.4541,1.0,NONE,NONE,,2.7,2.7,11:01:00,30.0,BASELINE_HISTORICAL_CALIBRATION,3.0,3.0
OBS_000514,11:01:30,15390.0,12017,ROUTE_NDLS_DDN_01,SYNTHETIC_SIMULATOR,OK,30.305362,78.035455,312.575,38.0,10.56,38.0,0.0,92.8,60,,164.58,SEC_HW_DDN,,HW,DDN,1.425,1.425,CRUISING,,,,,-78.63,,,GREEN,LOW,False,0.5,False,EVT_003,JRN_NDLS_DDN_01_20260902_161226,0.2472,0.0,0.4541,0.4541,1.0,NONE,NONE,,2.2,2.2,11:01:30,30.0,BASELINE_HISTORICAL_CALIBRATION,2.5,2.5
OBS_000515,11:02:00,15420.0,12017,ROUTE_NDLS_DDN_01,SYNTHETIC_SIMULATOR,OK,30.307659,78.034732,312.892,38.0,10.56,38.0,0.0,92.8,60,,148.87,SEC_HW_DDN,,HW,DDN,1.108,1.108,CRUISING,,,,,-78.47,,,GREEN,LOW,False,0.5,False,EVT_003,JRN_NDLS_DDN_01_20260902_161226,0.2472,0.0,0.4541,0.4541,1.0,NONE,NONE,,1.7,1.7,11:02:00,30.0,BASELINE_HISTORICAL_CALIBRATION,2.0,2.0
OBS_000516,11:02:30,15450.0,12017,ROUTE_NDLS_DDN_01,SYNTHETIC_SIMULATOR,OK,30.309957,78.034008,313.208,38.0,10.56,38.0,0.0,92.8,60,,131.29,SEC_HW_DDN,,HW,DDN,0.792,0.792,CRUISING,,,,,-78.31,,,GREEN,LOW,False,0.5,False,EVT_003,JRN_NDLS_DDN_01_20260902_161226,0.2472,0.0,0.4541,0.4541,1.0,NONE,NONE,,1.2,1.2,11:02:30,30.0,BASELINE_HISTORICAL_CALIBRATION,1.5,1.5
OBS_000517,11:03:00,15480.0,12017,ROUTE_NDLS_DDN_01,SYNTHETIC_SIMULATOR,OK,30.312254,78.033285,313.525,38.0,10.56,38.0,0.0,92.8,60,,110.96,SEC_HW_DDN,,HW,DDN,0.475,0.475,CRUISING,,,,,-78.15,,,GREEN,LOW,False,0.5,False,EVT_003,JRN_NDLS_DDN_01_20260902_161226,0.2472,0.0,0.4541,0.4541,1.0,NONE,NONE,,0.7,0.7,11:03:00,30.0,BASELINE_HISTORICAL_CALIBRATION,1.0,1.0
OBS_000518,11:03:30,15510.0,12017,ROUTE_NDLS_DDN_01,SYNTHETIC_SIMULATOR,OK,30.314551,78.032562,313.842,38.0,10.56,38.0,0.0,92.8,60,,85.95,SEC_HW_DDN,,HW,DDN,0.158,0.158,CRUISING,,,,,-77.99,,,GREEN,LOW,False,0.5,False,EVT_003,JRN_NDLS_DDN_01_20260902_161226,0.2472,0.0,0.4541,0.4541,1.0,NONE,NONE,,0.2,0.2,11:03:30,30.0,BASELINE_HISTORICAL_CALIBRATION,0.5,0.5
OBS_000519,11:04:00,15540.0,12017,ROUTE_NDLS_DDN_01,SYNTHETIC_SIMULATOR,OK,30.3157,78.0322,314.0,0.0,0.0,38.0,0.0,0.0,60,,49.62,SEC_HW_DDN,DDN,DDN,,0.0,0.0,COMPLETED,ARRIVED,11:04:00,,,-77.83,,,GREEN,LOW,False,0.5,False,EVT_003,JRN_NDLS_DDN_01_20260902_161226,0.2472,0.0,0.4541,0.4541,1.0,NONE,NONE,,0.0,0.0,11:04:00,30.0,BASELINE_HISTORICAL_CALIBRATION,0.0,0.0
