observation_id,timestamp,simulation_time_sec,train_id,route_id,data_source,data_quality_status,latitude,longitude,current_position_km,current_speed_kmph,current_speed_mps,target_speed_kmph,current_acceleration_mps2,braking_distance_m,section_speed_limit_kmph,restriction_speed_kmph,approach_speed_kmph,current_section_id,current_station_id,previous_station_id,next_station_id,distance_to_next_station_km,distance_to_destination_km,movement_state,station_event,actual_arrival_time,actual_departure_time,actual_dwell_min,current_delay_min,arrival_delay_min,departure_delay_min,signal_state,congestion_level,fog_active,fog_visibility_km,unscheduled_halt,active_event_ids,journey_id,predicted_congestion_probability,predicted_fog_risk,predicted_delay_risk,predicted_operational_risk,prediction_confidence,predicted_speed_impact,active_predicted_restriction,predicted_restriction_speed_kmph,eta_to_next_station_min,eta_to_destination_min,prediction_timestamp,prediction_horizon_min,prediction_source,target_eta_to_destination_min,target_eta_to_next_station_min
OBS_000001,06:45:00,0.0,12017,ROUTE_NDLS_DDN_01,SYNTHETIC_SIMULATOR,OK,28.6431,77.2197,0.423,23.75,6.6,23.75,0.5,36.3,110,25.0,623.54,SEC_NDLS_GZB,NDLS,NDLS,GZB,24.577,313.577,ACCELERATING,DEPARTED,,06:45:00,,0.0,,,GREEN,HIGH,True,,False,,JRN_0001,1.0,1.0,1.0,0.4541,1.0,SEVERE,"Predicted HIGH Congestion (Speed cap 25.0 km/h), Predicted Fog Visibility Risk (Speed cap 40.0 km/h)",25.0,59.0,752.6,06:45:00,30.0,BASELINE_HISTORICAL_CALIBRATION,720.0,62.5
OBS_000002,06:45:30,30.0,12017,ROUTE_NDLS_DDN_01,SYNTHETIC_SIMULATOR,OK,28.643716,77.225116,0.621,23.75,6.6,23.75,0.0,36.3,110,25.0,618.24,SEC_NDLS_GZB,,NDLS,GZB,24.379,313.379,CRUISING,,,,,0.05,,,GREEN,HIGH,True,,False,,JRN_0001,1.0,1.0,1.0,0.4541,1.0,SEVERE,"Predicted HIGH Congestion (Speed cap 25.0 km/h), Predicted Fog Visibility Risk (Speed cap 40.0 km/h)",25.0,58.5,752.1,06:45:30,30.0,BASELINE_HISTORICAL_CALIBRATION,719.5,62.0
OBS_000003,06:46:00,60.0,12017,ROUTE_NDLS_DDN_01,SYNTHETIC_SIMULATOR,OK,28.643912,77.226843,0.819,23.75,6.6,23.75,0.0,36.3,110,25.0,615.75,SEC_NDLS_GZB,,NDLS,GZB,24.181,313.181,CRUISING,,,,,0.33,,,GREEN,HIGH,True,,False,,JRN_0001,1.0,1.0,1.0,0.4541,1.0,SEVERE,"Predicted HIGH Congestion (Speed cap 25.0 km/h), Predicted Fog Visibility Risk (Speed cap 40.0 km/h)",25.0,58.0,751.6,06:46:00,30.0,BASELINE_HISTORICAL_CALIBRATION,719.0,61.5
OBS_000004,06:46:30,90.0,12017,ROUTE_NDLS_DDN_01,SYNTHETIC_SIMULATOR,OK,28.644109,77.228569,1.017,23.75,6.6,23.75,0.0,36.3,110,25.0,613.24,SEC_NDLS_GZB,,NDLS,GZB,23.983,312.983,CRUISING,,,,,0.62,,,GREEN,HIGH,True,,False,,JRN_0001,1.0,1.0,1.0,0.4541,1.0,SEVERE,"Predicted HIGH Congestion (Speed cap 25.0 km/h), Predicted Fog Visibility Risk (Speed cap 40.0 km/h)",25.0,57.6,751.2,06:46:30,30.0,BASELINE_HISTORICAL_CALIBRATION,718.5,61.0
OBS_000005,06:47:00,120.0,12017,ROUTE_NDLS_DDN_01,SYNTHETIC_SIMULATOR,OK,28.644305,77.230296,1.215,23.75,6.6,23.75,0.0,36.3,110,25.0,610.73,SEC_NDLS_GZB,,NDLS,GZB,23.785,312.785,CRUISING,,,,,0.91,,,GREEN,HIGH,True,,False,,JRN_0001,1.0,1.0,1.0,0.4541,1.0,SEVERE,"Predicted HIGH Congestion (Speed cap 25.0 km/h), Predicted Fog Visibility Risk (Speed cap 40.0 km/h)",25.0,57.1,750.7,06:47:00,30.0,BASELINE_HISTORICAL_CALIBRATION,718.0,60.5
OBS_000006,06:47:30,150.0,12017,ROUTE_NDLS_DDN_01,SYNTHETIC_SIMULATOR,OK,28.644501,77.232023,1.413,23.75,6.6,23.75,0.0,36.3,110,25.0,608.2,SEC_NDLS_GZB,,NDLS,GZB,23.587,312.587,CRUISING,,,,,1.2,,,GREEN,HIGH,True,,False,,JRN_0001,1.0,1.0,1.0,0.4541,1.0,SEVERE,"Predicted HIGH Congestion (Speed cap 25.0 km/h), Predicted Fog Visibility Risk (Speed cap 40.0 km/h)",25.0,56.6,750.2,06:47:30,30.0,BASELINE_HISTORICAL_CALIBRATION,717.5,60.0
OBS_000007,06:48:00,180.0,12017,ROUTE_NDLS_DDN_01,SYNTHETIC_SIMULATOR,OK,28.644698,77.233749,1.61,23.75,6.6,23.75,0.0,36.3,110,25.0,605.67,SEC_NDLS_GZB,,NDLS,GZB,23.39,312.39,CRUISING,,,,,1.48,,,GREEN,HIGH,True,,False,,JRN_0001,1.0,1.0,1.0,0.4541,1.0,SEVERE,"Predicted HIGH Congestion (Speed cap 25.0 km/h), Predicted Fog Visibility Risk (Speed cap 40.0 km/h)",25.0,56.1,749.7,06:48:00,30.0,BASELINE_HISTORICAL_CALIBRATION,717.0,59.5
OBS_000008,06:48:30,210.0,12017,ROUTE_NDLS_DDN_01,SYNTHETIC_SIMULATOR,OK,28.644894,77.235476,1.808,23.75,6.6,23.75,0.0,36.3,110,25.0,603.12,SEC_NDLS_GZB,,NDLS,GZB,23.192,312.192,CRUISING,,,,,1.77,,,GREEN,HIGH,True,,False,,JRN_0001,1.0,1.0,1.0,0.4541,1.0,SEVERE,"Predicted HIGH Congestion (Speed cap 25.0 km/h), Predicted Fog Visibility Risk (Speed cap 40.0 km/h)",25.0,55.7,749.3,06:48:30,30.0,BASELINE_HISTORICAL_CALIBRATION,716.5,59.0
OBS_000009,06:49:00,240.0,12017,ROUTE_NDLS_DDN_01,SYNTHETIC_SIMULATOR,OK,28.64509,77.237203,2.006,23.75,6.6,23.75,0.0,36.3,110,25.0,600.56,SEC_NDLS_GZB,,NDLS,GZB,22.994,311.994,CRUISING,,,,,2.06,,,GREEN,HIGH,True,,False,,JRN_0001,1.0,1.0,1.0,0.4541,1.0,SEVERE,"Predicted HIGH Congestion (Speed cap 25.0 km/h), Predicted Fog Visibility Risk (Speed cap 40.0 km/h)",25.0,55.2,748.8,06:49:00,30.0,BASELINE_HISTORICAL_CALIBRATION,716.0,58.5
OBS_000010,06:49:30,270.0,12017,ROUTE_NDLS_DDN_01,SYNTHETIC_SIMULATOR,OK,28.645287,77.238929,2.204,23.75,6.6,23.75,0.0,36.3,110,25.0,598.0,SEC_NDLS_GZB,,NDLS,GZB,22.796,311.796,CRUISING,,,,,2.35,,,GREEN,HIGH,True,,False,,JRN_0001,1.0,1.0,1.0,0.4541,1.0,SEVERE,"Predicted HIGH Congestion (Speed cap 25.0 km/h), Predicted Fog Visibility Risk (Speed cap 40.0 km/h)",25.0,54.7,748.3,06:49:30,30.0,BASELINE_HISTORICAL_CALIBRATION,715.5,58.0
OBS_000011,06:50:00,300.0,12017,ROUTE_NDLS_DDN_01,SYNTHETIC_SIMULATOR,OK,28.645483,77.240656,2.402,23.75,6.6,23.75,0.0,36.3,110,25.0,595.42,SEC_NDLS_GZB,,NDLS,GZB,22.598,311.598,CRUISING,,,,,2.63,,,GREEN,HIGH,True,,False,,JRN_0001,1.0,1.0,1.0,0.4541,1.0,SEVERE,"Predicted HIGH Congestion (Speed cap 25.0 km/h), Predicted Fog Visibility Risk (Speed cap 40.0 km/h)",25.0,54.2,747.8,06:50:00,30.0,BASELINE_HISTORICAL_CALIBRATION,715.0,57.5
OBS_000012,06:50:30,330.0,12017,ROUTE_NDLS_DDN_01,SYNTHETIC_SIMULATOR,OK,28.645679,77.242382,2.6,23.75,6.6,23.75,0.0,36.3,110,25.0,592.83,SEC_NDLS_GZB,,NDLS,GZB,22.4,311.4,CRUISING,,,,,2.92,,,GREEN,HIGH,True,,False,,JRN_0001,1.0,1.0,1.0,0.4541,1.0,SEVERE,"Predicted HIGH Congestion (Speed cap 25.0 km/h), Predicted Fog Visibility Risk (Speed cap 40.0 km/h)",25.0,53.8,747.4,06:50:30,30.0,BASELINE_HISTORICAL_CALIBRATION,714.5,57.0
OBS_000013,06:51:00,360.0,12017,ROUTE_NDLS_DDN_01,SYNTHETIC_SIMULATOR,OK,28.645876,77.244109,2.798,23.75,6.6,23.75,0.0,36.3,110,25.0,590.22,SEC_NDLS_GZB,,NDLS,GZB,22.202,311.202,CRUISING,,,,,3.21,,,GREEN,HIGH,True,,False,,JRN_0001,1.0,1.0,1.0,0.4541,1.0,SEVERE,"Predicted HIGH Congestion (Speed cap 25.0 km/h), Predicted Fog Visibility Risk (Speed cap 40.0 km/h)",25.0,53.3,746.9,06:51:00,30.0,BASELINE_HISTORICAL_CALIBRATION,714.0,56.5
OBS_000014,06:51:30,390.0,12017,ROUTE_NDLS_DDN_01,SYNTHETIC_SIMULATOR,OK,28.646072,77.245836,2.996,23.75,6.6,23.75,0.0,36.3,110,25.0,587.61,SEC_NDLS_GZB,,NDLS,GZB,22.004,311.004,CRUISING,,,,,3.5,,,GREEN,HIGH,True,,False,,JRN_0001,1.0,1.0,1.0,0.4541,1.0,SEVERE,"Predicted HIGH Congestion (Speed cap 25.0 km/h), Predicted Fog Visibility Risk (Speed cap 40.0 km/h)",25.0,52.8,746.4,06:51:30,30.0,BASELINE_HISTORICAL_CALIBRATION,713.5,56.0
OBS_000015,06:52:00,420.0,12017,ROUTE_NDLS_DDN_01,SYNTHETIC_SIMULATOR,OK,28.646268,77.247562,3.194,23.75,6.6,23.75,0.0,36.3,110,25.0,584.99,SEC_NDLS_GZB,,NDLS,GZB,21.806,310.806,CRUISING,,,,,3.78,,,GREEN,HIGH,True,,False,,JRN_0001,1.0,1.0,1.0,0.4541,1.0,SEVERE,"Predicted HIGH Congestion (Speed cap 25.0 km/h), Predicted Fog Visibility Risk (Speed cap 40.0 km/h)",25.0,52.3,745.9,06:52:00,30.0,BASELINE_HISTORICAL_CALIBRATION,713.0,55.5
OBS_000016,06:52:30,450.0,12017,ROUTE_NDLS_DDN_01,SYNTHETIC_SIMULATOR,OK,28.646465,77.249289,3.392,23.75,6.6,23.75,0.0,36.3,110,25.0,582.35,SEC_NDLS_GZB,,NDLS,GZB,21.608,310.608,CRUISING,,,,,4.07,,,GREEN,HIGH,True,,False,,JRN_0001,1.0,1.0,1.0,0.4541,1.0,SEVERE,"Predicted HIGH Congestion (Speed cap 25.0 km/h), Predicted Fog Visibility Risk (Speed cap 40.0 km/h)",25.0,51.9,745.5,06:52:30,30.0,BASELINE_HISTORICAL_CALIBRATION,712.5,55.0
OBS_000017,06:53:00,480.0,12017,ROUTE_NDLS_DDN_01,SYNTHETIC_SIMULATOR,OK,28.646661,77.251016,3.59,23.75,6.6,23.75,0.0,36.3,110,25.0,579.7,SEC_NDLS_GZB,,NDLS,GZB,21.41,310.41,CRUISING,,,,,4.36,,,GREEN,HIGH,True,,False,,JRN_0001,1.0,1.0,1.0,0.4541,1.0,SEVERE,"Predicted HIGH Congestion (Speed cap 25.0 km/h), Predicted Fog Visibility Risk (Speed cap 40.0 km/h)",25.0,51.4,745.0,06:53:00,30.0,BASELINE_HISTORICAL_CALIBRATION,712.0,54.5
OBS_000018,06:53:30,510.0,12017,ROUTE_NDLS_DDN_01,SYNTHETIC_SIMULATOR,OK,28.646857,77.252742,3.787,23.75,6.6,23.75,0.0,36.3,110,25.0,577.04,SEC_NDLS_GZB,,NDLS,GZB,21.213,310.212,CRUISING,,,,,4.65,,,GREEN,HIGH,True,,False,,JRN_0001,1.0,1.0,1.0,0.4541,1.0,SEVERE,"Predicted HIGH Congestion (Speed cap 25.0 km/h), Predicted Fog Visibility Risk (Speed cap 40.0 km/h)",25.0,50.9,744.5,06:53:30,30.0,BASELINE_HISTORICAL_CALIBRATION,711.5,54.0
OBS_000019,06:54:00,540.0,12017,ROUTE_NDLS_DDN_01,SYNTHETIC_SIMULATOR,OK,28.647054,77.254469,3.985,23.75,6.6,23.75,0.0,36.3,110,25.0,574.37,SEC_NDLS_GZB,,NDLS,GZB,21.015,310.015,CRUISING,,,,,4.94,,,GREEN,HIGH,True,,False,,JRN_0001,1.0,1.0,1.0,0.4541,1.0,SEVERE,"Predicted HIGH Congestion (Speed cap 25.0 km/h), Predicted Fog Visibility Risk (Speed cap 40.0 km/h)",25.0,50.4,744.0,06:54:00,30.0,BASELINE_HISTORICAL_CALIBRATION,711.0,53.5
OBS_000020,06:54:30,570.0,12017,ROUTE_NDLS_DDN_01,SYNTHETIC_SIMULATOR,OK,28.64725,77.256195,4.183,23.75,6.6,23.75,0.0,36.3,110,25.0,571.68,SEC_NDLS_GZB,,NDLS,GZB,20.817,309.817,CRUISING,,,,,5.22,,,GREEN,HIGH,True,,False,,JRN_0001,1.0,1.0,1.0,0.4541,1.0,SEVERE,"Predicted HIGH Congestion (Speed cap 25.0 km/h), Predicted Fog Visibility Risk (Speed cap 40.0 km/h)",25.0,50.0,743.6,06:54:30,30.0,BASELINE_HISTORICAL_CALIBRATION,710.5,53.0
OBS_000021,06:55:00,600.0,12017,ROUTE_NDLS_DDN_01,SYNTHETIC_SIMULATOR,OK,28.647446,77.257922,4.381,23.75,6.6,23.75,0.0,36.3,110,25.0,568.98,SEC_NDLS_GZB,,NDLS,GZB,20.619,309.619,CRUISING,,,,,5.51,,,GREEN,HIGH,True,,False,,JRN_0001,1.0,1.0,1.0,0.4541,1.0,SEVERE,"Predicted HIGH Congestion (Speed cap 25.0 km/h), Predicted Fog Visibility Risk (Speed cap 40.0 km/h)",25.0,49.5,743.1,06:55:00,30.0,BASELINE_HISTORICAL_CALIBRATION,710.0,52.5
OBS_000022,06:55:30,630.0,12017,ROUTE_NDLS_DDN_01,SYNTHETIC_SIMULATOR,OK,28.647643,77.259649,4.579,23.75,6.6,23.75,0.0,36.3,110,25.0,566.27,SEC_NDLS_GZB,,NDLS,GZB,20.421,309.421,CRUISING,,,,,5.8,,,GREEN,HIGH,True,,False,,JRN_0001,1.0,1.0,1.0,0.4541,1.0,SEVERE,"Predicted HIGH Congestion (Speed cap 25.0 km/h), Predicted Fog Visibility Risk (Speed cap 40.0 km/h)",25.0,49.0,742.6,06:55:30,30.0,BASELINE_HISTORICAL_CALIBRATION,709.5,52.0
OBS_000023,06:56:00,660.0,12017,ROUTE_NDLS_DDN_01,SYNTHETIC_SIMULATOR,OK,28.647839,77.261375,4.777,23.75,6.6,23.75,0.0,36.3,110,25.0,563.55,SEC_NDLS_GZB,,NDLS,GZB,20.223,309.223,CRUISING,,,,,6.09,,,GREEN,HIGH,True,,False,,JRN_0001,1.0,1.0,1.0,0.4541,1.0,SEVERE,"Predicted HIGH Congestion (Speed cap 25.0 km/h), Predicted Fog Visibility Risk (Speed cap 40.0 km/h)",25.0,48.5,742.1,06:56:00,30.0,BASELINE_HISTORICAL_CALIBRATION,709.0,51.5
OBS_000024,06:56:30,690.0,12017,ROUTE_NDLS_DDN_01,SYNTHETIC_SIMULATOR,OK,28.648035,77.263102,4.975,23.75,6.6,23.75,0.0,36.3,110,25.0,560.81,SEC_NDLS_GZB,,NDLS,GZB,20.025,309.025,CRUISING,,,,,6.37,,,GREEN,HIGH,True,,False,,JRN_0001,1.0,1.0,1.0,0.4541,1.0,SEVERE,"Predicted HIGH Congestion (Speed cap 25.0 km/h), Predicted Fog Visibility Risk (Speed cap 40.0 km/h)",25.0,48.1,741.7,06:56:30,30.0,BASELINE_HISTORICAL_CALIBRATION,708.5,51.0
OBS_000025,06:57:00,720.0,12017,ROUTE_NDLS_DDN_01,SYNTHETIC_SIMULATOR,OK,28.648232,77.264829,5.173,23.75,6.6,23.75,0.0,36.3,110,25.0,558.06,SEC_NDLS_GZB,,NDLS,GZB,19.827,308.827,CRUISING,,,,,6.66,,,GREEN,HIGH,True,,False,,JRN_0001,1.0,1.0,1.0,0.4541,1.0,SEVERE,"Predicted HIGH Congestion (Speed cap 25.0 km/h), Predicted Fog Visibility Risk (Speed cap 40.0 km/h)",25.0,47.6,741.2,06:57:00,30.0,BASELINE_HISTORICAL_CALIBRATION,708.0,50.5
OBS_000026,06:57:30,750.0,12017,ROUTE_NDLS_DDN_01,SYNTHETIC_SIMULATOR,OK,28.648428,77.266555,5.371,23.75,6.6,23.75,0.0,36.3,110,25.0,555.29,SEC_NDLS_GZB,,NDLS,GZB,19.629,308.629,CRUISING,,,,,6.95,,,GREEN,HIGH,True,,False,,JRN_0001,1.0,1.0,1.0,0.4541,1.0,SEVERE,"Predicted HIGH Congestion (Speed cap 25.0 km/h), Predicted Fog Visibility Risk (Speed cap 40.0 km/h)",25.0,47.1,740.7,06:57:30,30.0,BASELINE_HISTORICAL_CALIBRATION,707.5,50.0
OBS_000027,06:58:00,780.0,12017,ROUTE_NDLS_DDN_01,SYNTHETIC_SIMULATOR,OK,28.648624,77.268282,5.569,23.75,6.6,23.75,0.0,36.3,110,25.0,552.51,SEC_NDLS_GZB,,NDLS,GZB,19.431,308.431,CRUISING,,,,,7.24,,,GREEN,HIGH,True,,False,,JRN_0001,1.0,1.0,1.0,0.4541,1.0,SEVERE,"Predicted HIGH Congestion (Speed cap 25.0 km/h), Predicted Fog Visibility Risk (Speed cap 40.0 km/h)",25.0,46.6,740.2,06:58:00,30.0,BASELINE_HISTORICAL_CALIBRATION,707.0,49.5
OBS_000028,06:58:30,810.0,12017,ROUTE_NDLS_DDN_01,SYNTHETIC_SIMULATOR,OK,28.648821,77.270008,5.767,23.75,6.6,23.75,0.0,36.3,110,25.0,549.72,SEC_NDLS_GZB,,NDLS,GZB,19.233,308.233,CRUISING,,,,,7.52,,,GREEN,HIGH,True,,False,,JRN_0001,1.0,1.0,1.0,0.4541,1.0,SEVERE,"Predicted HIGH Congestion (Speed cap 25.0 km/h), Predicted Fog Visibility Risk (Speed cap 40.0 km/h)",25.0,46.2,739.8,06:58:30,30.0,BASELINE_HISTORICAL_CALIBRATION,706.5,49.0
OBS_000029,06:59:00,840.0,12017,ROUTE_NDLS_DDN_01,SYNTHETIC_SIMULATOR,OK,28.649017,77.271735,5.965,23.75,6.6,23.75,0.0,36.3,110,25.0,546.92,SEC_NDLS_GZB,,NDLS,GZB,19.035,308.035,CRUISING,,,,,7.81,,,GREEN,HIGH,True,,False,,JRN_0001,1.0,1.0,1.0,0.4541,1.0,SEVERE,"Predicted HIGH Congestion (Speed cap 25.0 km/h), Predicted Fog Visibility Risk (Speed cap 40.0 km/h)",25.0,45.7,739.3,06:59:00,30.0,BASELINE_HISTORICAL_CALIBRATION,706.0,48.5
OBS_000030,06:59:30,870.0,12017,ROUTE_NDLS_DDN_01,SYNTHETIC_SIMULATOR,OK,28.649213,77.273462,6.163,23.75,6.6,23.75,0.0,36.3,110,25.0,544.09,SEC_NDLS_GZB,,NDLS,GZB,18.837,307.837,CRUISING,,,,,8.1,,,GREEN,HIGH,True,,False,,JRN_0001,1.0,1.0,1.0,0.4541,1.0,SEVERE,"Predicted HIGH Congestion (Speed cap 25.0 km/h), Predicted Fog Visibility Risk (Speed cap 40.0 km/h)",25.0,45.2,738.8,06:59:30,30.0,BASELINE_HISTORICAL_CALIBRATION,705.5,48.0
OBS_000031,07:00:00,900.0,12017,ROUTE_NDLS_DDN_01,SYNTHETIC_SIMULATOR,OK,28.64941,77.275188,6.36,23.75,6.6,23.75,0.0,36.3,110,25.0,541.26,SEC_NDLS_GZB,,NDLS,GZB,18.64,307.64,CRUISING,,,,,8.39,,,GREEN,HIGH,True,,False,,JRN_0001,1.0,1.0,1.0,0.4541,1.0,SEVERE,"Predicted HIGH Congestion (Speed cap 25.0 km/h), Predicted Fog Visibility Risk (Speed cap 40.0 km/h)",25.0,44.7,738.3,07:00:00,30.0,BASELINE_HISTORICAL_CALIBRATION,705.0,47.5
OBS_000032,07:00:30,930.0,12017,ROUTE_NDLS_DDN_01,SYNTHETIC_SIMULATOR,OK,28.649606,77.276915,6.558,23.75,6.6,23.75,0.0,36.3,110,25.0,538.41,SEC_NDLS_GZB,,NDLS,GZB,18.442,307.442,CRUISING,,,,,8.67,,,GREEN,HIGH,True,,False,,JRN_0001,1.0,1.0,1.0,0.4541,1.0,SEVERE,"Predicted HIGH Congestion (Speed cap 25.0 km/h), Predicted Fog Visibility Risk (Speed cap 40.0 km/h)",25.0,44.3,737.9,07:00:30,30.0,BASELINE_HISTORICAL_CALIBRATION,704.5,47.0
OBS_000033,07:01:00,960.0,12017,ROUTE_NDLS_DDN_01,SYNTHETIC_SIMULATOR,OK,28.649802,77.278642,6.756,23.75,6.6,23.75,0.0,36.3,110,25.0,535.54,SEC_NDLS_GZB,,NDLS,GZB,18.244,307.244,CRUISING,,,,,8.96,,,GREEN,HIGH,True,,False,,JRN_0001,1.0,1.0,1.0,0.4541,1.0,SEVERE,"Predicted HIGH Congestion (Speed cap 25.0 km/h), Predicted Fog Visibility Risk (Speed cap 40.0 km/h)",25.0,43.8,737.4,07:01:00,30.0,BASELINE_HISTORICAL_CALIBRATION,704.0,46.5
OBS_000034,07:01:30,990.0,12017,ROUTE_NDLS_DDN_01,SYNTHETIC_SIMULATOR,OK,28.649999,77.280368,6.954,23.75,6.6,23.75,0.0,36.3,110,25.0,532.66,SEC_NDLS_GZB,,NDLS,GZB,18.046,307.046,CRUISING,,,,,9.25,,,GREEN,HIGH,True,,False,,JRN_0001,1.0,1.0,1.0,0.4541,1.0,SEVERE,"Predicted HIGH Congestion (Speed cap 25.0 km/h), Predicted Fog Visibility Risk (Speed cap 40.0 km/h)",25.0,43.3,736.9,07:01:30,30.0,BASELINE_HISTORICAL_CALIBRATION,703.5,46.0
OBS_000035,07:02:00,1020.0,12017,ROUTE_NDLS_DDN_01,SYNTHETIC_SIMULATOR,OK,28.650195,77.282095,7.152,23.75,6.6,23.75,0.0,36.3,110,25.0,529.76,SEC_NDLS_GZB,,NDLS,GZB,17.848,306.848,CRUISING,,,,,9.54,,,GREEN,HIGH,True,,False,,JRN_0001,1.0,1.0,1.0,0.4541,1.0,SEVERE,"Predicted HIGH Congestion (Speed cap 25.0 km/h), Predicted Fog Visibility Risk (Speed cap 40.0 km/h)",25.0,42.8,736.4,07:02:00,30.0,BASELINE_HISTORICAL_CALIBRATION,703.0,45.5
OBS_000036,07:02:30,1050.0,12017,ROUTE_NDLS_DDN_01,SYNTHETIC_SIMULATOR,OK,28.650391,77.283821,7.35,23.75,6.6,23.75,0.0,36.3,110,25.0,526.85,SEC_NDLS_GZB,,NDLS,GZB,17.65,306.65,CRUISING,,,,,9.82,,,GREEN,HIGH,True,,False,,JRN_0001,1.0,1.0,1.0,0.4541,1.0,SEVERE,"Predicted HIGH Congestion (Speed cap 25.0 km/h), Predicted Fog Visibility Risk (Speed cap 40.0 km/h)",25.0,42.4,736.0,07:02:30,30.0,BASELINE_HISTORICAL_CALIBRATION,702.5,45.0
OBS_000037,07:03:00,1080.0,12017,ROUTE_NDLS_DDN_01,SYNTHETIC_SIMULATOR,OK,28.650588,77.285548,7.548,23.75,6.6,23.75,0.0,36.3,110,25.0,523.92,SEC_NDLS_GZB,,NDLS,GZB,17.452,306.452,CRUISING,,,,,10.11,,,GREEN,HIGH,True,,False,,JRN_0001,1.0,1.0,1.0,0.4541,1.0,SEVERE,"Predicted HIGH Congestion (Speed cap 25.0 km/h), Predicted Fog Visibility Risk (Speed cap 40.0 km/h)",25.0,41.9,735.5,07:03:00,30.0,BASELINE_HISTORICAL_CALIBRATION,702.0,44.5
OBS_000038,07:03:30,1110.0,12017,ROUTE_NDLS_DDN_01,SYNTHETIC_SIMULATOR,OK,28.650784,77.287275,7.746,23.75,6.6,23.75,0.0,36.3,110,25.0,520.97,SEC_NDLS_GZB,,NDLS,GZB,17.254,306.254,CRUISING,,,,,10.4,,,GREEN,HIGH,True,,False,,JRN_0001,1.0,1.0,1.0,0.4541,1.0,SEVERE,"Predicted HIGH Congestion (Speed cap 25.0 km/h), Predicted Fog Visibility Risk (Speed cap 40.0 km/h)",25.0,41.4,735.0,07:03:30,30.0,BASELINE_HISTORICAL_CALIBRATION,701.5,44.0
OBS_000039,07:04:00,1140.0,12017,ROUTE_NDLS_DDN_01,SYNTHETIC_SIMULATOR,OK,28.65098,77.289001,7.944,23.75,6.6,23.75,0.0,36.3,110,25.0,518.01,SEC_NDLS_GZB,,NDLS,GZB,17.056,306.056,CRUISING,,,,,10.69,,,GREEN,HIGH,True,,False,,JRN_0001,1.0,1.0,1.0,0.4541,1.0,SEVERE,"Predicted HIGH Congestion (Speed cap 25.0 km/h), Predicted Fog Visibility Risk (Speed cap 40.0 km/h)",25.0,40.9,734.5,07:04:00,30.0,BASELINE_HISTORICAL_CALIBRATION,701.0,43.5
OBS_000040,07:04:30,1170.0,12017,ROUTE_NDLS_DDN_01,SYNTHETIC_SIMULATOR,OK,28.651177,77.290728,8.142,23.75,6.6,23.75,0.0,36.3,110,25.0,515.03,SEC_NDLS_GZB,,NDLS,GZB,16.858,305.858,CRUISING,,,,,10.97,,,GREEN,HIGH,True,,False,,JRN_0001,1.0,1.0,1.0,0.4541,1.0,SEVERE,"Predicted HIGH Congestion (Speed cap 25.0 km/h), Predicted Fog Visibility Risk (Speed cap 40.0 km/h)",25.0,40.5,734.1,07:04:30,30.0,BASELINE_HISTORICAL_CALIBRATION,700.5,43.0
OBS_000041,07:05:00,1200.0,12017,ROUTE_NDLS_DDN_01,SYNTHETIC_SIMULATOR,OK,28.651373,77.292455,8.34,23.75,6.6,23.75,0.0,36.3,110,25.0,512.04,SEC_NDLS_GZB,,NDLS,GZB,16.66,305.66,CRUISING,,,,,11.26,,,GREEN,HIGH,True,,False,,JRN_0001,1.0,1.0,1.0,0.4541,1.0,SEVERE,"Predicted HIGH Congestion (Speed cap 25.0 km/h), Predicted Fog Visibility Risk (Speed cap 40.0 km/h)",25.0,40.0,733.6,07:05:00,30.0,BASELINE_HISTORICAL_CALIBRATION,700.0,42.5
OBS_000042,07:05:30,1230.0,12017,ROUTE_NDLS_DDN_01,SYNTHETIC_SIMULATOR,OK,28.651569,77.294181,8.538,23.75,6.6,23.75,0.0,36.3,110,25.0,509.02,SEC_NDLS_GZB,,NDLS,GZB,16.462,305.462,CRUISING,,,,,11.55,,,GREEN,HIGH,True,,False,,JRN_0001,1.0,1.0,1.0,0.4541,1.0,SEVERE,"Predicted HIGH Congestion (Speed cap 25.0 km/h), Predicted Fog Visibility Risk (Speed cap 40.0 km/h)",25.0,39.5,733.1,07:05:30,30.0,BASELINE_HISTORICAL_CALIBRATION,699.5,42.0
OBS_000043,07:06:00,1260.0,12017,ROUTE_NDLS_DDN_01,SYNTHETIC_SIMULATOR,OK,28.651766,77.295908,8.735,23.75,6.6,23.75,0.0,36.3,110,25.0,505.99,SEC_NDLS_GZB,,NDLS,GZB,16.265,305.265,CRUISING,,,,,11.84,,,GREEN,HIGH,True,,False,,JRN_0001,1.0,1.0,1.0,0.4541,1.0,SEVERE,"Predicted HIGH Congestion (Speed cap 25.0 km/h), Predicted Fog Visibility Risk (Speed cap 40.0 km/h)",25.0,39.0,732.6,07:06:00,30.0,BASELINE_HISTORICAL_CALIBRATION,699.0,41.5
OBS_000044,07:06:30,1290.0,12017,ROUTE_NDLS_DDN_01,SYNTHETIC_SIMULATOR,OK,28.651962,77.297634,8.933,23.75,6.6,23.75,0.0,36.3,110,25.0,502.94,SEC_NDLS_GZB,,NDLS,GZB,16.067,305.067,CRUISING,,,,,12.12,,,GREEN,HIGH,True,,False,,JRN_0001,1.0,1.0,1.0,0.4541,1.0,SEVERE,"Predicted HIGH Congestion (Speed cap 25.0 km/h), Predicted Fog Visibility Risk (Speed cap 40.0 km/h)",25.0,38.6,732.2,07:06:30,30.0,BASELINE_HISTORICAL_CALIBRATION,698.5,41.0
OBS_000045,07:07:00,1320.0,12017,ROUTE_NDLS_DDN_01,SYNTHETIC_SIMULATOR,OK,28.652158,77.299361,9.131,23.75,6.6,23.75,0.0,36.3,110,25.0,499.87,SEC_NDLS_GZB,,NDLS,GZB,15.869,304.869,CRUISING,,,,,12.41,,,GREEN,HIGH,True,,False,,JRN_0001,1.0,1.0,1.0,0.4541,1.0,SEVERE,"Predicted HIGH Congestion (Speed cap 25.0 km/h), Predicted Fog Visibility Risk (Speed cap 40.0 km/h)",25.0,38.1,731.7,07:07:00,30.0,BASELINE_HISTORICAL_CALIBRATION,698.0,40.5
OBS_000046,07:07:30,1350.0,12017,ROUTE_NDLS_DDN_01,SYNTHETIC_SIMULATOR,OK,28.652355,77.301088,9.329,23.75,6.6,23.75,0.0,36.3,110,25.0,496.78,SEC_NDLS_GZB,,NDLS,GZB,15.671,304.671,CRUISING,,,,,12.7,,,GREEN,HIGH,True,,False,,JRN_0001,1.0,1.0,1.0,0.4541,1.0,SEVERE,"Predicted HIGH Congestion (Speed cap 25.0 km/h), Predicted Fog Visibility Risk (Speed cap 40.0 km/h)",25.0,37.6,731.2,07:07:30,30.0,BASELINE_HISTORICAL_CALIBRATION,697.5,40.0
OBS_000047,07:08:00,1380.0,12017,ROUTE_NDLS_DDN_01,SYNTHETIC_SIMULATOR,OK,28.652551,77.302814,9.527,23.75,6.6,23.75,0.0,36.3,110,25.0,493.67,SEC_NDLS_GZB,,NDLS,GZB,15.473,304.473,CRUISING,,,,,12.99,,,GREEN,HIGH,True,,False,,JRN_0001,1.0,1.0,1.0,0.4541,1.0,SEVERE,"Predicted HIGH Congestion (Speed cap 25.0 km/h), Predicted Fog Visibility Risk (Speed cap 40.0 km/h)",25.0,37.1,730.7,07:08:00,30.0,BASELINE_HISTORICAL_CALIBRATION,697.0,39.5
OBS_000048,07:08:30,1410.0,12017,ROUTE_NDLS_DDN_01,SYNTHETIC_SIMULATOR,OK,28.652747,77.304541,9.725,23.75,6.6,23.75,0.0,36.3,110,25.0,490.55,SEC_NDLS_GZB,,NDLS,GZB,15.275,304.275,CRUISING,,,,,13.28,,,GREEN,HIGH,True,,False,,JRN_0001,1.0,1.0,1.0,0.4541,1.0,SEVERE,"Predicted HIGH Congestion (Speed cap 25.0 km/h), Predicted Fog Visibility Risk (Speed cap 40.0 km/h)",25.0,36.7,730.3,07:08:30,30.0,BASELINE_HISTORICAL_CALIBRATION,696.5,39.0
OBS_000049,07:09:00,1440.0,12017,ROUTE_NDLS_DDN_01,SYNTHETIC_SIMULATOR,OK,28.652944,77.306268,9.923,23.75,6.6,23.75,0.0,36.3,110,25.0,487.4,SEC_NDLS_GZB,,NDLS,GZB,15.077,304.077,CRUISING,,,,,13.56,,,GREEN,HIGH,True,,False,,JRN_0001,1.0,1.0,1.0,0.4541,1.0,SEVERE,"Predicted HIGH Congestion (Speed cap 25.0 km/h), Predicted Fog Visibility Risk (Speed cap 40.0 km/h)",25.0,36.2,729.8,07:09:00,30.0,BASELINE_HISTORICAL_CALIBRATION,696.0,38.5
OBS_000050,07:09:30,1470.0,12017,ROUTE_NDLS_DDN_01,SYNTHETIC_SIMULATOR,OK,28.65314,77.307994,10.121,23.75,6.6,23.75,0.0,36.3,110,25.0,484.23,SEC_NDLS_GZB,,NDLS,GZB,14.879,303.879,CRUISING,,,,,13.85,,,GREEN,HIGH,True,,False,,JRN_0001,1.0,1.0,1.0,0.4541,1.0,SEVERE,"Predicted HIGH Congestion (Speed cap 25.0 km/h), Predicted Fog Visibility Risk (Speed cap 40.0 km/h)",25.0,35.7,729.3,07:09:30,30.0,BASELINE_HISTORICAL_CALIBRATION,695.5,38.0
OBS_000051,07:10:00,1500.0,12017,ROUTE_NDLS_DDN_01,SYNTHETIC_SIMULATOR,OK,28.653336,77.309721,10.319,23.75,6.6,23.75,0.0,36.3,110,25.0,481.04,SEC_NDLS_GZB,,NDLS,GZB,14.681,303.681,CRUISING,,,,,14.14,,,GREEN,HIGH,True,,False,,JRN_0001,1.0,1.0,1.0,0.4541,1.0,SEVERE,"Predicted HIGH Congestion (Speed cap 25.0 km/h), Predicted Fog Visibility Risk (Speed cap 40.0 km/h)",25.0,35.2,728.8,07:10:00,30.0,BASELINE_HISTORICAL_CALIBRATION,695.0,37.5
OBS_000052,07:10:30,1530.0,12017,ROUTE_NDLS_DDN_01,SYNTHETIC_SIMULATOR,OK,28.653533,77.311447,10.517,23.75,6.6,23.75,0.0,36.3,110,25.0,477.83,SEC_NDLS_GZB,,NDLS,GZB,14.483,303.483,CRUISING,,,,,14.43,,,GREEN,HIGH,True,,False,,JRN_0001,1.0,1.0,1.0,0.4541,1.0,SEVERE,"Predicted HIGH Congestion (Speed cap 25.0 km/h), Predicted Fog Visibility Risk (Speed cap 40.0 km/h)",25.0,34.8,728.4,07:10:30,30.0,BASELINE_HISTORICAL_CALIBRATION,694.5,37.0
OBS_000053,07:11:00,1560.0,12017,ROUTE_NDLS_DDN_01,SYNTHETIC_SIMULATOR,OK,28.653729,77.313174,10.715,23.75,6.6,23.75,0.0,36.3,110,25.0,474.6,SEC_NDLS_GZB,,NDLS,GZB,14.285,303.285,CRUISING,,,,,14.71,,,GREEN,HIGH,True,,False,,JRN_0001,1.0,1.0,1.0,0.4541,1.0,SEVERE,"Predicted HIGH Congestion (Speed cap 25.0 km/h), Predicted Fog Visibility Risk (Speed cap 40.0 km/h)",25.0,34.3,727.9,07:11:00,30.0,BASELINE_HISTORICAL_CALIBRATION,694.0,36.5
OBS_000054,07:11:30,1590.0,12017,ROUTE_NDLS_DDN_01,SYNTHETIC_SIMULATOR,OK,28.653925,77.314901,10.912,23.75,6.6,23.75,0.0,36.3,110,25.0,471.35,SEC_NDLS_GZB,,NDLS,GZB,14.088,303.087,CRUISING,,,,,15.0,,,GREEN,HIGH,True,,False,,JRN_0001,1.0,1.0,1.0,0.4541,1.0,SEVERE,"Predicted HIGH Congestion (Speed cap 25.0 km/h), Predicted Fog Visibility Risk (Speed cap 40.0 km/h)",25.0,33.8,727.4,07:11:30,30.0,BASELINE_HISTORICAL_CALIBRATION,693.5,36.0
OBS_000055,07:12:00,1620.0,12017,ROUTE_NDLS_DDN_01,SYNTHETIC_SIMULATOR,OK,28.654122,77.316627,11.11,23.75,6.6,23.75,0.0,36.3,110,25.0,468.07,SEC_NDLS_GZB,,NDLS,GZB,13.89,302.89,CRUISING,,,,,15.29,,,GREEN,HIGH,True,,False,,JRN_0001,1.0,1.0,1.0,0.4541,1.0,SEVERE,"Predicted HIGH Congestion (Speed cap 25.0 km/h), Predicted Fog Visibility Risk (Speed cap 40.0 km/h)",25.0,33.3,726.9,07:12:00,30.0,BASELINE_HISTORICAL_CALIBRATION,693.0,35.5
OBS_000056,07:12:30,1650.0,12017,ROUTE_NDLS_DDN_01,SYNTHETIC_SIMULATOR,OK,28.654318,77.318354,11.308,23.75,6.6,23.75,0.0,36.3,110,25.0,464.77,SEC_NDLS_GZB,,NDLS,GZB,13.692,302.692,CRUISING,,,,,15.58,,,GREEN,HIGH,True,,False,,JRN_0001,1.0,1.0,1.0,0.4541,1.0,SEVERE,"Predicted HIGH Congestion (Speed cap 25.0 km/h), Predicted Fog Visibility Risk (Speed cap 40.0 km/h)",25.0,32.9,726.5,07:12:30,30.0,BASELINE_HISTORICAL_CALIBRATION,692.5,35.0
OBS_000057,07:13:00,1680.0,12017,ROUTE_NDLS_DDN_01,SYNTHETIC_SIMULATOR,OK,28.654514,77.320081,11.506,23.75,6.6,23.75,0.0,36.3,110,25.0,461.45,SEC_NDLS_GZB,,NDLS,GZB,13.494,302.494,CRUISING,,,,,15.86,,,GREEN,HIGH,True,,False,,JRN_0001,1.0,1.0,1.0,0.4541,1.0,SEVERE,"Predicted HIGH Congestion (Speed cap 25.0 km/h), Predicted Fog Visibility Risk (Speed cap 40.0 km/h)",25.0,32.4,726.0,07:13:00,30.0,BASELINE_HISTORICAL_CALIBRATION,692.0,34.5
OBS_000058,07:13:30,1710.0,12017,ROUTE_NDLS_DDN_01,SYNTHETIC_SIMULATOR,OK,28.654711,77.321807,11.704,23.75,6.6,23.75,0.0,36.3,110,25.0,458.1,SEC_NDLS_GZB,,NDLS,GZB,13.296,302.296,CRUISING,,,,,16.15,,,GREEN,HIGH,True,,False,,JRN_0001,1.0,1.0,1.0,0.4541,1.0,SEVERE,"Predicted HIGH Congestion (Speed cap 25.0 km/h), Predicted Fog Visibility Risk (Speed cap 40.0 km/h)",25.0,31.9,725.5,07:13:30,30.0,BASELINE_HISTORICAL_CALIBRATION,691.5,34.0
OBS_000059,07:14:00,1740.0,12017,ROUTE_NDLS_DDN_01,SYNTHETIC_SIMULATOR,OK,28.654907,77.323534,11.902,23.75,6.6,23.75,0.0,36.3,110,25.0,454.73,SEC_NDLS_GZB,,NDLS,GZB,13.098,302.098,CRUISING,,,,,16.44,,,GREEN,HIGH,True,,False,,JRN_0001,1.0,1.0,1.0,0.4541,1.0,SEVERE,"Predicted HIGH Congestion (Speed cap 25.0 km/h), Predicted Fog Visibility Risk (Speed cap 40.0 km/h)",25.0,31.4,725.0,07:14:00,30.0,BASELINE_HISTORICAL_CALIBRATION,691.0,33.5
OBS_000060,07:14:30,1770.0,12017,ROUTE_NDLS_DDN_01,SYNTHETIC_SIMULATOR,OK,28.655103,77.32526,12.1,23.75,6.6,23.75,0.0,36.3,110,25.0,451.33,SEC_NDLS_GZB,,NDLS,GZB,12.9,301.9,CRUISING,,,,,16.73,,,GREEN,HIGH,True,,False,,JRN_0001,1.0,1.0,1.0,0.4541,1.0,SEVERE,"Predicted HIGH Congestion (Speed cap 25.0 km/h), Predicted Fog Visibility Risk (Speed cap 40.0 km/h)",25.0,31.0,724.6,07:14:30,30.0,BASELINE_HISTORICAL_CALIBRATION,690.5,33.0
OBS_000061,07:15:00,1800.0,12017,ROUTE_NDLS_DDN_01,SYNTHETIC_SIMULATOR,OK,28.6553,77.326987,12.298,23.75,6.6,23.75,0.0,36.3,110,25.0,447.91,SEC_NDLS_GZB,,NDLS,GZB,12.702,301.702,CRUISING,,,,,17.01,,,GREEN,HIGH,True,,False,,JRN_0001,1.0,1.0,1.0,0.4541,1.0,SEVERE,"Predicted HIGH Congestion (Speed cap 25.0 km/h), Predicted Fog Visibility Risk (Speed cap 40.0 km/h)",25.0,30.5,724.1,07:15:00,30.0,BASELINE_HISTORICAL_CALIBRATION,690.0,32.5
OBS_000062,07:15:30,1830.0,12017,ROUTE_NDLS_DDN_01,SYNTHETIC_SIMULATOR,OK,28.655496,77.328714,12.496,23.75,6.6,23.75,0.0,36.3,110,25.0,444.46,SEC_NDLS_GZB,,NDLS,GZB,12.504,301.504,CRUISING,,,,,17.3,,,GREEN,HIGH,True,,False,,JRN_0001,1.0,1.0,1.0,0.4541,1.0,SEVERE,"Predicted HIGH Congestion (Speed cap 25.0 km/h), Predicted Fog Visibility Risk (Speed cap 40.0 km/h)",25.0,30.0,723.6,07:15:30,30.0,BASELINE_HISTORICAL_CALIBRATION,689.5,32.0
OBS_000063,07:16:00,1860.0,12017,ROUTE_NDLS_DDN_01,SYNTHETIC_SIMULATOR,OK,28.655692,77.33044,12.694,23.75,6.6,23.75,0.0,36.3,110,25.0,440.98,SEC_NDLS_GZB,,NDLS,GZB,12.306,301.306,CRUISING,,,,,17.59,,,GREEN,HIGH,True,,False,,JRN_0001,1.0,1.0,1.0,0.4541,1.0,SEVERE,"Predicted HIGH Congestion (Speed cap 25.0 km/h), Predicted Fog Visibility Risk (Speed cap 40.0 km/h)",25.0,29.5,723.1,07:16:00,30.0,BASELINE_HISTORICAL_CALIBRATION,689.0,31.5
OBS_000064,07:16:30,1890.0,12017,ROUTE_NDLS_DDN_01,SYNTHETIC_SIMULATOR,OK,28.655889,77.332167,12.892,23.75,6.6,23.75,0.0,36.3,110,25.0,437.48,SEC_NDLS_GZB,,NDLS,GZB,12.108,301.108,CRUISING,,,,,17.88,,,GREEN,HIGH,True,,False,,JRN_0001,1.0,1.0,1.0,0.4541,1.0,SEVERE,"Predicted HIGH Congestion (Speed cap 25.0 km/h), Predicted Fog Visibility Risk (Speed cap 40.0 km/h)",25.0,29.1,722.7,07:16:30,30.0,BASELINE_HISTORICAL_CALIBRATION,688.5,31.0
OBS_000065,07:17:00,1920.0,12017,ROUTE_NDLS_DDN_01,SYNTHETIC_SIMULATOR,OK,28.656085,77.333894,13.09,23.75,6.6,23.75,0.0,36.3,110,25.0,433.95,SEC_NDLS_GZB,,NDLS,GZB,11.91,300.91,CRUISING,,,,,18.16,,,GREEN,HIGH,True,,False,,JRN_0001,1.0,1.0,1.0,0.4541,1.0,SEVERE,"Predicted HIGH Congestion (Speed cap 25.0 km/h), Predicted Fog Visibility Risk (Speed cap 40.0 km/h)",25.0,28.6,722.2,07:17:00,30.0,BASELINE_HISTORICAL_CALIBRATION,688.0,30.5
OBS_000066,07:17:30,1950.0,12017,ROUTE_NDLS_DDN_01,SYNTHETIC_SIMULATOR,OK,28.656281,77.33562,13.287,23.75,6.6,23.75,0.0,36.3,110,25.0,430.38,SEC_NDLS_GZB,,NDLS,GZB,11.713,300.713,CRUISING,,,,,18.45,,,GREEN,HIGH,True,,False,,JRN_0001,1.0,1.0,1.0,0.4541,1.0,SEVERE,"Predicted HIGH Congestion (Speed cap 25.0 km/h), Predicted Fog Visibility Risk (Speed cap 40.0 km/h)",25.0,28.1,721.7,07:17:30,30.0,BASELINE_HISTORICAL_CALIBRATION,687.5,30.0
OBS_000067,07:18:00,1980.0,12017,ROUTE_NDLS_DDN_01,SYNTHETIC_SIMULATOR,OK,28.656478,77.337347,13.485,23.75,6.6,23.75,0.0,36.3,110,25.0,426.79,SEC_NDLS_GZB,,NDLS,GZB,11.515,300.515,CRUISING,,,,,18.74,,,GREEN,HIGH,True,,False,,JRN_0001,1.0,1.0,1.0,0.4541,1.0,SEVERE,"Predicted HIGH Congestion (Speed cap 25.0 km/h), Predicted Fog Visibility Risk (Speed cap 40.0 km/h)",25.0,27.6,721.2,07:18:00,30.0,BASELINE_HISTORICAL_CALIBRATION,687.0,29.5
OBS_000068,07:18:30,2010.0,12017,ROUTE_NDLS_DDN_01,SYNTHETIC_SIMULATOR,OK,28.656674,77.339073,13.683,23.75,6.6,23.75,0.0,36.3,110,25.0,423.17,SEC_NDLS_GZB,,NDLS,GZB,11.317,300.317,CRUISING,,,,,19.03,,,GREEN,HIGH,True,,False,,JRN_0001,1.0,1.0,1.0,0.4541,1.0,SEVERE,"Predicted HIGH Congestion (Speed cap 25.0 km/h), Predicted Fog Visibility Risk (Speed cap 40.0 km/h)",25.0,27.2,720.8,07:18:30,30.0,BASELINE_HISTORICAL_CALIBRATION,686.5,29.0
OBS_000069,07:19:00,2040.0,12017,ROUTE_NDLS_DDN_01,SYNTHETIC_SIMULATOR,OK,28.65687,77.3408,13.881,23.75,6.6,23.75,0.0,36.3,110,25.0,419.52,SEC_NDLS_GZB,,NDLS,GZB,11.119,300.119,CRUISING,,,,,19.31,,,GREEN,HIGH,True,,False,,JRN_0001,1.0,1.0,1.0,0.4541,1.0,SEVERE,"Predicted HIGH Congestion (Speed cap 25.0 km/h), Predicted Fog Visibility Risk (Speed cap 40.0 km/h)",25.0,26.7,720.3,07:19:00,30.0,BASELINE_HISTORICAL_CALIBRATION,686.0,28.5
OBS_000070,07:19:30,2070.0,12017,ROUTE_NDLS_DDN_01,SYNTHETIC_SIMULATOR,OK,28.657067,77.342527,14.079,23.75,6.6,23.75,0.0,36.3,110,25.0,415.84,SEC_NDLS_GZB,,NDLS,GZB,10.921,299.921,CRUISING,,,,,19.6,,,GREEN,HIGH,True,,False,,JRN_0001,1.0,1.0,1.0,0.4541,1.0,SEVERE,"Predicted HIGH Congestion (Speed cap 25.0 km/h), Predicted Fog Visibility Risk (Speed cap 40.0 km/h)",25.0,26.2,719.8,07:19:30,30.0,BASELINE_HISTORICAL_CALIBRATION,685.5,28.0
OBS_000071,07:20:00,2100.0,12017,ROUTE_NDLS_DDN_01,SYNTHETIC_SIMULATOR,OK,28.657263,77.344253,14.277,23.75,6.6,23.75,0.0,36.3,110,25.0,412.12,SEC_NDLS_GZB,,NDLS,GZB,10.723,299.723,CRUISING,,,,,19.89,,,GREEN,HIGH,True,,False,,JRN_0001,1.0,1.0,1.0,0.4541,1.0,SEVERE,"Predicted HIGH Congestion (Speed cap 25.0 km/h), Predicted Fog Visibility Risk (Speed cap 40.0 km/h)",25.0,25.7,719.3,07:20:00,30.0,BASELINE_HISTORICAL_CALIBRATION,685.0,27.5
OBS_000072,07:20:30,2130.0,12017,ROUTE_NDLS_DDN_01,SYNTHETIC_SIMULATOR,OK,28.657459,77.34598,14.475,23.75,6.6,23.75,0.0,36.3,110,25.0,408.37,SEC_NDLS_GZB,,NDLS,GZB,10.525,299.525,CRUISING,,,,,20.18,,,GREEN,HIGH,True,,False,,JRN_0001,1.0,1.0,1.0,0.4541,1.0,SEVERE,"Predicted HIGH Congestion (Speed cap 25.0 km/h), Predicted Fog Visibility Risk (Speed cap 40.0 km/h)",25.0,25.3,718.9,07:20:30,30.0,BASELINE_HISTORICAL_CALIBRATION,684.5,27.0
OBS_000073,07:21:00,2160.0,12017,ROUTE_NDLS_DDN_01,SYNTHETIC_SIMULATOR,OK,28.657656,77.347707,14.673,23.75,6.6,23.75,0.0,36.3,110,25.0,404.58,SEC_NDLS_GZB,,NDLS,GZB,10.327,299.327,CRUISING,,,,,20.46,,,GREEN,HIGH,True,,False,,JRN_0001,1.0,1.0,1.0,0.4541,1.0,SEVERE,"Predicted HIGH Congestion (Speed cap 25.0 km/h), Predicted Fog Visibility Risk (Speed cap 40.0 km/h)",25.0,24.8,718.4,07:21:00,30.0,BASELINE_HISTORICAL_CALIBRATION,684.0,26.5
OBS_000074,07:21:30,2190.0,12017,ROUTE_NDLS_DDN_01,SYNTHETIC_SIMULATOR,OK,28.657852,77.349433,14.871,23.75,6.6,23.75,0.0,36.3,110,25.0,400.76,SEC_NDLS_GZB,,NDLS,GZB,10.129,299.129,CRUISING,,,,,20.75,,,GREEN,HIGH,True,,False,,JRN_0001,1.0,1.0,1.0,0.4541,1.0,SEVERE,"Predicted HIGH Congestion (Speed cap 25.0 km/h), Predicted Fog Visibility Risk (Speed cap 40.0 km/h)",25.0,24.3,717.9,07:21:30,30.0,BASELINE_HISTORICAL_CALIBRATION,683.5,26.0
OBS_000075,07:22:00,2220.0,12017,ROUTE_NDLS_DDN_01,SYNTHETIC_SIMULATOR,OK,28.658048,77.35116,15.069,23.75,6.6,23.75,0.0,36.3,110,25.0,396.9,SEC_NDLS_GZB,,NDLS,GZB,9.931,298.931,CRUISING,,,,,21.04,,,GREEN,HIGH,True,,False,,JRN_0001,1.0,1.0,1.0,0.4541,1.0,SEVERE,"Predicted HIGH Congestion (Speed cap 25.0 km/h), Predicted Fog Visibility Risk (Speed cap 40.0 km/h)",25.0,23.8,717.4,07:22:00,30.0,BASELINE_HISTORICAL_CALIBRATION,683.0,25.5
OBS_000076,07:22:30,2250.0,12017,ROUTE_NDLS_DDN_01,SYNTHETIC_SIMULATOR,OK,28.658245,77.352886,15.267,23.75,6.6,23.75,0.0,36.3,110,25.0,393.0,SEC_NDLS_GZB,,NDLS,GZB,9.733,298.733,CRUISING,,,,,21.33,,,GREEN,HIGH,True,,False,,JRN_0001,1.0,1.0,1.0,0.4541,1.0,SEVERE,"Predicted HIGH Congestion (Speed cap 25.0 km/h), Predicted Fog Visibility Risk (Speed cap 40.0 km/h)",25.0,23.4,717.0,07:22:30,30.0,BASELINE_HISTORICAL_CALIBRATION,682.5,25.0
OBS_000077,07:23:00,2280.0,12017,ROUTE_NDLS_DDN_01,SYNTHETIC_SIMULATOR,OK,28.658441,77.354613,15.465,23.75,6.6,23.75,0.0,36.3,110,25.0,389.07,SEC_NDLS_GZB,,NDLS,GZB,9.535,298.535,CRUISING,,,,,21.62,,,GREEN,HIGH,True,,False,,JRN_0001,1.0,1.0,1.0,0.4541,1.0,SEVERE,"Predicted HIGH Congestion (Speed cap 25.0 km/h), Predicted Fog Visibility Risk (Speed cap 40.0 km/h)",25.0,22.9,716.5,07:23:00,30.0,BASELINE_HISTORICAL_CALIBRATION,682.0,24.5
OBS_000078,07:23:30,2310.0,12017,ROUTE_NDLS_DDN_01,SYNTHETIC_SIMULATOR,OK,28.658637,77.35634,15.662,23.75,6.6,23.75,0.0,36.3,110,25.0,385.09,SEC_NDLS_GZB,,NDLS,GZB,9.338,298.338,CRUISING,,,,,21.9,,,GREEN,HIGH,True,,False,,JRN_0001,1.0,1.0,1.0,0.4541,1.0,SEVERE,"Predicted HIGH Congestion (Speed cap 25.0 km/h), Predicted Fog Visibility Risk (Speed cap 40.0 km/h)",25.0,22.4,716.0,07:23:30,30.0,BASELINE_HISTORICAL_CALIBRATION,681.5,24.0
OBS_000079,07:24:00,2340.0,12017,ROUTE_NDLS_DDN_01,SYNTHETIC_SIMULATOR,OK,28.658834,77.358066,15.86,23.75,6.6,23.75,0.0,36.3,110,25.0,381.07,SEC_NDLS_GZB,,NDLS,GZB,9.14,298.14,CRUISING,,,,,22.19,,,GREEN,HIGH,True,,False,,JRN_0001,1.0,1.0,1.0,0.4541,1.0,SEVERE,"Predicted HIGH Congestion (Speed cap 25.0 km/h), Predicted Fog Visibility Risk (Speed cap 40.0 km/h)",25.0,21.9,715.5,07:24:00,30.0,BASELINE_HISTORICAL_CALIBRATION,681.0,23.5
OBS_000080,07:24:30,2370.0,12017,ROUTE_NDLS_DDN_01,SYNTHETIC_SIMULATOR,OK,28.65903,77.359793,16.058,23.75,6.6,23.75,0.0,36.3,110,25.0,377.01,SEC_NDLS_GZB,,NDLS,GZB,8.942,297.942,CRUISING,,,,,22.48,,,GREEN,HIGH,True,,False,,JRN_0001,1.0,1.0,1.0,0.4541,1.0,SEVERE,"Predicted HIGH Congestion (Speed cap 25.0 km/h), Predicted Fog Visibility Risk (Speed cap 40.0 km/h)",25.0,21.5,715.1,07:24:30,30.0,BASELINE_HISTORICAL_CALIBRATION,680.5,23.0
OBS_000081,07:25:00,2400.0,12017,ROUTE_NDLS_DDN_01,SYNTHETIC_SIMULATOR,OK,28.659226,77.36152,16.256,23.75,6.6,23.75,0.0,36.3,110,25.0,372.91,SEC_NDLS_GZB,,NDLS,GZB,8.744,297.744,CRUISING,,,,,22.77,,,GREEN,HIGH,True,,False,,JRN_0001,1.0,1.0,1.0,0.4541,1.0,SEVERE,"Predicted HIGH Congestion (Speed cap 25.0 km/h), Predicted Fog Visibility Risk (Speed cap 40.0 km/h)",25.0,21.0,714.6,07:25:00,30.0,BASELINE_HISTORICAL_CALIBRATION,680.0,22.5
OBS_000082,07:25:30,2430.0,12017,ROUTE_NDLS_DDN_01,SYNTHETIC_SIMULATOR,OK,28.659423,77.363246,16.454,23.75,6.6,23.75,0.0,36.3,110,25.0,368.76,SEC_NDLS_GZB,,NDLS,GZB,8.546,297.546,CRUISING,,,,,23.05,,,GREEN,HIGH,True,,False,,JRN_0001,1.0,1.0,1.0,0.4541,1.0,SEVERE,"Predicted HIGH Congestion (Speed cap 25.0 km/h), Predicted Fog Visibility Risk (Speed cap 40.0 km/h)",25.0,20.5,714.1,07:25:30,30.0,BASELINE_HISTORICAL_CALIBRATION,679.5,22.0
OBS_000083,07:26:00,2460.0,12017,ROUTE_NDLS_DDN_01,SYNTHETIC_SIMULATOR,OK,28.659619,77.364973,16.652,23.75,6.6,23.75,0.0,36.3,110,25.0,364.56,SEC_NDLS_GZB,,NDLS,GZB,8.348,297.348,CRUISING,,,,,23.34,,,GREEN,HIGH,True,,False,,JRN_0001,1.0,1.0,1.0,0.4541,1.0,SEVERE,"Predicted HIGH Congestion (Speed cap 25.0 km/h), Predicted Fog Visibility Risk (Speed cap 40.0 km/h)",25.0,20.0,713.6,07:26:00,30.0,BASELINE_HISTORICAL_CALIBRATION,679.0,21.5
OBS_000084,07:26:30,2490.0,12017,ROUTE_NDLS_DDN_01,SYNTHETIC_SIMULATOR,OK,28.659815,77.366699,16.85,23.75,6.6,23.75,0.0,36.3,110,25.0,360.31,SEC_NDLS_GZB,,NDLS,GZB,8.15,297.15,CRUISING,,,,,23.63,,,GREEN,HIGH,True,,False,,JRN_0001,1.0,1.0,1.0,0.4541,1.0,SEVERE,"Predicted HIGH Congestion (Speed cap 25.0 km/h), Predicted Fog Visibility Risk (Speed cap 40.0 km/h)",25.0,19.6,713.2,07:26:30,30.0,BASELINE_HISTORICAL_CALIBRATION,678.5,21.0
OBS_000085,07:27:00,2520.0,12017,ROUTE_NDLS_DDN_01,SYNTHETIC_SIMULATOR,OK,28.660012,77.368426,17.048,23.75,6.6,23.75,0.0,36.3,110,25.0,356.02,SEC_NDLS_GZB,,NDLS,GZB,7.952,296.952,CRUISING,,,,,23.92,,,GREEN,HIGH,True,,False,,JRN_0001,1.0,1.0,1.0,0.4541,1.0,SEVERE,"Predicted HIGH Congestion (Speed cap 25.0 km/h), Predicted Fog Visibility Risk (Speed cap 40.0 km/h)",25.0,19.1,712.7,07:27:00,30.0,BASELINE_HISTORICAL_CALIBRATION,678.0,20.5
OBS_000086,07:27:30,2550.0,12017,ROUTE_NDLS_DDN_01,SYNTHETIC_SIMULATOR,OK,28.660208,77.370153,17.246,23.75,6.6,23.75,0.0,36.3,110,25.0,351.67,SEC_NDLS_GZB,,NDLS,GZB,7.754,296.754,CRUISING,,,,,24.2,,,GREEN,HIGH,True,,False,,JRN_0001,1.0,1.0,1.0,0.4541,1.0,SEVERE,"Predicted HIGH Congestion (Speed cap 25.0 km/h), Predicted Fog Visibility Risk (Speed cap 40.0 km/h)",25.0,18.6,712.2,07:27:30,30.0,BASELINE_HISTORICAL_CALIBRATION,677.5,20.0
OBS_000087,07:28:00,2580.0,12017,ROUTE_NDLS_DDN_01,SYNTHETIC_SIMULATOR,OK,28.660404,77.371879,17.444,23.75,6.6,23.75,0.0,36.3,110,25.0,347.26,SEC_NDLS_GZB,,NDLS,GZB,7.556,296.556,CRUISING,,,,,24.49,,,GREEN,HIGH,True,,False,,JRN_0001,1.0,1.0,1.0,0.4541,1.0,SEVERE,"Predicted HIGH Congestion (Speed cap 25.0 km/h), Predicted Fog Visibility Risk (Speed cap 40.0 km/h)",25.0,18.1,711.7,07:28:00,30.0,BASELINE_HISTORICAL_CALIBRATION,677.0,19.5
OBS_000088,07:28:30,2610.0,12017,ROUTE_NDLS_DDN_01,SYNTHETIC_SIMULATOR,OK,28.660601,77.373606,17.642,23.75,6.6,23.75,0.0,36.3,110,25.0,342.8,SEC_NDLS_GZB,,NDLS,GZB,7.358,296.358,CRUISING,,,,,24.78,,,GREEN,HIGH,True,,False,,JRN_0001,1.0,1.0,1.0,0.4541,1.0,SEVERE,"Predicted HIGH Congestion (Speed cap 25.0 km/h), Predicted Fog Visibility Risk (Speed cap 40.0 km/h)",25.0,17.7,711.3,07:28:30,30.0,BASELINE_HISTORICAL_CALIBRATION,676.5,19.0
OBS_000089,07:29:00,2640.0,12017,ROUTE_NDLS_DDN_01,SYNTHETIC_SIMULATOR,OK,28.660797,77.375333,17.84,23.75,6.6,23.75,0.0,36.3,110,25.0,338.29,SEC_NDLS_GZB,,NDLS,GZB,7.16,296.16,CRUISING,,,,,25.07,,,GREEN,HIGH,True,,False,,JRN_0001,1.0,1.0,1.0,0.4541,1.0,SEVERE,"Predicted HIGH Congestion (Speed cap 25.0 km/h), Predicted Fog Visibility Risk (Speed cap 40.0 km/h)",25.0,17.2,710.8,07:29:00,30.0,BASELINE_HISTORICAL_CALIBRATION,676.0,18.5
OBS_000090,07:29:30,2670.0,12017,ROUTE_NDLS_DDN_01,SYNTHETIC_SIMULATOR,OK,28.660993,77.377059,18.037,23.75,6.6,23.75,0.0,36.3,110,25.0,333.7,SEC_NDLS_GZB,,NDLS,GZB,6.963,295.963,CRUISING,,,,,25.35,,,GREEN,HIGH,True,,False,,JRN_0001,1.0,1.0,1.0,0.4541,1.0,SEVERE,"Predicted HIGH Congestion (Speed cap 25.0 km/h), Predicted Fog Visibility Risk (Speed cap 40.0 km/h)",25.0,16.7,710.3,07:29:30,30.0,BASELINE_HISTORICAL_CALIBRATION,675.5,18.0
OBS_000091,07:30:00,2700.0,12017,ROUTE_NDLS_DDN_01,SYNTHETIC_SIMULATOR,OK,28.66119,77.378786,18.235,23.75,6.6,23.75,0.0,36.3,110,25.0,329.06,SEC_NDLS_GZB,,NDLS,GZB,6.765,295.765,CRUISING,,,,,25.64,,,GREEN,HIGH,True,,False,,JRN_0001,1.0,1.0,1.0,0.4541,1.0,SEVERE,"Predicted HIGH Congestion (Speed cap 25.0 km/h), Predicted Fog Visibility Risk (Speed cap 40.0 km/h)",25.0,16.2,709.8,07:30:00,30.0,BASELINE_HISTORICAL_CALIBRATION,675.0,17.5
OBS_000092,07:30:30,2730.0,12017,ROUTE_NDLS_DDN_01,SYNTHETIC_SIMULATOR,OK,28.661386,77.380512,18.433,23.75,6.6,23.75,0.0,36.3,110,25.0,324.35,SEC_NDLS_GZB,,NDLS,GZB,6.567,295.567,CRUISING,,,,,25.93,,,GREEN,HIGH,True,,False,,JRN_0001,1.0,1.0,1.0,0.4541,1.0,SEVERE,"Predicted HIGH Congestion (Speed cap 25.0 km/h), Predicted Fog Visibility Risk (Speed cap 40.0 km/h)",25.0,15.8,709.4,07:30:30,30.0,BASELINE_HISTORICAL_CALIBRATION,674.5,17.0
OBS_000093,07:31:00,2760.0,12017,ROUTE_NDLS_DDN_01,SYNTHETIC_SIMULATOR,OK,28.661582,77.382239,18.631,23.75,6.6,23.75,0.0,36.3,110,25.0,319.57,SEC_NDLS_GZB,,NDLS,GZB,6.369,295.369,CRUISING,,,,,26.22,,,GREEN,HIGH,True,,False,,JRN_0001,1.0,1.0,1.0,0.4541,1.0,SEVERE,"Predicted HIGH Congestion (Speed cap 25.0 km/h), Predicted Fog Visibility Risk (Speed cap 40.0 km/h)",25.0,15.3,708.9,07:31:00,30.0,BASELINE_HISTORICAL_CALIBRATION,674.0,16.5
OBS_000094,07:31:30,2790.0,12017,ROUTE_NDLS_DDN_01,SYNTHETIC_SIMULATOR,OK,28.661779,77.383966,18.829,23.75,6.6,23.75,0.0,36.3,110,25.0,314.72,SEC_NDLS_GZB,,NDLS,GZB,6.171,295.171,CRUISING,,,,,26.5,,,GREEN,HIGH,True,,False,,JRN_0001,1.0,1.0,1.0,0.4541,1.0,SEVERE,"Predicted HIGH Congestion (Speed cap 25.0 km/h), Predicted Fog Visibility Risk (Speed cap 40.0 km/h)",25.0,14.8,708.4,07:31:30,30.0,BASELINE_HISTORICAL_CALIBRATION,673.5,16.0
OBS_000095,07:32:00,2820.0,12017,ROUTE_NDLS_DDN_01,SYNTHETIC_SIMULATOR,OK,28.661975,77.385692,19.027,23.75,6.6,23.75,0.0,36.3,110,25.0,309.79,SEC_NDLS_GZB,,NDLS,GZB,5.973,294.973,CRUISING,,,,,26.79,,,GREEN,HIGH,True,,False,,JRN_0001,1.0,1.0,1.0,0.4541,1.0,SEVERE,"Predicted HIGH Congestion (Speed cap 25.0 km/h), Predicted Fog Visibility Risk (Speed cap 40.0 km/h)",25.0,14.3,707.9,07:32:00,30.0,BASELINE_HISTORICAL_CALIBRATION,673.0,15.5
OBS_000096,07:32:30,2850.0,12017,ROUTE_NDLS_DDN_01,SYNTHETIC_SIMULATOR,OK,28.662171,77.387419,19.225,23.75,6.6,23.75,0.0,36.3,110,25.0,304.78,SEC_NDLS_GZB,,NDLS,GZB,5.775,294.775,CRUISING,,,,,27.08,,,GREEN,HIGH,True,,False,,JRN_0001,1.0,1.0,1.0,0.4541,1.0,SEVERE,"Predicted HIGH Congestion (Speed cap 25.0 km/h), Predicted Fog Visibility Risk (Speed cap 40.0 km/h)",25.0,13.9,707.5,07:32:30,30.0,BASELINE_HISTORICAL_CALIBRATION,672.5,15.0
OBS_000097,07:33:00,2880.0,12017,ROUTE_NDLS_DDN_01,SYNTHETIC_SIMULATOR,OK,28.662368,77.389146,19.423,23.75,6.6,23.75,0.0,36.3,110,25.0,299.69,SEC_NDLS_GZB,,NDLS,GZB,5.577,294.577,CRUISING,,,,,27.37,,,GREEN,HIGH,True,,False,,JRN_0001,1.0,1.0,1.0,0.4541,1.0,SEVERE,"Predicted HIGH Congestion (Speed cap 25.0 km/h), Predicted Fog Visibility Risk (Speed cap 40.0 km/h)",25.0,13.4,707.0,07:33:00,30.0,BASELINE_HISTORICAL_CALIBRATION,672.0,14.5
OBS_000098,07:33:30,2910.0,12017,ROUTE_NDLS_DDN_01,SYNTHETIC_SIMULATOR,OK,28.662564,77.390872,19.621,23.75,6.6,23.75,0.0,36.3,110,25.0,294.51,SEC_NDLS_GZB,,NDLS,GZB,5.379,294.379,CRUISING,,,,,27.65,,,GREEN,HIGH,True,,False,,JRN_0001,1.0,1.0,1.0,0.4541,1.0,SEVERE,"Predicted HIGH Congestion (Speed cap 25.0 km/h), Predicted Fog Visibility Risk (Speed cap 40.0 km/h)",25.0,12.9,706.5,07:33:30,30.0,BASELINE_HISTORICAL_CALIBRATION,671.5,14.0
OBS_000099,07:34:00,2940.0,12017,ROUTE_NDLS_DDN_01,SYNTHETIC_SIMULATOR,OK,28.66276,77.392599,19.819,23.75,6.6,23.75,0.0,36.3,110,25.0,289.23,SEC_NDLS_GZB,,NDLS,GZB,5.181,294.181,CRUISING,,,,,27.94,,,GREEN,HIGH,True,,False,,JRN_0001,1.0,1.0,1.0,0.4541,1.0,SEVERE,"Predicted HIGH Congestion (Speed cap 25.0 km/h), Predicted Fog Visibility Risk (Speed cap 40.0 km/h)",25.0,12.4,706.0,07:34:00,30.0,BASELINE_HISTORICAL_CALIBRATION,671.0,13.5
OBS_000100,07:34:30,2970.0,12017,ROUTE_NDLS_DDN_01,SYNTHETIC_SIMULATOR,OK,28.662957,77.394325,20.017,23.75,6.6,23.75,0.0,36.3,110,25.0,283.86,SEC_NDLS_GZB,,NDLS,GZB,4.983,293.983,CRUISING,,,,,28.23,,,GREEN,HIGH,True,,False,,JRN_0001,1.0,1.0,1.0,0.4541,1.0,SEVERE,"Predicted HIGH Congestion (Speed cap 25.0 km/h), Predicted Fog Visibility Risk (Speed cap 40.0 km/h)",25.0,12.0,705.6,07:34:30,30.0,BASELINE_HISTORICAL_CALIBRATION,670.5,13.0
OBS_000101,07:35:00,3000.0,12017,ROUTE_NDLS_DDN_01,SYNTHETIC_SIMULATOR,OK,28.663153,77.396052,20.215,23.75,6.6,23.75,0.0,36.3,110,25.0,278.39,SEC_NDLS_GZB,,NDLS,GZB,4.785,293.785,CRUISING,,,,,28.52,,,GREEN,HIGH,True,,False,,JRN_0001,1.0,1.0,1.0,0.4541,1.0,SEVERE,"Predicted HIGH Congestion (Speed cap 25.0 km/h), Predicted Fog Visibility Risk (Speed cap 40.0 km/h)",25.0,11.5,705.1,07:35:00,30.0,BASELINE_HISTORICAL_CALIBRATION,670.0,12.5
OBS_000102,07:35:30,3030.0,12017,ROUTE_NDLS_DDN_01,SYNTHETIC_SIMULATOR,OK,28.663349,77.397779,20.413,23.75,6.6,23.75,0.0,36.3,110,25.0,272.81,SEC_NDLS_GZB,,NDLS,GZB,4.587,293.587,CRUISING,,,,,28.8,,,GREEN,HIGH,True,,False,,JRN_0001,1.0,1.0,1.0,0.4541,1.0,SEVERE,"Predicted HIGH Congestion (Speed cap 25.0 km/h), Predicted Fog Visibility Risk (Speed cap 40.0 km/h)",25.0,11.0,704.6,07:35:30,30.0,BASELINE_HISTORICAL_CALIBRATION,669.5,12.0
OBS_000103,07:36:00,3060.0,12017,ROUTE_NDLS_DDN_01,SYNTHETIC_SIMULATOR,OK,28.663546,77.399505,20.61,23.75,6.6,23.75,0.0,36.3,110,25.0,267.1,SEC_NDLS_GZB,,NDLS,GZB,4.39,293.39,CRUISING,,,,,29.09,,,GREEN,HIGH,True,,False,,JRN_0001,1.0,1.0,1.0,0.4541,1.0,SEVERE,"Predicted HIGH Congestion (Speed cap 25.0 km/h), Predicted Fog Visibility Risk (Speed cap 40.0 km/h)",25.0,10.5,704.1,07:36:00,30.0,BASELINE_HISTORICAL_CALIBRATION,669.0,11.5
OBS_000104,07:36:30,3090.0,12017,ROUTE_NDLS_DDN_01,SYNTHETIC_SIMULATOR,OK,28.663742,77.401232,20.808,23.75,6.6,23.75,0.0,36.3,110,25.0,261.28,SEC_NDLS_GZB,,NDLS,GZB,4.192,293.192,CRUISING,,,,,29.38,,,GREEN,HIGH,True,,False,,JRN_0001,1.0,1.0,1.0,0.4541,1.0,SEVERE,"Predicted HIGH Congestion (Speed cap 25.0 km/h), Predicted Fog Visibility Risk (Speed cap 40.0 km/h)",25.0,10.1,703.7,07:36:30,30.0,BASELINE_HISTORICAL_CALIBRATION,668.5,11.0
OBS_000105,07:37:00,3120.0,12017,ROUTE_NDLS_DDN_01,SYNTHETIC_SIMULATOR,OK,28.663938,77.402959,21.006,23.75,6.6,23.75,0.0,36.3,110,25.0,255.32,SEC_NDLS_GZB,,NDLS,GZB,3.994,292.994,CRUISING,,,,,29.67,,,GREEN,HIGH,True,,False,,JRN_0001,1.0,1.0,1.0,0.4541,1.0,SEVERE,"Predicted HIGH Congestion (Speed cap 25.0 km/h), Predicted Fog Visibility Risk (Speed cap 40.0 km/h)",25.0,9.6,703.2,07:37:00,30.0,BASELINE_HISTORICAL_CALIBRATION,668.0,10.5
OBS_000106,07:37:30,3150.0,12017,ROUTE_NDLS_DDN_01,SYNTHETIC_SIMULATOR,OK,28.664135,77.404685,21.204,23.75,6.6,23.75,0.0,36.3,110,25.0,249.22,SEC_NDLS_GZB,,NDLS,GZB,3.796,292.796,CRUISING,,,,,29.96,,,GREEN,HIGH,True,,False,,JRN_0001,1.0,1.0,1.0,0.4541,1.0,SEVERE,"Predicted HIGH Congestion (Speed cap 25.0 km/h), Predicted Fog Visibility Risk (Speed cap 40.0 km/h)",25.0,9.1,702.7,07:37:30,30.0,BASELINE_HISTORICAL_CALIBRATION,667.5,10.0
OBS_000107,07:38:00,3180.0,12017,ROUTE_NDLS_DDN_01,SYNTHETIC_SIMULATOR,OK,28.664331,77.406412,21.402,23.75,6.6,23.75,0.0,36.3,110,25.0,242.97,SEC_NDLS_GZB,,NDLS,GZB,3.598,292.598,CRUISING,,,,,30.24,,,GREEN,HIGH,True,,False,,JRN_0001,1.0,1.0,1.0,0.4541,1.0,SEVERE,"Predicted HIGH Congestion (Speed cap 25.0 km/h), Predicted Fog Visibility Risk (Speed cap 40.0 km/h)",25.0,8.6,702.2,07:38:00,30.0,BASELINE_HISTORICAL_CALIBRATION,667.0,9.5
OBS_000108,07:38:30,3210.0,12017,ROUTE_NDLS_DDN_01,SYNTHETIC_SIMULATOR,OK,28.664527,77.408138,21.6,23.75,6.6,23.75,0.0,36.3,110,25.0,236.55,SEC_NDLS_GZB,,NDLS,GZB,3.4,292.4,CRUISING,,,,,30.53,,,GREEN,HIGH,True,,False,,JRN_0001,1.0,1.0,1.0,0.4541,1.0,SEVERE,"Predicted HIGH Congestion (Speed cap 25.0 km/h), Predicted Fog Visibility Risk (Speed cap 40.0 km/h)",25.0,8.2,701.8,07:38:30,30.0,BASELINE_HISTORICAL_CALIBRATION,666.5,9.0
OBS_000109,07:39:00,3240.0,12017,ROUTE_NDLS_DDN_01,SYNTHETIC_SIMULATOR,OK,28.664724,77.409865,21.798,23.75,6.6,23.75,0.0,36.3,110,25.0,229.95,SEC_NDLS_GZB,,NDLS,GZB,3.202,292.202,CRUISING,,,,,30.82,,,GREEN,HIGH,True,,False,,JRN_0001,1.0,1.0,1.0,0.4541,1.0,SEVERE,"Predicted HIGH Congestion (Speed cap 25.0 km/h), Predicted Fog Visibility Risk (Speed cap 40.0 km/h)",25.0,7.7,701.3,07:39:00,30.0,BASELINE_HISTORICAL_CALIBRATION,666.0,8.5
OBS_000110,07:39:30,3270.0,12017,ROUTE_NDLS_DDN_01,SYNTHETIC_SIMULATOR,OK,28.66492,77.411592,21.996,23.75,6.6,23.75,0.0,36.3,110,25.0,223.16,SEC_NDLS_GZB,,NDLS,GZB,3.004,292.004,CRUISING,,,,,31.11,,,GREEN,HIGH,True,,False,,JRN_0001,1.0,1.0,1.0,0.4541,1.0,SEVERE,"Predicted HIGH Congestion (Speed cap 25.0 km/h), Predicted Fog Visibility Risk (Speed cap 40.0 km/h)",25.0,7.2,700.8,07:39:30,30.0,BASELINE_HISTORICAL_CALIBRATION,665.5,8.0
OBS_000111,07:40:00,3300.0,12017,ROUTE_NDLS_DDN_01,SYNTHETIC_SIMULATOR,OK,28.665116,77.413318,22.194,23.75,6.6,23.75,0.0,36.3,110,25.0,216.15,SEC_NDLS_GZB,,NDLS,GZB,2.806,291.806,CRUISING,,,,,31.39,,,GREEN,HIGH,True,,False,,JRN_0001,1.0,1.0,1.0,0.4541,1.0,SEVERE,"Predicted HIGH Congestion (Speed cap 25.0 km/h), Predicted Fog Visibility Risk (Speed cap 40.0 km/h)",25.0,6.7,700.3,07:40:00,30.0,BASELINE_HISTORICAL_CALIBRATION,665.0,7.5
OBS_000112,07:40:30,3330.0,12017,ROUTE_NDLS_DDN_01,SYNTHETIC_SIMULATOR,OK,28.665313,77.415045,22.392,23.75,6.6,23.75,0.0,36.3,110,25.0,208.91,SEC_NDLS_GZB,,NDLS,GZB,2.608,291.608,CRUISING,,,,,31.68,,,GREEN,HIGH,True,,False,,JRN_0001,1.0,1.0,1.0,0.4541,1.0,SEVERE,"Predicted HIGH Congestion (Speed cap 25.0 km/h), Predicted Fog Visibility Risk (Speed cap 40.0 km/h)",25.0,6.3,699.9,07:40:30,30.0,BASELINE_HISTORICAL_CALIBRATION,664.5,7.0
OBS_000113,07:41:00,3360.0,12017,ROUTE_NDLS_DDN_01,SYNTHETIC_SIMULATOR,OK,28.665509,77.416772,22.59,23.75,6.6,23.75,0.0,36.3,110,25.0,201.41,SEC_NDLS_GZB,,NDLS,GZB,2.41,291.41,CRUISING,,,,,31.97,,,GREEN,HIGH,True,,False,,JRN_0001,1.0,1.0,1.0,0.4541,1.0,SEVERE,"Predicted HIGH Congestion (Speed cap 25.0 km/h), Predicted Fog Visibility Risk (Speed cap 40.0 km/h)",25.0,5.8,699.4,07:41:00,30.0,BASELINE_HISTORICAL_CALIBRATION,664.0,6.5
OBS_000114,07:41:30,3390.0,12017,ROUTE_NDLS_DDN_01,SYNTHETIC_SIMULATOR,OK,28.665705,77.418498,22.788,23.75,6.6,23.75,0.0,36.3,110,25.0,193.62,SEC_NDLS_GZB,,NDLS,GZB,2.212,291.212,CRUISING,,,,,32.26,,,GREEN,HIGH,True,,False,,JRN_0001,1.0,1.0,1.0,0.4541,1.0,SEVERE,"Predicted HIGH Congestion (Speed cap 25.0 km/h), Predicted Fog Visibility Risk (Speed cap 40.0 km/h)",25.0,5.3,698.9,07:41:30,30.0,BASELINE_HISTORICAL_CALIBRATION,663.5,6.0
OBS_000115,07:42:00,3420.0,12017,ROUTE_NDLS_DDN_01,SYNTHETIC_SIMULATOR,OK,28.665902,77.420225,22.985,23.75,6.6,23.75,0.0,36.3,110,25.0,185.5,SEC_NDLS_GZB,,NDLS,GZB,2.015,291.015,CRUISING,,,,,32.54,,,GREEN,HIGH,True,,False,,JRN_0001,1.0,1.0,1.0,0.4541,1.0,SEVERE,"Predicted HIGH Congestion (Speed cap 25.0 km/h), Predicted Fog Visibility Risk (Speed cap 40.0 km/h)",25.0,4.8,698.4,07:42:00,30.0,BASELINE_HISTORICAL_CALIBRATION,663.0,5.5
OBS_000116,07:42:30,3450.0,12017,ROUTE_NDLS_DDN_01,SYNTHETIC_SIMULATOR,OK,28.666098,77.421951,23.183,23.75,6.6,23.75,0.0,36.3,110,25.0,177.01,SEC_NDLS_GZB,,NDLS,GZB,1.817,290.817,CRUISING,,,,,32.83,,,GREEN,HIGH,True,,False,,JRN_0001,1.0,1.0,1.0,0.4541,1.0,SEVERE,"Predicted HIGH Congestion (Speed cap 25.0 km/h), Predicted Fog Visibility Risk (Speed cap 40.0 km/h)",25.0,4.4,698.0,07:42:30,30.0,BASELINE_HISTORICAL_CALIBRATION,662.5,5.0
OBS_000117,07:43:00,3480.0,12017,ROUTE_NDLS_DDN_01,SYNTHETIC_SIMULATOR,OK,28.666294,77.423678,23.381,23.75,6.6,23.75,0.0,36.3,110,25.0,168.09,SEC_NDLS_GZB,,NDLS,GZB,1.619,290.619,CRUISING,,,,,33.12,,,GREEN,HIGH,True,,False,,JRN_0001,1.0,1.0,1.0,0.4541,1.0,SEVERE,"Predicted HIGH Congestion (Speed cap 25.0 km/h), Predicted Fog Visibility Risk (Speed cap 40.0 km/h)",25.0,3.9,697.5,07:43:00,30.0,BASELINE_HISTORICAL_CALIBRATION,662.0,4.5
OBS_000118,07:43:30,3510.0,12017,ROUTE_NDLS_DDN_01,SYNTHETIC_SIMULATOR,OK,28.666491,77.425405,23.579,23.75,6.6,23.75,0.0,36.3,110,25.0,158.67,SEC_NDLS_GZB,,NDLS,GZB,1.421,290.421,CRUISING,,,,,33.41,,,GREEN,HIGH,True,,False,,JRN_0001,1.0,1.0,1.0,0.4541,1.0,SEVERE,"Predicted HIGH Congestion (Speed cap 25.0 km/h), Predicted Fog Visibility Risk (Speed cap 40.0 km/h)",25.0,3.4,697.0,07:43:30,30.0,BASELINE_HISTORICAL_CALIBRATION,661.5,4.0
OBS_000119,07:44:00,3540.0,12017,ROUTE_NDLS_DDN_01,SYNTHETIC_SIMULATOR,OK,28.666687,77.427131,23.777,23.75,6.6,23.75,0.0,36.3,110,25.0,148.65,SEC_NDLS_GZB,,NDLS,GZB,1.223,290.223,CRUISING,,,,,33.69,,,GREEN,HIGH,True,,False,,JRN_0001,1.0,1.0,1.0,0.4541,1.0,SEVERE,"Predicted HIGH Congestion (Speed cap 25.0 km/h), Predicted Fog Visibility Risk (Speed cap 40.0 km/h)",25.0,2.9,696.5,07:44:00,30.0,BASELINE_HISTORICAL_CALIBRATION,661.0,3.5
OBS_000120,07:44:30,3570.0,12017,ROUTE_NDLS_DDN_01,SYNTHETIC_SIMULATOR,OK,28.666883,77.428858,23.975,23.75,6.6,23.75,0.0,36.3,110,25.0,137.91,SEC_NDLS_GZB,,NDLS,GZB,1.025,290.025,CRUISING,,,,,33.98,,,GREEN,HIGH,True,,False,,JRN_0001,1.0,1.0,1.0,0.4541,1.0,SEVERE,"Predicted HIGH Congestion (Speed cap 25.0 km/h), Predicted Fog Visibility Risk (Speed cap 40.0 km/h)",25.0,2.5,696.1,07:44:30,30.0,BASELINE_HISTORICAL_CALIBRATION,660.5,3.0
OBS_000121,07:45:00,3600.0,12017,ROUTE_NDLS_DDN_01,SYNTHETIC_SIMULATOR,OK,28.66708,77.430585,24.173,23.75,6.6,23.75,0.0,36.3,110,25.0,126.26,SEC_NDLS_GZB,,NDLS,GZB,0.827,289.827,CRUISING,,,,,34.27,,,GREEN,HIGH,True,,False,,JRN_0001,1.0,1.0,1.0,0.4541,1.0,SEVERE,"Predicted HIGH Congestion (Speed cap 25.0 km/h), Predicted Fog Visibility Risk (Speed cap 40.0 km/h)",25.0,2.0,695.6,07:45:00,30.0,BASELINE_HISTORICAL_CALIBRATION,660.0,2.5
OBS_000122,07:45:30,3630.0,12017,ROUTE_NDLS_DDN_01,SYNTHETIC_SIMULATOR,OK,28.667276,77.432311,24.371,23.75,6.6,23.75,0.0,36.3,110,25.0,113.41,SEC_NDLS_GZB,,NDLS,GZB,0.629,289.629,CRUISING,,,,,34.56,,,GREEN,HIGH,True,,False,,JRN_0001,1.0,1.0,1.0,0.4541,1.0,SEVERE,"Predicted HIGH Congestion (Speed cap 25.0 km/h), Predicted Fog Visibility Risk (Speed cap 40.0 km/h)",25.0,1.5,695.1,07:45:30,30.0,BASELINE_HISTORICAL_CALIBRATION,659.5,2.0
OBS_000123,07:46:00,3660.0,12017,ROUTE_NDLS_DDN_01,SYNTHETIC_SIMULATOR,OK,28.667472,77.434038,24.569,23.75,6.6,23.75,0.0,36.3,110,25.0,98.92,SEC_NDLS_GZB,,NDLS,GZB,0.431,289.431,CRUISING,,,,,34.84,,,GREEN,HIGH,True,,False,,JRN_0001,1.0,1.0,1.0,0.4541,1.0,SEVERE,"Predicted HIGH Congestion (Speed cap 25.0 km/h), Predicted Fog Visibility Risk (Speed cap 40.0 km/h)",25.0,1.0,694.6,07:46:00,30.0,BASELINE_HISTORICAL_CALIBRATION,659.0,1.5
OBS_000124,07:46:30,3690.0,12017,ROUTE_NDLS_DDN_01,SYNTHETIC_SIMULATOR,OK,28.667669,77.435764,24.767,23.75,6.6,23.75,0.0,36.3,110,25.0,81.9,SEC_NDLS_GZB,,NDLS,GZB,0.233,289.233,CRUISING,,,,,35.13,,,GREEN,HIGH,True,,False,,JRN_0001,1.0,1.0,1.0,0.4541,1.0,SEVERE,"Predicted HIGH Congestion (Speed cap 25.0 km/h), Predicted Fog Visibility Risk (Speed cap 40.0 km/h)",25.0,0.6,694.2,07:46:30,30.0,BASELINE_HISTORICAL_CALIBRATION,658.5,1.0
OBS_000125,07:47:00,3720.0,12017,ROUTE_NDLS_DDN_01,SYNTHETIC_SIMULATOR,OK,28.667865,77.437491,24.965,23.75,6.6,23.75,0.0,36.3,110,25.0,60.24,SEC_NDLS_GZB,,NDLS,GZB,0.035,289.035,CRUISING,,,,,35.42,,,GREEN,HIGH,True,,False,,JRN_0001,1.0,1.0,1.0,0.4541,1.0,SEVERE,"Predicted HIGH Congestion (Speed cap 25.0 km/h), Predicted Fog Visibility Risk (Speed cap 40.0 km/h)",25.0,0.1,693.7,07:47:00,30.0,BASELINE_HISTORICAL_CALIBRATION,658.0,0.5
OBS_000126,07:47:30,3750.0,12017,ROUTE_NDLS_DDN_01,SYNTHETIC_SIMULATOR,OK,28.6679,77.4378,25.0,0.0,0.0,23.47,0.0,0.0,110,25.0,23.47,SEC_NDLS_GZB,GZB,GZB,MTC,47.0,289.0,DWELLING,ARRIVED,07:47:30,,,35.71,,,GREEN,HIGH,True,,False,,JRN_0001,1.0,1.0,1.0,0.4541,1.0,SEVERE,"Predicted HIGH Congestion (Speed cap 25.0 km/h), Predicted Fog Visibility Risk (Speed cap 40.0 km/h)",25.0,112.8,693.6,07:47:30,30.0,BASELINE_HISTORICAL_CALIBRATION,657.5,120.0
OBS_000127,07:48:00,3780.0,12017,ROUTE_NDLS_DDN_01,SYNTHETIC_SIMULATOR,OK,28.6679,77.4378,25.0,0.0,0.0,0.0,0.0,0.0,120,25.0,0.0,SEC_GZB_MTC,GZB,GZB,MTC,47.0,289.0,DWELLING,,,,,36.17,,,GREEN,HIGH,True,,False,,JRN_0001,1.0,1.0,1.0,0.4541,1.0,SEVERE,"Predicted HIGH Congestion (Speed cap 25.0 km/h), Predicted Fog Visibility Risk (Speed cap 40.0 km/h)",25.0,112.8,693.6,07:48:00,30.0,BASELINE_HISTORICAL_CALIBRATION,657.0,119.5
OBS_000128,07:48:30,3810.0,12017,ROUTE_NDLS_DDN_01,SYNTHETIC_SIMULATOR,OK,28.6679,77.4378,25.0,0.0,0.0,0.0,0.0,0.0,120,25.0,0.0,SEC_GZB_MTC,GZB,GZB,MTC,47.0,289.0,DWELLING,,,,,36.67,,,GREEN,HIGH,True,,False,,JRN_0001,1.0,1.0,1.0,0.4541,1.0,SEVERE,"Predicted HIGH Congestion (Speed cap 25.0 km/h), Predicted Fog Visibility Risk (Speed cap 40.0 km/h)",25.0,112.8,693.6,07:48:30,30.0,BASELINE_HISTORICAL_CALIBRATION,656.5,119.0
OBS_000129,07:49:00,3840.0,12017,ROUTE_NDLS_DDN_01,SYNTHETIC_SIMULATOR,OK,28.6679,77.4378,25.0,0.0,0.0,0.0,0.0,0.0,120,25.0,0.0,SEC_GZB_MTC,GZB,GZB,MTC,47.0,289.0,DWELLING,,,,,37.17,,,GREEN,HIGH,True,,False,,JRN_0001,1.0,1.0,1.0,0.4541,1.0,SEVERE,"Predicted HIGH Congestion (Speed cap 25.0 km/h), Predicted Fog Visibility Risk (Speed cap 40.0 km/h)",25.0,112.8,693.6,07:49:00,30.0,BASELINE_HISTORICAL_CALIBRATION,656.0,118.5
OBS_000130,07:49:30,3870.0,12017,ROUTE_NDLS_DDN_01,SYNTHETIC_SIMULATOR,OK,28.6679,77.4378,25.423,23.75,6.6,23.75,0.5,36.3,120,25.0,854.95,SEC_GZB_MTC,GZB,GZB,MTC,46.577,288.577,ACCELERATING,DEPARTED,,07:49:30,2,37.67,,,GREEN,HIGH,True,,False,,JRN_0001,1.0,1.0,1.0,0.4541,1.0,SEVERE,"Predicted HIGH Congestion (Speed cap 25.0 km/h), Predicted Fog Visibility Risk (Speed cap 40.0 km/h)",25.0,111.8,692.6,07:49:30,30.0,BASELINE_HISTORICAL_CALIBRATION,655.5,118.0
OBS_000131,07:50:00,3900.0,12017,ROUTE_NDLS_DDN_01,SYNTHETIC_SIMULATOR,OK,28.672023,77.441271,25.621,23.75,6.6,23.75,0.0,36.3,120,25.0,851.1,SEC_GZB_MTC,,GZB,MTC,46.379,288.379,CRUISING,,,,,37.71,,,GREEN,HIGH,True,,False,,JRN_0001,1.0,1.0,1.0,0.4541,1.0,SEVERE,"Predicted HIGH Congestion (Speed cap 25.0 km/h), Predicted Fog Visibility Risk (Speed cap 40.0 km/h)",25.0,111.3,692.1,07:50:00,30.0,BASELINE_HISTORICAL_CALIBRATION,655.0,117.5
OBS_000132,07:50:30,3930.0,12017,ROUTE_NDLS_DDN_01,SYNTHETIC_SIMULATOR,OK,28.673337,77.442378,25.819,23.75,6.6,23.75,0.0,36.3,120,25.0,849.29,SEC_GZB_MTC,,GZB,MTC,46.181,288.181,CRUISING,,,,,38.0,,,GREEN,HIGH,True,,False,,JRN_0001,1.0,1.0,1.0,0.4541,1.0,SEVERE,"Predicted HIGH Congestion (Speed cap 25.0 km/h), Predicted Fog Visibility Risk (Speed cap 40.0 km/h)",25.0,110.8,691.6,07:50:30,30.0,BASELINE_HISTORICAL_CALIBRATION,654.5,117.0
OBS_000133,07:51:00,3960.0,12017,ROUTE_NDLS_DDN_01,SYNTHETIC_SIMULATOR,OK,28.674651,77.443485,26.017,23.75,6.6,23.75,0.0,36.3,120,25.0,847.47,SEC_GZB_MTC,,GZB,MTC,45.983,287.983,CRUISING,,,,,38.29,,,GREEN,HIGH,True,,False,,JRN_0001,1.0,1.0,1.0,0.4541,1.0,SEVERE,"Predicted HIGH Congestion (Speed cap 25.0 km/h), Predicted Fog Visibility Risk (Speed cap 40.0 km/h)",25.0,110.4,691.2,07:51:00,30.0,BASELINE_HISTORICAL_CALIBRATION,654.0,116.5
OBS_000134,07:51:30,3990.0,12017,ROUTE_NDLS_DDN_01,SYNTHETIC_SIMULATOR,OK,28.675965,77.444591,26.215,23.75,6.6,23.75,0.0,36.3,120,25.0,845.66,SEC_GZB_MTC,,GZB,MTC,45.785,287.785,CRUISING,,,,,38.58,,,GREEN,HIGH,True,,False,,JRN_0001,1.0,1.0,1.0,0.4541,1.0,SEVERE,"Predicted HIGH Congestion (Speed cap 25.0 km/h), Predicted Fog Visibility Risk (Speed cap 40.0 km/h)",25.0,109.9,690.7,07:51:30,30.0,BASELINE_HISTORICAL_CALIBRATION,653.5,116.0
OBS_000135,07:52:00,4020.0,12017,ROUTE_NDLS_DDN_01,SYNTHETIC_SIMULATOR,OK,28.67728,77.445698,26.413,23.75,6.6,23.75,0.0,36.3,120,25.0,843.83,SEC_GZB_MTC,,GZB,MTC,45.587,287.587,CRUISING,,,,,38.87,,,GREEN,HIGH,True,,False,,JRN_0001,1.0,1.0,1.0,0.4541,1.0,SEVERE,"Predicted HIGH Congestion (Speed cap 25.0 km/h), Predicted Fog Visibility Risk (Speed cap 40.0 km/h)",25.0,109.4,690.2,07:52:00,30.0,BASELINE_HISTORICAL_CALIBRATION,653.0,115.5
OBS_000136,07:52:30,4050.0,12017,ROUTE_NDLS_DDN_01,SYNTHETIC_SIMULATOR,OK,28.678594,77.446805,26.61,23.75,6.6,23.75,0.0,36.3,120,25.0,842.01,SEC_GZB_MTC,,GZB,MTC,45.39,287.39,CRUISING,,,,,39.15,,,GREEN,HIGH,True,,False,,JRN_0001,1.0,1.0,1.0,0.4541,1.0,SEVERE,"Predicted HIGH Congestion (Speed cap 25.0 km/h), Predicted Fog Visibility Risk (Speed cap 40.0 km/h)",25.0,108.9,689.7,07:52:30,30.0,BASELINE_HISTORICAL_CALIBRATION,652.5,115.0
OBS_000137,07:53:00,4080.0,12017,ROUTE_NDLS_DDN_01,SYNTHETIC_SIMULATOR,OK,28.679908,77.447911,26.808,23.75,6.6,23.75,0.0,36.3,120,25.0,840.18,SEC_GZB_MTC,,GZB,MTC,45.192,287.192,CRUISING,,,,,39.44,,,GREEN,HIGH,True,,False,,JRN_0001,1.0,1.0,1.0,0.4541,1.0,SEVERE,"Predicted HIGH Congestion (Speed cap 25.0 km/h), Predicted Fog Visibility Risk (Speed cap 40.0 km/h)",25.0,108.5,689.3,07:53:00,30.0,BASELINE_HISTORICAL_CALIBRATION,652.0,114.5
OBS_000138,07:53:30,4110.0,12017,ROUTE_NDLS_DDN_01,SYNTHETIC_SIMULATOR,OK,28.681222,77.449018,27.006,23.75,6.6,23.75,0.0,36.3,120,25.0,838.34,SEC_GZB_MTC,,GZB,MTC,44.994,286.994,CRUISING,,,,,39.73,,,GREEN,HIGH,True,,False,,JRN_0001,1.0,1.0,1.0,0.4541,1.0,SEVERE,"Predicted HIGH Congestion (Speed cap 25.0 km/h), Predicted Fog Visibility Risk (Speed cap 40.0 km/h)",25.0,108.0,688.8,07:53:30,30.0,BASELINE_HISTORICAL_CALIBRATION,651.5,114.0
OBS_000139,07:54:00,4140.0,12017,ROUTE_NDLS_DDN_01,SYNTHETIC_SIMULATOR,OK,28.682537,77.450125,27.204,23.75,6.6,23.75,0.0,36.3,120,25.0,836.51,SEC_GZB_MTC,,GZB,MTC,44.796,286.796,CRUISING,,,,,40.02,,,GREEN,HIGH,True,,False,,JRN_0001,1.0,1.0,1.0,0.4541,1.0,SEVERE,"Predicted HIGH Congestion (Speed cap 25.0 km/h), Predicted Fog Visibility Risk (Speed cap 40.0 km/h)",25.0,107.5,688.3,07:54:00,30.0,BASELINE_HISTORICAL_CALIBRATION,651.0,113.5
OBS_000140,07:54:30,4170.0,12017,ROUTE_NDLS_DDN_01,SYNTHETIC_SIMULATOR,OK,28.683851,77.451231,27.402,23.75,6.6,23.75,0.0,36.3,120,25.0,834.66,SEC_GZB_MTC,,GZB,MTC,44.598,286.598,CRUISING,,,,,40.3,,,GREEN,HIGH,True,,False,,JRN_0001,1.0,1.0,1.0,0.4541,1.0,SEVERE,"Predicted HIGH Congestion (Speed cap 25.0 km/h), Predicted Fog Visibility Risk (Speed cap 40.0 km/h)",25.0,107.0,687.8,07:54:30,30.0,BASELINE_HISTORICAL_CALIBRATION,650.5,113.0
OBS_000141,07:55:00,4200.0,12017,ROUTE_NDLS_DDN_01,SYNTHETIC_SIMULATOR,OK,28.685165,77.452338,27.6,23.75,6.6,23.75,0.0,36.3,120,25.0,832.82,SEC_GZB_MTC,,GZB,MTC,44.4,286.4,CRUISING,,,,,40.59,,,GREEN,HIGH,True,,False,,JRN_0001,1.0,1.0,1.0,0.4541,1.0,SEVERE,"Predicted HIGH Congestion (Speed cap 25.0 km/h), Predicted Fog Visibility Risk (Speed cap 40.0 km/h)",25.0,106.6,687.4,07:55:00,30.0,BASELINE_HISTORICAL_CALIBRATION,650.0,112.5
OBS_000142,07:55:30,4230.0,12017,ROUTE_NDLS_DDN_01,SYNTHETIC_SIMULATOR,OK,28.686479,77.453445,27.798,23.75,6.6,23.75,0.0,36.3,120,25.0,830.97,SEC_GZB_MTC,,GZB,MTC,44.202,286.202,CRUISING,,,,,40.88,,,GREEN,HIGH,True,,False,,JRN_0001,1.0,1.0,1.0,0.4541,1.0,SEVERE,"Predicted HIGH Congestion (Speed cap 25.0 km/h), Predicted Fog Visibility Risk (Speed cap 40.0 km/h)",25.0,106.1,686.9,07:55:30,30.0,BASELINE_HISTORICAL_CALIBRATION,649.5,112.0
OBS_000143,07:56:00,4260.0,12017,ROUTE_NDLS_DDN_01,SYNTHETIC_SIMULATOR,OK,28.687794,77.454551,27.996,23.75,6.6,23.75,0.0,36.3,120,25.0,829.11,SEC_GZB_MTC,,GZB,MTC,44.004,286.004,CRUISING,,,,,41.17,,,GREEN,HIGH,True,,False,,JRN_0001,1.0,1.0,1.0,0.4541,1.0,SEVERE,"Predicted HIGH Congestion (Speed cap 25.0 km/h), Predicted Fog Visibility Risk (Speed cap 40.0 km/h)",25.0,105.6,686.4,07:56:00,30.0,BASELINE_HISTORICAL_CALIBRATION,649.0,111.5
OBS_000144,07:56:30,4290.0,12017,ROUTE_NDLS_DDN_01,SYNTHETIC_SIMULATOR,OK,28.689108,77.455658,28.194,23.75,6.6,23.75,0.0,36.3,120,25.0,827.26,SEC_GZB_MTC,,GZB,MTC,43.806,285.806,CRUISING,,,,,41.45,,,GREEN,HIGH,True,,False,,JRN_0001,1.0,1.0,1.0,0.4541,1.0,SEVERE,"Predicted HIGH Congestion (Speed cap 25.0 km/h), Predicted Fog Visibility Risk (Speed cap 40.0 km/h)",25.0,105.1,685.9,07:56:30,30.0,BASELINE_HISTORICAL_CALIBRATION,648.5,111.0
OBS_000145,07:57:00,4320.0,12017,ROUTE_NDLS_DDN_01,SYNTHETIC_SIMULATOR,OK,28.690422,77.456764,28.392,23.75,6.6,23.75,0.0,36.3,120,25.0,825.39,SEC_GZB_MTC,,GZB,MTC,43.608,285.608,CRUISING,,,,,41.74,,,GREEN,HIGH,True,,False,,JRN_0001,1.0,1.0,1.0,0.4541,1.0,SEVERE,"Predicted HIGH Congestion (Speed cap 25.0 km/h), Predicted Fog Visibility Risk (Speed cap 40.0 km/h)",25.0,104.7,685.5,07:57:00,30.0,BASELINE_HISTORICAL_CALIBRATION,648.0,110.5
OBS_000146,07:57:30,4350.0,12017,ROUTE_NDLS_DDN_01,SYNTHETIC_SIMULATOR,OK,28.691736,77.457871,28.59,23.75,6.6,23.75,0.0,36.3,120,25.0,823.53,SEC_GZB_MTC,,GZB,MTC,43.41,285.41,CRUISING,,,,,42.03,,,GREEN,HIGH,True,,False,,JRN_0001,1.0,1.0,1.0,0.4541,1.0,SEVERE,"Predicted HIGH Congestion (Speed cap 25.0 km/h), Predicted Fog Visibility Risk (Speed cap 40.0 km/h)",25.0,104.2,685.0,07:57:30,30.0,BASELINE_HISTORICAL_CALIBRATION,647.5,110.0
OBS_000147,07:58:00,4380.0,12017,ROUTE_NDLS_DDN_01,SYNTHETIC_SIMULATOR,OK,28.693051,77.458978,28.788,23.75,6.6,23.75,0.0,36.3,120,25.0,821.66,SEC_GZB_MTC,,GZB,MTC,43.212,285.212,CRUISING,,,,,42.32,,,GREEN,HIGH,True,,False,,JRN_0001,1.0,1.0,1.0,0.4541,1.0,SEVERE,"Predicted HIGH Congestion (Speed cap 25.0 km/h), Predicted Fog Visibility Risk (Speed cap 40.0 km/h)",25.0,103.7,684.5,07:58:00,30.0,BASELINE_HISTORICAL_CALIBRATION,647.0,109.5
OBS_000148,07:58:30,4410.0,12017,ROUTE_NDLS_DDN_01,SYNTHETIC_SIMULATOR,OK,28.694365,77.460084,28.985,23.75,6.6,23.75,0.0,36.3,120,25.0,819.78,SEC_GZB_MTC,,GZB,MTC,43.015,285.015,CRUISING,,,,,42.6,,,GREEN,HIGH,True,,False,,JRN_0001,1.0,1.0,1.0,0.4541,1.0,SEVERE,"Predicted HIGH Congestion (Speed cap 25.0 km/h), Predicted Fog Visibility Risk (Speed cap 40.0 km/h)",25.0,103.2,684.0,07:58:30,30.0,BASELINE_HISTORICAL_CALIBRATION,646.5,109.0
OBS_000149,07:59:00,4440.0,12017,ROUTE_NDLS_DDN_01,SYNTHETIC_SIMULATOR,OK,28.695679,77.461191,29.183,23.75,6.6,23.75,0.0,36.3,120,25.0,817.9,SEC_GZB_MTC,,GZB,MTC,42.817,284.817,CRUISING,,,,,42.89,,,GREEN,HIGH,True,,False,,JRN_0001,1.0,1.0,1.0,0.4541,1.0,SEVERE,"Predicted HIGH Congestion (Speed cap 25.0 km/h), Predicted Fog Visibility Risk (Speed cap 40.0 km/h)",25.0,102.8,683.6,07:59:00,30.0,BASELINE_HISTORICAL_CALIBRATION,646.0,108.5
OBS_000150,07:59:30,4470.0,12017,ROUTE_NDLS_DDN_01,SYNTHETIC_SIMULATOR,OK,28.696993,77.462298,29.381,23.75,6.6,23.75,0.0,36.3,120,25.0,816.02,SEC_GZB_MTC,,GZB,MTC,42.619,284.619,CRUISING,,,,,43.18,,,GREEN,HIGH,True,,False,,JRN_0001,1.0,1.0,1.0,0.4541,1.0,SEVERE,"Predicted HIGH Congestion (Speed cap 25.0 km/h), Predicted Fog Visibility Risk (Speed cap 40.0 km/h)",25.0,102.3,683.1,07:59:30,30.0,BASELINE_HISTORICAL_CALIBRATION,645.5,108.0
OBS_000151,08:00:00,4500.0,12017,ROUTE_NDLS_DDN_01,SYNTHETIC_SIMULATOR,OK,28.698308,77.463404,29.579,23.75,6.6,23.75,0.0,36.3,120,25.0,814.13,SEC_GZB_MTC,,GZB,MTC,42.421,284.421,CRUISING,,,,,43.47,,,GREEN,HIGH,True,,False,,JRN_0001,1.0,1.0,1.0,0.4541,1.0,SEVERE,"Predicted HIGH Congestion (Speed cap 25.0 km/h), Predicted Fog Visibility Risk (Speed cap 40.0 km/h)",25.0,101.8,682.6,08:00:00,30.0,BASELINE_HISTORICAL_CALIBRATION,645.0,107.5
OBS_000152,08:00:30,4530.0,12017,ROUTE_NDLS_DDN_01,SYNTHETIC_SIMULATOR,OK,28.699622,77.464511,29.777,23.75,6.6,23.75,0.0,36.3,120,25.0,812.24,SEC_GZB_MTC,,GZB,MTC,42.223,284.223,CRUISING,,,,,43.75,,,GREEN,HIGH,True,,False,,JRN_0001,1.0,1.0,1.0,0.4541,1.0,SEVERE,"Predicted HIGH Congestion (Speed cap 25.0 km/h), Predicted Fog Visibility Risk (Speed cap 40.0 km/h)",25.0,101.3,682.1,08:00:30,30.0,BASELINE_HISTORICAL_CALIBRATION,644.5,107.0
OBS_000153,08:01:00,4560.0,12017,ROUTE_NDLS_DDN_01,SYNTHETIC_SIMULATOR,OK,28.700936,77.465618,29.975,23.75,6.6,23.75,0.0,36.3,120,25.0,810.34,SEC_GZB_MTC,,GZB,MTC,42.025,284.025,CRUISING,,,,,44.04,,,GREEN,HIGH,True,,False,,JRN_0001,1.0,1.0,1.0,0.4541,1.0,SEVERE,"Predicted HIGH Congestion (Speed cap 25.0 km/h), Predicted Fog Visibility Risk (Speed cap 40.0 km/h)",25.0,100.9,681.7,08:01:00,30.0,BASELINE_HISTORICAL_CALIBRATION,644.0,106.5
OBS_000154,08:01:30,4590.0,12017,ROUTE_NDLS_DDN_01,SYNTHETIC_SIMULATOR,OK,28.70225,77.466724,30.173,23.75,6.6,23.75,0.0,36.3,120,25.0,808.44,SEC_GZB_MTC,,GZB,MTC,41.827,283.827,CRUISING,,,,,44.33,,,GREEN,HIGH,True,,False,,JRN_0001,1.0,1.0,1.0,0.4541,1.0,SEVERE,"Predicted HIGH Congestion (Speed cap 25.0 km/h), Predicted Fog Visibility Risk (Speed cap 40.0 km/h)",25.0,100.4,681.2,08:01:30,30.0,BASELINE_HISTORICAL_CALIBRATION,643.5,106.0
OBS_000155,08:02:00,4620.0,12017,ROUTE_NDLS_DDN_01,SYNTHETIC_SIMULATOR,OK,28.703565,77.467831,30.371,23.75,6.6,23.75,0.0,36.3,120,25.0,806.53,SEC_GZB_MTC,,GZB,MTC,41.629,283.629,CRUISING,,,,,44.62,,,GREEN,HIGH,True,,False,,JRN_0001,1.0,1.0,1.0,0.4541,1.0,SEVERE,"Predicted HIGH Congestion (Speed cap 25.0 km/h), Predicted Fog Visibility Risk (Speed cap 40.0 km/h)",25.0,99.9,680.7,08:02:00,30.0,BASELINE_HISTORICAL_CALIBRATION,643.0,105.5
OBS_000156,08:02:30,4650.0,12017,ROUTE_NDLS_DDN_01,SYNTHETIC_SIMULATOR,OK,28.704879,77.468938,30.569,23.75,6.6,23.75,0.0,36.3,120,25.0,804.62,SEC_GZB_MTC,,GZB,MTC,41.431,283.431,CRUISING,,,,,44.9,,,GREEN,HIGH,True,,False,,JRN_0001,1.0,1.0,1.0,0.4541,1.0,SEVERE,"Predicted HIGH Congestion (Speed cap 25.0 km/h), Predicted Fog Visibility Risk (Speed cap 40.0 km/h)",25.0,99.4,680.2,08:02:30,30.0,BASELINE_HISTORICAL_CALIBRATION,642.5,105.0
OBS_000157,08:03:00,4680.0,12017,ROUTE_NDLS_DDN_01,SYNTHETIC_SIMULATOR,OK,28.706193,77.470044,30.767,23.75,6.6,23.75,0.0,36.3,120,25.0,802.71,SEC_GZB_MTC,,GZB,MTC,41.233,283.233,CRUISING,,,,,45.19,,,GREEN,HIGH,True,,False,,JRN_0001,1.0,1.0,1.0,0.4541,1.0,SEVERE,"Predicted HIGH Congestion (Speed cap 25.0 km/h), Predicted Fog Visibility Risk (Speed cap 40.0 km/h)",25.0,99.0,679.8,08:03:00,30.0,BASELINE_HISTORICAL_CALIBRATION,642.0,104.5
OBS_000158,08:03:30,4710.0,12017,ROUTE_NDLS_DDN_01,SYNTHETIC_SIMULATOR,OK,28.707507,77.471151,30.965,23.75,6.6,23.75,0.0,36.3,120,25.0,800.79,SEC_GZB_MTC,,GZB,MTC,41.035,283.035,CRUISING,,,,,45.48,,,GREEN,HIGH,True,,False,,JRN_0001,1.0,1.0,1.0,0.4541,1.0,SEVERE,"Predicted HIGH Congestion (Speed cap 25.0 km/h), Predicted Fog Visibility Risk (Speed cap 40.0 km/h)",25.0,98.5,679.3,08:03:30,30.0,BASELINE_HISTORICAL_CALIBRATION,641.5,104.0
OBS_000159,08:04:00,4740.0,12017,ROUTE_NDLS_DDN_01,SYNTHETIC_SIMULATOR,OK,28.708822,77.472258,31.163,23.75,6.6,23.75,0.0,36.3,120,25.0,798.86,SEC_GZB_MTC,,GZB,MTC,40.837,282.837,CRUISING,,,,,45.77,,,GREEN,HIGH,True,,False,,JRN_0001,1.0,1.0,1.0,0.4541,1.0,SEVERE,"Predicted HIGH Congestion (Speed cap 25.0 km/h), Predicted Fog Visibility Risk (Speed cap 40.0 km/h)",25.0,98.0,678.8,08:04:00,30.0,BASELINE_HISTORICAL_CALIBRATION,641.0,103.5
OBS_000160,08:04:30,4770.0,12017,ROUTE_NDLS_DDN_01,SYNTHETIC_SIMULATOR,OK,28.710136,77.473364,31.36,23.75,6.6,23.75,0.0,36.3,120,25.0,796.93,SEC_GZB_MTC,,GZB,MTC,40.64,282.64,CRUISING,,,,,46.05,,,GREEN,HIGH,True,,False,,JRN_0001,1.0,1.0,1.0,0.4541,1.0,SEVERE,"Predicted HIGH Congestion (Speed cap 25.0 km/h), Predicted Fog Visibility Risk (Speed cap 40.0 km/h)",25.0,97.5,678.3,08:04:30,30.0,BASELINE_HISTORICAL_CALIBRATION,640.5,103.0
OBS_000161,08:05:00,4800.0,12017,ROUTE_NDLS_DDN_01,SYNTHETIC_SIMULATOR,OK,28.71145,77.474471,31.558,23.75,6.6,23.75,0.0,36.3,120,25.0,795.0,SEC_GZB_MTC,,GZB,MTC,40.442,282.442,CRUISING,,,,,46.34,,,GREEN,HIGH,True,,False,,JRN_0001,1.0,1.0,1.0,0.4541,1.0,SEVERE,"Predicted HIGH Congestion (Speed cap 25.0 km/h), Predicted Fog Visibility Risk (Speed cap 40.0 km/h)",25.0,97.1,677.9,08:05:00,30.0,BASELINE_HISTORICAL_CALIBRATION,640.0,102.5
OBS_000162,08:05:30,4830.0,12017,ROUTE_NDLS_DDN_01,SYNTHETIC_SIMULATOR,OK,28.712764,77.475577,31.756,23.75,6.6,23.75,0.0,36.3,120,25.0,793.06,SEC_GZB_MTC,,GZB,MTC,40.244,282.244,CRUISING,,,,,46.63,,,GREEN,HIGH,True,,False,,JRN_0001,1.0,1.0,1.0,0.4541,1.0,SEVERE,"Predicted HIGH Congestion (Speed cap 25.0 km/h), Predicted Fog Visibility Risk (Speed cap 40.0 km/h)",25.0,96.6,677.4,08:05:30,30.0,BASELINE_HISTORICAL_CALIBRATION,639.5,102.0
OBS_000163,08:06:00,4860.0,12017,ROUTE_NDLS_DDN_01,SYNTHETIC_SIMULATOR,OK,28.714079,77.476684,31.954,23.75,6.6,23.75,0.0,36.3,120,25.0,791.12,SEC_GZB_MTC,,GZB,MTC,40.046,282.046,CRUISING,,,,,46.92,,,GREEN,HIGH,True,,False,,JRN_0001,1.0,1.0,1.0,0.4541,1.0,SEVERE,"Predicted HIGH Congestion (Speed cap 25.0 km/h), Predicted Fog Visibility Risk (Speed cap 40.0 km/h)",25.0,96.1,676.9,08:06:00,30.0,BASELINE_HISTORICAL_CALIBRATION,639.0,101.5
OBS_000164,08:06:30,4890.0,12017,ROUTE_NDLS_DDN_01,SYNTHETIC_SIMULATOR,OK,28.715393,77.477791,32.152,23.75,6.6,23.75,0.0,36.3,120,25.0,789.17,SEC_GZB_MTC,,GZB,MTC,39.848,281.848,CRUISING,,,,,47.21,,,GREEN,HIGH,True,,False,,JRN_0001,1.0,1.0,1.0,0.4541,1.0,SEVERE,"Predicted HIGH Congestion (Speed cap 25.0 km/h), Predicted Fog Visibility Risk (Speed cap 40.0 km/h)",25.0,95.6,676.4,08:06:30,30.0,BASELINE_HISTORICAL_CALIBRATION,638.5,101.0
OBS_000165,08:07:00,4920.0,12017,ROUTE_NDLS_DDN_01,SYNTHETIC_SIMULATOR,OK,28.716707,77.478897,32.35,23.75,6.6,23.75,0.0,36.3,120,25.0,787.22,SEC_GZB_MTC,,GZB,MTC,39.65,281.65,CRUISING,,,,,47.49,,,GREEN,HIGH,True,,False,,JRN_0001,1.0,1.0,1.0,0.4541,1.0,SEVERE,"Predicted HIGH Congestion (Speed cap 25.0 km/h), Predicted Fog Visibility Risk (Speed cap 40.0 km/h)",25.0,95.2,676.0,08:07:00,30.0,BASELINE_HISTORICAL_CALIBRATION,638.0,100.5
OBS_000166,08:07:30,4950.0,12017,ROUTE_NDLS_DDN_01,SYNTHETIC_SIMULATOR,OK,28.718021,77.480004,32.548,23.75,6.6,23.75,0.0,36.3,120,25.0,785.26,SEC_GZB_MTC,,GZB,MTC,39.452,281.452,CRUISING,,,,,47.78,,,GREEN,HIGH,True,,False,,JRN_0001,1.0,1.0,1.0,0.4541,1.0,SEVERE,"Predicted HIGH Congestion (Speed cap 25.0 km/h), Predicted Fog Visibility Risk (Speed cap 40.0 km/h)",25.0,94.7,675.5,08:07:30,30.0,BASELINE_HISTORICAL_CALIBRATION,637.5,100.0
OBS_000167,08:08:00,4980.0,12017,ROUTE_NDLS_DDN_01,SYNTHETIC_SIMULATOR,OK,28.719336,77.481111,32.746,23.75,6.6,23.75,0.0,36.3,120,25.0,783.3,SEC_GZB_MTC,,GZB,MTC,39.254,281.254,CRUISING,,,,,48.07,,,GREEN,HIGH,True,,False,,JRN_0001,1.0,1.0,1.0,0.4541,1.0,SEVERE,"Predicted HIGH Congestion (Speed cap 25.0 km/h), Predicted Fog Visibility Risk (Speed cap 40.0 km/h)",25.0,94.2,675.0,08:08:00,30.0,BASELINE_HISTORICAL_CALIBRATION,637.0,99.5
OBS_000168,08:08:30,5010.0,12017,ROUTE_NDLS_DDN_01,SYNTHETIC_SIMULATOR,OK,28.72065,77.482217,32.944,23.75,6.6,23.75,0.0,36.3,120,25.0,781.33,SEC_GZB_MTC,,GZB,MTC,39.056,281.056,CRUISING,,,,,48.36,,,GREEN,HIGH,True,,False,,JRN_0001,1.0,1.0,1.0,0.4541,1.0,SEVERE,"Predicted HIGH Congestion (Speed cap 25.0 km/h), Predicted Fog Visibility Risk (Speed cap 40.0 km/h)",25.0,93.7,674.5,08:08:30,30.0,BASELINE_HISTORICAL_CALIBRATION,636.5,99.0
OBS_000169,08:09:00,5040.0,12017,ROUTE_NDLS_DDN_01,SYNTHETIC_SIMULATOR,OK,28.721964,77.483324,33.142,23.75,6.6,23.75,0.0,36.3,120,25.0,779.36,SEC_GZB_MTC,,GZB,MTC,38.858,280.858,CRUISING,,,,,48.64,,,GREEN,HIGH,True,,False,,JRN_0001,1.0,1.0,1.0,0.4541,1.0,SEVERE,"Predicted HIGH Congestion (Speed cap 25.0 km/h), Predicted Fog Visibility Risk (Speed cap 40.0 km/h)",25.0,93.3,674.1,08:09:00,30.0,BASELINE_HISTORICAL_CALIBRATION,636.0,98.5
OBS_000170,08:09:30,5070.0,12017,ROUTE_NDLS_DDN_01,SYNTHETIC_SIMULATOR,OK,28.723278,77.484431,33.34,23.75,6.6,23.75,0.0,36.3,120,25.0,777.38,SEC_GZB_MTC,,GZB,MTC,38.66,280.66,CRUISING,,,,,48.93,,,GREEN,HIGH,True,,False,,JRN_0001,1.0,1.0,1.0,0.4541,1.0,SEVERE,"Predicted HIGH Congestion (Speed cap 25.0 km/h), Predicted Fog Visibility Risk (Speed cap 40.0 km/h)",25.0,92.8,673.6,08:09:30,30.0,BASELINE_HISTORICAL_CALIBRATION,635.5,98.0
OBS_000171,08:10:00,5100.0,12017,ROUTE_NDLS_DDN_01,SYNTHETIC_SIMULATOR,OK,28.724593,77.485537,33.538,23.75,6.6,23.75,0.0,36.3,120,25.0,775.4,SEC_GZB_MTC,,GZB,MTC,38.462,280.462,CRUISING,,,,,49.22,,,GREEN,HIGH,True,,False,,JRN_0001,1.0,1.0,1.0,0.4541,1.0,SEVERE,"Predicted HIGH Congestion (Speed cap 25.0 km/h), Predicted Fog Visibility Risk (Speed cap 40.0 km/h)",25.0,92.3,673.1,08:10:00,30.0,BASELINE_HISTORICAL_CALIBRATION,635.0,97.5
OBS_000172,08:10:30,5130.0,12017,ROUTE_NDLS_DDN_01,SYNTHETIC_SIMULATOR,OK,28.725907,77.486644,33.735,23.75,6.6,23.75,0.0,36.3,120,25.0,773.41,SEC_GZB_MTC,,GZB,MTC,38.265,280.265,CRUISING,,,,,49.51,,,GREEN,HIGH,True,,False,,JRN_0001,1.0,1.0,1.0,0.4541,1.0,SEVERE,"Predicted HIGH Congestion (Speed cap 25.0 km/h), Predicted Fog Visibility Risk (Speed cap 40.0 km/h)",25.0,91.8,672.6,08:10:30,30.0,BASELINE_HISTORICAL_CALIBRATION,634.5,97.0
OBS_000173,08:11:00,5160.0,12017,ROUTE_NDLS_DDN_01,SYNTHETIC_SIMULATOR,OK,28.727221,77.487751,33.933,23.75,6.6,23.75,0.0,36.3,120,25.0,771.42,SEC_GZB_MTC,,GZB,MTC,38.067,280.067,CRUISING,,,,,49.79,,,GREEN,HIGH,True,,False,,JRN_0001,1.0,1.0,1.0,0.4541,1.0,SEVERE,"Predicted HIGH Congestion (Speed cap 25.0 km/h), Predicted Fog Visibility Risk (Speed cap 40.0 km/h)",25.0,91.4,672.2,08:11:00,30.0,BASELINE_HISTORICAL_CALIBRATION,634.0,96.5
OBS_000174,08:11:30,5190.0,12017,ROUTE_NDLS_DDN_01,SYNTHETIC_SIMULATOR,OK,28.728535,77.488857,34.131,23.75,6.6,23.75,0.0,36.3,120,25.0,769.42,SEC_GZB_MTC,,GZB,MTC,37.869,279.869,CRUISING,,,,,50.08,,,GREEN,HIGH,True,,False,,JRN_0001,1.0,1.0,1.0,0.4541,1.0,SEVERE,"Predicted HIGH Congestion (Speed cap 25.0 km/h), Predicted Fog Visibility Risk (Speed cap 40.0 km/h)",25.0,90.9,671.7,08:11:30,30.0,BASELINE_HISTORICAL_CALIBRATION,633.5,96.0
OBS_000175,08:12:00,5220.0,12017,ROUTE_NDLS_DDN_01,SYNTHETIC_SIMULATOR,OK,28.72985,77.489964,34.329,23.75,6.6,23.75,0.0,36.3,120,25.0,767.42,SEC_GZB_MTC,,GZB,MTC,37.671,279.671,CRUISING,,,,,50.37,,,GREEN,HIGH,True,,False,,JRN_0001,1.0,1.0,1.0,0.4541,1.0,SEVERE,"Predicted HIGH Congestion (Speed cap 25.0 km/h), Predicted Fog Visibility Risk (Speed cap 40.0 km/h)",25.0,90.4,671.2,08:12:00,30.0,BASELINE_HISTORICAL_CALIBRATION,633.0,95.5
OBS_000176,08:12:30,5250.0,12017,ROUTE_NDLS_DDN_01,SYNTHETIC_SIMULATOR,OK,28.731164,77.491071,34.527,23.75,6.6,23.75,0.0,36.3,120,25.0,765.41,SEC_GZB_MTC,,GZB,MTC,37.473,279.473,CRUISING,,,,,50.66,,,GREEN,HIGH,True,,False,,JRN_0001,1.0,1.0,1.0,0.4541,1.0,SEVERE,"Predicted HIGH Congestion (Speed cap 25.0 km/h), Predicted Fog Visibility Risk (Speed cap 40.0 km/h)",25.0,89.9,670.7,08:12:30,30.0,BASELINE_HISTORICAL_CALIBRATION,632.5,95.0
OBS_000177,08:13:00,5280.0,12017,ROUTE_NDLS_DDN_01,SYNTHETIC_SIMULATOR,OK,28.732478,77.492177,34.725,23.75,6.6,23.75,0.0,36.3,120,25.0,763.4,SEC_GZB_MTC,,GZB,MTC,37.275,279.275,CRUISING,,,,,50.94,,,GREEN,HIGH,True,,False,,JRN_0001,1.0,1.0,1.0,0.4541,1.0,SEVERE,"Predicted HIGH Congestion (Speed cap 25.0 km/h), Predicted Fog Visibility Risk (Speed cap 40.0 km/h)",25.0,89.5,670.3,08:13:00,30.0,BASELINE_HISTORICAL_CALIBRATION,632.0,94.5
OBS_000178,08:13:30,5310.0,12017,ROUTE_NDLS_DDN_01,SYNTHETIC_SIMULATOR,OK,28.733792,77.493284,34.923,23.75,6.6,23.75,0.0,36.3,120,25.0,761.38,SEC_GZB_MTC,,GZB,MTC,37.077,279.077,CRUISING,,,,,51.23,,,GREEN,HIGH,True,,False,,JRN_0001,1.0,1.0,1.0,0.4541,1.0,SEVERE,"Predicted HIGH Congestion (Speed cap 25.0 km/h), Predicted Fog Visibility Risk (Speed cap 40.0 km/h)",25.0,89.0,669.8,08:13:30,30.0,BASELINE_HISTORICAL_CALIBRATION,631.5,94.0
OBS_000179,08:14:00,5340.0,12017,ROUTE_NDLS_DDN_01,SYNTHETIC_SIMULATOR,OK,28.735107,77.494391,35.121,23.75,6.6,23.75,0.0,36.3,120,25.0,759.36,SEC_GZB_MTC,,GZB,MTC,36.879,278.879,CRUISING,,,,,51.52,,,GREEN,HIGH,True,,False,,JRN_0001,1.0,1.0,1.0,0.4541,1.0,SEVERE,"Predicted HIGH Congestion (Speed cap 25.0 km/h), Predicted Fog Visibility Risk (Speed cap 40.0 km/h)",25.0,88.5,669.3,08:14:00,30.0,BASELINE_HISTORICAL_CALIBRATION,631.0,93.5
OBS_000180,08:14:30,5370.0,12017,ROUTE_NDLS_DDN_01,SYNTHETIC_SIMULATOR,OK,28.736421,77.495497,35.319,23.75,6.6,23.75,0.0,36.3,120,25.0,757.33,SEC_GZB_MTC,,GZB,MTC,36.681,278.681,CRUISING,,,,,51.81,,,GREEN,HIGH,True,,False,,JRN_0001,1.0,1.0,1.0,0.4541,1.0,SEVERE,"Predicted HIGH Congestion (Speed cap 25.0 km/h), Predicted Fog Visibility Risk (Speed cap 40.0 km/h)",25.0,88.0,668.8,08:14:30,30.0,BASELINE_HISTORICAL_CALIBRATION,630.5,93.0
OBS_000181,08:15:00,5400.0,12017,ROUTE_NDLS_DDN_01,SYNTHETIC_SIMULATOR,OK,28.737735,77.496604,35.517,23.75,6.6,23.75,0.0,36.3,120,25.0,755.29,SEC_GZB_MTC,,GZB,MTC,36.483,278.483,CRUISING,,,,,52.09,,,GREEN,HIGH,True,,False,,JRN_0001,1.0,1.0,1.0,0.4541,1.0,SEVERE,"Predicted HIGH Congestion (Speed cap 25.0 km/h), Predicted Fog Visibility Risk (Speed cap 40.0 km/h)",25.0,87.6,668.4,08:15:00,30.0,BASELINE_HISTORICAL_CALIBRATION,630.0,92.5
OBS_000182,08:15:30,5430.0,12017,ROUTE_NDLS_DDN_01,SYNTHETIC_SIMULATOR,OK,28.739049,77.49771,35.715,23.75,6.6,23.75,0.0,36.3,120,25.0,753.25,SEC_GZB_MTC,,GZB,MTC,36.285,278.285,CRUISING,,,,,52.38,,,GREEN,HIGH,True,,False,,JRN_0001,1.0,1.0,1.0,0.4541,1.0,SEVERE,"Predicted HIGH Congestion (Speed cap 25.0 km/h), Predicted Fog Visibility Risk (Speed cap 40.0 km/h)",25.0,87.1,667.9,08:15:30,30.0,BASELINE_HISTORICAL_CALIBRATION,629.5,92.0
OBS_000183,08:16:00,5460.0,12017,ROUTE_NDLS_DDN_01,SYNTHETIC_SIMULATOR,OK,28.740364,77.498817,35.913,23.75,6.6,23.75,0.0,36.3,120,25.0,751.21,SEC_GZB_MTC,,GZB,MTC,36.087,278.087,CRUISING,,,,,52.67,,,GREEN,HIGH,True,,False,,JRN_0001,1.0,1.0,1.0,0.4541,1.0,SEVERE,"Predicted HIGH Congestion (Speed cap 25.0 km/h), Predicted Fog Visibility Risk (Speed cap 40.0 km/h)",25.0,86.6,667.4,08:16:00,30.0,BASELINE_HISTORICAL_CALIBRATION,629.0,91.5
OBS_000184,08:16:30,5490.0,12017,ROUTE_NDLS_DDN_01,SYNTHETIC_SIMULATOR,OK,28.741678,77.499924,36.11,23.75,6.6,23.75,0.0,36.3,120,25.0,749.15,SEC_GZB_MTC,,GZB,MTC,35.89,277.89,CRUISING,,,,,52.96,,,GREEN,HIGH,True,,False,,JRN_0001,1.0,1.0,1.0,0.4541,1.0,SEVERE,"Predicted HIGH Congestion (Speed cap 25.0 km/h), Predicted Fog Visibility Risk (Speed cap 40.0 km/h)",25.0,86.1,666.9,08:16:30,30.0,BASELINE_HISTORICAL_CALIBRATION,628.5,91.0
OBS_000185,08:17:00,5520.0,12017,ROUTE_NDLS_DDN_01,SYNTHETIC_SIMULATOR,OK,28.742992,77.50103,36.308,23.75,6.6,23.75,0.0,36.3,120,25.0,747.1,SEC_GZB_MTC,,GZB,MTC,35.692,277.692,CRUISING,,,,,53.24,,,GREEN,HIGH,True,,False,,JRN_0001,1.0,1.0,1.0,0.4541,1.0,SEVERE,"Predicted HIGH Congestion (Speed cap 25.0 km/h), Predicted Fog Visibility Risk (Speed cap 40.0 km/h)",25.0,85.7,666.5,08:17:00,30.0,BASELINE_HISTORICAL_CALIBRATION,628.0,90.5
OBS_000186,08:17:30,5550.0,12017,ROUTE_NDLS_DDN_01,SYNTHETIC_SIMULATOR,OK,28.744306,77.502137,36.506,23.75,6.6,23.75,0.0,36.3,120,25.0,745.03,SEC_GZB_MTC,,GZB,MTC,35.494,277.494,CRUISING,,,,,53.53,,,GREEN,HIGH,True,,False,,JRN_0001,1.0,1.0,1.0,0.4541,1.0,SEVERE,"Predicted HIGH Congestion (Speed cap 25.0 km/h), Predicted Fog Visibility Risk (Speed cap 40.0 km/h)",25.0,85.2,666.0,08:17:30,30.0,BASELINE_HISTORICAL_CALIBRATION,627.5,90.0
OBS_000187,08:18:00,5580.0,12017,ROUTE_NDLS_DDN_01,SYNTHETIC_SIMULATOR,OK,28.745621,77.503244,36.704,23.75,6.6,23.75,0.0,36.3,120,25.0,742.97,SEC_GZB_MTC,,GZB,MTC,35.296,277.296,CRUISING,,,,,53.82,,,GREEN,HIGH,True,,False,,JRN_0001,1.0,1.0,1.0,0.4541,1.0,SEVERE,"Predicted HIGH Congestion (Speed cap 25.0 km/h), Predicted Fog Visibility Risk (Speed cap 40.0 km/h)",25.0,84.7,665.5,08:18:00,30.0,BASELINE_HISTORICAL_CALIBRATION,627.0,89.5
OBS_000188,08:18:30,5610.0,12017,ROUTE_NDLS_DDN_01,SYNTHETIC_SIMULATOR,OK,28.746935,77.50435,36.902,23.75,6.6,23.75,0.0,36.3,120,25.0,740.89,SEC_GZB_MTC,,GZB,MTC,35.098,277.098,CRUISING,,,,,54.11,,,GREEN,HIGH,True,,False,,JRN_0001,1.0,1.0,1.0,0.4541,1.0,SEVERE,"Predicted HIGH Congestion (Speed cap 25.0 km/h), Predicted Fog Visibility Risk (Speed cap 40.0 km/h)",25.0,84.2,665.0,08:18:30,30.0,BASELINE_HISTORICAL_CALIBRATION,626.5,89.0
OBS_000189,08:19:00,5640.0,12017,ROUTE_NDLS_DDN_01,SYNTHETIC_SIMULATOR,OK,28.748249,77.505457,37.1,23.75,6.6,23.75,0.0,36.3,120,25.0,738.81,SEC_GZB_MTC,,GZB,MTC,34.9,276.9,CRUISING,,,,,54.39,,,GREEN,HIGH,True,,False,,JRN_0001,1.0,1.0,1.0,0.4541,1.0,SEVERE,"Predicted HIGH Congestion (Speed cap 25.0 km/h), Predicted Fog Visibility Risk (Speed cap 40.0 km/h)",25.0,83.8,664.6,08:19:00,30.0,BASELINE_HISTORICAL_CALIBRATION,626.0,88.5
OBS_000190,08:19:30,5670.0,12017,ROUTE_NDLS_DDN_01,SYNTHETIC_SIMULATOR,OK,28.749563,77.506564,37.298,23.75,6.6,23.75,0.0,36.3,120,25.0,736.73,SEC_GZB_MTC,,GZB,MTC,34.702,276.702,CRUISING,,,,,54.68,,,GREEN,HIGH,True,,False,,JRN_0001,1.0,1.0,1.0,0.4541,1.0,SEVERE,"Predicted HIGH Congestion (Speed cap 25.0 km/h), Predicted Fog Visibility Risk (Speed cap 40.0 km/h)",25.0,83.3,664.1,08:19:30,30.0,BASELINE_HISTORICAL_CALIBRATION,625.5,88.0
OBS_000191,08:20:00,5700.0,12017,ROUTE_NDLS_DDN_01,SYNTHETIC_SIMULATOR,OK,28.750878,77.50767,37.496,23.75,6.6,23.75,0.0,36.3,120,25.0,734.63,SEC_GZB_MTC,,GZB,MTC,34.504,276.504,CRUISING,,,,,54.97,,,GREEN,HIGH,True,,False,,JRN_0001,1.0,1.0,1.0,0.4541,1.0,SEVERE,"Predicted HIGH Congestion (Speed cap 25.0 km/h), Predicted Fog Visibility Risk (Speed cap 40.0 km/h)",25.0,82.8,663.6,08:20:00,30.0,BASELINE_HISTORICAL_CALIBRATION,625.0,87.5
OBS_000192,08:20:30,5730.0,12017,ROUTE_NDLS_DDN_01,SYNTHETIC_SIMULATOR,OK,28.752192,77.508777,37.694,23.75,6.6,23.75,0.0,36.3,120,25.0,732.54,SEC_GZB_MTC,,GZB,MTC,34.306,276.306,CRUISING,,,,,55.26,,,GREEN,HIGH,True,,False,,JRN_0001,1.0,1.0,1.0,0.4541,1.0,SEVERE,"Predicted HIGH Congestion (Speed cap 25.0 km/h), Predicted Fog Visibility Risk (Speed cap 40.0 km/h)",25.0,82.3,663.1,08:20:30,30.0,BASELINE_HISTORICAL_CALIBRATION,624.5,87.0
OBS_000193,08:21:00,5760.0,12017,ROUTE_NDLS_DDN_01,SYNTHETIC_SIMULATOR,OK,28.753506,77.509884,37.892,23.75,6.6,23.75,0.0,36.3,120,25.0,730.43,SEC_GZB_MTC,,GZB,MTC,34.108,276.108,CRUISING,,,,,55.55,,,GREEN,HIGH,True,,False,,JRN_0001,1.0,1.0,1.0,0.4541,1.0,SEVERE,"Predicted HIGH Congestion (Speed cap 25.0 km/h), Predicted Fog Visibility Risk (Speed cap 40.0 km/h)",25.0,81.9,662.7,08:21:00,30.0,BASELINE_HISTORICAL_CALIBRATION,624.0,86.5
OBS_000194,08:21:30,5790.0,12017,ROUTE_NDLS_DDN_01,SYNTHETIC_SIMULATOR,OK,28.75482,77.51099,38.09,23.75,6.6,23.75,0.0,36.3,120,25.0,728.32,SEC_GZB_MTC,,GZB,MTC,33.91,275.91,CRUISING,,,,,55.83,,,GREEN,HIGH,True,,False,,JRN_0001,1.0,1.0,1.0,0.4541,1.0,SEVERE,"Predicted HIGH Congestion (Speed cap 25.0 km/h), Predicted Fog Visibility Risk (Speed cap 40.0 km/h)",25.0,81.4,662.2,08:21:30,30.0,BASELINE_HISTORICAL_CALIBRATION,623.5,86.0
OBS_000195,08:22:00,5820.0,12017,ROUTE_NDLS_DDN_01,SYNTHETIC_SIMULATOR,OK,28.756135,77.512097,38.287,23.75,6.6,23.75,0.0,36.3,120,25.0,726.21,SEC_GZB_MTC,,GZB,MTC,33.713,275.713,CRUISING,,,,,56.12,,,GREEN,HIGH,True,,False,,JRN_0001,1.0,1.0,1.0,0.4541,1.0,SEVERE,"Predicted HIGH Congestion (Speed cap 25.0 km/h), Predicted Fog Visibility Risk (Speed cap 40.0 km/h)",25.0,80.9,661.7,08:22:00,30.0,BASELINE_HISTORICAL_CALIBRATION,623.0,85.5
OBS_000196,08:22:30,5850.0,12017,ROUTE_NDLS_DDN_01,SYNTHETIC_SIMULATOR,OK,28.757449,77.513204,38.485,23.75,6.6,23.75,0.0,36.3,120,25.0,724.08,SEC_GZB_MTC,,GZB,MTC,33.515,275.515,CRUISING,,,,,56.41,,,GREEN,HIGH,True,,False,,JRN_0001,1.0,1.0,1.0,0.4541,1.0,SEVERE,"Predicted HIGH Congestion (Speed cap 25.0 km/h), Predicted Fog Visibility Risk (Speed cap 40.0 km/h)",25.0,80.4,661.2,08:22:30,30.0,BASELINE_HISTORICAL_CALIBRATION,622.5,85.0
OBS_000197,08:23:00,5880.0,12017,ROUTE_NDLS_DDN_01,SYNTHETIC_SIMULATOR,OK,28.758763,77.51431,38.683,23.75,6.6,23.75,0.0,36.3,120,25.0,721.95,SEC_GZB_MTC,,GZB,MTC,33.317,275.317,CRUISING,,,,,56.7,,,GREEN,HIGH,True,,False,,JRN_0001,1.0,1.0,1.0,0.4541,1.0,SEVERE,"Predicted HIGH Congestion (Speed cap 25.0 km/h), Predicted Fog Visibility Risk (Speed cap 40.0 km/h)",25.0,80.0,660.8,08:23:00,30.0,BASELINE_HISTORICAL_CALIBRATION,622.0,84.5
OBS_000198,08:23:30,5910.0,12017,ROUTE_NDLS_DDN_01,SYNTHETIC_SIMULATOR,OK,28.760077,77.515417,38.881,23.75,6.6,23.75,0.0,36.3,120,25.0,719.82,SEC_GZB_MTC,,GZB,MTC,33.119,275.119,CRUISING,,,,,56.98,,,GREEN,HIGH,True,,False,,JRN_0001,1.0,1.0,1.0,0.4541,1.0,SEVERE,"Predicted HIGH Congestion (Speed cap 25.0 km/h), Predicted Fog Visibility Risk (Speed cap 40.0 km/h)",25.0,79.5,660.3,08:23:30,30.0,BASELINE_HISTORICAL_CALIBRATION,621.5,84.0
OBS_000199,08:24:00,5940.0,12017,ROUTE_NDLS_DDN_01,SYNTHETIC_SIMULATOR,OK,28.761392,77.516524,39.079,23.75,6.6,23.75,0.0,36.3,120,25.0,717.68,SEC_GZB_MTC,,GZB,MTC,32.921,274.921,CRUISING,,,,,57.27,,,GREEN,HIGH,True,,False,,JRN_0001,1.0,1.0,1.0,0.4541,1.0,SEVERE,"Predicted HIGH Congestion (Speed cap 25.0 km/h), Predicted Fog Visibility Risk (Speed cap 40.0 km/h)",25.0,79.0,659.8,08:24:00,30.0,BASELINE_HISTORICAL_CALIBRATION,621.0,83.5
OBS_000200,08:24:30,5970.0,12017,ROUTE_NDLS_DDN_01,SYNTHETIC_SIMULATOR,OK,28.762706,77.51763,39.277,23.75,6.6,23.75,0.0,36.3,120,25.0,715.53,SEC_GZB_MTC,,GZB,MTC,32.723,274.723,CRUISING,,,,,57.56,,,GREEN,HIGH,True,,False,,JRN_0001,1.0,1.0,1.0,0.4541,1.0,SEVERE,"Predicted HIGH Congestion (Speed cap 25.0 km/h), Predicted Fog Visibility Risk (Speed cap 40.0 km/h)",25.0,78.5,659.3,08:24:30,30.0,BASELINE_HISTORICAL_CALIBRATION,620.5,83.0
OBS_000201,08:25:00,6000.0,12017,ROUTE_NDLS_DDN_01,SYNTHETIC_SIMULATOR,OK,28.76402,77.518737,39.475,23.75,6.6,23.75,0.0,36.3,120,25.0,713.38,SEC_GZB_MTC,,GZB,MTC,32.525,274.525,CRUISING,,,,,57.85,,,GREEN,HIGH,True,,False,,JRN_0001,1.0,1.0,1.0,0.4541,1.0,SEVERE,"Predicted HIGH Congestion (Speed cap 25.0 km/h), Predicted Fog Visibility Risk (Speed cap 40.0 km/h)",25.0,78.1,658.9,08:25:00,30.0,BASELINE_HISTORICAL_CALIBRATION,620.0,82.5
OBS_000202,08:25:30,6030.0,12017,ROUTE_NDLS_DDN_01,SYNTHETIC_SIMULATOR,OK,28.765334,77.519843,39.673,23.75,6.6,23.75,0.0,36.3,120,25.0,711.22,SEC_GZB_MTC,,GZB,MTC,32.327,274.327,CRUISING,,,,,58.13,,,GREEN,HIGH,True,,False,,JRN_0001,1.0,1.0,1.0,0.4541,1.0,SEVERE,"Predicted HIGH Congestion (Speed cap 25.0 km/h), Predicted Fog Visibility Risk (Speed cap 40.0 km/h)",25.0,77.6,658.4,08:25:30,30.0,BASELINE_HISTORICAL_CALIBRATION,619.5,82.0
OBS_000203,08:26:00,6060.0,12017,ROUTE_NDLS_DDN_01,SYNTHETIC_SIMULATOR,OK,28.766649,77.52095,39.871,23.75,6.6,23.75,0.0,36.3,120,25.0,709.05,SEC_GZB_MTC,,GZB,MTC,32.129,274.129,CRUISING,,,,,58.42,,,GREEN,HIGH,True,,False,,JRN_0001,1.0,1.0,1.0,0.4541,1.0,SEVERE,"Predicted HIGH Congestion (Speed cap 25.0 km/h), Predicted Fog Visibility Risk (Speed cap 40.0 km/h)",25.0,77.1,657.9,08:26:00,30.0,BASELINE_HISTORICAL_CALIBRATION,619.0,81.5
OBS_000204,08:26:30,6090.0,12017,ROUTE_NDLS_DDN_01,SYNTHETIC_SIMULATOR,OK,28.767963,77.522057,40.069,23.75,6.6,23.75,0.0,36.3,120,25.0,706.88,SEC_GZB_MTC,,GZB,MTC,31.931,273.931,CRUISING,,,,,58.71,,,GREEN,HIGH,True,,False,,JRN_0001,1.0,1.0,1.0,0.4541,1.0,SEVERE,"Predicted HIGH Congestion (Speed cap 25.0 km/h), Predicted Fog Visibility Risk (Speed cap 40.0 km/h)",25.0,76.6,657.4,08:26:30,30.0,BASELINE_HISTORICAL_CALIBRATION,618.5,81.0
OBS_000205,08:27:00,6120.0,12017,ROUTE_NDLS_DDN_01,SYNTHETIC_SIMULATOR,OK,28.769277,77.523163,40.267,23.75,6.6,23.75,0.0,36.3,120,25.0,704.69,SEC_GZB_MTC,,GZB,MTC,31.733,273.733,CRUISING,,,,,59.0,,,GREEN,HIGH,True,,False,,JRN_0001,1.0,1.0,1.0,0.4541,1.0,SEVERE,"Predicted HIGH Congestion (Speed cap 25.0 km/h), Predicted Fog Visibility Risk (Speed cap 40.0 km/h)",25.0,76.2,657.0,08:27:00,30.0,BASELINE_HISTORICAL_CALIBRATION,618.0,80.5
OBS_000206,08:27:30,6150.0,12017,ROUTE_NDLS_DDN_01,SYNTHETIC_SIMULATOR,OK,28.770591,77.52427,40.465,23.75,6.6,23.75,0.0,36.3,120,25.0,702.51,SEC_GZB_MTC,,GZB,MTC,31.535,273.535,CRUISING,,,,,59.28,,,GREEN,HIGH,True,,False,,JRN_0001,1.0,1.0,1.0,0.4541,1.0,SEVERE,"Predicted HIGH Congestion (Speed cap 25.0 km/h), Predicted Fog Visibility Risk (Speed cap 40.0 km/h)",25.0,75.7,656.5,08:27:30,30.0,BASELINE_HISTORICAL_CALIBRATION,617.5,80.0
OBS_000207,08:28:00,6180.0,12017,ROUTE_NDLS_DDN_01,SYNTHETIC_SIMULATOR,OK,28.771906,77.525377,40.662,23.75,6.6,23.75,0.0,36.3,120,25.0,700.31,SEC_GZB_MTC,,GZB,MTC,31.338,273.338,CRUISING,,,,,59.57,,,GREEN,HIGH,True,,False,,JRN_0001,1.0,1.0,1.0,0.4541,1.0,SEVERE,"Predicted HIGH Congestion (Speed cap 25.0 km/h), Predicted Fog Visibility Risk (Speed cap 40.0 km/h)",25.0,75.2,656.0,08:28:00,30.0,BASELINE_HISTORICAL_CALIBRATION,617.0,79.5
OBS_000208,08:28:30,6210.0,12017,ROUTE_NDLS_DDN_01,SYNTHETIC_SIMULATOR,OK,28.77322,77.526483,40.86,23.75,6.6,23.75,0.0,36.3,120,25.0,698.11,SEC_GZB_MTC,,GZB,MTC,31.14,273.14,CRUISING,,,,,59.86,,,GREEN,HIGH,True,,False,,JRN_0001,1.0,1.0,1.0,0.4541,1.0,SEVERE,"Predicted HIGH Congestion (Speed cap 25.0 km/h), Predicted Fog Visibility Risk (Speed cap 40.0 km/h)",25.0,74.7,655.5,08:28:30,30.0,BASELINE_HISTORICAL_CALIBRATION,616.5,79.0
OBS_000209,08:29:00,6240.0,12017,ROUTE_NDLS_DDN_01,SYNTHETIC_SIMULATOR,OK,28.774534,77.52759,41.058,23.75,6.6,23.75,0.0,36.3,120,25.0,695.9,SEC_GZB_MTC,,GZB,MTC,30.942,272.942,CRUISING,,,,,60.15,,,GREEN,HIGH,True,,False,,JRN_0001,1.0,1.0,1.0,0.4541,1.0,SEVERE,"Predicted HIGH Congestion (Speed cap 25.0 km/h), Predicted Fog Visibility Risk (Speed cap 40.0 km/h)",25.0,74.3,655.1,08:29:00,30.0,BASELINE_HISTORICAL_CALIBRATION,616.0,78.5
OBS_000210,08:29:30,6270.0,12017,ROUTE_NDLS_DDN_01,SYNTHETIC_SIMULATOR,OK,28.775848,77.528697,41.256,23.75,6.6,23.75,0.0,36.3,120,25.0,693.69,SEC_GZB_MTC,,GZB,MTC,30.744,272.744,CRUISING,,,,,60.43,,,GREEN,HIGH,True,,False,,JRN_0001,1.0,1.0,1.0,0.4541,1.0,SEVERE,"Predicted HIGH Congestion (Speed cap 25.0 km/h), Predicted Fog Visibility Risk (Speed cap 40.0 km/h)",25.0,73.8,654.6,08:29:30,30.0,BASELINE_HISTORICAL_CALIBRATION,615.5,78.0
OBS_000211,08:30:00,6300.0,12017,ROUTE_NDLS_DDN_01,SYNTHETIC_SIMULATOR,OK,28.777163,77.529803,41.454,23.75,6.6,23.75,0.0,36.3,120,25.0,691.47,SEC_GZB_MTC,,GZB,MTC,30.546,272.546,CRUISING,,,,,60.72,,,GREEN,HIGH,True,,False,,JRN_0001,1.0,1.0,1.0,0.4541,1.0,SEVERE,"Predicted HIGH Congestion (Speed cap 25.0 km/h), Predicted Fog Visibility Risk (Speed cap 40.0 km/h)",25.0,73.3,654.1,08:30:00,30.0,BASELINE_HISTORICAL_CALIBRATION,615.0,77.5
OBS_000212,08:30:30,6330.0,12017,ROUTE_NDLS_DDN_01,SYNTHETIC_SIMULATOR,OK,28.778477,77.53091,41.652,23.75,6.6,23.75,0.0,36.3,120,25.0,689.24,SEC_GZB_MTC,,GZB,MTC,30.348,272.348,CRUISING,,,,,61.01,,,GREEN,HIGH,True,,False,,JRN_0001,1.0,1.0,1.0,0.4541,1.0,SEVERE,"Predicted HIGH Congestion (Speed cap 25.0 km/h), Predicted Fog Visibility Risk (Speed cap 40.0 km/h)",25.0,72.8,653.6,08:30:30,30.0,BASELINE_HISTORICAL_CALIBRATION,614.5,77.0
OBS_000213,08:31:00,6360.0,12017,ROUTE_NDLS_DDN_01,SYNTHETIC_SIMULATOR,OK,28.779791,77.532017,41.85,23.75,6.6,23.75,0.0,36.3,120,25.0,687.0,SEC_GZB_MTC,,GZB,MTC,30.15,272.15,CRUISING,,,,,61.3,,,GREEN,HIGH,True,,False,,JRN_0001,1.0,1.0,1.0,0.4541,1.0,SEVERE,"Predicted HIGH Congestion (Speed cap 25.0 km/h), Predicted Fog Visibility Risk (Speed cap 40.0 km/h)",25.0,72.4,653.2,08:31:00,30.0,BASELINE_HISTORICAL_CALIBRATION,614.0,76.5
OBS_000214,08:31:30,6390.0,12017,ROUTE_NDLS_DDN_01,SYNTHETIC_SIMULATOR,OK,28.781105,77.533123,42.048,23.75,6.6,23.75,0.0,36.3,120,25.0,684.76,SEC_GZB_MTC,,GZB,MTC,29.952,271.952,CRUISING,,,,,61.58,,,GREEN,HIGH,True,,False,,JRN_0001,1.0,1.0,1.0,0.4541,1.0,SEVERE,"Predicted HIGH Congestion (Speed cap 25.0 km/h), Predicted Fog Visibility Risk (Speed cap 40.0 km/h)",25.0,71.9,652.7,08:31:30,30.0,BASELINE_HISTORICAL_CALIBRATION,613.5,76.0
OBS_000215,08:32:00,6420.0,12017,ROUTE_NDLS_DDN_01,SYNTHETIC_SIMULATOR,OK,28.78242,77.53423,42.246,23.75,6.6,23.75,0.0,36.3,120,25.0,682.51,SEC_GZB_MTC,,GZB,MTC,29.754,271.754,CRUISING,,,,,61.87,,,GREEN,HIGH,True,,False,,JRN_0001,1.0,1.0,1.0,0.4541,1.0,SEVERE,"Predicted HIGH Congestion (Speed cap 25.0 km/h), Predicted Fog Visibility Risk (Speed cap 40.0 km/h)",25.0,71.4,652.2,08:32:00,30.0,BASELINE_HISTORICAL_CALIBRATION,613.0,75.5
OBS_000216,08:32:30,6450.0,12017,ROUTE_NDLS_DDN_01,SYNTHETIC_SIMULATOR,OK,28.783734,77.535337,42.444,23.75,6.6,23.75,0.0,36.3,120,25.0,680.25,SEC_GZB_MTC,,GZB,MTC,29.556,271.556,CRUISING,,,,,62.16,,,GREEN,HIGH,True,,False,,JRN_0001,1.0,1.0,1.0,0.4541,1.0,SEVERE,"Predicted HIGH Congestion (Speed cap 25.0 km/h), Predicted Fog Visibility Risk (Speed cap 40.0 km/h)",25.0,70.9,651.7,08:32:30,30.0,BASELINE_HISTORICAL_CALIBRATION,612.5,75.0
OBS_000217,08:33:00,6480.0,12017,ROUTE_NDLS_DDN_01,SYNTHETIC_SIMULATOR,OK,28.785048,77.536443,42.642,23.75,6.6,23.75,0.0,36.3,120,25.0,677.98,SEC_GZB_MTC,,GZB,MTC,29.358,271.358,CRUISING,,,,,62.45,,,GREEN,HIGH,True,,False,,JRN_0001,1.0,1.0,1.0,0.4541,1.0,SEVERE,"Predicted HIGH Congestion (Speed cap 25.0 km/h), Predicted Fog Visibility Risk (Speed cap 40.0 km/h)",25.0,70.5,651.3,08:33:00,30.0,BASELINE_HISTORICAL_CALIBRATION,612.0,74.5
OBS_000218,08:33:30,6510.0,12017,ROUTE_NDLS_DDN_01,SYNTHETIC_SIMULATOR,OK,28.786362,77.53755,42.84,23.75,6.6,23.75,0.0,36.3,120,25.0,675.71,SEC_GZB_MTC,,GZB,MTC,29.16,271.16,CRUISING,,,,,62.73,,,GREEN,HIGH,True,,False,,JRN_0001,1.0,1.0,1.0,0.4541,1.0,SEVERE,"Predicted HIGH Congestion (Speed cap 25.0 km/h), Predicted Fog Visibility Risk (Speed cap 40.0 km/h)",25.0,70.0,650.8,08:33:30,30.0,BASELINE_HISTORICAL_CALIBRATION,611.5,74.0
OBS_000219,08:34:00,6540.0,12017,ROUTE_NDLS_DDN_01,SYNTHETIC_SIMULATOR,OK,28.787677,77.538656,43.037,23.75,6.6,23.75,0.0,36.3,120,25.0,673.43,SEC_GZB_MTC,,GZB,MTC,28.963,270.963,CRUISING,,,,,63.02,,,GREEN,HIGH,True,,False,,JRN_0001,1.0,1.0,1.0,0.4541,1.0,SEVERE,"Predicted HIGH Congestion (Speed cap 25.0 km/h), Predicted Fog Visibility Risk (Speed cap 40.0 km/h)",25.0,69.5,650.3,08:34:00,30.0,BASELINE_HISTORICAL_CALIBRATION,611.0,73.5
OBS_000220,08:34:30,6570.0,12017,ROUTE_NDLS_DDN_01,SYNTHETIC_SIMULATOR,OK,28.788991,77.539763,43.235,23.75,6.6,23.75,0.0,36.3,120,25.0,671.14,SEC_GZB_MTC,,GZB,MTC,28.765,270.765,CRUISING,,,,,63.31,,,GREEN,HIGH,True,,False,,JRN_0001,1.0,1.0,1.0,0.4541,1.0,SEVERE,"Predicted HIGH Congestion (Speed cap 25.0 km/h), Predicted Fog Visibility Risk (Speed cap 40.0 km/h)",25.0,69.0,649.8,08:34:30,30.0,BASELINE_HISTORICAL_CALIBRATION,610.5,73.0
OBS_000221,08:35:00,6600.0,12017,ROUTE_NDLS_DDN_01,SYNTHETIC_SIMULATOR,OK,28.790305,77.54087,43.433,23.75,6.6,23.75,0.0,36.3,120,25.0,668.84,SEC_GZB_MTC,,GZB,MTC,28.567,270.567,CRUISING,,,,,63.6,,,GREEN,HIGH,True,,False,,JRN_0001,1.0,1.0,1.0,0.4541,1.0,SEVERE,"Predicted HIGH Congestion (Speed cap 25.0 km/h), Predicted Fog Visibility Risk (Speed cap 40.0 km/h)",25.0,68.6,649.4,08:35:00,30.0,BASELINE_HISTORICAL_CALIBRATION,610.0,72.5
OBS_000222,08:35:30,6630.0,12017,ROUTE_NDLS_DDN_01,SYNTHETIC_SIMULATOR,OK,28.791619,77.541976,43.631,23.75,6.6,23.75,0.0,36.3,120,25.0,666.53,SEC_GZB_MTC,,GZB,MTC,28.369,270.369,CRUISING,,,,,63.89,,,GREEN,HIGH,True,,False,,JRN_0001,1.0,1.0,1.0,0.4541,1.0,SEVERE,"Predicted HIGH Congestion (Speed cap 25.0 km/h), Predicted Fog Visibility Risk (Speed cap 40.0 km/h)",25.0,68.1,648.9,08:35:30,30.0,BASELINE_HISTORICAL_CALIBRATION,609.5,72.0
OBS_000223,08:36:00,6660.0,12017,ROUTE_NDLS_DDN_01,SYNTHETIC_SIMULATOR,OK,28.792934,77.543083,43.829,23.75,6.6,23.75,0.0,36.3,120,25.0,664.22,SEC_GZB_MTC,,GZB,MTC,28.171,270.171,CRUISING,,,,,64.17,,,GREEN,HIGH,True,,False,,JRN_0001,1.0,1.0,1.0,0.4541,1.0,SEVERE,"Predicted HIGH Congestion (Speed cap 25.0 km/h), Predicted Fog Visibility Risk (Speed cap 40.0 km/h)",25.0,67.6,648.4,08:36:00,30.0,BASELINE_HISTORICAL_CALIBRATION,609.0,71.5
OBS_000224,08:36:30,6690.0,12017,ROUTE_NDLS_DDN_01,SYNTHETIC_SIMULATOR,OK,28.794248,77.54419,44.027,23.75,6.6,23.75,0.0,36.3,120,25.0,661.9,SEC_GZB_MTC,,GZB,MTC,27.973,269.973,CRUISING,,,,,64.46,,,GREEN,HIGH,True,,False,,JRN_0001,1.0,1.0,1.0,0.4541,1.0,SEVERE,"Predicted HIGH Congestion (Speed cap 25.0 km/h), Predicted Fog Visibility Risk (Speed cap 40.0 km/h)",25.0,67.1,647.9,08:36:30,30.0,BASELINE_HISTORICAL_CALIBRATION,608.5,71.0
OBS_000225,08:37:00,6720.0,12017,ROUTE_NDLS_DDN_01,SYNTHETIC_SIMULATOR,OK,28.795562,77.545296,44.225,23.75,6.6,23.75,0.0,36.3,120,25.0,659.57,SEC_GZB_MTC,,GZB,MTC,27.775,269.775,CRUISING,,,,,64.75,,,GREEN,HIGH,True,,False,,JRN_0001,1.0,1.0,1.0,0.4541,1.0,SEVERE,"Predicted HIGH Congestion (Speed cap 25.0 km/h), Predicted Fog Visibility Risk (Speed cap 40.0 km/h)",25.0,66.7,647.5,08:37:00,30.0,BASELINE_HISTORICAL_CALIBRATION,608.0,70.5
OBS_000226,08:37:30,6750.0,12017,ROUTE_NDLS_DDN_01,SYNTHETIC_SIMULATOR,OK,28.796876,77.546403,44.423,23.75,6.6,23.75,0.0,36.3,120,25.0,657.23,SEC_GZB_MTC,,GZB,MTC,27.577,269.577,CRUISING,,,,,65.04,,,GREEN,HIGH,True,,False,,JRN_0001,1.0,1.0,1.0,0.4541,1.0,SEVERE,"Predicted HIGH Congestion (Speed cap 25.0 km/h), Predicted Fog Visibility Risk (Speed cap 40.0 km/h)",25.0,66.2,647.0,08:37:30,30.0,BASELINE_HISTORICAL_CALIBRATION,607.5,70.0
OBS_000227,08:38:00,6780.0,12017,ROUTE_NDLS_DDN_01,SYNTHETIC_SIMULATOR,OK,28.798191,77.54751,44.621,23.75,6.6,23.75,0.0,36.3,120,25.0,654.89,SEC_GZB_MTC,,GZB,MTC,27.379,269.379,CRUISING,,,,,65.32,,,GREEN,HIGH,True,,False,,JRN_0001,1.0,1.0,1.0,0.4541,1.0,SEVERE,"Predicted HIGH Congestion (Speed cap 25.0 km/h), Predicted Fog Visibility Risk (Speed cap 40.0 km/h)",25.0,65.7,646.5,08:38:00,30.0,BASELINE_HISTORICAL_CALIBRATION,607.0,69.5
OBS_000228,08:38:30,6810.0,12017,ROUTE_NDLS_DDN_01,SYNTHETIC_SIMULATOR,OK,28.799505,77.548616,44.819,23.75,6.6,23.75,0.0,36.3,120,25.0,652.53,SEC_GZB_MTC,,GZB,MTC,27.181,269.181,CRUISING,,,,,65.61,,,GREEN,HIGH,True,,False,,JRN_0001,1.0,1.0,1.0,0.4541,1.0,SEVERE,"Predicted HIGH Congestion (Speed cap 25.0 km/h), Predicted Fog Visibility Risk (Speed cap 40.0 km/h)",25.0,65.2,646.0,08:38:30,30.0,BASELINE_HISTORICAL_CALIBRATION,606.5,69.0
OBS_000229,08:39:00,6840.0,12017,ROUTE_NDLS_DDN_01,SYNTHETIC_SIMULATOR,OK,28.800819,77.549723,45.017,23.75,6.6,23.75,0.0,36.3,120,25.0,650.17,SEC_GZB_MTC,,GZB,MTC,26.983,268.983,CRUISING,,,,,65.9,,,GREEN,HIGH,True,,False,,JRN_0001,1.0,1.0,1.0,0.4541,1.0,SEVERE,"Predicted HIGH Congestion (Speed cap 25.0 km/h), Predicted Fog Visibility Risk (Speed cap 40.0 km/h)",25.0,64.8,645.6,08:39:00,30.0,BASELINE_HISTORICAL_CALIBRATION,606.0,68.5
OBS_000230,08:39:30,6870.0,12017,ROUTE_NDLS_DDN_01,SYNTHETIC_SIMULATOR,OK,28.802133,77.55083,45.215,23.75,6.6,23.75,0.0,36.3,120,25.0,647.8,SEC_GZB_MTC,,GZB,MTC,26.785,268.785,CRUISING,,,,,66.19,,,GREEN,HIGH,True,,False,,JRN_0001,1.0,1.0,1.0,0.4541,1.0,SEVERE,"Predicted HIGH Congestion (Speed cap 25.0 km/h), Predicted Fog Visibility Risk (Speed cap 40.0 km/h)",25.0,64.3,645.1,08:39:30,30.0,BASELINE_HISTORICAL_CALIBRATION,605.5,68.0
OBS_000231,08:40:00,6900.0,12017,ROUTE_NDLS_DDN_01,SYNTHETIC_SIMULATOR,OK,28.803448,77.551936,45.412,23.75,6.6,23.75,0.0,36.3,120,25.0,645.42,SEC_GZB_MTC,,GZB,MTC,26.588,268.588,CRUISING,,,,,66.47,,,GREEN,HIGH,True,,False,,JRN_0001,1.0,1.0,1.0,0.4541,1.0,SEVERE,"Predicted HIGH Congestion (Speed cap 25.0 km/h), Predicted Fog Visibility Risk (Speed cap 40.0 km/h)",25.0,63.8,644.6,08:40:00,30.0,BASELINE_HISTORICAL_CALIBRATION,605.0,67.5
OBS_000232,08:40:30,6930.0,12017,ROUTE_NDLS_DDN_01,SYNTHETIC_SIMULATOR,OK,28.804762,77.553043,45.61,23.75,6.6,23.75,0.0,36.3,120,25.0,643.03,SEC_GZB_MTC,,GZB,MTC,26.39,268.39,CRUISING,,,,,66.76,,,GREEN,HIGH,True,,False,,JRN_0001,1.0,1.0,1.0,0.4541,1.0,SEVERE,"Predicted HIGH Congestion (Speed cap 25.0 km/h), Predicted Fog Visibility Risk (Speed cap 40.0 km/h)",25.0,63.3,644.1,08:40:30,30.0,BASELINE_HISTORICAL_CALIBRATION,604.5,67.0
OBS_000233,08:41:00,6960.0,12017,ROUTE_NDLS_DDN_01,SYNTHETIC_SIMULATOR,OK,28.806076,77.55415,45.808,23.75,6.6,23.75,0.0,36.3,120,25.0,640.63,SEC_GZB_MTC,,GZB,MTC,26.192,268.192,CRUISING,,,,,67.05,,,GREEN,HIGH,True,,False,,JRN_0001,1.0,1.0,1.0,0.4541,1.0,SEVERE,"Predicted HIGH Congestion (Speed cap 25.0 km/h), Predicted Fog Visibility Risk (Speed cap 40.0 km/h)",25.0,62.9,643.7,08:41:00,30.0,BASELINE_HISTORICAL_CALIBRATION,604.0,66.5
OBS_000234,08:41:30,6990.0,12017,ROUTE_NDLS_DDN_01,SYNTHETIC_SIMULATOR,OK,28.80739,77.555256,46.006,23.75,6.6,23.75,0.0,36.3,120,25.0,638.23,SEC_GZB_MTC,,GZB,MTC,25.994,267.994,CRUISING,,,,,67.34,,,GREEN,HIGH,True,,False,,JRN_0001,1.0,1.0,1.0,0.4541,1.0,SEVERE,"Predicted HIGH Congestion (Speed cap 25.0 km/h), Predicted Fog Visibility Risk (Speed cap 40.0 km/h)",25.0,62.4,643.2,08:41:30,30.0,BASELINE_HISTORICAL_CALIBRATION,603.5,66.0
OBS_000235,08:42:00,7020.0,12017,ROUTE_NDLS_DDN_01,SYNTHETIC_SIMULATOR,OK,28.808705,77.556363,46.204,23.75,6.6,23.75,0.0,36.3,120,25.0,635.81,SEC_GZB_MTC,,GZB,MTC,25.796,267.796,CRUISING,,,,,67.62,,,GREEN,HIGH,True,,False,,JRN_0001,1.0,1.0,1.0,0.4541,1.0,SEVERE,"Predicted HIGH Congestion (Speed cap 25.0 km/h), Predicted Fog Visibility Risk (Speed cap 40.0 km/h)",25.0,61.9,642.7,08:42:00,30.0,BASELINE_HISTORICAL_CALIBRATION,603.0,65.5
OBS_000236,08:42:30,7050.0,12017,ROUTE_NDLS_DDN_01,SYNTHETIC_SIMULATOR,OK,28.810019,77.55747,46.402,23.75,6.6,23.75,0.0,36.3,120,25.0,633.39,SEC_GZB_MTC,,GZB,MTC,25.598,267.598,CRUISING,,,,,67.91,,,GREEN,HIGH,True,,False,,JRN_0001,1.0,1.0,1.0,0.4541,1.0,SEVERE,"Predicted HIGH Congestion (Speed cap 25.0 km/h), Predicted Fog Visibility Risk (Speed cap 40.0 km/h)",25.0,61.4,642.2,08:42:30,30.0,BASELINE_HISTORICAL_CALIBRATION,602.5,65.0
OBS_000237,08:43:00,7080.0,12017,ROUTE_NDLS_DDN_01,SYNTHETIC_SIMULATOR,OK,28.811333,77.558576,46.6,23.75,6.6,23.75,0.0,36.3,120,25.0,630.95,SEC_GZB_MTC,,GZB,MTC,25.4,267.4,CRUISING,,,,,68.2,,,GREEN,HIGH,True,,False,,JRN_0001,1.0,1.0,1.0,0.4541,1.0,SEVERE,"Predicted HIGH Congestion (Speed cap 25.0 km/h), Predicted Fog Visibility Risk (Speed cap 40.0 km/h)",25.0,61.0,641.8,08:43:00,30.0,BASELINE_HISTORICAL_CALIBRATION,602.0,64.5
OBS_000238,08:43:30,7110.0,12017,ROUTE_NDLS_DDN_01,SYNTHETIC_SIMULATOR,OK,28.812647,77.559683,46.798,23.75,6.6,23.75,0.0,36.3,120,25.0,628.51,SEC_GZB_MTC,,GZB,MTC,25.202,267.202,CRUISING,,,,,68.49,,,GREEN,HIGH,True,,False,,JRN_0001,1.0,1.0,1.0,0.4541,1.0,SEVERE,"Predicted HIGH Congestion (Speed cap 25.0 km/h), Predicted Fog Visibility Risk (Speed cap 40.0 km/h)",25.0,60.5,641.3,08:43:30,30.0,BASELINE_HISTORICAL_CALIBRATION,601.5,64.0
OBS_000239,08:44:00,7140.0,12017,ROUTE_NDLS_DDN_01,SYNTHETIC_SIMULATOR,OK,28.813962,77.560789,46.996,23.75,6.6,23.75,0.0,36.3,120,25.0,626.05,SEC_GZB_MTC,,GZB,MTC,25.004,267.004,CRUISING,,,,,68.77,,,GREEN,HIGH,True,,False,,JRN_0001,1.0,1.0,1.0,0.4541,1.0,SEVERE,"Predicted HIGH Congestion (Speed cap 25.0 km/h), Predicted Fog Visibility Risk (Speed cap 40.0 km/h)",25.0,60.0,640.8,08:44:00,30.0,BASELINE_HISTORICAL_CALIBRATION,601.0,63.5
OBS_000240,08:44:30,7170.0,12017,ROUTE_NDLS_DDN_01,SYNTHETIC_SIMULATOR,OK,28.815276,77.561896,47.194,23.75,6.6,23.75,0.0,36.3,120,25.0,623.59,SEC_GZB_MTC,,GZB,MTC,24.806,266.806,CRUISING,,,,,69.06,,,GREEN,HIGH,True,,False,,JRN_0001,1.0,1.0,1.0,0.4541,1.0,SEVERE,"Predicted HIGH Congestion (Speed cap 25.0 km/h), Predicted Fog Visibility Risk (Speed cap 40.0 km/h)",25.0,59.5,640.3,08:44:30,30.0,BASELINE_HISTORICAL_CALIBRATION,600.5,63.0
OBS_000241,08:45:00,7200.0,12017,ROUTE_NDLS_DDN_01,SYNTHETIC_SIMULATOR,OK,28.81659,77.563003,47.392,23.75,6.6,23.75,0.0,36.3,120,25.0,621.12,SEC_GZB_MTC,,GZB,MTC,24.608,266.608,CRUISING,,,,,69.35,,,GREEN,HIGH,True,,False,,JRN_0001,1.0,1.0,1.0,0.4541,1.0,SEVERE,"Predicted HIGH Congestion (Speed cap 25.0 km/h), Predicted Fog Visibility Risk (Speed cap 40.0 km/h)",25.0,59.1,639.9,08:45:00,30.0,BASELINE_HISTORICAL_CALIBRATION,600.0,62.5
OBS_000242,08:45:30,7230.0,12017,ROUTE_NDLS_DDN_01,SYNTHETIC_SIMULATOR,OK,28.817904,77.564109,47.59,23.75,6.6,23.75,0.0,36.3,120,25.0,618.63,SEC_GZB_MTC,,GZB,MTC,24.41,266.41,CRUISING,,,,,69.64,,,GREEN,HIGH,True,,False,,JRN_0001,1.0,1.0,1.0,0.4541,1.0,SEVERE,"Predicted HIGH Congestion (Speed cap 25.0 km/h), Predicted Fog Visibility Risk (Speed cap 40.0 km/h)",25.0,58.6,639.4,08:45:30,30.0,BASELINE_HISTORICAL_CALIBRATION,599.5,62.0
OBS_000243,08:46:00,7260.0,12017,ROUTE_NDLS_DDN_01,SYNTHETIC_SIMULATOR,OK,28.819219,77.565216,47.787,23.75,6.6,23.75,0.0,36.3,120,25.0,616.14,SEC_GZB_MTC,,GZB,MTC,24.213,266.213,CRUISING,,,,,69.92,,,GREEN,HIGH,True,,False,,JRN_0001,1.0,1.0,1.0,0.4541,1.0,SEVERE,"Predicted HIGH Congestion (Speed cap 25.0 km/h), Predicted Fog Visibility Risk (Speed cap 40.0 km/h)",25.0,58.1,638.9,08:46:00,30.0,BASELINE_HISTORICAL_CALIBRATION,599.0,61.5
OBS_000244,08:46:30,7290.0,12017,ROUTE_NDLS_DDN_01,SYNTHETIC_SIMULATOR,OK,28.820533,77.566323,47.985,23.75,6.6,23.75,0.0,36.3,120,25.0,613.64,SEC_GZB_MTC,,GZB,MTC,24.015,266.015,CRUISING,,,,,70.21,,,GREEN,HIGH,True,,False,,JRN_0001,1.0,1.0,1.0,0.4541,1.0,SEVERE,"Predicted HIGH Congestion (Speed cap 25.0 km/h), Predicted Fog Visibility Risk (Speed cap 40.0 km/h)",25.0,57.6,638.4,08:46:30,30.0,BASELINE_HISTORICAL_CALIBRATION,598.5,61.0
OBS_000245,08:47:00,7320.0,12017,ROUTE_NDLS_DDN_01,SYNTHETIC_SIMULATOR,OK,28.821847,77.567429,48.183,23.75,6.6,23.75,0.0,36.3,120,25.0,611.13,SEC_GZB_MTC,,GZB,MTC,23.817,265.817,CRUISING,,,,,70.5,,,GREEN,HIGH,True,,False,,JRN_0001,1.0,1.0,1.0,0.4541,1.0,SEVERE,"Predicted HIGH Congestion (Speed cap 25.0 km/h), Predicted Fog Visibility Risk (Speed cap 40.0 km/h)",25.0,57.2,638.0,08:47:00,30.0,BASELINE_HISTORICAL_CALIBRATION,598.0,60.5
OBS_000246,08:47:30,7350.0,12017,ROUTE_NDLS_DDN_01,SYNTHETIC_SIMULATOR,OK,28.823161,77.568536,48.381,23.75,6.6,23.75,0.0,36.3,120,25.0,608.6,SEC_GZB_MTC,,GZB,MTC,23.619,265.619,CRUISING,,,,,70.79,,,GREEN,HIGH,True,,False,,JRN_0001,1.0,1.0,1.0,0.4541,1.0,SEVERE,"Predicted HIGH Congestion (Speed cap 25.0 km/h), Predicted Fog Visibility Risk (Speed cap 40.0 km/h)",25.0,56.7,637.5,08:47:30,30.0,BASELINE_HISTORICAL_CALIBRATION,597.5,60.0
OBS_000247,08:48:00,7380.0,12017,ROUTE_NDLS_DDN_01,SYNTHETIC_SIMULATOR,OK,28.824476,77.569643,48.579,23.75,6.6,23.75,0.0,36.3,120,25.0,606.07,SEC_GZB_MTC,,GZB,MTC,23.421,265.421,CRUISING,,,,,71.07,,,GREEN,HIGH,True,,False,,JRN_0001,1.0,1.0,1.0,0.4541,1.0,SEVERE,"Predicted HIGH Congestion (Speed cap 25.0 km/h), Predicted Fog Visibility Risk (Speed cap 40.0 km/h)",25.0,56.2,637.0,08:48:00,30.0,BASELINE_HISTORICAL_CALIBRATION,597.0,59.5
OBS_000248,08:48:30,7410.0,12017,ROUTE_NDLS_DDN_01,SYNTHETIC_SIMULATOR,OK,28.82579,77.570749,48.777,23.75,6.6,23.75,0.0,36.3,120,25.0,603.52,SEC_GZB_MTC,,GZB,MTC,23.223,265.223,CRUISING,,,,,71.36,,,GREEN,HIGH,True,,False,,JRN_0001,1.0,1.0,1.0,0.4541,1.0,SEVERE,"Predicted HIGH Congestion (Speed cap 25.0 km/h), Predicted Fog Visibility Risk (Speed cap 40.0 km/h)",25.0,55.7,636.5,08:48:30,30.0,BASELINE_HISTORICAL_CALIBRATION,596.5,59.0
OBS_000249,08:49:00,7440.0,12017,ROUTE_NDLS_DDN_01,SYNTHETIC_SIMULATOR,OK,28.827104,77.571856,48.975,23.75,6.6,23.75,0.0,36.3,120,25.0,600.97,SEC_GZB_MTC,,GZB,MTC,23.025,265.025,CRUISING,,,,,71.65,,,GREEN,HIGH,True,,False,,JRN_0001,1.0,1.0,1.0,0.4541,1.0,SEVERE,"Predicted HIGH Congestion (Speed cap 25.0 km/h), Predicted Fog Visibility Risk (Speed cap 40.0 km/h)",25.0,55.3,636.1,08:49:00,30.0,BASELINE_HISTORICAL_CALIBRATION,596.0,58.5
OBS_000250,08:49:30,7470.0,12017,ROUTE_NDLS_DDN_01,SYNTHETIC_SIMULATOR,OK,28.828418,77.572963,49.173,23.75,6.6,23.75,0.0,36.3,120,25.0,598.4,SEC_GZB_MTC,,GZB,MTC,22.827,264.827,CRUISING,,,,,71.94,,,GREEN,HIGH,True,,False,,JRN_0001,1.0,1.0,1.0,0.4541,1.0,SEVERE,"Predicted HIGH Congestion (Speed cap 25.0 km/h), Predicted Fog Visibility Risk (Speed cap 40.0 km/h)",25.0,54.8,635.6,08:49:30,30.0,BASELINE_HISTORICAL_CALIBRATION,595.5,58.0
OBS_000251,08:50:00,7500.0,12017,ROUTE_NDLS_DDN_01,SYNTHETIC_SIMULATOR,OK,28.829733,77.574069,49.371,23.75,6.6,23.75,0.0,36.3,120,25.0,595.82,SEC_GZB_MTC,,GZB,MTC,22.629,264.629,CRUISING,,,,,72.23,,,GREEN,HIGH,True,,False,,JRN_0001,1.0,1.0,1.0,0.4541,1.0,SEVERE,"Predicted HIGH Congestion (Speed cap 25.0 km/h), Predicted Fog Visibility Risk (Speed cap 40.0 km/h)",25.0,54.3,635.1,08:50:00,30.0,BASELINE_HISTORICAL_CALIBRATION,595.0,57.5
OBS_000252,08:50:30,7530.0,12017,ROUTE_NDLS_DDN_01,SYNTHETIC_SIMULATOR,OK,28.831047,77.575176,49.569,23.75,6.6,23.75,0.0,36.3,120,25.0,593.24,SEC_GZB_MTC,,GZB,MTC,22.431,264.431,CRUISING,,,,,72.51,,,GREEN,HIGH,True,,False,,JRN_0001,1.0,1.0,1.0,0.4541,1.0,SEVERE,"Predicted HIGH Congestion (Speed cap 25.0 km/h), Predicted Fog Visibility Risk (Speed cap 40.0 km/h)",25.0,53.8,634.6,08:50:30,30.0,BASELINE_HISTORICAL_CALIBRATION,594.5,57.0
OBS_000253,08:51:00,7560.0,12017,ROUTE_NDLS_DDN_01,SYNTHETIC_SIMULATOR,OK,28.832361,77.576283,49.767,23.75,6.6,23.75,0.0,36.3,120,25.0,590.64,SEC_GZB_MTC,,GZB,MTC,22.233,264.233,CRUISING,,,,,72.8,,,GREEN,HIGH,True,,False,,JRN_0001,1.0,1.0,1.0,0.4541,1.0,SEVERE,"Predicted HIGH Congestion (Speed cap 25.0 km/h), Predicted Fog Visibility Risk (Speed cap 40.0 km/h)",25.0,53.4,634.2,08:51:00,30.0,BASELINE_HISTORICAL_CALIBRATION,594.0,56.5
OBS_000254,08:51:30,7590.0,12017,ROUTE_NDLS_DDN_01,SYNTHETIC_SIMULATOR,OK,28.833675,77.577389,49.965,23.75,6.6,23.75,0.0,36.3,120,25.0,588.02,SEC_GZB_MTC,,GZB,MTC,22.035,264.035,CRUISING,,,,,73.09,,,GREEN,HIGH,True,,False,,JRN_0001,1.0,1.0,1.0,0.4541,1.0,SEVERE,"Predicted HIGH Congestion (Speed cap 25.0 km/h), Predicted Fog Visibility Risk (Speed cap 40.0 km/h)",25.0,52.9,633.7,08:51:30,30.0,BASELINE_HISTORICAL_CALIBRATION,593.5,56.0
OBS_000255,08:52:00,7620.0,12017,ROUTE_NDLS_DDN_01,SYNTHETIC_SIMULATOR,OK,28.83499,77.578496,50.162,23.75,6.6,23.75,0.0,36.3,120,25.0,585.4,SEC_GZB_MTC,,GZB,MTC,21.838,263.838,CRUISING,,,,,73.38,,,GREEN,HIGH,True,,False,,JRN_0001,1.0,1.0,1.0,0.4541,1.0,SEVERE,"Predicted HIGH Congestion (Speed cap 25.0 km/h), Predicted Fog Visibility Risk (Speed cap 40.0 km/h)",25.0,52.4,633.2,08:52:00,30.0,BASELINE_HISTORICAL_CALIBRATION,593.0,55.5
OBS_000256,08:52:30,7650.0,12017,ROUTE_NDLS_DDN_01,SYNTHETIC_SIMULATOR,OK,28.836304,77.579602,50.36,23.75,6.6,23.75,0.0,36.3,120,25.0,582.77,SEC_GZB_MTC,,GZB,MTC,21.64,263.64,CRUISING,,,,,73.66,,,GREEN,HIGH,True,,False,,JRN_0001,1.0,1.0,1.0,0.4541,1.0,SEVERE,"Predicted HIGH Congestion (Speed cap 25.0 km/h), Predicted Fog Visibility Risk (Speed cap 40.0 km/h)",25.0,51.9,632.7,08:52:30,30.0,BASELINE_HISTORICAL_CALIBRATION,592.5,55.0
OBS_000257,08:53:00,7680.0,12017,ROUTE_NDLS_DDN_01,SYNTHETIC_SIMULATOR,OK,28.837618,77.580709,50.558,23.75,6.6,23.75,0.0,36.3,120,25.0,580.12,SEC_GZB_MTC,,GZB,MTC,21.442,263.442,CRUISING,,,,,73.95,,,GREEN,HIGH,True,,False,,JRN_0001,1.0,1.0,1.0,0.4541,1.0,SEVERE,"Predicted HIGH Congestion (Speed cap 25.0 km/h), Predicted Fog Visibility Risk (Speed cap 40.0 km/h)",25.0,51.5,632.3,08:53:00,30.0,BASELINE_HISTORICAL_CALIBRATION,592.0,54.5
OBS_000258,08:53:30,7710.0,12017,ROUTE_NDLS_DDN_01,SYNTHETIC_SIMULATOR,OK,28.838932,77.581816,50.756,23.75,6.6,23.75,0.0,36.3,120,25.0,577.46,SEC_GZB_MTC,,GZB,MTC,21.244,263.244,CRUISING,,,,,74.24,,,GREEN,HIGH,True,,False,,JRN_0001,1.0,1.0,1.0,0.4541,1.0,SEVERE,"Predicted HIGH Congestion (Speed cap 25.0 km/h), Predicted Fog Visibility Risk (Speed cap 40.0 km/h)",25.0,51.0,631.8,08:53:30,30.0,BASELINE_HISTORICAL_CALIBRATION,591.5,54.0
OBS_000259,08:54:00,7740.0,12017,ROUTE_NDLS_DDN_01,SYNTHETIC_SIMULATOR,OK,28.840247,77.582922,50.954,23.75,6.6,23.75,0.0,36.3,120,25.0,574.79,SEC_GZB_MTC,,GZB,MTC,21.046,263.046,CRUISING,,,,,74.53,,,GREEN,HIGH,True,,False,,JRN_0001,1.0,1.0,1.0,0.4541,1.0,SEVERE,"Predicted HIGH Congestion (Speed cap 25.0 km/h), Predicted Fog Visibility Risk (Speed cap 40.0 km/h)",25.0,50.5,631.3,08:54:00,30.0,BASELINE_HISTORICAL_CALIBRATION,591.0,53.5
OBS_000260,08:54:30,7770.0,12017,ROUTE_NDLS_DDN_01,SYNTHETIC_SIMULATOR,OK,28.841561,77.584029,51.152,23.75,6.6,23.75,0.0,36.3,120,25.0,572.11,SEC_GZB_MTC,,GZB,MTC,20.848,262.848,CRUISING,,,,,74.81,,,GREEN,HIGH,True,,False,,JRN_0001,1.0,1.0,1.0,0.4541,1.0,SEVERE,"Predicted HIGH Congestion (Speed cap 25.0 km/h), Predicted Fog Visibility Risk (Speed cap 40.0 km/h)",25.0,50.0,630.8,08:54:30,30.0,BASELINE_HISTORICAL_CALIBRATION,590.5,53.0
OBS_000261,08:55:00,7800.0,12017,ROUTE_NDLS_DDN_01,SYNTHETIC_SIMULATOR,OK,28.842875,77.585136,51.35,23.75,6.6,23.75,0.0,36.3,120,25.0,569.41,SEC_GZB_MTC,,GZB,MTC,20.65,262.65,CRUISING,,,,,75.1,,,GREEN,HIGH,True,,False,,JRN_0001,1.0,1.0,1.0,0.4541,1.0,SEVERE,"Predicted HIGH Congestion (Speed cap 25.0 km/h), Predicted Fog Visibility Risk (Speed cap 40.0 km/h)",25.0,49.6,630.4,08:55:00,30.0,BASELINE_HISTORICAL_CALIBRATION,590.0,52.5
OBS_000262,08:55:30,7830.0,12017,ROUTE_NDLS_DDN_01,SYNTHETIC_SIMULATOR,OK,28.844189,77.586242,51.548,23.75,6.6,23.75,0.0,36.3,120,25.0,566.7,SEC_GZB_MTC,,GZB,MTC,20.452,262.452,CRUISING,,,,,75.39,,,GREEN,HIGH,True,,False,,JRN_0001,1.0,1.0,1.0,0.4541,1.0,SEVERE,"Predicted HIGH Congestion (Speed cap 25.0 km/h), Predicted Fog Visibility Risk (Speed cap 40.0 km/h)",25.0,49.1,629.9,08:55:30,30.0,BASELINE_HISTORICAL_CALIBRATION,589.5,52.0
OBS_000263,08:56:00,7860.0,12017,ROUTE_NDLS_DDN_01,SYNTHETIC_SIMULATOR,OK,28.845504,77.587349,51.746,23.75,6.6,23.75,0.0,36.3,120,25.0,563.98,SEC_GZB_MTC,,GZB,MTC,20.254,262.254,CRUISING,,,,,75.68,,,GREEN,HIGH,True,,False,,JRN_0001,1.0,1.0,1.0,0.4541,1.0,SEVERE,"Predicted HIGH Congestion (Speed cap 25.0 km/h), Predicted Fog Visibility Risk (Speed cap 40.0 km/h)",25.0,48.6,629.4,08:56:00,30.0,BASELINE_HISTORICAL_CALIBRATION,589.0,51.5
OBS_000264,08:56:30,7890.0,12017,ROUTE_NDLS_DDN_01,SYNTHETIC_SIMULATOR,OK,28.846818,77.588456,51.944,23.75,6.6,23.75,0.0,36.3,120,25.0,561.24,SEC_GZB_MTC,,GZB,MTC,20.056,262.056,CRUISING,,,,,75.96,,,GREEN,HIGH,True,,False,,JRN_0001,1.0,1.0,1.0,0.4541,1.0,SEVERE,"Predicted HIGH Congestion (Speed cap 25.0 km/h), Predicted Fog Visibility Risk (Speed cap 40.0 km/h)",25.0,48.1,628.9,08:56:30,30.0,BASELINE_HISTORICAL_CALIBRATION,588.5,51.0
OBS_000265,08:57:00,7920.0,12017,ROUTE_NDLS_DDN_01,SYNTHETIC_SIMULATOR,OK,28.848132,77.589562,52.142,23.75,6.6,23.75,0.0,36.3,120,25.0,558.49,SEC_GZB_MTC,,GZB,MTC,19.858,261.858,CRUISING,,,,,76.25,,,GREEN,HIGH,True,,False,,JRN_0001,1.0,1.0,1.0,0.4541,1.0,SEVERE,"Predicted HIGH Congestion (Speed cap 25.0 km/h), Predicted Fog Visibility Risk (Speed cap 40.0 km/h)",25.0,47.7,628.5,08:57:00,30.0,BASELINE_HISTORICAL_CALIBRATION,588.0,50.5
OBS_000266,08:57:30,7950.0,12017,ROUTE_NDLS_DDN_01,SYNTHETIC_SIMULATOR,OK,28.849446,77.590669,52.34,23.75,6.6,23.75,0.0,36.3,120,25.0,555.73,SEC_GZB_MTC,,GZB,MTC,19.66,261.66,CRUISING,,,,,76.54,,,GREEN,HIGH,True,,False,,JRN_0001,1.0,1.0,1.0,0.4541,1.0,SEVERE,"Predicted HIGH Congestion (Speed cap 25.0 km/h), Predicted Fog Visibility Risk (Speed cap 40.0 km/h)",25.0,47.2,628.0,08:57:30,30.0,BASELINE_HISTORICAL_CALIBRATION,587.5,50.0
OBS_000267,08:58:00,7980.0,12017,ROUTE_NDLS_DDN_01,SYNTHETIC_SIMULATOR,OK,28.850761,77.591776,52.537,23.75,6.6,23.75,0.0,36.3,120,25.0,552.95,SEC_GZB_MTC,,GZB,MTC,19.463,261.463,CRUISING,,,,,76.83,,,GREEN,HIGH,True,,False,,JRN_0001,1.0,1.0,1.0,0.4541,1.0,SEVERE,"Predicted HIGH Congestion (Speed cap 25.0 km/h), Predicted Fog Visibility Risk (Speed cap 40.0 km/h)",25.0,46.7,627.5,08:58:00,30.0,BASELINE_HISTORICAL_CALIBRATION,587.0,49.5
OBS_000268,08:58:30,8010.0,12017,ROUTE_NDLS_DDN_01,SYNTHETIC_SIMULATOR,OK,28.852075,77.592882,52.735,23.75,6.6,23.75,0.0,36.3,120,25.0,550.16,SEC_GZB_MTC,,GZB,MTC,19.265,261.265,CRUISING,,,,,77.11,,,GREEN,HIGH,True,,False,,JRN_0001,1.0,1.0,1.0,0.4541,1.0,SEVERE,"Predicted HIGH Congestion (Speed cap 25.0 km/h), Predicted Fog Visibility Risk (Speed cap 40.0 km/h)",25.0,46.2,627.0,08:58:30,30.0,BASELINE_HISTORICAL_CALIBRATION,586.5,49.0
OBS_000269,08:59:00,8040.0,12017,ROUTE_NDLS_DDN_01,SYNTHETIC_SIMULATOR,OK,28.853389,77.593989,52.933,23.75,6.6,23.75,0.0,36.3,120,25.0,547.36,SEC_GZB_MTC,,GZB,MTC,19.067,261.067,CRUISING,,,,,77.4,,,GREEN,HIGH,True,,False,,JRN_0001,1.0,1.0,1.0,0.4541,1.0,SEVERE,"Predicted HIGH Congestion (Speed cap 25.0 km/h), Predicted Fog Visibility Risk (Speed cap 40.0 km/h)",25.0,45.8,626.6,08:59:00,30.0,BASELINE_HISTORICAL_CALIBRATION,586.0,48.5
OBS_000270,08:59:30,8070.0,12017,ROUTE_NDLS_DDN_01,SYNTHETIC_SIMULATOR,OK,28.854703,77.595096,53.131,23.75,6.6,23.75,0.0,36.3,120,25.0,544.54,SEC_GZB_MTC,,GZB,MTC,18.869,260.869,CRUISING,,,,,77.69,,,GREEN,HIGH,True,,False,,JRN_0001,1.0,1.0,1.0,0.4541,1.0,SEVERE,"Predicted HIGH Congestion (Speed cap 25.0 km/h), Predicted Fog Visibility Risk (Speed cap 40.0 km/h)",25.0,45.3,626.1,08:59:30,30.0,BASELINE_HISTORICAL_CALIBRATION,585.5,48.0
OBS_000271,09:00:00,8100.0,12017,ROUTE_NDLS_DDN_01,SYNTHETIC_SIMULATOR,OK,28.856018,77.596202,53.329,23.75,6.6,23.75,0.0,36.3,120,25.0,541.71,SEC_GZB_MTC,,GZB,MTC,18.671,260.671,CRUISING,,,,,77.98,,,GREEN,HIGH,True,,False,,JRN_0001,1.0,1.0,1.0,0.4541,1.0,SEVERE,"Predicted HIGH Congestion (Speed cap 25.0 km/h), Predicted Fog Visibility Risk (Speed cap 40.0 km/h)",25.0,44.8,625.6,09:00:00,30.0,BASELINE_HISTORICAL_CALIBRATION,585.0,47.5
OBS_000272,09:00:30,8130.0,12017,ROUTE_NDLS_DDN_01,SYNTHETIC_SIMULATOR,OK,28.857332,77.597309,53.527,23.75,6.6,23.75,0.0,36.3,120,25.0,538.86,SEC_GZB_MTC,,GZB,MTC,18.473,260.473,CRUISING,,,,,78.26,,,GREEN,HIGH,True,,False,,JRN_0001,1.0,1.0,1.0,0.4541,1.0,SEVERE,"Predicted HIGH Congestion (Speed cap 25.0 km/h), Predicted Fog Visibility Risk (Speed cap 40.0 km/h)",25.0,44.3,625.1,09:00:30,30.0,BASELINE_HISTORICAL_CALIBRATION,584.5,47.0
OBS_000273,09:01:00,8160.0,12017,ROUTE_NDLS_DDN_01,SYNTHETIC_SIMULATOR,OK,28.858646,77.598416,53.725,23.75,6.6,23.75,0.0,36.3,120,25.0,536.0,SEC_GZB_MTC,,GZB,MTC,18.275,260.275,CRUISING,,,,,78.55,,,GREEN,HIGH,True,,False,,JRN_0001,1.0,1.0,1.0,0.4541,1.0,SEVERE,"Predicted HIGH Congestion (Speed cap 25.0 km/h), Predicted Fog Visibility Risk (Speed cap 40.0 km/h)",25.0,43.9,624.7,09:01:00,30.0,BASELINE_HISTORICAL_CALIBRATION,584.0,46.5
OBS_000274,09:01:30,8190.0,12017,ROUTE_NDLS_DDN_01,SYNTHETIC_SIMULATOR,OK,28.85996,77.599522,53.923,23.75,6.6,23.75,0.0,36.3,120,25.0,533.12,SEC_GZB_MTC,,GZB,MTC,18.077,260.077,CRUISING,,,,,78.84,,,GREEN,HIGH,True,,False,,JRN_0001,1.0,1.0,1.0,0.4541,1.0,SEVERE,"Predicted HIGH Congestion (Speed cap 25.0 km/h), Predicted Fog Visibility Risk (Speed cap 40.0 km/h)",25.0,43.4,624.2,09:01:30,30.0,BASELINE_HISTORICAL_CALIBRATION,583.5,46.0
OBS_000275,09:02:00,8220.0,12017,ROUTE_NDLS_DDN_01,SYNTHETIC_SIMULATOR,OK,28.861275,77.600629,54.121,23.75,6.6,23.75,0.0,36.3,120,25.0,530.22,SEC_GZB_MTC,,GZB,MTC,17.879,259.879,CRUISING,,,,,79.13,,,GREEN,HIGH,True,,False,,JRN_0001,1.0,1.0,1.0,0.4541,1.0,SEVERE,"Predicted HIGH Congestion (Speed cap 25.0 km/h), Predicted Fog Visibility Risk (Speed cap 40.0 km/h)",25.0,42.9,623.7,09:02:00,30.0,BASELINE_HISTORICAL_CALIBRATION,583.0,45.5
OBS_000276,09:02:30,8250.0,12017,ROUTE_NDLS_DDN_01,SYNTHETIC_SIMULATOR,OK,28.862589,77.601735,54.319,23.75,6.6,23.75,0.0,36.3,120,25.0,527.31,SEC_GZB_MTC,,GZB,MTC,17.681,259.681,CRUISING,,,,,79.41,,,GREEN,HIGH,True,,False,,JRN_0001,1.0,1.0,1.0,0.4541,1.0,SEVERE,"Predicted HIGH Congestion (Speed cap 25.0 km/h), Predicted Fog Visibility Risk (Speed cap 40.0 km/h)",25.0,42.4,623.2,09:02:30,30.0,BASELINE_HISTORICAL_CALIBRATION,582.5,45.0
OBS_000277,09:03:00,8280.0,12017,ROUTE_NDLS_DDN_01,SYNTHETIC_SIMULATOR,OK,28.863903,77.602842,54.517,23.75,6.6,23.75,0.0,36.3,120,25.0,524.38,SEC_GZB_MTC,,GZB,MTC,17.483,259.483,CRUISING,,,,,79.7,,,GREEN,HIGH,True,,False,,JRN_0001,1.0,1.0,1.0,0.4541,1.0,SEVERE,"Predicted HIGH Congestion (Speed cap 25.0 km/h), Predicted Fog Visibility Risk (Speed cap 40.0 km/h)",25.0,42.0,622.8,09:03:00,30.0,BASELINE_HISTORICAL_CALIBRATION,582.0,44.5
OBS_000278,09:03:30,8310.0,12017,ROUTE_NDLS_DDN_01,SYNTHETIC_SIMULATOR,OK,28.865217,77.603949,54.715,23.75,6.6,23.75,0.0,36.3,120,25.0,521.44,SEC_GZB_MTC,,GZB,MTC,17.285,259.285,CRUISING,,,,,79.99,,,GREEN,HIGH,True,,False,,JRN_0001,1.0,1.0,1.0,0.4541,1.0,SEVERE,"Predicted HIGH Congestion (Speed cap 25.0 km/h), Predicted Fog Visibility Risk (Speed cap 40.0 km/h)",25.0,41.5,622.3,09:03:30,30.0,BASELINE_HISTORICAL_CALIBRATION,581.5,44.0
OBS_000279,09:04:00,8340.0,12017,ROUTE_NDLS_DDN_01,SYNTHETIC_SIMULATOR,OK,28.866532,77.605055,54.912,23.75,6.6,23.75,0.0,36.3,120,25.0,518.48,SEC_GZB_MTC,,GZB,MTC,17.088,259.088,CRUISING,,,,,80.28,,,GREEN,HIGH,True,,False,,JRN_0001,1.0,1.0,1.0,0.4541,1.0,SEVERE,"Predicted HIGH Congestion (Speed cap 25.0 km/h), Predicted Fog Visibility Risk (Speed cap 40.0 km/h)",25.0,41.0,621.8,09:04:00,30.0,BASELINE_HISTORICAL_CALIBRATION,581.0,43.5
OBS_000280,09:04:30,8370.0,12017,ROUTE_NDLS_DDN_01,SYNTHETIC_SIMULATOR,OK,28.867846,77.606162,55.11,23.75,6.6,23.75,0.0,36.3,120,25.0,515.5,SEC_GZB_MTC,,GZB,MTC,16.89,258.89,CRUISING,,,,,80.57,,,GREEN,HIGH,True,,False,,JRN_0001,1.0,1.0,1.0,0.4541,1.0,SEVERE,"Predicted HIGH Congestion (Speed cap 25.0 km/h), Predicted Fog Visibility Risk (Speed cap 40.0 km/h)",25.0,40.5,621.3,09:04:30,30.0,BASELINE_HISTORICAL_CALIBRATION,580.5,43.0
OBS_000281,09:05:00,8400.0,12017,ROUTE_NDLS_DDN_01,SYNTHETIC_SIMULATOR,OK,28.86916,77.607269,55.308,23.75,6.6,23.75,0.0,36.3,120,25.0,512.51,SEC_GZB_MTC,,GZB,MTC,16.692,258.692,CRUISING,,,,,80.85,,,GREEN,HIGH,True,,False,,JRN_0001,1.0,1.0,1.0,0.4541,1.0,SEVERE,"Predicted HIGH Congestion (Speed cap 25.0 km/h), Predicted Fog Visibility Risk (Speed cap 40.0 km/h)",25.0,40.1,620.9,09:05:00,30.0,BASELINE_HISTORICAL_CALIBRATION,580.0,42.5
OBS_000282,09:05:30,8430.0,12017,ROUTE_NDLS_DDN_01,SYNTHETIC_SIMULATOR,OK,28.870474,77.608375,55.506,23.75,6.6,23.75,0.0,36.3,120,25.0,509.5,SEC_GZB_MTC,,GZB,MTC,16.494,258.494,CRUISING,,,,,81.14,,,GREEN,HIGH,True,,False,,JRN_0001,1.0,1.0,1.0,0.4541,1.0,SEVERE,"Predicted HIGH Congestion (Speed cap 25.0 km/h), Predicted Fog Visibility Risk (Speed cap 40.0 km/h)",25.0,39.6,620.4,09:05:30,30.0,BASELINE_HISTORICAL_CALIBRATION,579.5,42.0
OBS_000283,09:06:00,8460.0,12017,ROUTE_NDLS_DDN_01,SYNTHETIC_SIMULATOR,OK,28.871789,77.609482,55.704,23.75,6.6,23.75,0.0,36.3,120,25.0,506.47,SEC_GZB_MTC,,GZB,MTC,16.296,258.296,CRUISING,,,,,81.43,,,GREEN,HIGH,True,,False,,JRN_0001,1.0,1.0,1.0,0.4541,1.0,SEVERE,"Predicted HIGH Congestion (Speed cap 25.0 km/h), Predicted Fog Visibility Risk (Speed cap 40.0 km/h)",25.0,39.1,619.9,09:06:00,30.0,BASELINE_HISTORICAL_CALIBRATION,579.0,41.5
OBS_000284,09:06:30,8490.0,12017,ROUTE_NDLS_DDN_01,SYNTHETIC_SIMULATOR,OK,28.873103,77.610589,55.902,23.75,6.6,23.75,0.0,36.3,120,25.0,503.42,SEC_GZB_MTC,,GZB,MTC,16.098,258.098,CRUISING,,,,,81.72,,,GREEN,HIGH,True,,False,,JRN_0001,1.0,1.0,1.0,0.4541,1.0,SEVERE,"Predicted HIGH Congestion (Speed cap 25.0 km/h), Predicted Fog Visibility Risk (Speed cap 40.0 km/h)",25.0,38.6,619.4,09:06:30,30.0,BASELINE_HISTORICAL_CALIBRATION,578.5,41.0
OBS_000285,09:07:00,8520.0,12017,ROUTE_NDLS_DDN_01,SYNTHETIC_SIMULATOR,OK,28.874417,77.611695,56.1,23.75,6.6,23.75,0.0,36.3,120,25.0,500.35,SEC_GZB_MTC,,GZB,MTC,15.9,257.9,CRUISING,,,,,82.0,,,GREEN,HIGH,True,,False,,JRN_0001,1.0,1.0,1.0,0.4541,1.0,SEVERE,"Predicted HIGH Congestion (Speed cap 25.0 km/h), Predicted Fog Visibility Risk (Speed cap 40.0 km/h)",25.0,38.2,619.0,09:07:00,30.0,BASELINE_HISTORICAL_CALIBRATION,578.0,40.5
OBS_000286,09:07:30,8550.0,12017,ROUTE_NDLS_DDN_01,SYNTHETIC_SIMULATOR,OK,28.875731,77.612802,56.298,23.75,6.6,23.75,0.0,36.3,120,25.0,497.27,SEC_GZB_MTC,,GZB,MTC,15.702,257.702,CRUISING,,,,,82.29,,,GREEN,HIGH,True,,False,,JRN_0001,1.0,1.0,1.0,0.4541,1.0,SEVERE,"Predicted HIGH Congestion (Speed cap 25.0 km/h), Predicted Fog Visibility Risk (Speed cap 40.0 km/h)",25.0,37.7,618.5,09:07:30,30.0,BASELINE_HISTORICAL_CALIBRATION,577.5,40.0
OBS_000287,09:08:00,8580.0,12017,ROUTE_NDLS_DDN_01,SYNTHETIC_SIMULATOR,OK,28.877046,77.613909,56.496,23.75,6.6,23.75,0.0,36.3,120,25.0,494.16,SEC_GZB_MTC,,GZB,MTC,15.504,257.504,CRUISING,,,,,82.58,,,GREEN,HIGH,True,,False,,JRN_0001,1.0,1.0,1.0,0.4541,1.0,SEVERE,"Predicted HIGH Congestion (Speed cap 25.0 km/h), Predicted Fog Visibility Risk (Speed cap 40.0 km/h)",25.0,37.2,618.0,09:08:00,30.0,BASELINE_HISTORICAL_CALIBRATION,577.0,39.5
OBS_000288,09:08:30,8610.0,12017,ROUTE_NDLS_DDN_01,SYNTHETIC_SIMULATOR,OK,28.87836,77.615015,56.694,23.75,6.6,23.75,0.0,36.3,120,25.0,491.04,SEC_GZB_MTC,,GZB,MTC,15.306,257.306,CRUISING,,,,,82.87,,,GREEN,HIGH,True,,False,,JRN_0001,1.0,1.0,1.0,0.4541,1.0,SEVERE,"Predicted HIGH Congestion (Speed cap 25.0 km/h), Predicted Fog Visibility Risk (Speed cap 40.0 km/h)",25.0,36.7,617.5,09:08:30,30.0,BASELINE_HISTORICAL_CALIBRATION,576.5,39.0
OBS_000289,09:09:00,8640.0,12017,ROUTE_NDLS_DDN_01,SYNTHETIC_SIMULATOR,OK,28.879674,77.616122,56.892,23.75,6.6,23.75,0.0,36.3,120,25.0,487.9,SEC_GZB_MTC,,GZB,MTC,15.108,257.108,CRUISING,,,,,83.15,,,GREEN,HIGH,True,,False,,JRN_0001,1.0,1.0,1.0,0.4541,1.0,SEVERE,"Predicted HIGH Congestion (Speed cap 25.0 km/h), Predicted Fog Visibility Risk (Speed cap 40.0 km/h)",25.0,36.3,617.1,09:09:00,30.0,BASELINE_HISTORICAL_CALIBRATION,576.0,38.5
OBS_000290,09:09:30,8670.0,12017,ROUTE_NDLS_DDN_01,SYNTHETIC_SIMULATOR,OK,28.880988,77.617229,57.09,23.75,6.6,23.75,0.0,36.3,120,25.0,484.73,SEC_GZB_MTC,,GZB,MTC,14.91,256.91,CRUISING,,,,,83.44,,,GREEN,HIGH,True,,False,,JRN_0001,1.0,1.0,1.0,0.4541,1.0,SEVERE,"Predicted HIGH Congestion (Speed cap 25.0 km/h), Predicted Fog Visibility Risk (Speed cap 40.0 km/h)",25.0,35.8,616.6,09:09:30,30.0,BASELINE_HISTORICAL_CALIBRATION,575.5,38.0
OBS_000291,09:10:00,8700.0,12017,ROUTE_NDLS_DDN_01,SYNTHETIC_SIMULATOR,OK,28.882303,77.618335,57.287,23.75,6.6,23.75,0.0,36.3,120,25.0,481.55,SEC_GZB_MTC,,GZB,MTC,14.713,256.713,CRUISING,,,,,83.73,,,GREEN,HIGH,True,,False,,JRN_0001,1.0,1.0,1.0,0.4541,1.0,SEVERE,"Predicted HIGH Congestion (Speed cap 25.0 km/h), Predicted Fog Visibility Risk (Speed cap 40.0 km/h)",25.0,35.3,616.1,09:10:00,30.0,BASELINE_HISTORICAL_CALIBRATION,575.0,37.5
OBS_000292,09:10:30,8730.0,12017,ROUTE_NDLS_DDN_01,SYNTHETIC_SIMULATOR,OK,28.883617,77.619442,57.485,23.75,6.6,23.75,0.0,36.3,120,25.0,478.34,SEC_GZB_MTC,,GZB,MTC,14.515,256.515,CRUISING,,,,,84.02,,,GREEN,HIGH,True,,False,,JRN_0001,1.0,1.0,1.0,0.4541,1.0,SEVERE,"Predicted HIGH Congestion (Speed cap 25.0 km/h), Predicted Fog Visibility Risk (Speed cap 40.0 km/h)",25.0,34.8,615.6,09:10:30,30.0,BASELINE_HISTORICAL_CALIBRATION,574.5,37.0
OBS_000293,09:11:00,8760.0,12017,ROUTE_NDLS_DDN_01,SYNTHETIC_SIMULATOR,OK,28.884931,77.620549,57.683,23.75,6.6,23.75,0.0,36.3,120,25.0,475.11,SEC_GZB_MTC,,GZB,MTC,14.317,256.317,CRUISING,,,,,84.3,,,GREEN,HIGH,True,,False,,JRN_0001,1.0,1.0,1.0,0.4541,1.0,SEVERE,"Predicted HIGH Congestion (Speed cap 25.0 km/h), Predicted Fog Visibility Risk (Speed cap 40.0 km/h)",25.0,34.4,615.2,09:11:00,30.0,BASELINE_HISTORICAL_CALIBRATION,574.0,36.5
OBS_000294,09:11:30,8790.0,12017,ROUTE_NDLS_DDN_01,SYNTHETIC_SIMULATOR,OK,28.886245,77.621655,57.881,23.75,6.6,23.75,0.0,36.3,120,25.0,471.86,SEC_GZB_MTC,,GZB,MTC,14.119,256.119,CRUISING,,,,,84.59,,,GREEN,HIGH,True,,False,,JRN_0001,1.0,1.0,1.0,0.4541,1.0,SEVERE,"Predicted HIGH Congestion (Speed cap 25.0 km/h), Predicted Fog Visibility Risk (Speed cap 40.0 km/h)",25.0,33.9,614.7,09:11:30,30.0,BASELINE_HISTORICAL_CALIBRATION,573.5,36.0
OBS_000295,09:12:00,8820.0,12017,ROUTE_NDLS_DDN_01,SYNTHETIC_SIMULATOR,OK,28.88756,77.622762,58.079,23.75,6.6,23.75,0.0,36.3,120,25.0,468.59,SEC_GZB_MTC,,GZB,MTC,13.921,255.921,CRUISING,,,,,84.88,,,GREEN,HIGH,True,,False,,JRN_0001,1.0,1.0,1.0,0.4541,1.0,SEVERE,"Predicted HIGH Congestion (Speed cap 25.0 km/h), Predicted Fog Visibility Risk (Speed cap 40.0 km/h)",25.0,33.4,614.2,09:12:00,30.0,BASELINE_HISTORICAL_CALIBRATION,573.0,35.5
OBS_000296,09:12:30,8850.0,12017,ROUTE_NDLS_DDN_01,SYNTHETIC_SIMULATOR,OK,28.888874,77.623868,58.277,23.75,6.6,23.75,0.0,36.3,120,25.0,465.29,SEC_GZB_MTC,,GZB,MTC,13.723,255.723,CRUISING,,,,,85.17,,,GREEN,HIGH,True,,False,,JRN_0001,1.0,1.0,1.0,0.4541,1.0,SEVERE,"Predicted HIGH Congestion (Speed cap 25.0 km/h), Predicted Fog Visibility Risk (Speed cap 40.0 km/h)",25.0,32.9,613.7,09:12:30,30.0,BASELINE_HISTORICAL_CALIBRATION,572.5,35.0
OBS_000297,09:13:00,8880.0,12017,ROUTE_NDLS_DDN_01,SYNTHETIC_SIMULATOR,OK,28.890188,77.624975,58.475,23.75,6.6,23.75,0.0,36.3,120,25.0,461.97,SEC_GZB_MTC,,GZB,MTC,13.525,255.525,CRUISING,,,,,85.45,,,GREEN,HIGH,True,,False,,JRN_0001,1.0,1.0,1.0,0.4541,1.0,SEVERE,"Predicted HIGH Congestion (Speed cap 25.0 km/h), Predicted Fog Visibility Risk (Speed cap 40.0 km/h)",25.0,32.5,613.3,09:13:00,30.0,BASELINE_HISTORICAL_CALIBRATION,572.0,34.5
OBS_000298,09:13:30,8910.0,12017,ROUTE_NDLS_DDN_01,SYNTHETIC_SIMULATOR,OK,28.891502,77.626082,58.673,23.75,6.6,23.75,0.0,36.3,120,25.0,458.63,SEC_GZB_MTC,,GZB,MTC,13.327,255.327,CRUISING,,,,,85.74,,,GREEN,HIGH,True,,False,,JRN_0001,1.0,1.0,1.0,0.4541,1.0,SEVERE,"Predicted HIGH Congestion (Speed cap 25.0 km/h), Predicted Fog Visibility Risk (Speed cap 40.0 km/h)",25.0,32.0,612.8,09:13:30,30.0,BASELINE_HISTORICAL_CALIBRATION,571.5,34.0
OBS_000299,09:14:00,8940.0,12017,ROUTE_NDLS_DDN_01,SYNTHETIC_SIMULATOR,OK,28.892817,77.627188,58.871,23.75,6.6,23.75,0.0,36.3,120,25.0,455.26,SEC_GZB_MTC,,GZB,MTC,13.129,255.129,CRUISING,,,,,86.03,,,GREEN,HIGH,True,,False,,JRN_0001,1.0,1.0,1.0,0.4541,1.0,SEVERE,"Predicted HIGH Congestion (Speed cap 25.0 km/h), Predicted Fog Visibility Risk (Speed cap 40.0 km/h)",25.0,31.5,612.3,09:14:00,30.0,BASELINE_HISTORICAL_CALIBRATION,571.0,33.5
OBS_000300,09:14:30,8970.0,12017,ROUTE_NDLS_DDN_01,SYNTHETIC_SIMULATOR,OK,28.894131,77.628295,59.069,23.75,6.6,23.75,0.0,36.3,120,25.0,451.87,SEC_GZB_MTC,,GZB,MTC,12.931,254.931,CRUISING,,,,,86.32,,,GREEN,HIGH,True,,False,,JRN_0001,1.0,1.0,1.0,0.4541,1.0,SEVERE,"Predicted HIGH Congestion (Speed cap 25.0 km/h), Predicted Fog Visibility Risk (Speed cap 40.0 km/h)",25.0,31.0,611.8,09:14:30,30.0,BASELINE_HISTORICAL_CALIBRATION,570.5,33.0
OBS_000301,09:15:00,9000.0,12017,ROUTE_NDLS_DDN_01,SYNTHETIC_SIMULATOR,OK,28.895445,77.629402,59.267,23.75,6.6,23.75,0.0,36.3,120,25.0,448.45,SEC_GZB_MTC,,GZB,MTC,12.733,254.733,CRUISING,,,,,86.6,,,GREEN,HIGH,True,,False,,JRN_0001,1.0,1.0,1.0,0.4541,1.0,SEVERE,"Predicted HIGH Congestion (Speed cap 25.0 km/h), Predicted Fog Visibility Risk (Speed cap 40.0 km/h)",25.0,30.6,611.4,09:15:00,30.0,BASELINE_HISTORICAL_CALIBRATION,570.0,32.5
OBS_000302,09:15:30,9030.0,12017,ROUTE_NDLS_DDN_01,SYNTHETIC_SIMULATOR,OK,28.896759,77.630508,59.465,23.75,6.6,23.75,0.0,36.3,120,25.0,445.0,SEC_GZB_MTC,,GZB,MTC,12.535,254.535,CRUISING,,,,,86.89,,,GREEN,HIGH,True,,False,,JRN_0001,1.0,1.0,1.0,0.4541,1.0,SEVERE,"Predicted HIGH Congestion (Speed cap 25.0 km/h), Predicted Fog Visibility Risk (Speed cap 40.0 km/h)",25.0,30.1,610.9,09:15:30,30.0,BASELINE_HISTORICAL_CALIBRATION,569.5,32.0
OBS_000303,09:16:00,9060.0,12017,ROUTE_NDLS_DDN_01,SYNTHETIC_SIMULATOR,OK,28.898074,77.631615,59.662,23.75,6.6,23.75,0.0,36.3,120,25.0,441.53,SEC_GZB_MTC,,GZB,MTC,12.338,254.338,CRUISING,,,,,87.18,,,GREEN,HIGH,True,,False,,JRN_0001,1.0,1.0,1.0,0.4541,1.0,SEVERE,"Predicted HIGH Congestion (Speed cap 25.0 km/h), Predicted Fog Visibility Risk (Speed cap 40.0 km/h)",25.0,29.6,610.4,09:16:00,30.0,BASELINE_HISTORICAL_CALIBRATION,569.0,31.5
OBS_000304,09:16:30,9090.0,12017,ROUTE_NDLS_DDN_01,SYNTHETIC_SIMULATOR,OK,28.899388,77.632722,59.86,23.75,6.6,23.75,0.0,36.3,120,25.0,438.03,SEC_GZB_MTC,,GZB,MTC,12.14,254.14,CRUISING,,,,,87.47,,,GREEN,HIGH,True,,False,,JRN_0001,1.0,1.0,1.0,0.4541,1.0,SEVERE,"Predicted HIGH Congestion (Speed cap 25.0 km/h), Predicted Fog Visibility Risk (Speed cap 40.0 km/h)",25.0,29.1,609.9,09:16:30,30.0,BASELINE_HISTORICAL_CALIBRATION,568.5,31.0
OBS_000305,09:17:00,9120.0,12017,ROUTE_NDLS_DDN_01,SYNTHETIC_SIMULATOR,OK,28.900702,77.633828,60.058,23.75,6.6,23.75,0.0,36.3,120,25.0,434.51,SEC_GZB_MTC,,GZB,MTC,11.942,253.942,CRUISING,,,,,87.75,,,GREEN,HIGH,True,,False,,JRN_0001,1.0,1.0,1.0,0.4541,1.0,SEVERE,"Predicted HIGH Congestion (Speed cap 25.0 km/h), Predicted Fog Visibility Risk (Speed cap 40.0 km/h)",25.0,28.7,609.5,09:17:00,30.0,BASELINE_HISTORICAL_CALIBRATION,568.0,30.5
OBS_000306,09:17:30,9150.0,12017,ROUTE_NDLS_DDN_01,SYNTHETIC_SIMULATOR,OK,28.902017,77.634935,60.256,23.75,6.6,23.75,0.0,36.3,120,25.0,430.95,SEC_GZB_MTC,,GZB,MTC,11.744,253.744,CRUISING,,,,,88.04,,,GREEN,HIGH,True,,False,,JRN_0001,1.0,1.0,1.0,0.4541,1.0,SEVERE,"Predicted HIGH Congestion (Speed cap 25.0 km/h), Predicted Fog Visibility Risk (Speed cap 40.0 km/h)",25.0,28.2,609.0,09:17:30,30.0,BASELINE_HISTORICAL_CALIBRATION,567.5,30.0
OBS_000307,09:18:00,9180.0,12017,ROUTE_NDLS_DDN_01,SYNTHETIC_SIMULATOR,OK,28.903331,77.636042,60.454,23.75,6.6,23.75,0.0,36.3,120,25.0,427.36,SEC_GZB_MTC,,GZB,MTC,11.546,253.546,CRUISING,,,,,88.33,,,GREEN,HIGH,True,,False,,JRN_0001,1.0,1.0,1.0,0.4541,1.0,SEVERE,"Predicted HIGH Congestion (Speed cap 25.0 km/h), Predicted Fog Visibility Risk (Speed cap 40.0 km/h)",25.0,27.7,608.5,09:18:00,30.0,BASELINE_HISTORICAL_CALIBRATION,567.0,29.5
OBS_000308,09:18:30,9210.0,12017,ROUTE_NDLS_DDN_01,SYNTHETIC_SIMULATOR,OK,28.904645,77.637148,60.652,23.75,6.6,23.75,0.0,36.3,120,25.0,423.75,SEC_GZB_MTC,,GZB,MTC,11.348,253.348,CRUISING,,,,,88.62,,,GREEN,HIGH,True,,False,,JRN_0001,1.0,1.0,1.0,0.4541,1.0,SEVERE,"Predicted HIGH Congestion (Speed cap 25.0 km/h), Predicted Fog Visibility Risk (Speed cap 40.0 km/h)",25.0,27.2,608.0,09:18:30,30.0,BASELINE_HISTORICAL_CALIBRATION,566.5,29.0
OBS_000309,09:19:00,9240.0,12017,ROUTE_NDLS_DDN_01,SYNTHETIC_SIMULATOR,OK,28.905959,77.638255,60.85,23.75,6.6,23.75,0.0,36.3,120,25.0,420.1,SEC_GZB_MTC,,GZB,MTC,11.15,253.15,CRUISING,,,,,88.91,,,GREEN,HIGH,True,,False,,JRN_0001,1.0,1.0,1.0,0.4541,1.0,SEVERE,"Predicted HIGH Congestion (Speed cap 25.0 km/h), Predicted Fog Visibility Risk (Speed cap 40.0 km/h)",25.0,26.8,607.6,09:19:00,30.0,BASELINE_HISTORICAL_CALIBRATION,566.0,28.5
OBS_000310,09:19:30,9270.0,12017,ROUTE_NDLS_DDN_01,SYNTHETIC_SIMULATOR,OK,28.907274,77.639362,61.048,23.75,6.6,23.75,0.0,36.3,120,25.0,416.42,SEC_GZB_MTC,,GZB,MTC,10.952,252.952,CRUISING,,,,,89.19,,,GREEN,HIGH,True,,False,,JRN_0001,1.0,1.0,1.0,0.4541,1.0,SEVERE,"Predicted HIGH Congestion (Speed cap 25.0 km/h), Predicted Fog Visibility Risk (Speed cap 40.0 km/h)",25.0,26.3,607.1,09:19:30,30.0,BASELINE_HISTORICAL_CALIBRATION,565.5,28.0
OBS_000311,09:20:00,9300.0,12017,ROUTE_NDLS_DDN_01,SYNTHETIC_SIMULATOR,OK,28.908588,77.640468,61.246,23.75,6.6,23.75,0.0,36.3,120,25.0,412.71,SEC_GZB_MTC,,GZB,MTC,10.754,252.754,CRUISING,,,,,89.48,,,GREEN,HIGH,True,,False,,JRN_0001,1.0,1.0,1.0,0.4541,1.0,SEVERE,"Predicted HIGH Congestion (Speed cap 25.0 km/h), Predicted Fog Visibility Risk (Speed cap 40.0 km/h)",25.0,25.8,606.6,09:20:00,30.0,BASELINE_HISTORICAL_CALIBRATION,565.0,27.5
OBS_000312,09:20:30,9330.0,12017,ROUTE_NDLS_DDN_01,SYNTHETIC_SIMULATOR,OK,28.909902,77.641575,61.444,23.75,6.6,23.75,0.0,36.3,120,25.0,408.96,SEC_GZB_MTC,,GZB,MTC,10.556,252.556,CRUISING,,,,,89.77,,,GREEN,HIGH,True,,False,,JRN_0001,1.0,1.0,1.0,0.4541,1.0,SEVERE,"Predicted HIGH Congestion (Speed cap 25.0 km/h), Predicted Fog Visibility Risk (Speed cap 40.0 km/h)",25.0,25.3,606.1,09:20:30,30.0,BASELINE_HISTORICAL_CALIBRATION,564.5,27.0
OBS_000313,09:21:00,9360.0,12017,ROUTE_NDLS_DDN_01,SYNTHETIC_SIMULATOR,OK,28.911216,77.642681,61.642,23.75,6.6,23.75,0.0,36.3,120,25.0,405.18,SEC_GZB_MTC,,GZB,MTC,10.358,252.358,CRUISING,,,,,90.06,,,GREEN,HIGH,True,,False,,JRN_0001,1.0,1.0,1.0,0.4541,1.0,SEVERE,"Predicted HIGH Congestion (Speed cap 25.0 km/h), Predicted Fog Visibility Risk (Speed cap 40.0 km/h)",25.0,24.9,605.7,09:21:00,30.0,BASELINE_HISTORICAL_CALIBRATION,564.0,26.5
OBS_000314,09:21:30,9390.0,12017,ROUTE_NDLS_DDN_01,SYNTHETIC_SIMULATOR,OK,28.912531,77.643788,61.84,23.75,6.6,23.75,0.0,36.3,120,25.0,401.36,SEC_GZB_MTC,,GZB,MTC,10.16,252.16,CRUISING,,,,,90.34,,,GREEN,HIGH,True,,False,,JRN_0001,1.0,1.0,1.0,0.4541,1.0,SEVERE,"Predicted HIGH Congestion (Speed cap 25.0 km/h), Predicted Fog Visibility Risk (Speed cap 40.0 km/h)",25.0,24.4,605.2,09:21:30,30.0,BASELINE_HISTORICAL_CALIBRATION,563.5,26.0
OBS_000315,09:22:00,9420.0,12017,ROUTE_NDLS_DDN_01,SYNTHETIC_SIMULATOR,OK,28.913845,77.644895,62.037,23.75,6.6,23.75,0.0,36.3,120,25.0,397.51,SEC_GZB_MTC,,GZB,MTC,9.963,251.963,CRUISING,,,,,90.63,,,GREEN,HIGH,True,,False,,JRN_0001,1.0,1.0,1.0,0.4541,1.0,SEVERE,"Predicted HIGH Congestion (Speed cap 25.0 km/h), Predicted Fog Visibility Risk (Speed cap 40.0 km/h)",25.0,23.9,604.7,09:22:00,30.0,BASELINE_HISTORICAL_CALIBRATION,563.0,25.5
OBS_000316,09:22:30,9450.0,12017,ROUTE_NDLS_DDN_01,SYNTHETIC_SIMULATOR,OK,28.915159,77.646001,62.235,23.75,6.6,23.75,0.0,36.3,120,25.0,393.62,SEC_GZB_MTC,,GZB,MTC,9.765,251.765,CRUISING,,,,,90.92,,,GREEN,HIGH,True,,False,,JRN_0001,1.0,1.0,1.0,0.4541,1.0,SEVERE,"Predicted HIGH Congestion (Speed cap 25.0 km/h), Predicted Fog Visibility Risk (Speed cap 40.0 km/h)",25.0,23.4,604.2,09:22:30,30.0,BASELINE_HISTORICAL_CALIBRATION,562.5,25.0
OBS_000317,09:23:00,9480.0,12017,ROUTE_NDLS_DDN_01,SYNTHETIC_SIMULATOR,OK,28.916473,77.647108,62.433,23.75,6.6,23.75,0.0,36.3,120,25.0,389.69,SEC_GZB_MTC,,GZB,MTC,9.567,251.567,CRUISING,,,,,91.21,,,GREEN,HIGH,True,,False,,JRN_0001,1.0,1.0,1.0,0.4541,1.0,SEVERE,"Predicted HIGH Congestion (Speed cap 25.0 km/h), Predicted Fog Visibility Risk (Speed cap 40.0 km/h)",25.0,23.0,603.8,09:23:00,30.0,BASELINE_HISTORICAL_CALIBRATION,562.0,24.5
OBS_000318,09:23:30,9510.0,12017,ROUTE_NDLS_DDN_01,SYNTHETIC_SIMULATOR,OK,28.917788,77.648215,62.631,23.75,6.6,23.75,0.0,36.3,120,25.0,385.72,SEC_GZB_MTC,,GZB,MTC,9.369,251.369,CRUISING,,,,,91.49,,,GREEN,HIGH,True,,False,,JRN_0001,1.0,1.0,1.0,0.4541,1.0,SEVERE,"Predicted HIGH Congestion (Speed cap 25.0 km/h), Predicted Fog Visibility Risk (Speed cap 40.0 km/h)",25.0,22.5,603.3,09:23:30,30.0,BASELINE_HISTORICAL_CALIBRATION,561.5,24.0
OBS_000319,09:24:00,9540.0,12017,ROUTE_NDLS_DDN_01,SYNTHETIC_SIMULATOR,OK,28.919102,77.649321,62.829,23.75,6.6,23.75,0.0,36.3,120,25.0,381.71,SEC_GZB_MTC,,GZB,MTC,9.171,251.171,CRUISING,,,,,91.78,,,GREEN,HIGH,True,,False,,JRN_0001,1.0,1.0,1.0,0.4541,1.0,SEVERE,"Predicted HIGH Congestion (Speed cap 25.0 km/h), Predicted Fog Visibility Risk (Speed cap 40.0 km/h)",25.0,22.0,602.8,09:24:00,30.0,BASELINE_HISTORICAL_CALIBRATION,561.0,23.5
OBS_000320,09:24:30,9570.0,12017,ROUTE_NDLS_DDN_01,SYNTHETIC_SIMULATOR,OK,28.920416,77.650428,63.027,23.75,6.6,23.75,0.0,36.3,120,25.0,377.66,SEC_GZB_MTC,,GZB,MTC,8.973,250.973,CRUISING,,,,,92.07,,,GREEN,HIGH,True,,False,,JRN_0001,1.0,1.0,1.0,0.4541,1.0,SEVERE,"Predicted HIGH Congestion (Speed cap 25.0 km/h), Predicted Fog Visibility Risk (Speed cap 40.0 km/h)",25.0,21.5,602.3,09:24:30,30.0,BASELINE_HISTORICAL_CALIBRATION,560.5,23.0
OBS_000321,09:25:00,9600.0,12017,ROUTE_NDLS_DDN_01,SYNTHETIC_SIMULATOR,OK,28.92173,77.651535,63.225,23.75,6.6,23.75,0.0,36.3,120,25.0,373.56,SEC_GZB_MTC,,GZB,MTC,8.775,250.775,CRUISING,,,,,92.36,,,GREEN,HIGH,True,,False,,JRN_0001,1.0,1.0,1.0,0.4541,1.0,SEVERE,"Predicted HIGH Congestion (Speed cap 25.0 km/h), Predicted Fog Visibility Risk (Speed cap 40.0 km/h)",25.0,21.1,601.9,09:25:00,30.0,BASELINE_HISTORICAL_CALIBRATION,560.0,22.5
OBS_000322,09:25:30,9630.0,12017,ROUTE_NDLS_DDN_01,SYNTHETIC_SIMULATOR,OK,28.923045,77.652641,63.423,23.75,6.6,23.75,0.0,36.3,120,25.0,369.42,SEC_GZB_MTC,,GZB,MTC,8.577,250.577,CRUISING,,,,,92.64,,,GREEN,HIGH,True,,False,,JRN_0001,1.0,1.0,1.0,0.4541,1.0,SEVERE,"Predicted HIGH Congestion (Speed cap 25.0 km/h), Predicted Fog Visibility Risk (Speed cap 40.0 km/h)",25.0,20.6,601.4,09:25:30,30.0,BASELINE_HISTORICAL_CALIBRATION,559.5,22.0
OBS_000323,09:26:00,9660.0,12017,ROUTE_NDLS_DDN_01,SYNTHETIC_SIMULATOR,OK,28.924359,77.653748,63.621,23.75,6.6,23.75,0.0,36.3,120,25.0,365.23,SEC_GZB_MTC,,GZB,MTC,8.379,250.379,CRUISING,,,,,92.93,,,GREEN,HIGH,True,,False,,JRN_0001,1.0,1.0,1.0,0.4541,1.0,SEVERE,"Predicted HIGH Congestion (Speed cap 25.0 km/h), Predicted Fog Visibility Risk (Speed cap 40.0 km/h)",25.0,20.1,600.9,09:26:00,30.0,BASELINE_HISTORICAL_CALIBRATION,559.0,21.5
OBS_000324,09:26:30,9690.0,12017,ROUTE_NDLS_DDN_01,SYNTHETIC_SIMULATOR,OK,28.925673,77.654855,63.819,23.75,6.6,23.75,0.0,36.3,120,25.0,360.99,SEC_GZB_MTC,,GZB,MTC,8.181,250.181,CRUISING,,,,,93.22,,,GREEN,HIGH,True,,False,,JRN_0001,1.0,1.0,1.0,0.4541,1.0,SEVERE,"Predicted HIGH Congestion (Speed cap 25.0 km/h), Predicted Fog Visibility Risk (Speed cap 40.0 km/h)",25.0,19.6,600.4,09:26:30,30.0,BASELINE_HISTORICAL_CALIBRATION,558.5,21.0
OBS_000325,09:27:00,9720.0,12017,ROUTE_NDLS_DDN_01,SYNTHETIC_SIMULATOR,OK,28.926987,77.655961,64.017,23.75,6.6,23.75,0.0,36.3,120,25.0,356.7,SEC_GZB_MTC,,GZB,MTC,7.983,249.983,CRUISING,,,,,93.51,,,GREEN,HIGH,True,,False,,JRN_0001,1.0,1.0,1.0,0.4541,1.0,SEVERE,"Predicted HIGH Congestion (Speed cap 25.0 km/h), Predicted Fog Visibility Risk (Speed cap 40.0 km/h)",25.0,19.2,600.0,09:27:00,30.0,BASELINE_HISTORICAL_CALIBRATION,558.0,20.5
OBS_000326,09:27:30,9750.0,12017,ROUTE_NDLS_DDN_01,SYNTHETIC_SIMULATOR,OK,28.928302,77.657068,64.215,23.75,6.6,23.75,0.0,36.3,120,25.0,352.36,SEC_GZB_MTC,,GZB,MTC,7.785,249.785,CRUISING,,,,,93.79,,,GREEN,HIGH,True,,False,,JRN_0001,1.0,1.0,1.0,0.4541,1.0,SEVERE,"Predicted HIGH Congestion (Speed cap 25.0 km/h), Predicted Fog Visibility Risk (Speed cap 40.0 km/h)",25.0,18.7,599.5,09:27:30,30.0,BASELINE_HISTORICAL_CALIBRATION,557.5,20.0
OBS_000327,09:28:00,9780.0,12017,ROUTE_NDLS_DDN_01,SYNTHETIC_SIMULATOR,OK,28.929616,77.658175,64.412,23.75,6.6,23.75,0.0,36.3,120,25.0,347.96,SEC_GZB_MTC,,GZB,MTC,7.588,249.588,CRUISING,,,,,94.08,,,GREEN,HIGH,True,,False,,JRN_0001,1.0,1.0,1.0,0.4541,1.0,SEVERE,"Predicted HIGH Congestion (Speed cap 25.0 km/h), Predicted Fog Visibility Risk (Speed cap 40.0 km/h)",25.0,18.2,599.0,09:28:00,30.0,BASELINE_HISTORICAL_CALIBRATION,557.0,19.5
OBS_000328,09:28:30,9810.0,12017,ROUTE_NDLS_DDN_01,SYNTHETIC_SIMULATOR,OK,28.93093,77.659281,64.61,23.75,6.6,23.75,0.0,36.3,120,25.0,343.51,SEC_GZB_MTC,,GZB,MTC,7.39,249.39,CRUISING,,,,,94.37,,,GREEN,HIGH,True,,False,,JRN_0001,1.0,1.0,1.0,0.4541,1.0,SEVERE,"Predicted HIGH Congestion (Speed cap 25.0 km/h), Predicted Fog Visibility Risk (Speed cap 40.0 km/h)",25.0,17.7,598.5,09:28:30,30.0,BASELINE_HISTORICAL_CALIBRATION,556.5,19.0
OBS_000329,09:29:00,9840.0,12017,ROUTE_NDLS_DDN_01,SYNTHETIC_SIMULATOR,OK,28.932244,77.660388,64.808,23.75,6.6,23.75,0.0,36.3,120,25.0,339.0,SEC_GZB_MTC,,GZB,MTC,7.192,249.192,CRUISING,,,,,94.66,,,GREEN,HIGH,True,,False,,JRN_0001,1.0,1.0,1.0,0.4541,1.0,SEVERE,"Predicted HIGH Congestion (Speed cap 25.0 km/h), Predicted Fog Visibility Risk (Speed cap 40.0 km/h)",25.0,17.3,598.1,09:29:00,30.0,BASELINE_HISTORICAL_CALIBRATION,556.0,18.5
OBS_000330,09:29:30,9870.0,12017,ROUTE_NDLS_DDN_01,SYNTHETIC_SIMULATOR,OK,28.933559,77.661495,65.006,23.75,6.6,23.75,0.0,36.3,120,25.0,334.43,SEC_GZB_MTC,,GZB,MTC,6.994,248.994,CRUISING,,,,,94.94,,,GREEN,HIGH,True,,False,,JRN_0001,1.0,1.0,1.0,0.4541,1.0,SEVERE,"Predicted HIGH Congestion (Speed cap 25.0 km/h), Predicted Fog Visibility Risk (Speed cap 40.0 km/h)",25.0,16.8,597.6,09:29:30,30.0,BASELINE_HISTORICAL_CALIBRATION,555.5,18.0
OBS_000331,09:30:00,9900.0,12017,ROUTE_NDLS_DDN_01,SYNTHETIC_SIMULATOR,OK,28.934873,77.662601,65.204,23.75,6.6,23.75,0.0,36.3,120,25.0,329.8,SEC_GZB_MTC,,GZB,MTC,6.796,248.796,CRUISING,,,,,95.23,,,GREEN,HIGH,True,,False,,JRN_0001,1.0,1.0,1.0,0.4541,1.0,SEVERE,"Predicted HIGH Congestion (Speed cap 25.0 km/h), Predicted Fog Visibility Risk (Speed cap 40.0 km/h)",25.0,16.3,597.1,09:30:00,30.0,BASELINE_HISTORICAL_CALIBRATION,555.0,17.5
OBS_000332,09:30:30,9930.0,12017,ROUTE_NDLS_DDN_01,SYNTHETIC_SIMULATOR,OK,28.936187,77.663708,65.402,23.75,6.6,23.75,0.0,36.3,120,25.0,325.1,SEC_GZB_MTC,,GZB,MTC,6.598,248.598,CRUISING,,,,,95.52,,,GREEN,HIGH,True,,False,,JRN_0001,1.0,1.0,1.0,0.4541,1.0,SEVERE,"Predicted HIGH Congestion (Speed cap 25.0 km/h), Predicted Fog Visibility Risk (Speed cap 40.0 km/h)",25.0,15.8,596.6,09:30:30,30.0,BASELINE_HISTORICAL_CALIBRATION,554.5,17.0
OBS_000333,09:31:00,9960.0,12017,ROUTE_NDLS_DDN_01,SYNTHETIC_SIMULATOR,OK,28.937501,77.664814,65.6,23.75,6.6,23.75,0.0,36.3,120,25.0,320.33,SEC_GZB_MTC,,GZB,MTC,6.4,248.4,CRUISING,,,,,95.81,,,GREEN,HIGH,True,,False,,JRN_0001,1.0,1.0,1.0,0.4541,1.0,SEVERE,"Predicted HIGH Congestion (Speed cap 25.0 km/h), Predicted Fog Visibility Risk (Speed cap 40.0 km/h)",25.0,15.4,596.2,09:31:00,30.0,BASELINE_HISTORICAL_CALIBRATION,554.0,16.5
OBS_000334,09:31:30,9990.0,12017,ROUTE_NDLS_DDN_01,SYNTHETIC_SIMULATOR,OK,28.938816,77.665921,65.798,23.75,6.6,23.75,0.0,36.3,120,25.0,315.49,SEC_GZB_MTC,,GZB,MTC,6.202,248.202,CRUISING,,,,,96.09,,,GREEN,HIGH,True,,False,,JRN_0001,1.0,1.0,1.0,0.4541,1.0,SEVERE,"Predicted HIGH Congestion (Speed cap 25.0 km/h), Predicted Fog Visibility Risk (Speed cap 40.0 km/h)",25.0,14.9,595.7,09:31:30,30.0,BASELINE_HISTORICAL_CALIBRATION,553.5,16.0
OBS_000335,09:32:00,10020.0,12017,ROUTE_NDLS_DDN_01,SYNTHETIC_SIMULATOR,OK,28.94013,77.667028,65.996,23.75,6.6,23.75,0.0,36.3,120,25.0,310.57,SEC_GZB_MTC,,GZB,MTC,6.004,248.004,CRUISING,,,,,96.38,,,GREEN,HIGH,True,,False,,JRN_0001,1.0,1.0,1.0,0.4541,1.0,SEVERE,"Predicted HIGH Congestion (Speed cap 25.0 km/h), Predicted Fog Visibility Risk (Speed cap 40.0 km/h)",25.0,14.4,595.2,09:32:00,30.0,BASELINE_HISTORICAL_CALIBRATION,553.0,15.5
OBS_000336,09:32:30,10050.0,12017,ROUTE_NDLS_DDN_01,SYNTHETIC_SIMULATOR,OK,28.941444,77.668134,66.194,23.75,6.6,23.75,0.0,36.3,120,25.0,305.58,SEC_GZB_MTC,,GZB,MTC,5.806,247.806,CRUISING,,,,,96.67,,,GREEN,HIGH,True,,False,,JRN_0001,1.0,1.0,1.0,0.4541,1.0,SEVERE,"Predicted HIGH Congestion (Speed cap 25.0 km/h), Predicted Fog Visibility Risk (Speed cap 40.0 km/h)",25.0,13.9,594.7,09:32:30,30.0,BASELINE_HISTORICAL_CALIBRATION,552.5,15.0
OBS_000337,09:33:00,10080.0,12017,ROUTE_NDLS_DDN_01,SYNTHETIC_SIMULATOR,OK,28.942758,77.669241,66.392,23.75,6.6,23.75,0.0,36.3,120,25.0,300.5,SEC_GZB_MTC,,GZB,MTC,5.608,247.608,CRUISING,,,,,96.96,,,GREEN,HIGH,True,,False,,JRN_0001,1.0,1.0,1.0,0.4541,1.0,SEVERE,"Predicted HIGH Congestion (Speed cap 25.0 km/h), Predicted Fog Visibility Risk (Speed cap 40.0 km/h)",25.0,13.5,594.3,09:33:00,30.0,BASELINE_HISTORICAL_CALIBRATION,552.0,14.5
OBS_000338,09:33:30,10110.0,12017,ROUTE_NDLS_DDN_01,SYNTHETIC_SIMULATOR,OK,28.944073,77.670348,66.59,23.75,6.6,23.75,0.0,36.3,120,25.0,295.33,SEC_GZB_MTC,,GZB,MTC,5.41,247.41,CRUISING,,,,,97.25,,,GREEN,HIGH,True,,False,,JRN_0001,1.0,1.0,1.0,0.4541,1.0,SEVERE,"Predicted HIGH Congestion (Speed cap 25.0 km/h), Predicted Fog Visibility Risk (Speed cap 40.0 km/h)",25.0,13.0,593.8,09:33:30,30.0,BASELINE_HISTORICAL_CALIBRATION,551.5,14.0
OBS_000339,09:34:00,10140.0,12017,ROUTE_NDLS_DDN_01,SYNTHETIC_SIMULATOR,OK,28.945387,77.671454,66.787,23.75,6.6,23.75,0.0,36.3,120,25.0,290.07,SEC_GZB_MTC,,GZB,MTC,5.213,247.213,CRUISING,,,,,97.53,,,GREEN,HIGH,True,,False,,JRN_0001,1.0,1.0,1.0,0.4541,1.0,SEVERE,"Predicted HIGH Congestion (Speed cap 25.0 km/h), Predicted Fog Visibility Risk (Speed cap 40.0 km/h)",25.0,12.5,593.3,09:34:00,30.0,BASELINE_HISTORICAL_CALIBRATION,551.0,13.5
OBS_000340,09:34:30,10170.0,12017,ROUTE_NDLS_DDN_01,SYNTHETIC_SIMULATOR,OK,28.946701,77.672561,66.985,23.75,6.6,23.75,0.0,36.3,120,25.0,284.72,SEC_GZB_MTC,,GZB,MTC,5.015,247.015,CRUISING,,,,,97.82,,,GREEN,HIGH,True,,False,,JRN_0001,1.0,1.0,1.0,0.4541,1.0,SEVERE,"Predicted HIGH Congestion (Speed cap 25.0 km/h), Predicted Fog Visibility Risk (Speed cap 40.0 km/h)",25.0,12.0,592.8,09:34:30,30.0,BASELINE_HISTORICAL_CALIBRATION,550.5,13.0
OBS_000341,09:35:00,10200.0,12017,ROUTE_NDLS_DDN_01,SYNTHETIC_SIMULATOR,OK,28.948015,77.673668,67.183,23.75,6.6,23.75,0.0,36.3,120,25.0,279.26,SEC_GZB_MTC,,GZB,MTC,4.817,246.817,CRUISING,,,,,98.11,,,GREEN,HIGH,True,,False,,JRN_0001,1.0,1.0,1.0,0.4541,1.0,SEVERE,"Predicted HIGH Congestion (Speed cap 25.0 km/h), Predicted Fog Visibility Risk (Speed cap 40.0 km/h)",25.0,11.6,592.4,09:35:00,30.0,BASELINE_HISTORICAL_CALIBRATION,550.0,12.5
OBS_000342,09:35:30,10230.0,12017,ROUTE_NDLS_DDN_01,SYNTHETIC_SIMULATOR,OK,28.94933,77.674774,67.381,23.75,6.6,23.75,0.0,36.3,120,25.0,273.69,SEC_GZB_MTC,,GZB,MTC,4.619,246.619,CRUISING,,,,,98.4,,,GREEN,HIGH,True,,False,,JRN_0001,1.0,1.0,1.0,0.4541,1.0,SEVERE,"Predicted HIGH Congestion (Speed cap 25.0 km/h), Predicted Fog Visibility Risk (Speed cap 40.0 km/h)",25.0,11.1,591.9,09:35:30,30.0,BASELINE_HISTORICAL_CALIBRATION,549.5,12.0
OBS_000343,09:36:00,10260.0,12017,ROUTE_NDLS_DDN_01,SYNTHETIC_SIMULATOR,OK,28.950644,77.675881,67.579,23.75,6.6,23.75,0.0,36.3,120,25.0,268.01,SEC_GZB_MTC,,GZB,MTC,4.421,246.421,CRUISING,,,,,98.68,,,GREEN,HIGH,True,,False,,JRN_0001,1.0,1.0,1.0,0.4541,1.0,SEVERE,"Predicted HIGH Congestion (Speed cap 25.0 km/h), Predicted Fog Visibility Risk (Speed cap 40.0 km/h)",25.0,10.6,591.4,09:36:00,30.0,BASELINE_HISTORICAL_CALIBRATION,549.0,11.5
OBS_000344,09:36:30,10290.0,12017,ROUTE_NDLS_DDN_01,SYNTHETIC_SIMULATOR,OK,28.951958,77.676988,67.777,23.75,6.6,23.75,0.0,36.3,120,25.0,262.21,SEC_GZB_MTC,,GZB,MTC,4.223,246.223,CRUISING,,,,,98.97,,,GREEN,HIGH,True,,False,,JRN_0001,1.0,1.0,1.0,0.4541,1.0,SEVERE,"Predicted HIGH Congestion (Speed cap 25.0 km/h), Predicted Fog Visibility Risk (Speed cap 40.0 km/h)",25.0,10.1,590.9,09:36:30,30.0,BASELINE_HISTORICAL_CALIBRATION,548.5,11.0
OBS_000345,09:37:00,10320.0,12017,ROUTE_NDLS_DDN_01,SYNTHETIC_SIMULATOR,OK,28.953272,77.678094,67.975,23.75,6.6,23.75,0.0,36.3,120,25.0,256.27,SEC_GZB_MTC,,GZB,MTC,4.025,246.025,CRUISING,,,,,99.26,,,GREEN,HIGH,True,,False,,JRN_0001,1.0,1.0,1.0,0.4541,1.0,SEVERE,"Predicted HIGH Congestion (Speed cap 25.0 km/h), Predicted Fog Visibility Risk (Speed cap 40.0 km/h)",25.0,9.7,590.5,09:37:00,30.0,BASELINE_HISTORICAL_CALIBRATION,548.0,10.5
OBS_000346,09:37:30,10350.0,12017,ROUTE_NDLS_DDN_01,SYNTHETIC_SIMULATOR,OK,28.954587,77.679201,68.173,23.75,6.6,23.75,0.0,36.3,120,25.0,250.19,SEC_GZB_MTC,,GZB,MTC,3.827,245.827,CRUISING,,,,,99.55,,,GREEN,HIGH,True,,False,,JRN_0001,1.0,1.0,1.0,0.4541,1.0,SEVERE,"Predicted HIGH Congestion (Speed cap 25.0 km/h), Predicted Fog Visibility Risk (Speed cap 40.0 km/h)",25.0,9.2,590.0,09:37:30,30.0,BASELINE_HISTORICAL_CALIBRATION,547.5,10.0
OBS_000347,09:38:00,10380.0,12017,ROUTE_NDLS_DDN_01,SYNTHETIC_SIMULATOR,OK,28.955901,77.680308,68.371,23.75,6.6,23.75,0.0,36.3,120,25.0,243.96,SEC_GZB_MTC,,GZB,MTC,3.629,245.629,CRUISING,,,,,99.83,,,GREEN,HIGH,True,,False,,JRN_0001,1.0,1.0,1.0,0.4541,1.0,SEVERE,"Predicted HIGH Congestion (Speed cap 25.0 km/h), Predicted Fog Visibility Risk (Speed cap 40.0 km/h)",25.0,8.7,589.5,09:38:00,30.0,BASELINE_HISTORICAL_CALIBRATION,547.0,9.5
OBS_000348,09:38:30,10410.0,12017,ROUTE_NDLS_DDN_01,SYNTHETIC_SIMULATOR,OK,28.957215,77.681414,68.569,23.75,6.6,23.75,0.0,36.3,120,25.0,237.57,SEC_GZB_MTC,,GZB,MTC,3.431,245.431,CRUISING,,,,,100.12,,,GREEN,HIGH,True,,False,,JRN_0001,1.0,1.0,1.0,0.4541,1.0,SEVERE,"Predicted HIGH Congestion (Speed cap 25.0 km/h), Predicted Fog Visibility Risk (Speed cap 40.0 km/h)",25.0,8.2,589.0,09:38:30,30.0,BASELINE_HISTORICAL_CALIBRATION,546.5,9.0
OBS_000349,09:39:00,10440.0,12017,ROUTE_NDLS_DDN_01,SYNTHETIC_SIMULATOR,OK,28.958529,77.682521,68.767,23.75,6.6,23.75,0.0,36.3,120,25.0,231.0,SEC_GZB_MTC,,GZB,MTC,3.233,245.233,CRUISING,,,,,100.41,,,GREEN,HIGH,True,,False,,JRN_0001,1.0,1.0,1.0,0.4541,1.0,SEVERE,"Predicted HIGH Congestion (Speed cap 25.0 km/h), Predicted Fog Visibility Risk (Speed cap 40.0 km/h)",25.0,7.8,588.6,09:39:00,30.0,BASELINE_HISTORICAL_CALIBRATION,546.0,8.5
OBS_000350,09:39:30,10470.0,12017,ROUTE_NDLS_DDN_01,SYNTHETIC_SIMULATOR,OK,28.959844,77.683628,68.965,23.75,6.6,23.75,0.0,36.3,120,25.0,224.24,SEC_GZB_MTC,,GZB,MTC,3.035,245.035,CRUISING,,,,,100.7,,,GREEN,HIGH,True,,False,,JRN_0001,1.0,1.0,1.0,0.4541,1.0,SEVERE,"Predicted HIGH Congestion (Speed cap 25.0 km/h), Predicted Fog Visibility Risk (Speed cap 40.0 km/h)",25.0,7.3,588.1,09:39:30,30.0,BASELINE_HISTORICAL_CALIBRATION,545.5,8.0
OBS_000351,09:40:00,10500.0,12017,ROUTE_NDLS_DDN_01,SYNTHETIC_SIMULATOR,OK,28.961158,77.684734,69.162,23.75,6.6,23.75,0.0,36.3,120,25.0,217.27,SEC_GZB_MTC,,GZB,MTC,2.838,244.838,CRUISING,,,,,100.98,,,GREEN,HIGH,True,,False,,JRN_0001,1.0,1.0,1.0,0.4541,1.0,SEVERE,"Predicted HIGH Congestion (Speed cap 25.0 km/h), Predicted Fog Visibility Risk (Speed cap 40.0 km/h)",25.0,6.8,587.6,09:40:00,30.0,BASELINE_HISTORICAL_CALIBRATION,545.0,7.5
OBS_000352,09:40:30,10530.0,12017,ROUTE_NDLS_DDN_01,SYNTHETIC_SIMULATOR,OK,28.962472,77.685841,69.36,23.75,6.6,23.75,0.0,36.3,120,25.0,210.07,SEC_GZB_MTC,,GZB,MTC,2.64,244.64,CRUISING,,,,,101.27,,,GREEN,HIGH,True,,False,,JRN_0001,1.0,1.0,1.0,0.4541,1.0,SEVERE,"Predicted HIGH Congestion (Speed cap 25.0 km/h), Predicted Fog Visibility Risk (Speed cap 40.0 km/h)",25.0,6.3,587.1,09:40:30,30.0,BASELINE_HISTORICAL_CALIBRATION,544.5,7.0
OBS_000353,09:41:00,10560.0,12017,ROUTE_NDLS_DDN_01,SYNTHETIC_SIMULATOR,OK,28.963786,77.686947,69.558,23.75,6.6,23.75,0.0,36.3,120,25.0,202.61,SEC_GZB_MTC,,GZB,MTC,2.442,244.442,CRUISING,,,,,101.56,,,GREEN,HIGH,True,,False,,JRN_0001,1.0,1.0,1.0,0.4541,1.0,SEVERE,"Predicted HIGH Congestion (Speed cap 25.0 km/h), Predicted Fog Visibility Risk (Speed cap 40.0 km/h)",25.0,5.9,586.7,09:41:00,30.0,BASELINE_HISTORICAL_CALIBRATION,544.0,6.5
OBS_000354,09:41:30,10590.0,12017,ROUTE_NDLS_DDN_01,SYNTHETIC_SIMULATOR,OK,28.965101,77.688054,69.756,23.75,6.6,23.75,0.0,36.3,120,25.0,194.87,SEC_GZB_MTC,,GZB,MTC,2.244,244.244,CRUISING,,,,,101.85,,,GREEN,HIGH,True,,False,,JRN_0001,1.0,1.0,1.0,0.4541,1.0,SEVERE,"Predicted HIGH Congestion (Speed cap 25.0 km/h), Predicted Fog Visibility Risk (Speed cap 40.0 km/h)",25.0,5.4,586.2,09:41:30,30.0,BASELINE_HISTORICAL_CALIBRATION,543.5,6.0
OBS_000355,09:42:00,10620.0,12017,ROUTE_NDLS_DDN_01,SYNTHETIC_SIMULATOR,OK,28.966415,77.689161,69.954,23.75,6.6,23.75,0.0,36.3,120,25.0,186.8,SEC_GZB_MTC,,GZB,MTC,2.046,244.046,CRUISING,,,,,102.13,,,GREEN,HIGH,True,,False,,JRN_0001,1.0,1.0,1.0,0.4541,1.0,SEVERE,"Predicted HIGH Congestion (Speed cap 25.0 km/h), Predicted Fog Visibility Risk (Speed cap 40.0 km/h)",25.0,4.9,585.7,09:42:00,30.0,BASELINE_HISTORICAL_CALIBRATION,543.0,5.5
OBS_000356,09:42:30,10650.0,12017,ROUTE_NDLS_DDN_01,SYNTHETIC_SIMULATOR,OK,28.967729,77.690267,70.152,23.75,6.6,23.75,0.0,36.3,120,25.0,178.37,SEC_GZB_MTC,,GZB,MTC,1.848,243.848,CRUISING,,,,,102.42,,,GREEN,HIGH,True,,False,,JRN_0001,1.0,1.0,1.0,0.4541,1.0,SEVERE,"Predicted HIGH Congestion (Speed cap 25.0 km/h), Predicted Fog Visibility Risk (Speed cap 40.0 km/h)",25.0,4.4,585.2,09:42:30,30.0,BASELINE_HISTORICAL_CALIBRATION,542.5,5.0
OBS_000357,09:43:00,10680.0,12017,ROUTE_NDLS_DDN_01,SYNTHETIC_SIMULATOR,OK,28.969043,77.691374,70.35,23.75,6.6,23.75,0.0,36.3,120,25.0,169.53,SEC_GZB_MTC,,GZB,MTC,1.65,243.65,CRUISING,,,,,102.71,,,GREEN,HIGH,True,,False,,JRN_0001,1.0,1.0,1.0,0.4541,1.0,SEVERE,"Predicted HIGH Congestion (Speed cap 25.0 km/h), Predicted Fog Visibility Risk (Speed cap 40.0 km/h)",25.0,4.0,584.8,09:43:00,30.0,BASELINE_HISTORICAL_CALIBRATION,542.0,4.5
OBS_000358,09:43:30,10710.0,12017,ROUTE_NDLS_DDN_01,SYNTHETIC_SIMULATOR,OK,28.970358,77.692481,70.548,23.75,6.6,23.75,0.0,36.3,120,25.0,160.19,SEC_GZB_MTC,,GZB,MTC,1.452,243.452,CRUISING,,,,,103.0,,,GREEN,HIGH,True,,False,,JRN_0001,1.0,1.0,1.0,0.4541,1.0,SEVERE,"Predicted HIGH Congestion (Speed cap 25.0 km/h), Predicted Fog Visibility Risk (Speed cap 40.0 km/h)",25.0,3.5,584.3,09:43:30,30.0,BASELINE_HISTORICAL_CALIBRATION,541.5,4.0
OBS_000359,09:44:00,10740.0,12017,ROUTE_NDLS_DDN_01,SYNTHETIC_SIMULATOR,OK,28.971672,77.693587,70.746,23.75,6.6,23.75,0.0,36.3,120,25.0,150.28,SEC_GZB_MTC,,GZB,MTC,1.254,243.254,CRUISING,,,,,103.28,,,GREEN,HIGH,True,,False,,JRN_0001,1.0,1.0,1.0,0.4541,1.0,SEVERE,"Predicted HIGH Congestion (Speed cap 25.0 km/h), Predicted Fog Visibility Risk (Speed cap 40.0 km/h)",25.0,3.0,583.8,09:44:00,30.0,BASELINE_HISTORICAL_CALIBRATION,541.0,3.5
OBS_000360,09:44:30,10770.0,12017,ROUTE_NDLS_DDN_01,SYNTHETIC_SIMULATOR,OK,28.972986,77.694694,70.944,23.75,6.6,23.75,0.0,36.3,120,25.0,139.66,SEC_GZB_MTC,,GZB,MTC,1.056,243.056,CRUISING,,,,,103.57,,,GREEN,HIGH,True,,False,,JRN_0001,1.0,1.0,1.0,0.4541,1.0,SEVERE,"Predicted HIGH Congestion (Speed cap 25.0 km/h), Predicted Fog Visibility Risk (Speed cap 40.0 km/h)",25.0,2.5,583.3,09:44:30,30.0,BASELINE_HISTORICAL_CALIBRATION,540.5,3.0
OBS_000361,09:45:00,10800.0,12017,ROUTE_NDLS_DDN_01,SYNTHETIC_SIMULATOR,OK,28.9743,77.695801,71.142,23.75,6.6,23.75,0.0,36.3,120,25.0,128.17,SEC_GZB_MTC,,GZB,MTC,0.858,242.858,CRUISING,,,,,103.86,,,GREEN,HIGH,True,,False,,JRN_0001,1.0,1.0,1.0,0.4541,1.0,SEVERE,"Predicted HIGH Congestion (Speed cap 25.0 km/h), Predicted Fog Visibility Risk (Speed cap 40.0 km/h)",25.0,2.1,582.9,09:45:00,30.0,BASELINE_HISTORICAL_CALIBRATION,540.0,2.5
OBS_000362,09:45:30,10830.0,12017,ROUTE_NDLS_DDN_01,SYNTHETIC_SIMULATOR,OK,28.975615,77.696907,71.34,23.75,6.6,23.75,0.0,36.3,120,25.0,115.54,SEC_GZB_MTC,,GZB,MTC,0.66,242.66,CRUISING,,,,,104.15,,,GREEN,HIGH,True,,False,,JRN_0001,1.0,1.0,1.0,0.4541,1.0,SEVERE,"Predicted HIGH Congestion (Speed cap 25.0 km/h), Predicted Fog Visibility Risk (Speed cap 40.0 km/h)",25.0,1.6,582.4,09:45:30,30.0,BASELINE_HISTORICAL_CALIBRATION,539.5,2.0
OBS_000363,09:46:00,10860.0,12017,ROUTE_NDLS_DDN_01,SYNTHETIC_SIMULATOR,OK,28.976929,77.698014,71.537,23.75,6.6,23.75,0.0,36.3,120,25.0,101.34,SEC_GZB_MTC,,GZB,MTC,0.463,242.463,CRUISING,,,,,104.43,,,GREEN,HIGH,True,,False,,JRN_0001,1.0,1.0,1.0,0.4541,1.0,SEVERE,"Predicted HIGH Congestion (Speed cap 25.0 km/h), Predicted Fog Visibility Risk (Speed cap 40.0 km/h)",25.0,1.1,581.9,09:46:00,30.0,BASELINE_HISTORICAL_CALIBRATION,539.0,1.5
OBS_000364,09:46:30,10890.0,12017,ROUTE_NDLS_DDN_01,SYNTHETIC_SIMULATOR,OK,28.978243,77.699121,71.735,23.75,6.6,23.75,0.0,36.3,120,25.0,84.81,SEC_GZB_MTC,,GZB,MTC,0.265,242.265,CRUISING,,,,,104.72,,,GREEN,HIGH,True,,False,,JRN_0001,1.0,1.0,1.0,0.4541,1.0,SEVERE,"Predicted HIGH Congestion (Speed cap 25.0 km/h), Predicted Fog Visibility Risk (Speed cap 40.0 km/h)",25.0,0.6,581.4,09:46:30,30.0,BASELINE_HISTORICAL_CALIBRATION,538.5,1.0
OBS_000365,09:47:00,10920.0,12017,ROUTE_NDLS_DDN_01,SYNTHETIC_SIMULATOR,OK,28.979557,77.700227,71.933,23.75,6.6,23.75,0.0,36.3,120,25.0,64.15,SEC_GZB_MTC,,GZB,MTC,0.067,242.067,CRUISING,,,,,105.01,,,GREEN,HIGH,True,,False,,JRN_0001,1.0,1.0,1.0,0.4541,1.0,SEVERE,"Predicted HIGH Congestion (Speed cap 25.0 km/h), Predicted Fog Visibility Risk (Speed cap 40.0 km/h)",25.0,0.2,581.0,09:47:00,30.0,BASELINE_HISTORICAL_CALIBRATION,538.0,0.5
OBS_000366,09:47:30,10950.0,12017,ROUTE_NDLS_DDN_01,SYNTHETIC_SIMULATOR,OK,28.98,77.7006,72.0,0.0,0.0,23.75,0.0,0.0,120,25.0,32.2,SEC_GZB_MTC,MTC,MTC,MOZ,56.0,242.0,DWELLING,ARRIVED,09:47:30,,,105.3,,,GREEN,HIGH,True,,False,,JRN_0001,1.0,1.0,1.0,0.4541,1.0,SEVERE,"Predicted HIGH Congestion (Speed cap 25.0 km/h), Predicted Fog Visibility Risk (Speed cap 40.0 km/h)",25.0,134.4,580.8,09:47:30,30.0,BASELINE_HISTORICAL_CALIBRATION,537.5,143.5
OBS_000367,09:48:00,10980.0,12017,ROUTE_NDLS_DDN_01,SYNTHETIC_SIMULATOR,OK,28.98,77.7006,72.0,0.0,0.0,0.0,0.0,0.0,110,25.0,0.0,SEC_MTC_MOZ,MTC,MTC,MOZ,56.0,242.0,DWELLING,,,,,105.73,,,GREEN,HIGH,True,,False,,JRN_0001,1.0,1.0,1.0,0.4541,1.0,SEVERE,"Predicted HIGH Congestion (Speed cap 25.0 km/h), Predicted Fog Visibility Risk (Speed cap 40.0 km/h)",25.0,134.4,580.8,09:48:00,30.0,BASELINE_HISTORICAL_CALIBRATION,537.0,143.0
OBS_000368,09:48:30,11010.0,12017,ROUTE_NDLS_DDN_01,SYNTHETIC_SIMULATOR,OK,28.98,77.7006,72.0,0.0,0.0,0.0,0.0,0.0,110,25.0,0.0,SEC_MTC_MOZ,MTC,MTC,MOZ,56.0,242.0,DWELLING,,,,,106.23,,,GREEN,HIGH,True,,False,,JRN_0001,1.0,1.0,1.0,0.4541,1.0,SEVERE,"Predicted HIGH Congestion (Speed cap 25.0 km/h), Predicted Fog Visibility Risk (Speed cap 40.0 km/h)",25.0,134.4,580.8,09:48:30,30.0,BASELINE_HISTORICAL_CALIBRATION,536.5,142.5
OBS_000369,09:49:00,11040.0,12017,ROUTE_NDLS_DDN_01,SYNTHETIC_SIMULATOR,OK,28.98,77.7006,72.0,0.0,0.0,0.0,0.0,0.0,110,25.0,0.0,SEC_MTC_MOZ,MTC,MTC,MOZ,56.0,242.0,DWELLING,,,,,106.73,,,GREEN,HIGH,True,,False,,JRN_0001,1.0,1.0,1.0,0.4541,1.0,SEVERE,"Predicted HIGH Congestion (Speed cap 25.0 km/h), Predicted Fog Visibility Risk (Speed cap 40.0 km/h)",25.0,134.4,580.8,09:49:00,30.0,BASELINE_HISTORICAL_CALIBRATION,536.0,142.0
OBS_000370,09:49:30,11070.0,12017,ROUTE_NDLS_DDN_01,SYNTHETIC_SIMULATOR,OK,28.98,77.7006,72.0,0.0,0.0,0.0,0.0,0.0,110,25.0,0.0,SEC_MTC_MOZ,MTC,MTC,MOZ,56.0,242.0,DWELLING,,,,,107.23,,,GREEN,HIGH,True,,False,,JRN_0001,1.0,1.0,1.0,0.4541,1.0,SEVERE,"Predicted HIGH Congestion (Speed cap 25.0 km/h), Predicted Fog Visibility Risk (Speed cap 40.0 km/h)",25.0,134.4,580.8,09:49:30,30.0,BASELINE_HISTORICAL_CALIBRATION,535.5,141.5
OBS_000371,09:50:00,11100.0,12017,ROUTE_NDLS_DDN_01,SYNTHETIC_SIMULATOR,OK,28.98,77.7006,72.0,0.0,0.0,0.0,0.0,0.0,110,25.0,0.0,SEC_MTC_MOZ,MTC,MTC,MOZ,56.0,242.0,DWELLING,,,,,107.73,,,GREEN,HIGH,True,,False,,JRN_0001,1.0,1.0,1.0,0.4541,1.0,SEVERE,"Predicted HIGH Congestion (Speed cap 25.0 km/h), Predicted Fog Visibility Risk (Speed cap 40.0 km/h)",25.0,134.4,580.8,09:50:00,30.0,BASELINE_HISTORICAL_CALIBRATION,535.0,141.0
OBS_000372,09:50:30,11130.0,12017,ROUTE_NDLS_DDN_01,SYNTHETIC_SIMULATOR,OK,28.98,77.7006,72.423,23.75,6.6,23.75,0.5,36.3,110,25.0,933.23,SEC_MTC_MOZ,MTC,MTC,MOZ,55.577,241.577,ACCELERATING,DEPARTED,,09:50:30,3,108.23,,,GREEN,HIGH,True,,False,,JRN_0001,1.0,1.0,1.0,0.4541,1.0,SEVERE,"Predicted HIGH Congestion (Speed cap 25.0 km/h), Predicted Fog Visibility Risk (Speed cap 40.0 km/h)",25.0,133.4,579.8,09:50:30,30.0,BASELINE_HISTORICAL_CALIBRATION,534.5,140.5
OBS_000373,09:51:00,11160.0,12017,ROUTE_NDLS_DDN_01,SYNTHETIC_SIMULATOR,OK,28.985462,77.700688,72.621,23.75,6.6,23.75,0.0,36.3,110,25.0,929.7,SEC_MTC_MOZ,,MTC,MOZ,55.379,241.379,CRUISING,,,,,108.27,,,GREEN,HIGH,True,,False,,JRN_0001,1.0,1.0,1.0,0.4541,1.0,SEVERE,"Predicted HIGH Congestion (Speed cap 25.0 km/h), Predicted Fog Visibility Risk (Speed cap 40.0 km/h)",25.0,132.9,579.3,09:51:00,30.0,BASELINE_HISTORICAL_CALIBRATION,534.0,140.0
OBS_000374,09:51:30,11190.0,12017,ROUTE_NDLS_DDN_01,SYNTHETIC_SIMULATOR,OK,28.987204,77.700716,72.819,23.75,6.6,23.75,0.0,36.3,110,25.0,928.04,SEC_MTC_MOZ,,MTC,MOZ,55.181,241.181,CRUISING,,,,,108.56,,,GREEN,HIGH,True,,False,,JRN_0001,1.0,1.0,1.0,0.4541,1.0,SEVERE,"Predicted HIGH Congestion (Speed cap 25.0 km/h), Predicted Fog Visibility Risk (Speed cap 40.0 km/h)",25.0,132.4,578.8,09:51:30,30.0,BASELINE_HISTORICAL_CALIBRATION,533.5,139.5
OBS_000375,09:52:00,11220.0,12017,ROUTE_NDLS_DDN_01,SYNTHETIC_SIMULATOR,OK,28.988945,77.700743,73.017,23.75,6.6,23.75,0.0,36.3,110,25.0,926.38,SEC_MTC_MOZ,,MTC,MOZ,54.983,240.983,CRUISING,,,,,108.85,,,GREEN,HIGH,True,,False,,JRN_0001,1.0,1.0,1.0,0.4541,1.0,SEVERE,"Predicted HIGH Congestion (Speed cap 25.0 km/h), Predicted Fog Visibility Risk (Speed cap 40.0 km/h)",25.0,132.0,578.4,09:52:00,30.0,BASELINE_HISTORICAL_CALIBRATION,533.0,139.0
OBS_000376,09:52:30,11250.0,12017,ROUTE_NDLS_DDN_01,SYNTHETIC_SIMULATOR,OK,28.990686,77.700771,73.215,23.75,6.6,23.75,0.0,36.3,110,25.0,924.72,SEC_MTC_MOZ,,MTC,MOZ,54.785,240.785,CRUISING,,,,,109.13,,,GREEN,HIGH,True,,False,,JRN_0001,1.0,1.0,1.0,0.4541,1.0,SEVERE,"Predicted HIGH Congestion (Speed cap 25.0 km/h), Predicted Fog Visibility Risk (Speed cap 40.0 km/h)",25.0,131.5,577.9,09:52:30,30.0,BASELINE_HISTORICAL_CALIBRATION,532.5,138.5
OBS_000377,09:53:00,11280.0,12017,ROUTE_NDLS_DDN_01,SYNTHETIC_SIMULATOR,OK,28.992427,77.700799,73.413,23.75,6.6,23.75,0.0,36.3,110,25.0,923.05,SEC_MTC_MOZ,,MTC,MOZ,54.587,240.587,CRUISING,,,,,109.42,,,GREEN,HIGH,True,,False,,JRN_0001,1.0,1.0,1.0,0.4541,1.0,SEVERE,"Predicted HIGH Congestion (Speed cap 25.0 km/h), Predicted Fog Visibility Risk (Speed cap 40.0 km/h)",25.0,131.0,577.4,09:53:00,30.0,BASELINE_HISTORICAL_CALIBRATION,532.0,138.0
OBS_000378,09:53:30,11310.0,12017,ROUTE_NDLS_DDN_01,SYNTHETIC_SIMULATOR,OK,28.994169,77.700827,73.61,23.75,6.6,23.75,0.0,36.3,110,25.0,921.38,SEC_MTC_MOZ,,MTC,MOZ,54.39,240.39,CRUISING,,,,,109.71,,,GREEN,HIGH,True,,False,,JRN_0001,1.0,1.0,1.0,0.4541,1.0,SEVERE,"Predicted HIGH Congestion (Speed cap 25.0 km/h), Predicted Fog Visibility Risk (Speed cap 40.0 km/h)",25.0,130.5,576.9,09:53:30,30.0,BASELINE_HISTORICAL_CALIBRATION,531.5,137.5
OBS_000379,09:54:00,11340.0,12017,ROUTE_NDLS_DDN_01,SYNTHETIC_SIMULATOR,OK,28.99591,77.700855,73.808,23.75,6.6,23.75,0.0,36.3,110,25.0,919.71,SEC_MTC_MOZ,,MTC,MOZ,54.192,240.192,CRUISING,,,,,110.0,,,GREEN,HIGH,True,,False,,JRN_0001,1.0,1.0,1.0,0.4541,1.0,SEVERE,"Predicted HIGH Congestion (Speed cap 25.0 km/h), Predicted Fog Visibility Risk (Speed cap 40.0 km/h)",25.0,130.1,576.5,09:54:00,30.0,BASELINE_HISTORICAL_CALIBRATION,531.0,137.0
OBS_000380,09:54:30,11370.0,12017,ROUTE_NDLS_DDN_01,SYNTHETIC_SIMULATOR,OK,28.997651,77.700883,74.006,23.75,6.6,23.75,0.0,36.3,110,25.0,918.04,SEC_MTC_MOZ,,MTC,MOZ,53.994,239.994,CRUISING,,,,,110.29,,,GREEN,HIGH,True,,False,,JRN_0001,1.0,1.0,1.0,0.4541,1.0,SEVERE,"Predicted HIGH Congestion (Speed cap 25.0 km/h), Predicted Fog Visibility Risk (Speed cap 40.0 km/h)",25.0,129.6,576.0,09:54:30,30.0,BASELINE_HISTORICAL_CALIBRATION,530.5,136.5
OBS_000381,09:55:00,11400.0,12017,ROUTE_NDLS_DDN_01,SYNTHETIC_SIMULATOR,OK,28.999393,77.700911,74.204,23.75,6.6,23.75,0.0,36.3,110,25.0,916.36,SEC_MTC_MOZ,,MTC,MOZ,53.796,239.796,CRUISING,,,,,110.57,,,GREEN,HIGH,True,,False,,JRN_0001,1.0,1.0,1.0,0.4541,1.0,SEVERE,"Predicted HIGH Congestion (Speed cap 25.0 km/h), Predicted Fog Visibility Risk (Speed cap 40.0 km/h)",25.0,129.1,575.5,09:55:00,30.0,BASELINE_HISTORICAL_CALIBRATION,530.0,136.0
OBS_000382,09:55:30,11430.0,12017,ROUTE_NDLS_DDN_01,SYNTHETIC_SIMULATOR,OK,29.001134,77.700939,74.402,23.75,6.6,23.75,0.0,36.3,110,25.0,914.68,SEC_MTC_MOZ,,MTC,MOZ,53.598,239.598,CRUISING,,,,,110.86,,,GREEN,HIGH,True,,False,,JRN_0001,1.0,1.0,1.0,0.4541,1.0,SEVERE,"Predicted HIGH Congestion (Speed cap 25.0 km/h), Predicted Fog Visibility Risk (Speed cap 40.0 km/h)",25.0,128.6,575.0,09:55:30,30.0,BASELINE_HISTORICAL_CALIBRATION,529.5,135.5
OBS_000383,09:56:00,11460.0,12017,ROUTE_NDLS_DDN_01,SYNTHETIC_SIMULATOR,OK,29.002875,77.700967,74.6,23.75,6.6,23.75,0.0,36.3,110,25.0,912.99,SEC_MTC_MOZ,,MTC,MOZ,53.4,239.4,CRUISING,,,,,111.15,,,GREEN,HIGH,True,,False,,JRN_0001,1.0,1.0,1.0,0.4541,1.0,SEVERE,"Predicted HIGH Congestion (Speed cap 25.0 km/h), Predicted Fog Visibility Risk (Speed cap 40.0 km/h)",25.0,128.2,574.6,09:56:00,30.0,BASELINE_HISTORICAL_CALIBRATION,529.0,135.0
OBS_000384,09:56:30,11490.0,12017,ROUTE_NDLS_DDN_01,SYNTHETIC_SIMULATOR,OK,29.004617,77.700995,74.798,23.75,6.6,23.75,0.0,36.3,110,25.0,911.3,SEC_MTC_MOZ,,MTC,MOZ,53.202,239.202,CRUISING,,,,,111.44,,,GREEN,HIGH,True,,False,,JRN_0001,1.0,1.0,1.0,0.4541,1.0,SEVERE,"Predicted HIGH Congestion (Speed cap 25.0 km/h), Predicted Fog Visibility Risk (Speed cap 40.0 km/h)",25.0,127.7,574.1,09:56:30,30.0,BASELINE_HISTORICAL_CALIBRATION,528.5,134.5
OBS_000385,09:57:00,11520.0,12017,ROUTE_NDLS_DDN_01,SYNTHETIC_SIMULATOR,OK,29.006358,77.701023,74.996,23.75,6.6,23.75,0.0,36.3,110,25.0,909.61,SEC_MTC_MOZ,,MTC,MOZ,53.004,239.004,CRUISING,,,,,111.72,,,GREEN,HIGH,True,,False,,JRN_0001,1.0,1.0,1.0,0.4541,1.0,SEVERE,"Predicted HIGH Congestion (Speed cap 25.0 km/h), Predicted Fog Visibility Risk (Speed cap 40.0 km/h)",25.0,127.2,573.6,09:57:00,30.0,BASELINE_HISTORICAL_CALIBRATION,528.0,134.0
OBS_000386,09:57:30,11550.0,12017,ROUTE_NDLS_DDN_01,SYNTHETIC_SIMULATOR,OK,29.008099,77.701051,75.194,23.75,6.6,23.75,0.0,36.3,110,25.0,907.92,SEC_MTC_MOZ,,MTC,MOZ,52.806,238.806,CRUISING,,,,,112.01,,,GREEN,HIGH,True,,False,,JRN_0001,1.0,1.0,1.0,0.4541,1.0,SEVERE,"Predicted HIGH Congestion (Speed cap 25.0 km/h), Predicted Fog Visibility Risk (Speed cap 40.0 km/h)",25.0,126.7,573.1,09:57:30,30.0,BASELINE_HISTORICAL_CALIBRATION,527.5,133.5
OBS_000387,09:58:00,11580.0,12017,ROUTE_NDLS_DDN_01,SYNTHETIC_SIMULATOR,OK,29.009841,77.701078,75.392,23.75,6.6,23.75,0.0,36.3,110,25.0,906.22,SEC_MTC_MOZ,,MTC,MOZ,52.608,238.608,CRUISING,,,,,112.3,,,GREEN,HIGH,True,,False,,JRN_0001,1.0,1.0,1.0,0.4541,1.0,SEVERE,"Predicted HIGH Congestion (Speed cap 25.0 km/h), Predicted Fog Visibility Risk (Speed cap 40.0 km/h)",25.0,126.3,572.7,09:58:00,30.0,BASELINE_HISTORICAL_CALIBRATION,527.0,133.0
OBS_000388,09:58:30,11610.0,12017,ROUTE_NDLS_DDN_01,SYNTHETIC_SIMULATOR,OK,29.011582,77.701106,75.59,23.75,6.6,23.75,0.0,36.3,110,25.0,904.52,SEC_MTC_MOZ,,MTC,MOZ,52.41,238.41,CRUISING,,,,,112.59,,,GREEN,HIGH,True,,False,,JRN_0001,1.0,1.0,1.0,0.4541,1.0,SEVERE,"Predicted HIGH Congestion (Speed cap 25.0 km/h), Predicted Fog Visibility Risk (Speed cap 40.0 km/h)",25.0,125.8,572.2,09:58:30,30.0,BASELINE_HISTORICAL_CALIBRATION,526.5,132.5
OBS_000389,09:59:00,11640.0,12017,ROUTE_NDLS_DDN_01,SYNTHETIC_SIMULATOR,OK,29.013323,77.701134,75.788,23.75,6.6,23.75,0.0,36.3,110,25.0,902.82,SEC_MTC_MOZ,,MTC,MOZ,52.212,238.212,CRUISING,,,,,112.87,,,GREEN,HIGH,True,,False,,JRN_0001,1.0,1.0,1.0,0.4541,1.0,SEVERE,"Predicted HIGH Congestion (Speed cap 25.0 km/h), Predicted Fog Visibility Risk (Speed cap 40.0 km/h)",25.0,125.3,571.7,09:59:00,30.0,BASELINE_HISTORICAL_CALIBRATION,526.0,132.0
OBS_000390,09:59:30,11670.0,12017,ROUTE_NDLS_DDN_01,SYNTHETIC_SIMULATOR,OK,29.015065,77.701162,75.985,23.75,6.6,23.75,0.0,36.3,110,25.0,901.12,SEC_MTC_MOZ,,MTC,MOZ,52.015,238.015,CRUISING,,,,,113.16,,,GREEN,HIGH,True,,False,,JRN_0001,1.0,1.0,1.0,0.4541,1.0,SEVERE,"Predicted HIGH Congestion (Speed cap 25.0 km/h), Predicted Fog Visibility Risk (Speed cap 40.0 km/h)",25.0,124.8,571.2,09:59:30,30.0,BASELINE_HISTORICAL_CALIBRATION,525.5,131.5
OBS_000391,10:00:00,11700.0,12017,ROUTE_NDLS_DDN_01,SYNTHETIC_SIMULATOR,OK,29.016806,77.70119,76.183,23.75,6.6,23.75,0.0,36.3,110,25.0,899.41,SEC_MTC_MOZ,,MTC,MOZ,51.817,237.817,CRUISING,,,,,113.45,,,GREEN,HIGH,False,,False,,JRN_0001,1.0,0.0,1.0,0.4541,1.0,SEVERE,Predicted HIGH Congestion (Speed cap 25.0 km/h),25.0,124.4,570.8,10:00:00,30.0,BASELINE_HISTORICAL_CALIBRATION,525.0,131.0
OBS_000392,10:00:30,11730.0,12017,ROUTE_NDLS_DDN_01,SYNTHETIC_SIMULATOR,OK,29.018547,77.701218,76.381,23.75,6.6,23.75,0.0,36.3,110,25.0,897.69,SEC_MTC_MOZ,,MTC,MOZ,51.619,237.619,CRUISING,,,,,113.74,,,GREEN,HIGH,False,,False,,JRN_0001,1.0,0.0,1.0,0.4541,1.0,SEVERE,Predicted HIGH Congestion (Speed cap 25.0 km/h),25.0,123.9,570.3,10:00:30,30.0,BASELINE_HISTORICAL_CALIBRATION,524.5,130.5
OBS_000393,10:01:00,11760.0,12017,ROUTE_NDLS_DDN_01,SYNTHETIC_SIMULATOR,OK,29.020288,77.701246,76.579,23.75,6.6,23.75,0.0,36.3,110,25.0,895.98,SEC_MTC_MOZ,,MTC,MOZ,51.421,237.421,CRUISING,,,,,114.02,,,GREEN,HIGH,False,,False,,JRN_0001,1.0,0.0,1.0,0.4541,1.0,SEVERE,Predicted HIGH Congestion (Speed cap 25.0 km/h),25.0,123.4,569.8,10:01:00,30.0,BASELINE_HISTORICAL_CALIBRATION,524.0,130.0
OBS_000394,10:01:30,11790.0,12017,ROUTE_NDLS_DDN_01,SYNTHETIC_SIMULATOR,OK,29.02203,77.701274,76.777,23.75,6.6,23.75,0.0,36.3,110,25.0,894.26,SEC_MTC_MOZ,,MTC,MOZ,51.223,237.223,CRUISING,,,,,114.31,,,GREEN,HIGH,False,,False,,JRN_0001,1.0,0.0,1.0,0.4541,1.0,SEVERE,Predicted HIGH Congestion (Speed cap 25.0 km/h),25.0,122.9,569.3,10:01:30,30.0,BASELINE_HISTORICAL_CALIBRATION,523.5,129.5
OBS_000395,10:02:00,11820.0,12017,ROUTE_NDLS_DDN_01,SYNTHETIC_SIMULATOR,OK,29.023771,77.701302,76.975,23.75,6.6,23.75,0.0,36.3,110,25.0,892.54,SEC_MTC_MOZ,,MTC,MOZ,51.025,237.025,CRUISING,,,,,114.6,,,GREEN,HIGH,False,,False,,JRN_0001,1.0,0.0,1.0,0.4541,1.0,SEVERE,Predicted HIGH Congestion (Speed cap 25.0 km/h),25.0,122.5,568.9,10:02:00,30.0,BASELINE_HISTORICAL_CALIBRATION,523.0,129.0
OBS_000396,10:02:30,11850.0,12017,ROUTE_NDLS_DDN_01,SYNTHETIC_SIMULATOR,OK,29.025512,77.70133,77.173,23.75,6.6,23.75,0.0,36.3,110,25.0,890.81,SEC_MTC_MOZ,,MTC,MOZ,50.827,236.827,CRUISING,,,,,114.89,,,GREEN,HIGH,False,,False,,JRN_0001,1.0,0.0,1.0,0.4541,1.0,SEVERE,Predicted HIGH Congestion (Speed cap 25.0 km/h),25.0,122.0,568.4,10:02:30,30.0,BASELINE_HISTORICAL_CALIBRATION,522.5,128.5
OBS_000397,10:03:00,11880.0,12017,ROUTE_NDLS_DDN_01,SYNTHETIC_SIMULATOR,OK,29.027254,77.701358,77.371,23.75,6.6,23.75,0.0,36.3,110,25.0,889.08,SEC_MTC_MOZ,,MTC,MOZ,50.629,236.629,CRUISING,,,,,115.17,,,GREEN,HIGH,False,,False,,JRN_0001,1.0,0.0,1.0,0.4541,1.0,SEVERE,Predicted HIGH Congestion (Speed cap 25.0 km/h),25.0,121.5,567.9,10:03:00,30.0,BASELINE_HISTORICAL_CALIBRATION,522.0,128.0
OBS_000398,10:03:30,11910.0,12017,ROUTE_NDLS_DDN_01,SYNTHETIC_SIMULATOR,OK,29.028995,77.701386,77.569,23.75,6.6,23.75,0.0,36.3,110,25.0,887.35,SEC_MTC_MOZ,,MTC,MOZ,50.431,236.431,CRUISING,,,,,115.46,,,GREEN,HIGH,False,,False,,JRN_0001,1.0,0.0,1.0,0.4541,1.0,SEVERE,Predicted HIGH Congestion (Speed cap 25.0 km/h),25.0,121.0,567.4,10:03:30,30.0,BASELINE_HISTORICAL_CALIBRATION,521.5,127.5
OBS_000399,10:04:00,11940.0,12017,ROUTE_NDLS_DDN_01,SYNTHETIC_SIMULATOR,OK,29.030736,77.701414,77.767,23.75,6.6,23.75,0.0,36.3,110,25.0,885.61,SEC_MTC_MOZ,,MTC,MOZ,50.233,236.233,CRUISING,,,,,115.75,,,GREEN,HIGH,False,,False,,JRN_0001,1.0,0.0,1.0,0.4541,1.0,SEVERE,Predicted HIGH Congestion (Speed cap 25.0 km/h),25.0,120.6,567.0,10:04:00,30.0,BASELINE_HISTORICAL_CALIBRATION,521.0,127.0
OBS_000400,10:04:30,11970.0,12017,ROUTE_NDLS_DDN_01,SYNTHETIC_SIMULATOR,OK,29.032478,77.701441,77.965,23.75,6.6,23.75,0.0,36.3,110,25.0,883.87,SEC_MTC_MOZ,,MTC,MOZ,50.035,236.035,CRUISING,,,,,116.04,,,GREEN,HIGH,False,,False,,JRN_0001,1.0,0.0,1.0,0.4541,1.0,SEVERE,Predicted HIGH Congestion (Speed cap 25.0 km/h),25.0,120.1,566.5,10:04:30,30.0,BASELINE_HISTORICAL_CALIBRATION,520.5,126.5
OBS_000401,10:05:00,12000.0,12017,ROUTE_NDLS_DDN_01,SYNTHETIC_SIMULATOR,OK,29.034219,77.701469,78.163,23.75,6.6,23.75,0.0,36.3,110,25.0,882.13,SEC_MTC_MOZ,,MTC,MOZ,49.837,235.837,CRUISING,,,,,116.32,,,GREEN,HIGH,False,,False,,JRN_0001,1.0,0.0,1.0,0.4541,1.0,SEVERE,Predicted HIGH Congestion (Speed cap 25.0 km/h),25.0,119.6,566.0,10:05:00,30.0,BASELINE_HISTORICAL_CALIBRATION,520.0,126.0
OBS_000402,10:05:30,12030.0,12017,ROUTE_NDLS_DDN_01,SYNTHETIC_SIMULATOR,OK,29.03596,77.701497,78.36,23.75,6.6,23.75,0.0,36.3,110,25.0,880.38,SEC_MTC_MOZ,,MTC,MOZ,49.64,235.64,CRUISING,,,,,116.61,,,GREEN,HIGH,False,,False,,JRN_0001,1.0,0.0,1.0,0.4541,1.0,SEVERE,Predicted HIGH Congestion (Speed cap 25.0 km/h),25.0,119.1,565.5,10:05:30,30.0,BASELINE_HISTORICAL_CALIBRATION,519.5,125.5
OBS_000403,10:06:00,12060.0,12017,ROUTE_NDLS_DDN_01,SYNTHETIC_SIMULATOR,OK,29.037702,77.701525,78.558,23.75,6.6,23.75,0.0,36.3,110,25.0,878.63,SEC_MTC_MOZ,,MTC,MOZ,49.442,235.442,CRUISING,,,,,116.9,,,GREEN,HIGH,False,,False,,JRN_0001,1.0,0.0,1.0,0.4541,1.0,SEVERE,Predicted HIGH Congestion (Speed cap 25.0 km/h),25.0,118.7,565.1,10:06:00,30.0,BASELINE_HISTORICAL_CALIBRATION,519.0,125.0
OBS_000404,10:06:30,12090.0,12017,ROUTE_NDLS_DDN_01,SYNTHETIC_SIMULATOR,OK,29.039443,77.701553,78.756,23.75,6.6,23.75,0.0,36.3,110,25.0,876.88,SEC_MTC_MOZ,,MTC,MOZ,49.244,235.244,CRUISING,,,,,117.19,,,GREEN,HIGH,False,,False,,JRN_0001,1.0,0.0,1.0,0.4541,1.0,SEVERE,Predicted HIGH Congestion (Speed cap 25.0 km/h),25.0,118.2,564.6,10:06:30,30.0,BASELINE_HISTORICAL_CALIBRATION,518.5,124.5
OBS_000405,10:07:00,12120.0,12017,ROUTE_NDLS_DDN_01,SYNTHETIC_SIMULATOR,OK,29.041184,77.701581,78.954,23.75,6.6,23.75,0.0,36.3,110,25.0,875.12,SEC_MTC_MOZ,,MTC,MOZ,49.046,235.046,CRUISING,,,,,117.47,,,GREEN,HIGH,False,,False,,JRN_0001,1.0,0.0,1.0,0.4541,1.0,SEVERE,Predicted HIGH Congestion (Speed cap 25.0 km/h),25.0,117.7,564.1,10:07:00,30.0,BASELINE_HISTORICAL_CALIBRATION,518.0,124.0
OBS_000406,10:07:30,12150.0,12017,ROUTE_NDLS_DDN_01,SYNTHETIC_SIMULATOR,OK,29.042926,77.701609,79.152,23.75,6.6,23.75,0.0,36.3,110,25.0,873.36,SEC_MTC_MOZ,,MTC,MOZ,48.848,234.848,CRUISING,,,,,117.76,,,GREEN,HIGH,False,,False,,JRN_0001,1.0,0.0,1.0,0.4541,1.0,SEVERE,Predicted HIGH Congestion (Speed cap 25.0 km/h),25.0,117.2,563.6,10:07:30,30.0,BASELINE_HISTORICAL_CALIBRATION,517.5,123.5
OBS_000407,10:08:00,12180.0,12017,ROUTE_NDLS_DDN_01,SYNTHETIC_SIMULATOR,OK,29.044667,77.701637,79.35,23.75,6.6,23.75,0.0,36.3,110,25.0,871.6,SEC_MTC_MOZ,,MTC,MOZ,48.65,234.65,CRUISING,,,,,118.05,,,GREEN,HIGH,False,,False,,JRN_0001,1.0,0.0,1.0,0.4541,1.0,SEVERE,Predicted HIGH Congestion (Speed cap 25.0 km/h),25.0,116.8,563.2,10:08:00,30.0,BASELINE_HISTORICAL_CALIBRATION,517.0,123.0
OBS_000408,10:08:30,12210.0,12017,ROUTE_NDLS_DDN_01,SYNTHETIC_SIMULATOR,OK,29.046408,77.701665,79.548,23.75,6.6,23.75,0.0,36.3,110,25.0,869.83,SEC_MTC_MOZ,,MTC,MOZ,48.452,234.452,CRUISING,,,,,118.34,,,GREEN,HIGH,False,,False,,JRN_0001,1.0,0.0,1.0,0.4541,1.0,SEVERE,Predicted HIGH Congestion (Speed cap 25.0 km/h),25.0,116.3,562.7,10:08:30,30.0,BASELINE_HISTORICAL_CALIBRATION,516.5,122.5
OBS_000409,10:09:00,12240.0,12017,ROUTE_NDLS_DDN_01,SYNTHETIC_SIMULATOR,OK,29.04815,77.701693,79.746,23.75,6.6,23.75,0.0,36.3,110,25.0,868.06,SEC_MTC_MOZ,,MTC,MOZ,48.254,234.254,CRUISING,,,,,118.63,,,GREEN,HIGH,False,,False,,JRN_0001,1.0,0.0,1.0,0.4541,1.0,SEVERE,Predicted HIGH Congestion (Speed cap 25.0 km/h),25.0,115.8,562.2,10:09:00,30.0,BASELINE_HISTORICAL_CALIBRATION,516.0,122.0
OBS_000410,10:09:30,12270.0,12017,ROUTE_NDLS_DDN_01,SYNTHETIC_SIMULATOR,OK,29.049891,77.701721,79.944,23.75,6.6,23.75,0.0,36.3,110,25.0,866.28,SEC_MTC_MOZ,,MTC,MOZ,48.056,234.056,CRUISING,,,,,118.91,,,GREEN,HIGH,False,,False,,JRN_0001,1.0,0.0,1.0,0.4541,1.0,SEVERE,Predicted HIGH Congestion (Speed cap 25.0 km/h),25.0,115.3,561.7,10:09:30,30.0,BASELINE_HISTORICAL_CALIBRATION,515.5,121.5
OBS_000411,10:10:00,12300.0,12017,ROUTE_NDLS_DDN_01,SYNTHETIC_SIMULATOR,OK,29.051632,77.701749,80.142,23.75,6.6,23.75,0.0,36.3,110,25.0,864.51,SEC_MTC_MOZ,,MTC,MOZ,47.858,233.858,CRUISING,,,,,119.2,,,GREEN,HIGH,False,,False,,JRN_0001,1.0,0.0,1.0,0.4541,1.0,SEVERE,Predicted HIGH Congestion (Speed cap 25.0 km/h),25.0,114.9,561.3,10:10:00,30.0,BASELINE_HISTORICAL_CALIBRATION,515.0,121.0
OBS_000412,10:10:30,12330.0,12017,ROUTE_NDLS_DDN_01,SYNTHETIC_SIMULATOR,OK,29.053373,77.701776,80.34,23.75,6.6,23.75,0.0,36.3,110,25.0,862.72,SEC_MTC_MOZ,,MTC,MOZ,47.66,233.66,CRUISING,,,,,119.49,,,GREEN,HIGH,False,,False,,JRN_0001,1.0,0.0,1.0,0.4541,1.0,SEVERE,Predicted HIGH Congestion (Speed cap 25.0 km/h),25.0,114.4,560.8,10:10:30,30.0,BASELINE_HISTORICAL_CALIBRATION,514.5,120.5
OBS_000413,10:11:00,12360.0,12017,ROUTE_NDLS_DDN_01,SYNTHETIC_SIMULATOR,OK,29.055115,77.701804,80.538,23.75,6.6,23.75,0.0,36.3,110,25.0,860.94,SEC_MTC_MOZ,,MTC,MOZ,47.462,233.462,CRUISING,,,,,119.78,,,GREEN,HIGH,False,,False,,JRN_0001,1.0,0.0,1.0,0.4541,1.0,SEVERE,Predicted HIGH Congestion (Speed cap 25.0 km/h),25.0,113.9,560.3,10:11:00,30.0,BASELINE_HISTORICAL_CALIBRATION,514.0,120.0
OBS_000414,10:11:30,12390.0,12017,ROUTE_NDLS_DDN_01,SYNTHETIC_SIMULATOR,OK,29.056856,77.701832,80.735,23.75,6.6,23.75,0.0,36.3,110,25.0,859.15,SEC_MTC_MOZ,,MTC,MOZ,47.265,233.265,CRUISING,,,,,120.06,,,GREEN,HIGH,False,,False,,JRN_0001,1.0,0.0,1.0,0.4541,1.0,SEVERE,Predicted HIGH Congestion (Speed cap 25.0 km/h),25.0,113.4,559.8,10:11:30,30.0,BASELINE_HISTORICAL_CALIBRATION,513.5,119.5
OBS_000415,10:12:00,12420.0,12017,ROUTE_NDLS_DDN_01,SYNTHETIC_SIMULATOR,OK,29.058597,77.70186,80.933,23.75,6.6,23.75,0.0,36.3,110,25.0,857.36,SEC_MTC_MOZ,,MTC,MOZ,47.067,233.067,CRUISING,,,,,120.35,,,GREEN,HIGH,False,,False,,JRN_0001,1.0,0.0,1.0,0.4541,1.0,SEVERE,Predicted HIGH Congestion (Speed cap 25.0 km/h),25.0,113.0,559.4,10:12:00,30.0,BASELINE_HISTORICAL_CALIBRATION,513.0,119.0
OBS_000416,10:12:30,12450.0,12017,ROUTE_NDLS_DDN_01,SYNTHETIC_SIMULATOR,OK,29.060339,77.701888,81.131,23.75,6.6,23.75,0.0,36.3,110,25.0,855.56,SEC_MTC_MOZ,,MTC,MOZ,46.869,232.869,CRUISING,,,,,120.64,,,GREEN,HIGH,False,,False,,JRN_0001,1.0,0.0,1.0,0.4541,1.0,SEVERE,Predicted HIGH Congestion (Speed cap 25.0 km/h),25.0,112.5,558.9,10:12:30,30.0,BASELINE_HISTORICAL_CALIBRATION,512.5,118.5
OBS_000417,10:13:00,12480.0,12017,ROUTE_NDLS_DDN_01,SYNTHETIC_SIMULATOR,OK,29.06208,77.701916,81.329,23.75,6.6,23.75,0.0,36.3,110,25.0,853.76,SEC_MTC_MOZ,,MTC,MOZ,46.671,232.671,CRUISING,,,,,120.93,,,GREEN,HIGH,False,,False,,JRN_0001,1.0,0.0,1.0,0.4541,1.0,SEVERE,Predicted HIGH Congestion (Speed cap 25.0 km/h),25.0,112.0,558.4,10:13:00,30.0,BASELINE_HISTORICAL_CALIBRATION,512.0,118.0
OBS_000418,10:13:30,12510.0,12017,ROUTE_NDLS_DDN_01,SYNTHETIC_SIMULATOR,OK,29.063821,77.701944,81.527,23.75,6.6,23.75,0.0,36.3,110,25.0,851.95,SEC_MTC_MOZ,,MTC,MOZ,46.473,232.473,CRUISING,,,,,121.21,,,GREEN,HIGH,False,,False,,JRN_0001,1.0,0.0,1.0,0.4541,1.0,SEVERE,Predicted HIGH Congestion (Speed cap 25.0 km/h),25.0,111.5,557.9,10:13:30,30.0,BASELINE_HISTORICAL_CALIBRATION,511.5,117.5
OBS_000419,10:14:00,12540.0,12017,ROUTE_NDLS_DDN_01,SYNTHETIC_SIMULATOR,OK,29.065563,77.701972,81.725,23.75,6.6,23.75,0.0,36.3,110,25.0,850.15,SEC_MTC_MOZ,,MTC,MOZ,46.275,232.275,CRUISING,,,,,121.5,,,GREEN,HIGH,False,,False,,JRN_0001,1.0,0.0,1.0,0.4541,1.0,SEVERE,Predicted HIGH Congestion (Speed cap 25.0 km/h),25.0,111.1,557.5,10:14:00,30.0,BASELINE_HISTORICAL_CALIBRATION,511.0,117.0
OBS_000420,10:14:30,12570.0,12017,ROUTE_NDLS_DDN_01,SYNTHETIC_SIMULATOR,OK,29.067304,77.702,81.923,23.75,6.6,23.75,0.0,36.3,110,25.0,848.33,SEC_MTC_MOZ,,MTC,MOZ,46.077,232.077,CRUISING,,,,,121.79,,,GREEN,HIGH,False,,False,,JRN_0001,1.0,0.0,1.0,0.4541,1.0,SEVERE,Predicted HIGH Congestion (Speed cap 25.0 km/h),25.0,110.6,557.0,10:14:30,30.0,BASELINE_HISTORICAL_CALIBRATION,510.5,116.5
OBS_000421,10:15:00,12600.0,12017,ROUTE_NDLS_DDN_01,SYNTHETIC_SIMULATOR,OK,29.069045,77.702028,82.121,23.75,6.6,23.75,0.0,36.3,110,25.0,846.52,SEC_MTC_MOZ,,MTC,MOZ,45.879,231.879,CRUISING,,,,,122.08,,,GREEN,HIGH,False,,False,,JRN_0001,1.0,0.0,1.0,0.4541,1.0,SEVERE,Predicted HIGH Congestion (Speed cap 25.0 km/h),25.0,110.1,556.5,10:15:00,30.0,BASELINE_HISTORICAL_CALIBRATION,510.0,116.0
OBS_000422,10:15:30,12630.0,12017,ROUTE_NDLS_DDN_01,SYNTHETIC_SIMULATOR,OK,29.070787,77.702056,82.319,23.75,6.6,23.75,0.0,36.3,110,25.0,844.7,SEC_MTC_MOZ,,MTC,MOZ,45.681,231.681,CRUISING,,,,,122.36,,,GREEN,HIGH,False,,False,,JRN_0001,1.0,0.0,1.0,0.4541,1.0,SEVERE,Predicted HIGH Congestion (Speed cap 25.0 km/h),25.0,109.6,556.0,10:15:30,30.0,BASELINE_HISTORICAL_CALIBRATION,509.5,115.5
OBS_000423,10:16:00,12660.0,12017,ROUTE_NDLS_DDN_01,SYNTHETIC_SIMULATOR,OK,29.072528,77.702084,82.517,23.75,6.6,23.75,0.0,36.3,110,25.0,842.87,SEC_MTC_MOZ,,MTC,MOZ,45.483,231.483,CRUISING,,,,,122.65,,,GREEN,HIGH,False,,False,,JRN_0001,1.0,0.0,1.0,0.4541,1.0,SEVERE,Predicted HIGH Congestion (Speed cap 25.0 km/h),25.0,109.2,555.6,10:16:00,30.0,BASELINE_HISTORICAL_CALIBRATION,509.0,115.0
OBS_000424,10:16:30,12690.0,12017,ROUTE_NDLS_DDN_01,SYNTHETIC_SIMULATOR,OK,29.074269,77.702112,82.715,23.75,6.6,23.75,0.0,36.3,110,25.0,841.05,SEC_MTC_MOZ,,MTC,MOZ,45.285,231.285,CRUISING,,,,,122.94,,,GREEN,HIGH,False,,False,,JRN_0001,1.0,0.0,1.0,0.4541,1.0,SEVERE,Predicted HIGH Congestion (Speed cap 25.0 km/h),25.0,108.7,555.1,10:16:30,30.0,BASELINE_HISTORICAL_CALIBRATION,508.5,114.5
OBS_000425,10:17:00,12720.0,12017,ROUTE_NDLS_DDN_01,SYNTHETIC_SIMULATOR,OK,29.076011,77.702139,82.913,23.75,6.6,23.75,0.0,36.3,110,25.0,839.21,SEC_MTC_MOZ,,MTC,MOZ,45.087,231.087,CRUISING,,,,,123.23,,,GREEN,HIGH,False,,False,,JRN_0001,1.0,0.0,1.0,0.4541,1.0,SEVERE,Predicted HIGH Congestion (Speed cap 25.0 km/h),25.0,108.2,554.6,10:17:00,30.0,BASELINE_HISTORICAL_CALIBRATION,508.0,114.0
OBS_000426,10:17:30,12750.0,12017,ROUTE_NDLS_DDN_01,SYNTHETIC_SIMULATOR,OK,29.077752,77.702167,83.11,23.75,6.6,23.75,0.0,36.3,110,25.0,837.38,SEC_MTC_MOZ,,MTC,MOZ,44.89,230.89,CRUISING,,,,,123.51,,,GREEN,HIGH,False,,False,,JRN_0001,1.0,0.0,1.0,0.4541,1.0,SEVERE,Predicted HIGH Congestion (Speed cap 25.0 km/h),25.0,107.7,554.1,10:17:30,30.0,BASELINE_HISTORICAL_CALIBRATION,507.5,113.5
OBS_000427,10:18:00,12780.0,12017,ROUTE_NDLS_DDN_01,SYNTHETIC_SIMULATOR,OK,29.079493,77.702195,83.308,23.75,6.6,23.75,0.0,36.3,110,25.0,835.54,SEC_MTC_MOZ,,MTC,MOZ,44.692,230.692,CRUISING,,,,,123.8,,,GREEN,HIGH,False,,False,,JRN_0001,1.0,0.0,1.0,0.4541,1.0,SEVERE,Predicted HIGH Congestion (Speed cap 25.0 km/h),25.0,107.3,553.7,10:18:00,30.0,BASELINE_HISTORICAL_CALIBRATION,507.0,113.0
OBS_000428,10:18:30,12810.0,12017,ROUTE_NDLS_DDN_01,SYNTHETIC_SIMULATOR,OK,29.081234,77.702223,83.506,23.75,6.6,23.75,0.0,36.3,110,25.0,833.69,SEC_MTC_MOZ,,MTC,MOZ,44.494,230.494,CRUISING,,,,,124.09,,,GREEN,HIGH,False,,False,,JRN_0001,1.0,0.0,1.0,0.4541,1.0,SEVERE,Predicted HIGH Congestion (Speed cap 25.0 km/h),25.0,106.8,553.2,10:18:30,30.0,BASELINE_HISTORICAL_CALIBRATION,506.5,112.5
OBS_000429,10:19:00,12840.0,12017,ROUTE_NDLS_DDN_01,SYNTHETIC_SIMULATOR,OK,29.082976,77.702251,83.704,23.75,6.6,23.75,0.0,36.3,110,25.0,831.85,SEC_MTC_MOZ,,MTC,MOZ,44.296,230.296,CRUISING,,,,,124.38,,,GREEN,HIGH,False,,False,,JRN_0001,1.0,0.0,1.0,0.4541,1.0,SEVERE,Predicted HIGH Congestion (Speed cap 25.0 km/h),25.0,106.3,552.7,10:19:00,30.0,BASELINE_HISTORICAL_CALIBRATION,506.0,112.0
OBS_000430,10:19:30,12870.0,12017,ROUTE_NDLS_DDN_01,SYNTHETIC_SIMULATOR,OK,29.084717,77.702279,83.902,23.75,6.6,23.75,0.0,36.3,110,25.0,829.99,SEC_MTC_MOZ,,MTC,MOZ,44.098,230.098,CRUISING,,,,,124.66,,,GREEN,HIGH,False,,False,,JRN_0001,1.0,0.0,1.0,0.4541,1.0,SEVERE,Predicted HIGH Congestion (Speed cap 25.0 km/h),25.0,105.8,552.2,10:19:30,30.0,BASELINE_HISTORICAL_CALIBRATION,505.5,111.5
OBS_000431,10:20:00,12900.0,12017,ROUTE_NDLS_DDN_01,SYNTHETIC_SIMULATOR,OK,29.086458,77.702307,84.1,23.75,6.6,23.75,0.0,36.3,110,25.0,828.14,SEC_MTC_MOZ,,MTC,MOZ,43.9,229.9,CRUISING,,,,,124.95,,,GREEN,HIGH,False,,False,,JRN_0001,1.0,0.0,1.0,0.4541,1.0,SEVERE,Predicted HIGH Congestion (Speed cap 25.0 km/h),25.0,105.4,551.8,10:20:00,30.0,BASELINE_HISTORICAL_CALIBRATION,505.0,111.0
OBS_000432,10:20:30,12930.0,12017,ROUTE_NDLS_DDN_01,SYNTHETIC_SIMULATOR,OK,29.0882,77.702335,84.298,23.75,6.6,23.75,0.0,36.3,110,25.0,826.28,SEC_MTC_MOZ,,MTC,MOZ,43.702,229.702,CRUISING,,,,,125.24,,,GREEN,HIGH,False,,False,,JRN_0001,1.0,0.0,1.0,0.4541,1.0,SEVERE,Predicted HIGH Congestion (Speed cap 25.0 km/h),25.0,104.9,551.3,10:20:30,30.0,BASELINE_HISTORICAL_CALIBRATION,504.5,110.5
OBS_000433,10:21:00,12960.0,12017,ROUTE_NDLS_DDN_01,SYNTHETIC_SIMULATOR,OK,29.089941,77.702363,84.496,23.75,6.6,23.75,0.0,36.3,110,25.0,824.41,SEC_MTC_MOZ,,MTC,MOZ,43.504,229.504,CRUISING,,,,,125.53,,,GREEN,HIGH,False,,False,,JRN_0001,1.0,0.0,1.0,0.4541,1.0,SEVERE,Predicted HIGH Congestion (Speed cap 25.0 km/h),25.0,104.4,550.8,10:21:00,30.0,BASELINE_HISTORICAL_CALIBRATION,504.0,110.0
OBS_000434,10:21:30,12990.0,12017,ROUTE_NDLS_DDN_01,SYNTHETIC_SIMULATOR,OK,29.091682,77.702391,84.694,23.75,6.6,23.75,0.0,36.3,110,25.0,822.54,SEC_MTC_MOZ,,MTC,MOZ,43.306,229.306,CRUISING,,,,,125.81,,,GREEN,HIGH,False,,False,,JRN_0001,1.0,0.0,1.0,0.4541,1.0,SEVERE,Predicted HIGH Congestion (Speed cap 25.0 km/h),25.0,103.9,550.3,10:21:30,30.0,BASELINE_HISTORICAL_CALIBRATION,503.5,109.5
OBS_000435,10:22:00,13020.0,12017,ROUTE_NDLS_DDN_01,SYNTHETIC_SIMULATOR,OK,29.093424,77.702419,84.892,23.75,6.6,23.75,0.0,36.3,110,25.0,820.67,SEC_MTC_MOZ,,MTC,MOZ,43.108,229.108,CRUISING,,,,,126.1,,,GREEN,HIGH,False,,False,,JRN_0001,1.0,0.0,1.0,0.4541,1.0,SEVERE,Predicted HIGH Congestion (Speed cap 25.0 km/h),25.0,103.5,549.9,10:22:00,30.0,BASELINE_HISTORICAL_CALIBRATION,503.0,109.0
OBS_000436,10:22:30,13050.0,12017,ROUTE_NDLS_DDN_01,SYNTHETIC_SIMULATOR,OK,29.095165,77.702447,85.09,23.75,6.6,23.75,0.0,36.3,110,25.0,818.79,SEC_MTC_MOZ,,MTC,MOZ,42.91,228.91,CRUISING,,,,,126.39,,,GREEN,HIGH,False,,False,,JRN_0001,1.0,0.0,1.0,0.4541,1.0,SEVERE,Predicted HIGH Congestion (Speed cap 25.0 km/h),25.0,103.0,549.4,10:22:30,30.0,BASELINE_HISTORICAL_CALIBRATION,502.5,108.5
OBS_000437,10:23:00,13080.0,12017,ROUTE_NDLS_DDN_01,SYNTHETIC_SIMULATOR,OK,29.096906,77.702474,85.288,23.75,6.6,23.75,0.0,36.3,110,25.0,816.91,SEC_MTC_MOZ,,MTC,MOZ,42.712,228.712,CRUISING,,,,,126.68,,,GREEN,HIGH,False,,False,,JRN_0001,1.0,0.0,1.0,0.4541,1.0,SEVERE,Predicted HIGH Congestion (Speed cap 25.0 km/h),25.0,102.5,548.9,10:23:00,30.0,BASELINE_HISTORICAL_CALIBRATION,502.0,108.0
OBS_000438,10:23:30,13110.0,12017,ROUTE_NDLS_DDN_01,SYNTHETIC_SIMULATOR,OK,29.098648,77.702502,85.485,23.75,6.6,23.75,0.0,36.3,110,25.0,815.02,SEC_MTC_MOZ,,MTC,MOZ,42.515,228.515,CRUISING,,,,,126.97,,,GREEN,HIGH,False,,False,,JRN_0001,1.0,0.0,1.0,0.4541,1.0,SEVERE,Predicted HIGH Congestion (Speed cap 25.0 km/h),25.0,102.0,548.4,10:23:30,30.0,BASELINE_HISTORICAL_CALIBRATION,501.5,107.5
OBS_000439,10:24:00,13140.0,12017,ROUTE_NDLS_DDN_01,SYNTHETIC_SIMULATOR,OK,29.100389,77.70253,85.683,23.75,6.6,23.75,0.0,36.3,110,25.0,813.13,SEC_MTC_MOZ,,MTC,MOZ,42.317,228.317,CRUISING,,,,,127.25,,,GREEN,HIGH,False,,False,,JRN_0001,1.0,0.0,1.0,0.4541,1.0,SEVERE,Predicted HIGH Congestion (Speed cap 25.0 km/h),25.0,101.6,548.0,10:24:00,30.0,BASELINE_HISTORICAL_CALIBRATION,501.0,107.0
OBS_000440,10:24:30,13170.0,12017,ROUTE_NDLS_DDN_01,SYNTHETIC_SIMULATOR,OK,29.10213,77.702558,85.881,23.75,6.6,23.75,0.0,36.3,110,25.0,811.24,SEC_MTC_MOZ,,MTC,MOZ,42.119,228.119,CRUISING,,,,,127.54,,,GREEN,HIGH,False,,False,,JRN_0001,1.0,0.0,1.0,0.4541,1.0,SEVERE,Predicted HIGH Congestion (Speed cap 25.0 km/h),25.0,101.1,547.5,10:24:30,30.0,BASELINE_HISTORICAL_CALIBRATION,500.5,106.5
OBS_000441,10:25:00,13200.0,12017,ROUTE_NDLS_DDN_01,SYNTHETIC_SIMULATOR,OK,29.103872,77.702586,86.079,23.75,6.6,23.75,0.0,36.3,110,25.0,809.34,SEC_MTC_MOZ,,MTC,MOZ,41.921,227.921,CRUISING,,,,,127.83,,,GREEN,HIGH,False,,False,,JRN_0001,1.0,0.0,1.0,0.4541,1.0,SEVERE,Predicted HIGH Congestion (Speed cap 25.0 km/h),25.0,100.6,547.0,10:25:00,30.0,BASELINE_HISTORICAL_CALIBRATION,500.0,106.0
OBS_000442,10:25:30,13230.0,12017,ROUTE_NDLS_DDN_01,SYNTHETIC_SIMULATOR,OK,29.105613,77.702614,86.277,23.75,6.6,23.75,0.0,36.3,110,25.0,807.44,SEC_MTC_MOZ,,MTC,MOZ,41.723,227.723,CRUISING,,,,,128.12,,,GREEN,HIGH,False,,False,,JRN_0001,1.0,0.0,1.0,0.4541,1.0,SEVERE,Predicted HIGH Congestion (Speed cap 25.0 km/h),25.0,100.1,546.5,10:25:30,30.0,BASELINE_HISTORICAL_CALIBRATION,499.5,105.5
OBS_000443,10:26:00,13260.0,12017,ROUTE_NDLS_DDN_01,SYNTHETIC_SIMULATOR,OK,29.107354,77.702642,86.475,23.75,6.6,23.75,0.0,36.3,110,25.0,805.53,SEC_MTC_MOZ,,MTC,MOZ,41.525,227.525,CRUISING,,,,,128.4,,,GREEN,HIGH,False,,False,,JRN_0001,1.0,0.0,1.0,0.4541,1.0,SEVERE,Predicted HIGH Congestion (Speed cap 25.0 km/h),25.0,99.7,546.1,10:26:00,30.0,BASELINE_HISTORICAL_CALIBRATION,499.0,105.0
OBS_000444,10:26:30,13290.0,12017,ROUTE_NDLS_DDN_01,SYNTHETIC_SIMULATOR,OK,29.109095,77.70267,86.673,23.75,6.6,23.75,0.0,36.3,110,25.0,803.61,SEC_MTC_MOZ,,MTC,MOZ,41.327,227.327,CRUISING,,,,,128.69,,,GREEN,HIGH,False,,False,,JRN_0001,1.0,0.0,1.0,0.4541,1.0,SEVERE,Predicted HIGH Congestion (Speed cap 25.0 km/h),25.0,99.2,545.6,10:26:30,30.0,BASELINE_HISTORICAL_CALIBRATION,498.5,104.5
OBS_000445,10:27:00,13320.0,12017,ROUTE_NDLS_DDN_01,SYNTHETIC_SIMULATOR,OK,29.110837,77.702698,86.871,23.75,6.6,23.75,0.0,36.3,110,25.0,801.7,SEC_MTC_MOZ,,MTC,MOZ,41.129,227.129,CRUISING,,,,,128.98,,,GREEN,HIGH,False,,False,,JRN_0001,1.0,0.0,1.0,0.4541,1.0,SEVERE,Predicted HIGH Congestion (Speed cap 25.0 km/h),25.0,98.7,545.1,10:27:00,30.0,BASELINE_HISTORICAL_CALIBRATION,498.0,104.0
OBS_000446,10:27:30,13350.0,12017,ROUTE_NDLS_DDN_01,SYNTHETIC_SIMULATOR,OK,29.112578,77.702726,87.069,23.75,6.6,23.75,0.0,36.3,110,25.0,799.78,SEC_MTC_MOZ,,MTC,MOZ,40.931,226.931,CRUISING,,,,,129.27,,,GREEN,HIGH,False,,False,,JRN_0001,1.0,0.0,1.0,0.4541,1.0,SEVERE,Predicted HIGH Congestion (Speed cap 25.0 km/h),25.0,98.2,544.6,10:27:30,30.0,BASELINE_HISTORICAL_CALIBRATION,497.5,103.5
OBS_000447,10:28:00,13380.0,12017,ROUTE_NDLS_DDN_01,SYNTHETIC_SIMULATOR,OK,29.114319,77.702754,87.267,23.75,6.6,23.75,0.0,36.3,110,25.0,797.85,SEC_MTC_MOZ,,MTC,MOZ,40.733,226.733,CRUISING,,,,,129.55,,,GREEN,HIGH,False,,False,,JRN_0001,1.0,0.0,1.0,0.4541,1.0,SEVERE,Predicted HIGH Congestion (Speed cap 25.0 km/h),25.0,97.8,544.2,10:28:00,30.0,BASELINE_HISTORICAL_CALIBRATION,497.0,103.0
OBS_000448,10:28:30,13410.0,12017,ROUTE_NDLS_DDN_01,SYNTHETIC_SIMULATOR,OK,29.116061,77.702782,87.465,23.75,6.6,23.75,0.0,36.3,110,25.0,795.92,SEC_MTC_MOZ,,MTC,MOZ,40.535,226.535,CRUISING,,,,,129.84,,,GREEN,HIGH,False,,False,,JRN_0001,1.0,0.0,1.0,0.4541,1.0,SEVERE,Predicted HIGH Congestion (Speed cap 25.0 km/h),25.0,97.3,543.7,10:28:30,30.0,BASELINE_HISTORICAL_CALIBRATION,496.5,102.5
OBS_000449,10:29:00,13440.0,12017,ROUTE_NDLS_DDN_01,SYNTHETIC_SIMULATOR,OK,29.117802,77.70281,87.663,23.75,6.6,23.75,0.0,36.3,110,25.0,793.98,SEC_MTC_MOZ,,MTC,MOZ,40.337,226.337,CRUISING,,,,,130.13,,,GREEN,HIGH,False,,False,,JRN_0001,1.0,0.0,1.0,0.4541,1.0,SEVERE,Predicted HIGH Congestion (Speed cap 25.0 km/h),25.0,96.8,543.2,10:29:00,30.0,BASELINE_HISTORICAL_CALIBRATION,496.0,102.0
OBS_000450,10:29:30,13470.0,12017,ROUTE_NDLS_DDN_01,SYNTHETIC_SIMULATOR,OK,29.119543,77.702837,87.86,23.75,6.6,23.75,0.0,36.3,110,25.0,792.04,SEC_MTC_MOZ,,MTC,MOZ,40.14,226.14,CRUISING,,,,,130.42,,,GREEN,HIGH,False,,False,,JRN_0001,1.0,0.0,1.0,0.4541,1.0,SEVERE,Predicted HIGH Congestion (Speed cap 25.0 km/h),25.0,96.3,542.7,10:29:30,30.0,BASELINE_HISTORICAL_CALIBRATION,495.5,101.5
OBS_000451,10:30:00,13500.0,12017,ROUTE_NDLS_DDN_01,SYNTHETIC_SIMULATOR,OK,29.121285,77.702865,88.058,23.75,6.6,23.75,0.0,36.3,110,25.0,790.1,SEC_MTC_MOZ,,MTC,MOZ,39.942,225.942,CRUISING,,,,,130.7,,,GREEN,HIGH,False,,False,,JRN_0001,1.0,0.0,1.0,0.4541,1.0,SEVERE,Predicted HIGH Congestion (Speed cap 25.0 km/h),25.0,95.9,542.3,10:30:00,30.0,BASELINE_HISTORICAL_CALIBRATION,495.0,101.0
OBS_000452,10:30:30,13530.0,12017,ROUTE_NDLS_DDN_01,SYNTHETIC_SIMULATOR,OK,29.123026,77.702893,88.256,23.75,6.6,23.75,0.0,36.3,110,25.0,788.15,SEC_MTC_MOZ,,MTC,MOZ,39.744,225.744,CRUISING,,,,,130.99,,,GREEN,HIGH,False,,False,,JRN_0001,1.0,0.0,1.0,0.4541,1.0,SEVERE,Predicted HIGH Congestion (Speed cap 25.0 km/h),25.0,95.4,541.8,10:30:30,30.0,BASELINE_HISTORICAL_CALIBRATION,494.5,100.5
OBS_000453,10:31:00,13560.0,12017,ROUTE_NDLS_DDN_01,SYNTHETIC_SIMULATOR,OK,29.124767,77.702921,88.454,23.75,6.6,23.75,0.0,36.3,110,25.0,786.19,SEC_MTC_MOZ,,MTC,MOZ,39.546,225.546,CRUISING,,,,,131.28,,,GREEN,HIGH,False,,False,,JRN_0001,1.0,0.0,1.0,0.4541,1.0,SEVERE,Predicted HIGH Congestion (Speed cap 25.0 km/h),25.0,94.9,541.3,10:31:00,30.0,BASELINE_HISTORICAL_CALIBRATION,494.0,100.0
OBS_000454,10:31:30,13590.0,12017,ROUTE_NDLS_DDN_01,SYNTHETIC_SIMULATOR,OK,29.126509,77.702949,88.652,23.75,6.6,23.75,0.0,36.3,110,25.0,784.23,SEC_MTC_MOZ,,MTC,MOZ,39.348,225.348,CRUISING,,,,,131.57,,,GREEN,HIGH,False,,False,,JRN_0001,1.0,0.0,1.0,0.4541,1.0,SEVERE,Predicted HIGH Congestion (Speed cap 25.0 km/h),25.0,94.4,540.8,10:31:30,30.0,BASELINE_HISTORICAL_CALIBRATION,493.5,99.5
OBS_000455,10:32:00,13620.0,12017,ROUTE_NDLS_DDN_01,SYNTHETIC_SIMULATOR,OK,29.12825,77.702977,88.85,23.75,6.6,23.75,0.0,36.3,110,25.0,782.27,SEC_MTC_MOZ,,MTC,MOZ,39.15,225.15,CRUISING,,,,,131.85,,,GREEN,HIGH,False,,False,,JRN_0001,1.0,0.0,1.0,0.4541,1.0,SEVERE,Predicted HIGH Congestion (Speed cap 25.0 km/h),25.0,94.0,540.4,10:32:00,30.0,BASELINE_HISTORICAL_CALIBRATION,493.0,99.0
OBS_000456,10:32:30,13650.0,12017,ROUTE_NDLS_DDN_01,SYNTHETIC_SIMULATOR,OK,29.129991,77.703005,89.048,23.75,6.6,23.75,0.0,36.3,110,25.0,780.3,SEC_MTC_MOZ,,MTC,MOZ,38.952,224.952,CRUISING,,,,,132.14,,,GREEN,HIGH,False,,False,,JRN_0001,1.0,0.0,1.0,0.4541,1.0,SEVERE,Predicted HIGH Congestion (Speed cap 25.0 km/h),25.0,93.5,539.9,10:32:30,30.0,BASELINE_HISTORICAL_CALIBRATION,492.5,98.5
OBS_000457,10:33:00,13680.0,12017,ROUTE_NDLS_DDN_01,SYNTHETIC_SIMULATOR,OK,29.131733,77.703033,89.246,23.75,6.6,23.75,0.0,36.3,110,25.0,778.32,SEC_MTC_MOZ,,MTC,MOZ,38.754,224.754,CRUISING,,,,,132.43,,,GREEN,HIGH,False,,False,,JRN_0001,1.0,0.0,1.0,0.4541,1.0,SEVERE,Predicted HIGH Congestion (Speed cap 25.0 km/h),25.0,93.0,539.4,10:33:00,30.0,BASELINE_HISTORICAL_CALIBRATION,492.0,98.0
OBS_000458,10:33:30,13710.0,12017,ROUTE_NDLS_DDN_01,SYNTHETIC_SIMULATOR,OK,29.133474,77.703061,89.444,23.75,6.6,23.75,0.0,36.3,110,25.0,776.34,SEC_MTC_MOZ,,MTC,MOZ,38.556,224.556,CRUISING,,,,,132.72,,,GREEN,HIGH,False,,False,,JRN_0001,1.0,0.0,1.0,0.4541,1.0,SEVERE,Predicted HIGH Congestion (Speed cap 25.0 km/h),25.0,92.5,538.9,10:33:30,30.0,BASELINE_HISTORICAL_CALIBRATION,491.5,97.5
OBS_000459,10:34:00,13740.0,12017,ROUTE_NDLS_DDN_01,SYNTHETIC_SIMULATOR,OK,29.135215,77.703089,89.642,23.75,6.6,23.75,0.0,36.3,110,25.0,774.36,SEC_MTC_MOZ,,MTC,MOZ,38.358,224.358,CRUISING,,,,,133.0,,,GREEN,HIGH,False,,False,,JRN_0001,1.0,0.0,1.0,0.4541,1.0,SEVERE,Predicted HIGH Congestion (Speed cap 25.0 km/h),25.0,92.1,538.5,10:34:00,30.0,BASELINE_HISTORICAL_CALIBRATION,491.0,97.0
OBS_000460,10:34:30,13770.0,12017,ROUTE_NDLS_DDN_01,SYNTHETIC_SIMULATOR,OK,29.136956,77.703117,89.84,23.75,6.6,23.75,0.0,36.3,110,25.0,772.37,SEC_MTC_MOZ,,MTC,MOZ,38.16,224.16,CRUISING,,,,,133.29,,,GREEN,HIGH,False,,False,,JRN_0001,1.0,0.0,1.0,0.4541,1.0,SEVERE,Predicted HIGH Congestion (Speed cap 25.0 km/h),25.0,91.6,538.0,10:34:30,30.0,BASELINE_HISTORICAL_CALIBRATION,490.5,96.5
OBS_000461,10:35:00,13800.0,12017,ROUTE_NDLS_DDN_01,SYNTHETIC_SIMULATOR,OK,29.138698,77.703145,90.038,23.75,6.6,23.75,0.0,36.3,110,25.0,770.37,SEC_MTC_MOZ,,MTC,MOZ,37.962,223.962,CRUISING,,,,,133.58,,,GREEN,HIGH,False,,False,,JRN_0001,1.0,0.0,1.0,0.4541,1.0,SEVERE,Predicted HIGH Congestion (Speed cap 25.0 km/h),25.0,91.1,537.5,10:35:00,30.0,BASELINE_HISTORICAL_CALIBRATION,490.0,96.0
OBS_000462,10:35:30,13830.0,12017,ROUTE_NDLS_DDN_01,SYNTHETIC_SIMULATOR,OK,29.140439,77.703172,90.235,23.75,6.6,23.75,0.0,36.3,110,25.0,768.37,SEC_MTC_MOZ,,MTC,MOZ,37.765,223.765,CRUISING,,,,,133.87,,,GREEN,HIGH,False,,False,,JRN_0001,1.0,0.0,1.0,0.4541,1.0,SEVERE,Predicted HIGH Congestion (Speed cap 25.0 km/h),25.0,90.6,537.0,10:35:30,30.0,BASELINE_HISTORICAL_CALIBRATION,489.5,95.5
OBS_000463,10:36:00,13860.0,12017,ROUTE_NDLS_DDN_01,SYNTHETIC_SIMULATOR,OK,29.14218,77.7032,90.433,23.75,6.6,23.75,0.0,36.3,110,25.0,766.36,SEC_MTC_MOZ,,MTC,MOZ,37.567,223.567,CRUISING,,,,,134.15,,,GREEN,HIGH,False,,False,,JRN_0001,1.0,0.0,1.0,0.4541,1.0,SEVERE,Predicted HIGH Congestion (Speed cap 25.0 km/h),25.0,90.2,536.6,10:36:00,30.0,BASELINE_HISTORICAL_CALIBRATION,489.0,95.0
OBS_000464,10:36:30,13890.0,12017,ROUTE_NDLS_DDN_01,SYNTHETIC_SIMULATOR,OK,29.143922,77.703228,90.631,23.75,6.6,23.75,0.0,36.3,110,25.0,764.35,SEC_MTC_MOZ,,MTC,MOZ,37.369,223.369,CRUISING,,,,,134.44,,,GREEN,HIGH,False,,False,,JRN_0001,1.0,0.0,1.0,0.4541,1.0,SEVERE,Predicted HIGH Congestion (Speed cap 25.0 km/h),25.0,89.7,536.1,10:36:30,30.0,BASELINE_HISTORICAL_CALIBRATION,488.5,94.5
OBS_000465,10:37:00,13920.0,12017,ROUTE_NDLS_DDN_01,SYNTHETIC_SIMULATOR,OK,29.145663,77.703256,90.829,23.75,6.6,23.75,0.0,36.3,110,25.0,762.34,SEC_MTC_MOZ,,MTC,MOZ,37.171,223.171,CRUISING,,,,,134.73,,,GREEN,HIGH,False,,False,,JRN_0001,1.0,0.0,1.0,0.4541,1.0,SEVERE,Predicted HIGH Congestion (Speed cap 25.0 km/h),25.0,89.2,535.6,10:37:00,30.0,BASELINE_HISTORICAL_CALIBRATION,488.0,94.0
OBS_000466,10:37:30,13950.0,12017,ROUTE_NDLS_DDN_01,SYNTHETIC_SIMULATOR,OK,29.147404,77.703284,91.027,23.75,6.6,23.75,0.0,36.3,110,25.0,760.32,SEC_MTC_MOZ,,MTC,MOZ,36.973,222.973,CRUISING,,,,,135.02,,,GREEN,HIGH,False,,False,,JRN_0001,1.0,0.0,1.0,0.4541,1.0,SEVERE,Predicted HIGH Congestion (Speed cap 25.0 km/h),25.0,88.7,535.1,10:37:30,30.0,BASELINE_HISTORICAL_CALIBRATION,487.5,93.5
OBS_000467,10:38:00,13980.0,12017,ROUTE_NDLS_DDN_01,SYNTHETIC_SIMULATOR,OK,29.149146,77.703312,91.225,23.75,6.6,23.75,0.0,36.3,110,25.0,758.29,SEC_MTC_MOZ,,MTC,MOZ,36.775,222.775,CRUISING,,,,,135.31,,,GREEN,HIGH,False,,False,,JRN_0001,1.0,0.0,1.0,0.4541,1.0,SEVERE,Predicted HIGH Congestion (Speed cap 25.0 km/h),25.0,88.3,534.7,10:38:00,30.0,BASELINE_HISTORICAL_CALIBRATION,487.0,93.0
OBS_000468,10:38:30,14010.0,12017,ROUTE_NDLS_DDN_01,SYNTHETIC_SIMULATOR,OK,29.150887,77.70334,91.423,23.75,6.6,23.75,0.0,36.3,110,25.0,756.26,SEC_MTC_MOZ,,MTC,MOZ,36.577,222.577,CRUISING,,,,,135.59,,,GREEN,HIGH,False,,False,,JRN_0001,1.0,0.0,1.0,0.4541,1.0,SEVERE,Predicted HIGH Congestion (Speed cap 25.0 km/h),25.0,87.8,534.2,10:38:30,30.0,BASELINE_HISTORICAL_CALIBRATION,486.5,92.5
OBS_000469,10:39:00,14040.0,12017,ROUTE_NDLS_DDN_01,SYNTHETIC_SIMULATOR,OK,29.152628,77.703368,91.621,23.75,6.6,23.75,0.0,36.3,110,25.0,754.22,SEC_MTC_MOZ,,MTC,MOZ,36.379,222.379,CRUISING,,,,,135.88,,,GREEN,HIGH,False,,False,,JRN_0001,1.0,0.0,1.0,0.4541,1.0,SEVERE,Predicted HIGH Congestion (Speed cap 25.0 km/h),25.0,87.3,533.7,10:39:00,30.0,BASELINE_HISTORICAL_CALIBRATION,486.0,92.0
OBS_000470,10:39:30,14070.0,12017,ROUTE_NDLS_DDN_01,SYNTHETIC_SIMULATOR,OK,29.15437,77.703396,91.819,23.75,6.6,23.75,0.0,36.3,110,25.0,752.18,SEC_MTC_MOZ,,MTC,MOZ,36.181,222.181,CRUISING,,,,,136.17,,,GREEN,HIGH,False,,False,,JRN_0001,1.0,0.0,1.0,0.4541,1.0,SEVERE,Predicted HIGH Congestion (Speed cap 25.0 km/h),25.0,86.8,533.2,10:39:30,30.0,BASELINE_HISTORICAL_CALIBRATION,485.5,91.5
OBS_000471,10:40:00,14100.0,12017,ROUTE_NDLS_DDN_01,SYNTHETIC_SIMULATOR,OK,29.156111,77.703424,92.017,23.75,6.6,23.75,0.0,36.3,110,25.0,750.13,SEC_MTC_MOZ,,MTC,MOZ,35.983,221.983,CRUISING,,,,,136.46,,,GREEN,HIGH,False,,False,,JRN_0001,1.0,0.0,1.0,0.4541,1.0,SEVERE,Predicted HIGH Congestion (Speed cap 25.0 km/h),25.0,86.4,532.8,10:40:00,30.0,BASELINE_HISTORICAL_CALIBRATION,485.0,91.0
OBS_000472,10:40:30,14130.0,12017,ROUTE_NDLS_DDN_01,SYNTHETIC_SIMULATOR,OK,29.157852,77.703452,92.215,23.75,6.6,23.75,0.0,36.3,110,25.0,748.07,SEC_MTC_MOZ,,MTC,MOZ,35.785,221.785,CRUISING,,,,,136.74,,,GREEN,HIGH,False,,False,,JRN_0001,1.0,0.0,1.0,0.4541,1.0,SEVERE,Predicted HIGH Congestion (Speed cap 25.0 km/h),25.0,85.9,532.3,10:40:30,30.0,BASELINE_HISTORICAL_CALIBRATION,484.5,90.5
OBS_000473,10:41:00,14160.0,12017,ROUTE_NDLS_DDN_01,SYNTHETIC_SIMULATOR,OK,29.159594,77.70348,92.413,23.75,6.6,23.75,0.0,36.3,110,25.0,746.01,SEC_MTC_MOZ,,MTC,MOZ,35.587,221.587,CRUISING,,,,,137.03,,,GREEN,HIGH,False,,False,,JRN_0001,1.0,0.0,1.0,0.4541,1.0,SEVERE,Predicted HIGH Congestion (Speed cap 25.0 km/h),25.0,85.4,531.8,10:41:00,30.0,BASELINE_HISTORICAL_CALIBRATION,484.0,90.0
OBS_000474,10:41:30,14190.0,12017,ROUTE_NDLS_DDN_01,SYNTHETIC_SIMULATOR,OK,29.161335,77.703508,92.61,23.75,6.6,23.75,0.0,36.3,110,25.0,743.95,SEC_MTC_MOZ,,MTC,MOZ,35.39,221.39,CRUISING,,,,,137.32,,,GREEN,HIGH,False,,False,,JRN_0001,1.0,0.0,1.0,0.4541,1.0,SEVERE,Predicted HIGH Congestion (Speed cap 25.0 km/h),25.0,84.9,531.3,10:41:30,30.0,BASELINE_HISTORICAL_CALIBRATION,483.5,89.5
OBS_000475,10:42:00,14220.0,12017,ROUTE_NDLS_DDN_01,SYNTHETIC_SIMULATOR,OK,29.163076,77.703535,92.808,23.75,6.6,23.75,0.0,36.3,110,25.0,741.88,SEC_MTC_MOZ,,MTC,MOZ,35.192,221.192,CRUISING,,,,,137.61,,,GREEN,HIGH,False,,False,,JRN_0001,1.0,0.0,1.0,0.4541,1.0,SEVERE,Predicted HIGH Congestion (Speed cap 25.0 km/h),25.0,84.5,530.9,10:42:00,30.0,BASELINE_HISTORICAL_CALIBRATION,483.0,89.0
OBS_000476,10:42:30,14250.0,12017,ROUTE_NDLS_DDN_01,SYNTHETIC_SIMULATOR,OK,29.164817,77.703563,93.006,23.75,6.6,23.75,0.0,36.3,110,25.0,739.8,SEC_MTC_MOZ,,MTC,MOZ,34.994,220.994,CRUISING,,,,,137.89,,,GREEN,HIGH,False,,False,,JRN_0001,1.0,0.0,1.0,0.4541,1.0,SEVERE,Predicted HIGH Congestion (Speed cap 25.0 km/h),25.0,84.0,530.4,10:42:30,30.0,BASELINE_HISTORICAL_CALIBRATION,482.5,88.5
OBS_000477,10:43:00,14280.0,12017,ROUTE_NDLS_DDN_01,SYNTHETIC_SIMULATOR,OK,29.166559,77.703591,93.204,23.75,6.6,23.75,0.0,36.3,110,25.0,737.71,SEC_MTC_MOZ,,MTC,MOZ,34.796,220.796,CRUISING,,,,,138.18,,,GREEN,HIGH,False,,False,,JRN_0001,1.0,0.0,1.0,0.4541,1.0,SEVERE,Predicted HIGH Congestion (Speed cap 25.0 km/h),25.0,83.5,529.9,10:43:00,30.0,BASELINE_HISTORICAL_CALIBRATION,482.0,88.0
OBS_000478,10:43:30,14310.0,12017,ROUTE_NDLS_DDN_01,SYNTHETIC_SIMULATOR,OK,29.1683,77.703619,93.402,23.75,6.6,23.75,0.0,36.3,110,25.0,735.63,SEC_MTC_MOZ,,MTC,MOZ,34.598,220.598,CRUISING,,,,,138.47,,,GREEN,HIGH,False,,False,,JRN_0001,1.0,0.0,1.0,0.4541,1.0,SEVERE,Predicted HIGH Congestion (Speed cap 25.0 km/h),25.0,83.0,529.4,10:43:30,30.0,BASELINE_HISTORICAL_CALIBRATION,481.5,87.5
OBS_000479,10:44:00,14340.0,12017,ROUTE_NDLS_DDN_01,SYNTHETIC_SIMULATOR,OK,29.170041,77.703647,93.6,23.75,6.6,23.75,0.0,36.3,110,25.0,733.53,SEC_MTC_MOZ,,MTC,MOZ,34.4,220.4,CRUISING,,,,,138.76,,,GREEN,HIGH,False,,False,,JRN_0001,1.0,0.0,1.0,0.4541,1.0,SEVERE,Predicted HIGH Congestion (Speed cap 25.0 km/h),25.0,82.6,529.0,10:44:00,30.0,BASELINE_HISTORICAL_CALIBRATION,481.0,87.0
OBS_000480,10:44:30,14370.0,12017,ROUTE_NDLS_DDN_01,SYNTHETIC_SIMULATOR,OK,29.171783,77.703675,93.798,23.75,6.6,23.75,0.0,36.3,110,25.0,731.43,SEC_MTC_MOZ,,MTC,MOZ,34.202,220.202,CRUISING,,,,,139.04,,,GREEN,HIGH,False,,False,,JRN_0001,1.0,0.0,1.0,0.4541,1.0,SEVERE,Predicted HIGH Congestion (Speed cap 25.0 km/h),25.0,82.1,528.5,10:44:30,30.0,BASELINE_HISTORICAL_CALIBRATION,480.5,86.5
OBS_000481,10:45:00,14400.0,12017,ROUTE_NDLS_DDN_01,SYNTHETIC_SIMULATOR,OK,29.173524,77.703703,93.996,23.75,6.6,23.75,0.0,36.3,110,25.0,729.32,SEC_MTC_MOZ,,MTC,MOZ,34.004,220.004,CRUISING,,,,,139.33,,,GREEN,HIGH,False,,False,,JRN_0001,1.0,0.0,1.0,0.4541,1.0,SEVERE,Predicted HIGH Congestion (Speed cap 25.0 km/h),25.0,81.6,528.0,10:45:00,30.0,BASELINE_HISTORICAL_CALIBRATION,480.0,86.0
OBS_000482,10:45:30,14430.0,12017,ROUTE_NDLS_DDN_01,SYNTHETIC_SIMULATOR,OK,29.175265,77.703731,94.194,23.75,6.6,23.75,0.0,36.3,110,25.0,727.21,SEC_MTC_MOZ,,MTC,MOZ,33.806,219.806,CRUISING,,,,,139.62,,,GREEN,HIGH,False,,False,,JRN_0001,1.0,0.0,1.0,0.4541,1.0,SEVERE,Predicted HIGH Congestion (Speed cap 25.0 km/h),25.0,81.1,527.5,10:45:30,30.0,BASELINE_HISTORICAL_CALIBRATION,479.5,85.5
OBS_000483,10:46:00,14460.0,12017,ROUTE_NDLS_DDN_01,SYNTHETIC_SIMULATOR,OK,29.177007,77.703759,94.392,23.75,6.6,23.75,0.0,36.3,110,25.0,725.09,SEC_MTC_MOZ,,MTC,MOZ,33.608,219.608,CRUISING,,,,,139.91,,,GREEN,HIGH,False,,False,,JRN_0001,1.0,0.0,1.0,0.4541,1.0,SEVERE,Predicted HIGH Congestion (Speed cap 25.0 km/h),25.0,80.7,527.1,10:46:00,30.0,BASELINE_HISTORICAL_CALIBRATION,479.0,85.0
OBS_000484,10:46:30,14490.0,12017,ROUTE_NDLS_DDN_01,SYNTHETIC_SIMULATOR,OK,29.178748,77.703787,94.59,23.75,6.6,23.75,0.0,36.3,110,25.0,722.96,SEC_MTC_MOZ,,MTC,MOZ,33.41,219.41,CRUISING,,,,,140.19,,,GREEN,HIGH,False,,False,,JRN_0001,1.0,0.0,1.0,0.4541,1.0,SEVERE,Predicted HIGH Congestion (Speed cap 25.0 km/h),25.0,80.2,526.6,10:46:30,30.0,BASELINE_HISTORICAL_CALIBRATION,478.5,84.5
OBS_000485,10:47:00,14520.0,12017,ROUTE_NDLS_DDN_01,SYNTHETIC_SIMULATOR,OK,29.180489,77.703815,94.788,23.75,6.6,23.75,0.0,36.3,110,25.0,720.83,SEC_MTC_MOZ,,MTC,MOZ,33.212,219.212,CRUISING,,,,,140.48,,,GREEN,HIGH,False,,False,,JRN_0001,1.0,0.0,1.0,0.4541,1.0,SEVERE,Predicted HIGH Congestion (Speed cap 25.0 km/h),25.0,79.7,526.1,10:47:00,30.0,BASELINE_HISTORICAL_CALIBRATION,478.0,84.0
OBS_000486,10:47:30,14550.0,12017,ROUTE_NDLS_DDN_01,SYNTHETIC_SIMULATOR,OK,29.182231,77.703843,94.985,23.75,6.6,23.75,0.0,36.3,110,25.0,718.69,SEC_MTC_MOZ,,MTC,MOZ,33.015,219.015,CRUISING,,,,,140.77,,,GREEN,HIGH,False,,False,,JRN_0001,1.0,0.0,1.0,0.4541,1.0,SEVERE,Predicted HIGH Congestion (Speed cap 25.0 km/h),25.0,79.2,525.6,10:47:30,30.0,BASELINE_HISTORICAL_CALIBRATION,477.5,83.5
OBS_000487,10:48:00,14580.0,12017,ROUTE_NDLS_DDN_01,SYNTHETIC_SIMULATOR,OK,29.183972,77.703871,95.183,23.75,6.6,23.75,0.0,36.3,110,25.0,716.55,SEC_MTC_MOZ,,MTC,MOZ,32.817,218.817,CRUISING,,,,,141.06,,,GREEN,HIGH,False,,False,,JRN_0001,1.0,0.0,1.0,0.4541,1.0,SEVERE,Predicted HIGH Congestion (Speed cap 25.0 km/h),25.0,78.8,525.2,10:48:00,30.0,BASELINE_HISTORICAL_CALIBRATION,477.0,83.0
OBS_000488,10:48:30,14610.0,12017,ROUTE_NDLS_DDN_01,SYNTHETIC_SIMULATOR,OK,29.185713,77.703898,95.381,23.75,6.6,23.75,0.0,36.3,110,25.0,714.4,SEC_MTC_MOZ,,MTC,MOZ,32.619,218.619,CRUISING,,,,,141.34,,,GREEN,HIGH,False,,False,,JRN_0001,1.0,0.0,1.0,0.4541,1.0,SEVERE,Predicted HIGH Congestion (Speed cap 25.0 km/h),25.0,78.3,524.7,10:48:30,30.0,BASELINE_HISTORICAL_CALIBRATION,476.5,82.5
OBS_000489,10:49:00,14640.0,12017,ROUTE_NDLS_DDN_01,SYNTHETIC_SIMULATOR,OK,29.187455,77.703926,95.579,23.75,6.6,23.75,0.0,36.3,110,25.0,712.24,SEC_MTC_MOZ,,MTC,MOZ,32.421,218.421,CRUISING,,,,,141.63,,,GREEN,HIGH,False,,False,,JRN_0001,1.0,0.0,1.0,0.4541,1.0,SEVERE,Predicted HIGH Congestion (Speed cap 25.0 km/h),25.0,77.8,524.2,10:49:00,30.0,BASELINE_HISTORICAL_CALIBRATION,476.0,82.0
OBS_000490,10:49:30,14670.0,12017,ROUTE_NDLS_DDN_01,SYNTHETIC_SIMULATOR,OK,29.189196,77.703954,95.777,23.75,6.6,23.75,0.0,36.3,110,25.0,710.08,SEC_MTC_MOZ,,MTC,MOZ,32.223,218.223,CRUISING,,,,,141.92,,,GREEN,HIGH,False,,False,,JRN_0001,1.0,0.0,1.0,0.4541,1.0,SEVERE,Predicted HIGH Congestion (Speed cap 25.0 km/h),25.0,77.3,523.7,10:49:30,30.0,BASELINE_HISTORICAL_CALIBRATION,475.5,81.5
OBS_000491,10:50:00,14700.0,12017,ROUTE_NDLS_DDN_01,SYNTHETIC_SIMULATOR,OK,29.190937,77.703982,95.975,23.75,6.6,23.75,0.0,36.3,110,25.0,707.91,SEC_MTC_MOZ,,MTC,MOZ,32.025,218.025,CRUISING,,,,,142.21,,,GREEN,HIGH,False,,False,,JRN_0001,1.0,0.0,1.0,0.4541,1.0,SEVERE,Predicted HIGH Congestion (Speed cap 25.0 km/h),25.0,76.9,523.3,10:50:00,30.0,BASELINE_HISTORICAL_CALIBRATION,475.0,81.0
OBS_000492,10:50:30,14730.0,12017,ROUTE_NDLS_DDN_01,SYNTHETIC_SIMULATOR,OK,29.192679,77.70401,96.173,23.75,6.6,23.75,0.0,36.3,110,25.0,705.73,SEC_MTC_MOZ,,MTC,MOZ,31.827,217.827,CRUISING,,,,,142.49,,,GREEN,HIGH,False,,False,,JRN_0001,1.0,0.0,1.0,0.4541,1.0,SEVERE,Predicted HIGH Congestion (Speed cap 25.0 km/h),25.0,76.4,522.8,10:50:30,30.0,BASELINE_HISTORICAL_CALIBRATION,474.5,80.5
OBS_000493,10:51:00,14760.0,12017,ROUTE_NDLS_DDN_01,SYNTHETIC_SIMULATOR,OK,29.19442,77.704038,96.371,23.75,6.6,23.75,0.0,36.3,110,25.0,703.54,SEC_MTC_MOZ,,MTC,MOZ,31.629,217.629,CRUISING,,,,,142.78,,,GREEN,HIGH,False,,False,,JRN_0001,1.0,0.0,1.0,0.4541,1.0,SEVERE,Predicted HIGH Congestion (Speed cap 25.0 km/h),25.0,75.9,522.3,10:51:00,30.0,BASELINE_HISTORICAL_CALIBRATION,474.0,80.0
OBS_000494,10:51:30,14790.0,12017,ROUTE_NDLS_DDN_01,SYNTHETIC_SIMULATOR,OK,29.196161,77.704066,96.569,23.75,6.6,23.75,0.0,36.3,110,25.0,701.35,SEC_MTC_MOZ,,MTC,MOZ,31.431,217.431,CRUISING,,,,,143.07,,,GREEN,HIGH,False,,False,,JRN_0001,1.0,0.0,1.0,0.4541,1.0,SEVERE,Predicted HIGH Congestion (Speed cap 25.0 km/h),25.0,75.4,521.8,10:51:30,30.0,BASELINE_HISTORICAL_CALIBRATION,473.5,79.5
OBS_000495,10:52:00,14820.0,12017,ROUTE_NDLS_DDN_01,SYNTHETIC_SIMULATOR,OK,29.197902,77.704094,96.767,23.75,6.6,23.75,0.0,36.3,110,25.0,699.16,SEC_MTC_MOZ,,MTC,MOZ,31.233,217.233,CRUISING,,,,,143.36,,,GREEN,HIGH,False,,False,,JRN_0001,1.0,0.0,1.0,0.4541,1.0,SEVERE,Predicted HIGH Congestion (Speed cap 25.0 km/h),25.0,75.0,521.4,10:52:00,30.0,BASELINE_HISTORICAL_CALIBRATION,473.0,79.0
OBS_000496,10:52:30,14850.0,12017,ROUTE_NDLS_DDN_01,SYNTHETIC_SIMULATOR,OK,29.199644,77.704122,96.965,23.75,6.6,23.75,0.0,36.3,110,25.0,696.95,SEC_MTC_MOZ,,MTC,MOZ,31.035,217.035,CRUISING,,,,,143.65,,,GREEN,HIGH,False,,False,,JRN_0001,1.0,0.0,1.0,0.4541,1.0,SEVERE,Predicted HIGH Congestion (Speed cap 25.0 km/h),25.0,74.5,520.9,10:52:30,30.0,BASELINE_HISTORICAL_CALIBRATION,472.5,78.5
OBS_000497,10:53:00,14880.0,12017,ROUTE_NDLS_DDN_01,SYNTHETIC_SIMULATOR,OK,29.201385,77.70415,97.163,23.75,6.6,23.75,0.0,36.3,110,25.0,694.74,SEC_MTC_MOZ,,MTC,MOZ,30.837,216.837,CRUISING,,,,,143.93,,,GREEN,HIGH,False,,False,,JRN_0001,1.0,0.0,1.0,0.4541,1.0,SEVERE,Predicted HIGH Congestion (Speed cap 25.0 km/h),25.0,74.0,520.4,10:53:00,30.0,BASELINE_HISTORICAL_CALIBRATION,472.0,78.0
OBS_000498,10:53:30,14910.0,12017,ROUTE_NDLS_DDN_01,SYNTHETIC_SIMULATOR,OK,29.203126,77.704178,97.36,23.75,6.6,23.75,0.0,36.3,110,25.0,692.52,SEC_MTC_MOZ,,MTC,MOZ,30.64,216.64,CRUISING,,,,,144.22,,,GREEN,HIGH,False,,False,,JRN_0001,1.0,0.0,1.0,0.4541,1.0,SEVERE,Predicted HIGH Congestion (Speed cap 25.0 km/h),25.0,73.5,519.9,10:53:30,30.0,BASELINE_HISTORICAL_CALIBRATION,471.5,77.5
OBS_000499,10:54:00,14940.0,12017,ROUTE_NDLS_DDN_01,SYNTHETIC_SIMULATOR,OK,29.204868,77.704206,97.558,23.75,6.6,23.75,0.0,36.3,110,25.0,690.29,SEC_MTC_MOZ,,MTC,MOZ,30.442,216.442,CRUISING,,,,,144.51,,,GREEN,HIGH,False,,False,,JRN_0001,1.0,0.0,1.0,0.4541,1.0,SEVERE,Predicted HIGH Congestion (Speed cap 25.0 km/h),25.0,73.1,519.5,10:54:00,30.0,BASELINE_HISTORICAL_CALIBRATION,471.0,77.0
OBS_000500,10:54:30,14970.0,12017,ROUTE_NDLS_DDN_01,SYNTHETIC_SIMULATOR,OK,29.206609,77.704233,97.756,23.75,6.6,23.75,0.0,36.3,110,25.0,688.06,SEC_MTC_MOZ,,MTC,MOZ,30.244,216.244,CRUISING,,,,,144.8,,,GREEN,HIGH,False,,False,,JRN_0001,1.0,0.0,1.0,0.4541,1.0,SEVERE,Predicted HIGH Congestion (Speed cap 25.0 km/h),25.0,72.6,519.0,10:54:30,30.0,BASELINE_HISTORICAL_CALIBRATION,470.5,76.5
OBS_000501,10:55:00,15000.0,12017,ROUTE_NDLS_DDN_01,SYNTHETIC_SIMULATOR,OK,29.20835,77.704261,97.954,23.75,6.6,23.75,0.0,36.3,110,25.0,685.82,SEC_MTC_MOZ,,MTC,MOZ,30.046,216.046,CRUISING,,,,,145.08,,,GREEN,HIGH,False,,False,,JRN_0001,1.0,0.0,1.0,0.4541,1.0,SEVERE,Predicted HIGH Congestion (Speed cap 25.0 km/h),25.0,72.1,518.5,10:55:00,30.0,BASELINE_HISTORICAL_CALIBRATION,470.0,76.0
OBS_000502,10:55:30,15030.0,12017,ROUTE_NDLS_DDN_01,SYNTHETIC_SIMULATOR,OK,29.210092,77.704289,98.152,23.75,6.6,23.75,0.0,36.3,110,25.0,683.57,SEC_MTC_MOZ,,MTC,MOZ,29.848,215.848,CRUISING,,,,,145.37,,,GREEN,HIGH,False,,False,,JRN_0001,1.0,0.0,1.0,0.4541,1.0,SEVERE,Predicted HIGH Congestion (Speed cap 25.0 km/h),25.0,71.6,518.0,10:55:30,30.0,BASELINE_HISTORICAL_CALIBRATION,469.5,75.5
OBS_000503,10:56:00,15060.0,12017,ROUTE_NDLS_DDN_01,SYNTHETIC_SIMULATOR,OK,29.211833,77.704317,98.35,23.75,6.6,23.75,0.0,36.3,110,25.0,681.32,SEC_MTC_MOZ,,MTC,MOZ,29.65,215.65,CRUISING,,,,,145.66,,,GREEN,HIGH,False,,False,,JRN_0001,1.0,0.0,1.0,0.4541,1.0,SEVERE,Predicted HIGH Congestion (Speed cap 25.0 km/h),25.0,71.2,517.6,10:56:00,30.0,BASELINE_HISTORICAL_CALIBRATION,469.0,75.0
OBS_000504,10:56:30,15090.0,12017,ROUTE_NDLS_DDN_01,SYNTHETIC_SIMULATOR,OK,29.213574,77.704345,98.548,23.75,6.6,23.75,0.0,36.3,110,25.0,679.06,SEC_MTC_MOZ,,MTC,MOZ,29.452,215.452,CRUISING,,,,,145.95,,,GREEN,HIGH,False,,False,,JRN_0001,1.0,0.0,1.0,0.4541,1.0,SEVERE,Predicted HIGH Congestion (Speed cap 25.0 km/h),25.0,70.7,517.1,10:56:30,30.0,BASELINE_HISTORICAL_CALIBRATION,468.5,74.5
OBS_000505,10:57:00,15120.0,12017,ROUTE_NDLS_DDN_01,SYNTHETIC_SIMULATOR,OK,29.215316,77.704373,98.746,23.75,6.6,23.75,0.0,36.3,110,25.0,676.79,SEC_MTC_MOZ,,MTC,MOZ,29.254,215.254,CRUISING,,,,,146.23,,,GREEN,HIGH,False,,False,,JRN_0001,1.0,0.0,1.0,0.4541,1.0,SEVERE,Predicted HIGH Congestion (Speed cap 25.0 km/h),25.0,70.2,516.6,10:57:00,30.0,BASELINE_HISTORICAL_CALIBRATION,468.0,74.0
OBS_000506,10:57:30,15150.0,12017,ROUTE_NDLS_DDN_01,SYNTHETIC_SIMULATOR,OK,29.217057,77.704401,98.944,23.75,6.6,23.75,0.0,36.3,110,25.0,674.51,SEC_MTC_MOZ,,MTC,MOZ,29.056,215.056,CRUISING,,,,,146.52,,,GREEN,HIGH,False,,False,,JRN_0001,1.0,0.0,1.0,0.4541,1.0,SEVERE,Predicted HIGH Congestion (Speed cap 25.0 km/h),25.0,69.7,516.1,10:57:30,30.0,BASELINE_HISTORICAL_CALIBRATION,467.5,73.5
OBS_000507,10:58:00,15180.0,12017,ROUTE_NDLS_DDN_01,SYNTHETIC_SIMULATOR,OK,29.218798,77.704429,99.142,23.75,6.6,23.75,0.0,36.3,110,25.0,672.22,SEC_MTC_MOZ,,MTC,MOZ,28.858,214.858,CRUISING,,,,,146.81,,,GREEN,HIGH,False,,False,,JRN_0001,1.0,0.0,1.0,0.4541,1.0,SEVERE,Predicted HIGH Congestion (Speed cap 25.0 km/h),25.0,69.3,515.7,10:58:00,30.0,BASELINE_HISTORICAL_CALIBRATION,467.0,73.0
OBS_000508,10:58:30,15210.0,12017,ROUTE_NDLS_DDN_01,SYNTHETIC_SIMULATOR,OK,29.22054,77.704457,99.34,23.75,6.6,23.75,0.0,36.3,110,25.0,669.93,SEC_MTC_MOZ,,MTC,MOZ,28.66,214.66,CRUISING,,,,,147.1,,,GREEN,HIGH,False,,False,,JRN_0001,1.0,0.0,1.0,0.4541,1.0,SEVERE,Predicted HIGH Congestion (Speed cap 25.0 km/h),25.0,68.8,515.2,10:58:30,30.0,BASELINE_HISTORICAL_CALIBRATION,466.5,72.5
OBS_000509,10:59:00,15240.0,12017,ROUTE_NDLS_DDN_01,SYNTHETIC_SIMULATOR,OK,29.222281,77.704485,99.538,23.75,6.6,23.75,0.0,36.3,110,25.0,667.63,SEC_MTC_MOZ,,MTC,MOZ,28.462,214.462,CRUISING,,,,,147.38,,,GREEN,HIGH,False,,False,,JRN_0001,1.0,0.0,1.0,0.4541,1.0,SEVERE,Predicted HIGH Congestion (Speed cap 25.0 km/h),25.0,68.3,514.7,10:59:00,30.0,BASELINE_HISTORICAL_CALIBRATION,466.0,72.0
OBS_000510,10:59:30,15270.0,12017,ROUTE_NDLS_DDN_01,SYNTHETIC_SIMULATOR,OK,29.224022,77.704513,99.735,23.75,6.6,23.75,0.0,36.3,110,25.0,665.32,SEC_MTC_MOZ,,MTC,MOZ,28.265,214.265,CRUISING,,,,,147.67,,,GREEN,HIGH,False,,False,,JRN_0001,1.0,0.0,1.0,0.4541,1.0,SEVERE,Predicted HIGH Congestion (Speed cap 25.0 km/h),25.0,67.8,514.2,10:59:30,30.0,BASELINE_HISTORICAL_CALIBRATION,465.5,71.5
OBS_000511,11:00:00,15300.0,12017,ROUTE_NDLS_DDN_01,SYNTHETIC_SIMULATOR,OK,29.225763,77.704541,99.933,23.75,6.6,23.75,0.0,36.3,110,25.0,663.0,SEC_MTC_MOZ,,MTC,MOZ,28.067,214.067,CRUISING,,,,,147.96,,,GREEN,HIGH,False,,False,,JRN_0001,1.0,0.0,1.0,0.4541,0.92,SEVERE,Predicted HIGH Congestion (Speed cap 25.0 km/h),25.0,67.4,513.8,11:00:00,30.0,BASELINE_HISTORICAL_CALIBRATION,465.0,71.0
OBS_000512,11:00:30,15330.0,12017,ROUTE_NDLS_DDN_01,SYNTHETIC_SIMULATOR,OK,29.227505,77.704569,100.131,23.75,6.6,23.75,0.0,36.3,110,25.0,660.68,SEC_MTC_MOZ,,MTC,MOZ,27.869,213.869,CRUISING,,,,,148.25,,,GREEN,HIGH,False,,False,,JRN_0001,1.0,0.0,1.0,0.4541,0.92,SEVERE,Predicted HIGH Congestion (Speed cap 25.0 km/h),25.0,66.9,513.3,11:00:30,30.0,BASELINE_HISTORICAL_CALIBRATION,464.5,70.5
OBS_000513,11:01:00,15360.0,12017,ROUTE_NDLS_DDN_01,SYNTHETIC_SIMULATOR,OK,29.229246,77.704596,100.329,23.75,6.6,23.75,0.0,36.3,110,25.0,658.34,SEC_MTC_MOZ,,MTC,MOZ,27.671,213.671,CRUISING,,,,,148.53,,,GREEN,HIGH,False,,False,,JRN_0001,1.0,0.0,1.0,0.4541,0.92,SEVERE,Predicted HIGH Congestion (Speed cap 25.0 km/h),25.0,66.4,512.8,11:01:00,30.0,BASELINE_HISTORICAL_CALIBRATION,464.0,70.0
OBS_000514,11:01:30,15390.0,12017,ROUTE_NDLS_DDN_01,SYNTHETIC_SIMULATOR,OK,29.230987,77.704624,100.527,23.75,6.6,23.75,0.0,36.3,110,25.0,656.0,SEC_MTC_MOZ,,MTC,MOZ,27.473,213.473,CRUISING,,,,,148.82,,,GREEN,HIGH,False,,False,,JRN_0001,1.0,0.0,1.0,0.4541,0.92,SEVERE,Predicted HIGH Congestion (Speed cap 25.0 km/h),25.0,65.9,512.3,11:01:30,30.0,BASELINE_HISTORICAL_CALIBRATION,463.5,69.5
OBS_000515,11:02:00,15420.0,12017,ROUTE_NDLS_DDN_01,SYNTHETIC_SIMULATOR,OK,29.232729,77.704652,100.725,23.75,6.6,23.75,0.0,36.3,110,25.0,653.65,SEC_MTC_MOZ,,MTC,MOZ,27.275,213.275,CRUISING,,,,,149.11,,,GREEN,HIGH,False,,False,,JRN_0001,1.0,0.0,1.0,0.4541,0.92,SEVERE,Predicted HIGH Congestion (Speed cap 25.0 km/h),25.0,65.5,511.9,11:02:00,30.0,BASELINE_HISTORICAL_CALIBRATION,463.0,69.0
OBS_000516,11:02:30,15450.0,12017,ROUTE_NDLS_DDN_01,SYNTHETIC_SIMULATOR,OK,29.23447,77.70468,100.923,23.75,6.6,23.75,0.0,36.3,110,25.0,651.29,SEC_MTC_MOZ,,MTC,MOZ,27.077,213.077,CRUISING,,,,,149.4,,,GREEN,HIGH,False,,False,,JRN_0001,1.0,0.0,1.0,0.4541,0.92,SEVERE,Predicted HIGH Congestion (Speed cap 25.0 km/h),25.0,65.0,511.4,11:02:30,30.0,BASELINE_HISTORICAL_CALIBRATION,462.5,68.5
OBS_000517,11:03:00,15480.0,12017,ROUTE_NDLS_DDN_01,SYNTHETIC_SIMULATOR,OK,29.236211,77.704708,101.121,23.75,6.6,23.75,0.0,36.3,110,25.0,648.92,SEC_MTC_MOZ,,MTC,MOZ,26.879,212.879,CRUISING,,,,,149.68,,,GREEN,HIGH,False,,False,,JRN_0001,1.0,0.0,1.0,0.4541,0.92,SEVERE,Predicted HIGH Congestion (Speed cap 25.0 km/h),25.0,64.5,510.9,11:03:00,30.0,BASELINE_HISTORICAL_CALIBRATION,462.0,68.0
OBS_000518,11:03:30,15510.0,12017,ROUTE_NDLS_DDN_01,SYNTHETIC_SIMULATOR,OK,29.237953,77.704736,101.319,23.75,6.6,23.75,0.0,36.3,110,25.0,646.55,SEC_MTC_MOZ,,MTC,MOZ,26.681,212.681,CRUISING,,,,,149.97,,,GREEN,HIGH,False,,False,,JRN_0001,1.0,0.0,1.0,0.4541,0.92,SEVERE,Predicted HIGH Congestion (Speed cap 25.0 km/h),25.0,64.0,510.4,11:03:30,30.0,BASELINE_HISTORICAL_CALIBRATION,461.5,67.5
OBS_000519,11:04:00,15540.0,12017,ROUTE_NDLS_DDN_01,SYNTHETIC_SIMULATOR,OK,29.239694,77.704764,101.517,23.75,6.6,23.75,0.0,36.3,110,25.0,644.16,SEC_MTC_MOZ,,MTC,MOZ,26.483,212.483,CRUISING,,,,,150.26,,,GREEN,HIGH,False,,False,,JRN_0001,1.0,0.0,1.0,0.4541,0.92,SEVERE,Predicted HIGH Congestion (Speed cap 25.0 km/h),25.0,63.6,510.0,11:04:00,30.0,BASELINE_HISTORICAL_CALIBRATION,461.0,67.0
OBS_000520,11:04:30,15570.0,12017,ROUTE_NDLS_DDN_01,SYNTHETIC_SIMULATOR,OK,29.241435,77.704792,101.715,23.75,6.6,23.75,0.0,36.3,110,25.0,641.77,SEC_MTC_MOZ,,MTC,MOZ,26.285,212.285,CRUISING,,,,,150.55,,,GREEN,HIGH,False,,False,,JRN_0001,1.0,0.0,1.0,0.4541,0.92,SEVERE,Predicted HIGH Congestion (Speed cap 25.0 km/h),25.0,63.1,509.5,11:04:30,30.0,BASELINE_HISTORICAL_CALIBRATION,460.5,66.5
OBS_000521,11:05:00,15600.0,12017,ROUTE_NDLS_DDN_01,SYNTHETIC_SIMULATOR,OK,29.243177,77.70482,101.913,23.75,6.6,23.75,0.0,36.3,110,25.0,639.37,SEC_MTC_MOZ,,MTC,MOZ,26.087,212.087,CRUISING,,,,,150.83,,,GREEN,HIGH,False,,False,,JRN_0001,1.0,0.0,1.0,0.4541,0.92,SEVERE,Predicted HIGH Congestion (Speed cap 25.0 km/h),25.0,62.6,509.0,11:05:00,30.0,BASELINE_HISTORICAL_CALIBRATION,460.0,66.0
OBS_000522,11:05:30,15630.0,12017,ROUTE_NDLS_DDN_01,SYNTHETIC_SIMULATOR,OK,29.244918,77.704848,102.11,23.75,6.6,23.75,0.0,36.3,110,25.0,636.96,SEC_MTC_MOZ,,MTC,MOZ,25.89,211.89,CRUISING,,,,,151.12,,,GREEN,HIGH,False,,False,,JRN_0001,1.0,0.0,1.0,0.4541,0.92,SEVERE,Predicted HIGH Congestion (Speed cap 25.0 km/h),25.0,62.1,508.5,11:05:30,30.0,BASELINE_HISTORICAL_CALIBRATION,459.5,65.5
OBS_000523,11:06:00,15660.0,12017,ROUTE_NDLS_DDN_01,SYNTHETIC_SIMULATOR,OK,29.246659,77.704876,102.308,23.75,6.6,23.75,0.0,36.3,110,25.0,634.54,SEC_MTC_MOZ,,MTC,MOZ,25.692,211.692,CRUISING,,,,,151.41,,,GREEN,HIGH,False,,False,,JRN_0001,1.0,0.0,1.0,0.4541,0.92,SEVERE,Predicted HIGH Congestion (Speed cap 25.0 km/h),25.0,61.7,508.1,11:06:00,30.0,BASELINE_HISTORICAL_CALIBRATION,459.0,65.0
OBS_000524,11:06:30,15690.0,12017,ROUTE_NDLS_DDN_01,SYNTHETIC_SIMULATOR,OK,29.248401,77.704904,102.506,23.75,6.6,23.75,0.0,36.3,110,25.0,632.11,SEC_MTC_MOZ,,MTC,MOZ,25.494,211.494,CRUISING,,,,,151.7,,,GREEN,HIGH,False,,False,,JRN_0001,1.0,0.0,1.0,0.4541,0.92,SEVERE,Predicted HIGH Congestion (Speed cap 25.0 km/h),25.0,61.2,507.6,11:06:30,30.0,BASELINE_HISTORICAL_CALIBRATION,458.5,64.5
OBS_000525,11:07:00,15720.0,12017,ROUTE_NDLS_DDN_01,SYNTHETIC_SIMULATOR,OK,29.250142,77.704931,102.704,23.75,6.6,23.75,0.0,36.3,110,25.0,629.67,SEC_MTC_MOZ,,MTC,MOZ,25.296,211.296,CRUISING,,,,,151.99,,,GREEN,HIGH,False,,False,,JRN_0001,1.0,0.0,1.0,0.4541,0.92,SEVERE,Predicted HIGH Congestion (Speed cap 25.0 km/h),25.0,60.7,507.1,11:07:00,30.0,BASELINE_HISTORICAL_CALIBRATION,458.0,64.0
OBS_000526,11:07:30,15750.0,12017,ROUTE_NDLS_DDN_01,SYNTHETIC_SIMULATOR,OK,29.251883,77.704959,102.902,23.75,6.6,23.75,0.0,36.3,110,25.0,627.22,SEC_MTC_MOZ,,MTC,MOZ,25.098,211.098,CRUISING,,,,,152.27,,,GREEN,HIGH,False,,False,,JRN_0001,1.0,0.0,1.0,0.4541,0.92,SEVERE,Predicted HIGH Congestion (Speed cap 25.0 km/h),25.0,60.2,506.6,11:07:30,30.0,BASELINE_HISTORICAL_CALIBRATION,457.5,63.5
OBS_000527,11:08:00,15780.0,12017,ROUTE_NDLS_DDN_01,SYNTHETIC_SIMULATOR,OK,29.253624,77.704987,103.1,23.75,6.6,23.75,0.0,36.3,110,25.0,624.76,SEC_MTC_MOZ,,MTC,MOZ,24.9,210.9,CRUISING,,,,,152.56,,,GREEN,HIGH,False,,False,,JRN_0001,1.0,0.0,1.0,0.4541,0.92,SEVERE,Predicted HIGH Congestion (Speed cap 25.0 km/h),25.0,59.8,506.2,11:08:00,30.0,BASELINE_HISTORICAL_CALIBRATION,457.0,63.0
OBS_000528,11:08:30,15810.0,12017,ROUTE_NDLS_DDN_01,SYNTHETIC_SIMULATOR,OK,29.255366,77.705015,103.298,23.75,6.6,23.75,0.0,36.3,110,25.0,622.29,SEC_MTC_MOZ,,MTC,MOZ,24.702,210.702,CRUISING,,,,,152.85,,,GREEN,HIGH,False,,False,,JRN_0001,1.0,0.0,1.0,0.4541,0.92,SEVERE,Predicted HIGH Congestion (Speed cap 25.0 km/h),25.0,59.3,505.7,11:08:30,30.0,BASELINE_HISTORICAL_CALIBRATION,456.5,62.5
OBS_000529,11:09:00,15840.0,12017,ROUTE_NDLS_DDN_01,SYNTHETIC_SIMULATOR,OK,29.257107,77.705043,103.496,23.75,6.6,23.75,0.0,36.3,110,25.0,619.81,SEC_MTC_MOZ,,MTC,MOZ,24.504,210.504,CRUISING,,,,,153.14,,,GREEN,HIGH,False,,False,,JRN_0001,1.0,0.0,1.0,0.4541,0.92,SEVERE,Predicted HIGH Congestion (Speed cap 25.0 km/h),25.0,58.8,505.2,11:09:00,30.0,BASELINE_HISTORICAL_CALIBRATION,456.0,62.0
OBS_000530,11:09:30,15870.0,12017,ROUTE_NDLS_DDN_01,SYNTHETIC_SIMULATOR,OK,29.258848,77.705071,103.694,23.75,6.6,23.75,0.0,36.3,110,25.0,617.32,SEC_MTC_MOZ,,MTC,MOZ,24.306,210.306,CRUISING,,,,,153.42,,,GREEN,HIGH,False,,False,,JRN_0001,1.0,0.0,1.0,0.4541,0.92,SEVERE,Predicted HIGH Congestion (Speed cap 25.0 km/h),25.0,58.3,504.7,11:09:30,30.0,BASELINE_HISTORICAL_CALIBRATION,455.5,61.5
OBS_000531,11:10:00,15900.0,12017,ROUTE_NDLS_DDN_01,SYNTHETIC_SIMULATOR,OK,29.26059,77.705099,103.892,23.75,6.6,23.75,0.0,36.3,110,25.0,614.83,SEC_MTC_MOZ,,MTC,MOZ,24.108,210.108,CRUISING,,,,,153.71,,,GREEN,HIGH,False,,False,,JRN_0001,1.0,0.0,1.0,0.4541,0.92,SEVERE,Predicted HIGH Congestion (Speed cap 25.0 km/h),25.0,57.9,504.3,11:10:00,30.0,BASELINE_HISTORICAL_CALIBRATION,455.0,61.0
OBS_000532,11:10:30,15930.0,12017,ROUTE_NDLS_DDN_01,SYNTHETIC_SIMULATOR,OK,29.262331,77.705127,104.09,23.75,6.6,23.75,0.0,36.3,110,25.0,612.32,SEC_MTC_MOZ,,MTC,MOZ,23.91,209.91,CRUISING,,,,,154.0,,,GREEN,HIGH,False,,False,,JRN_0001,1.0,0.0,1.0,0.4541,0.92,SEVERE,Predicted HIGH Congestion (Speed cap 25.0 km/h),25.0,57.4,503.8,11:10:30,30.0,BASELINE_HISTORICAL_CALIBRATION,454.5,60.5
OBS_000533,11:11:00,15960.0,12017,ROUTE_NDLS_DDN_01,SYNTHETIC_SIMULATOR,OK,29.264072,77.705155,104.288,23.75,6.6,23.75,0.0,36.3,110,25.0,609.8,SEC_MTC_MOZ,,MTC,MOZ,23.712,209.712,CRUISING,,,,,154.29,,,GREEN,HIGH,False,,False,,JRN_0001,1.0,0.0,1.0,0.4541,0.92,SEVERE,Predicted HIGH Congestion (Speed cap 25.0 km/h),25.0,56.9,503.3,11:11:00,30.0,BASELINE_HISTORICAL_CALIBRATION,454.0,60.0
OBS_000534,11:11:30,15990.0,12017,ROUTE_NDLS_DDN_01,SYNTHETIC_SIMULATOR,OK,29.265814,77.705183,104.485,23.75,6.6,23.75,0.0,36.3,110,25.0,607.27,SEC_MTC_MOZ,,MTC,MOZ,23.515,209.515,CRUISING,,,,,154.57,,,GREEN,HIGH,False,,False,,JRN_0001,1.0,0.0,1.0,0.4541,0.92,SEVERE,Predicted HIGH Congestion (Speed cap 25.0 km/h),25.0,56.4,502.8,11:11:30,30.0,BASELINE_HISTORICAL_CALIBRATION,453.5,59.5
OBS_000535,11:12:00,16020.0,12017,ROUTE_NDLS_DDN_01,SYNTHETIC_SIMULATOR,OK,29.267555,77.705211,104.683,23.75,6.6,23.75,0.0,36.3,110,25.0,604.73,SEC_MTC_MOZ,,MTC,MOZ,23.317,209.317,CRUISING,,,,,154.86,,,GREEN,HIGH,False,,False,,JRN_0001,1.0,0.0,1.0,0.4541,0.92,SEVERE,Predicted HIGH Congestion (Speed cap 25.0 km/h),25.0,56.0,502.4,11:12:00,30.0,BASELINE_HISTORICAL_CALIBRATION,453.0,59.0
OBS_000536,11:12:30,16050.0,12017,ROUTE_NDLS_DDN_01,SYNTHETIC_SIMULATOR,OK,29.269296,77.705239,104.881,23.75,6.6,23.75,0.0,36.3,110,25.0,602.18,SEC_MTC_MOZ,,MTC,MOZ,23.119,209.119,CRUISING,,,,,155.15,,,GREEN,HIGH,False,,False,,JRN_0001,1.0,0.0,1.0,0.4541,0.92,SEVERE,Predicted HIGH Congestion (Speed cap 25.0 km/h),25.0,55.5,501.9,11:12:30,30.0,BASELINE_HISTORICAL_CALIBRATION,452.5,58.5
OBS_000537,11:13:00,16080.0,12017,ROUTE_NDLS_DDN_01,SYNTHETIC_SIMULATOR,OK,29.271038,77.705267,105.079,23.75,6.6,23.75,0.0,36.3,110,25.0,599.62,SEC_MTC_MOZ,,MTC,MOZ,22.921,208.921,CRUISING,,,,,155.44,,,GREEN,HIGH,False,,False,,JRN_0001,1.0,0.0,1.0,0.4541,0.92,SEVERE,Predicted HIGH Congestion (Speed cap 25.0 km/h),25.0,55.0,501.4,11:13:00,30.0,BASELINE_HISTORICAL_CALIBRATION,452.0,58.0
OBS_000538,11:13:30,16110.0,12017,ROUTE_NDLS_DDN_01,SYNTHETIC_SIMULATOR,OK,29.272779,77.705294,105.277,23.75,6.6,23.75,0.0,36.3,110,25.0,597.05,SEC_MTC_MOZ,,MTC,MOZ,22.723,208.723,CRUISING,,,,,155.72,,,GREEN,HIGH,False,,False,,JRN_0001,1.0,0.0,1.0,0.4541,0.92,SEVERE,Predicted HIGH Congestion (Speed cap 25.0 km/h),25.0,54.5,500.9,11:13:30,30.0,BASELINE_HISTORICAL_CALIBRATION,451.5,57.5
OBS_000539,11:14:00,16140.0,12017,ROUTE_NDLS_DDN_01,SYNTHETIC_SIMULATOR,OK,29.27452,77.705322,105.475,23.75,6.6,23.75,0.0,36.3,110,25.0,594.46,SEC_MTC_MOZ,,MTC,MOZ,22.525,208.525,CRUISING,,,,,156.01,,,GREEN,HIGH,False,,False,,JRN_0001,1.0,0.0,1.0,0.4541,0.92,SEVERE,Predicted HIGH Congestion (Speed cap 25.0 km/h),25.0,54.1,500.5,11:14:00,30.0,BASELINE_HISTORICAL_CALIBRATION,451.0,57.0
OBS_000540,11:14:30,16170.0,12017,ROUTE_NDLS_DDN_01,SYNTHETIC_SIMULATOR,OK,29.276262,77.70535,105.673,23.75,6.6,23.75,0.0,36.3,110,25.0,591.87,SEC_MTC_MOZ,,MTC,MOZ,22.327,208.327,CRUISING,,,,,156.3,,,GREEN,HIGH,False,,False,,JRN_0001,1.0,0.0,1.0,0.4541,0.92,SEVERE,Predicted HIGH Congestion (Speed cap 25.0 km/h),25.0,53.6,500.0,11:14:30,30.0,BASELINE_HISTORICAL_CALIBRATION,450.5,56.5
OBS_000541,11:15:00,16200.0,12017,ROUTE_NDLS_DDN_01,SYNTHETIC_SIMULATOR,OK,29.278003,77.705378,105.871,23.75,6.6,23.75,0.0,36.3,110,25.0,589.26,SEC_MTC_MOZ,,MTC,MOZ,22.129,208.129,CRUISING,,,,,156.59,,,GREEN,HIGH,False,,False,,JRN_0001,1.0,0.0,1.0,0.4541,0.92,SEVERE,Predicted HIGH Congestion (Speed cap 25.0 km/h),25.0,53.1,499.5,11:15:00,30.0,BASELINE_HISTORICAL_CALIBRATION,450.0,56.0
OBS_000542,11:15:30,16230.0,12017,ROUTE_NDLS_DDN_01,SYNTHETIC_SIMULATOR,OK,29.279744,77.705406,106.069,23.75,6.6,23.75,0.0,36.3,110,25.0,586.65,SEC_MTC_MOZ,,MTC,MOZ,21.931,207.931,CRUISING,,,,,156.87,,,GREEN,HIGH,False,,False,,JRN_0001,1.0,0.0,1.0,0.4541,0.92,SEVERE,Predicted HIGH Congestion (Speed cap 25.0 km/h),25.0,52.6,499.0,11:15:30,30.0,BASELINE_HISTORICAL_CALIBRATION,449.5,55.5
OBS_000543,11:16:00,16260.0,12017,ROUTE_NDLS_DDN_01,SYNTHETIC_SIMULATOR,OK,29.281485,77.705434,106.267,23.75,6.6,23.75,0.0,36.3,110,25.0,584.02,SEC_MTC_MOZ,,MTC,MOZ,21.733,207.733,CRUISING,,,,,157.16,,,GREEN,HIGH,False,,False,,JRN_0001,1.0,0.0,1.0,0.4541,0.92,SEVERE,Predicted HIGH Congestion (Speed cap 25.0 km/h),25.0,52.2,498.6,11:16:00,30.0,BASELINE_HISTORICAL_CALIBRATION,449.0,55.0
OBS_000544,11:16:30,16290.0,12017,ROUTE_NDLS_DDN_01,SYNTHETIC_SIMULATOR,OK,29.283227,77.705462,106.465,23.75,6.6,23.75,0.0,36.3,110,25.0,581.37,SEC_MTC_MOZ,,MTC,MOZ,21.535,207.535,CRUISING,,,,,157.45,,,GREEN,HIGH,False,,False,,JRN_0001,1.0,0.0,1.0,0.4541,0.92,SEVERE,Predicted HIGH Congestion (Speed cap 25.0 km/h),25.0,51.7,498.1,11:16:30,30.0,BASELINE_HISTORICAL_CALIBRATION,448.5,54.5
OBS_000545,11:17:00,16320.0,12017,ROUTE_NDLS_DDN_01,SYNTHETIC_SIMULATOR,OK,29.284968,77.70549,106.663,23.75,6.6,23.75,0.0,36.3,110,25.0,578.72,SEC_MTC_MOZ,,MTC,MOZ,21.337,207.337,CRUISING,,,,,157.74,,,GREEN,HIGH,False,,False,,JRN_0001,1.0,0.0,1.0,0.4541,0.92,SEVERE,Predicted HIGH Congestion (Speed cap 25.0 km/h),25.0,51.2,497.6,11:17:00,30.0,BASELINE_HISTORICAL_CALIBRATION,448.0,54.0
OBS_000546,11:17:30,16350.0,12017,ROUTE_NDLS_DDN_01,SYNTHETIC_SIMULATOR,OK,29.286709,77.705518,106.86,23.75,6.6,23.75,0.0,36.3,110,25.0,576.06,SEC_MTC_MOZ,,MTC,MOZ,21.14,207.14,CRUISING,,,,,158.02,,,GREEN,HIGH,False,,False,,JRN_0001,1.0,0.0,1.0,0.4541,0.92,SEVERE,Predicted HIGH Congestion (Speed cap 25.0 km/h),25.0,50.7,497.1,11:17:30,30.0,BASELINE_HISTORICAL_CALIBRATION,447.5,53.5
OBS_000547,11:18:00,16380.0,12017,ROUTE_NDLS_DDN_01,SYNTHETIC_SIMULATOR,OK,29.288451,77.705546,107.058,23.75,6.6,23.75,0.0,36.3,110,25.0,573.38,SEC_MTC_MOZ,,MTC,MOZ,20.942,206.942,CRUISING,,,,,158.31,,,GREEN,HIGH,False,,False,,JRN_0001,1.0,0.0,1.0,0.4541,0.92,SEVERE,Predicted HIGH Congestion (Speed cap 25.0 km/h),25.0,50.3,496.7,11:18:00,30.0,BASELINE_HISTORICAL_CALIBRATION,447.0,53.0
OBS_000548,11:18:30,16410.0,12017,ROUTE_NDLS_DDN_01,SYNTHETIC_SIMULATOR,OK,29.290192,77.705574,107.256,23.75,6.6,23.75,0.0,36.3,110,25.0,570.69,SEC_MTC_MOZ,,MTC,MOZ,20.744,206.744,CRUISING,,,,,158.6,,,GREEN,HIGH,False,,False,,JRN_0001,1.0,0.0,1.0,0.4541,0.92,SEVERE,Predicted HIGH Congestion (Speed cap 25.0 km/h),25.0,49.8,496.2,11:18:30,30.0,BASELINE_HISTORICAL_CALIBRATION,446.5,52.5
OBS_000549,11:19:00,16440.0,12017,ROUTE_NDLS_DDN_01,SYNTHETIC_SIMULATOR,OK,29.291933,77.705602,107.454,23.75,6.6,23.75,0.0,36.3,110,25.0,567.98,SEC_MTC_MOZ,,MTC,MOZ,20.546,206.546,CRUISING,,,,,158.89,,,GREEN,HIGH,False,,False,,JRN_0001,1.0,0.0,1.0,0.4541,0.92,SEVERE,Predicted HIGH Congestion (Speed cap 25.0 km/h),25.0,49.3,495.7,11:19:00,30.0,BASELINE_HISTORICAL_CALIBRATION,446.0,52.0
OBS_000550,11:19:30,16470.0,12017,ROUTE_NDLS_DDN_01,SYNTHETIC_SIMULATOR,OK,29.293675,77.705629,107.652,23.75,6.6,23.75,0.0,36.3,110,25.0,565.27,SEC_MTC_MOZ,,MTC,MOZ,20.348,206.348,CRUISING,,,,,159.17,,,GREEN,HIGH,False,,False,,JRN_0001,1.0,0.0,1.0,0.4541,0.92,SEVERE,Predicted HIGH Congestion (Speed cap 25.0 km/h),25.0,48.8,495.2,11:19:30,30.0,BASELINE_HISTORICAL_CALIBRATION,445.5,51.5
OBS_000551,11:20:00,16500.0,12017,ROUTE_NDLS_DDN_01,SYNTHETIC_SIMULATOR,OK,29.295416,77.705657,107.85,23.75,6.6,23.75,0.0,36.3,110,25.0,562.54,SEC_MTC_MOZ,,MTC,MOZ,20.15,206.15,CRUISING,,,,,159.46,,,GREEN,HIGH,False,,False,,JRN_0001,1.0,0.0,1.0,0.4541,0.92,SEVERE,Predicted HIGH Congestion (Speed cap 25.0 km/h),25.0,48.4,494.8,11:20:00,30.0,BASELINE_HISTORICAL_CALIBRATION,445.0,51.0
OBS_000552,11:20:30,16530.0,12017,ROUTE_NDLS_DDN_01,SYNTHETIC_SIMULATOR,OK,29.297157,77.705685,108.048,23.75,6.6,23.75,0.0,36.3,110,25.0,559.8,SEC_MTC_MOZ,,MTC,MOZ,19.952,205.952,CRUISING,,,,,159.75,,,GREEN,HIGH,False,,False,,JRN_0001,1.0,0.0,1.0,0.4541,0.92,SEVERE,Predicted HIGH Congestion (Speed cap 25.0 km/h),25.0,47.9,494.3,11:20:30,30.0,BASELINE_HISTORICAL_CALIBRATION,444.5,50.5
OBS_000553,11:21:00,16560.0,12017,ROUTE_NDLS_DDN_01,SYNTHETIC_SIMULATOR,OK,29.298899,77.705713,108.246,23.75,6.6,23.75,0.0,36.3,110,25.0,557.04,SEC_MTC_MOZ,,MTC,MOZ,19.754,205.754,CRUISING,,,,,160.04,,,GREEN,HIGH,False,,False,,JRN_0001,1.0,0.0,1.0,0.4541,0.92,SEVERE,Predicted HIGH Congestion (Speed cap 25.0 km/h),25.0,47.4,493.8,11:21:00,30.0,BASELINE_HISTORICAL_CALIBRATION,444.0,50.0
OBS_000554,11:21:30,16590.0,12017,ROUTE_NDLS_DDN_01,SYNTHETIC_SIMULATOR,OK,29.30064,77.705741,108.444,23.75,6.6,23.75,0.0,36.3,110,25.0,554.27,SEC_MTC_MOZ,,MTC,MOZ,19.556,205.556,CRUISING,,,,,160.33,,,GREEN,HIGH,False,,False,,JRN_0001,1.0,0.0,1.0,0.4541,0.92,SEVERE,Predicted HIGH Congestion (Speed cap 25.0 km/h),25.0,46.9,493.3,11:21:30,30.0,BASELINE_HISTORICAL_CALIBRATION,443.5,49.5
OBS_000555,11:22:00,16620.0,12017,ROUTE_NDLS_DDN_01,SYNTHETIC_SIMULATOR,OK,29.302381,77.705769,108.642,23.75,6.6,23.75,0.0,36.3,110,25.0,551.49,SEC_MTC_MOZ,,MTC,MOZ,19.358,205.358,CRUISING,,,,,160.61,,,GREEN,HIGH,False,,False,,JRN_0001,1.0,0.0,1.0,0.4541,0.92,SEVERE,Predicted HIGH Congestion (Speed cap 25.0 km/h),25.0,46.5,492.9,11:22:00,30.0,BASELINE_HISTORICAL_CALIBRATION,443.0,49.0
OBS_000556,11:22:30,16650.0,12017,ROUTE_NDLS_DDN_01,SYNTHETIC_SIMULATOR,OK,29.304123,77.705797,108.84,23.75,6.6,23.75,0.0,36.3,110,25.0,548.69,SEC_MTC_MOZ,,MTC,MOZ,19.16,205.16,CRUISING,,,,,160.9,,,GREEN,HIGH,False,,False,,JRN_0001,1.0,0.0,1.0,0.4541,0.92,SEVERE,Predicted HIGH Congestion (Speed cap 25.0 km/h),25.0,46.0,492.4,11:22:30,30.0,BASELINE_HISTORICAL_CALIBRATION,442.5,48.5
OBS_000557,11:23:00,16680.0,12017,ROUTE_NDLS_DDN_01,SYNTHETIC_SIMULATOR,OK,29.305864,77.705825,109.038,23.75,6.6,23.75,0.0,36.3,110,25.0,545.88,SEC_MTC_MOZ,,MTC,MOZ,18.962,204.962,CRUISING,,,,,161.19,,,GREEN,HIGH,False,,False,,JRN_0001,1.0,0.0,1.0,0.4541,0.92,SEVERE,Predicted HIGH Congestion (Speed cap 25.0 km/h),25.0,45.5,491.9,11:23:00,30.0,BASELINE_HISTORICAL_CALIBRATION,442.0,48.0
OBS_000558,11:23:30,16710.0,12017,ROUTE_NDLS_DDN_01,SYNTHETIC_SIMULATOR,OK,29.307605,77.705853,109.235,23.75,6.6,23.75,0.0,36.3,110,25.0,543.05,SEC_MTC_MOZ,,MTC,MOZ,18.765,204.765,CRUISING,,,,,161.48,,,GREEN,HIGH,False,,False,,JRN_0001,1.0,0.0,1.0,0.4541,0.92,SEVERE,Predicted HIGH Congestion (Speed cap 25.0 km/h),25.0,45.0,491.4,11:23:30,30.0,BASELINE_HISTORICAL_CALIBRATION,441.5,47.5
OBS_000559,11:24:00,16740.0,12017,ROUTE_NDLS_DDN_01,SYNTHETIC_SIMULATOR,OK,29.309346,77.705881,109.433,23.75,6.6,23.75,0.0,36.3,110,25.0,540.21,SEC_MTC_MOZ,,MTC,MOZ,18.567,204.567,CRUISING,,,,,161.76,,,GREEN,HIGH,False,,False,,JRN_0001,1.0,0.0,1.0,0.4541,0.92,SEVERE,Predicted HIGH Congestion (Speed cap 25.0 km/h),25.0,44.6,491.0,11:24:00,30.0,BASELINE_HISTORICAL_CALIBRATION,441.0,47.0
OBS_000560,11:24:30,16770.0,12017,ROUTE_NDLS_DDN_01,SYNTHETIC_SIMULATOR,OK,29.311088,77.705909,109.631,23.75,6.6,23.75,0.0,36.3,110,25.0,537.35,SEC_MTC_MOZ,,MTC,MOZ,18.369,204.369,CRUISING,,,,,162.05,,,GREEN,HIGH,False,,False,,JRN_0001,1.0,0.0,1.0,0.4541,0.92,SEVERE,Predicted HIGH Congestion (Speed cap 25.0 km/h),25.0,44.1,490.5,11:24:30,30.0,BASELINE_HISTORICAL_CALIBRATION,440.5,46.5
OBS_000561,11:25:00,16800.0,12017,ROUTE_NDLS_DDN_01,SYNTHETIC_SIMULATOR,OK,29.312829,77.705937,109.829,23.75,6.6,23.75,0.0,36.3,110,25.0,534.48,SEC_MTC_MOZ,,MTC,MOZ,18.171,204.171,CRUISING,,,,,162.34,,,GREEN,HIGH,False,,False,,JRN_0001,1.0,0.0,1.0,0.4541,0.92,SEVERE,Predicted HIGH Congestion (Speed cap 25.0 km/h),25.0,43.6,490.0,11:25:00,30.0,BASELINE_HISTORICAL_CALIBRATION,440.0,46.0
OBS_000562,11:25:30,16830.0,12017,ROUTE_NDLS_DDN_01,SYNTHETIC_SIMULATOR,OK,29.31457,77.705965,110.027,23.75,6.6,23.75,0.0,36.3,110,25.0,531.59,SEC_MTC_MOZ,,MTC,MOZ,17.973,203.973,CRUISING,,,,,162.63,,,GREEN,HIGH,False,,False,,JRN_0001,1.0,0.0,1.0,0.4541,0.92,SEVERE,Predicted HIGH Congestion (Speed cap 25.0 km/h),25.0,43.1,489.5,11:25:30,30.0,BASELINE_HISTORICAL_CALIBRATION,439.5,45.5
OBS_000563,11:26:00,16860.0,12017,ROUTE_NDLS_DDN_01,SYNTHETIC_SIMULATOR,OK,29.316312,77.705992,110.225,23.75,6.6,23.75,0.0,36.3,110,25.0,528.69,SEC_MTC_MOZ,,MTC,MOZ,17.775,203.775,CRUISING,,,,,162.91,,,GREEN,HIGH,False,,False,,JRN_0001,1.0,0.0,1.0,0.4541,0.92,SEVERE,Predicted HIGH Congestion (Speed cap 25.0 km/h),25.0,42.7,489.1,11:26:00,30.0,BASELINE_HISTORICAL_CALIBRATION,439.0,45.0
OBS_000564,11:26:30,16890.0,12017,ROUTE_NDLS_DDN_01,SYNTHETIC_SIMULATOR,OK,29.318053,77.70602,110.423,23.75,6.6,23.75,0.0,36.3,110,25.0,525.77,SEC_MTC_MOZ,,MTC,MOZ,17.577,203.577,CRUISING,,,,,163.2,,,GREEN,HIGH,False,,False,,JRN_0001,1.0,0.0,1.0,0.4541,0.92,SEVERE,Predicted HIGH Congestion (Speed cap 25.0 km/h),25.0,42.2,488.6,11:26:30,30.0,BASELINE_HISTORICAL_CALIBRATION,438.5,44.5
OBS_000565,11:27:00,16920.0,12017,ROUTE_NDLS_DDN_01,SYNTHETIC_SIMULATOR,OK,29.319794,77.706048,110.621,23.75,6.6,23.75,0.0,36.3,110,25.0,522.84,SEC_MTC_MOZ,,MTC,MOZ,17.379,203.379,CRUISING,,,,,163.49,,,GREEN,HIGH,False,,False,,JRN_0001,1.0,0.0,1.0,0.4541,0.92,SEVERE,Predicted HIGH Congestion (Speed cap 25.0 km/h),25.0,41.7,488.1,11:27:00,30.0,BASELINE_HISTORICAL_CALIBRATION,438.0,44.0
OBS_000566,11:27:30,16950.0,12017,ROUTE_NDLS_DDN_01,SYNTHETIC_SIMULATOR,OK,29.321536,77.706076,110.819,23.75,6.6,23.75,0.0,36.3,110,25.0,519.89,SEC_MTC_MOZ,,MTC,MOZ,17.181,203.181,CRUISING,,,,,163.78,,,GREEN,HIGH,False,,False,,JRN_0001,1.0,0.0,1.0,0.4541,0.92,SEVERE,Predicted HIGH Congestion (Speed cap 25.0 km/h),25.0,41.2,487.6,11:27:30,30.0,BASELINE_HISTORICAL_CALIBRATION,437.5,43.5
OBS_000567,11:28:00,16980.0,12017,ROUTE_NDLS_DDN_01,SYNTHETIC_SIMULATOR,OK,29.323277,77.706104,111.017,23.75,6.6,23.75,0.0,36.3,110,25.0,516.92,SEC_MTC_MOZ,,MTC,MOZ,16.983,202.983,CRUISING,,,,,164.06,,,GREEN,HIGH,False,,False,,JRN_0001,1.0,0.0,1.0,0.4541,0.92,SEVERE,Predicted HIGH Congestion (Speed cap 25.0 km/h),25.0,40.8,487.2,11:28:00,30.0,BASELINE_HISTORICAL_CALIBRATION,437.0,43.0
OBS_000568,11:28:30,17010.0,12017,ROUTE_NDLS_DDN_01,SYNTHETIC_SIMULATOR,OK,29.325018,77.706132,111.215,23.75,6.6,23.75,0.0,36.3,110,25.0,513.93,SEC_MTC_MOZ,,MTC,MOZ,16.785,202.785,CRUISING,,,,,164.35,,,GREEN,HIGH,False,,False,,JRN_0001,1.0,0.0,1.0,0.4541,0.92,SEVERE,Predicted HIGH Congestion (Speed cap 25.0 km/h),25.0,40.3,486.7,11:28:30,30.0,BASELINE_HISTORICAL_CALIBRATION,436.5,42.5
OBS_000569,11:29:00,17040.0,12017,ROUTE_NDLS_DDN_01,SYNTHETIC_SIMULATOR,OK,29.32676,77.70616,111.413,23.75,6.6,23.75,0.0,36.3,110,25.0,510.93,SEC_MTC_MOZ,,MTC,MOZ,16.587,202.587,CRUISING,,,,,164.64,,,GREEN,HIGH,False,,False,,JRN_0001,1.0,0.0,1.0,0.4541,0.92,SEVERE,Predicted HIGH Congestion (Speed cap 25.0 km/h),25.0,39.8,486.2,11:29:00,30.0,BASELINE_HISTORICAL_CALIBRATION,436.0,42.0
OBS_000570,11:29:30,17070.0,12017,ROUTE_NDLS_DDN_01,SYNTHETIC_SIMULATOR,OK,29.328501,77.706188,111.61,23.75,6.6,23.75,0.0,36.3,110,25.0,507.91,SEC_MTC_MOZ,,MTC,MOZ,16.39,202.39,CRUISING,,,,,164.93,,,GREEN,HIGH,False,,False,,JRN_0001,1.0,0.0,1.0,0.4541,0.92,SEVERE,Predicted HIGH Congestion (Speed cap 25.0 km/h),25.0,39.3,485.7,11:29:30,30.0,BASELINE_HISTORICAL_CALIBRATION,435.5,41.5
OBS_000571,11:30:00,17100.0,12017,ROUTE_NDLS_DDN_01,SYNTHETIC_SIMULATOR,OK,29.330242,77.706216,111.808,23.75,6.6,23.75,0.0,36.3,110,25.0,504.87,SEC_MTC_MOZ,,MTC,MOZ,16.192,202.192,CRUISING,,,,,165.21,,,GREEN,HIGH,False,,False,,JRN_0001,1.0,0.0,1.0,0.4541,0.92,SEVERE,Predicted HIGH Congestion (Speed cap 25.0 km/h),25.0,38.9,485.3,11:30:00,30.0,BASELINE_HISTORICAL_CALIBRATION,435.0,41.0
OBS_000572,11:30:30,17130.0,12017,ROUTE_NDLS_DDN_01,SYNTHETIC_SIMULATOR,OK,29.331984,77.706244,112.006,23.75,6.6,23.75,0.0,36.3,110,25.0,501.81,SEC_MTC_MOZ,,MTC,MOZ,15.994,201.994,CRUISING,,,,,165.5,,,GREEN,HIGH,False,,False,,JRN_0001,1.0,0.0,1.0,0.4541,0.92,SEVERE,Predicted HIGH Congestion (Speed cap 25.0 km/h),25.0,38.4,484.8,11:30:30,30.0,BASELINE_HISTORICAL_CALIBRATION,434.5,40.5
OBS_000573,11:31:00,17160.0,12017,ROUTE_NDLS_DDN_01,SYNTHETIC_SIMULATOR,OK,29.333725,77.706272,112.204,23.75,6.6,23.75,0.0,36.3,110,25.0,498.73,SEC_MTC_MOZ,,MTC,MOZ,15.796,201.796,CRUISING,,,,,165.79,,,GREEN,HIGH,False,,False,,JRN_0001,1.0,0.0,1.0,0.4541,0.92,SEVERE,Predicted HIGH Congestion (Speed cap 25.0 km/h),25.0,37.9,484.3,11:31:00,30.0,BASELINE_HISTORICAL_CALIBRATION,434.0,40.0
OBS_000574,11:31:30,17190.0,12017,ROUTE_NDLS_DDN_01,SYNTHETIC_SIMULATOR,OK,29.335466,77.7063,112.402,23.75,6.6,23.75,0.0,36.3,110,25.0,495.64,SEC_MTC_MOZ,,MTC,MOZ,15.598,201.598,CRUISING,,,,,166.08,,,GREEN,HIGH,False,,False,,JRN_0001,1.0,0.0,1.0,0.4541,0.92,SEVERE,Predicted HIGH Congestion (Speed cap 25.0 km/h),25.0,37.4,483.8,11:31:30,30.0,BASELINE_HISTORICAL_CALIBRATION,433.5,39.5
OBS_000575,11:32:00,17220.0,12017,ROUTE_NDLS_DDN_01,SYNTHETIC_SIMULATOR,OK,29.337208,77.706328,112.6,23.75,6.6,23.75,0.0,36.3,110,25.0,492.52,SEC_MTC_MOZ,,MTC,MOZ,15.4,201.4,CRUISING,,,,,166.36,,,GREEN,HIGH,False,,False,,JRN_0001,1.0,0.0,1.0,0.4541,0.92,SEVERE,Predicted HIGH Congestion (Speed cap 25.0 km/h),25.0,37.0,483.4,11:32:00,30.0,BASELINE_HISTORICAL_CALIBRATION,433.0,39.0
OBS_000576,11:32:30,17250.0,12017,ROUTE_NDLS_DDN_01,SYNTHETIC_SIMULATOR,OK,29.338949,77.706355,112.798,23.75,6.6,23.75,0.0,36.3,110,25.0,489.39,SEC_MTC_MOZ,,MTC,MOZ,15.202,201.202,CRUISING,,,,,166.65,,,GREEN,HIGH,False,,False,,JRN_0001,1.0,0.0,1.0,0.4541,0.92,SEVERE,Predicted HIGH Congestion (Speed cap 25.0 km/h),25.0,36.5,482.9,11:32:30,30.0,BASELINE_HISTORICAL_CALIBRATION,432.5,38.5
OBS_000577,11:33:00,17280.0,12017,ROUTE_NDLS_DDN_01,SYNTHETIC_SIMULATOR,OK,29.34069,77.706383,112.996,23.75,6.6,23.75,0.0,36.3,110,25.0,486.23,SEC_MTC_MOZ,,MTC,MOZ,15.004,201.004,CRUISING,,,,,166.94,,,GREEN,HIGH,False,,False,,JRN_0001,1.0,0.0,1.0,0.4541,0.92,SEVERE,Predicted HIGH Congestion (Speed cap 25.0 km/h),25.0,36.0,482.4,11:33:00,30.0,BASELINE_HISTORICAL_CALIBRATION,432.0,38.0
OBS_000578,11:33:30,17310.0,12017,ROUTE_NDLS_DDN_01,SYNTHETIC_SIMULATOR,OK,29.342431,77.706411,113.194,23.75,6.6,23.75,0.0,36.3,110,25.0,483.06,SEC_MTC_MOZ,,MTC,MOZ,14.806,200.806,CRUISING,,,,,167.23,,,GREEN,HIGH,False,,False,,JRN_0001,1.0,0.0,1.0,0.4541,0.92,SEVERE,Predicted HIGH Congestion (Speed cap 25.0 km/h),25.0,35.5,481.9,11:33:30,30.0,BASELINE_HISTORICAL_CALIBRATION,431.5,37.5
OBS_000579,11:34:00,17340.0,12017,ROUTE_NDLS_DDN_01,SYNTHETIC_SIMULATOR,OK,29.344173,77.706439,113.392,23.75,6.6,23.75,0.0,36.3,110,25.0,479.86,SEC_MTC_MOZ,,MTC,MOZ,14.608,200.608,CRUISING,,,,,167.51,,,GREEN,HIGH,False,,False,,JRN_0001,1.0,0.0,1.0,0.4541,0.92,SEVERE,Predicted HIGH Congestion (Speed cap 25.0 km/h),25.0,35.1,481.5,11:34:00,30.0,BASELINE_HISTORICAL_CALIBRATION,431.0,37.0
OBS_000580,11:34:30,17370.0,12017,ROUTE_NDLS_DDN_01,SYNTHETIC_SIMULATOR,OK,29.345914,77.706467,113.59,23.75,6.6,23.75,0.0,36.3,110,25.0,476.64,SEC_MTC_MOZ,,MTC,MOZ,14.41,200.41,CRUISING,,,,,167.8,,,GREEN,HIGH,False,,False,,JRN_0001,1.0,0.0,1.0,0.4541,0.92,SEVERE,Predicted HIGH Congestion (Speed cap 25.0 km/h),25.0,34.6,481.0,11:34:30,30.0,BASELINE_HISTORICAL_CALIBRATION,430.5,36.5
OBS_000581,11:35:00,17400.0,12017,ROUTE_NDLS_DDN_01,SYNTHETIC_SIMULATOR,OK,29.347655,77.706495,113.788,23.75,6.6,23.75,0.0,36.3,110,25.0,473.4,SEC_MTC_MOZ,,MTC,MOZ,14.212,200.212,CRUISING,,,,,168.09,,,GREEN,HIGH,False,,False,,JRN_0001,1.0,0.0,1.0,0.4541,0.92,SEVERE,Predicted HIGH Congestion (Speed cap 25.0 km/h),25.0,34.1,480.5,11:35:00,30.0,BASELINE_HISTORICAL_CALIBRATION,430.0,36.0
OBS_000582,11:35:30,17430.0,12017,ROUTE_NDLS_DDN_01,SYNTHETIC_SIMULATOR,OK,29.349397,77.706523,113.985,23.75,6.6,23.75,0.0,36.3,110,25.0,470.14,SEC_MTC_MOZ,,MTC,MOZ,14.015,200.015,CRUISING,,,,,168.38,,,GREEN,HIGH,False,,False,,JRN_0001,1.0,0.0,1.0,0.4541,0.92,SEVERE,Predicted HIGH Congestion (Speed cap 25.0 km/h),25.0,33.6,480.0,11:35:30,30.0,BASELINE_HISTORICAL_CALIBRATION,429.5,35.5
OBS_000583,11:36:00,17460.0,12017,ROUTE_NDLS_DDN_01,SYNTHETIC_SIMULATOR,OK,29.351138,77.706551,114.183,23.75,6.6,23.75,0.0,36.3,110,25.0,466.86,SEC_MTC_MOZ,,MTC,MOZ,13.817,199.817,CRUISING,,,,,168.67,,,GREEN,HIGH,False,,False,,JRN_0001,1.0,0.0,1.0,0.4541,0.92,SEVERE,Predicted HIGH Congestion (Speed cap 25.0 km/h),25.0,33.2,479.6,11:36:00,30.0,BASELINE_HISTORICAL_CALIBRATION,429.0,35.0
OBS_000584,11:36:30,17490.0,12017,ROUTE_NDLS_DDN_01,SYNTHETIC_SIMULATOR,OK,29.352879,77.706579,114.381,23.75,6.6,23.75,0.0,36.3,110,25.0,463.55,SEC_MTC_MOZ,,MTC,MOZ,13.619,199.619,CRUISING,,,,,168.95,,,GREEN,HIGH,False,,False,,JRN_0001,1.0,0.0,1.0,0.4541,0.92,SEVERE,Predicted HIGH Congestion (Speed cap 25.0 km/h),25.0,32.7,479.1,11:36:30,30.0,BASELINE_HISTORICAL_CALIBRATION,428.5,34.5
OBS_000585,11:37:00,17520.0,12017,ROUTE_NDLS_DDN_01,SYNTHETIC_SIMULATOR,OK,29.354621,77.706607,114.579,23.75,6.6,23.75,0.0,36.3,110,25.0,460.22,SEC_MTC_MOZ,,MTC,MOZ,13.421,199.421,CRUISING,,,,,169.24,,,GREEN,HIGH,False,,False,,JRN_0001,1.0,0.0,1.0,0.4541,0.92,SEVERE,Predicted HIGH Congestion (Speed cap 25.0 km/h),25.0,32.2,478.6,11:37:00,30.0,BASELINE_HISTORICAL_CALIBRATION,428.0,34.0
OBS_000586,11:37:30,17550.0,12017,ROUTE_NDLS_DDN_01,SYNTHETIC_SIMULATOR,OK,29.356362,77.706635,114.777,23.75,6.6,23.75,0.0,36.3,110,25.0,456.86,SEC_MTC_MOZ,,MTC,MOZ,13.223,199.223,CRUISING,,,,,169.53,,,GREEN,HIGH,False,,False,,JRN_0001,1.0,0.0,1.0,0.4541,0.92,SEVERE,Predicted HIGH Congestion (Speed cap 25.0 km/h),25.0,31.7,478.1,11:37:30,30.0,BASELINE_HISTORICAL_CALIBRATION,427.5,33.5
OBS_000587,11:38:00,17580.0,12017,ROUTE_NDLS_DDN_01,SYNTHETIC_SIMULATOR,OK,29.358103,77.706663,114.975,23.75,6.6,23.75,0.0,36.3,110,25.0,453.48,SEC_MTC_MOZ,,MTC,MOZ,13.025,199.025,CRUISING,,,,,169.82,,,GREEN,HIGH,False,,False,,JRN_0001,1.0,0.0,1.0,0.4541,0.92,SEVERE,Predicted HIGH Congestion (Speed cap 25.0 km/h),25.0,31.3,477.7,11:38:00,30.0,BASELINE_HISTORICAL_CALIBRATION,427.0,33.0
OBS_000588,11:38:30,17610.0,12017,ROUTE_NDLS_DDN_01,SYNTHETIC_SIMULATOR,OK,29.359845,77.70669,115.173,23.75,6.6,23.75,0.0,36.3,110,25.0,450.07,SEC_MTC_MOZ,,MTC,MOZ,12.827,198.827,CRUISING,,,,,170.1,,,GREEN,HIGH,False,,False,,JRN_0001,1.0,0.0,1.0,0.4541,0.92,SEVERE,Predicted HIGH Congestion (Speed cap 25.0 km/h),25.0,30.8,477.2,11:38:30,30.0,BASELINE_HISTORICAL_CALIBRATION,426.5,32.5
OBS_000589,11:39:00,17640.0,12017,ROUTE_NDLS_DDN_01,SYNTHETIC_SIMULATOR,OK,29.361586,77.706718,115.371,23.75,6.6,23.75,0.0,36.3,110,25.0,446.64,SEC_MTC_MOZ,,MTC,MOZ,12.629,198.629,CRUISING,,,,,170.39,,,GREEN,HIGH,False,,False,,JRN_0001,1.0,0.0,1.0,0.4541,0.92,SEVERE,Predicted HIGH Congestion (Speed cap 25.0 km/h),25.0,30.3,476.7,11:39:00,30.0,BASELINE_HISTORICAL_CALIBRATION,426.0,32.0
OBS_000590,11:39:30,17670.0,12017,ROUTE_NDLS_DDN_01,SYNTHETIC_SIMULATOR,OK,29.363327,77.706746,115.569,23.75,6.6,23.75,0.0,36.3,110,25.0,443.18,SEC_MTC_MOZ,,MTC,MOZ,12.431,198.431,CRUISING,,,,,170.68,,,GREEN,HIGH,False,,False,,JRN_0001,1.0,0.0,1.0,0.4541,0.92,SEVERE,Predicted HIGH Congestion (Speed cap 25.0 km/h),25.0,29.8,476.2,11:39:30,30.0,BASELINE_HISTORICAL_CALIBRATION,425.5,31.5
OBS_000591,11:40:00,17700.0,12017,ROUTE_NDLS_DDN_01,SYNTHETIC_SIMULATOR,OK,29.365069,77.706774,115.767,23.75,6.6,23.75,0.0,36.3,110,25.0,439.69,SEC_MTC_MOZ,,MTC,MOZ,12.233,198.233,CRUISING,,,,,170.97,,,GREEN,HIGH,False,,False,,JRN_0001,1.0,0.0,1.0,0.4541,0.92,SEVERE,Predicted HIGH Congestion (Speed cap 25.0 km/h),25.0,29.4,475.8,11:40:00,30.0,BASELINE_HISTORICAL_CALIBRATION,425.0,31.0
OBS_000592,11:40:30,17730.0,12017,ROUTE_NDLS_DDN_01,SYNTHETIC_SIMULATOR,OK,29.36681,77.706802,115.965,23.75,6.6,23.75,0.0,36.3,110,25.0,436.18,SEC_MTC_MOZ,,MTC,MOZ,12.035,198.035,CRUISING,,,,,171.25,,,GREEN,HIGH,False,,False,,JRN_0001,1.0,0.0,1.0,0.4541,0.92,SEVERE,Predicted HIGH Congestion (Speed cap 25.0 km/h),25.0,28.9,475.3,11:40:30,30.0,BASELINE_HISTORICAL_CALIBRATION,424.5,30.5
OBS_000593,11:41:00,17760.0,12017,ROUTE_NDLS_DDN_01,SYNTHETIC_SIMULATOR,OK,29.368551,77.70683,116.163,23.75,6.6,23.75,0.0,36.3,110,25.0,432.64,SEC_MTC_MOZ,,MTC,MOZ,11.837,197.837,CRUISING,,,,,171.54,,,GREEN,HIGH,False,,False,,JRN_0001,1.0,0.0,1.0,0.4541,0.92,SEVERE,Predicted HIGH Congestion (Speed cap 25.0 km/h),25.0,28.4,474.8,11:41:00,30.0,BASELINE_HISTORICAL_CALIBRATION,424.0,30.0
OBS_000594,11:41:30,17790.0,12017,ROUTE_NDLS_DDN_01,SYNTHETIC_SIMULATOR,OK,29.370292,77.706858,116.36,23.75,6.6,23.75,0.0,36.3,110,25.0,429.07,SEC_MTC_MOZ,,MTC,MOZ,11.64,197.64,CRUISING,,,,,171.83,,,GREEN,HIGH,False,,False,,JRN_0001,1.0,0.0,1.0,0.4541,0.92,SEVERE,Predicted HIGH Congestion (Speed cap 25.0 km/h),25.0,27.9,474.3,11:41:30,30.0,BASELINE_HISTORICAL_CALIBRATION,423.5,29.5
OBS_000595,11:42:00,17820.0,12017,ROUTE_NDLS_DDN_01,SYNTHETIC_SIMULATOR,OK,29.372034,77.706886,116.558,23.75,6.6,23.75,0.0,36.3,110,25.0,425.46,SEC_MTC_MOZ,,MTC,MOZ,11.442,197.442,CRUISING,,,,,172.12,,,GREEN,HIGH,False,,False,,JRN_0001,1.0,0.0,1.0,0.4541,0.92,SEVERE,Predicted HIGH Congestion (Speed cap 25.0 km/h),25.0,27.5,473.9,11:42:00,30.0,BASELINE_HISTORICAL_CALIBRATION,423.0,29.0
OBS_000596,11:42:30,17850.0,12017,ROUTE_NDLS_DDN_01,SYNTHETIC_SIMULATOR,OK,29.373775,77.706914,116.756,23.75,6.6,23.75,0.0,36.3,110,25.0,421.83,SEC_MTC_MOZ,,MTC,MOZ,11.244,197.244,CRUISING,,,,,172.4,,,GREEN,HIGH,False,,False,,JRN_0001,1.0,0.0,1.0,0.4541,0.92,SEVERE,Predicted HIGH Congestion (Speed cap 25.0 km/h),25.0,27.0,473.4,11:42:30,30.0,BASELINE_HISTORICAL_CALIBRATION,422.5,28.5
OBS_000597,11:43:00,17880.0,12017,ROUTE_NDLS_DDN_01,SYNTHETIC_SIMULATOR,OK,29.375516,77.706942,116.954,23.75,6.6,23.75,0.0,36.3,110,25.0,418.17,SEC_MTC_MOZ,,MTC,MOZ,11.046,197.046,CRUISING,,,,,172.69,,,GREEN,HIGH,False,,False,,JRN_0001,1.0,0.0,1.0,0.4541,0.92,SEVERE,Predicted HIGH Congestion (Speed cap 25.0 km/h),25.0,26.5,472.9,11:43:00,30.0,BASELINE_HISTORICAL_CALIBRATION,422.0,28.0
OBS_000598,11:43:30,17910.0,12017,ROUTE_NDLS_DDN_01,SYNTHETIC_SIMULATOR,OK,29.377258,77.70697,117.152,23.75,6.6,23.75,0.0,36.3,110,25.0,414.47,SEC_MTC_MOZ,,MTC,MOZ,10.848,196.848,CRUISING,,,,,172.98,,,GREEN,HIGH,False,,False,,JRN_0001,1.0,0.0,1.0,0.4541,0.92,SEVERE,Predicted HIGH Congestion (Speed cap 25.0 km/h),25.0,26.0,472.4,11:43:30,30.0,BASELINE_HISTORICAL_CALIBRATION,421.5,27.5
OBS_000599,11:44:00,17940.0,12017,ROUTE_NDLS_DDN_01,SYNTHETIC_SIMULATOR,OK,29.378999,77.706998,117.35,23.75,6.6,23.75,0.0,36.3,110,25.0,410.74,SEC_MTC_MOZ,,MTC,MOZ,10.65,196.65,CRUISING,,,,,173.27,,,GREEN,HIGH,False,,False,,JRN_0001,1.0,0.0,1.0,0.4541,0.92,SEVERE,Predicted HIGH Congestion (Speed cap 25.0 km/h),25.0,25.6,472.0,11:44:00,30.0,BASELINE_HISTORICAL_CALIBRATION,421.0,27.0
OBS_000600,11:44:30,17970.0,12017,ROUTE_NDLS_DDN_01,SYNTHETIC_SIMULATOR,OK,29.38074,77.707026,117.548,23.75,6.6,23.75,0.0,36.3,110,25.0,406.98,SEC_MTC_MOZ,,MTC,MOZ,10.452,196.452,CRUISING,,,,,173.55,,,GREEN,HIGH,False,,False,,JRN_0001,1.0,0.0,1.0,0.4541,0.92,SEVERE,Predicted HIGH Congestion (Speed cap 25.0 km/h),25.0,25.1,471.5,11:44:30,30.0,BASELINE_HISTORICAL_CALIBRATION,420.5,26.5
OBS_000601,11:45:00,18000.0,12017,ROUTE_NDLS_DDN_01,SYNTHETIC_SIMULATOR,OK,29.382482,77.707053,117.746,23.75,6.6,23.75,0.0,36.3,110,25.0,403.18,SEC_MTC_MOZ,,MTC,MOZ,10.254,196.254,CRUISING,,,,,173.84,,,GREEN,HIGH,False,,False,,JRN_0001,1.0,0.0,1.0,0.4541,0.92,SEVERE,Predicted HIGH Congestion (Speed cap 25.0 km/h),25.0,24.6,471.0,11:45:00,30.0,BASELINE_HISTORICAL_CALIBRATION,420.0,26.0
OBS_000602,11:45:30,18030.0,12017,ROUTE_NDLS_DDN_01,SYNTHETIC_SIMULATOR,OK,29.384223,77.707081,117.944,23.75,6.6,23.75,0.0,36.3,110,25.0,399.34,SEC_MTC_MOZ,,MTC,MOZ,10.056,196.056,CRUISING,,,,,174.13,,,GREEN,HIGH,False,,False,,JRN_0001,1.0,0.0,1.0,0.4541,0.92,SEVERE,Predicted HIGH Congestion (Speed cap 25.0 km/h),25.0,24.1,470.5,11:45:30,30.0,BASELINE_HISTORICAL_CALIBRATION,419.5,25.5
OBS_000603,11:46:00,18060.0,12017,ROUTE_NDLS_DDN_01,SYNTHETIC_SIMULATOR,OK,29.385964,77.707109,118.142,23.75,6.6,23.75,0.0,36.3,110,25.0,395.47,SEC_MTC_MOZ,,MTC,MOZ,9.858,195.858,CRUISING,,,,,174.42,,,GREEN,HIGH,False,,False,,JRN_0001,1.0,0.0,1.0,0.4541,0.92,SEVERE,Predicted HIGH Congestion (Speed cap 25.0 km/h),25.0,23.7,470.1,11:46:00,30.0,BASELINE_HISTORICAL_CALIBRATION,419.0,25.0
OBS_000604,11:46:30,18090.0,12017,ROUTE_NDLS_DDN_01,SYNTHETIC_SIMULATOR,OK,29.387706,77.707137,118.34,23.75,6.6,23.75,0.0,36.3,110,25.0,391.56,SEC_MTC_MOZ,,MTC,MOZ,9.66,195.66,CRUISING,,,,,174.7,,,GREEN,HIGH,False,,False,,JRN_0001,1.0,0.0,1.0,0.4541,0.92,SEVERE,Predicted HIGH Congestion (Speed cap 25.0 km/h),25.0,23.2,469.6,11:46:30,30.0,BASELINE_HISTORICAL_CALIBRATION,418.5,24.5
OBS_000605,11:47:00,18120.0,12017,ROUTE_NDLS_DDN_01,SYNTHETIC_SIMULATOR,OK,29.389447,77.707165,118.538,23.75,6.6,23.75,0.0,36.3,110,25.0,387.61,SEC_MTC_MOZ,,MTC,MOZ,9.462,195.462,CRUISING,,,,,174.99,,,GREEN,HIGH,False,,False,,JRN_0001,1.0,0.0,1.0,0.4541,0.92,SEVERE,Predicted HIGH Congestion (Speed cap 25.0 km/h),25.0,22.7,469.1,11:47:00,30.0,BASELINE_HISTORICAL_CALIBRATION,418.0,24.0
OBS_000606,11:47:30,18150.0,12017,ROUTE_NDLS_DDN_01,SYNTHETIC_SIMULATOR,OK,29.391188,77.707193,118.735,23.75,6.6,23.75,0.0,36.3,110,25.0,383.62,SEC_MTC_MOZ,,MTC,MOZ,9.265,195.265,CRUISING,,,,,175.28,,,GREEN,HIGH,False,,False,,JRN_0001,1.0,0.0,1.0,0.4541,0.92,SEVERE,Predicted HIGH Congestion (Speed cap 25.0 km/h),25.0,22.2,468.6,11:47:30,30.0,BASELINE_HISTORICAL_CALIBRATION,417.5,23.5
OBS_000607,11:48:00,18180.0,12017,ROUTE_NDLS_DDN_01,SYNTHETIC_SIMULATOR,OK,29.39293,77.707221,118.933,23.75,6.6,23.75,0.0,36.3,110,25.0,379.58,SEC_MTC_MOZ,,MTC,MOZ,9.067,195.067,CRUISING,,,,,175.57,,,GREEN,HIGH,False,,False,,JRN_0001,1.0,0.0,1.0,0.4541,0.92,SEVERE,Predicted HIGH Congestion (Speed cap 25.0 km/h),25.0,21.8,468.2,11:48:00,30.0,BASELINE_HISTORICAL_CALIBRATION,417.0,23.0
OBS_000608,11:48:30,18210.0,12017,ROUTE_NDLS_DDN_01,SYNTHETIC_SIMULATOR,OK,29.394671,77.707249,119.131,23.75,6.6,23.75,0.0,36.3,110,25.0,375.51,SEC_MTC_MOZ,,MTC,MOZ,8.869,194.869,CRUISING,,,,,175.85,,,GREEN,HIGH,False,,False,,JRN_0001,1.0,0.0,1.0,0.4541,0.92,SEVERE,Predicted HIGH Congestion (Speed cap 25.0 km/h),25.0,21.3,467.7,11:48:30,30.0,BASELINE_HISTORICAL_CALIBRATION,416.5,22.5
OBS_000609,11:49:00,18240.0,12017,ROUTE_NDLS_DDN_01,SYNTHETIC_SIMULATOR,OK,29.396412,77.707277,119.329,23.75,6.6,23.75,0.0,36.3,110,25.0,371.38,SEC_MTC_MOZ,,MTC,MOZ,8.671,194.671,CRUISING,,,,,176.14,,,GREEN,HIGH,False,,False,,JRN_0001,1.0,0.0,1.0,0.4541,0.92,SEVERE,Predicted HIGH Congestion (Speed cap 25.0 km/h),25.0,20.8,467.2,11:49:00,30.0,BASELINE_HISTORICAL_CALIBRATION,416.0,22.0
OBS_000610,11:49:30,18270.0,12017,ROUTE_NDLS_DDN_01,SYNTHETIC_SIMULATOR,OK,29.398153,77.707305,119.527,23.75,6.6,23.75,0.0,36.3,110,25.0,367.22,SEC_MTC_MOZ,,MTC,MOZ,8.473,194.473,CRUISING,,,,,176.43,,,GREEN,HIGH,False,,False,,JRN_0001,1.0,0.0,1.0,0.4541,0.92,SEVERE,Predicted HIGH Congestion (Speed cap 25.0 km/h),25.0,20.3,466.7,11:49:30,30.0,BASELINE_HISTORICAL_CALIBRATION,415.5,21.5
OBS_000611,11:50:00,18300.0,12017,ROUTE_NDLS_DDN_01,SYNTHETIC_SIMULATOR,OK,29.399895,77.707333,119.725,23.75,6.6,23.75,0.0,36.3,110,25.0,363.0,SEC_MTC_MOZ,,MTC,MOZ,8.275,194.275,CRUISING,,,,,176.72,,,GREEN,HIGH,False,,False,,JRN_0001,1.0,0.0,1.0,0.4541,0.92,SEVERE,Predicted HIGH Congestion (Speed cap 25.0 km/h),25.0,19.9,466.3,11:50:00,30.0,BASELINE_HISTORICAL_CALIBRATION,415.0,21.0
OBS_000612,11:50:30,18330.0,12017,ROUTE_NDLS_DDN_01,SYNTHETIC_SIMULATOR,OK,29.401636,77.707361,119.923,23.75,6.6,23.75,0.0,36.3,110,25.0,358.74,SEC_MTC_MOZ,,MTC,MOZ,8.077,194.077,CRUISING,,,,,177.01,,,GREEN,HIGH,False,,False,,JRN_0001,1.0,0.0,1.0,0.4541,0.92,SEVERE,Predicted HIGH Congestion (Speed cap 25.0 km/h),25.0,19.4,465.8,11:50:30,30.0,BASELINE_HISTORICAL_CALIBRATION,414.5,20.5
OBS_000613,11:51:00,18360.0,12017,ROUTE_NDLS_DDN_01,SYNTHETIC_SIMULATOR,OK,29.403377,77.707388,120.121,23.75,6.6,23.75,0.0,36.3,110,25.0,354.42,SEC_MTC_MOZ,,MTC,MOZ,7.879,193.879,CRUISING,,,,,177.29,,,GREEN,HIGH,False,,False,,JRN_0001,1.0,0.0,1.0,0.4541,0.92,SEVERE,Predicted HIGH Congestion (Speed cap 25.0 km/h),25.0,18.9,465.3,11:51:00,30.0,BASELINE_HISTORICAL_CALIBRATION,414.0,20.0
OBS_000614,11:51:30,18390.0,12017,ROUTE_NDLS_DDN_01,SYNTHETIC_SIMULATOR,OK,29.405119,77.707416,120.319,23.75,6.6,23.75,0.0,36.3,110,25.0,350.05,SEC_MTC_MOZ,,MTC,MOZ,7.681,193.681,CRUISING,,,,,177.58,,,GREEN,HIGH,False,,False,,JRN_0001,1.0,0.0,1.0,0.4541,0.92,SEVERE,Predicted HIGH Congestion (Speed cap 25.0 km/h),25.0,18.4,464.8,11:51:30,30.0,BASELINE_HISTORICAL_CALIBRATION,413.5,19.5
OBS_000615,11:52:00,18420.0,12017,ROUTE_NDLS_DDN_01,SYNTHETIC_SIMULATOR,OK,29.40686,77.707444,120.517,23.75,6.6,23.75,0.0,36.3,110,25.0,345.63,SEC_MTC_MOZ,,MTC,MOZ,7.483,193.483,CRUISING,,,,,177.87,,,GREEN,HIGH,False,,False,,JRN_0001,1.0,0.0,1.0,0.4541,0.92,SEVERE,Predicted HIGH Congestion (Speed cap 25.0 km/h),25.0,18.0,464.4,11:52:00,30.0,BASELINE_HISTORICAL_CALIBRATION,413.0,19.0
OBS_000616,11:52:30,18450.0,12017,ROUTE_NDLS_DDN_01,SYNTHETIC_SIMULATOR,OK,29.408601,77.707472,120.715,23.75,6.6,23.75,0.0,36.3,110,25.0,341.15,SEC_MTC_MOZ,,MTC,MOZ,7.285,193.285,CRUISING,,,,,178.16,,,GREEN,HIGH,False,,False,,JRN_0001,1.0,0.0,1.0,0.4541,0.92,SEVERE,Predicted HIGH Congestion (Speed cap 25.0 km/h),25.0,17.5,463.9,11:52:30,30.0,BASELINE_HISTORICAL_CALIBRATION,412.5,18.5
OBS_000617,11:53:00,18480.0,12017,ROUTE_NDLS_DDN_01,SYNTHETIC_SIMULATOR,OK,29.410343,77.7075,120.913,23.75,6.6,23.75,0.0,36.3,110,25.0,336.6,SEC_MTC_MOZ,,MTC,MOZ,7.087,193.087,CRUISING,,,,,178.44,,,GREEN,HIGH,False,,False,,JRN_0001,1.0,0.0,1.0,0.4541,0.92,SEVERE,Predicted HIGH Congestion (Speed cap 25.0 km/h),25.0,17.0,463.4,11:53:00,30.0,BASELINE_HISTORICAL_CALIBRATION,412.0,18.0
OBS_000618,11:53:30,18510.0,12017,ROUTE_NDLS_DDN_01,SYNTHETIC_SIMULATOR,OK,29.412084,77.707528,121.11,23.75,6.6,23.75,0.0,36.3,110,25.0,332.0,SEC_MTC_MOZ,,MTC,MOZ,6.89,192.89,CRUISING,,,,,178.73,,,GREEN,HIGH,False,,False,,JRN_0001,1.0,0.0,1.0,0.4541,0.92,SEVERE,Predicted HIGH Congestion (Speed cap 25.0 km/h),25.0,16.5,462.9,11:53:30,30.0,BASELINE_HISTORICAL_CALIBRATION,411.5,17.5
OBS_000619,11:54:00,18540.0,12017,ROUTE_NDLS_DDN_01,SYNTHETIC_SIMULATOR,OK,29.413825,77.707556,121.308,23.75,6.6,23.75,0.0,36.3,110,25.0,327.33,SEC_MTC_MOZ,,MTC,MOZ,6.692,192.692,CRUISING,,,,,179.02,,,GREEN,HIGH,False,,False,,JRN_0001,1.0,0.0,1.0,0.4541,0.92,SEVERE,Predicted HIGH Congestion (Speed cap 25.0 km/h),25.0,16.1,462.5,11:54:00,30.0,BASELINE_HISTORICAL_CALIBRATION,411.0,17.0
OBS_000620,11:54:30,18570.0,12017,ROUTE_NDLS_DDN_01,SYNTHETIC_SIMULATOR,OK,29.415567,77.707584,121.506,23.75,6.6,23.75,0.0,36.3,110,25.0,322.6,SEC_MTC_MOZ,,MTC,MOZ,6.494,192.494,CRUISING,,,,,179.31,,,GREEN,HIGH,False,,False,,JRN_0001,1.0,0.0,1.0,0.4541,0.92,SEVERE,Predicted HIGH Congestion (Speed cap 25.0 km/h),25.0,15.6,462.0,11:54:30,30.0,BASELINE_HISTORICAL_CALIBRATION,410.5,16.5
OBS_000621,11:55:00,18600.0,12017,ROUTE_NDLS_DDN_01,SYNTHETIC_SIMULATOR,OK,29.417308,77.707612,121.704,23.75,6.6,23.75,0.0,36.3,110,25.0,317.79,SEC_MTC_MOZ,,MTC,MOZ,6.296,192.296,CRUISING,,,,,179.59,,,GREEN,HIGH,False,,False,,JRN_0001,1.0,0.0,1.0,0.4541,0.92,SEVERE,Predicted HIGH Congestion (Speed cap 25.0 km/h),25.0,15.1,461.5,11:55:00,30.0,BASELINE_HISTORICAL_CALIBRATION,410.0,16.0
OBS_000622,11:55:30,18630.0,12017,ROUTE_NDLS_DDN_01,SYNTHETIC_SIMULATOR,OK,29.419049,77.70764,121.902,23.75,6.6,23.75,0.0,36.3,110,25.0,312.91,SEC_MTC_MOZ,,MTC,MOZ,6.098,192.098,CRUISING,,,,,179.88,,,GREEN,HIGH,False,,False,,JRN_0001,1.0,0.0,1.0,0.4541,0.92,SEVERE,Predicted HIGH Congestion (Speed cap 25.0 km/h),25.0,14.6,461.0,11:55:30,30.0,BASELINE_HISTORICAL_CALIBRATION,409.5,15.5
OBS_000623,11:56:00,18660.0,12017,ROUTE_NDLS_DDN_01,SYNTHETIC_SIMULATOR,OK,29.420791,77.707668,122.1,23.75,6.6,23.75,0.0,36.3,110,25.0,307.95,SEC_MTC_MOZ,,MTC,MOZ,5.9,191.9,CRUISING,,,,,180.17,,,GREEN,HIGH,False,,False,,JRN_0001,1.0,0.0,1.0,0.4541,0.92,SEVERE,Predicted HIGH Congestion (Speed cap 25.0 km/h),25.0,14.2,460.6,11:56:00,30.0,BASELINE_HISTORICAL_CALIBRATION,409.0,15.0
OBS_000624,11:56:30,18690.0,12017,ROUTE_NDLS_DDN_01,SYNTHETIC_SIMULATOR,OK,29.422532,77.707696,122.298,23.75,6.6,23.75,0.0,36.3,110,25.0,302.91,SEC_MTC_MOZ,,MTC,MOZ,5.702,191.702,CRUISING,,,,,180.46,,,GREEN,HIGH,False,,False,,JRN_0001,1.0,0.0,1.0,0.4541,0.92,SEVERE,Predicted HIGH Congestion (Speed cap 25.0 km/h),25.0,13.7,460.1,11:56:30,30.0,BASELINE_HISTORICAL_CALIBRATION,408.5,14.5
OBS_000625,11:57:00,18720.0,12017,ROUTE_NDLS_DDN_01,SYNTHETIC_SIMULATOR,OK,29.424273,77.707724,122.496,23.75,6.6,23.75,0.0,36.3,110,25.0,297.79,SEC_MTC_MOZ,,MTC,MOZ,5.504,191.504,CRUISING,,,,,180.74,,,GREEN,HIGH,False,,False,,JRN_0001,1.0,0.0,1.0,0.4541,0.92,SEVERE,Predicted HIGH Congestion (Speed cap 25.0 km/h),25.0,13.2,459.6,11:57:00,30.0,BASELINE_HISTORICAL_CALIBRATION,408.0,14.0
OBS_000626,11:57:30,18750.0,12017,ROUTE_NDLS_DDN_01,SYNTHETIC_SIMULATOR,OK,29.426014,77.707751,122.694,23.75,6.6,23.75,0.0,36.3,110,25.0,292.58,SEC_MTC_MOZ,,MTC,MOZ,5.306,191.306,CRUISING,,,,,181.03,,,GREEN,HIGH,False,,False,,JRN_0001,1.0,0.0,1.0,0.4541,0.92,SEVERE,Predicted HIGH Congestion (Speed cap 25.0 km/h),25.0,12.7,459.1,11:57:30,30.0,BASELINE_HISTORICAL_CALIBRATION,407.5,13.5
OBS_000627,11:58:00,18780.0,12017,ROUTE_NDLS_DDN_01,SYNTHETIC_SIMULATOR,OK,29.427756,77.707779,122.892,23.75,6.6,23.75,0.0,36.3,110,25.0,287.27,SEC_MTC_MOZ,,MTC,MOZ,5.108,191.108,CRUISING,,,,,181.32,,,GREEN,HIGH,False,,False,,JRN_0001,1.0,0.0,1.0,0.4541,0.92,SEVERE,Predicted HIGH Congestion (Speed cap 25.0 km/h),25.0,12.3,458.7,11:58:00,30.0,BASELINE_HISTORICAL_CALIBRATION,407.0,13.0
OBS_000628,11:58:30,18810.0,12017,ROUTE_NDLS_DDN_01,SYNTHETIC_SIMULATOR,OK,29.429497,77.707807,123.09,23.75,6.6,23.75,0.0,36.3,110,25.0,281.86,SEC_MTC_MOZ,,MTC,MOZ,4.91,190.91,CRUISING,,,,,181.61,,,GREEN,HIGH,False,,False,,JRN_0001,1.0,0.0,1.0,0.4541,0.92,SEVERE,Predicted HIGH Congestion (Speed cap 25.0 km/h),25.0,11.8,458.2,11:58:30,30.0,BASELINE_HISTORICAL_CALIBRATION,406.5,12.5
OBS_000629,11:59:00,18840.0,12017,ROUTE_NDLS_DDN_01,SYNTHETIC_SIMULATOR,OK,29.431238,77.707835,123.288,23.75,6.6,23.75,0.0,36.3,110,25.0,276.35,SEC_MTC_MOZ,,MTC,MOZ,4.712,190.712,CRUISING,,,,,181.89,,,GREEN,HIGH,False,,False,,JRN_0001,1.0,0.0,1.0,0.4541,0.92,SEVERE,Predicted HIGH Congestion (Speed cap 25.0 km/h),25.0,11.3,457.7,11:59:00,30.0,BASELINE_HISTORICAL_CALIBRATION,406.0,12.0
OBS_000630,11:59:30,18870.0,12017,ROUTE_NDLS_DDN_01,SYNTHETIC_SIMULATOR,OK,29.43298,77.707863,123.485,23.75,6.6,23.75,0.0,36.3,110,25.0,270.72,SEC_MTC_MOZ,,MTC,MOZ,4.515,190.515,CRUISING,,,,,182.18,,,GREEN,HIGH,False,,False,,JRN_0001,1.0,0.0,1.0,0.4541,0.92,SEVERE,Predicted HIGH Congestion (Speed cap 25.0 km/h),25.0,10.8,457.2,11:59:30,30.0,BASELINE_HISTORICAL_CALIBRATION,405.5,11.5
OBS_000631,12:00:00,18900.0,12017,ROUTE_NDLS_DDN_01,SYNTHETIC_SIMULATOR,OK,29.434721,77.707891,123.683,23.75,6.6,23.75,0.0,36.3,110,25.0,264.97,SEC_MTC_MOZ,,MTC,MOZ,4.317,190.317,CRUISING,,,,,182.47,,,GREEN,HIGH,False,,False,,JRN_0001,1.0,0.0,1.0,0.4541,1.0,SEVERE,Predicted HIGH Congestion (Speed cap 25.0 km/h),25.0,10.4,456.8,12:00:00,30.0,BASELINE_HISTORICAL_CALIBRATION,405.0,11.0
OBS_000632,12:00:30,18930.0,12017,ROUTE_NDLS_DDN_01,SYNTHETIC_SIMULATOR,OK,29.436462,77.707919,123.881,23.75,6.6,23.75,0.0,36.3,110,25.0,259.1,SEC_MTC_MOZ,,MTC,MOZ,4.119,190.119,CRUISING,,,,,182.76,,,GREEN,HIGH,False,,False,,JRN_0001,1.0,0.0,1.0,0.4541,1.0,SEVERE,Predicted HIGH Congestion (Speed cap 25.0 km/h),25.0,9.9,456.3,12:00:30,30.0,BASELINE_HISTORICAL_CALIBRATION,404.5,10.5
OBS_000633,12:01:00,18960.0,12017,ROUTE_NDLS_DDN_01,SYNTHETIC_SIMULATOR,OK,29.438204,77.707947,124.079,23.75,6.6,23.75,0.0,36.3,110,25.0,253.09,SEC_MTC_MOZ,,MTC,MOZ,3.921,189.921,CRUISING,,,,,183.04,,,GREEN,HIGH,False,,False,,JRN_0001,1.0,0.0,1.0,0.4541,1.0,SEVERE,Predicted HIGH Congestion (Speed cap 25.0 km/h),25.0,9.4,455.8,12:01:00,30.0,BASELINE_HISTORICAL_CALIBRATION,404.0,10.0
OBS_000634,12:01:30,18990.0,12017,ROUTE_NDLS_DDN_01,SYNTHETIC_SIMULATOR,OK,29.439945,77.707975,124.277,23.75,6.6,23.75,0.0,36.3,110,25.0,246.93,SEC_MTC_MOZ,,MTC,MOZ,3.723,189.723,CRUISING,,,,,183.33,,,GREEN,HIGH,False,,False,,JRN_0001,1.0,0.0,1.0,0.4541,1.0,SEVERE,Predicted HIGH Congestion (Speed cap 25.0 km/h),25.0,8.9,455.3,12:01:30,30.0,BASELINE_HISTORICAL_CALIBRATION,403.5,9.5
OBS_000635,12:02:00,19020.0,12017,ROUTE_NDLS_DDN_01,SYNTHETIC_SIMULATOR,OK,29.441686,77.708003,124.475,23.75,6.6,23.75,0.0,36.3,110,25.0,240.62,SEC_MTC_MOZ,,MTC,MOZ,3.525,189.525,CRUISING,,,,,183.62,,,GREEN,HIGH,False,,False,,JRN_0001,1.0,0.0,1.0,0.4541,1.0,SEVERE,Predicted HIGH Congestion (Speed cap 25.0 km/h),25.0,8.5,454.9,12:02:00,30.0,BASELINE_HISTORICAL_CALIBRATION,403.0,9.0
OBS_000636,12:02:30,19050.0,12017,ROUTE_NDLS_DDN_01,SYNTHETIC_SIMULATOR,OK,29.443428,77.708031,124.673,23.75,6.6,23.75,0.0,36.3,110,25.0,234.14,SEC_MTC_MOZ,,MTC,MOZ,3.327,189.327,CRUISING,,,,,183.91,,,GREEN,HIGH,False,,False,,JRN_0001,1.0,0.0,1.0,0.4541,1.0,SEVERE,Predicted HIGH Congestion (Speed cap 25.0 km/h),25.0,8.0,454.4,12:02:30,30.0,BASELINE_HISTORICAL_CALIBRATION,402.5,8.5
OBS_000637,12:03:00,19080.0,12017,ROUTE_NDLS_DDN_01,SYNTHETIC_SIMULATOR,OK,29.445169,77.708059,124.871,23.75,6.6,23.75,0.0,36.3,110,25.0,227.47,SEC_MTC_MOZ,,MTC,MOZ,3.129,189.129,CRUISING,,,,,184.19,,,GREEN,HIGH,False,,False,,JRN_0001,1.0,0.0,1.0,0.4541,1.0,SEVERE,Predicted HIGH Congestion (Speed cap 25.0 km/h),25.0,7.5,453.9,12:03:00,30.0,BASELINE_HISTORICAL_CALIBRATION,402.0,8.0
OBS_000638,12:03:30,19110.0,12017,ROUTE_NDLS_DDN_01,SYNTHETIC_SIMULATOR,OK,29.44691,77.708086,125.069,23.75,6.6,23.75,0.0,36.3,110,25.0,220.6,SEC_MTC_MOZ,,MTC,MOZ,2.931,188.931,CRUISING,,,,,184.48,,,GREEN,HIGH,False,,False,,JRN_0001,1.0,0.0,1.0,0.4541,1.0,SEVERE,Predicted HIGH Congestion (Speed cap 25.0 km/h),25.0,7.0,453.4,12:03:30,30.0,BASELINE_HISTORICAL_CALIBRATION,401.5,7.5
OBS_000639,12:04:00,19140.0,12017,ROUTE_NDLS_DDN_01,SYNTHETIC_SIMULATOR,OK,29.448652,77.708114,125.267,23.75,6.6,23.75,0.0,36.3,110,25.0,213.51,SEC_MTC_MOZ,,MTC,MOZ,2.733,188.733,CRUISING,,,,,184.77,,,GREEN,HIGH,False,,False,,JRN_0001,1.0,0.0,1.0,0.4541,1.0,SEVERE,Predicted HIGH Congestion (Speed cap 25.0 km/h),25.0,6.6,453.0,12:04:00,30.0,BASELINE_HISTORICAL_CALIBRATION,401.0,7.0
OBS_000640,12:04:30,19170.0,12017,ROUTE_NDLS_DDN_01,SYNTHETIC_SIMULATOR,OK,29.450393,77.708142,125.465,23.75,6.6,23.75,0.0,36.3,110,25.0,206.18,SEC_MTC_MOZ,,MTC,MOZ,2.535,188.535,CRUISING,,,,,185.06,,,GREEN,HIGH,False,,False,,JRN_0001,1.0,0.0,1.0,0.4541,1.0,SEVERE,Predicted HIGH Congestion (Speed cap 25.0 km/h),25.0,6.1,452.5,12:04:30,30.0,BASELINE_HISTORICAL_CALIBRATION,400.5,6.5
OBS_000641,12:05:00,19200.0,12017,ROUTE_NDLS_DDN_01,SYNTHETIC_SIMULATOR,OK,29.452134,77.70817,125.663,23.75,6.6,23.75,0.0,36.3,110,25.0,198.57,SEC_MTC_MOZ,,MTC,MOZ,2.337,188.337,CRUISING,,,,,185.35,,,GREEN,HIGH,False,,False,,JRN_0001,1.0,0.0,1.0,0.4541,1.0,SEVERE,Predicted HIGH Congestion (Speed cap 25.0 km/h),25.0,5.6,452.0,12:05:00,30.0,BASELINE_HISTORICAL_CALIBRATION,400.0,6.0
OBS_000642,12:05:30,19230.0,12017,ROUTE_NDLS_DDN_01,SYNTHETIC_SIMULATOR,OK,29.453875,77.708198,125.86,23.75,6.6,23.75,0.0,36.3,110,25.0,190.66,SEC_MTC_MOZ,,MTC,MOZ,2.14,188.14,CRUISING,,,,,185.63,,,GREEN,HIGH,False,,False,,JRN_0001,1.0,0.0,1.0,0.4541,1.0,SEVERE,Predicted HIGH Congestion (Speed cap 25.0 km/h),25.0,5.1,451.5,12:05:30,30.0,BASELINE_HISTORICAL_CALIBRATION,399.5,5.5
OBS_000643,12:06:00,19260.0,12017,ROUTE_NDLS_DDN_01,SYNTHETIC_SIMULATOR,OK,29.455617,77.708226,126.058,23.75,6.6,23.75,0.0,36.3,110,25.0,182.41,SEC_MTC_MOZ,,MTC,MOZ,1.942,187.942,CRUISING,,,,,185.92,,,GREEN,HIGH,False,,False,,JRN_0001,1.0,0.0,1.0,0.4541,1.0,SEVERE,Predicted HIGH Congestion (Speed cap 25.0 km/h),25.0,4.7,451.1,12:06:00,30.0,BASELINE_HISTORICAL_CALIBRATION,399.0,5.0
OBS_000644,12:06:30,19290.0,12017,ROUTE_NDLS_DDN_01,SYNTHETIC_SIMULATOR,OK,29.457358,77.708254,126.256,23.75,6.6,23.75,0.0,36.3,110,25.0,173.77,SEC_MTC_MOZ,,MTC,MOZ,1.744,187.744,CRUISING,,,,,186.21,,,GREEN,HIGH,False,,False,,JRN_0001,1.0,0.0,1.0,0.4541,1.0,SEVERE,Predicted HIGH Congestion (Speed cap 25.0 km/h),25.0,4.2,450.6,12:06:30,30.0,BASELINE_HISTORICAL_CALIBRATION,398.5,4.5
OBS_000645,12:07:00,19320.0,12017,ROUTE_NDLS_DDN_01,SYNTHETIC_SIMULATOR,OK,29.459099,77.708282,126.454,23.75,6.6,23.75,0.0,36.3,110,25.0,164.68,SEC_MTC_MOZ,,MTC,MOZ,1.546,187.546,CRUISING,,,,,186.5,,,GREEN,HIGH,False,,False,,JRN_0001,1.0,0.0,1.0,0.4541,1.0,SEVERE,Predicted HIGH Congestion (Speed cap 25.0 km/h),25.0,3.7,450.1,12:07:00,30.0,BASELINE_HISTORICAL_CALIBRATION,398.0,4.0
OBS_000646,12:07:30,19350.0,12017,ROUTE_NDLS_DDN_01,SYNTHETIC_SIMULATOR,OK,29.460841,77.70831,126.652,23.75,6.6,23.75,0.0,36.3,110,25.0,155.05,SEC_MTC_MOZ,,MTC,MOZ,1.348,187.348,CRUISING,,,,,186.78,,,GREEN,HIGH,False,,False,,JRN_0001,1.0,0.0,1.0,0.4541,1.0,SEVERE,Predicted HIGH Congestion (Speed cap 25.0 km/h),25.0,3.2,449.6,12:07:30,30.0,BASELINE_HISTORICAL_CALIBRATION,397.5,3.5
OBS_000647,12:08:00,19380.0,12017,ROUTE_NDLS_DDN_01,SYNTHETIC_SIMULATOR,OK,29.462582,77.708338,126.85,23.75,6.6,23.75,0.0,36.3,110,25.0,144.79,SEC_MTC_MOZ,,MTC,MOZ,1.15,187.15,CRUISING,,,,,187.07,,,GREEN,HIGH,False,,False,,JRN_0001,1.0,0.0,1.0,0.4541,1.0,SEVERE,Predicted HIGH Congestion (Speed cap 25.0 km/h),25.0,2.8,449.2,12:08:00,30.0,BASELINE_HISTORICAL_CALIBRATION,397.0,3.0
OBS_000648,12:08:30,19410.0,12017,ROUTE_NDLS_DDN_01,SYNTHETIC_SIMULATOR,OK,29.464323,77.708366,127.048,23.75,6.6,23.75,0.0,36.3,110,25.0,133.73,SEC_MTC_MOZ,,MTC,MOZ,0.952,186.952,CRUISING,,,,,187.36,,,GREEN,HIGH,False,,False,,JRN_0001,1.0,0.0,1.0,0.4541,1.0,SEVERE,Predicted HIGH Congestion (Speed cap 25.0 km/h),25.0,2.3,448.7,12:08:30,30.0,BASELINE_HISTORICAL_CALIBRATION,396.5,2.5
OBS_000649,12:09:00,19440.0,12017,ROUTE_NDLS_DDN_01,SYNTHETIC_SIMULATOR,OK,29.466065,77.708394,127.246,23.75,6.6,23.75,0.0,36.3,110,25.0,121.68,SEC_MTC_MOZ,,MTC,MOZ,0.754,186.754,CRUISING,,,,,187.65,,,GREEN,HIGH,False,,False,,JRN_0001,1.0,0.0,1.0,0.4541,1.0,SEVERE,Predicted HIGH Congestion (Speed cap 25.0 km/h),25.0,1.8,448.2,12:09:00,30.0,BASELINE_HISTORICAL_CALIBRATION,396.0,2.0
OBS_000650,12:09:30,19470.0,12017,ROUTE_NDLS_DDN_01,SYNTHETIC_SIMULATOR,OK,29.467806,77.708422,127.444,23.75,6.6,23.75,0.0,36.3,110,25.0,108.3,SEC_MTC_MOZ,,MTC,MOZ,0.556,186.556,CRUISING,,,,,187.93,,,GREEN,HIGH,False,,False,,JRN_0001,1.0,0.0,1.0,0.4541,1.0,SEVERE,Predicted HIGH Congestion (Speed cap 25.0 km/h),25.0,1.3,447.7,12:09:30,30.0,BASELINE_HISTORICAL_CALIBRATION,395.5,1.5
OBS_000651,12:10:00,19500.0,12017,ROUTE_NDLS_DDN_01,SYNTHETIC_SIMULATOR,OK,29.469547,77.708449,127.642,23.75,6.6,23.75,0.0,36.3,110,25.0,93.01,SEC_MTC_MOZ,,MTC,MOZ,0.358,186.358,CRUISING,,,,,188.22,,,GREEN,HIGH,False,,False,,JRN_0001,1.0,0.0,1.0,0.4541,1.0,SEVERE,Predicted HIGH Congestion (Speed cap 25.0 km/h),25.0,0.9,447.3,12:10:00,30.0,BASELINE_HISTORICAL_CALIBRATION,395.0,1.0
OBS_000652,12:10:30,19530.0,12017,ROUTE_NDLS_DDN_01,SYNTHETIC_SIMULATOR,OK,29.471289,77.708477,127.84,23.75,6.6,23.75,0.0,36.3,110,25.0,74.65,SEC_MTC_MOZ,,MTC,MOZ,0.16,186.16,CRUISING,,,,,188.51,,,GREEN,HIGH,False,,False,,JRN_0001,1.0,0.0,1.0,0.4541,1.0,SEVERE,Predicted HIGH Congestion (Speed cap 25.0 km/h),25.0,0.4,446.8,12:10:30,30.0,BASELINE_HISTORICAL_CALIBRATION,394.5,0.5
OBS_000653,12:11:00,19560.0,12017,ROUTE_NDLS_DDN_01,SYNTHETIC_SIMULATOR,OK,29.4727,77.7085,128.0,0.0,0.0,23.75,0.0,0.0,110,25.0,49.95,SEC_MTC_MOZ,MOZ,MOZ,SRE,59.0,186.0,DWELLING,ARRIVED,12:11:00,,,188.8,,,GREEN,HIGH,False,,False,,JRN_0001,1.0,0.0,1.0,0.4541,1.0,SEVERE,Predicted HIGH Congestion (Speed cap 25.0 km/h),25.0,141.6,446.4,12:11:00,30.0,BASELINE_HISTORICAL_CALIBRATION,394.0,150.0
OBS_000654,12:11:30,19590.0,12017,ROUTE_NDLS_DDN_01,SYNTHETIC_SIMULATOR,OK,29.4727,77.7085,128.0,0.0,0.0,0.0,0.0,0.0,100,25.0,0.0,SEC_MOZ_SRE,MOZ,MOZ,SRE,59.0,186.0,DWELLING,,,,,189.12,,,GREEN,HIGH,False,,False,,JRN_0001,1.0,0.0,1.0,0.4541,1.0,SEVERE,Predicted HIGH Congestion (Speed cap 25.0 km/h),25.0,141.6,446.4,12:11:30,30.0,BASELINE_HISTORICAL_CALIBRATION,393.5,149.5
OBS_000655,12:12:00,19620.0,12017,ROUTE_NDLS_DDN_01,SYNTHETIC_SIMULATOR,OK,29.4727,77.7085,128.0,0.0,0.0,0.0,0.0,0.0,100,25.0,0.0,SEC_MOZ_SRE,MOZ,MOZ,SRE,59.0,186.0,DWELLING,,,,,189.62,,,GREEN,HIGH,False,,False,,JRN_0001,1.0,0.0,1.0,0.4541,1.0,SEVERE,Predicted HIGH Congestion (Speed cap 25.0 km/h),25.0,141.6,446.4,12:12:00,30.0,BASELINE_HISTORICAL_CALIBRATION,393.0,149.0
OBS_000656,12:12:30,19650.0,12017,ROUTE_NDLS_DDN_01,SYNTHETIC_SIMULATOR,OK,29.4727,77.7085,128.0,0.0,0.0,0.0,0.0,0.0,100,25.0,0.0,SEC_MOZ_SRE,MOZ,MOZ,SRE,59.0,186.0,DWELLING,,,,,190.12,,,GREEN,HIGH,False,,False,,JRN_0001,1.0,0.0,1.0,0.4541,1.0,SEVERE,Predicted HIGH Congestion (Speed cap 25.0 km/h),25.0,141.6,446.4,12:12:30,30.0,BASELINE_HISTORICAL_CALIBRATION,392.5,148.5
OBS_000657,12:13:00,19680.0,12017,ROUTE_NDLS_DDN_01,SYNTHETIC_SIMULATOR,OK,29.4727,77.7085,128.423,23.75,6.6,23.75,0.5,36.3,100,25.0,957.9,SEC_MOZ_SRE,MOZ,MOZ,SRE,58.577,185.577,ACCELERATING,DEPARTED,,12:13:00,2,190.62,,,GREEN,HIGH,False,,False,,JRN_0001,1.0,0.0,1.0,0.4541,1.0,SEVERE,Predicted HIGH Congestion (Speed cap 25.0 km/h),25.0,140.6,445.4,12:13:00,30.0,BASELINE_HISTORICAL_CALIBRATION,392.0,148.0
OBS_000658,12:13:30,19710.0,12017,ROUTE_NDLS_DDN_01,SYNTHETIC_SIMULATOR,OK,29.47787,77.70679,128.621,23.75,6.6,23.75,0.0,36.3,100,25.0,954.46,SEC_MOZ_SRE,,MOZ,SRE,58.379,185.379,CRUISING,,,,,190.67,,,GREEN,HIGH,False,,False,,JRN_0001,1.0,0.0,1.0,0.4541,1.0,SEVERE,Predicted HIGH Congestion (Speed cap 25.0 km/h),25.0,140.1,444.9,12:13:30,30.0,BASELINE_HISTORICAL_CALIBRATION,391.5,147.5
OBS_000659,12:14:00,19740.0,12017,ROUTE_NDLS_DDN_01,SYNTHETIC_SIMULATOR,OK,29.479518,77.706245,128.819,23.75,6.6,23.75,0.0,36.3,100,25.0,952.84,SEC_MOZ_SRE,,MOZ,SRE,58.181,185.181,CRUISING,,,,,190.96,,,GREEN,HIGH,False,,False,,JRN_0001,1.0,0.0,1.0,0.4541,1.0,SEVERE,Predicted HIGH Congestion (Speed cap 25.0 km/h),25.0,139.6,444.4,12:14:00,30.0,BASELINE_HISTORICAL_CALIBRATION,391.0,147.0
OBS_000660,12:14:30,19770.0,12017,ROUTE_NDLS_DDN_01,SYNTHETIC_SIMULATOR,OK,29.481166,77.7057,129.017,23.75,6.6,23.75,0.0,36.3,100,25.0,951.23,SEC_MOZ_SRE,,MOZ,SRE,57.983,184.983,CRUISING,,,,,191.25,,,GREEN,HIGH,False,,False,,JRN_0001,1.0,0.0,1.0,0.4541,1.0,SEVERE,Predicted HIGH Congestion (Speed cap 25.0 km/h),25.0,139.2,444.0,12:14:30,30.0,BASELINE_HISTORICAL_CALIBRATION,390.5,146.5
OBS_000661,12:15:00,19800.0,12017,ROUTE_NDLS_DDN_01,SYNTHETIC_SIMULATOR,OK,29.482814,77.705155,129.215,23.75,6.6,23.75,0.0,36.3,100,25.0,949.61,SEC_MOZ_SRE,,MOZ,SRE,57.785,184.785,CRUISING,,,,,191.53,,,GREEN,HIGH,False,,False,,JRN_0001,1.0,0.0,1.0,0.4541,1.0,SEVERE,Predicted HIGH Congestion (Speed cap 25.0 km/h),25.0,138.7,443.5,12:15:00,30.0,BASELINE_HISTORICAL_CALIBRATION,390.0,146.0
OBS_000662,12:15:30,19830.0,12017,ROUTE_NDLS_DDN_01,SYNTHETIC_SIMULATOR,OK,29.484462,77.70461,129.413,23.75,6.6,23.75,0.0,36.3,100,25.0,947.99,SEC_MOZ_SRE,,MOZ,SRE,57.587,184.587,CRUISING,,,,,191.82,,,GREEN,HIGH,False,,False,,JRN_0001,1.0,0.0,1.0,0.4541,1.0,SEVERE,Predicted HIGH Congestion (Speed cap 25.0 km/h),25.0,138.2,443.0,12:15:30,30.0,BASELINE_HISTORICAL_CALIBRATION,389.5,145.5
OBS_000663,12:16:00,19860.0,12017,ROUTE_NDLS_DDN_01,SYNTHETIC_SIMULATOR,OK,29.48611,77.704065,129.61,23.75,6.6,23.75,0.0,36.3,100,25.0,946.36,SEC_MOZ_SRE,,MOZ,SRE,57.39,184.39,CRUISING,,,,,192.11,,,GREEN,HIGH,False,,False,,JRN_0001,1.0,0.0,1.0,0.4541,1.0,SEVERE,Predicted HIGH Congestion (Speed cap 25.0 km/h),25.0,137.7,442.5,12:16:00,30.0,BASELINE_HISTORICAL_CALIBRATION,389.0,145.0
OBS_000664,12:16:30,19890.0,12017,ROUTE_NDLS_DDN_01,SYNTHETIC_SIMULATOR,OK,29.487758,77.703519,129.808,23.75,6.6,23.75,0.0,36.3,100,25.0,944.73,SEC_MOZ_SRE,,MOZ,SRE,57.192,184.192,CRUISING,,,,,192.4,,,GREEN,HIGH,False,,False,,JRN_0001,1.0,0.0,1.0,0.4541,1.0,SEVERE,Predicted HIGH Congestion (Speed cap 25.0 km/h),25.0,137.3,442.1,12:16:30,30.0,BASELINE_HISTORICAL_CALIBRATION,388.5,144.5
OBS_000665,12:17:00,19920.0,12017,ROUTE_NDLS_DDN_01,SYNTHETIC_SIMULATOR,OK,29.489406,77.702974,130.006,23.75,6.6,23.75,0.0,36.3,100,25.0,943.1,SEC_MOZ_SRE,,MOZ,SRE,56.994,183.994,CRUISING,,,,,192.68,,,GREEN,HIGH,False,,False,,JRN_0001,1.0,0.0,1.0,0.4541,1.0,SEVERE,Predicted HIGH Congestion (Speed cap 25.0 km/h),25.0,136.8,441.6,12:17:00,30.0,BASELINE_HISTORICAL_CALIBRATION,388.0,144.0
OBS_000666,12:17:30,19950.0,12017,ROUTE_NDLS_DDN_01,SYNTHETIC_SIMULATOR,OK,29.491054,77.702429,130.204,23.75,6.6,23.75,0.0,36.3,100,25.0,941.47,SEC_MOZ_SRE,,MOZ,SRE,56.796,183.796,CRUISING,,,,,192.97,,,GREEN,HIGH,False,,False,,JRN_0001,1.0,0.0,1.0,0.4541,1.0,SEVERE,Predicted HIGH Congestion (Speed cap 25.0 km/h),25.0,136.3,441.1,12:17:30,30.0,BASELINE_HISTORICAL_CALIBRATION,387.5,143.5
OBS_000667,12:18:00,19980.0,12017,ROUTE_NDLS_DDN_01,SYNTHETIC_SIMULATOR,OK,29.492702,77.701884,130.402,23.75,6.6,23.75,0.0,36.3,100,25.0,939.83,SEC_MOZ_SRE,,MOZ,SRE,56.598,183.598,CRUISING,,,,,193.26,,,GREEN,HIGH,False,,False,,JRN_0001,1.0,0.0,1.0,0.4541,1.0,SEVERE,Predicted HIGH Congestion (Speed cap 25.0 km/h),25.0,135.8,440.6,12:18:00,30.0,BASELINE_HISTORICAL_CALIBRATION,387.0,143.0
OBS_000668,12:18:30,20010.0,12017,ROUTE_NDLS_DDN_01,SYNTHETIC_SIMULATOR,OK,29.494351,77.701339,130.6,23.75,6.6,23.75,0.0,36.3,100,25.0,938.2,SEC_MOZ_SRE,,MOZ,SRE,56.4,183.4,CRUISING,,,,,193.55,,,GREEN,HIGH,False,,False,,JRN_0001,1.0,0.0,1.0,0.4541,1.0,SEVERE,Predicted HIGH Congestion (Speed cap 25.0 km/h),25.0,135.4,440.2,12:18:30,30.0,BASELINE_HISTORICAL_CALIBRATION,386.5,142.5
OBS_000669,12:19:00,20040.0,12017,ROUTE_NDLS_DDN_01,SYNTHETIC_SIMULATOR,OK,29.495999,77.700794,130.798,23.75,6.6,23.75,0.0,36.3,100,25.0,936.55,SEC_MOZ_SRE,,MOZ,SRE,56.202,183.202,CRUISING,,,,,193.83,,,GREEN,HIGH,False,,False,,JRN_0001,1.0,0.0,1.0,0.4541,1.0,SEVERE,Predicted HIGH Congestion (Speed cap 25.0 km/h),25.0,134.9,439.7,12:19:00,30.0,BASELINE_HISTORICAL_CALIBRATION,386.0,142.0
OBS_000670,12:19:30,20070.0,12017,ROUTE_NDLS_DDN_01,SYNTHETIC_SIMULATOR,OK,29.497647,77.700249,130.996,23.75,6.6,23.75,0.0,36.3,100,25.0,934.91,SEC_MOZ_SRE,,MOZ,SRE,56.004,183.004,CRUISING,,,,,194.12,,,GREEN,HIGH,False,,False,,JRN_0001,1.0,0.0,1.0,0.4541,1.0,SEVERE,Predicted HIGH Congestion (Speed cap 25.0 km/h),25.0,134.4,439.2,12:19:30,30.0,BASELINE_HISTORICAL_CALIBRATION,385.5,141.5
OBS_000671,12:20:00,20100.0,12017,ROUTE_NDLS_DDN_01,SYNTHETIC_SIMULATOR,OK,29.499295,77.699704,131.194,23.75,6.6,23.75,0.0,36.3,100,25.0,933.26,SEC_MOZ_SRE,,MOZ,SRE,55.806,182.806,CRUISING,,,,,194.41,,,GREEN,HIGH,False,,False,,JRN_0001,1.0,0.0,1.0,0.4541,1.0,SEVERE,Predicted HIGH Congestion (Speed cap 25.0 km/h),25.0,133.9,438.7,12:20:00,30.0,BASELINE_HISTORICAL_CALIBRATION,385.0,141.0
OBS_000672,12:20:30,20130.0,12017,ROUTE_NDLS_DDN_01,SYNTHETIC_SIMULATOR,OK,29.500943,77.699159,131.392,23.75,6.6,23.75,0.0,36.3,100,25.0,931.61,SEC_MOZ_SRE,,MOZ,SRE,55.608,182.608,CRUISING,,,,,194.7,,,GREEN,HIGH,False,,False,,JRN_0001,1.0,0.0,1.0,0.4541,1.0,SEVERE,Predicted HIGH Congestion (Speed cap 25.0 km/h),25.0,133.5,438.3,12:20:30,30.0,BASELINE_HISTORICAL_CALIBRATION,384.5,140.5
OBS_000673,12:21:00,20160.0,12017,ROUTE_NDLS_DDN_01,SYNTHETIC_SIMULATOR,OK,29.502591,77.698613,131.59,23.75,6.6,23.75,0.0,36.3,100,25.0,929.96,SEC_MOZ_SRE,,MOZ,SRE,55.41,182.41,CRUISING,,,,,194.98,,,GREEN,HIGH,False,,False,,JRN_0001,1.0,0.0,1.0,0.4541,1.0,SEVERE,Predicted HIGH Congestion (Speed cap 25.0 km/h),25.0,133.0,437.8,12:21:00,30.0,BASELINE_HISTORICAL_CALIBRATION,384.0,140.0
OBS_000674,12:21:30,20190.0,12017,ROUTE_NDLS_DDN_01,SYNTHETIC_SIMULATOR,OK,29.504239,77.698068,131.788,23.75,6.6,23.75,0.0,36.3,100,25.0,928.3,SEC_MOZ_SRE,,MOZ,SRE,55.212,182.212,CRUISING,,,,,195.27,,,GREEN,HIGH,False,,False,,JRN_0001,1.0,0.0,1.0,0.4541,1.0,SEVERE,Predicted HIGH Congestion (Speed cap 25.0 km/h),25.0,132.5,437.3,12:21:30,30.0,BASELINE_HISTORICAL_CALIBRATION,383.5,139.5
OBS_000675,12:22:00,20220.0,12017,ROUTE_NDLS_DDN_01,SYNTHETIC_SIMULATOR,OK,29.505887,77.697523,131.985,23.75,6.6,23.75,0.0,36.3,100,25.0,926.64,SEC_MOZ_SRE,,MOZ,SRE,55.015,182.015,CRUISING,,,,,195.56,,,GREEN,HIGH,False,,False,,JRN_0001,1.0,0.0,1.0,0.4541,1.0,SEVERE,Predicted HIGH Congestion (Speed cap 25.0 km/h),25.0,132.0,436.8,12:22:00,30.0,BASELINE_HISTORICAL_CALIBRATION,383.0,139.0
OBS_000676,12:22:30,20250.0,12017,ROUTE_NDLS_DDN_01,SYNTHETIC_SIMULATOR,OK,29.507535,77.696978,132.183,23.75,6.6,23.75,0.0,36.3,100,25.0,924.98,SEC_MOZ_SRE,,MOZ,SRE,54.817,181.817,CRUISING,,,,,195.85,,,GREEN,HIGH,False,,False,,JRN_0001,1.0,0.0,1.0,0.4541,1.0,SEVERE,Predicted HIGH Congestion (Speed cap 25.0 km/h),25.0,131.6,436.4,12:22:30,30.0,BASELINE_HISTORICAL_CALIBRATION,382.5,138.5
OBS_000677,12:23:00,20280.0,12017,ROUTE_NDLS_DDN_01,SYNTHETIC_SIMULATOR,OK,29.509183,77.696433,132.381,23.75,6.6,23.75,0.0,36.3,100,25.0,923.31,SEC_MOZ_SRE,,MOZ,SRE,54.619,181.619,CRUISING,,,,,196.13,,,GREEN,HIGH,False,,False,,JRN_0001,1.0,0.0,1.0,0.4541,1.0,SEVERE,Predicted HIGH Congestion (Speed cap 25.0 km/h),25.0,131.1,435.9,12:23:00,30.0,BASELINE_HISTORICAL_CALIBRATION,382.0,138.0
OBS_000678,12:23:30,20310.0,12017,ROUTE_NDLS_DDN_01,SYNTHETIC_SIMULATOR,OK,29.510831,77.695888,132.579,23.75,6.6,23.75,0.0,36.3,100,25.0,921.65,SEC_MOZ_SRE,,MOZ,SRE,54.421,181.421,CRUISING,,,,,196.42,,,GREEN,HIGH,False,,False,,JRN_0001,1.0,0.0,1.0,0.4541,1.0,SEVERE,Predicted HIGH Congestion (Speed cap 25.0 km/h),25.0,130.6,435.4,12:23:30,30.0,BASELINE_HISTORICAL_CALIBRATION,381.5,137.5
OBS_000679,12:24:00,20340.0,12017,ROUTE_NDLS_DDN_01,SYNTHETIC_SIMULATOR,OK,29.512479,77.695343,132.777,23.75,6.6,23.75,0.0,36.3,100,25.0,919.97,SEC_MOZ_SRE,,MOZ,SRE,54.223,181.223,CRUISING,,,,,196.71,,,GREEN,HIGH,False,,False,,JRN_0001,1.0,0.0,1.0,0.4541,1.0,SEVERE,Predicted HIGH Congestion (Speed cap 25.0 km/h),25.0,130.1,434.9,12:24:00,30.0,BASELINE_HISTORICAL_CALIBRATION,381.0,137.0
OBS_000680,12:24:30,20370.0,12017,ROUTE_NDLS_DDN_01,SYNTHETIC_SIMULATOR,OK,29.514127,77.694798,132.975,23.75,6.6,23.75,0.0,36.3,100,25.0,918.3,SEC_MOZ_SRE,,MOZ,SRE,54.025,181.025,CRUISING,,,,,197.0,,,GREEN,HIGH,False,,False,,JRN_0001,1.0,0.0,1.0,0.4541,1.0,SEVERE,Predicted HIGH Congestion (Speed cap 25.0 km/h),25.0,129.7,434.5,12:24:30,30.0,BASELINE_HISTORICAL_CALIBRATION,380.5,136.5
OBS_000681,12:25:00,20400.0,12017,ROUTE_NDLS_DDN_01,SYNTHETIC_SIMULATOR,OK,29.515775,77.694253,133.173,23.75,6.6,23.75,0.0,36.3,100,25.0,916.62,SEC_MOZ_SRE,,MOZ,SRE,53.827,180.827,CRUISING,,,,,197.28,,,GREEN,HIGH,False,,False,,JRN_0001,1.0,0.0,1.0,0.4541,1.0,SEVERE,Predicted HIGH Congestion (Speed cap 25.0 km/h),25.0,129.2,434.0,12:25:00,30.0,BASELINE_HISTORICAL_CALIBRATION,380.0,136.0
OBS_000682,12:25:30,20430.0,12017,ROUTE_NDLS_DDN_01,SYNTHETIC_SIMULATOR,OK,29.517424,77.693707,133.371,23.75,6.6,23.75,0.0,36.3,100,25.0,914.94,SEC_MOZ_SRE,,MOZ,SRE,53.629,180.629,CRUISING,,,,,197.57,,,GREEN,HIGH,False,,False,,JRN_0001,1.0,0.0,1.0,0.4541,1.0,SEVERE,Predicted HIGH Congestion (Speed cap 25.0 km/h),25.0,128.7,433.5,12:25:30,30.0,BASELINE_HISTORICAL_CALIBRATION,379.5,135.5
OBS_000683,12:26:00,20460.0,12017,ROUTE_NDLS_DDN_01,SYNTHETIC_SIMULATOR,OK,29.519072,77.693162,133.569,23.75,6.6,23.75,0.0,36.3,100,25.0,913.26,SEC_MOZ_SRE,,MOZ,SRE,53.431,180.431,CRUISING,,,,,197.86,,,GREEN,HIGH,False,,False,,JRN_0001,1.0,0.0,1.0,0.4541,1.0,SEVERE,Predicted HIGH Congestion (Speed cap 25.0 km/h),25.0,128.2,433.0,12:26:00,30.0,BASELINE_HISTORICAL_CALIBRATION,379.0,135.0
OBS_000684,12:26:30,20490.0,12017,ROUTE_NDLS_DDN_01,SYNTHETIC_SIMULATOR,OK,29.52072,77.692617,133.767,23.75,6.6,23.75,0.0,36.3,100,25.0,911.57,SEC_MOZ_SRE,,MOZ,SRE,53.233,180.233,CRUISING,,,,,198.15,,,GREEN,HIGH,False,,False,,JRN_0001,1.0,0.0,1.0,0.4541,1.0,SEVERE,Predicted HIGH Congestion (Speed cap 25.0 km/h),25.0,127.8,432.6,12:26:30,30.0,BASELINE_HISTORICAL_CALIBRATION,378.5,134.5
OBS_000685,12:27:00,20520.0,12017,ROUTE_NDLS_DDN_01,SYNTHETIC_SIMULATOR,OK,29.522368,77.692072,133.965,23.75,6.6,23.75,0.0,36.3,100,25.0,909.88,SEC_MOZ_SRE,,MOZ,SRE,53.035,180.035,CRUISING,,,,,198.44,,,GREEN,HIGH,False,,False,,JRN_0001,1.0,0.0,1.0,0.4541,1.0,SEVERE,Predicted HIGH Congestion (Speed cap 25.0 km/h),25.0,127.3,432.1,12:27:00,30.0,BASELINE_HISTORICAL_CALIBRATION,378.0,134.0
OBS_000686,12:27:30,20550.0,12017,ROUTE_NDLS_DDN_01,SYNTHETIC_SIMULATOR,OK,29.524016,77.691527,134.162,23.75,6.6,23.75,0.0,36.3,100,25.0,908.19,SEC_MOZ_SRE,,MOZ,SRE,52.838,179.838,CRUISING,,,,,198.72,,,GREEN,HIGH,False,,False,,JRN_0001,1.0,0.0,1.0,0.4541,1.0,SEVERE,Predicted HIGH Congestion (Speed cap 25.0 km/h),25.0,126.8,431.6,12:27:30,30.0,BASELINE_HISTORICAL_CALIBRATION,377.5,133.5
OBS_000687,12:28:00,20580.0,12017,ROUTE_NDLS_DDN_01,SYNTHETIC_SIMULATOR,OK,29.525664,77.690982,134.36,23.75,6.6,23.75,0.0,36.3,100,25.0,906.49,SEC_MOZ_SRE,,MOZ,SRE,52.64,179.64,CRUISING,,,,,199.01,,,GREEN,HIGH,False,,False,,JRN_0001,1.0,0.0,1.0,0.4541,1.0,SEVERE,Predicted HIGH Congestion (Speed cap 25.0 km/h),25.0,126.3,431.1,12:28:00,30.0,BASELINE_HISTORICAL_CALIBRATION,377.0,133.0
OBS_000688,12:28:30,20610.0,12017,ROUTE_NDLS_DDN_01,SYNTHETIC_SIMULATOR,OK,29.527312,77.690437,134.558,23.75,6.6,23.75,0.0,36.3,100,25.0,904.79,SEC_MOZ_SRE,,MOZ,SRE,52.442,179.442,CRUISING,,,,,199.3,,,GREEN,HIGH,False,,False,,JRN_0001,1.0,0.0,1.0,0.4541,1.0,SEVERE,Predicted HIGH Congestion (Speed cap 25.0 km/h),25.0,125.9,430.7,12:28:30,30.0,BASELINE_HISTORICAL_CALIBRATION,376.5,132.5
OBS_000689,12:29:00,20640.0,12017,ROUTE_NDLS_DDN_01,SYNTHETIC_SIMULATOR,OK,29.52896,77.689892,134.756,23.75,6.6,23.75,0.0,36.3,100,25.0,903.09,SEC_MOZ_SRE,,MOZ,SRE,52.244,179.244,CRUISING,,,,,199.59,,,GREEN,HIGH,False,,False,,JRN_0001,1.0,0.0,1.0,0.4541,1.0,SEVERE,Predicted HIGH Congestion (Speed cap 25.0 km/h),25.0,125.4,430.2,12:29:00,30.0,BASELINE_HISTORICAL_CALIBRATION,376.0,132.0
OBS_000690,12:29:30,20670.0,12017,ROUTE_NDLS_DDN_01,SYNTHETIC_SIMULATOR,OK,29.530608,77.689347,134.954,23.75,6.6,23.75,0.0,36.3,100,25.0,901.38,SEC_MOZ_SRE,,MOZ,SRE,52.046,179.046,CRUISING,,,,,199.87,,,GREEN,HIGH,False,,False,,JRN_0001,1.0,0.0,1.0,0.4541,1.0,SEVERE,Predicted HIGH Congestion (Speed cap 25.0 km/h),25.0,124.9,429.7,12:29:30,30.0,BASELINE_HISTORICAL_CALIBRATION,375.5,131.5
OBS_000691,12:30:00,20700.0,12017,ROUTE_NDLS_DDN_01,SYNTHETIC_SIMULATOR,OK,29.532256,77.688801,135.152,23.75,6.6,23.75,0.0,36.3,100,25.0,899.68,SEC_MOZ_SRE,,MOZ,SRE,51.848,178.848,CRUISING,,,,,200.16,,,GREEN,HIGH,False,,False,,JRN_0001,1.0,0.0,1.0,0.4541,1.0,SEVERE,Predicted HIGH Congestion (Speed cap 25.0 km/h),25.0,124.4,429.2,12:30:00,30.0,BASELINE_HISTORICAL_CALIBRATION,375.0,131.0
OBS_000692,12:30:30,20730.0,12017,ROUTE_NDLS_DDN_01,SYNTHETIC_SIMULATOR,OK,29.533904,77.688256,135.35,23.75,6.6,23.75,0.0,36.3,100,25.0,897.96,SEC_MOZ_SRE,,MOZ,SRE,51.65,178.65,CRUISING,,,,,200.45,,,GREEN,HIGH,False,,False,,JRN_0001,1.0,0.0,1.0,0.4541,1.0,SEVERE,Predicted HIGH Congestion (Speed cap 25.0 km/h),25.0,124.0,428.8,12:30:30,30.0,BASELINE_HISTORICAL_CALIBRATION,374.5,130.5
OBS_000693,12:31:00,20760.0,12017,ROUTE_NDLS_DDN_01,SYNTHETIC_SIMULATOR,OK,29.535552,77.687711,135.548,23.75,6.6,23.75,0.0,36.3,100,25.0,896.25,SEC_MOZ_SRE,,MOZ,SRE,51.452,178.452,CRUISING,,,,,200.74,,,GREEN,HIGH,False,,False,,JRN_0001,1.0,0.0,1.0,0.4541,1.0,SEVERE,Predicted HIGH Congestion (Speed cap 25.0 km/h),25.0,123.5,428.3,12:31:00,30.0,BASELINE_HISTORICAL_CALIBRATION,374.0,130.0
OBS_000694,12:31:30,20790.0,12017,ROUTE_NDLS_DDN_01,SYNTHETIC_SIMULATOR,OK,29.5372,77.687166,135.746,23.75,6.6,23.75,0.0,36.3,100,25.0,894.53,SEC_MOZ_SRE,,MOZ,SRE,51.254,178.254,CRUISING,,,,,201.02,,,GREEN,HIGH,False,,False,,JRN_0001,1.0,0.0,1.0,0.4541,1.0,SEVERE,Predicted HIGH Congestion (Speed cap 25.0 km/h),25.0,123.0,427.8,12:31:30,30.0,BASELINE_HISTORICAL_CALIBRATION,373.5,129.5
OBS_000695,12:32:00,20820.0,12017,ROUTE_NDLS_DDN_01,SYNTHETIC_SIMULATOR,OK,29.538849,77.686621,135.944,23.75,6.6,23.75,0.0,36.3,100,25.0,892.81,SEC_MOZ_SRE,,MOZ,SRE,51.056,178.056,CRUISING,,,,,201.31,,,GREEN,HIGH,False,,False,,JRN_0001,1.0,0.0,1.0,0.4541,1.0,SEVERE,Predicted HIGH Congestion (Speed cap 25.0 km/h),25.0,122.5,427.3,12:32:00,30.0,BASELINE_HISTORICAL_CALIBRATION,373.0,129.0
OBS_000696,12:32:30,20850.0,12017,ROUTE_NDLS_DDN_01,SYNTHETIC_SIMULATOR,OK,29.540497,77.686076,136.142,23.75,6.6,23.75,0.0,36.3,100,25.0,891.08,SEC_MOZ_SRE,,MOZ,SRE,50.858,177.858,CRUISING,,,,,201.6,,,GREEN,HIGH,False,,False,,JRN_0001,1.0,0.0,1.0,0.4541,1.0,SEVERE,Predicted HIGH Congestion (Speed cap 25.0 km/h),25.0,122.1,426.9,12:32:30,30.0,BASELINE_HISTORICAL_CALIBRATION,372.5,128.5
OBS_000697,12:33:00,20880.0,12017,ROUTE_NDLS_DDN_01,SYNTHETIC_SIMULATOR,OK,29.542145,77.685531,136.34,23.75,6.6,23.75,0.0,36.3,100,25.0,889.35,SEC_MOZ_SRE,,MOZ,SRE,50.66,177.66,CRUISING,,,,,201.89,,,GREEN,HIGH,False,,False,,JRN_0001,1.0,0.0,1.0,0.4541,1.0,SEVERE,Predicted HIGH Congestion (Speed cap 25.0 km/h),25.0,121.6,426.4,12:33:00,30.0,BASELINE_HISTORICAL_CALIBRATION,372.0,128.0
OBS_000698,12:33:30,20910.0,12017,ROUTE_NDLS_DDN_01,SYNTHETIC_SIMULATOR,OK,29.543793,77.684986,136.537,23.75,6.6,23.75,0.0,36.3,100,25.0,887.62,SEC_MOZ_SRE,,MOZ,SRE,50.463,177.463,CRUISING,,,,,202.17,,,GREEN,HIGH,False,,False,,JRN_0001,1.0,0.0,1.0,0.4541,1.0,SEVERE,Predicted HIGH Congestion (Speed cap 25.0 km/h),25.0,121.1,425.9,12:33:30,30.0,BASELINE_HISTORICAL_CALIBRATION,371.5,127.5
OBS_000699,12:34:00,20940.0,12017,ROUTE_NDLS_DDN_01,SYNTHETIC_SIMULATOR,OK,29.545441,77.684441,136.735,23.75,6.6,23.75,0.0,36.3,100,25.0,885.89,SEC_MOZ_SRE,,MOZ,SRE,50.265,177.265,CRUISING,,,,,202.46,,,GREEN,HIGH,False,,False,,JRN_0001,1.0,0.0,1.0,0.4541,1.0,SEVERE,Predicted HIGH Congestion (Speed cap 25.0 km/h),25.0,120.6,425.4,12:34:00,30.0,BASELINE_HISTORICAL_CALIBRATION,371.0,127.0
OBS_000700,12:34:30,20970.0,12017,ROUTE_NDLS_DDN_01,SYNTHETIC_SIMULATOR,OK,29.547089,77.683895,136.933,23.75,6.6,23.75,0.0,36.3,100,25.0,884.15,SEC_MOZ_SRE,,MOZ,SRE,50.067,177.067,CRUISING,,,,,202.75,,,GREEN,HIGH,False,,False,,JRN_0001,1.0,0.0,1.0,0.4541,1.0,SEVERE,Predicted HIGH Congestion (Speed cap 25.0 km/h),25.0,120.2,425.0,12:34:30,30.0,BASELINE_HISTORICAL_CALIBRATION,370.5,126.5
OBS_000701,12:35:00,21000.0,12017,ROUTE_NDLS_DDN_01,SYNTHETIC_SIMULATOR,OK,29.548737,77.68335,137.131,23.75,6.6,23.75,0.0,36.3,100,25.0,882.4,SEC_MOZ_SRE,,MOZ,SRE,49.869,176.869,CRUISING,,,,,203.04,,,GREEN,HIGH,False,,False,,JRN_0001,1.0,0.0,1.0,0.4541,1.0,SEVERE,Predicted HIGH Congestion (Speed cap 25.0 km/h),25.0,119.7,424.5,12:35:00,30.0,BASELINE_HISTORICAL_CALIBRATION,370.0,126.0
OBS_000702,12:35:30,21030.0,12017,ROUTE_NDLS_DDN_01,SYNTHETIC_SIMULATOR,OK,29.550385,77.682805,137.329,23.75,6.6,23.75,0.0,36.3,100,25.0,880.66,SEC_MOZ_SRE,,MOZ,SRE,49.671,176.671,CRUISING,,,,,203.32,,,GREEN,HIGH,False,,False,,JRN_0001,1.0,0.0,1.0,0.4541,1.0,SEVERE,Predicted HIGH Congestion (Speed cap 25.0 km/h),25.0,119.2,424.0,12:35:30,30.0,BASELINE_HISTORICAL_CALIBRATION,369.5,125.5
OBS_000703,12:36:00,21060.0,12017,ROUTE_NDLS_DDN_01,SYNTHETIC_SIMULATOR,OK,29.552033,77.68226,137.527,23.75,6.6,23.75,0.0,36.3,100,25.0,878.91,SEC_MOZ_SRE,,MOZ,SRE,49.473,176.473,CRUISING,,,,,203.61,,,GREEN,HIGH,False,,False,,JRN_0001,1.0,0.0,1.0,0.4541,1.0,SEVERE,Predicted HIGH Congestion (Speed cap 25.0 km/h),25.0,118.7,423.5,12:36:00,30.0,BASELINE_HISTORICAL_CALIBRATION,369.0,125.0
OBS_000704,12:36:30,21090.0,12017,ROUTE_NDLS_DDN_01,SYNTHETIC_SIMULATOR,OK,29.553681,77.681715,137.725,23.75,6.6,23.75,0.0,36.3,100,25.0,877.16,SEC_MOZ_SRE,,MOZ,SRE,49.275,176.275,CRUISING,,,,,203.9,,,GREEN,HIGH,False,,False,,JRN_0001,1.0,0.0,1.0,0.4541,1.0,SEVERE,Predicted HIGH Congestion (Speed cap 25.0 km/h),25.0,118.3,423.1,12:36:30,30.0,BASELINE_HISTORICAL_CALIBRATION,368.5,124.5
OBS_000705,12:37:00,21120.0,12017,ROUTE_NDLS_DDN_01,SYNTHETIC_SIMULATOR,OK,29.555329,77.68117,137.923,23.75,6.6,23.75,0.0,36.3,100,25.0,875.4,SEC_MOZ_SRE,,MOZ,SRE,49.077,176.077,CRUISING,,,,,204.19,,,GREEN,HIGH,False,,False,,JRN_0001,1.0,0.0,1.0,0.4541,1.0,SEVERE,Predicted HIGH Congestion (Speed cap 25.0 km/h),25.0,117.8,422.6,12:37:00,30.0,BASELINE_HISTORICAL_CALIBRATION,368.0,124.0
OBS_000706,12:37:30,21150.0,12017,ROUTE_NDLS_DDN_01,SYNTHETIC_SIMULATOR,OK,29.556977,77.680625,138.121,23.75,6.6,23.75,0.0,36.3,100,25.0,873.64,SEC_MOZ_SRE,,MOZ,SRE,48.879,175.879,CRUISING,,,,,204.47,,,GREEN,HIGH,False,,False,,JRN_0001,1.0,0.0,1.0,0.4541,1.0,SEVERE,Predicted HIGH Congestion (Speed cap 25.0 km/h),25.0,117.3,422.1,12:37:30,30.0,BASELINE_HISTORICAL_CALIBRATION,367.5,123.5
OBS_000707,12:38:00,21180.0,12017,ROUTE_NDLS_DDN_01,SYNTHETIC_SIMULATOR,OK,29.558625,77.68008,138.319,23.75,6.6,23.75,0.0,36.3,100,25.0,871.88,SEC_MOZ_SRE,,MOZ,SRE,48.681,175.681,CRUISING,,,,,204.76,,,GREEN,HIGH,False,,False,,JRN_0001,1.0,0.0,1.0,0.4541,1.0,SEVERE,Predicted HIGH Congestion (Speed cap 25.0 km/h),25.0,116.8,421.6,12:38:00,30.0,BASELINE_HISTORICAL_CALIBRATION,367.0,123.0
OBS_000708,12:38:30,21210.0,12017,ROUTE_NDLS_DDN_01,SYNTHETIC_SIMULATOR,OK,29.560274,77.679535,138.517,23.75,6.6,23.75,0.0,36.3,100,25.0,870.11,SEC_MOZ_SRE,,MOZ,SRE,48.483,175.483,CRUISING,,,,,205.05,,,GREEN,HIGH,False,,False,,JRN_0001,1.0,0.0,1.0,0.4541,1.0,SEVERE,Predicted HIGH Congestion (Speed cap 25.0 km/h),25.0,116.4,421.2,12:38:30,30.0,BASELINE_HISTORICAL_CALIBRATION,366.5,122.5
OBS_000709,12:39:00,21240.0,12017,ROUTE_NDLS_DDN_01,SYNTHETIC_SIMULATOR,OK,29.561922,77.678989,138.715,23.75,6.6,23.75,0.0,36.3,100,25.0,868.34,SEC_MOZ_SRE,,MOZ,SRE,48.285,175.285,CRUISING,,,,,205.34,,,GREEN,HIGH,False,,False,,JRN_0001,1.0,0.0,1.0,0.4541,1.0,SEVERE,Predicted HIGH Congestion (Speed cap 25.0 km/h),25.0,115.9,420.7,12:39:00,30.0,BASELINE_HISTORICAL_CALIBRATION,366.0,122.0
OBS_000710,12:39:30,21270.0,12017,ROUTE_NDLS_DDN_01,SYNTHETIC_SIMULATOR,OK,29.56357,77.678444,138.912,23.75,6.6,23.75,0.0,36.3,100,25.0,866.56,SEC_MOZ_SRE,,MOZ,SRE,48.088,175.088,CRUISING,,,,,205.62,,,GREEN,HIGH,False,,False,,JRN_0001,1.0,0.0,1.0,0.4541,1.0,SEVERE,Predicted HIGH Congestion (Speed cap 25.0 km/h),25.0,115.4,420.2,12:39:30,30.0,BASELINE_HISTORICAL_CALIBRATION,365.5,121.5
OBS_000711,12:40:00,21300.0,12017,ROUTE_NDLS_DDN_01,SYNTHETIC_SIMULATOR,OK,29.565218,77.677899,139.11,23.75,6.6,23.75,0.0,36.3,100,25.0,864.79,SEC_MOZ_SRE,,MOZ,SRE,47.89,174.89,CRUISING,,,,,205.91,,,GREEN,HIGH,False,,False,,JRN_0001,1.0,0.0,1.0,0.4541,1.0,SEVERE,Predicted HIGH Congestion (Speed cap 25.0 km/h),25.0,114.9,419.7,12:40:00,30.0,BASELINE_HISTORICAL_CALIBRATION,365.0,121.0
OBS_000712,12:40:30,21330.0,12017,ROUTE_NDLS_DDN_01,SYNTHETIC_SIMULATOR,OK,29.566866,77.677354,139.308,23.75,6.6,23.75,0.0,36.3,100,25.0,863.01,SEC_MOZ_SRE,,MOZ,SRE,47.692,174.692,CRUISING,,,,,206.2,,,GREEN,HIGH,False,,False,,JRN_0001,1.0,0.0,1.0,0.4541,1.0,SEVERE,Predicted HIGH Congestion (Speed cap 25.0 km/h),25.0,114.5,419.3,12:40:30,30.0,BASELINE_HISTORICAL_CALIBRATION,364.5,120.5
OBS_000713,12:41:00,21360.0,12017,ROUTE_NDLS_DDN_01,SYNTHETIC_SIMULATOR,OK,29.568514,77.676809,139.506,23.75,6.6,23.75,0.0,36.3,100,25.0,861.22,SEC_MOZ_SRE,,MOZ,SRE,47.494,174.494,CRUISING,,,,,206.49,,,GREEN,HIGH,False,,False,,JRN_0001,1.0,0.0,1.0,0.4541,1.0,SEVERE,Predicted HIGH Congestion (Speed cap 25.0 km/h),25.0,114.0,418.8,12:41:00,30.0,BASELINE_HISTORICAL_CALIBRATION,364.0,120.0
OBS_000714,12:41:30,21390.0,12017,ROUTE_NDLS_DDN_01,SYNTHETIC_SIMULATOR,OK,29.570162,77.676264,139.704,23.75,6.6,23.75,0.0,36.3,100,25.0,859.43,SEC_MOZ_SRE,,MOZ,SRE,47.296,174.296,CRUISING,,,,,206.78,,,GREEN,HIGH,False,,False,,JRN_0001,1.0,0.0,1.0,0.4541,1.0,SEVERE,Predicted HIGH Congestion (Speed cap 25.0 km/h),25.0,113.5,418.3,12:41:30,30.0,BASELINE_HISTORICAL_CALIBRATION,363.5,119.5
OBS_000715,12:42:00,21420.0,12017,ROUTE_NDLS_DDN_01,SYNTHETIC_SIMULATOR,OK,29.57181,77.675719,139.902,23.75,6.6,23.75,0.0,36.3,100,25.0,857.64,SEC_MOZ_SRE,,MOZ,SRE,47.098,174.098,CRUISING,,,,,207.06,,,GREEN,HIGH,False,,False,,JRN_0001,1.0,0.0,1.0,0.4541,1.0,SEVERE,Predicted HIGH Congestion (Speed cap 25.0 km/h),25.0,113.0,417.8,12:42:00,30.0,BASELINE_HISTORICAL_CALIBRATION,363.0,119.0
OBS_000716,12:42:30,21450.0,12017,ROUTE_NDLS_DDN_01,SYNTHETIC_SIMULATOR,OK,29.573458,77.675174,140.1,23.75,6.6,23.75,0.0,36.3,100,25.0,855.84,SEC_MOZ_SRE,,MOZ,SRE,46.9,173.9,CRUISING,,,,,207.35,,,GREEN,HIGH,False,,False,,JRN_0001,1.0,0.0,1.0,0.4541,1.0,SEVERE,Predicted HIGH Congestion (Speed cap 25.0 km/h),25.0,112.6,417.4,12:42:30,30.0,BASELINE_HISTORICAL_CALIBRATION,362.5,118.5
OBS_000717,12:43:00,21480.0,12017,ROUTE_NDLS_DDN_01,SYNTHETIC_SIMULATOR,OK,29.575106,77.674629,140.298,23.75,6.6,23.75,0.0,36.3,100,25.0,854.04,SEC_MOZ_SRE,,MOZ,SRE,46.702,173.702,CRUISING,,,,,207.64,,,GREEN,HIGH,False,,False,,JRN_0001,1.0,0.0,1.0,0.4541,1.0,SEVERE,Predicted HIGH Congestion (Speed cap 25.0 km/h),25.0,112.1,416.9,12:43:00,30.0,BASELINE_HISTORICAL_CALIBRATION,362.0,118.0
OBS_000718,12:43:30,21510.0,12017,ROUTE_NDLS_DDN_01,SYNTHETIC_SIMULATOR,OK,29.576754,77.674084,140.496,23.75,6.6,23.75,0.0,36.3,100,25.0,852.24,SEC_MOZ_SRE,,MOZ,SRE,46.504,173.504,CRUISING,,,,,207.93,,,GREEN,HIGH,False,,False,,JRN_0001,1.0,0.0,1.0,0.4541,1.0,SEVERE,Predicted HIGH Congestion (Speed cap 25.0 km/h),25.0,111.6,416.4,12:43:30,30.0,BASELINE_HISTORICAL_CALIBRATION,361.5,117.5
OBS_000719,12:44:00,21540.0,12017,ROUTE_NDLS_DDN_01,SYNTHETIC_SIMULATOR,OK,29.578402,77.673538,140.694,23.75,6.6,23.75,0.0,36.3,100,25.0,850.43,SEC_MOZ_SRE,,MOZ,SRE,46.306,173.306,CRUISING,,,,,208.21,,,GREEN,HIGH,False,,False,,JRN_0001,1.0,0.0,1.0,0.4541,1.0,SEVERE,Predicted HIGH Congestion (Speed cap 25.0 km/h),25.0,111.1,415.9,12:44:00,30.0,BASELINE_HISTORICAL_CALIBRATION,361.0,117.0
OBS_000720,12:44:30,21570.0,12017,ROUTE_NDLS_DDN_01,SYNTHETIC_SIMULATOR,OK,29.58005,77.672993,140.892,23.75,6.6,23.75,0.0,36.3,100,25.0,848.62,SEC_MOZ_SRE,,MOZ,SRE,46.108,173.108,CRUISING,,,,,208.5,,,GREEN,HIGH,False,,False,,JRN_0001,1.0,0.0,1.0,0.4541,1.0,SEVERE,Predicted HIGH Congestion (Speed cap 25.0 km/h),25.0,110.7,415.5,12:44:30,30.0,BASELINE_HISTORICAL_CALIBRATION,360.5,116.5
OBS_000721,12:45:00,21600.0,12017,ROUTE_NDLS_DDN_01,SYNTHETIC_SIMULATOR,OK,29.581699,77.672448,141.09,23.75,6.6,23.75,0.0,36.3,100,25.0,846.8,SEC_MOZ_SRE,,MOZ,SRE,45.91,172.91,CRUISING,,,,,208.79,,,GREEN,HIGH,False,,False,,JRN_0001,1.0,0.0,1.0,0.4541,1.0,SEVERE,Predicted HIGH Congestion (Speed cap 25.0 km/h),25.0,110.2,415.0,12:45:00,30.0,BASELINE_HISTORICAL_CALIBRATION,360.0,116.0
OBS_000722,12:45:30,21630.0,12017,ROUTE_NDLS_DDN_01,SYNTHETIC_SIMULATOR,OK,29.583347,77.671903,141.287,23.75,6.6,23.75,0.0,36.3,100,25.0,844.98,SEC_MOZ_SRE,,MOZ,SRE,45.713,172.713,CRUISING,,,,,209.08,,,GREEN,HIGH,False,,False,,JRN_0001,1.0,0.0,1.0,0.4541,1.0,SEVERE,Predicted HIGH Congestion (Speed cap 25.0 km/h),25.0,109.7,414.5,12:45:30,30.0,BASELINE_HISTORICAL_CALIBRATION,359.5,115.5
OBS_000723,12:46:00,21660.0,12017,ROUTE_NDLS_DDN_01,SYNTHETIC_SIMULATOR,OK,29.584995,77.671358,141.485,23.75,6.6,23.75,0.0,36.3,100,25.0,843.16,SEC_MOZ_SRE,,MOZ,SRE,45.515,172.515,CRUISING,,,,,209.36,,,GREEN,HIGH,False,,False,,JRN_0001,1.0,0.0,1.0,0.4541,1.0,SEVERE,Predicted HIGH Congestion (Speed cap 25.0 km/h),25.0,109.2,414.0,12:46:00,30.0,BASELINE_HISTORICAL_CALIBRATION,359.0,115.0
OBS_000724,12:46:30,21690.0,12017,ROUTE_NDLS_DDN_01,SYNTHETIC_SIMULATOR,OK,29.586643,77.670813,141.683,23.75,6.6,23.75,0.0,36.3,100,25.0,841.33,SEC_MOZ_SRE,,MOZ,SRE,45.317,172.317,CRUISING,,,,,209.65,,,GREEN,HIGH,False,,False,,JRN_0001,1.0,0.0,1.0,0.4541,1.0,SEVERE,Predicted HIGH Congestion (Speed cap 25.0 km/h),25.0,108.8,413.6,12:46:30,30.0,BASELINE_HISTORICAL_CALIBRATION,358.5,114.5
OBS_000725,12:47:00,21720.0,12017,ROUTE_NDLS_DDN_01,SYNTHETIC_SIMULATOR,OK,29.588291,77.670268,141.881,23.75,6.6,23.75,0.0,36.3,100,25.0,839.5,SEC_MOZ_SRE,,MOZ,SRE,45.119,172.119,CRUISING,,,,,209.94,,,GREEN,HIGH,False,,False,,JRN_0001,1.0,0.0,1.0,0.4541,1.0,SEVERE,Predicted HIGH Congestion (Speed cap 25.0 km/h),25.0,108.3,413.1,12:47:00,30.0,BASELINE_HISTORICAL_CALIBRATION,358.0,114.0
OBS_000726,12:47:30,21750.0,12017,ROUTE_NDLS_DDN_01,SYNTHETIC_SIMULATOR,OK,29.589939,77.669723,142.079,23.75,6.6,23.75,0.0,36.3,100,25.0,837.67,SEC_MOZ_SRE,,MOZ,SRE,44.921,171.921,CRUISING,,,,,210.23,,,GREEN,HIGH,False,,False,,JRN_0001,1.0,0.0,1.0,0.4541,1.0,SEVERE,Predicted HIGH Congestion (Speed cap 25.0 km/h),25.0,107.8,412.6,12:47:30,30.0,BASELINE_HISTORICAL_CALIBRATION,357.5,113.5
OBS_000727,12:48:00,21780.0,12017,ROUTE_NDLS_DDN_01,SYNTHETIC_SIMULATOR,OK,29.591587,77.669178,142.277,23.75,6.6,23.75,0.0,36.3,100,25.0,835.83,SEC_MOZ_SRE,,MOZ,SRE,44.723,171.723,CRUISING,,,,,210.51,,,GREEN,HIGH,False,,False,,JRN_0001,1.0,0.0,1.0,0.4541,1.0,SEVERE,Predicted HIGH Congestion (Speed cap 25.0 km/h),25.0,107.3,412.1,12:48:00,30.0,BASELINE_HISTORICAL_CALIBRATION,357.0,113.0
OBS_000728,12:48:30,21810.0,12017,ROUTE_NDLS_DDN_01,SYNTHETIC_SIMULATOR,OK,29.593235,77.668632,142.475,23.75,6.6,23.75,0.0,36.3,100,25.0,833.98,SEC_MOZ_SRE,,MOZ,SRE,44.525,171.525,CRUISING,,,,,210.8,,,GREEN,HIGH,False,,False,,JRN_0001,1.0,0.0,1.0,0.4541,1.0,SEVERE,Predicted HIGH Congestion (Speed cap 25.0 km/h),25.0,106.9,411.7,12:48:30,30.0,BASELINE_HISTORICAL_CALIBRATION,356.5,112.5
OBS_000729,12:49:00,21840.0,12017,ROUTE_NDLS_DDN_01,SYNTHETIC_SIMULATOR,OK,29.594883,77.668087,142.673,23.75,6.6,23.75,0.0,36.3,100,25.0,832.14,SEC_MOZ_SRE,,MOZ,SRE,44.327,171.327,CRUISING,,,,,211.09,,,GREEN,HIGH,False,,False,,JRN_0001,1.0,0.0,1.0,0.4541,1.0,SEVERE,Predicted HIGH Congestion (Speed cap 25.0 km/h),25.0,106.4,411.2,12:49:00,30.0,BASELINE_HISTORICAL_CALIBRATION,356.0,112.0
OBS_000730,12:49:30,21870.0,12017,ROUTE_NDLS_DDN_01,SYNTHETIC_SIMULATOR,OK,29.596531,77.667542,142.871,23.75,6.6,23.75,0.0,36.3,100,25.0,830.29,SEC_MOZ_SRE,,MOZ,SRE,44.129,171.129,CRUISING,,,,,211.38,,,GREEN,HIGH,False,,False,,JRN_0001,1.0,0.0,1.0,0.4541,1.0,SEVERE,Predicted HIGH Congestion (Speed cap 25.0 km/h),25.0,105.9,410.7,12:49:30,30.0,BASELINE_HISTORICAL_CALIBRATION,355.5,111.5
OBS_000731,12:50:00,21900.0,12017,ROUTE_NDLS_DDN_01,SYNTHETIC_SIMULATOR,OK,29.598179,77.666997,143.069,23.75,6.6,23.75,0.0,36.3,100,25.0,828.43,SEC_MOZ_SRE,,MOZ,SRE,43.931,170.931,CRUISING,,,,,211.66,,,GREEN,HIGH,False,,False,,JRN_0001,1.0,0.0,1.0,0.4541,1.0,SEVERE,Predicted HIGH Congestion (Speed cap 25.0 km/h),25.0,105.4,410.2,12:50:00,30.0,BASELINE_HISTORICAL_CALIBRATION,355.0,111.0
OBS_000732,12:50:30,21930.0,12017,ROUTE_NDLS_DDN_01,SYNTHETIC_SIMULATOR,OK,29.599827,77.666452,143.267,23.75,6.6,23.75,0.0,36.3,100,25.0,826.57,SEC_MOZ_SRE,,MOZ,SRE,43.733,170.733,CRUISING,,,,,211.95,,,GREEN,HIGH,False,,False,,JRN_0001,1.0,0.0,1.0,0.4541,1.0,SEVERE,Predicted HIGH Congestion (Speed cap 25.0 km/h),25.0,105.0,409.8,12:50:30,30.0,BASELINE_HISTORICAL_CALIBRATION,354.5,110.5
OBS_000733,12:51:00,21960.0,12017,ROUTE_NDLS_DDN_01,SYNTHETIC_SIMULATOR,OK,29.601475,77.665907,143.465,23.75,6.6,23.75,0.0,36.3,100,25.0,824.71,SEC_MOZ_SRE,,MOZ,SRE,43.535,170.535,CRUISING,,,,,212.24,,,GREEN,HIGH,False,,False,,JRN_0001,1.0,0.0,1.0,0.4541,1.0,SEVERE,Predicted HIGH Congestion (Speed cap 25.0 km/h),25.0,104.5,409.3,12:51:00,30.0,BASELINE_HISTORICAL_CALIBRATION,354.0,110.0
OBS_000734,12:51:30,21990.0,12017,ROUTE_NDLS_DDN_01,SYNTHETIC_SIMULATOR,OK,29.603123,77.665362,143.662,23.75,6.6,23.75,0.0,36.3,100,25.0,822.84,SEC_MOZ_SRE,,MOZ,SRE,43.338,170.338,CRUISING,,,,,212.53,,,GREEN,HIGH,False,,False,,JRN_0001,1.0,0.0,1.0,0.4541,1.0,SEVERE,Predicted HIGH Congestion (Speed cap 25.0 km/h),25.0,104.0,408.8,12:51:30,30.0,BASELINE_HISTORICAL_CALIBRATION,353.5,109.5
OBS_000735,12:52:00,22020.0,12017,ROUTE_NDLS_DDN_01,SYNTHETIC_SIMULATOR,OK,29.604772,77.664817,143.86,23.75,6.6,23.75,0.0,36.3,100,25.0,820.97,SEC_MOZ_SRE,,MOZ,SRE,43.14,170.14,CRUISING,,,,,212.81,,,GREEN,HIGH,False,,False,,JRN_0001,1.0,0.0,1.0,0.4541,1.0,SEVERE,Predicted HIGH Congestion (Speed cap 25.0 km/h),25.0,103.5,408.3,12:52:00,30.0,BASELINE_HISTORICAL_CALIBRATION,353.0,109.0
OBS_000736,12:52:30,22050.0,12017,ROUTE_NDLS_DDN_01,SYNTHETIC_SIMULATOR,OK,29.60642,77.664272,144.058,23.75,6.6,23.75,0.0,36.3,100,25.0,819.09,SEC_MOZ_SRE,,MOZ,SRE,42.942,169.942,CRUISING,,,,,213.1,,,GREEN,HIGH,False,,False,,JRN_0001,1.0,0.0,1.0,0.4541,1.0,SEVERE,Predicted HIGH Congestion (Speed cap 25.0 km/h),25.0,103.1,407.9,12:52:30,30.0,BASELINE_HISTORICAL_CALIBRATION,352.5,108.5
OBS_000737,12:53:00,22080.0,12017,ROUTE_NDLS_DDN_01,SYNTHETIC_SIMULATOR,OK,29.608068,77.663726,144.256,23.75,6.6,23.75,0.0,36.3,100,25.0,817.21,SEC_MOZ_SRE,,MOZ,SRE,42.744,169.744,CRUISING,,,,,213.39,,,GREEN,HIGH,False,,False,,JRN_0001,1.0,0.0,1.0,0.4541,1.0,SEVERE,Predicted HIGH Congestion (Speed cap 25.0 km/h),25.0,102.6,407.4,12:53:00,30.0,BASELINE_HISTORICAL_CALIBRATION,352.0,108.0
OBS_000738,12:53:30,22110.0,12017,ROUTE_NDLS_DDN_01,SYNTHETIC_SIMULATOR,OK,29.609716,77.663181,144.454,23.75,6.6,23.75,0.0,36.3,100,25.0,815.32,SEC_MOZ_SRE,,MOZ,SRE,42.546,169.546,CRUISING,,,,,213.68,,,GREEN,HIGH,False,,False,,JRN_0001,1.0,0.0,1.0,0.4541,1.0,SEVERE,Predicted HIGH Congestion (Speed cap 25.0 km/h),25.0,102.1,406.9,12:53:30,30.0,BASELINE_HISTORICAL_CALIBRATION,351.5,107.5
OBS_000739,12:54:00,22140.0,12017,ROUTE_NDLS_DDN_01,SYNTHETIC_SIMULATOR,OK,29.611364,77.662636,144.652,23.75,6.6,23.75,0.0,36.3,100,25.0,813.43,SEC_MOZ_SRE,,MOZ,SRE,42.348,169.348,CRUISING,,,,,213.96,,,GREEN,HIGH,False,,False,,JRN_0001,1.0,0.0,1.0,0.4541,1.0,SEVERE,Predicted HIGH Congestion (Speed cap 25.0 km/h),25.0,101.6,406.4,12:54:00,30.0,BASELINE_HISTORICAL_CALIBRATION,351.0,107.0
OBS_000740,12:54:30,22170.0,12017,ROUTE_NDLS_DDN_01,SYNTHETIC_SIMULATOR,OK,29.613012,77.662091,144.85,23.75,6.6,23.75,0.0,36.3,100,25.0,811.54,SEC_MOZ_SRE,,MOZ,SRE,42.15,169.15,CRUISING,,,,,214.25,,,GREEN,HIGH,False,,False,,JRN_0001,1.0,0.0,1.0,0.4541,1.0,SEVERE,Predicted HIGH Congestion (Speed cap 25.0 km/h),25.0,101.2,406.0,12:54:30,30.0,BASELINE_HISTORICAL_CALIBRATION,350.5,106.5
OBS_000741,12:55:00,22200.0,12017,ROUTE_NDLS_DDN_01,SYNTHETIC_SIMULATOR,OK,29.61466,77.661546,145.048,23.75,6.6,23.75,0.0,36.3,100,25.0,809.64,SEC_MOZ_SRE,,MOZ,SRE,41.952,168.952,CRUISING,,,,,214.54,,,GREEN,HIGH,False,,False,,JRN_0001,1.0,0.0,1.0,0.4541,1.0,SEVERE,Predicted HIGH Congestion (Speed cap 25.0 km/h),25.0,100.7,405.5,12:55:00,30.0,BASELINE_HISTORICAL_CALIBRATION,350.0,106.0
OBS_000742,12:55:30,22230.0,12017,ROUTE_NDLS_DDN_01,SYNTHETIC_SIMULATOR,OK,29.616308,77.661001,145.246,23.75,6.6,23.75,0.0,36.3,100,25.0,807.74,SEC_MOZ_SRE,,MOZ,SRE,41.754,168.754,CRUISING,,,,,214.83,,,GREEN,HIGH,False,,False,,JRN_0001,1.0,0.0,1.0,0.4541,1.0,SEVERE,Predicted HIGH Congestion (Speed cap 25.0 km/h),25.0,100.2,405.0,12:55:30,30.0,BASELINE_HISTORICAL_CALIBRATION,349.5,105.5
OBS_000743,12:56:00,22260.0,12017,ROUTE_NDLS_DDN_01,SYNTHETIC_SIMULATOR,OK,29.617956,77.660456,145.444,23.75,6.6,23.75,0.0,36.3,100,25.0,805.83,SEC_MOZ_SRE,,MOZ,SRE,41.556,168.556,CRUISING,,,,,215.12,,,GREEN,HIGH,False,,False,,JRN_0001,1.0,0.0,1.0,0.4541,1.0,SEVERE,Predicted HIGH Congestion (Speed cap 25.0 km/h),25.0,99.7,404.5,12:56:00,30.0,BASELINE_HISTORICAL_CALIBRATION,349.0,105.0
OBS_000744,12:56:30,22290.0,12017,ROUTE_NDLS_DDN_01,SYNTHETIC_SIMULATOR,OK,29.619604,77.659911,145.642,23.75,6.6,23.75,0.0,36.3,100,25.0,803.92,SEC_MOZ_SRE,,MOZ,SRE,41.358,168.358,CRUISING,,,,,215.4,,,GREEN,HIGH,False,,False,,JRN_0001,1.0,0.0,1.0,0.4541,1.0,SEVERE,Predicted HIGH Congestion (Speed cap 25.0 km/h),25.0,99.3,404.1,12:56:30,30.0,BASELINE_HISTORICAL_CALIBRATION,348.5,104.5
OBS_000745,12:57:00,22320.0,12017,ROUTE_NDLS_DDN_01,SYNTHETIC_SIMULATOR,OK,29.621252,77.659366,145.84,23.75,6.6,23.75,0.0,36.3,100,25.0,802.0,SEC_MOZ_SRE,,MOZ,SRE,41.16,168.16,CRUISING,,,,,215.69,,,GREEN,HIGH,False,,False,,JRN_0001,1.0,0.0,1.0,0.4541,1.0,SEVERE,Predicted HIGH Congestion (Speed cap 25.0 km/h),25.0,98.8,403.6,12:57:00,30.0,BASELINE_HISTORICAL_CALIBRATION,348.0,104.0
OBS_000746,12:57:30,22350.0,12017,ROUTE_NDLS_DDN_01,SYNTHETIC_SIMULATOR,OK,29.6229,77.65882,146.037,23.75,6.6,23.75,0.0,36.3,100,25.0,800.08,SEC_MOZ_SRE,,MOZ,SRE,40.963,167.963,CRUISING,,,,,215.98,,,GREEN,HIGH,False,,False,,JRN_0001,1.0,0.0,1.0,0.4541,1.0,SEVERE,Predicted HIGH Congestion (Speed cap 25.0 km/h),25.0,98.3,403.1,12:57:30,30.0,BASELINE_HISTORICAL_CALIBRATION,347.5,103.5
OBS_000747,12:58:00,22380.0,12017,ROUTE_NDLS_DDN_01,SYNTHETIC_SIMULATOR,OK,29.624548,77.658275,146.235,23.75,6.6,23.75,0.0,36.3,100,25.0,798.15,SEC_MOZ_SRE,,MOZ,SRE,40.765,167.765,CRUISING,,,,,216.27,,,GREEN,HIGH,False,,False,,JRN_0001,1.0,0.0,1.0,0.4541,1.0,SEVERE,Predicted HIGH Congestion (Speed cap 25.0 km/h),25.0,97.8,402.6,12:58:00,30.0,BASELINE_HISTORICAL_CALIBRATION,347.0,103.0
OBS_000748,12:58:30,22410.0,12017,ROUTE_NDLS_DDN_01,SYNTHETIC_SIMULATOR,OK,29.626197,77.65773,146.433,23.75,6.6,23.75,0.0,36.3,100,25.0,796.22,SEC_MOZ_SRE,,MOZ,SRE,40.567,167.567,CRUISING,,,,,216.55,,,GREEN,HIGH,False,,False,,JRN_0001,1.0,0.0,1.0,0.4541,1.0,SEVERE,Predicted HIGH Congestion (Speed cap 25.0 km/h),25.0,97.4,402.2,12:58:30,30.0,BASELINE_HISTORICAL_CALIBRATION,346.5,102.5
OBS_000749,12:59:00,22440.0,12017,ROUTE_NDLS_DDN_01,SYNTHETIC_SIMULATOR,OK,29.627845,77.657185,146.631,23.75,6.6,23.75,0.0,36.3,100,25.0,794.29,SEC_MOZ_SRE,,MOZ,SRE,40.369,167.369,CRUISING,,,,,216.84,,,GREEN,HIGH,False,,False,,JRN_0001,1.0,0.0,1.0,0.4541,1.0,SEVERE,Predicted HIGH Congestion (Speed cap 25.0 km/h),25.0,96.9,401.7,12:59:00,30.0,BASELINE_HISTORICAL_CALIBRATION,346.0,102.0
OBS_000750,12:59:30,22470.0,12017,ROUTE_NDLS_DDN_01,SYNTHETIC_SIMULATOR,OK,29.629493,77.65664,146.829,23.75,6.6,23.75,0.0,36.3,100,25.0,792.35,SEC_MOZ_SRE,,MOZ,SRE,40.171,167.171,CRUISING,,,,,217.13,,,GREEN,HIGH,False,,False,,JRN_0001,1.0,0.0,1.0,0.4541,1.0,SEVERE,Predicted HIGH Congestion (Speed cap 25.0 km/h),25.0,96.4,401.2,12:59:30,30.0,BASELINE_HISTORICAL_CALIBRATION,345.5,101.5
OBS_000751,13:00:00,22500.0,12017,ROUTE_NDLS_DDN_01,SYNTHETIC_SIMULATOR,OK,29.631141,77.656095,147.027,23.75,6.6,23.75,0.0,36.3,100,25.0,790.4,SEC_MOZ_SRE,,MOZ,SRE,39.973,166.973,CRUISING,,,,,217.42,,,GREEN,HIGH,False,,False,,JRN_0001,1.0,0.0,1.0,0.4541,1.0,SEVERE,Predicted HIGH Congestion (Speed cap 25.0 km/h),25.0,95.9,400.7,13:00:00,30.0,BASELINE_HISTORICAL_CALIBRATION,345.0,101.0
OBS_000752,13:00:30,22530.0,12017,ROUTE_NDLS_DDN_01,SYNTHETIC_SIMULATOR,OK,29.632789,77.65555,147.225,23.75,6.6,23.75,0.0,36.3,100,25.0,788.45,SEC_MOZ_SRE,,MOZ,SRE,39.775,166.775,CRUISING,,,,,217.7,,,GREEN,HIGH,False,,False,,JRN_0001,1.0,0.0,1.0,0.4541,1.0,SEVERE,Predicted HIGH Congestion (Speed cap 25.0 km/h),25.0,95.5,400.3,13:00:30,30.0,BASELINE_HISTORICAL_CALIBRATION,344.5,100.5
OBS_000753,13:01:00,22560.0,12017,ROUTE_NDLS_DDN_01,SYNTHETIC_SIMULATOR,OK,29.634437,77.655005,147.423,23.75,6.6,23.75,0.0,36.3,100,25.0,786.5,SEC_MOZ_SRE,,MOZ,SRE,39.577,166.577,CRUISING,,,,,217.99,,,GREEN,HIGH,False,,False,,JRN_0001,1.0,0.0,1.0,0.4541,1.0,SEVERE,Predicted HIGH Congestion (Speed cap 25.0 km/h),25.0,95.0,399.8,13:01:00,30.0,BASELINE_HISTORICAL_CALIBRATION,344.0,100.0
OBS_000754,13:01:30,22590.0,12017,ROUTE_NDLS_DDN_01,SYNTHETIC_SIMULATOR,OK,29.636085,77.65446,147.621,23.75,6.6,23.75,0.0,36.3,100,25.0,784.54,SEC_MOZ_SRE,,MOZ,SRE,39.379,166.379,CRUISING,,,,,218.28,,,GREEN,HIGH,False,,False,,JRN_0001,1.0,0.0,1.0,0.4541,1.0,SEVERE,Predicted HIGH Congestion (Speed cap 25.0 km/h),25.0,94.5,399.3,13:01:30,30.0,BASELINE_HISTORICAL_CALIBRATION,343.5,99.5
OBS_000755,13:02:00,22620.0,12017,ROUTE_NDLS_DDN_01,SYNTHETIC_SIMULATOR,OK,29.637733,77.653914,147.819,23.75,6.6,23.75,0.0,36.3,100,25.0,782.58,SEC_MOZ_SRE,,MOZ,SRE,39.181,166.181,CRUISING,,,,,218.57,,,GREEN,HIGH,False,,False,,JRN_0001,1.0,0.0,1.0,0.4541,1.0,SEVERE,Predicted HIGH Congestion (Speed cap 25.0 km/h),25.0,94.0,398.8,13:02:00,30.0,BASELINE_HISTORICAL_CALIBRATION,343.0,99.0
OBS_000756,13:02:30,22650.0,12017,ROUTE_NDLS_DDN_01,SYNTHETIC_SIMULATOR,OK,29.639381,77.653369,148.017,23.75,6.6,23.75,0.0,36.3,100,25.0,780.61,SEC_MOZ_SRE,,MOZ,SRE,38.983,165.983,CRUISING,,,,,218.85,,,GREEN,HIGH,False,,False,,JRN_0001,1.0,0.0,1.0,0.4541,1.0,SEVERE,Predicted HIGH Congestion (Speed cap 25.0 km/h),25.0,93.6,398.4,13:02:30,30.0,BASELINE_HISTORICAL_CALIBRATION,342.5,98.5
OBS_000757,13:03:00,22680.0,12017,ROUTE_NDLS_DDN_01,SYNTHETIC_SIMULATOR,OK,29.641029,77.652824,148.215,23.75,6.6,23.75,0.0,36.3,100,25.0,778.63,SEC_MOZ_SRE,,MOZ,SRE,38.785,165.785,CRUISING,,,,,219.14,,,GREEN,HIGH,False,,False,,JRN_0001,1.0,0.0,1.0,0.4541,1.0,SEVERE,Predicted HIGH Congestion (Speed cap 25.0 km/h),25.0,93.1,397.9,13:03:00,30.0,BASELINE_HISTORICAL_CALIBRATION,342.0,98.0
OBS_000758,13:03:30,22710.0,12017,ROUTE_NDLS_DDN_01,SYNTHETIC_SIMULATOR,OK,29.642677,77.652279,148.412,23.75,6.6,23.75,0.0,36.3,100,25.0,776.65,SEC_MOZ_SRE,,MOZ,SRE,38.588,165.588,CRUISING,,,,,219.43,,,GREEN,HIGH,False,,False,,JRN_0001,1.0,0.0,1.0,0.4541,1.0,SEVERE,Predicted HIGH Congestion (Speed cap 25.0 km/h),25.0,92.6,397.4,13:03:30,30.0,BASELINE_HISTORICAL_CALIBRATION,341.5,97.5
OBS_000759,13:04:00,22740.0,12017,ROUTE_NDLS_DDN_01,SYNTHETIC_SIMULATOR,OK,29.644325,77.651734,148.61,23.75,6.6,23.75,0.0,36.3,100,25.0,774.67,SEC_MOZ_SRE,,MOZ,SRE,38.39,165.39,CRUISING,,,,,219.72,,,GREEN,HIGH,False,,False,,JRN_0001,1.0,0.0,1.0,0.4541,1.0,SEVERE,Predicted HIGH Congestion (Speed cap 25.0 km/h),25.0,92.1,396.9,13:04:00,30.0,BASELINE_HISTORICAL_CALIBRATION,341.0,97.0
OBS_000760,13:04:30,22770.0,12017,ROUTE_NDLS_DDN_01,SYNTHETIC_SIMULATOR,OK,29.645973,77.651189,148.808,23.75,6.6,23.75,0.0,36.3,100,25.0,772.68,SEC_MOZ_SRE,,MOZ,SRE,38.192,165.192,CRUISING,,,,,220.0,,,GREEN,HIGH,False,,False,,JRN_0001,1.0,0.0,1.0,0.4541,1.0,SEVERE,Predicted HIGH Congestion (Speed cap 25.0 km/h),25.0,91.7,396.5,13:04:30,30.0,BASELINE_HISTORICAL_CALIBRATION,340.5,96.5
OBS_000761,13:05:00,22800.0,12017,ROUTE_NDLS_DDN_01,SYNTHETIC_SIMULATOR,OK,29.647622,77.650644,149.006,23.75,6.6,23.75,0.0,36.3,100,25.0,770.69,SEC_MOZ_SRE,,MOZ,SRE,37.994,164.994,CRUISING,,,,,220.29,,,GREEN,HIGH,False,,False,,JRN_0001,1.0,0.0,1.0,0.4541,1.0,SEVERE,Predicted HIGH Congestion (Speed cap 25.0 km/h),25.0,91.2,396.0,13:05:00,30.0,BASELINE_HISTORICAL_CALIBRATION,340.0,96.0
OBS_000762,13:05:30,22830.0,12017,ROUTE_NDLS_DDN_01,SYNTHETIC_SIMULATOR,OK,29.64927,77.650099,149.204,23.75,6.6,23.75,0.0,36.3,100,25.0,768.69,SEC_MOZ_SRE,,MOZ,SRE,37.796,164.796,CRUISING,,,,,220.58,,,GREEN,HIGH,False,,False,,JRN_0001,1.0,0.0,1.0,0.4541,1.0,SEVERE,Predicted HIGH Congestion (Speed cap 25.0 km/h),25.0,90.7,395.5,13:05:30,30.0,BASELINE_HISTORICAL_CALIBRATION,339.5,95.5
OBS_000763,13:06:00,22860.0,12017,ROUTE_NDLS_DDN_01,SYNTHETIC_SIMULATOR,OK,29.650918,77.649554,149.402,23.75,6.6,23.75,0.0,36.3,100,25.0,766.68,SEC_MOZ_SRE,,MOZ,SRE,37.598,164.598,CRUISING,,,,,220.87,,,GREEN,HIGH,False,,False,,JRN_0001,1.0,0.0,1.0,0.4541,1.0,SEVERE,Predicted HIGH Congestion (Speed cap 25.0 km/h),25.0,90.2,395.0,13:06:00,30.0,BASELINE_HISTORICAL_CALIBRATION,339.0,95.0
OBS_000764,13:06:30,22890.0,12017,ROUTE_NDLS_DDN_01,SYNTHETIC_SIMULATOR,OK,29.652566,77.649008,149.6,23.75,6.6,23.75,0.0,36.3,100,25.0,764.67,SEC_MOZ_SRE,,MOZ,SRE,37.4,164.4,CRUISING,,,,,221.15,,,GREEN,HIGH,False,,False,,JRN_0001,1.0,0.0,1.0,0.4541,1.0,SEVERE,Predicted HIGH Congestion (Speed cap 25.0 km/h),25.0,89.8,394.6,13:06:30,30.0,BASELINE_HISTORICAL_CALIBRATION,338.5,94.5
OBS_000765,13:07:00,22920.0,12017,ROUTE_NDLS_DDN_01,SYNTHETIC_SIMULATOR,OK,29.654214,77.648463,149.798,23.75,6.6,23.75,0.0,36.3,100,25.0,762.66,SEC_MOZ_SRE,,MOZ,SRE,37.202,164.202,CRUISING,,,,,221.44,,,GREEN,HIGH,False,,False,,JRN_0001,1.0,0.0,1.0,0.4541,1.0,SEVERE,Predicted HIGH Congestion (Speed cap 25.0 km/h),25.0,89.3,394.1,13:07:00,30.0,BASELINE_HISTORICAL_CALIBRATION,338.0,94.0
OBS_000766,13:07:30,22950.0,12017,ROUTE_NDLS_DDN_01,SYNTHETIC_SIMULATOR,OK,29.655862,77.647918,149.996,23.75,6.6,23.75,0.0,36.3,100,25.0,760.64,SEC_MOZ_SRE,,MOZ,SRE,37.004,164.004,CRUISING,,,,,221.73,,,GREEN,HIGH,False,,False,,JRN_0001,1.0,0.0,1.0,0.4541,1.0,SEVERE,Predicted HIGH Congestion (Speed cap 25.0 km/h),25.0,88.8,393.6,13:07:30,30.0,BASELINE_HISTORICAL_CALIBRATION,337.5,93.5
OBS_000767,13:08:00,22980.0,12017,ROUTE_NDLS_DDN_01,SYNTHETIC_SIMULATOR,OK,29.65751,77.647373,150.194,23.75,6.6,23.75,0.0,36.3,100,25.0,758.61,SEC_MOZ_SRE,,MOZ,SRE,36.806,163.806,CRUISING,,,,,222.02,,,GREEN,HIGH,False,,False,,JRN_0001,1.0,0.0,1.0,0.4541,1.0,SEVERE,Predicted HIGH Congestion (Speed cap 25.0 km/h),25.0,88.3,393.1,13:08:00,30.0,BASELINE_HISTORICAL_CALIBRATION,337.0,93.0
OBS_000768,13:08:30,23010.0,12017,ROUTE_NDLS_DDN_01,SYNTHETIC_SIMULATOR,OK,29.659158,77.646828,150.392,23.75,6.6,23.75,0.0,36.3,100,25.0,756.58,SEC_MOZ_SRE,,MOZ,SRE,36.608,163.608,CRUISING,,,,,222.3,,,GREEN,HIGH,False,,False,,JRN_0001,1.0,0.0,1.0,0.4541,1.0,SEVERE,Predicted HIGH Congestion (Speed cap 25.0 km/h),25.0,87.9,392.7,13:08:30,30.0,BASELINE_HISTORICAL_CALIBRATION,336.5,92.5
OBS_000769,13:09:00,23040.0,12017,ROUTE_NDLS_DDN_01,SYNTHETIC_SIMULATOR,OK,29.660806,77.646283,150.59,23.75,6.6,23.75,0.0,36.3,100,25.0,754.54,SEC_MOZ_SRE,,MOZ,SRE,36.41,163.41,CRUISING,,,,,222.59,,,GREEN,HIGH,False,,False,,JRN_0001,1.0,0.0,1.0,0.4541,1.0,SEVERE,Predicted HIGH Congestion (Speed cap 25.0 km/h),25.0,87.4,392.2,13:09:00,30.0,BASELINE_HISTORICAL_CALIBRATION,336.0,92.0
OBS_000770,13:09:30,23070.0,12017,ROUTE_NDLS_DDN_01,SYNTHETIC_SIMULATOR,OK,29.662454,77.645738,150.787,23.75,6.6,23.75,0.0,36.3,100,25.0,752.5,SEC_MOZ_SRE,,MOZ,SRE,36.213,163.213,CRUISING,,,,,222.88,,,GREEN,HIGH,False,,False,,JRN_0001,1.0,0.0,1.0,0.4541,1.0,SEVERE,Predicted HIGH Congestion (Speed cap 25.0 km/h),25.0,86.9,391.7,13:09:30,30.0,BASELINE_HISTORICAL_CALIBRATION,335.5,91.5
OBS_000771,13:10:00,23100.0,12017,ROUTE_NDLS_DDN_01,SYNTHETIC_SIMULATOR,OK,29.664102,77.645193,150.985,23.75,6.6,23.75,0.0,36.3,100,25.0,750.45,SEC_MOZ_SRE,,MOZ,SRE,36.015,163.015,CRUISING,,,,,223.17,,,GREEN,HIGH,False,,False,,JRN_0001,1.0,0.0,1.0,0.4541,1.0,SEVERE,Predicted HIGH Congestion (Speed cap 25.0 km/h),25.0,86.4,391.2,13:10:00,30.0,BASELINE_HISTORICAL_CALIBRATION,335.0,91.0
OBS_000772,13:10:30,23130.0,12017,ROUTE_NDLS_DDN_01,SYNTHETIC_SIMULATOR,OK,29.66575,77.644648,151.183,23.75,6.6,23.75,0.0,36.3,100,25.0,748.4,SEC_MOZ_SRE,,MOZ,SRE,35.817,162.817,CRUISING,,,,,223.46,,,GREEN,HIGH,False,,False,,JRN_0001,1.0,0.0,1.0,0.4541,1.0,SEVERE,Predicted HIGH Congestion (Speed cap 25.0 km/h),25.0,86.0,390.8,13:10:30,30.0,BASELINE_HISTORICAL_CALIBRATION,334.5,90.5
OBS_000773,13:11:00,23160.0,12017,ROUTE_NDLS_DDN_01,SYNTHETIC_SIMULATOR,OK,29.667398,77.644102,151.381,23.75,6.6,23.75,0.0,36.3,100,25.0,746.34,SEC_MOZ_SRE,,MOZ,SRE,35.619,162.619,CRUISING,,,,,223.74,,,GREEN,HIGH,False,,False,,JRN_0001,1.0,0.0,1.0,0.4541,1.0,SEVERE,Predicted HIGH Congestion (Speed cap 25.0 km/h),25.0,85.5,390.3,13:11:00,30.0,BASELINE_HISTORICAL_CALIBRATION,334.0,90.0
OBS_000774,13:11:30,23190.0,12017,ROUTE_NDLS_DDN_01,SYNTHETIC_SIMULATOR,OK,29.669047,77.643557,151.579,23.75,6.6,23.75,0.0,36.3,100,25.0,744.27,SEC_MOZ_SRE,,MOZ,SRE,35.421,162.421,CRUISING,,,,,224.03,,,GREEN,HIGH,False,,False,,JRN_0001,1.0,0.0,1.0,0.4541,1.0,SEVERE,Predicted HIGH Congestion (Speed cap 25.0 km/h),25.0,85.0,389.8,13:11:30,30.0,BASELINE_HISTORICAL_CALIBRATION,333.5,89.5
OBS_000775,13:12:00,23220.0,12017,ROUTE_NDLS_DDN_01,SYNTHETIC_SIMULATOR,OK,29.670695,77.643012,151.777,23.75,6.6,23.75,0.0,36.3,100,25.0,742.2,SEC_MOZ_SRE,,MOZ,SRE,35.223,162.223,CRUISING,,,,,224.32,,,GREEN,HIGH,False,,False,,JRN_0001,1.0,0.0,1.0,0.4541,1.0,SEVERE,Predicted HIGH Congestion (Speed cap 25.0 km/h),25.0,84.5,389.3,13:12:00,30.0,BASELINE_HISTORICAL_CALIBRATION,333.0,89.0
OBS_000776,13:12:30,23250.0,12017,ROUTE_NDLS_DDN_01,SYNTHETIC_SIMULATOR,OK,29.672343,77.642467,151.975,23.75,6.6,23.75,0.0,36.3,100,25.0,740.13,SEC_MOZ_SRE,,MOZ,SRE,35.025,162.025,CRUISING,,,,,224.61,,,GREEN,HIGH,False,,False,,JRN_0001,1.0,0.0,1.0,0.4541,1.0,SEVERE,Predicted HIGH Congestion (Speed cap 25.0 km/h),25.0,84.1,388.9,13:12:30,30.0,BASELINE_HISTORICAL_CALIBRATION,332.5,88.5
OBS_000777,13:13:00,23280.0,12017,ROUTE_NDLS_DDN_01,SYNTHETIC_SIMULATOR,OK,29.673991,77.641922,152.173,23.75,6.6,23.75,0.0,36.3,100,25.0,738.04,SEC_MOZ_SRE,,MOZ,SRE,34.827,161.827,CRUISING,,,,,224.89,,,GREEN,HIGH,False,,False,,JRN_0001,1.0,0.0,1.0,0.4541,1.0,SEVERE,Predicted HIGH Congestion (Speed cap 25.0 km/h),25.0,83.6,388.4,13:13:00,30.0,BASELINE_HISTORICAL_CALIBRATION,332.0,88.0
OBS_000778,13:13:30,23310.0,12017,ROUTE_NDLS_DDN_01,SYNTHETIC_SIMULATOR,OK,29.675639,77.641377,152.371,23.75,6.6,23.75,0.0,36.3,100,25.0,735.96,SEC_MOZ_SRE,,MOZ,SRE,34.629,161.629,CRUISING,,,,,225.18,,,GREEN,HIGH,False,,False,,JRN_0001,1.0,0.0,1.0,0.4541,1.0,SEVERE,Predicted HIGH Congestion (Speed cap 25.0 km/h),25.0,83.1,387.9,13:13:30,30.0,BASELINE_HISTORICAL_CALIBRATION,331.5,87.5
OBS_000779,13:14:00,23340.0,12017,ROUTE_NDLS_DDN_01,SYNTHETIC_SIMULATOR,OK,29.677287,77.640832,152.569,23.75,6.6,23.75,0.0,36.3,100,25.0,733.86,SEC_MOZ_SRE,,MOZ,SRE,34.431,161.431,CRUISING,,,,,225.47,,,GREEN,HIGH,False,,False,,JRN_0001,1.0,0.0,1.0,0.4541,1.0,SEVERE,Predicted HIGH Congestion (Speed cap 25.0 km/h),25.0,82.6,387.4,13:14:00,30.0,BASELINE_HISTORICAL_CALIBRATION,331.0,87.0
OBS_000780,13:14:30,23370.0,12017,ROUTE_NDLS_DDN_01,SYNTHETIC_SIMULATOR,OK,29.678935,77.640287,152.767,23.75,6.6,23.75,0.0,36.3,100,25.0,731.76,SEC_MOZ_SRE,,MOZ,SRE,34.233,161.233,CRUISING,,,,,225.76,,,GREEN,HIGH,False,,False,,JRN_0001,1.0,0.0,1.0,0.4541,1.0,SEVERE,Predicted HIGH Congestion (Speed cap 25.0 km/h),25.0,82.2,387.0,13:14:30,30.0,BASELINE_HISTORICAL_CALIBRATION,330.5,86.5
OBS_000781,13:15:00,23400.0,12017,ROUTE_NDLS_DDN_01,SYNTHETIC_SIMULATOR,OK,29.680583,77.639742,152.965,23.75,6.6,23.75,0.0,36.3,100,25.0,729.66,SEC_MOZ_SRE,,MOZ,SRE,34.035,161.035,CRUISING,,,,,226.04,,,GREEN,HIGH,False,,False,,JRN_0001,1.0,0.0,1.0,0.4541,1.0,SEVERE,Predicted HIGH Congestion (Speed cap 25.0 km/h),25.0,81.7,386.5,13:15:00,30.0,BASELINE_HISTORICAL_CALIBRATION,330.0,86.0
OBS_000782,13:15:30,23430.0,12017,ROUTE_NDLS_DDN_01,SYNTHETIC_SIMULATOR,OK,29.682231,77.639197,153.162,23.75,6.6,23.75,0.0,36.3,100,25.0,727.54,SEC_MOZ_SRE,,MOZ,SRE,33.838,160.838,CRUISING,,,,,226.33,,,GREEN,HIGH,False,,False,,JRN_0001,1.0,0.0,1.0,0.4541,1.0,SEVERE,Predicted HIGH Congestion (Speed cap 25.0 km/h),25.0,81.2,386.0,13:15:30,30.0,BASELINE_HISTORICAL_CALIBRATION,329.5,85.5
OBS_000783,13:16:00,23460.0,12017,ROUTE_NDLS_DDN_01,SYNTHETIC_SIMULATOR,OK,29.683879,77.638651,153.36,23.75,6.6,23.75,0.0,36.3,100,25.0,725.42,SEC_MOZ_SRE,,MOZ,SRE,33.64,160.64,CRUISING,,,,,226.62,,,GREEN,HIGH,False,,False,,JRN_0001,1.0,0.0,1.0,0.4541,1.0,SEVERE,Predicted HIGH Congestion (Speed cap 25.0 km/h),25.0,80.7,385.5,13:16:00,30.0,BASELINE_HISTORICAL_CALIBRATION,329.0,85.0
OBS_000784,13:16:30,23490.0,12017,ROUTE_NDLS_DDN_01,SYNTHETIC_SIMULATOR,OK,29.685527,77.638106,153.558,23.75,6.6,23.75,0.0,36.3,100,25.0,723.3,SEC_MOZ_SRE,,MOZ,SRE,33.442,160.442,CRUISING,,,,,226.91,,,GREEN,HIGH,False,,False,,JRN_0001,1.0,0.0,1.0,0.4541,1.0,SEVERE,Predicted HIGH Congestion (Speed cap 25.0 km/h),25.0,80.3,385.1,13:16:30,30.0,BASELINE_HISTORICAL_CALIBRATION,328.5,84.5
OBS_000785,13:17:00,23520.0,12017,ROUTE_NDLS_DDN_01,SYNTHETIC_SIMULATOR,OK,29.687175,77.637561,153.756,23.75,6.6,23.75,0.0,36.3,100,25.0,721.17,SEC_MOZ_SRE,,MOZ,SRE,33.244,160.244,CRUISING,,,,,227.19,,,GREEN,HIGH,False,,False,,JRN_0001,1.0,0.0,1.0,0.4541,1.0,SEVERE,Predicted HIGH Congestion (Speed cap 25.0 km/h),25.0,79.8,384.6,13:17:00,30.0,BASELINE_HISTORICAL_CALIBRATION,328.0,84.0
OBS_000786,13:17:30,23550.0,12017,ROUTE_NDLS_DDN_01,SYNTHETIC_SIMULATOR,OK,29.688823,77.637016,153.954,23.75,6.6,23.75,0.0,36.3,100,25.0,719.03,SEC_MOZ_SRE,,MOZ,SRE,33.046,160.046,CRUISING,,,,,227.48,,,GREEN,HIGH,False,,False,,JRN_0001,1.0,0.0,1.0,0.4541,1.0,SEVERE,Predicted HIGH Congestion (Speed cap 25.0 km/h),25.0,79.3,384.1,13:17:30,30.0,BASELINE_HISTORICAL_CALIBRATION,327.5,83.5
OBS_000787,13:18:00,23580.0,12017,ROUTE_NDLS_DDN_01,SYNTHETIC_SIMULATOR,OK,29.690472,77.636471,154.152,23.75,6.6,23.75,0.0,36.3,100,25.0,716.89,SEC_MOZ_SRE,,MOZ,SRE,32.848,159.848,CRUISING,,,,,227.77,,,GREEN,HIGH,False,,False,,JRN_0001,1.0,0.0,1.0,0.4541,1.0,SEVERE,Predicted HIGH Congestion (Speed cap 25.0 km/h),25.0,78.8,383.6,13:18:00,30.0,BASELINE_HISTORICAL_CALIBRATION,327.0,83.0
OBS_000788,13:18:30,23610.0,12017,ROUTE_NDLS_DDN_01,SYNTHETIC_SIMULATOR,OK,29.69212,77.635926,154.35,23.75,6.6,23.75,0.0,36.3,100,25.0,714.74,SEC_MOZ_SRE,,MOZ,SRE,32.65,159.65,CRUISING,,,,,228.06,,,GREEN,HIGH,False,,False,,JRN_0001,1.0,0.0,1.0,0.4541,1.0,SEVERE,Predicted HIGH Congestion (Speed cap 25.0 km/h),25.0,78.4,383.2,13:18:30,30.0,BASELINE_HISTORICAL_CALIBRATION,326.5,82.5
OBS_000789,13:19:00,23640.0,12017,ROUTE_NDLS_DDN_01,SYNTHETIC_SIMULATOR,OK,29.693768,77.635381,154.548,23.75,6.6,23.75,0.0,36.3,100,25.0,712.58,SEC_MOZ_SRE,,MOZ,SRE,32.452,159.452,CRUISING,,,,,228.34,,,GREEN,HIGH,False,,False,,JRN_0001,1.0,0.0,1.0,0.4541,1.0,SEVERE,Predicted HIGH Congestion (Speed cap 25.0 km/h),25.0,77.9,382.7,13:19:00,30.0,BASELINE_HISTORICAL_CALIBRATION,326.0,82.0
OBS_000790,13:19:30,23670.0,12017,ROUTE_NDLS_DDN_01,SYNTHETIC_SIMULATOR,OK,29.695416,77.634836,154.746,23.75,6.6,23.75,0.0,36.3,100,25.0,710.42,SEC_MOZ_SRE,,MOZ,SRE,32.254,159.254,CRUISING,,,,,228.63,,,GREEN,HIGH,False,,False,,JRN_0001,1.0,0.0,1.0,0.4541,1.0,SEVERE,Predicted HIGH Congestion (Speed cap 25.0 km/h),25.0,77.4,382.2,13:19:30,30.0,BASELINE_HISTORICAL_CALIBRATION,325.5,81.5
OBS_000791,13:20:00,23700.0,12017,ROUTE_NDLS_DDN_01,SYNTHETIC_SIMULATOR,OK,29.697064,77.634291,154.944,23.75,6.6,23.75,0.0,36.3,100,25.0,708.25,SEC_MOZ_SRE,,MOZ,SRE,32.056,159.056,CRUISING,,,,,228.92,,,GREEN,HIGH,False,,False,,JRN_0001,1.0,0.0,1.0,0.4541,1.0,SEVERE,Predicted HIGH Congestion (Speed cap 25.0 km/h),25.0,76.9,381.7,13:20:00,30.0,BASELINE_HISTORICAL_CALIBRATION,325.0,81.0
OBS_000792,13:20:30,23730.0,12017,ROUTE_NDLS_DDN_01,SYNTHETIC_SIMULATOR,OK,29.698712,77.633745,155.142,23.75,6.6,23.75,0.0,36.3,100,25.0,706.07,SEC_MOZ_SRE,,MOZ,SRE,31.858,158.858,CRUISING,,,,,229.21,,,GREEN,HIGH,False,,False,,JRN_0001,1.0,0.0,1.0,0.4541,1.0,SEVERE,Predicted HIGH Congestion (Speed cap 25.0 km/h),25.0,76.5,381.3,13:20:30,30.0,BASELINE_HISTORICAL_CALIBRATION,324.5,80.5
OBS_000793,13:21:00,23760.0,12017,ROUTE_NDLS_DDN_01,SYNTHETIC_SIMULATOR,OK,29.70036,77.6332,155.34,23.75,6.6,23.75,0.0,36.3,100,25.0,703.89,SEC_MOZ_SRE,,MOZ,SRE,31.66,158.66,CRUISING,,,,,229.49,,,GREEN,HIGH,False,,False,,JRN_0001,1.0,0.0,1.0,0.4541,1.0,SEVERE,Predicted HIGH Congestion (Speed cap 25.0 km/h),25.0,76.0,380.8,13:21:00,30.0,BASELINE_HISTORICAL_CALIBRATION,324.0,80.0
OBS_000794,13:21:30,23790.0,12017,ROUTE_NDLS_DDN_01,SYNTHETIC_SIMULATOR,OK,29.702008,77.632655,155.537,23.75,6.6,23.75,0.0,36.3,100,25.0,701.7,SEC_MOZ_SRE,,MOZ,SRE,31.463,158.463,CRUISING,,,,,229.78,,,GREEN,HIGH,False,,False,,JRN_0001,1.0,0.0,1.0,0.4541,1.0,SEVERE,Predicted HIGH Congestion (Speed cap 25.0 km/h),25.0,75.5,380.3,13:21:30,30.0,BASELINE_HISTORICAL_CALIBRATION,323.5,79.5
OBS_000795,13:22:00,23820.0,12017,ROUTE_NDLS_DDN_01,SYNTHETIC_SIMULATOR,OK,29.703656,77.63211,155.735,23.75,6.6,23.75,0.0,36.3,100,25.0,699.5,SEC_MOZ_SRE,,MOZ,SRE,31.265,158.265,CRUISING,,,,,230.07,,,GREEN,HIGH,False,,False,,JRN_0001,1.0,0.0,1.0,0.4541,1.0,SEVERE,Predicted HIGH Congestion (Speed cap 25.0 km/h),25.0,75.0,379.8,13:22:00,30.0,BASELINE_HISTORICAL_CALIBRATION,323.0,79.0
OBS_000796,13:22:30,23850.0,12017,ROUTE_NDLS_DDN_01,SYNTHETIC_SIMULATOR,OK,29.705304,77.631565,155.933,23.75,6.6,23.75,0.0,36.3,100,25.0,697.3,SEC_MOZ_SRE,,MOZ,SRE,31.067,158.067,CRUISING,,,,,230.36,,,GREEN,HIGH,False,,False,,JRN_0001,1.0,0.0,1.0,0.4541,1.0,SEVERE,Predicted HIGH Congestion (Speed cap 25.0 km/h),25.0,74.6,379.4,13:22:30,30.0,BASELINE_HISTORICAL_CALIBRATION,322.5,78.5
OBS_000797,13:23:00,23880.0,12017,ROUTE_NDLS_DDN_01,SYNTHETIC_SIMULATOR,OK,29.706952,77.63102,156.131,23.75,6.6,23.75,0.0,36.3,100,25.0,695.09,SEC_MOZ_SRE,,MOZ,SRE,30.869,157.869,CRUISING,,,,,230.64,,,GREEN,HIGH,False,,False,,JRN_0001,1.0,0.0,1.0,0.4541,1.0,SEVERE,Predicted HIGH Congestion (Speed cap 25.0 km/h),25.0,74.1,378.9,13:23:00,30.0,BASELINE_HISTORICAL_CALIBRATION,322.0,78.0
OBS_000798,13:23:30,23910.0,12017,ROUTE_NDLS_DDN_01,SYNTHETIC_SIMULATOR,OK,29.7086,77.630475,156.329,23.75,6.6,23.75,0.0,36.3,100,25.0,692.87,SEC_MOZ_SRE,,MOZ,SRE,30.671,157.671,CRUISING,,,,,230.93,,,GREEN,HIGH,False,,False,,JRN_0001,1.0,0.0,1.0,0.4541,1.0,SEVERE,Predicted HIGH Congestion (Speed cap 25.0 km/h),25.0,73.6,378.4,13:23:30,30.0,BASELINE_HISTORICAL_CALIBRATION,321.5,77.5
OBS_000799,13:24:00,23940.0,12017,ROUTE_NDLS_DDN_01,SYNTHETIC_SIMULATOR,OK,29.710248,77.62993,156.527,23.75,6.6,23.75,0.0,36.3,100,25.0,690.65,SEC_MOZ_SRE,,MOZ,SRE,30.473,157.473,CRUISING,,,,,231.22,,,GREEN,HIGH,False,,False,,JRN_0001,1.0,0.0,1.0,0.4541,1.0,SEVERE,Predicted HIGH Congestion (Speed cap 25.0 km/h),25.0,73.1,377.9,13:24:00,30.0,BASELINE_HISTORICAL_CALIBRATION,321.0,77.0
OBS_000800,13:24:30,23970.0,12017,ROUTE_NDLS_DDN_01,SYNTHETIC_SIMULATOR,OK,29.711896,77.629385,156.725,23.75,6.6,23.75,0.0,36.3,100,25.0,688.41,SEC_MOZ_SRE,,MOZ,SRE,30.275,157.275,CRUISING,,,,,231.51,,,GREEN,HIGH,False,,False,,JRN_0001,1.0,0.0,1.0,0.4541,1.0,SEVERE,Predicted HIGH Congestion (Speed cap 25.0 km/h),25.0,72.7,377.5,13:24:30,30.0,BASELINE_HISTORICAL_CALIBRATION,320.5,76.5
OBS_000801,13:25:00,24000.0,12017,ROUTE_NDLS_DDN_01,SYNTHETIC_SIMULATOR,OK,29.713545,77.628839,156.923,23.75,6.6,23.75,0.0,36.3,100,25.0,686.18,SEC_MOZ_SRE,,MOZ,SRE,30.077,157.077,CRUISING,,,,,231.8,,,GREEN,HIGH,False,,False,,JRN_0001,1.0,0.0,1.0,0.4541,1.0,SEVERE,Predicted HIGH Congestion (Speed cap 25.0 km/h),25.0,72.2,377.0,13:25:00,30.0,BASELINE_HISTORICAL_CALIBRATION,320.0,76.0
OBS_000802,13:25:30,24030.0,12017,ROUTE_NDLS_DDN_01,SYNTHETIC_SIMULATOR,OK,29.715193,77.628294,157.121,23.75,6.6,23.75,0.0,36.3,100,25.0,683.93,SEC_MOZ_SRE,,MOZ,SRE,29.879,156.879,CRUISING,,,,,232.08,,,GREEN,HIGH,False,,False,,JRN_0001,1.0,0.0,1.0,0.4541,1.0,SEVERE,Predicted HIGH Congestion (Speed cap 25.0 km/h),25.0,71.7,376.5,13:25:30,30.0,BASELINE_HISTORICAL_CALIBRATION,319.5,75.5
OBS_000803,13:26:00,24060.0,12017,ROUTE_NDLS_DDN_01,SYNTHETIC_SIMULATOR,OK,29.716841,77.627749,157.319,23.75,6.6,23.75,0.0,36.3,100,25.0,681.67,SEC_MOZ_SRE,,MOZ,SRE,29.681,156.681,CRUISING,,,,,232.37,,,GREEN,HIGH,False,,False,,JRN_0001,1.0,0.0,1.0,0.4541,1.0,SEVERE,Predicted HIGH Congestion (Speed cap 25.0 km/h),25.0,71.2,376.0,13:26:00,30.0,BASELINE_HISTORICAL_CALIBRATION,319.0,75.0
OBS_000804,13:26:30,24090.0,12017,ROUTE_NDLS_DDN_01,SYNTHETIC_SIMULATOR,OK,29.718489,77.627204,157.517,23.75,6.6,23.75,0.0,36.3,100,25.0,679.41,SEC_MOZ_SRE,,MOZ,SRE,29.483,156.483,CRUISING,,,,,232.66,,,GREEN,HIGH,False,,False,,JRN_0001,1.0,0.0,1.0,0.4541,1.0,SEVERE,Predicted HIGH Congestion (Speed cap 25.0 km/h),25.0,70.8,375.6,13:26:30,30.0,BASELINE_HISTORICAL_CALIBRATION,318.5,74.5
OBS_000805,13:27:00,24120.0,12017,ROUTE_NDLS_DDN_01,SYNTHETIC_SIMULATOR,OK,29.720137,77.626659,157.715,23.75,6.6,23.75,0.0,36.3,100,25.0,677.14,SEC_MOZ_SRE,,MOZ,SRE,29.285,156.285,CRUISING,,,,,232.95,,,GREEN,HIGH,False,,False,,JRN_0001,1.0,0.0,1.0,0.4541,1.0,SEVERE,Predicted HIGH Congestion (Speed cap 25.0 km/h),25.0,70.3,375.1,13:27:00,30.0,BASELINE_HISTORICAL_CALIBRATION,318.0,74.0
OBS_000806,13:27:30,24150.0,12017,ROUTE_NDLS_DDN_01,SYNTHETIC_SIMULATOR,OK,29.721785,77.626114,157.912,23.75,6.6,23.75,0.0,36.3,100,25.0,674.87,SEC_MOZ_SRE,,MOZ,SRE,29.088,156.088,CRUISING,,,,,233.23,,,GREEN,HIGH,False,,False,,JRN_0001,1.0,0.0,1.0,0.4541,1.0,SEVERE,Predicted HIGH Congestion (Speed cap 25.0 km/h),25.0,69.8,374.6,13:27:30,30.0,BASELINE_HISTORICAL_CALIBRATION,317.5,73.5
OBS_000807,13:28:00,24180.0,12017,ROUTE_NDLS_DDN_01,SYNTHETIC_SIMULATOR,OK,29.723433,77.625569,158.11,23.75,6.6,23.75,0.0,36.3,100,25.0,672.58,SEC_MOZ_SRE,,MOZ,SRE,28.89,155.89,CRUISING,,,,,233.52,,,GREEN,HIGH,False,,False,,JRN_0001,1.0,0.0,1.0,0.4541,1.0,SEVERE,Predicted HIGH Congestion (Speed cap 25.0 km/h),25.0,69.3,374.1,13:28:00,30.0,BASELINE_HISTORICAL_CALIBRATION,317.0,73.0
OBS_000808,13:28:30,24210.0,12017,ROUTE_NDLS_DDN_01,SYNTHETIC_SIMULATOR,OK,29.725081,77.625024,158.308,23.75,6.6,23.75,0.0,36.3,100,25.0,670.29,SEC_MOZ_SRE,,MOZ,SRE,28.692,155.692,CRUISING,,,,,233.81,,,GREEN,HIGH,False,,False,,JRN_0001,1.0,0.0,1.0,0.4541,1.0,SEVERE,Predicted HIGH Congestion (Speed cap 25.0 km/h),25.0,68.9,373.7,13:28:30,30.0,BASELINE_HISTORICAL_CALIBRATION,316.5,72.5
OBS_000809,13:29:00,24240.0,12017,ROUTE_NDLS_DDN_01,SYNTHETIC_SIMULATOR,OK,29.726729,77.624479,158.506,23.75,6.6,23.75,0.0,36.3,100,25.0,667.99,SEC_MOZ_SRE,,MOZ,SRE,28.494,155.494,CRUISING,,,,,234.1,,,GREEN,HIGH,False,,False,,JRN_0001,1.0,0.0,1.0,0.4541,1.0,SEVERE,Predicted HIGH Congestion (Speed cap 25.0 km/h),25.0,68.4,373.2,13:29:00,30.0,BASELINE_HISTORICAL_CALIBRATION,316.0,72.0
OBS_000810,13:29:30,24270.0,12017,ROUTE_NDLS_DDN_01,SYNTHETIC_SIMULATOR,OK,29.728377,77.623933,158.704,23.75,6.6,23.75,0.0,36.3,100,25.0,665.68,SEC_MOZ_SRE,,MOZ,SRE,28.296,155.296,CRUISING,,,,,234.38,,,GREEN,HIGH,False,,False,,JRN_0001,1.0,0.0,1.0,0.4541,1.0,SEVERE,Predicted HIGH Congestion (Speed cap 25.0 km/h),25.0,67.9,372.7,13:29:30,30.0,BASELINE_HISTORICAL_CALIBRATION,315.5,71.5
OBS_000811,13:30:00,24300.0,12017,ROUTE_NDLS_DDN_01,SYNTHETIC_SIMULATOR,OK,29.730025,77.623388,158.902,23.75,6.6,23.75,0.0,36.3,100,25.0,663.37,SEC_MOZ_SRE,,MOZ,SRE,28.098,155.098,CRUISING,,,,,234.67,,,GREEN,HIGH,False,,False,,JRN_0001,1.0,0.0,1.0,0.4541,1.0,SEVERE,Predicted HIGH Congestion (Speed cap 25.0 km/h),25.0,67.4,372.2,13:30:00,30.0,BASELINE_HISTORICAL_CALIBRATION,315.0,71.0
OBS_000812,13:30:30,24330.0,12017,ROUTE_NDLS_DDN_01,SYNTHETIC_SIMULATOR,OK,29.731673,77.622843,159.1,23.75,6.6,23.75,0.0,36.3,100,25.0,661.04,SEC_MOZ_SRE,,MOZ,SRE,27.9,154.9,CRUISING,,,,,234.96,,,GREEN,HIGH,False,,False,,JRN_0001,1.0,0.0,1.0,0.4541,1.0,SEVERE,Predicted HIGH Congestion (Speed cap 25.0 km/h),25.0,67.0,371.8,13:30:30,30.0,BASELINE_HISTORICAL_CALIBRATION,314.5,70.5
OBS_000813,13:31:00,24360.0,12017,ROUTE_NDLS_DDN_01,SYNTHETIC_SIMULATOR,OK,29.733321,77.622298,159.298,23.75,6.6,23.75,0.0,36.3,100,25.0,658.71,SEC_MOZ_SRE,,MOZ,SRE,27.702,154.702,CRUISING,,,,,235.25,,,GREEN,HIGH,False,,False,,JRN_0001,1.0,0.0,1.0,0.4541,1.0,SEVERE,Predicted HIGH Congestion (Speed cap 25.0 km/h),25.0,66.5,371.3,13:31:00,30.0,BASELINE_HISTORICAL_CALIBRATION,314.0,70.0
OBS_000814,13:31:30,24390.0,12017,ROUTE_NDLS_DDN_01,SYNTHETIC_SIMULATOR,OK,29.73497,77.621753,159.496,23.75,6.6,23.75,0.0,36.3,100,25.0,656.37,SEC_MOZ_SRE,,MOZ,SRE,27.504,154.504,CRUISING,,,,,235.53,,,GREEN,HIGH,False,,False,,JRN_0001,1.0,0.0,1.0,0.4541,1.0,SEVERE,Predicted HIGH Congestion (Speed cap 25.0 km/h),25.0,66.0,370.8,13:31:30,30.0,BASELINE_HISTORICAL_CALIBRATION,313.5,69.5
OBS_000815,13:32:00,24420.0,12017,ROUTE_NDLS_DDN_01,SYNTHETIC_SIMULATOR,OK,29.736618,77.621208,159.694,23.75,6.6,23.75,0.0,36.3,100,25.0,654.02,SEC_MOZ_SRE,,MOZ,SRE,27.306,154.306,CRUISING,,,,,235.82,,,GREEN,HIGH,False,,False,,JRN_0001,1.0,0.0,1.0,0.4541,1.0,SEVERE,Predicted HIGH Congestion (Speed cap 25.0 km/h),25.0,65.5,370.3,13:32:00,30.0,BASELINE_HISTORICAL_CALIBRATION,313.0,69.0
OBS_000816,13:32:30,24450.0,12017,ROUTE_NDLS_DDN_01,SYNTHETIC_SIMULATOR,OK,29.738266,77.620663,159.892,23.75,6.6,23.75,0.0,36.3,100,25.0,651.66,SEC_MOZ_SRE,,MOZ,SRE,27.108,154.108,CRUISING,,,,,236.11,,,GREEN,HIGH,False,,False,,JRN_0001,1.0,0.0,1.0,0.4541,1.0,SEVERE,Predicted HIGH Congestion (Speed cap 25.0 km/h),25.0,65.1,369.9,13:32:30,30.0,BASELINE_HISTORICAL_CALIBRATION,312.5,68.5
OBS_000817,13:33:00,24480.0,12017,ROUTE_NDLS_DDN_01,SYNTHETIC_SIMULATOR,OK,29.739914,77.620118,160.09,23.75,6.6,23.75,0.0,36.3,100,25.0,649.3,SEC_MOZ_SRE,,MOZ,SRE,26.91,153.91,CRUISING,,,,,236.4,,,GREEN,HIGH,False,,False,,JRN_0001,1.0,0.0,1.0,0.4541,1.0,SEVERE,Predicted HIGH Congestion (Speed cap 25.0 km/h),25.0,64.6,369.4,13:33:00,30.0,BASELINE_HISTORICAL_CALIBRATION,312.0,68.0
OBS_000818,13:33:30,24510.0,12017,ROUTE_NDLS_DDN_01,SYNTHETIC_SIMULATOR,OK,29.741562,77.619573,160.287,23.75,6.6,23.75,0.0,36.3,100,25.0,646.92,SEC_MOZ_SRE,,MOZ,SRE,26.713,153.713,CRUISING,,,,,236.68,,,GREEN,HIGH,False,,False,,JRN_0001,1.0,0.0,1.0,0.4541,1.0,SEVERE,Predicted HIGH Congestion (Speed cap 25.0 km/h),25.0,64.1,368.9,13:33:30,30.0,BASELINE_HISTORICAL_CALIBRATION,311.5,67.5
OBS_000819,13:34:00,24540.0,12017,ROUTE_NDLS_DDN_01,SYNTHETIC_SIMULATOR,OK,29.74321,77.619027,160.485,23.75,6.6,23.75,0.0,36.3,100,25.0,644.54,SEC_MOZ_SRE,,MOZ,SRE,26.515,153.515,CRUISING,,,,,236.97,,,GREEN,HIGH,False,,False,,JRN_0001,1.0,0.0,1.0,0.4541,1.0,SEVERE,Predicted HIGH Congestion (Speed cap 25.0 km/h),25.0,63.6,368.4,13:34:00,30.0,BASELINE_HISTORICAL_CALIBRATION,311.0,67.0
OBS_000820,13:34:30,24570.0,12017,ROUTE_NDLS_DDN_01,SYNTHETIC_SIMULATOR,OK,29.744858,77.618482,160.683,23.75,6.6,23.75,0.0,36.3,100,25.0,642.15,SEC_MOZ_SRE,,MOZ,SRE,26.317,153.317,CRUISING,,,,,237.26,,,GREEN,HIGH,False,,False,,JRN_0001,1.0,0.0,1.0,0.4541,1.0,SEVERE,Predicted HIGH Congestion (Speed cap 25.0 km/h),25.0,63.2,368.0,13:34:30,30.0,BASELINE_HISTORICAL_CALIBRATION,310.5,66.5
OBS_000821,13:35:00,24600.0,12017,ROUTE_NDLS_DDN_01,SYNTHETIC_SIMULATOR,OK,29.746506,77.617937,160.881,23.75,6.6,23.75,0.0,36.3,100,25.0,639.75,SEC_MOZ_SRE,,MOZ,SRE,26.119,153.119,CRUISING,,,,,237.55,,,GREEN,HIGH,False,,False,,JRN_0001,1.0,0.0,1.0,0.4541,1.0,SEVERE,Predicted HIGH Congestion (Speed cap 25.0 km/h),25.0,62.7,367.5,13:35:00,30.0,BASELINE_HISTORICAL_CALIBRATION,310.0,66.0
OBS_000822,13:35:30,24630.0,12017,ROUTE_NDLS_DDN_01,SYNTHETIC_SIMULATOR,OK,29.748154,77.617392,161.079,23.75,6.6,23.75,0.0,36.3,100,25.0,637.34,SEC_MOZ_SRE,,MOZ,SRE,25.921,152.921,CRUISING,,,,,237.83,,,GREEN,HIGH,False,,False,,JRN_0001,1.0,0.0,1.0,0.4541,1.0,SEVERE,Predicted HIGH Congestion (Speed cap 25.0 km/h),25.0,62.2,367.0,13:35:30,30.0,BASELINE_HISTORICAL_CALIBRATION,309.5,65.5
OBS_000823,13:36:00,24660.0,12017,ROUTE_NDLS_DDN_01,SYNTHETIC_SIMULATOR,OK,29.749802,77.616847,161.277,23.75,6.6,23.75,0.0,36.3,100,25.0,634.92,SEC_MOZ_SRE,,MOZ,SRE,25.723,152.723,CRUISING,,,,,238.12,,,GREEN,HIGH,False,,False,,JRN_0001,1.0,0.0,1.0,0.4541,1.0,SEVERE,Predicted HIGH Congestion (Speed cap 25.0 km/h),25.0,61.7,366.5,13:36:00,30.0,BASELINE_HISTORICAL_CALIBRATION,309.0,65.0
OBS_000824,13:36:30,24690.0,12017,ROUTE_NDLS_DDN_01,SYNTHETIC_SIMULATOR,OK,29.75145,77.616302,161.475,23.75,6.6,23.75,0.0,36.3,100,25.0,632.49,SEC_MOZ_SRE,,MOZ,SRE,25.525,152.525,CRUISING,,,,,238.41,,,GREEN,HIGH,False,,False,,JRN_0001,1.0,0.0,1.0,0.4541,1.0,SEVERE,Predicted HIGH Congestion (Speed cap 25.0 km/h),25.0,61.3,366.1,13:36:30,30.0,BASELINE_HISTORICAL_CALIBRATION,308.5,64.5
OBS_000825,13:37:00,24720.0,12017,ROUTE_NDLS_DDN_01,SYNTHETIC_SIMULATOR,OK,29.753098,77.615757,161.673,23.75,6.6,23.75,0.0,36.3,100,25.0,630.05,SEC_MOZ_SRE,,MOZ,SRE,25.327,152.327,CRUISING,,,,,238.7,,,GREEN,HIGH,False,,False,,JRN_0001,1.0,0.0,1.0,0.4541,1.0,SEVERE,Predicted HIGH Congestion (Speed cap 25.0 km/h),25.0,60.8,365.6,13:37:00,30.0,BASELINE_HISTORICAL_CALIBRATION,308.0,64.0
OBS_000826,13:37:30,24750.0,12017,ROUTE_NDLS_DDN_01,SYNTHETIC_SIMULATOR,OK,29.754746,77.615212,161.871,23.75,6.6,23.75,0.0,36.3,100,25.0,627.6,SEC_MOZ_SRE,,MOZ,SRE,25.129,152.129,CRUISING,,,,,238.98,,,GREEN,HIGH,False,,False,,JRN_0001,1.0,0.0,1.0,0.4541,1.0,SEVERE,Predicted HIGH Congestion (Speed cap 25.0 km/h),25.0,60.3,365.1,13:37:30,30.0,BASELINE_HISTORICAL_CALIBRATION,307.5,63.5
OBS_000827,13:38:00,24780.0,12017,ROUTE_NDLS_DDN_01,SYNTHETIC_SIMULATOR,OK,29.756395,77.614667,162.069,23.75,6.6,23.75,0.0,36.3,100,25.0,625.15,SEC_MOZ_SRE,,MOZ,SRE,24.931,151.931,CRUISING,,,,,239.27,,,GREEN,HIGH,False,,False,,JRN_0001,1.0,0.0,1.0,0.4541,1.0,SEVERE,Predicted HIGH Congestion (Speed cap 25.0 km/h),25.0,59.8,364.6,13:38:00,30.0,BASELINE_HISTORICAL_CALIBRATION,307.0,63.0
OBS_000828,13:38:30,24810.0,12017,ROUTE_NDLS_DDN_01,SYNTHETIC_SIMULATOR,OK,29.758043,77.614121,162.267,23.75,6.6,23.75,0.0,36.3,100,25.0,622.68,SEC_MOZ_SRE,,MOZ,SRE,24.733,151.733,CRUISING,,,,,239.56,,,GREEN,HIGH,False,,False,,JRN_0001,1.0,0.0,1.0,0.4541,1.0,SEVERE,Predicted HIGH Congestion (Speed cap 25.0 km/h),25.0,59.4,364.2,13:38:30,30.0,BASELINE_HISTORICAL_CALIBRATION,306.5,62.5
OBS_000829,13:39:00,24840.0,12017,ROUTE_NDLS_DDN_01,SYNTHETIC_SIMULATOR,OK,29.759691,77.613576,162.465,23.75,6.6,23.75,0.0,36.3,100,25.0,620.2,SEC_MOZ_SRE,,MOZ,SRE,24.535,151.535,CRUISING,,,,,239.85,,,GREEN,HIGH,False,,False,,JRN_0001,1.0,0.0,1.0,0.4541,1.0,SEVERE,Predicted HIGH Congestion (Speed cap 25.0 km/h),25.0,58.9,363.7,13:39:00,30.0,BASELINE_HISTORICAL_CALIBRATION,306.0,62.0
OBS_000830,13:39:30,24870.0,12017,ROUTE_NDLS_DDN_01,SYNTHETIC_SIMULATOR,OK,29.761339,77.613031,162.662,23.75,6.6,23.75,0.0,36.3,100,25.0,617.72,SEC_MOZ_SRE,,MOZ,SRE,24.338,151.338,CRUISING,,,,,240.14,,,GREEN,HIGH,False,,False,,JRN_0001,1.0,0.0,1.0,0.4541,1.0,SEVERE,Predicted HIGH Congestion (Speed cap 25.0 km/h),25.0,58.4,363.2,13:39:30,30.0,BASELINE_HISTORICAL_CALIBRATION,305.5,61.5
OBS_000831,13:40:00,24900.0,12017,ROUTE_NDLS_DDN_01,SYNTHETIC_SIMULATOR,OK,29.762987,77.612486,162.86,23.75,6.6,23.75,0.0,36.3,100,25.0,615.22,SEC_MOZ_SRE,,MOZ,SRE,24.14,151.14,CRUISING,,,,,240.42,,,GREEN,HIGH,False,,False,,JRN_0001,1.0,0.0,1.0,0.4541,1.0,SEVERE,Predicted HIGH Congestion (Speed cap 25.0 km/h),25.0,57.9,362.7,13:40:00,30.0,BASELINE_HISTORICAL_CALIBRATION,305.0,61.0
OBS_000832,13:40:30,24930.0,12017,ROUTE_NDLS_DDN_01,SYNTHETIC_SIMULATOR,OK,29.764635,77.611941,163.058,23.75,6.6,23.75,0.0,36.3,100,25.0,612.71,SEC_MOZ_SRE,,MOZ,SRE,23.942,150.942,CRUISING,,,,,240.71,,,GREEN,HIGH,False,,False,,JRN_0001,1.0,0.0,1.0,0.4541,1.0,SEVERE,Predicted HIGH Congestion (Speed cap 25.0 km/h),25.0,57.5,362.3,13:40:30,30.0,BASELINE_HISTORICAL_CALIBRATION,304.5,60.5
OBS_000833,13:41:00,24960.0,12017,ROUTE_NDLS_DDN_01,SYNTHETIC_SIMULATOR,OK,29.766283,77.611396,163.256,23.75,6.6,23.75,0.0,36.3,100,25.0,610.2,SEC_MOZ_SRE,,MOZ,SRE,23.744,150.744,CRUISING,,,,,241.0,,,GREEN,HIGH,False,,False,,JRN_0001,1.0,0.0,1.0,0.4541,1.0,SEVERE,Predicted HIGH Congestion (Speed cap 25.0 km/h),25.0,57.0,361.8,13:41:00,30.0,BASELINE_HISTORICAL_CALIBRATION,304.0,60.0
OBS_000834,13:41:30,24990.0,12017,ROUTE_NDLS_DDN_01,SYNTHETIC_SIMULATOR,OK,29.767931,77.610851,163.454,23.75,6.6,23.75,0.0,36.3,100,25.0,607.67,SEC_MOZ_SRE,,MOZ,SRE,23.546,150.546,CRUISING,,,,,241.29,,,GREEN,HIGH,False,,False,,JRN_0001,1.0,0.0,1.0,0.4541,1.0,SEVERE,Predicted HIGH Congestion (Speed cap 25.0 km/h),25.0,56.5,361.3,13:41:30,30.0,BASELINE_HISTORICAL_CALIBRATION,303.5,59.5
OBS_000835,13:42:00,25020.0,12017,ROUTE_NDLS_DDN_01,SYNTHETIC_SIMULATOR,OK,29.769579,77.610306,163.652,23.75,6.6,23.75,0.0,36.3,100,25.0,605.13,SEC_MOZ_SRE,,MOZ,SRE,23.348,150.348,CRUISING,,,,,241.57,,,GREEN,HIGH,False,,False,,JRN_0001,1.0,0.0,1.0,0.4541,1.0,SEVERE,Predicted HIGH Congestion (Speed cap 25.0 km/h),25.0,56.0,360.8,13:42:00,30.0,BASELINE_HISTORICAL_CALIBRATION,303.0,59.0
OBS_000836,13:42:30,25050.0,12017,ROUTE_NDLS_DDN_01,SYNTHETIC_SIMULATOR,OK,29.771227,77.609761,163.85,23.75,6.6,23.75,0.0,36.3,100,25.0,602.58,SEC_MOZ_SRE,,MOZ,SRE,23.15,150.15,CRUISING,,,,,241.86,,,GREEN,HIGH,False,,False,,JRN_0001,1.0,0.0,1.0,0.4541,1.0,SEVERE,Predicted HIGH Congestion (Speed cap 25.0 km/h),25.0,55.6,360.4,13:42:30,30.0,BASELINE_HISTORICAL_CALIBRATION,302.5,58.5
OBS_000837,13:43:00,25080.0,12017,ROUTE_NDLS_DDN_01,SYNTHETIC_SIMULATOR,OK,29.772875,77.609215,164.048,23.75,6.6,23.75,0.0,36.3,100,25.0,600.02,SEC_MOZ_SRE,,MOZ,SRE,22.952,149.952,CRUISING,,,,,242.15,,,GREEN,HIGH,False,,False,,JRN_0001,1.0,0.0,1.0,0.4541,1.0,SEVERE,Predicted HIGH Congestion (Speed cap 25.0 km/h),25.0,55.1,359.9,13:43:00,30.0,BASELINE_HISTORICAL_CALIBRATION,302.0,58.0
OBS_000838,13:43:30,25110.0,12017,ROUTE_NDLS_DDN_01,SYNTHETIC_SIMULATOR,OK,29.774523,77.60867,164.246,23.75,6.6,23.75,0.0,36.3,100,25.0,597.45,SEC_MOZ_SRE,,MOZ,SRE,22.754,149.754,CRUISING,,,,,242.44,,,GREEN,HIGH,False,,False,,JRN_0001,1.0,0.0,1.0,0.4541,1.0,SEVERE,Predicted HIGH Congestion (Speed cap 25.0 km/h),25.0,54.6,359.4,13:43:30,30.0,BASELINE_HISTORICAL_CALIBRATION,301.5,57.5
OBS_000839,13:44:00,25140.0,12017,ROUTE_NDLS_DDN_01,SYNTHETIC_SIMULATOR,OK,29.776171,77.608125,164.444,23.75,6.6,23.75,0.0,36.3,100,25.0,594.87,SEC_MOZ_SRE,,MOZ,SRE,22.556,149.556,CRUISING,,,,,242.72,,,GREEN,HIGH,False,,False,,JRN_0001,1.0,0.0,1.0,0.4541,1.0,SEVERE,Predicted HIGH Congestion (Speed cap 25.0 km/h),25.0,54.1,358.9,13:44:00,30.0,BASELINE_HISTORICAL_CALIBRATION,301.0,57.0
OBS_000840,13:44:30,25170.0,12017,ROUTE_NDLS_DDN_01,SYNTHETIC_SIMULATOR,OK,29.77782,77.60758,164.642,23.75,6.6,23.75,0.0,36.3,100,25.0,592.28,SEC_MOZ_SRE,,MOZ,SRE,22.358,149.358,CRUISING,,,,,243.01,,,GREEN,HIGH,False,,False,,JRN_0001,1.0,0.0,1.0,0.4541,1.0,SEVERE,Predicted HIGH Congestion (Speed cap 25.0 km/h),25.0,53.7,358.5,13:44:30,30.0,BASELINE_HISTORICAL_CALIBRATION,300.5,56.5
OBS_000841,13:45:00,25200.0,12017,ROUTE_NDLS_DDN_01,SYNTHETIC_SIMULATOR,OK,29.779468,77.607035,164.84,23.75,6.6,23.75,0.0,36.3,100,25.0,589.68,SEC_MOZ_SRE,,MOZ,SRE,22.16,149.16,CRUISING,,,,,243.3,,,GREEN,HIGH,False,,False,,JRN_0001,1.0,0.0,1.0,0.4541,1.0,SEVERE,Predicted HIGH Congestion (Speed cap 25.0 km/h),25.0,53.2,358.0,13:45:00,30.0,BASELINE_HISTORICAL_CALIBRATION,300.0,56.0
OBS_000842,13:45:30,25230.0,12017,ROUTE_NDLS_DDN_01,SYNTHETIC_SIMULATOR,OK,29.781116,77.60649,165.037,23.75,6.6,23.75,0.0,36.3,100,25.0,587.06,SEC_MOZ_SRE,,MOZ,SRE,21.963,148.963,CRUISING,,,,,243.59,,,GREEN,HIGH,False,,False,,JRN_0001,1.0,0.0,1.0,0.4541,1.0,SEVERE,Predicted HIGH Congestion (Speed cap 25.0 km/h),25.0,52.7,357.5,13:45:30,30.0,BASELINE_HISTORICAL_CALIBRATION,299.5,55.5
OBS_000843,13:46:00,25260.0,12017,ROUTE_NDLS_DDN_01,SYNTHETIC_SIMULATOR,OK,29.782764,77.605945,165.235,23.75,6.6,23.75,0.0,36.3,100,25.0,584.43,SEC_MOZ_SRE,,MOZ,SRE,21.765,148.765,CRUISING,,,,,243.87,,,GREEN,HIGH,False,,False,,JRN_0001,1.0,0.0,1.0,0.4541,1.0,SEVERE,Predicted HIGH Congestion (Speed cap 25.0 km/h),25.0,52.2,357.0,13:46:00,30.0,BASELINE_HISTORICAL_CALIBRATION,299.0,55.0
OBS_000844,13:46:30,25290.0,12017,ROUTE_NDLS_DDN_01,SYNTHETIC_SIMULATOR,OK,29.784412,77.6054,165.433,23.75,6.6,23.75,0.0,36.3,100,25.0,581.79,SEC_MOZ_SRE,,MOZ,SRE,21.567,148.567,CRUISING,,,,,244.16,,,GREEN,HIGH,False,,False,,JRN_0001,1.0,0.0,1.0,0.4541,1.0,SEVERE,Predicted HIGH Congestion (Speed cap 25.0 km/h),25.0,51.8,356.6,13:46:30,30.0,BASELINE_HISTORICAL_CALIBRATION,298.5,54.5
OBS_000845,13:47:00,25320.0,12017,ROUTE_NDLS_DDN_01,SYNTHETIC_SIMULATOR,OK,29.78606,77.604855,165.631,23.75,6.6,23.75,0.0,36.3,100,25.0,579.14,SEC_MOZ_SRE,,MOZ,SRE,21.369,148.369,CRUISING,,,,,244.45,,,GREEN,HIGH,False,,False,,JRN_0001,1.0,0.0,1.0,0.4541,1.0,SEVERE,Predicted HIGH Congestion (Speed cap 25.0 km/h),25.0,51.3,356.1,13:47:00,30.0,BASELINE_HISTORICAL_CALIBRATION,298.0,54.0
OBS_000846,13:47:30,25350.0,12017,ROUTE_NDLS_DDN_01,SYNTHETIC_SIMULATOR,OK,29.787708,77.604309,165.829,23.75,6.6,23.75,0.0,36.3,100,25.0,576.48,SEC_MOZ_SRE,,MOZ,SRE,21.171,148.171,CRUISING,,,,,244.74,,,GREEN,HIGH,False,,False,,JRN_0001,1.0,0.0,1.0,0.4541,1.0,SEVERE,Predicted HIGH Congestion (Speed cap 25.0 km/h),25.0,50.8,355.6,13:47:30,30.0,BASELINE_HISTORICAL_CALIBRATION,297.5,53.5
OBS_000847,13:48:00,25380.0,12017,ROUTE_NDLS_DDN_01,SYNTHETIC_SIMULATOR,OK,29.789356,77.603764,166.027,23.75,6.6,23.75,0.0,36.3,100,25.0,573.8,SEC_MOZ_SRE,,MOZ,SRE,20.973,147.973,CRUISING,,,,,245.02,,,GREEN,HIGH,False,,False,,JRN_0001,1.0,0.0,1.0,0.4541,1.0,SEVERE,Predicted HIGH Congestion (Speed cap 25.0 km/h),25.0,50.3,355.1,13:48:00,30.0,BASELINE_HISTORICAL_CALIBRATION,297.0,53.0
OBS_000848,13:48:30,25410.0,12017,ROUTE_NDLS_DDN_01,SYNTHETIC_SIMULATOR,OK,29.791004,77.603219,166.225,23.75,6.6,23.75,0.0,36.3,100,25.0,571.11,SEC_MOZ_SRE,,MOZ,SRE,20.775,147.775,CRUISING,,,,,245.31,,,GREEN,HIGH,False,,False,,JRN_0001,1.0,0.0,1.0,0.4541,1.0,SEVERE,Predicted HIGH Congestion (Speed cap 25.0 km/h),25.0,49.9,354.7,13:48:30,30.0,BASELINE_HISTORICAL_CALIBRATION,296.5,52.5
OBS_000849,13:49:00,25440.0,12017,ROUTE_NDLS_DDN_01,SYNTHETIC_SIMULATOR,OK,29.792652,77.602674,166.423,23.75,6.6,23.75,0.0,36.3,100,25.0,568.41,SEC_MOZ_SRE,,MOZ,SRE,20.577,147.577,CRUISING,,,,,245.6,,,GREEN,HIGH,False,,False,,JRN_0001,1.0,0.0,1.0,0.4541,1.0,SEVERE,Predicted HIGH Congestion (Speed cap 25.0 km/h),25.0,49.4,354.2,13:49:00,30.0,BASELINE_HISTORICAL_CALIBRATION,296.0,52.0
OBS_000850,13:49:30,25470.0,12017,ROUTE_NDLS_DDN_01,SYNTHETIC_SIMULATOR,OK,29.7943,77.602129,166.621,23.75,6.6,23.75,0.0,36.3,100,25.0,565.7,SEC_MOZ_SRE,,MOZ,SRE,20.379,147.379,CRUISING,,,,,245.89,,,GREEN,HIGH,False,,False,,JRN_0001,1.0,0.0,1.0,0.4541,1.0,SEVERE,Predicted HIGH Congestion (Speed cap 25.0 km/h),25.0,48.9,353.7,13:49:30,30.0,BASELINE_HISTORICAL_CALIBRATION,295.5,51.5
OBS_000851,13:50:00,25500.0,12017,ROUTE_NDLS_DDN_01,SYNTHETIC_SIMULATOR,OK,29.795948,77.601584,166.819,23.75,6.6,23.75,0.0,36.3,100,25.0,562.97,SEC_MOZ_SRE,,MOZ,SRE,20.181,147.181,CRUISING,,,,,246.17,,,GREEN,HIGH,False,,False,,JRN_0001,1.0,0.0,1.0,0.4541,1.0,SEVERE,Predicted HIGH Congestion (Speed cap 25.0 km/h),25.0,48.4,353.2,13:50:00,30.0,BASELINE_HISTORICAL_CALIBRATION,295.0,51.0
OBS_000852,13:50:30,25530.0,12017,ROUTE_NDLS_DDN_01,SYNTHETIC_SIMULATOR,OK,29.797596,77.601039,167.017,23.75,6.6,23.75,0.0,36.3,100,25.0,560.23,SEC_MOZ_SRE,,MOZ,SRE,19.983,146.983,CRUISING,,,,,246.46,,,GREEN,HIGH,False,,False,,JRN_0001,1.0,0.0,1.0,0.4541,1.0,SEVERE,Predicted HIGH Congestion (Speed cap 25.0 km/h),25.0,48.0,352.8,13:50:30,30.0,BASELINE_HISTORICAL_CALIBRATION,294.5,50.5
OBS_000853,13:51:00,25560.0,12017,ROUTE_NDLS_DDN_01,SYNTHETIC_SIMULATOR,OK,29.799244,77.600494,167.215,23.75,6.6,23.75,0.0,36.3,100,25.0,557.48,SEC_MOZ_SRE,,MOZ,SRE,19.785,146.785,CRUISING,,,,,246.75,,,GREEN,HIGH,False,,False,,JRN_0001,1.0,0.0,1.0,0.4541,1.0,SEVERE,Predicted HIGH Congestion (Speed cap 25.0 km/h),25.0,47.5,352.3,13:51:00,30.0,BASELINE_HISTORICAL_CALIBRATION,294.0,50.0
OBS_000854,13:51:30,25590.0,12017,ROUTE_NDLS_DDN_01,SYNTHETIC_SIMULATOR,OK,29.800893,77.599949,167.412,23.75,6.6,23.75,0.0,36.3,100,25.0,554.71,SEC_MOZ_SRE,,MOZ,SRE,19.588,146.588,CRUISING,,,,,247.04,,,GREEN,HIGH,False,,False,,JRN_0001,1.0,0.0,1.0,0.4541,1.0,SEVERE,Predicted HIGH Congestion (Speed cap 25.0 km/h),25.0,47.0,351.8,13:51:30,30.0,BASELINE_HISTORICAL_CALIBRATION,293.5,49.5
OBS_000855,13:52:00,25620.0,12017,ROUTE_NDLS_DDN_01,SYNTHETIC_SIMULATOR,OK,29.802541,77.599404,167.61,23.75,6.6,23.75,0.0,36.3,100,25.0,551.93,SEC_MOZ_SRE,,MOZ,SRE,19.39,146.39,CRUISING,,,,,247.32,,,GREEN,HIGH,False,,False,,JRN_0001,1.0,0.0,1.0,0.4541,1.0,SEVERE,Predicted HIGH Congestion (Speed cap 25.0 km/h),25.0,46.5,351.3,13:52:00,30.0,BASELINE_HISTORICAL_CALIBRATION,293.0,49.0
OBS_000856,13:52:30,25650.0,12017,ROUTE_NDLS_DDN_01,SYNTHETIC_SIMULATOR,OK,29.804189,77.598858,167.808,23.75,6.6,23.75,0.0,36.3,100,25.0,549.13,SEC_MOZ_SRE,,MOZ,SRE,19.192,146.192,CRUISING,,,,,247.61,,,GREEN,HIGH,False,,False,,JRN_0001,1.0,0.0,1.0,0.4541,1.0,SEVERE,Predicted HIGH Congestion (Speed cap 25.0 km/h),25.0,46.1,350.9,13:52:30,30.0,BASELINE_HISTORICAL_CALIBRATION,292.5,48.5
OBS_000857,13:53:00,25680.0,12017,ROUTE_NDLS_DDN_01,SYNTHETIC_SIMULATOR,OK,29.805837,77.598313,168.006,23.75,6.6,23.75,0.0,36.3,100,25.0,546.32,SEC_MOZ_SRE,,MOZ,SRE,18.994,145.994,CRUISING,,,,,247.9,,,GREEN,HIGH,False,,False,,JRN_0001,1.0,0.0,1.0,0.4541,1.0,SEVERE,Predicted HIGH Congestion (Speed cap 25.0 km/h),25.0,45.6,350.4,13:53:00,30.0,BASELINE_HISTORICAL_CALIBRATION,292.0,48.0
OBS_000858,13:53:30,25710.0,12017,ROUTE_NDLS_DDN_01,SYNTHETIC_SIMULATOR,OK,29.807485,77.597768,168.204,23.75,6.6,23.75,0.0,36.3,100,25.0,543.5,SEC_MOZ_SRE,,MOZ,SRE,18.796,145.796,CRUISING,,,,,248.19,,,GREEN,HIGH,False,,False,,JRN_0001,1.0,0.0,1.0,0.4541,1.0,SEVERE,Predicted HIGH Congestion (Speed cap 25.0 km/h),25.0,45.1,349.9,13:53:30,30.0,BASELINE_HISTORICAL_CALIBRATION,291.5,47.5
OBS_000859,13:54:00,25740.0,12017,ROUTE_NDLS_DDN_01,SYNTHETIC_SIMULATOR,OK,29.809133,77.597223,168.402,23.75,6.6,23.75,0.0,36.3,100,25.0,540.66,SEC_MOZ_SRE,,MOZ,SRE,18.598,145.598,CRUISING,,,,,248.48,,,GREEN,HIGH,False,,False,,JRN_0001,1.0,0.0,1.0,0.4541,1.0,SEVERE,Predicted HIGH Congestion (Speed cap 25.0 km/h),25.0,44.6,349.4,13:54:00,30.0,BASELINE_HISTORICAL_CALIBRATION,291.0,47.0
OBS_000860,13:54:30,25770.0,12017,ROUTE_NDLS_DDN_01,SYNTHETIC_SIMULATOR,OK,29.810781,77.596678,168.6,23.75,6.6,23.75,0.0,36.3,100,25.0,537.81,SEC_MOZ_SRE,,MOZ,SRE,18.4,145.4,CRUISING,,,,,248.76,,,GREEN,HIGH,False,,False,,JRN_0001,1.0,0.0,1.0,0.4541,1.0,SEVERE,Predicted HIGH Congestion (Speed cap 25.0 km/h),25.0,44.2,349.0,13:54:30,30.0,BASELINE_HISTORICAL_CALIBRATION,290.5,46.5
OBS_000861,13:55:00,25800.0,12017,ROUTE_NDLS_DDN_01,SYNTHETIC_SIMULATOR,OK,29.812429,77.596133,168.798,23.75,6.6,23.75,0.0,36.3,100,25.0,534.94,SEC_MOZ_SRE,,MOZ,SRE,18.202,145.202,CRUISING,,,,,249.05,,,GREEN,HIGH,False,,False,,JRN_0001,1.0,0.0,1.0,0.4541,1.0,SEVERE,Predicted HIGH Congestion (Speed cap 25.0 km/h),25.0,43.7,348.5,13:55:00,30.0,BASELINE_HISTORICAL_CALIBRATION,290.0,46.0
OBS_000862,13:55:30,25830.0,12017,ROUTE_NDLS_DDN_01,SYNTHETIC_SIMULATOR,OK,29.814077,77.595588,168.996,23.75,6.6,23.75,0.0,36.3,100,25.0,532.05,SEC_MOZ_SRE,,MOZ,SRE,18.004,145.004,CRUISING,,,,,249.34,,,GREEN,HIGH,False,,False,,JRN_0001,1.0,0.0,1.0,0.4541,1.0,SEVERE,Predicted HIGH Congestion (Speed cap 25.0 km/h),25.0,43.2,348.0,13:55:30,30.0,BASELINE_HISTORICAL_CALIBRATION,289.5,45.5
OBS_000863,13:56:00,25860.0,12017,ROUTE_NDLS_DDN_01,SYNTHETIC_SIMULATOR,OK,29.815725,77.595043,169.194,23.75,6.6,23.75,0.0,36.3,100,25.0,529.15,SEC_MOZ_SRE,,MOZ,SRE,17.806,144.806,CRUISING,,,,,249.63,,,GREEN,HIGH,False,,False,,JRN_0001,1.0,0.0,1.0,0.4541,1.0,SEVERE,Predicted HIGH Congestion (Speed cap 25.0 km/h),25.0,42.7,347.5,13:56:00,30.0,BASELINE_HISTORICAL_CALIBRATION,289.0,45.0
OBS_000864,13:56:30,25890.0,12017,ROUTE_NDLS_DDN_01,SYNTHETIC_SIMULATOR,OK,29.817373,77.594498,169.392,23.75,6.6,23.75,0.0,36.3,100,25.0,526.23,SEC_MOZ_SRE,,MOZ,SRE,17.608,144.608,CRUISING,,,,,249.91,,,GREEN,HIGH,False,,False,,JRN_0001,1.0,0.0,1.0,0.4541,1.0,SEVERE,Predicted HIGH Congestion (Speed cap 25.0 km/h),25.0,42.3,347.1,13:56:30,30.0,BASELINE_HISTORICAL_CALIBRATION,288.5,44.5
OBS_000865,13:57:00,25920.0,12017,ROUTE_NDLS_DDN_01,SYNTHETIC_SIMULATOR,OK,29.819021,77.593952,169.59,23.75,6.6,23.75,0.0,36.3,100,25.0,523.3,SEC_MOZ_SRE,,MOZ,SRE,17.41,144.41,CRUISING,,,,,250.2,,,GREEN,HIGH,False,,False,,JRN_0001,1.0,0.0,1.0,0.4541,1.0,SEVERE,Predicted HIGH Congestion (Speed cap 25.0 km/h),25.0,41.8,346.6,13:57:00,30.0,BASELINE_HISTORICAL_CALIBRATION,288.0,44.0
OBS_000866,13:57:30,25950.0,12017,ROUTE_NDLS_DDN_01,SYNTHETIC_SIMULATOR,OK,29.820669,77.593407,169.787,23.75,6.6,23.75,0.0,36.3,100,25.0,520.35,SEC_MOZ_SRE,,MOZ,SRE,17.213,144.213,CRUISING,,,,,250.49,,,GREEN,HIGH,False,,False,,JRN_0001,1.0,0.0,1.0,0.4541,1.0,SEVERE,Predicted HIGH Congestion (Speed cap 25.0 km/h),25.0,41.3,346.1,13:57:30,30.0,BASELINE_HISTORICAL_CALIBRATION,287.5,43.5
OBS_000867,13:58:00,25980.0,12017,ROUTE_NDLS_DDN_01,SYNTHETIC_SIMULATOR,OK,29.822318,77.592862,169.985,23.75,6.6,23.75,0.0,36.3,100,25.0,517.39,SEC_MOZ_SRE,,MOZ,SRE,17.015,144.015,CRUISING,,,,,250.78,,,GREEN,HIGH,False,,False,,JRN_0001,1.0,0.0,1.0,0.4541,1.0,SEVERE,Predicted HIGH Congestion (Speed cap 25.0 km/h),25.0,40.8,345.6,13:58:00,30.0,BASELINE_HISTORICAL_CALIBRATION,287.0,43.0
OBS_000868,13:58:30,26010.0,12017,ROUTE_NDLS_DDN_01,SYNTHETIC_SIMULATOR,OK,29.823966,77.592317,170.183,23.75,6.6,23.75,0.0,36.3,100,25.0,514.4,SEC_MOZ_SRE,,MOZ,SRE,16.817,143.817,CRUISING,,,,,251.06,,,GREEN,HIGH,False,,False,,JRN_0001,1.0,0.0,1.0,0.4541,1.0,SEVERE,Predicted HIGH Congestion (Speed cap 25.0 km/h),25.0,40.4,345.2,13:58:30,30.0,BASELINE_HISTORICAL_CALIBRATION,286.5,42.5
OBS_000869,13:59:00,26040.0,12017,ROUTE_NDLS_DDN_01,SYNTHETIC_SIMULATOR,OK,29.825614,77.591772,170.381,23.75,6.6,23.75,0.0,36.3,100,25.0,511.4,SEC_MOZ_SRE,,MOZ,SRE,16.619,143.619,CRUISING,,,,,251.35,,,GREEN,HIGH,False,,False,,JRN_0001,1.0,0.0,1.0,0.4541,1.0,SEVERE,Predicted HIGH Congestion (Speed cap 25.0 km/h),25.0,39.9,344.7,13:59:00,30.0,BASELINE_HISTORICAL_CALIBRATION,286.0,42.0
OBS_000870,13:59:30,26070.0,12017,ROUTE_NDLS_DDN_01,SYNTHETIC_SIMULATOR,OK,29.827262,77.591227,170.579,23.75,6.6,23.75,0.0,36.3,100,25.0,508.38,SEC_MOZ_SRE,,MOZ,SRE,16.421,143.421,CRUISING,,,,,251.64,,,GREEN,HIGH,False,,False,,JRN_0001,1.0,0.0,1.0,0.4541,1.0,SEVERE,Predicted HIGH Congestion (Speed cap 25.0 km/h),25.0,39.4,344.2,13:59:30,30.0,BASELINE_HISTORICAL_CALIBRATION,285.5,41.5
OBS_000871,14:00:00,26100.0,12017,ROUTE_NDLS_DDN_01,SYNTHETIC_SIMULATOR,OK,29.82891,77.590682,170.777,23.75,6.6,23.75,0.0,36.3,100,25.0,505.35,SEC_MOZ_SRE,,MOZ,SRE,16.223,143.223,CRUISING,,,,,251.93,,,GREEN,HIGH,False,,False,,JRN_0001,1.0,0.0,1.0,0.4541,1.0,SEVERE,Predicted HIGH Congestion (Speed cap 25.0 km/h),25.0,38.9,343.7,14:00:00,30.0,BASELINE_HISTORICAL_CALIBRATION,285.0,41.0
OBS_000872,14:00:30,26130.0,12017,ROUTE_NDLS_DDN_01,SYNTHETIC_SIMULATOR,OK,29.830558,77.590137,170.975,23.75,6.6,23.75,0.0,36.3,100,25.0,502.29,SEC_MOZ_SRE,,MOZ,SRE,16.025,143.025,CRUISING,,,,,252.21,,,GREEN,HIGH,False,,False,,JRN_0001,1.0,0.0,1.0,0.4541,1.0,SEVERE,Predicted HIGH Congestion (Speed cap 25.0 km/h),25.0,38.5,343.3,14:00:30,30.0,BASELINE_HISTORICAL_CALIBRATION,284.5,40.5
OBS_000873,14:01:00,26160.0,12017,ROUTE_NDLS_DDN_01,SYNTHETIC_SIMULATOR,OK,29.832206,77.589592,171.173,23.75,6.6,23.75,0.0,36.3,100,25.0,499.22,SEC_MOZ_SRE,,MOZ,SRE,15.827,142.827,CRUISING,,,,,252.5,,,GREEN,HIGH,False,,False,,JRN_0001,1.0,0.0,1.0,0.4541,1.0,SEVERE,Predicted HIGH Congestion (Speed cap 25.0 km/h),25.0,38.0,342.8,14:01:00,30.0,BASELINE_HISTORICAL_CALIBRATION,284.0,40.0
OBS_000874,14:01:30,26190.0,12017,ROUTE_NDLS_DDN_01,SYNTHETIC_SIMULATOR,OK,29.833854,77.589046,171.371,23.75,6.6,23.75,0.0,36.3,100,25.0,496.13,SEC_MOZ_SRE,,MOZ,SRE,15.629,142.629,CRUISING,,,,,252.79,,,GREEN,HIGH,False,,False,,JRN_0001,1.0,0.0,1.0,0.4541,1.0,SEVERE,Predicted HIGH Congestion (Speed cap 25.0 km/h),25.0,37.5,342.3,14:01:30,30.0,BASELINE_HISTORICAL_CALIBRATION,283.5,39.5
OBS_000875,14:02:00,26220.0,12017,ROUTE_NDLS_DDN_01,SYNTHETIC_SIMULATOR,OK,29.835502,77.588501,171.569,23.75,6.6,23.75,0.0,36.3,100,25.0,493.02,SEC_MOZ_SRE,,MOZ,SRE,15.431,142.431,CRUISING,,,,,253.08,,,GREEN,HIGH,False,,False,,JRN_0001,1.0,0.0,1.0,0.4541,1.0,SEVERE,Predicted HIGH Congestion (Speed cap 25.0 km/h),25.0,37.0,341.8,14:02:00,30.0,BASELINE_HISTORICAL_CALIBRATION,283.0,39.0
OBS_000876,14:02:30,26250.0,12017,ROUTE_NDLS_DDN_01,SYNTHETIC_SIMULATOR,OK,29.83715,77.587956,171.767,23.75,6.6,23.75,0.0,36.3,100,25.0,489.88,SEC_MOZ_SRE,,MOZ,SRE,15.233,142.233,CRUISING,,,,,253.36,,,GREEN,HIGH,False,,False,,JRN_0001,1.0,0.0,1.0,0.4541,1.0,SEVERE,Predicted HIGH Congestion (Speed cap 25.0 km/h),25.0,36.6,341.4,14:02:30,30.0,BASELINE_HISTORICAL_CALIBRATION,282.5,38.5
OBS_000877,14:03:00,26280.0,12017,ROUTE_NDLS_DDN_01,SYNTHETIC_SIMULATOR,OK,29.838798,77.587411,171.965,23.75,6.6,23.75,0.0,36.3,100,25.0,486.73,SEC_MOZ_SRE,,MOZ,SRE,15.035,142.035,CRUISING,,,,,253.65,,,GREEN,HIGH,False,,False,,JRN_0001,1.0,0.0,1.0,0.4541,1.0,SEVERE,Predicted HIGH Congestion (Speed cap 25.0 km/h),25.0,36.1,340.9,14:03:00,30.0,BASELINE_HISTORICAL_CALIBRATION,282.0,38.0
OBS_000878,14:03:30,26310.0,12017,ROUTE_NDLS_DDN_01,SYNTHETIC_SIMULATOR,OK,29.840446,77.586866,172.162,23.75,6.6,23.75,0.0,36.3,100,25.0,483.56,SEC_MOZ_SRE,,MOZ,SRE,14.838,141.838,CRUISING,,,,,253.94,,,GREEN,HIGH,False,,False,,JRN_0001,1.0,0.0,1.0,0.4541,1.0,SEVERE,Predicted HIGH Congestion (Speed cap 25.0 km/h),25.0,35.6,340.4,14:03:30,30.0,BASELINE_HISTORICAL_CALIBRATION,281.5,37.5
OBS_000879,14:04:00,26340.0,12017,ROUTE_NDLS_DDN_01,SYNTHETIC_SIMULATOR,OK,29.842094,77.586321,172.36,23.75,6.6,23.75,0.0,36.3,100,25.0,480.37,SEC_MOZ_SRE,,MOZ,SRE,14.64,141.64,CRUISING,,,,,254.23,,,GREEN,HIGH,False,,False,,JRN_0001,1.0,0.0,1.0,0.4541,1.0,SEVERE,Predicted HIGH Congestion (Speed cap 25.0 km/h),25.0,35.1,339.9,14:04:00,30.0,BASELINE_HISTORICAL_CALIBRATION,281.0,37.0
OBS_000880,14:04:30,26370.0,12017,ROUTE_NDLS_DDN_01,SYNTHETIC_SIMULATOR,OK,29.843743,77.585776,172.558,23.75,6.6,23.75,0.0,36.3,100,25.0,477.15,SEC_MOZ_SRE,,MOZ,SRE,14.442,141.442,CRUISING,,,,,254.51,,,GREEN,HIGH,False,,False,,JRN_0001,1.0,0.0,1.0,0.4541,1.0,SEVERE,Predicted HIGH Congestion (Speed cap 25.0 km/h),25.0,34.7,339.5,14:04:30,30.0,BASELINE_HISTORICAL_CALIBRATION,280.5,36.5
OBS_000881,14:05:00,26400.0,12017,ROUTE_NDLS_DDN_01,SYNTHETIC_SIMULATOR,OK,29.845391,77.585231,172.756,23.75,6.6,23.75,0.0,36.3,100,25.0,473.92,SEC_MOZ_SRE,,MOZ,SRE,14.244,141.244,CRUISING,,,,,254.8,,,GREEN,HIGH,False,,False,,JRN_0001,1.0,0.0,1.0,0.4541,1.0,SEVERE,Predicted HIGH Congestion (Speed cap 25.0 km/h),25.0,34.2,339.0,14:05:00,30.0,BASELINE_HISTORICAL_CALIBRATION,280.0,36.0
OBS_000882,14:05:30,26430.0,12017,ROUTE_NDLS_DDN_01,SYNTHETIC_SIMULATOR,OK,29.847039,77.584686,172.954,23.75,6.6,23.75,0.0,36.3,100,25.0,470.66,SEC_MOZ_SRE,,MOZ,SRE,14.046,141.046,CRUISING,,,,,255.09,,,GREEN,HIGH,False,,False,,JRN_0001,1.0,0.0,1.0,0.4541,1.0,SEVERE,Predicted HIGH Congestion (Speed cap 25.0 km/h),25.0,33.7,338.5,14:05:30,30.0,BASELINE_HISTORICAL_CALIBRATION,279.5,35.5
OBS_000883,14:06:00,26460.0,12017,ROUTE_NDLS_DDN_01,SYNTHETIC_SIMULATOR,OK,29.848687,77.58414,173.152,23.75,6.6,23.75,0.0,36.3,100,25.0,467.38,SEC_MOZ_SRE,,MOZ,SRE,13.848,140.848,CRUISING,,,,,255.38,,,GREEN,HIGH,False,,False,,JRN_0001,1.0,0.0,1.0,0.4541,1.0,SEVERE,Predicted HIGH Congestion (Speed cap 25.0 km/h),25.0,33.2,338.0,14:06:00,30.0,BASELINE_HISTORICAL_CALIBRATION,279.0,35.0
OBS_000884,14:06:30,26490.0,12017,ROUTE_NDLS_DDN_01,SYNTHETIC_SIMULATOR,OK,29.850335,77.583595,173.35,23.75,6.6,23.75,0.0,36.3,100,25.0,464.07,SEC_MOZ_SRE,,MOZ,SRE,13.65,140.65,CRUISING,,,,,255.66,,,GREEN,HIGH,False,,False,,JRN_0001,1.0,0.0,1.0,0.4541,1.0,SEVERE,Predicted HIGH Congestion (Speed cap 25.0 km/h),25.0,32.8,337.6,14:06:30,30.0,BASELINE_HISTORICAL_CALIBRATION,278.5,34.5
OBS_000885,14:07:00,26520.0,12017,ROUTE_NDLS_DDN_01,SYNTHETIC_SIMULATOR,OK,29.851983,77.58305,173.548,23.75,6.6,23.75,0.0,36.3,100,25.0,460.74,SEC_MOZ_SRE,,MOZ,SRE,13.452,140.452,CRUISING,,,,,255.95,,,GREEN,HIGH,False,,False,,JRN_0001,1.0,0.0,1.0,0.4541,1.0,SEVERE,Predicted HIGH Congestion (Speed cap 25.0 km/h),25.0,32.3,337.1,14:07:00,30.0,BASELINE_HISTORICAL_CALIBRATION,278.0,34.0
OBS_000886,14:07:30,26550.0,12017,ROUTE_NDLS_DDN_01,SYNTHETIC_SIMULATOR,OK,29.853631,77.582505,173.746,23.75,6.6,23.75,0.0,36.3,100,25.0,457.39,SEC_MOZ_SRE,,MOZ,SRE,13.254,140.254,CRUISING,,,,,256.24,,,GREEN,HIGH,False,,False,,JRN_0001,1.0,0.0,1.0,0.4541,1.0,SEVERE,Predicted HIGH Congestion (Speed cap 25.0 km/h),25.0,31.8,336.6,14:07:30,30.0,BASELINE_HISTORICAL_CALIBRATION,277.5,33.5
OBS_000887,14:08:00,26580.0,12017,ROUTE_NDLS_DDN_01,SYNTHETIC_SIMULATOR,OK,29.855279,77.58196,173.944,23.75,6.6,23.75,0.0,36.3,100,25.0,454.01,SEC_MOZ_SRE,,MOZ,SRE,13.056,140.056,CRUISING,,,,,256.53,,,GREEN,HIGH,False,,False,,JRN_0001,1.0,0.0,1.0,0.4541,1.0,SEVERE,Predicted HIGH Congestion (Speed cap 25.0 km/h),25.0,31.3,336.1,14:08:00,30.0,BASELINE_HISTORICAL_CALIBRATION,277.0,33.0
OBS_000888,14:08:30,26610.0,12017,ROUTE_NDLS_DDN_01,SYNTHETIC_SIMULATOR,OK,29.856927,77.581415,174.142,23.75,6.6,23.75,0.0,36.3,100,25.0,450.61,SEC_MOZ_SRE,,MOZ,SRE,12.858,139.858,CRUISING,,,,,256.82,,,GREEN,HIGH,False,,False,,JRN_0001,1.0,0.0,1.0,0.4541,1.0,SEVERE,Predicted HIGH Congestion (Speed cap 25.0 km/h),25.0,30.9,335.7,14:08:30,30.0,BASELINE_HISTORICAL_CALIBRATION,276.5,32.5
OBS_000889,14:09:00,26640.0,12017,ROUTE_NDLS_DDN_01,SYNTHETIC_SIMULATOR,OK,29.858575,77.58087,174.34,23.75,6.6,23.75,0.0,36.3,100,25.0,447.18,SEC_MOZ_SRE,,MOZ,SRE,12.66,139.66,CRUISING,,,,,257.1,,,GREEN,HIGH,False,,False,,JRN_0001,1.0,0.0,1.0,0.4541,1.0,SEVERE,Predicted HIGH Congestion (Speed cap 25.0 km/h),25.0,30.4,335.2,14:09:00,30.0,BASELINE_HISTORICAL_CALIBRATION,276.0,32.0
OBS_000890,14:09:30,26670.0,12017,ROUTE_NDLS_DDN_01,SYNTHETIC_SIMULATOR,OK,29.860223,77.580325,174.537,23.75,6.6,23.75,0.0,36.3,100,25.0,443.73,SEC_MOZ_SRE,,MOZ,SRE,12.463,139.463,CRUISING,,,,,257.39,,,GREEN,HIGH,False,,False,,JRN_0001,1.0,0.0,1.0,0.4541,1.0,SEVERE,Predicted HIGH Congestion (Speed cap 25.0 km/h),25.0,29.9,334.7,14:09:30,30.0,BASELINE_HISTORICAL_CALIBRATION,275.5,31.5
OBS_000891,14:10:00,26700.0,12017,ROUTE_NDLS_DDN_01,SYNTHETIC_SIMULATOR,OK,29.861871,77.57978,174.735,23.75,6.6,23.75,0.0,36.3,100,25.0,440.25,SEC_MOZ_SRE,,MOZ,SRE,12.265,139.265,CRUISING,,,,,257.68,,,GREEN,HIGH,False,,False,,JRN_0001,1.0,0.0,1.0,0.4541,1.0,SEVERE,Predicted HIGH Congestion (Speed cap 25.0 km/h),25.0,29.4,334.2,14:10:00,30.0,BASELINE_HISTORICAL_CALIBRATION,275.0,31.0
OBS_000892,14:10:30,26730.0,12017,ROUTE_NDLS_DDN_01,SYNTHETIC_SIMULATOR,OK,29.863519,77.579234,174.933,23.75,6.6,23.75,0.0,36.3,100,25.0,436.74,SEC_MOZ_SRE,,MOZ,SRE,12.067,139.067,CRUISING,,,,,257.97,,,GREEN,HIGH,False,,False,,JRN_0001,1.0,0.0,1.0,0.4541,1.0,SEVERE,Predicted HIGH Congestion (Speed cap 25.0 km/h),25.0,29.0,333.8,14:10:30,30.0,BASELINE_HISTORICAL_CALIBRATION,274.5,30.5
OBS_000893,14:11:00,26760.0,12017,ROUTE_NDLS_DDN_01,SYNTHETIC_SIMULATOR,OK,29.865168,77.578689,175.131,23.75,6.6,23.75,0.0,36.3,100,25.0,433.2,SEC_MOZ_SRE,,MOZ,SRE,11.869,138.869,CRUISING,,,,,258.25,,,GREEN,HIGH,False,,False,,JRN_0001,1.0,0.0,1.0,0.4541,1.0,SEVERE,Predicted HIGH Congestion (Speed cap 25.0 km/h),25.0,28.5,333.3,14:11:00,30.0,BASELINE_HISTORICAL_CALIBRATION,274.0,30.0
OBS_000894,14:11:30,26790.0,12017,ROUTE_NDLS_DDN_01,SYNTHETIC_SIMULATOR,OK,29.866816,77.578144,175.329,23.75,6.6,23.75,0.0,36.3,100,25.0,429.63,SEC_MOZ_SRE,,MOZ,SRE,11.671,138.671,CRUISING,,,,,258.54,,,GREEN,HIGH,False,,False,,JRN_0001,1.0,0.0,1.0,0.4541,1.0,SEVERE,Predicted HIGH Congestion (Speed cap 25.0 km/h),25.0,28.0,332.8,14:11:30,30.0,BASELINE_HISTORICAL_CALIBRATION,273.5,29.5
OBS_000895,14:12:00,26820.0,12017,ROUTE_NDLS_DDN_01,SYNTHETIC_SIMULATOR,OK,29.868464,77.577599,175.527,23.75,6.6,23.75,0.0,36.3,100,25.0,426.03,SEC_MOZ_SRE,,MOZ,SRE,11.473,138.473,CRUISING,,,,,258.83,,,GREEN,HIGH,False,,False,,JRN_0001,1.0,0.0,1.0,0.4541,1.0,SEVERE,Predicted HIGH Congestion (Speed cap 25.0 km/h),25.0,27.5,332.3,14:12:00,30.0,BASELINE_HISTORICAL_CALIBRATION,273.0,29.0
OBS_000896,14:12:30,26850.0,12017,ROUTE_NDLS_DDN_01,SYNTHETIC_SIMULATOR,OK,29.870112,77.577054,175.725,23.75,6.6,23.75,0.0,36.3,100,25.0,422.41,SEC_MOZ_SRE,,MOZ,SRE,11.275,138.275,CRUISING,,,,,259.12,,,GREEN,HIGH,False,,False,,JRN_0001,1.0,0.0,1.0,0.4541,1.0,SEVERE,Predicted HIGH Congestion (Speed cap 25.0 km/h),25.0,27.1,331.9,14:12:30,30.0,BASELINE_HISTORICAL_CALIBRATION,272.5,28.5
OBS_000897,14:13:00,26880.0,12017,ROUTE_NDLS_DDN_01,SYNTHETIC_SIMULATOR,OK,29.87176,77.576509,175.923,23.75,6.6,23.75,0.0,36.3,100,25.0,418.75,SEC_MOZ_SRE,,MOZ,SRE,11.077,138.077,CRUISING,,,,,259.4,,,GREEN,HIGH,False,,False,,JRN_0001,1.0,0.0,1.0,0.4541,1.0,SEVERE,Predicted HIGH Congestion (Speed cap 25.0 km/h),25.0,26.6,331.4,14:13:00,30.0,BASELINE_HISTORICAL_CALIBRATION,272.0,28.0
OBS_000898,14:13:30,26910.0,12017,ROUTE_NDLS_DDN_01,SYNTHETIC_SIMULATOR,OK,29.873408,77.575964,176.121,23.75,6.6,23.75,0.0,36.3,100,25.0,415.06,SEC_MOZ_SRE,,MOZ,SRE,10.879,137.879,CRUISING,,,,,259.69,,,GREEN,HIGH,False,,False,,JRN_0001,1.0,0.0,1.0,0.4541,1.0,SEVERE,Predicted HIGH Congestion (Speed cap 25.0 km/h),25.0,26.1,330.9,14:13:30,30.0,BASELINE_HISTORICAL_CALIBRATION,271.5,27.5
OBS_000899,14:14:00,26940.0,12017,ROUTE_NDLS_DDN_01,SYNTHETIC_SIMULATOR,OK,29.875056,77.575419,176.319,23.75,6.6,23.75,0.0,36.3,100,25.0,411.33,SEC_MOZ_SRE,,MOZ,SRE,10.681,137.681,CRUISING,,,,,259.98,,,GREEN,HIGH,False,,False,,JRN_0001,1.0,0.0,1.0,0.4541,1.0,SEVERE,Predicted HIGH Congestion (Speed cap 25.0 km/h),25.0,25.6,330.4,14:14:00,30.0,BASELINE_HISTORICAL_CALIBRATION,271.0,27.0
OBS_000900,14:14:30,26970.0,12017,ROUTE_NDLS_DDN_01,SYNTHETIC_SIMULATOR,OK,29.876704,77.574874,176.517,23.75,6.6,23.75,0.0,36.3,100,25.0,407.57,SEC_MOZ_SRE,,MOZ,SRE,10.483,137.483,CRUISING,,,,,260.27,,,GREEN,HIGH,False,,False,,JRN_0001,1.0,0.0,1.0,0.4541,1.0,SEVERE,Predicted HIGH Congestion (Speed cap 25.0 km/h),25.0,25.2,330.0,14:14:30,30.0,BASELINE_HISTORICAL_CALIBRATION,270.5,26.5
OBS_000901,14:15:00,27000.0,12017,ROUTE_NDLS_DDN_01,SYNTHETIC_SIMULATOR,OK,29.878352,77.574328,176.715,23.75,6.6,23.75,0.0,36.3,100,25.0,403.78,SEC_MOZ_SRE,,MOZ,SRE,10.285,137.285,CRUISING,,,,,260.55,,,GREEN,HIGH,False,,False,,JRN_0001,1.0,0.0,1.0,0.4541,1.0,SEVERE,Predicted HIGH Congestion (Speed cap 25.0 km/h),25.0,24.7,329.5,14:15:00,30.0,BASELINE_HISTORICAL_CALIBRATION,270.0,26.0
OBS_000902,14:15:30,27030.0,12017,ROUTE_NDLS_DDN_01,SYNTHETIC_SIMULATOR,OK,29.88,77.573783,176.912,23.75,6.6,23.75,0.0,36.3,100,25.0,399.95,SEC_MOZ_SRE,,MOZ,SRE,10.088,137.088,CRUISING,,,,,260.84,,,GREEN,HIGH,False,,False,,JRN_0001,1.0,0.0,1.0,0.4541,1.0,SEVERE,Predicted HIGH Congestion (Speed cap 25.0 km/h),25.0,24.2,329.0,14:15:30,30.0,BASELINE_HISTORICAL_CALIBRATION,269.5,25.5
OBS_000903,14:16:00,27060.0,12017,ROUTE_NDLS_DDN_01,SYNTHETIC_SIMULATOR,OK,29.881648,77.573238,177.11,23.75,6.6,23.75,0.0,36.3,100,25.0,396.08,SEC_MOZ_SRE,,MOZ,SRE,9.89,136.89,CRUISING,,,,,261.13,,,GREEN,HIGH,False,,False,,JRN_0001,1.0,0.0,1.0,0.4541,1.0,SEVERE,Predicted HIGH Congestion (Speed cap 25.0 km/h),25.0,23.7,328.5,14:16:00,30.0,BASELINE_HISTORICAL_CALIBRATION,269.0,25.0
OBS_000904,14:16:30,27090.0,12017,ROUTE_NDLS_DDN_01,SYNTHETIC_SIMULATOR,OK,29.883296,77.572693,177.308,23.75,6.6,23.75,0.0,36.3,100,25.0,392.18,SEC_MOZ_SRE,,MOZ,SRE,9.692,136.692,CRUISING,,,,,261.42,,,GREEN,HIGH,False,,False,,JRN_0001,1.0,0.0,1.0,0.4541,1.0,SEVERE,Predicted HIGH Congestion (Speed cap 25.0 km/h),25.0,23.3,328.1,14:16:30,30.0,BASELINE_HISTORICAL_CALIBRATION,268.5,24.5
OBS_000905,14:17:00,27120.0,12017,ROUTE_NDLS_DDN_01,SYNTHETIC_SIMULATOR,OK,29.884944,77.572148,177.506,23.75,6.6,23.75,0.0,36.3,100,25.0,388.23,SEC_MOZ_SRE,,MOZ,SRE,9.494,136.494,CRUISING,,,,,261.7,,,GREEN,HIGH,False,,False,,JRN_0001,1.0,0.0,1.0,0.4541,1.0,SEVERE,Predicted HIGH Congestion (Speed cap 25.0 km/h),25.0,22.8,327.6,14:17:00,30.0,BASELINE_HISTORICAL_CALIBRATION,268.0,24.0
OBS_000906,14:17:30,27150.0,12017,ROUTE_NDLS_DDN_01,SYNTHETIC_SIMULATOR,OK,29.886592,77.571603,177.704,23.75,6.6,23.75,0.0,36.3,100,25.0,384.25,SEC_MOZ_SRE,,MOZ,SRE,9.296,136.296,CRUISING,,,,,261.99,,,GREEN,HIGH,False,,False,,JRN_0001,1.0,0.0,1.0,0.4541,1.0,SEVERE,Predicted HIGH Congestion (Speed cap 25.0 km/h),25.0,22.3,327.1,14:17:30,30.0,BASELINE_HISTORICAL_CALIBRATION,267.5,23.5
OBS_000907,14:18:00,27180.0,12017,ROUTE_NDLS_DDN_01,SYNTHETIC_SIMULATOR,OK,29.888241,77.571058,177.902,23.75,6.6,23.75,0.0,36.3,100,25.0,380.22,SEC_MOZ_SRE,,MOZ,SRE,9.098,136.098,CRUISING,,,,,262.28,,,GREEN,HIGH,False,,False,,JRN_0001,1.0,0.0,1.0,0.4541,1.0,SEVERE,Predicted HIGH Congestion (Speed cap 25.0 km/h),25.0,21.8,326.6,14:18:00,30.0,BASELINE_HISTORICAL_CALIBRATION,267.0,23.0
OBS_000908,14:18:30,27210.0,12017,ROUTE_NDLS_DDN_01,SYNTHETIC_SIMULATOR,OK,29.889889,77.570513,178.1,23.75,6.6,23.75,0.0,36.3,100,25.0,376.15,SEC_MOZ_SRE,,MOZ,SRE,8.9,135.9,CRUISING,,,,,262.57,,,GREEN,HIGH,False,,False,,JRN_0001,1.0,0.0,1.0,0.4541,1.0,SEVERE,Predicted HIGH Congestion (Speed cap 25.0 km/h),25.0,21.4,326.2,14:18:30,30.0,BASELINE_HISTORICAL_CALIBRATION,266.5,22.5
OBS_000909,14:19:00,27240.0,12017,ROUTE_NDLS_DDN_01,SYNTHETIC_SIMULATOR,OK,29.891537,77.569968,178.298,23.75,6.6,23.75,0.0,36.3,100,25.0,372.04,SEC_MOZ_SRE,,MOZ,SRE,8.702,135.702,CRUISING,,,,,262.85,,,GREEN,HIGH,False,,False,,JRN_0001,1.0,0.0,1.0,0.4541,1.0,SEVERE,Predicted HIGH Congestion (Speed cap 25.0 km/h),25.0,20.9,325.7,14:19:00,30.0,BASELINE_HISTORICAL_CALIBRATION,266.0,22.0
OBS_000910,14:19:30,27270.0,12017,ROUTE_NDLS_DDN_01,SYNTHETIC_SIMULATOR,OK,29.893185,77.569422,178.496,23.75,6.6,23.75,0.0,36.3,100,25.0,367.88,SEC_MOZ_SRE,,MOZ,SRE,8.504,135.504,CRUISING,,,,,263.14,,,GREEN,HIGH,False,,False,,JRN_0001,1.0,0.0,1.0,0.4541,1.0,SEVERE,Predicted HIGH Congestion (Speed cap 25.0 km/h),25.0,20.4,325.2,14:19:30,30.0,BASELINE_HISTORICAL_CALIBRATION,265.5,21.5
OBS_000911,14:20:00,27300.0,12017,ROUTE_NDLS_DDN_01,SYNTHETIC_SIMULATOR,OK,29.894833,77.568877,178.694,23.75,6.6,23.75,0.0,36.3,100,25.0,363.67,SEC_MOZ_SRE,,MOZ,SRE,8.306,135.306,CRUISING,,,,,263.43,,,GREEN,HIGH,False,,False,,JRN_0001,1.0,0.0,1.0,0.4541,1.0,SEVERE,Predicted HIGH Congestion (Speed cap 25.0 km/h),25.0,19.9,324.7,14:20:00,30.0,BASELINE_HISTORICAL_CALIBRATION,265.0,21.0
OBS_000912,14:20:30,27330.0,12017,ROUTE_NDLS_DDN_01,SYNTHETIC_SIMULATOR,OK,29.896481,77.568332,178.892,23.75,6.6,23.75,0.0,36.3,100,25.0,359.41,SEC_MOZ_SRE,,MOZ,SRE,8.108,135.108,CRUISING,,,,,263.72,,,GREEN,HIGH,False,,False,,JRN_0001,1.0,0.0,1.0,0.4541,1.0,SEVERE,Predicted HIGH Congestion (Speed cap 25.0 km/h),25.0,19.5,324.3,14:20:30,30.0,BASELINE_HISTORICAL_CALIBRATION,264.5,20.5
OBS_000913,14:21:00,27360.0,12017,ROUTE_NDLS_DDN_01,SYNTHETIC_SIMULATOR,OK,29.898129,77.567787,179.09,23.75,6.6,23.75,0.0,36.3,100,25.0,355.11,SEC_MOZ_SRE,,MOZ,SRE,7.91,134.91,CRUISING,,,,,264.0,,,GREEN,HIGH,False,,False,,JRN_0001,1.0,0.0,1.0,0.4541,1.0,SEVERE,Predicted HIGH Congestion (Speed cap 25.0 km/h),25.0,19.0,323.8,14:21:00,30.0,BASELINE_HISTORICAL_CALIBRATION,264.0,20.0
OBS_000914,14:21:30,27390.0,12017,ROUTE_NDLS_DDN_01,SYNTHETIC_SIMULATOR,OK,29.899777,77.567242,179.287,23.75,6.6,23.75,0.0,36.3,100,25.0,350.75,SEC_MOZ_SRE,,MOZ,SRE,7.713,134.713,CRUISING,,,,,264.29,,,GREEN,HIGH,False,,False,,JRN_0001,1.0,0.0,1.0,0.4541,1.0,SEVERE,Predicted HIGH Congestion (Speed cap 25.0 km/h),25.0,18.5,323.3,14:21:30,30.0,BASELINE_HISTORICAL_CALIBRATION,263.5,19.5
OBS_000915,14:22:00,27420.0,12017,ROUTE_NDLS_DDN_01,SYNTHETIC_SIMULATOR,OK,29.901425,77.566697,179.485,23.75,6.6,23.75,0.0,36.3,100,25.0,346.33,SEC_MOZ_SRE,,MOZ,SRE,7.515,134.515,CRUISING,,,,,264.58,,,GREEN,HIGH,False,,False,,JRN_0001,1.0,0.0,1.0,0.4541,1.0,SEVERE,Predicted HIGH Congestion (Speed cap 25.0 km/h),25.0,18.0,322.8,14:22:00,30.0,BASELINE_HISTORICAL_CALIBRATION,263.0,19.0
OBS_000916,14:22:30,27450.0,12017,ROUTE_NDLS_DDN_01,SYNTHETIC_SIMULATOR,OK,29.903073,77.566152,179.683,23.75,6.6,23.75,0.0,36.3,100,25.0,341.86,SEC_MOZ_SRE,,MOZ,SRE,7.317,134.317,CRUISING,,,,,264.87,,,GREEN,HIGH,False,,False,,JRN_0001,1.0,0.0,1.0,0.4541,1.0,SEVERE,Predicted HIGH Congestion (Speed cap 25.0 km/h),25.0,17.6,322.4,14:22:30,30.0,BASELINE_HISTORICAL_CALIBRATION,262.5,18.5
OBS_000917,14:23:00,27480.0,12017,ROUTE_NDLS_DDN_01,SYNTHETIC_SIMULATOR,OK,29.904721,77.565607,179.881,23.75,6.6,23.75,0.0,36.3,100,25.0,337.33,SEC_MOZ_SRE,,MOZ,SRE,7.119,134.119,CRUISING,,,,,265.16,,,GREEN,HIGH,False,,False,,JRN_0001,1.0,0.0,1.0,0.4541,1.0,SEVERE,Predicted HIGH Congestion (Speed cap 25.0 km/h),25.0,17.1,321.9,14:23:00,30.0,BASELINE_HISTORICAL_CALIBRATION,262.0,18.0
OBS_000918,14:23:30,27510.0,12017,ROUTE_NDLS_DDN_01,SYNTHETIC_SIMULATOR,OK,29.906369,77.565062,180.079,23.75,6.6,23.75,0.0,36.3,100,25.0,332.73,SEC_MOZ_SRE,,MOZ,SRE,6.921,133.921,CRUISING,,,,,265.44,,,GREEN,HIGH,False,,False,,JRN_0001,1.0,0.0,1.0,0.4541,1.0,SEVERE,Predicted HIGH Congestion (Speed cap 25.0 km/h),25.0,16.6,321.4,14:23:30,30.0,BASELINE_HISTORICAL_CALIBRATION,261.5,17.5
OBS_000919,14:24:00,27540.0,12017,ROUTE_NDLS_DDN_01,SYNTHETIC_SIMULATOR,OK,29.908017,77.564517,180.277,23.75,6.6,23.75,0.0,36.3,100,25.0,328.07,SEC_MOZ_SRE,,MOZ,SRE,6.723,133.723,CRUISING,,,,,265.73,,,GREEN,HIGH,False,,False,,JRN_0001,1.0,0.0,1.0,0.4541,1.0,SEVERE,Predicted HIGH Congestion (Speed cap 25.0 km/h),25.0,16.1,320.9,14:24:00,30.0,BASELINE_HISTORICAL_CALIBRATION,261.0,17.0
OBS_000920,14:24:30,27570.0,12017,ROUTE_NDLS_DDN_01,SYNTHETIC_SIMULATOR,OK,29.909666,77.563971,180.475,23.75,6.6,23.75,0.0,36.3,100,25.0,323.35,SEC_MOZ_SRE,,MOZ,SRE,6.525,133.525,CRUISING,,,,,266.02,,,GREEN,HIGH,False,,False,,JRN_0001,1.0,0.0,1.0,0.4541,1.0,SEVERE,Predicted HIGH Congestion (Speed cap 25.0 km/h),25.0,15.7,320.5,14:24:30,30.0,BASELINE_HISTORICAL_CALIBRATION,260.5,16.5
OBS_000921,14:25:00,27600.0,12017,ROUTE_NDLS_DDN_01,SYNTHETIC_SIMULATOR,OK,29.911314,77.563426,180.673,23.75,6.6,23.75,0.0,36.3,100,25.0,318.55,SEC_MOZ_SRE,,MOZ,SRE,6.327,133.327,CRUISING,,,,,266.31,,,GREEN,HIGH,False,,False,,JRN_0001,1.0,0.0,1.0,0.4541,1.0,SEVERE,Predicted HIGH Congestion (Speed cap 25.0 km/h),25.0,15.2,320.0,14:25:00,30.0,BASELINE_HISTORICAL_CALIBRATION,260.0,16.0
OBS_000922,14:25:30,27630.0,12017,ROUTE_NDLS_DDN_01,SYNTHETIC_SIMULATOR,OK,29.912962,77.562881,180.871,23.75,6.6,23.75,0.0,36.3,100,25.0,313.69,SEC_MOZ_SRE,,MOZ,SRE,6.129,133.129,CRUISING,,,,,266.59,,,GREEN,HIGH,False,,False,,JRN_0001,1.0,0.0,1.0,0.4541,1.0,SEVERE,Predicted HIGH Congestion (Speed cap 25.0 km/h),25.0,14.7,319.5,14:25:30,30.0,BASELINE_HISTORICAL_CALIBRATION,259.5,15.5
OBS_000923,14:26:00,27660.0,12017,ROUTE_NDLS_DDN_01,SYNTHETIC_SIMULATOR,OK,29.91461,77.562336,181.069,23.75,6.6,23.75,0.0,36.3,100,25.0,308.74,SEC_MOZ_SRE,,MOZ,SRE,5.931,132.931,CRUISING,,,,,266.88,,,GREEN,HIGH,False,,False,,JRN_0001,1.0,0.0,1.0,0.4541,1.0,SEVERE,Predicted HIGH Congestion (Speed cap 25.0 km/h),25.0,14.2,319.0,14:26:00,30.0,BASELINE_HISTORICAL_CALIBRATION,259.0,15.0
OBS_000924,14:26:30,27690.0,12017,ROUTE_NDLS_DDN_01,SYNTHETIC_SIMULATOR,OK,29.916258,77.561791,181.267,23.75,6.6,23.75,0.0,36.3,100,25.0,303.71,SEC_MOZ_SRE,,MOZ,SRE,5.733,132.733,CRUISING,,,,,267.17,,,GREEN,HIGH,False,,False,,JRN_0001,1.0,0.0,1.0,0.4541,1.0,SEVERE,Predicted HIGH Congestion (Speed cap 25.0 km/h),25.0,13.8,318.6,14:26:30,30.0,BASELINE_HISTORICAL_CALIBRATION,258.5,14.5
OBS_000925,14:27:00,27720.0,12017,ROUTE_NDLS_DDN_01,SYNTHETIC_SIMULATOR,OK,29.917906,77.561246,181.465,23.75,6.6,23.75,0.0,36.3,100,25.0,298.6,SEC_MOZ_SRE,,MOZ,SRE,5.535,132.535,CRUISING,,,,,267.46,,,GREEN,HIGH,False,,False,,JRN_0001,1.0,0.0,1.0,0.4541,1.0,SEVERE,Predicted HIGH Congestion (Speed cap 25.0 km/h),25.0,13.3,318.1,14:27:00,30.0,BASELINE_HISTORICAL_CALIBRATION,258.0,14.0
OBS_000926,14:27:30,27750.0,12017,ROUTE_NDLS_DDN_01,SYNTHETIC_SIMULATOR,OK,29.919554,77.560701,181.662,23.75,6.6,23.75,0.0,36.3,100,25.0,293.41,SEC_MOZ_SRE,,MOZ,SRE,5.338,132.338,CRUISING,,,,,267.74,,,GREEN,HIGH,False,,False,,JRN_0001,1.0,0.0,1.0,0.4541,1.0,SEVERE,Predicted HIGH Congestion (Speed cap 25.0 km/h),25.0,12.8,317.6,14:27:30,30.0,BASELINE_HISTORICAL_CALIBRATION,257.5,13.5
OBS_000927,14:28:00,27780.0,12017,ROUTE_NDLS_DDN_01,SYNTHETIC_SIMULATOR,OK,29.921202,77.560156,181.86,23.75,6.6,23.75,0.0,36.3,100,25.0,288.11,SEC_MOZ_SRE,,MOZ,SRE,5.14,132.14,CRUISING,,,,,268.03,,,GREEN,HIGH,False,,False,,JRN_0001,1.0,0.0,1.0,0.4541,1.0,SEVERE,Predicted HIGH Congestion (Speed cap 25.0 km/h),25.0,12.3,317.1,14:28:00,30.0,BASELINE_HISTORICAL_CALIBRATION,257.0,13.0
OBS_000928,14:28:30,27810.0,12017,ROUTE_NDLS_DDN_01,SYNTHETIC_SIMULATOR,OK,29.92285,77.559611,182.058,23.75,6.6,23.75,0.0,36.3,100,25.0,282.72,SEC_MOZ_SRE,,MOZ,SRE,4.942,131.942,CRUISING,,,,,268.32,,,GREEN,HIGH,False,,False,,JRN_0001,1.0,0.0,1.0,0.4541,1.0,SEVERE,Predicted HIGH Congestion (Speed cap 25.0 km/h),25.0,11.9,316.7,14:28:30,30.0,BASELINE_HISTORICAL_CALIBRATION,256.5,12.5
OBS_000929,14:29:00,27840.0,12017,ROUTE_NDLS_DDN_01,SYNTHETIC_SIMULATOR,OK,29.924498,77.559065,182.256,23.75,6.6,23.75,0.0,36.3,100,25.0,277.22,SEC_MOZ_SRE,,MOZ,SRE,4.744,131.744,CRUISING,,,,,268.61,,,GREEN,HIGH,False,,False,,JRN_0001,1.0,0.0,1.0,0.4541,1.0,SEVERE,Predicted HIGH Congestion (Speed cap 25.0 km/h),25.0,11.4,316.2,14:29:00,30.0,BASELINE_HISTORICAL_CALIBRATION,256.0,12.0
OBS_000930,14:29:30,27870.0,12017,ROUTE_NDLS_DDN_01,SYNTHETIC_SIMULATOR,OK,29.926146,77.55852,182.454,23.75,6.6,23.75,0.0,36.3,100,25.0,271.62,SEC_MOZ_SRE,,MOZ,SRE,4.546,131.546,CRUISING,,,,,268.89,,,GREEN,HIGH,False,,False,,JRN_0001,1.0,0.0,1.0,0.4541,1.0,SEVERE,Predicted HIGH Congestion (Speed cap 25.0 km/h),25.0,10.9,315.7,14:29:30,30.0,BASELINE_HISTORICAL_CALIBRATION,255.5,11.5
OBS_000931,14:30:00,27900.0,12017,ROUTE_NDLS_DDN_01,SYNTHETIC_SIMULATOR,OK,29.927794,77.557975,182.652,23.75,6.6,23.75,0.0,36.3,100,25.0,265.89,SEC_MOZ_SRE,,MOZ,SRE,4.348,131.348,CRUISING,,,,,269.18,,,GREEN,HIGH,False,,False,,JRN_0001,1.0,0.0,1.0,0.4541,1.0,SEVERE,Predicted HIGH Congestion (Speed cap 25.0 km/h),25.0,10.4,315.2,14:30:00,30.0,BASELINE_HISTORICAL_CALIBRATION,255.0,11.0
OBS_000932,14:30:30,27930.0,12017,ROUTE_NDLS_DDN_01,SYNTHETIC_SIMULATOR,OK,29.929442,77.55743,182.85,23.75,6.6,23.75,0.0,36.3,100,25.0,260.04,SEC_MOZ_SRE,,MOZ,SRE,4.15,131.15,CRUISING,,,,,269.47,,,GREEN,HIGH,False,,False,,JRN_0001,1.0,0.0,1.0,0.4541,1.0,SEVERE,Predicted HIGH Congestion (Speed cap 25.0 km/h),25.0,10.0,314.8,14:30:30,30.0,BASELINE_HISTORICAL_CALIBRATION,254.5,10.5
OBS_000933,14:31:00,27960.0,12017,ROUTE_NDLS_DDN_01,SYNTHETIC_SIMULATOR,OK,29.931091,77.556885,183.048,23.75,6.6,23.75,0.0,36.3,100,25.0,254.05,SEC_MOZ_SRE,,MOZ,SRE,3.952,130.952,CRUISING,,,,,269.76,,,GREEN,HIGH,False,,False,,JRN_0001,1.0,0.0,1.0,0.4541,1.0,SEVERE,Predicted HIGH Congestion (Speed cap 25.0 km/h),25.0,9.5,314.3,14:31:00,30.0,BASELINE_HISTORICAL_CALIBRATION,254.0,10.0
OBS_000934,14:31:30,27990.0,12017,ROUTE_NDLS_DDN_01,SYNTHETIC_SIMULATOR,OK,29.932739,77.55634,183.246,23.75,6.6,23.75,0.0,36.3,100,25.0,247.92,SEC_MOZ_SRE,,MOZ,SRE,3.754,130.754,CRUISING,,,,,270.04,,,GREEN,HIGH,False,,False,,JRN_0001,1.0,0.0,1.0,0.4541,1.0,SEVERE,Predicted HIGH Congestion (Speed cap 25.0 km/h),25.0,9.0,313.8,14:31:30,30.0,BASELINE_HISTORICAL_CALIBRATION,253.5,9.5
OBS_000935,14:32:00,28020.0,12017,ROUTE_NDLS_DDN_01,SYNTHETIC_SIMULATOR,OK,29.934387,77.555795,183.444,23.75,6.6,23.75,0.0,36.3,100,25.0,241.63,SEC_MOZ_SRE,,MOZ,SRE,3.556,130.556,CRUISING,,,,,270.33,,,GREEN,HIGH,False,,False,,JRN_0001,1.0,0.0,1.0,0.4541,1.0,SEVERE,Predicted HIGH Congestion (Speed cap 25.0 km/h),25.0,8.5,313.3,14:32:00,30.0,BASELINE_HISTORICAL_CALIBRATION,253.0,9.0
OBS_000936,14:32:30,28050.0,12017,ROUTE_NDLS_DDN_01,SYNTHETIC_SIMULATOR,OK,29.936035,77.55525,183.642,23.75,6.6,23.75,0.0,36.3,100,25.0,235.17,SEC_MOZ_SRE,,MOZ,SRE,3.358,130.358,CRUISING,,,,,270.62,,,GREEN,HIGH,False,,False,,JRN_0001,1.0,0.0,1.0,0.4541,1.0,SEVERE,Predicted HIGH Congestion (Speed cap 25.0 km/h),25.0,8.1,312.9,14:32:30,30.0,BASELINE_HISTORICAL_CALIBRATION,252.5,8.5
OBS_000937,14:33:00,28080.0,12017,ROUTE_NDLS_DDN_01,SYNTHETIC_SIMULATOR,OK,29.937683,77.554705,183.84,23.75,6.6,23.75,0.0,36.3,100,25.0,228.54,SEC_MOZ_SRE,,MOZ,SRE,3.16,130.16,CRUISING,,,,,270.91,,,GREEN,HIGH,False,,False,,JRN_0001,1.0,0.0,1.0,0.4541,1.0,SEVERE,Predicted HIGH Congestion (Speed cap 25.0 km/h),25.0,7.6,312.4,14:33:00,30.0,BASELINE_HISTORICAL_CALIBRATION,252.0,8.0
OBS_000938,14:33:30,28110.0,12017,ROUTE_NDLS_DDN_01,SYNTHETIC_SIMULATOR,OK,29.939331,77.554159,184.037,23.75,6.6,23.75,0.0,36.3,100,25.0,221.7,SEC_MOZ_SRE,,MOZ,SRE,2.963,129.963,CRUISING,,,,,271.19,,,GREEN,HIGH,False,,False,,JRN_0001,1.0,0.0,1.0,0.4541,1.0,SEVERE,Predicted HIGH Congestion (Speed cap 25.0 km/h),25.0,7.1,311.9,14:33:30,30.0,BASELINE_HISTORICAL_CALIBRATION,251.5,7.5
OBS_000939,14:34:00,28140.0,12017,ROUTE_NDLS_DDN_01,SYNTHETIC_SIMULATOR,OK,29.940979,77.553614,184.235,23.75,6.6,23.75,0.0,36.3,100,25.0,214.65,SEC_MOZ_SRE,,MOZ,SRE,2.765,129.765,CRUISING,,,,,271.48,,,GREEN,HIGH,False,,False,,JRN_0001,1.0,0.0,1.0,0.4541,1.0,SEVERE,Predicted HIGH Congestion (Speed cap 25.0 km/h),25.0,6.6,311.4,14:34:00,30.0,BASELINE_HISTORICAL_CALIBRATION,251.0,7.0
OBS_000940,14:34:30,28170.0,12017,ROUTE_NDLS_DDN_01,SYNTHETIC_SIMULATOR,OK,29.942627,77.553069,184.433,23.75,6.6,23.75,0.0,36.3,100,25.0,207.35,SEC_MOZ_SRE,,MOZ,SRE,2.567,129.567,CRUISING,,,,,271.77,,,GREEN,HIGH,False,,False,,JRN_0001,1.0,0.0,1.0,0.4541,1.0,SEVERE,Predicted HIGH Congestion (Speed cap 25.0 km/h),25.0,6.2,311.0,14:34:30,30.0,BASELINE_HISTORICAL_CALIBRATION,250.5,6.5
OBS_000941,14:35:00,28200.0,12017,ROUTE_NDLS_DDN_01,SYNTHETIC_SIMULATOR,OK,29.944275,77.552524,184.631,23.75,6.6,23.75,0.0,36.3,100,25.0,199.79,SEC_MOZ_SRE,,MOZ,SRE,2.369,129.369,CRUISING,,,,,272.06,,,GREEN,HIGH,False,,False,,JRN_0001,1.0,0.0,1.0,0.4541,1.0,SEVERE,Predicted HIGH Congestion (Speed cap 25.0 km/h),25.0,5.7,310.5,14:35:00,30.0,BASELINE_HISTORICAL_CALIBRATION,250.0,6.0
OBS_000942,14:35:30,28230.0,12017,ROUTE_NDLS_DDN_01,SYNTHETIC_SIMULATOR,OK,29.945923,77.551979,184.829,23.75,6.6,23.75,0.0,36.3,100,25.0,191.93,SEC_MOZ_SRE,,MOZ,SRE,2.171,129.171,CRUISING,,,,,272.34,,,GREEN,HIGH,False,,False,,JRN_0001,1.0,0.0,1.0,0.4541,1.0,SEVERE,Predicted HIGH Congestion (Speed cap 25.0 km/h),25.0,5.2,310.0,14:35:30,30.0,BASELINE_HISTORICAL_CALIBRATION,249.5,5.5
OBS_000943,14:36:00,28260.0,12017,ROUTE_NDLS_DDN_01,SYNTHETIC_SIMULATOR,OK,29.947571,77.551434,185.027,23.75,6.6,23.75,0.0,36.3,100,25.0,183.74,SEC_MOZ_SRE,,MOZ,SRE,1.973,128.973,CRUISING,,,,,272.63,,,GREEN,HIGH,False,,False,,JRN_0001,1.0,0.0,1.0,0.4541,1.0,SEVERE,Predicted HIGH Congestion (Speed cap 25.0 km/h),25.0,4.7,309.5,14:36:00,30.0,BASELINE_HISTORICAL_CALIBRATION,249.0,5.0
OBS_000944,14:36:30,28290.0,12017,ROUTE_NDLS_DDN_01,SYNTHETIC_SIMULATOR,OK,29.949219,77.550889,185.225,23.75,6.6,23.75,0.0,36.3,100,25.0,175.17,SEC_MOZ_SRE,,MOZ,SRE,1.775,128.775,CRUISING,,,,,272.92,,,GREEN,HIGH,False,,False,,JRN_0001,1.0,0.0,1.0,0.4541,1.0,SEVERE,Predicted HIGH Congestion (Speed cap 25.0 km/h),25.0,4.3,309.1,14:36:30,30.0,BASELINE_HISTORICAL_CALIBRATION,248.5,4.5
OBS_000945,14:37:00,28320.0,12017,ROUTE_NDLS_DDN_01,SYNTHETIC_SIMULATOR,OK,29.950867,77.550344,185.423,23.75,6.6,23.75,0.0,36.3,100,25.0,166.15,SEC_MOZ_SRE,,MOZ,SRE,1.577,128.577,CRUISING,,,,,273.21,,,GREEN,HIGH,False,,False,,JRN_0001,1.0,0.0,1.0,0.4541,1.0,SEVERE,Predicted HIGH Congestion (Speed cap 25.0 km/h),25.0,3.8,308.6,14:37:00,30.0,BASELINE_HISTORICAL_CALIBRATION,248.0,4.0
OBS_000946,14:37:30,28350.0,12017,ROUTE_NDLS_DDN_01,SYNTHETIC_SIMULATOR,OK,29.952516,77.549799,185.621,23.75,6.6,23.75,0.0,36.3,100,25.0,156.61,SEC_MOZ_SRE,,MOZ,SRE,1.379,128.379,CRUISING,,,,,273.5,,,GREEN,HIGH,False,,False,,JRN_0001,1.0,0.0,1.0,0.4541,1.0,SEVERE,Predicted HIGH Congestion (Speed cap 25.0 km/h),25.0,3.3,308.1,14:37:30,30.0,BASELINE_HISTORICAL_CALIBRATION,247.5,3.5
OBS_000947,14:38:00,28380.0,12017,ROUTE_NDLS_DDN_01,SYNTHETIC_SIMULATOR,OK,29.954164,77.549253,185.819,23.75,6.6,23.75,0.0,36.3,100,25.0,146.45,SEC_MOZ_SRE,,MOZ,SRE,1.181,128.181,CRUISING,,,,,273.78,,,GREEN,HIGH,False,,False,,JRN_0001,1.0,0.0,1.0,0.4541,1.0,SEVERE,Predicted HIGH Congestion (Speed cap 25.0 km/h),25.0,2.8,307.6,14:38:00,30.0,BASELINE_HISTORICAL_CALIBRATION,247.0,3.0
OBS_000948,14:38:30,28410.0,12017,ROUTE_NDLS_DDN_01,SYNTHETIC_SIMULATOR,OK,29.955812,77.548708,186.017,23.75,6.6,23.75,0.0,36.3,100,25.0,135.54,SEC_MOZ_SRE,,MOZ,SRE,0.983,127.983,CRUISING,,,,,274.07,,,GREEN,HIGH,False,,False,,JRN_0001,1.0,0.0,1.0,0.4541,1.0,SEVERE,Predicted HIGH Congestion (Speed cap 25.0 km/h),25.0,2.4,307.2,14:38:30,30.0,BASELINE_HISTORICAL_CALIBRATION,246.5,2.5
OBS_000949,14:39:00,28440.0,12017,ROUTE_NDLS_DDN_01,SYNTHETIC_SIMULATOR,OK,29.95746,77.548163,186.215,23.75,6.6,23.75,0.0,36.3,100,25.0,123.66,SEC_MOZ_SRE,,MOZ,SRE,0.785,127.785,CRUISING,,,,,274.36,,,GREEN,HIGH,False,,False,,JRN_0001,1.0,0.0,1.0,0.4541,1.0,SEVERE,Predicted HIGH Congestion (Speed cap 25.0 km/h),25.0,1.9,306.7,14:39:00,30.0,BASELINE_HISTORICAL_CALIBRATION,246.0,2.0
OBS_000950,14:39:30,28470.0,12017,ROUTE_NDLS_DDN_01,SYNTHETIC_SIMULATOR,OK,29.959108,77.547618,186.412,23.75,6.6,23.75,0.0,36.3,100,25.0,110.52,SEC_MOZ_SRE,,MOZ,SRE,0.588,127.588,CRUISING,,,,,274.65,,,GREEN,HIGH,False,,False,,JRN_0001,1.0,0.0,1.0,0.4541,1.0,SEVERE,Predicted HIGH Congestion (Speed cap 25.0 km/h),25.0,1.4,306.2,14:39:30,30.0,BASELINE_HISTORICAL_CALIBRATION,245.5,1.5
OBS_000951,14:40:00,28500.0,12017,ROUTE_NDLS_DDN_01,SYNTHETIC_SIMULATOR,OK,29.960756,77.547073,186.61,23.75,6.6,23.75,0.0,36.3,100,25.0,95.59,SEC_MOZ_SRE,,MOZ,SRE,0.39,127.39,CRUISING,,,,,274.93,,,GREEN,HIGH,False,,False,,JRN_0001,1.0,0.0,1.0,0.4541,1.0,SEVERE,Predicted HIGH Congestion (Speed cap 25.0 km/h),25.0,0.9,305.7,14:40:00,30.0,BASELINE_HISTORICAL_CALIBRATION,245.0,1.0
OBS_000952,14:40:30,28530.0,12017,ROUTE_NDLS_DDN_01,SYNTHETIC_SIMULATOR,OK,29.962404,77.546528,186.808,23.75,6.6,23.75,0.0,36.3,100,25.0,77.84,SEC_MOZ_SRE,,MOZ,SRE,0.192,127.192,CRUISING,,,,,275.22,,,GREEN,HIGH,False,,False,,JRN_0001,1.0,0.0,1.0,0.4541,1.0,SEVERE,Predicted HIGH Congestion (Speed cap 25.0 km/h),25.0,0.5,305.3,14:40:30,30.0,BASELINE_HISTORICAL_CALIBRATION,244.5,0.5
OBS_000953,14:41:00,28560.0,12017,ROUTE_NDLS_DDN_01,SYNTHETIC_SIMULATOR,OK,29.964,77.546,187.0,0.0,0.0,23.75,0.0,0.0,100,25.0,54.6,SEC_MOZ_SRE,SRE,SRE,RK,34.0,127.0,DWELLING,ARRIVED,14:41:00,,,275.51,,,GREEN,HIGH,False,,False,,JRN_0001,1.0,0.0,1.0,0.4541,1.0,SEVERE,Predicted HIGH Congestion (Speed cap 25.0 km/h),25.0,81.6,304.8,14:41:00,30.0,BASELINE_HISTORICAL_CALIBRATION,244.0,95.0
OBS_000954,14:41:30,28590.0,12017,ROUTE_NDLS_DDN_01,SYNTHETIC_SIMULATOR,OK,29.964,77.546,187.0,0.0,0.0,0.0,0.0,0.0,100,25.0,0.0,SEC_SRE_RK,SRE,SRE,RK,34.0,127.0,DWELLING,,,,,275.8,,,GREEN,HIGH,False,,False,,JRN_0001,1.0,0.0,1.0,0.4541,1.0,SEVERE,Predicted HIGH Congestion (Speed cap 25.0 km/h),25.0,81.6,304.8,14:41:30,30.0,BASELINE_HISTORICAL_CALIBRATION,243.5,94.5
OBS_000955,14:42:00,28620.0,12017,ROUTE_NDLS_DDN_01,SYNTHETIC_SIMULATOR,OK,29.964,77.546,187.0,0.0,0.0,0.0,0.0,0.0,100,25.0,0.0,SEC_SRE_RK,SRE,SRE,RK,34.0,127.0,DWELLING,,,,,276.3,,,GREEN,HIGH,False,,False,,JRN_0001,1.0,0.0,1.0,0.4541,1.0,SEVERE,Predicted HIGH Congestion (Speed cap 25.0 km/h),25.0,81.6,304.8,14:42:00,30.0,BASELINE_HISTORICAL_CALIBRATION,243.0,94.0
OBS_000956,14:42:30,28650.0,12017,ROUTE_NDLS_DDN_01,SYNTHETIC_SIMULATOR,OK,29.964,77.546,187.0,0.0,0.0,0.0,0.0,0.0,100,25.0,0.0,SEC_SRE_RK,SRE,SRE,RK,34.0,127.0,DWELLING,,,,,276.8,,,GREEN,HIGH,False,,False,,JRN_0001,1.0,0.0,1.0,0.4541,1.0,SEVERE,Predicted HIGH Congestion (Speed cap 25.0 km/h),25.0,81.6,304.8,14:42:30,30.0,BASELINE_HISTORICAL_CALIBRATION,242.5,93.5
OBS_000957,14:43:00,28680.0,12017,ROUTE_NDLS_DDN_01,SYNTHETIC_SIMULATOR,OK,29.964,77.546,187.0,0.0,0.0,0.0,0.0,0.0,100,25.0,0.0,SEC_SRE_RK,SRE,SRE,RK,34.0,127.0,DWELLING,,,,,277.3,,,GREEN,HIGH,False,,False,,JRN_0001,1.0,0.0,1.0,0.4541,1.0,SEVERE,Predicted HIGH Congestion (Speed cap 25.0 km/h),25.0,81.6,304.8,14:43:00,30.0,BASELINE_HISTORICAL_CALIBRATION,242.0,93.0
OBS_000958,14:43:30,28710.0,12017,ROUTE_NDLS_DDN_01,SYNTHETIC_SIMULATOR,OK,29.964,77.546,187.0,0.0,0.0,0.0,0.0,0.0,100,25.0,0.0,SEC_SRE_RK,SRE,SRE,RK,34.0,127.0,DWELLING,,,,,277.8,,,GREEN,HIGH,False,,False,,JRN_0001,1.0,0.0,1.0,0.4541,1.0,SEVERE,Predicted HIGH Congestion (Speed cap 25.0 km/h),25.0,81.6,304.8,14:43:30,30.0,BASELINE_HISTORICAL_CALIBRATION,241.5,92.5
OBS_000959,14:44:00,28740.0,12017,ROUTE_NDLS_DDN_01,SYNTHETIC_SIMULATOR,OK,29.964,77.546,187.0,0.0,0.0,0.0,0.0,0.0,100,25.0,0.0,SEC_SRE_RK,SRE,SRE,RK,34.0,127.0,DWELLING,,,,,278.3,,,GREEN,HIGH,False,,False,,JRN_0001,1.0,0.0,1.0,0.4541,1.0,SEVERE,Predicted HIGH Congestion (Speed cap 25.0 km/h),25.0,81.6,304.8,14:44:00,30.0,BASELINE_HISTORICAL_CALIBRATION,241.0,92.0
OBS_000960,14:44:30,28770.0,12017,ROUTE_NDLS_DDN_01,SYNTHETIC_SIMULATOR,OK,29.964,77.546,187.0,0.0,0.0,0.0,0.0,0.0,100,25.0,0.0,SEC_SRE_RK,SRE,SRE,RK,34.0,127.0,DWELLING,,,,,278.8,,,GREEN,HIGH,False,,False,,JRN_0001,1.0,0.0,1.0,0.4541,1.0,SEVERE,Predicted HIGH Congestion (Speed cap 25.0 km/h),25.0,81.6,304.8,14:44:30,30.0,BASELINE_HISTORICAL_CALIBRATION,240.5,91.5
OBS_000961,14:45:00,28800.0,12017,ROUTE_NDLS_DDN_01,SYNTHETIC_SIMULATOR,OK,29.964,77.546,187.0,0.0,0.0,0.0,0.0,0.0,100,25.0,0.0,SEC_SRE_RK,SRE,SRE,RK,34.0,127.0,DWELLING,,,,,279.3,,,GREEN,HIGH,False,,False,,JRN_0001,1.0,0.0,1.0,0.4541,1.0,SEVERE,Predicted HIGH Congestion (Speed cap 25.0 km/h),25.0,81.6,304.8,14:45:00,30.0,BASELINE_HISTORICAL_CALIBRATION,240.0,91.0
OBS_000962,14:45:30,28830.0,12017,ROUTE_NDLS_DDN_01,SYNTHETIC_SIMULATOR,OK,29.964,77.546,187.0,0.0,0.0,0.0,0.0,0.0,100,25.0,0.0,SEC_SRE_RK,SRE,SRE,RK,34.0,127.0,DWELLING,,,,,279.8,,,GREEN,HIGH,False,,False,,JRN_0001,1.0,0.0,1.0,0.4541,1.0,SEVERE,Predicted HIGH Congestion (Speed cap 25.0 km/h),25.0,81.6,304.8,14:45:30,30.0,BASELINE_HISTORICAL_CALIBRATION,239.5,90.5
OBS_000963,14:46:00,28860.0,12017,ROUTE_NDLS_DDN_01,SYNTHETIC_SIMULATOR,OK,29.964,77.546,187.0,0.0,0.0,0.0,0.0,0.0,100,25.0,0.0,SEC_SRE_RK,SRE,SRE,RK,34.0,127.0,DWELLING,,,,,280.3,,,GREEN,HIGH,False,,False,,JRN_0001,1.0,0.0,1.0,0.4541,1.0,SEVERE,Predicted HIGH Congestion (Speed cap 25.0 km/h),25.0,81.6,304.8,14:46:00,30.0,BASELINE_HISTORICAL_CALIBRATION,239.0,90.0
OBS_000964,14:46:30,28890.0,12017,ROUTE_NDLS_DDN_01,SYNTHETIC_SIMULATOR,OK,29.964,77.546,187.0,0.0,0.0,0.0,0.0,0.0,100,25.0,0.0,SEC_SRE_RK,SRE,SRE,RK,34.0,127.0,DWELLING,,,,,280.8,,,GREEN,HIGH,False,,False,,JRN_0001,1.0,0.0,1.0,0.4541,1.0,SEVERE,Predicted HIGH Congestion (Speed cap 25.0 km/h),25.0,81.6,304.8,14:46:30,30.0,BASELINE_HISTORICAL_CALIBRATION,238.5,89.5
OBS_000965,14:47:00,28920.0,12017,ROUTE_NDLS_DDN_01,SYNTHETIC_SIMULATOR,OK,29.964,77.546,187.0,0.0,0.0,0.0,0.0,0.0,100,25.0,0.0,SEC_SRE_RK,SRE,SRE,RK,34.0,127.0,DWELLING,,,,,281.3,,,GREEN,HIGH,False,,False,,JRN_0001,1.0,0.0,1.0,0.4541,1.0,SEVERE,Predicted HIGH Congestion (Speed cap 25.0 km/h),25.0,81.6,304.8,14:47:00,30.0,BASELINE_HISTORICAL_CALIBRATION,238.0,89.0
OBS_000966,14:47:30,28950.0,12017,ROUTE_NDLS_DDN_01,SYNTHETIC_SIMULATOR,OK,29.964,77.546,187.0,0.0,0.0,0.0,0.0,0.0,100,25.0,0.0,SEC_SRE_RK,SRE,SRE,RK,34.0,127.0,DWELLING,,,,,281.8,,,GREEN,HIGH,False,,False,,JRN_0001,1.0,0.0,1.0,0.4541,1.0,SEVERE,Predicted HIGH Congestion (Speed cap 25.0 km/h),25.0,81.6,304.8,14:47:30,30.0,BASELINE_HISTORICAL_CALIBRATION,237.5,88.5
OBS_000967,14:48:00,28980.0,12017,ROUTE_NDLS_DDN_01,SYNTHETIC_SIMULATOR,OK,29.964,77.546,187.0,0.0,0.0,0.0,0.0,0.0,100,25.0,0.0,SEC_SRE_RK,SRE,SRE,RK,34.0,127.0,DWELLING,,,,,282.3,,,GREEN,HIGH,False,,False,,JRN_0001,1.0,0.0,1.0,0.4541,1.0,SEVERE,Predicted HIGH Congestion (Speed cap 25.0 km/h),25.0,81.6,304.8,14:48:00,30.0,BASELINE_HISTORICAL_CALIBRATION,237.0,88.0
OBS_000968,14:48:30,29010.0,12017,ROUTE_NDLS_DDN_01,SYNTHETIC_SIMULATOR,OK,29.964,77.546,187.0,0.0,0.0,0.0,0.0,0.0,100,25.0,0.0,SEC_SRE_RK,SRE,SRE,RK,34.0,127.0,DWELLING,,,,,282.8,,,GREEN,HIGH,False,,False,,JRN_0001,1.0,0.0,1.0,0.4541,1.0,SEVERE,Predicted HIGH Congestion (Speed cap 25.0 km/h),25.0,81.6,304.8,14:48:30,30.0,BASELINE_HISTORICAL_CALIBRATION,236.5,87.5
OBS_000969,14:49:00,29040.0,12017,ROUTE_NDLS_DDN_01,SYNTHETIC_SIMULATOR,OK,29.964,77.546,187.0,0.0,0.0,0.0,0.0,0.0,100,25.0,0.0,SEC_SRE_RK,SRE,SRE,RK,34.0,127.0,DWELLING,,,,,283.3,,,GREEN,HIGH,False,,False,,JRN_0001,1.0,0.0,1.0,0.4541,1.0,SEVERE,Predicted HIGH Congestion (Speed cap 25.0 km/h),25.0,81.6,304.8,14:49:00,30.0,BASELINE_HISTORICAL_CALIBRATION,236.0,87.0
OBS_000970,14:49:30,29070.0,12017,ROUTE_NDLS_DDN_01,SYNTHETIC_SIMULATOR,OK,29.964,77.546,187.0,0.0,0.0,0.0,0.0,0.0,100,25.0,0.0,SEC_SRE_RK,SRE,SRE,RK,34.0,127.0,DWELLING,,,,,283.8,,,GREEN,HIGH,False,,False,,JRN_0001,1.0,0.0,1.0,0.4541,1.0,SEVERE,Predicted HIGH Congestion (Speed cap 25.0 km/h),25.0,81.6,304.8,14:49:30,30.0,BASELINE_HISTORICAL_CALIBRATION,235.5,86.5
OBS_000971,14:50:00,29100.0,12017,ROUTE_NDLS_DDN_01,SYNTHETIC_SIMULATOR,OK,29.964,77.546,187.0,0.0,0.0,0.0,0.0,0.0,100,25.0,0.0,SEC_SRE_RK,SRE,SRE,RK,34.0,127.0,DWELLING,,,,,284.3,,,GREEN,HIGH,False,,False,,JRN_0001,1.0,0.0,1.0,0.4541,1.0,SEVERE,Predicted HIGH Congestion (Speed cap 25.0 km/h),25.0,81.6,304.8,14:50:00,30.0,BASELINE_HISTORICAL_CALIBRATION,235.0,86.0
OBS_000972,14:50:30,29130.0,12017,ROUTE_NDLS_DDN_01,SYNTHETIC_SIMULATOR,OK,29.964,77.546,187.0,0.0,0.0,0.0,0.0,0.0,100,25.0,0.0,SEC_SRE_RK,SRE,SRE,RK,34.0,127.0,DWELLING,,,,,284.8,,,GREEN,HIGH,False,,False,,JRN_0001,1.0,0.0,1.0,0.4541,1.0,SEVERE,Predicted HIGH Congestion (Speed cap 25.0 km/h),25.0,81.6,304.8,14:50:30,30.0,BASELINE_HISTORICAL_CALIBRATION,234.5,85.5
OBS_000973,14:51:00,29160.0,12017,ROUTE_NDLS_DDN_01,SYNTHETIC_SIMULATOR,OK,29.964,77.546,187.423,23.75,6.6,23.75,0.5,36.3,100,25.0,727.16,SEC_SRE_RK,SRE,SRE,RK,33.577,126.577,ACCELERATING,DEPARTED,,14:51:00,10,285.3,,,GREEN,HIGH,False,,False,,JRN_0001,1.0,0.0,1.0,0.4541,1.0,SEVERE,Predicted HIGH Congestion (Speed cap 25.0 km/h),25.0,80.6,303.8,14:51:00,30.0,BASELINE_HISTORICAL_CALIBRATION,234.0,85.0
OBS_000974,14:51:30,29190.0,12017,ROUTE_NDLS_DDN_01,SYNTHETIC_SIMULATOR,OK,29.961997,77.552245,187.621,23.75,6.6,23.75,0.0,36.3,100,25.0,722.63,SEC_SRE_RK,,SRE,RK,33.379,126.379,CRUISING,,,,,285.35,,,GREEN,HIGH,False,,False,,JRN_0001,1.0,0.0,1.0,0.4541,1.0,SEVERE,Predicted HIGH Congestion (Speed cap 25.0 km/h),25.0,80.1,303.3,14:51:30,30.0,BASELINE_HISTORICAL_CALIBRATION,233.5,84.5
OBS_000975,14:52:00,29220.0,12017,ROUTE_NDLS_DDN_01,SYNTHETIC_SIMULATOR,OK,29.961358,77.554236,187.819,23.75,6.6,23.75,0.0,36.3,100,25.0,720.49,SEC_SRE_RK,,SRE,RK,33.181,126.181,CRUISING,,,,,285.64,,,GREEN,HIGH,False,,False,,JRN_0001,1.0,0.0,1.0,0.4541,1.0,SEVERE,Predicted HIGH Congestion (Speed cap 25.0 km/h),25.0,79.6,302.8,14:52:00,30.0,BASELINE_HISTORICAL_CALIBRATION,233.0,84.0
OBS_000976,14:52:30,29250.0,12017,ROUTE_NDLS_DDN_01,SYNTHETIC_SIMULATOR,OK,29.96072,77.556226,188.017,23.75,6.6,23.75,0.0,36.3,100,25.0,718.36,SEC_SRE_RK,,SRE,RK,32.983,125.983,CRUISING,,,,,285.92,,,GREEN,HIGH,False,,False,,JRN_0001,1.0,0.0,1.0,0.4541,1.0,SEVERE,Predicted HIGH Congestion (Speed cap 25.0 km/h),25.0,79.2,302.4,14:52:30,30.0,BASELINE_HISTORICAL_CALIBRATION,232.5,83.5
OBS_000977,14:53:00,29280.0,12017,ROUTE_NDLS_DDN_01,SYNTHETIC_SIMULATOR,OK,29.960081,77.558217,188.215,23.75,6.6,23.75,0.0,36.3,100,25.0,716.21,SEC_SRE_RK,,SRE,RK,32.785,125.785,CRUISING,,,,,286.21,,,GREEN,HIGH,False,,False,,JRN_0001,1.0,0.0,1.0,0.4541,1.0,SEVERE,Predicted HIGH Congestion (Speed cap 25.0 km/h),25.0,78.7,301.9,14:53:00,30.0,BASELINE_HISTORICAL_CALIBRATION,232.0,83.0
OBS_000978,14:53:30,29310.0,12017,ROUTE_NDLS_DDN_01,SYNTHETIC_SIMULATOR,OK,29.959443,77.560208,188.412,23.75,6.6,23.75,0.0,36.3,100,25.0,714.06,SEC_SRE_RK,,SRE,RK,32.588,125.588,CRUISING,,,,,286.5,,,GREEN,HIGH,False,,False,,JRN_0001,1.0,0.0,1.0,0.4541,1.0,SEVERE,Predicted HIGH Congestion (Speed cap 25.0 km/h),25.0,78.2,301.4,14:53:30,30.0,BASELINE_HISTORICAL_CALIBRATION,231.5,82.5
OBS_000979,14:54:00,29340.0,12017,ROUTE_NDLS_DDN_01,SYNTHETIC_SIMULATOR,OK,29.958804,77.562199,188.61,23.75,6.6,23.75,0.0,36.3,100,25.0,711.9,SEC_SRE_RK,,SRE,RK,32.39,125.39,CRUISING,,,,,286.79,,,GREEN,HIGH,False,,False,,JRN_0001,1.0,0.0,1.0,0.4541,1.0,SEVERE,Predicted HIGH Congestion (Speed cap 25.0 km/h),25.0,77.7,300.9,14:54:00,30.0,BASELINE_HISTORICAL_CALIBRATION,231.0,82.0
OBS_000980,14:54:30,29370.0,12017,ROUTE_NDLS_DDN_01,SYNTHETIC_SIMULATOR,OK,29.958165,77.56419,188.808,23.75,6.6,23.75,0.0,36.3,100,25.0,709.73,SEC_SRE_RK,,SRE,RK,32.192,125.192,CRUISING,,,,,287.07,,,GREEN,HIGH,False,,False,,JRN_0001,1.0,0.0,1.0,0.4541,1.0,SEVERE,Predicted HIGH Congestion (Speed cap 25.0 km/h),25.0,77.3,300.5,14:54:30,30.0,BASELINE_HISTORICAL_CALIBRATION,230.5,81.5
OBS_000981,14:55:00,29400.0,12017,ROUTE_NDLS_DDN_01,SYNTHETIC_SIMULATOR,OK,29.957527,77.566181,189.006,23.75,6.6,23.75,0.0,36.3,100,25.0,707.56,SEC_SRE_RK,,SRE,RK,31.994,124.994,CRUISING,,,,,287.36,,,GREEN,HIGH,False,,False,,JRN_0001,1.0,0.0,1.0,0.4541,1.0,SEVERE,Predicted HIGH Congestion (Speed cap 25.0 km/h),25.0,76.8,300.0,14:55:00,30.0,BASELINE_HISTORICAL_CALIBRATION,230.0,81.0
OBS_000982,14:55:30,29430.0,12017,ROUTE_NDLS_DDN_01,SYNTHETIC_SIMULATOR,OK,29.956888,77.568171,189.204,23.75,6.6,23.75,0.0,36.3,100,25.0,705.38,SEC_SRE_RK,,SRE,RK,31.796,124.796,CRUISING,,,,,287.65,,,GREEN,HIGH,False,,False,,JRN_0001,1.0,0.0,1.0,0.4541,1.0,SEVERE,Predicted HIGH Congestion (Speed cap 25.0 km/h),25.0,76.3,299.5,14:55:30,30.0,BASELINE_HISTORICAL_CALIBRATION,229.5,80.5
OBS_000983,14:56:00,29460.0,12017,ROUTE_NDLS_DDN_01,SYNTHETIC_SIMULATOR,OK,29.95625,77.570162,189.402,23.75,6.6,23.75,0.0,36.3,100,25.0,703.2,SEC_SRE_RK,,SRE,RK,31.598,124.598,CRUISING,,,,,287.94,,,GREEN,HIGH,False,,False,,JRN_0001,1.0,0.0,1.0,0.4541,1.0,SEVERE,Predicted HIGH Congestion (Speed cap 25.0 km/h),25.0,75.8,299.0,14:56:00,30.0,BASELINE_HISTORICAL_CALIBRATION,229.0,80.0
OBS_000984,14:56:30,29490.0,12017,ROUTE_NDLS_DDN_01,SYNTHETIC_SIMULATOR,OK,29.955611,77.572153,189.6,23.75,6.6,23.75,0.0,36.3,100,25.0,701.01,SEC_SRE_RK,,SRE,RK,31.4,124.4,CRUISING,,,,,288.22,,,GREEN,HIGH,False,,False,,JRN_0001,1.0,0.0,1.0,0.4541,1.0,SEVERE,Predicted HIGH Congestion (Speed cap 25.0 km/h),25.0,75.4,298.6,14:56:30,30.0,BASELINE_HISTORICAL_CALIBRATION,228.5,79.5
OBS_000985,14:57:00,29520.0,12017,ROUTE_NDLS_DDN_01,SYNTHETIC_SIMULATOR,OK,29.954973,77.574144,189.798,23.75,6.6,23.75,0.0,36.3,100,25.0,698.81,SEC_SRE_RK,,SRE,RK,31.202,124.202,CRUISING,,,,,288.51,,,GREEN,HIGH,False,,False,,JRN_0001,1.0,0.0,1.0,0.4541,1.0,SEVERE,Predicted HIGH Congestion (Speed cap 25.0 km/h),25.0,74.9,298.1,14:57:00,30.0,BASELINE_HISTORICAL_CALIBRATION,228.0,79.0
OBS_000986,14:57:30,29550.0,12017,ROUTE_NDLS_DDN_01,SYNTHETIC_SIMULATOR,OK,29.954334,77.576135,189.996,23.75,6.6,23.75,0.0,36.3,100,25.0,696.6,SEC_SRE_RK,,SRE,RK,31.004,124.004,CRUISING,,,,,288.8,,,GREEN,HIGH,False,,False,,JRN_0001,1.0,0.0,1.0,0.4541,1.0,SEVERE,Predicted HIGH Congestion (Speed cap 25.0 km/h),25.0,74.4,297.6,14:57:30,30.0,BASELINE_HISTORICAL_CALIBRATION,227.5,78.5
OBS_000987,14:58:00,29580.0,12017,ROUTE_NDLS_DDN_01,SYNTHETIC_SIMULATOR,OK,29.953695,77.578125,190.194,23.75,6.6,23.75,0.0,36.3,100,25.0,694.39,SEC_SRE_RK,,SRE,RK,30.806,123.806,CRUISING,,,,,289.09,,,GREEN,HIGH,False,,False,,JRN_0001,1.0,0.0,1.0,0.4541,1.0,SEVERE,Predicted HIGH Congestion (Speed cap 25.0 km/h),25.0,73.9,297.1,14:58:00,30.0,BASELINE_HISTORICAL_CALIBRATION,227.0,78.0
OBS_000988,14:58:30,29610.0,12017,ROUTE_NDLS_DDN_01,SYNTHETIC_SIMULATOR,OK,29.953057,77.580116,190.392,23.75,6.6,23.75,0.0,36.3,100,25.0,692.17,SEC_SRE_RK,,SRE,RK,30.608,123.608,CRUISING,,,,,289.37,,,GREEN,HIGH,False,,False,,JRN_0001,1.0,0.0,1.0,0.4541,1.0,SEVERE,Predicted HIGH Congestion (Speed cap 25.0 km/h),25.0,73.5,296.7,14:58:30,30.0,BASELINE_HISTORICAL_CALIBRATION,226.5,77.5
OBS_000989,14:59:00,29640.0,12017,ROUTE_NDLS_DDN_01,SYNTHETIC_SIMULATOR,OK,29.952418,77.582107,190.59,23.75,6.6,23.75,0.0,36.3,100,25.0,689.94,SEC_SRE_RK,,SRE,RK,30.41,123.41,CRUISING,,,,,289.66,,,GREEN,HIGH,False,,False,,JRN_0001,1.0,0.0,1.0,0.4541,1.0,SEVERE,Predicted HIGH Congestion (Speed cap 25.0 km/h),25.0,73.0,296.2,14:59:00,30.0,BASELINE_HISTORICAL_CALIBRATION,226.0,77.0
OBS_000990,14:59:30,29670.0,12017,ROUTE_NDLS_DDN_01,SYNTHETIC_SIMULATOR,OK,29.95178,77.584098,190.787,23.75,6.6,23.75,0.0,36.3,100,25.0,687.71,SEC_SRE_RK,,SRE,RK,30.213,123.213,CRUISING,,,,,289.95,,,GREEN,HIGH,False,,False,,JRN_0001,1.0,0.0,1.0,0.4541,1.0,SEVERE,Predicted HIGH Congestion (Speed cap 25.0 km/h),25.0,72.5,295.7,14:59:30,30.0,BASELINE_HISTORICAL_CALIBRATION,225.5,76.5
OBS_000991,15:00:00,29700.0,12017,ROUTE_NDLS_DDN_01,SYNTHETIC_SIMULATOR,OK,29.951141,77.586089,190.985,23.75,6.6,23.75,0.0,36.3,100,25.0,685.47,SEC_SRE_RK,,SRE,RK,30.015,123.015,CRUISING,,,,,290.24,,,GREEN,HIGH,False,,False,,JRN_0001,1.0,0.0,1.0,0.4541,1.0,SEVERE,Predicted HIGH Congestion (Speed cap 25.0 km/h),25.0,72.0,295.2,15:00:00,30.0,BASELINE_HISTORICAL_CALIBRATION,225.0,76.0
OBS_000992,15:00:30,29730.0,12017,ROUTE_NDLS_DDN_01,SYNTHETIC_SIMULATOR,OK,29.950503,77.588079,191.183,23.75,6.6,23.75,0.0,36.3,100,25.0,683.22,SEC_SRE_RK,,SRE,RK,29.817,122.817,CRUISING,,,,,290.53,,,GREEN,HIGH,False,,False,,JRN_0001,1.0,0.0,1.0,0.4541,1.0,SEVERE,Predicted HIGH Congestion (Speed cap 25.0 km/h),25.0,71.6,294.8,15:00:30,30.0,BASELINE_HISTORICAL_CALIBRATION,224.5,75.5
OBS_000993,15:01:00,29760.0,12017,ROUTE_NDLS_DDN_01,SYNTHETIC_SIMULATOR,OK,29.949864,77.59007,191.381,23.75,6.6,23.75,0.0,36.3,100,25.0,680.96,SEC_SRE_RK,,SRE,RK,29.619,122.619,CRUISING,,,,,290.81,,,GREEN,HIGH,False,,False,,JRN_0001,1.0,0.0,1.0,0.4541,1.0,SEVERE,Predicted HIGH Congestion (Speed cap 25.0 km/h),25.0,71.1,294.3,15:01:00,30.0,BASELINE_HISTORICAL_CALIBRATION,224.0,75.0
OBS_000994,15:01:30,29790.0,12017,ROUTE_NDLS_DDN_01,SYNTHETIC_SIMULATOR,OK,29.949225,77.592061,191.579,23.75,6.6,23.75,0.0,36.3,100,25.0,678.7,SEC_SRE_RK,,SRE,RK,29.421,122.421,CRUISING,,,,,291.1,,,GREEN,HIGH,False,,False,,JRN_0001,1.0,0.0,1.0,0.4541,1.0,SEVERE,Predicted HIGH Congestion (Speed cap 25.0 km/h),25.0,70.6,293.8,15:01:30,30.0,BASELINE_HISTORICAL_CALIBRATION,223.5,74.5
OBS_000995,15:02:00,29820.0,12017,ROUTE_NDLS_DDN_01,SYNTHETIC_SIMULATOR,OK,29.948587,77.594052,191.777,23.75,6.6,23.75,0.0,36.3,100,25.0,676.43,SEC_SRE_RK,,SRE,RK,29.223,122.223,CRUISING,,,,,291.39,,,GREEN,HIGH,False,,False,,JRN_0001,1.0,0.0,1.0,0.4541,1.0,SEVERE,Predicted HIGH Congestion (Speed cap 25.0 km/h),25.0,70.1,293.3,15:02:00,30.0,BASELINE_HISTORICAL_CALIBRATION,223.0,74.0
OBS_000996,15:02:30,29850.0,12017,ROUTE_NDLS_DDN_01,SYNTHETIC_SIMULATOR,OK,29.947948,77.596043,191.975,23.75,6.6,23.75,0.0,36.3,100,25.0,674.15,SEC_SRE_RK,,SRE,RK,29.025,122.025,CRUISING,,,,,291.68,,,GREEN,HIGH,False,,False,,JRN_0001,1.0,0.0,1.0,0.4541,1.0,SEVERE,Predicted HIGH Congestion (Speed cap 25.0 km/h),25.0,69.7,292.9,15:02:30,30.0,BASELINE_HISTORICAL_CALIBRATION,222.5,73.5
OBS_000997,15:03:00,29880.0,12017,ROUTE_NDLS_DDN_01,SYNTHETIC_SIMULATOR,OK,29.94731,77.598033,192.173,23.75,6.6,23.75,0.0,36.3,100,25.0,671.86,SEC_SRE_RK,,SRE,RK,28.827,121.827,CRUISING,,,,,291.96,,,GREEN,HIGH,False,,False,,JRN_0001,1.0,0.0,1.0,0.4541,1.0,SEVERE,Predicted HIGH Congestion (Speed cap 25.0 km/h),25.0,69.2,292.4,15:03:00,30.0,BASELINE_HISTORICAL_CALIBRATION,222.0,73.0
OBS_000998,15:03:30,29910.0,12017,ROUTE_NDLS_DDN_01,SYNTHETIC_SIMULATOR,OK,29.946671,77.600024,192.371,23.75,6.6,23.75,0.0,36.3,100,25.0,669.57,SEC_SRE_RK,,SRE,RK,28.629,121.629,CRUISING,,,,,292.25,,,GREEN,HIGH,False,,False,,JRN_0001,1.0,0.0,1.0,0.4541,1.0,SEVERE,Predicted HIGH Congestion (Speed cap 25.0 km/h),25.0,68.7,291.9,15:03:30,30.0,BASELINE_HISTORICAL_CALIBRATION,221.5,72.5
OBS_000999,15:04:00,29940.0,12017,ROUTE_NDLS_DDN_01,SYNTHETIC_SIMULATOR,OK,29.946033,77.602015,192.569,23.75,6.6,23.75,0.0,36.3,100,25.0,667.26,SEC_SRE_RK,,SRE,RK,28.431,121.431,CRUISING,,,,,292.54,,,GREEN,HIGH,False,,False,,JRN_0001,1.0,0.0,1.0,0.4541,1.0,SEVERE,Predicted HIGH Congestion (Speed cap 25.0 km/h),25.0,68.2,291.4,15:04:00,30.0,BASELINE_HISTORICAL_CALIBRATION,221.0,72.0
OBS_001000,15:04:30,29970.0,12017,ROUTE_NDLS_DDN_01,SYNTHETIC_SIMULATOR,OK,29.945394,77.604006,192.767,23.75,6.6,23.75,0.0,36.3,100,25.0,664.95,SEC_SRE_RK,,SRE,RK,28.233,121.233,CRUISING,,,,,292.83,,,GREEN,HIGH,False,,False,,JRN_0001,1.0,0.0,1.0,0.4541,1.0,SEVERE,Predicted HIGH Congestion (Speed cap 25.0 km/h),25.0,67.8,291.0,15:04:30,30.0,BASELINE_HISTORICAL_CALIBRATION,220.5,71.5
OBS_001001,15:05:00,30000.0,12017,ROUTE_NDLS_DDN_01,SYNTHETIC_SIMULATOR,OK,29.944755,77.605997,192.965,23.75,6.6,23.75,0.0,36.3,100,25.0,662.63,SEC_SRE_RK,,SRE,RK,28.035,121.035,CRUISING,,,,,293.11,,,GREEN,HIGH,False,,False,,JRN_0001,1.0,0.0,1.0,0.4541,1.0,SEVERE,Predicted HIGH Congestion (Speed cap 25.0 km/h),25.0,67.3,290.5,15:05:00,30.0,BASELINE_HISTORICAL_CALIBRATION,220.0,71.0
OBS_001002,15:05:30,30030.0,12017,ROUTE_NDLS_DDN_01,SYNTHETIC_SIMULATOR,OK,29.944117,77.607988,193.162,23.75,6.6,23.75,0.0,36.3,100,25.0,660.31,SEC_SRE_RK,,SRE,RK,27.838,120.838,CRUISING,,,,,293.4,,,GREEN,HIGH,False,,False,,JRN_0001,1.0,0.0,1.0,0.4541,1.0,SEVERE,Predicted HIGH Congestion (Speed cap 25.0 km/h),25.0,66.8,290.0,15:05:30,30.0,BASELINE_HISTORICAL_CALIBRATION,219.5,70.5
OBS_001003,15:06:00,30060.0,12017,ROUTE_NDLS_DDN_01,SYNTHETIC_SIMULATOR,OK,29.943478,77.609978,193.36,23.75,6.6,23.75,0.0,36.3,100,25.0,657.97,SEC_SRE_RK,,SRE,RK,27.64,120.64,CRUISING,,,,,293.69,,,GREEN,HIGH,False,,False,,JRN_0001,1.0,0.0,1.0,0.4541,1.0,SEVERE,Predicted HIGH Congestion (Speed cap 25.0 km/h),25.0,66.3,289.5,15:06:00,30.0,BASELINE_HISTORICAL_CALIBRATION,219.0,70.0
OBS_001004,15:06:30,30090.0,12017,ROUTE_NDLS_DDN_01,SYNTHETIC_SIMULATOR,OK,29.94284,77.611969,193.558,23.75,6.6,23.75,0.0,36.3,100,25.0,655.63,SEC_SRE_RK,,SRE,RK,27.442,120.442,CRUISING,,,,,293.98,,,GREEN,HIGH,False,,False,,JRN_0001,1.0,0.0,1.0,0.4541,1.0,SEVERE,Predicted HIGH Congestion (Speed cap 25.0 km/h),25.0,65.9,289.1,15:06:30,30.0,BASELINE_HISTORICAL_CALIBRATION,218.5,69.5
OBS_001005,15:07:00,30120.0,12017,ROUTE_NDLS_DDN_01,SYNTHETIC_SIMULATOR,OK,29.942201,77.61396,193.756,23.75,6.6,23.75,0.0,36.3,100,25.0,653.28,SEC_SRE_RK,,SRE,RK,27.244,120.244,CRUISING,,,,,294.26,,,GREEN,HIGH,False,,False,,JRN_0001,1.0,0.0,1.0,0.4541,1.0,SEVERE,Predicted HIGH Congestion (Speed cap 25.0 km/h),25.0,65.4,288.6,15:07:00,30.0,BASELINE_HISTORICAL_CALIBRATION,218.0,69.0
OBS_001006,15:07:30,30150.0,12017,ROUTE_NDLS_DDN_01,SYNTHETIC_SIMULATOR,OK,29.941563,77.615951,193.954,23.75,6.6,23.75,0.0,36.3,100,25.0,650.92,SEC_SRE_RK,,SRE,RK,27.046,120.046,CRUISING,,,,,294.55,,,GREEN,HIGH,False,,False,,JRN_0001,1.0,0.0,1.0,0.4541,1.0,SEVERE,Predicted HIGH Congestion (Speed cap 25.0 km/h),25.0,64.9,288.1,15:07:30,30.0,BASELINE_HISTORICAL_CALIBRATION,217.5,68.5
OBS_001007,15:08:00,30180.0,12017,ROUTE_NDLS_DDN_01,SYNTHETIC_SIMULATOR,OK,29.940924,77.617942,194.152,23.75,6.6,23.75,0.0,36.3,100,25.0,648.55,SEC_SRE_RK,,SRE,RK,26.848,119.848,CRUISING,,,,,294.84,,,GREEN,HIGH,False,,False,,JRN_0001,1.0,0.0,1.0,0.4541,1.0,SEVERE,Predicted HIGH Congestion (Speed cap 25.0 km/h),25.0,64.4,287.6,15:08:00,30.0,BASELINE_HISTORICAL_CALIBRATION,217.0,68.0
OBS_001008,15:08:30,30210.0,12017,ROUTE_NDLS_DDN_01,SYNTHETIC_SIMULATOR,OK,29.940285,77.619932,194.35,23.75,6.6,23.75,0.0,36.3,100,25.0,646.17,SEC_SRE_RK,,SRE,RK,26.65,119.65,CRUISING,,,,,295.13,,,GREEN,HIGH,False,,False,,JRN_0001,1.0,0.0,1.0,0.4541,1.0,SEVERE,Predicted HIGH Congestion (Speed cap 25.0 km/h),25.0,64.0,287.2,15:08:30,30.0,BASELINE_HISTORICAL_CALIBRATION,216.5,67.5
OBS_001009,15:09:00,30240.0,12017,ROUTE_NDLS_DDN_01,SYNTHETIC_SIMULATOR,OK,29.939647,77.621923,194.548,23.75,6.6,23.75,0.0,36.3,100,25.0,643.79,SEC_SRE_RK,,SRE,RK,26.452,119.452,CRUISING,,,,,295.41,,,GREEN,HIGH,False,,False,,JRN_0001,1.0,0.0,1.0,0.4541,1.0,SEVERE,Predicted HIGH Congestion (Speed cap 25.0 km/h),25.0,63.5,286.7,15:09:00,30.0,BASELINE_HISTORICAL_CALIBRATION,216.0,67.0
OBS_001010,15:09:30,30270.0,12017,ROUTE_NDLS_DDN_01,SYNTHETIC_SIMULATOR,OK,29.939008,77.623914,194.746,23.75,6.6,23.75,0.0,36.3,100,25.0,641.39,SEC_SRE_RK,,SRE,RK,26.254,119.254,CRUISING,,,,,295.7,,,GREEN,HIGH,False,,False,,JRN_0001,1.0,0.0,1.0,0.4541,1.0,SEVERE,Predicted HIGH Congestion (Speed cap 25.0 km/h),25.0,63.0,286.2,15:09:30,30.0,BASELINE_HISTORICAL_CALIBRATION,215.5,66.5
OBS_001011,15:10:00,30300.0,12017,ROUTE_NDLS_DDN_01,SYNTHETIC_SIMULATOR,OK,29.93837,77.625905,194.944,23.75,6.6,23.75,0.0,36.3,100,25.0,638.99,SEC_SRE_RK,,SRE,RK,26.056,119.056,CRUISING,,,,,295.99,,,GREEN,HIGH,False,,False,,JRN_0001,1.0,0.0,1.0,0.4541,1.0,SEVERE,Predicted HIGH Congestion (Speed cap 25.0 km/h),25.0,62.5,285.7,15:10:00,30.0,BASELINE_HISTORICAL_CALIBRATION,215.0,66.0
OBS_001012,15:10:30,30330.0,12017,ROUTE_NDLS_DDN_01,SYNTHETIC_SIMULATOR,OK,29.937731,77.627896,195.142,23.75,6.6,23.75,0.0,36.3,100,25.0,636.57,SEC_SRE_RK,,SRE,RK,25.858,118.858,CRUISING,,,,,296.28,,,GREEN,HIGH,False,,False,,JRN_0001,1.0,0.0,1.0,0.4541,1.0,SEVERE,Predicted HIGH Congestion (Speed cap 25.0 km/h),25.0,62.1,285.3,15:10:30,30.0,BASELINE_HISTORICAL_CALIBRATION,214.5,65.5
OBS_001013,15:11:00,30360.0,12017,ROUTE_NDLS_DDN_01,SYNTHETIC_SIMULATOR,OK,29.937093,77.629886,195.34,23.75,6.6,23.75,0.0,36.3,100,25.0,634.15,SEC_SRE_RK,,SRE,RK,25.66,118.66,CRUISING,,,,,296.56,,,GREEN,HIGH,False,,False,,JRN_0001,1.0,0.0,1.0,0.4541,1.0,SEVERE,Predicted HIGH Congestion (Speed cap 25.0 km/h),25.0,61.6,284.8,15:11:00,30.0,BASELINE_HISTORICAL_CALIBRATION,214.0,65.0
OBS_001014,15:11:30,30390.0,12017,ROUTE_NDLS_DDN_01,SYNTHETIC_SIMULATOR,OK,29.936454,77.631877,195.537,23.75,6.6,23.75,0.0,36.3,100,25.0,631.72,SEC_SRE_RK,,SRE,RK,25.463,118.463,CRUISING,,,,,296.85,,,GREEN,HIGH,False,,False,,JRN_0001,1.0,0.0,1.0,0.4541,1.0,SEVERE,Predicted HIGH Congestion (Speed cap 25.0 km/h),25.0,61.1,284.3,15:11:30,30.0,BASELINE_HISTORICAL_CALIBRATION,213.5,64.5
OBS_001015,15:12:00,30420.0,12017,ROUTE_NDLS_DDN_01,SYNTHETIC_SIMULATOR,OK,29.935815,77.633868,195.735,23.75,6.6,23.75,0.0,36.3,100,25.0,629.28,SEC_SRE_RK,,SRE,RK,25.265,118.265,CRUISING,,,,,297.14,,,GREEN,HIGH,False,,False,,JRN_0001,1.0,0.0,1.0,0.4541,1.0,SEVERE,Predicted HIGH Congestion (Speed cap 25.0 km/h),25.0,60.6,283.8,15:12:00,30.0,BASELINE_HISTORICAL_CALIBRATION,213.0,64.0
OBS_001016,15:12:30,30450.0,12017,ROUTE_NDLS_DDN_01,SYNTHETIC_SIMULATOR,OK,29.935177,77.635859,195.933,23.75,6.6,23.75,0.0,36.3,100,25.0,626.83,SEC_SRE_RK,,SRE,RK,25.067,118.067,CRUISING,,,,,297.43,,,GREEN,HIGH,False,,False,,JRN_0001,1.0,0.0,1.0,0.4541,1.0,SEVERE,Predicted HIGH Congestion (Speed cap 25.0 km/h),25.0,60.2,283.4,15:12:30,30.0,BASELINE_HISTORICAL_CALIBRATION,212.5,63.5
OBS_001017,15:13:00,30480.0,12017,ROUTE_NDLS_DDN_01,SYNTHETIC_SIMULATOR,OK,29.934538,77.63785,196.131,23.75,6.6,23.75,0.0,36.3,100,25.0,624.37,SEC_SRE_RK,,SRE,RK,24.869,117.869,CRUISING,,,,,297.71,,,GREEN,HIGH,False,,False,,JRN_0001,1.0,0.0,1.0,0.4541,1.0,SEVERE,Predicted HIGH Congestion (Speed cap 25.0 km/h),25.0,59.7,282.9,15:13:00,30.0,BASELINE_HISTORICAL_CALIBRATION,212.0,63.0
OBS_001018,15:13:30,30510.0,12017,ROUTE_NDLS_DDN_01,SYNTHETIC_SIMULATOR,OK,29.9339,77.63984,196.329,23.75,6.6,23.75,0.0,36.3,100,25.0,621.9,SEC_SRE_RK,,SRE,RK,24.671,117.671,CRUISING,,,,,298.0,,,GREEN,HIGH,False,,False,,JRN_0001,1.0,0.0,1.0,0.4541,1.0,SEVERE,Predicted HIGH Congestion (Speed cap 25.0 km/h),25.0,59.2,282.4,15:13:30,30.0,BASELINE_HISTORICAL_CALIBRATION,211.5,62.5
OBS_001019,15:14:00,30540.0,12017,ROUTE_NDLS_DDN_01,SYNTHETIC_SIMULATOR,OK,29.933261,77.641831,196.527,23.75,6.6,23.75,0.0,36.3,100,25.0,619.42,SEC_SRE_RK,,SRE,RK,24.473,117.473,CRUISING,,,,,298.29,,,GREEN,HIGH,False,,False,,JRN_0001,1.0,0.0,1.0,0.4541,1.0,SEVERE,Predicted HIGH Congestion (Speed cap 25.0 km/h),25.0,58.7,281.9,15:14:00,30.0,BASELINE_HISTORICAL_CALIBRATION,211.0,62.0
OBS_001020,15:14:30,30570.0,12017,ROUTE_NDLS_DDN_01,SYNTHETIC_SIMULATOR,OK,29.932623,77.643822,196.725,23.75,6.6,23.75,0.0,36.3,100,25.0,616.93,SEC_SRE_RK,,SRE,RK,24.275,117.275,CRUISING,,,,,298.58,,,GREEN,HIGH,False,,False,,JRN_0001,1.0,0.0,1.0,0.4541,1.0,SEVERE,Predicted HIGH Congestion (Speed cap 25.0 km/h),25.0,58.3,281.5,15:14:30,30.0,BASELINE_HISTORICAL_CALIBRATION,210.5,61.5
OBS_001021,15:15:00,30600.0,12017,ROUTE_NDLS_DDN_01,SYNTHETIC_SIMULATOR,OK,29.931984,77.645813,196.923,23.75,6.6,23.75,0.0,36.3,100,25.0,614.43,SEC_SRE_RK,,SRE,RK,24.077,117.077,CRUISING,,,,,298.87,,,GREEN,HIGH,False,,False,,JRN_0001,1.0,0.0,1.0,0.4541,1.0,SEVERE,Predicted HIGH Congestion (Speed cap 25.0 km/h),25.0,57.8,281.0,15:15:00,30.0,BASELINE_HISTORICAL_CALIBRATION,210.0,61.0
OBS_001022,15:15:30,30630.0,12017,ROUTE_NDLS_DDN_01,SYNTHETIC_SIMULATOR,OK,29.931345,77.647804,197.121,23.75,6.6,23.75,0.0,36.3,100,25.0,611.92,SEC_SRE_RK,,SRE,RK,23.879,116.879,CRUISING,,,,,299.15,,,GREEN,HIGH,False,,False,,JRN_0001,1.0,0.0,1.0,0.4541,1.0,SEVERE,Predicted HIGH Congestion (Speed cap 25.0 km/h),25.0,57.3,280.5,15:15:30,30.0,BASELINE_HISTORICAL_CALIBRATION,209.5,60.5
OBS_001023,15:16:00,30660.0,12017,ROUTE_NDLS_DDN_01,SYNTHETIC_SIMULATOR,OK,29.930707,77.649794,197.319,23.75,6.6,23.75,0.0,36.3,100,25.0,609.4,SEC_SRE_RK,,SRE,RK,23.681,116.681,CRUISING,,,,,299.44,,,GREEN,HIGH,False,,False,,JRN_0001,1.0,0.0,1.0,0.4541,1.0,SEVERE,Predicted HIGH Congestion (Speed cap 25.0 km/h),25.0,56.8,280.0,15:16:00,30.0,BASELINE_HISTORICAL_CALIBRATION,209.0,60.0
OBS_001024,15:16:30,30690.0,12017,ROUTE_NDLS_DDN_01,SYNTHETIC_SIMULATOR,OK,29.930068,77.651785,197.517,23.75,6.6,23.75,0.0,36.3,100,25.0,606.87,SEC_SRE_RK,,SRE,RK,23.483,116.483,CRUISING,,,,,299.73,,,GREEN,HIGH,False,,False,,JRN_0001,1.0,0.0,1.0,0.4541,1.0,SEVERE,Predicted HIGH Congestion (Speed cap 25.0 km/h),25.0,56.4,279.6,15:16:30,30.0,BASELINE_HISTORICAL_CALIBRATION,208.5,59.5
OBS_001025,15:17:00,30720.0,12017,ROUTE_NDLS_DDN_01,SYNTHETIC_SIMULATOR,OK,29.92943,77.653776,197.715,23.75,6.6,23.75,0.0,36.3,100,25.0,604.33,SEC_SRE_RK,,SRE,RK,23.285,116.285,CRUISING,,,,,300.02,,,GREEN,HIGH,False,,False,,JRN_0001,1.0,0.0,1.0,0.4541,1.0,SEVERE,Predicted HIGH Congestion (Speed cap 25.0 km/h),25.0,55.9,279.1,15:17:00,30.0,BASELINE_HISTORICAL_CALIBRATION,208.0,59.0
OBS_001026,15:17:30,30750.0,12017,ROUTE_NDLS_DDN_01,SYNTHETIC_SIMULATOR,OK,29.928791,77.655767,197.912,23.75,6.6,23.75,0.0,36.3,100,25.0,601.78,SEC_SRE_RK,,SRE,RK,23.088,116.088,CRUISING,,,,,300.3,,,GREEN,HIGH,False,,False,,JRN_0001,1.0,0.0,1.0,0.4541,1.0,SEVERE,Predicted HIGH Congestion (Speed cap 25.0 km/h),25.0,55.4,278.6,15:17:30,30.0,BASELINE_HISTORICAL_CALIBRATION,207.5,58.5
OBS_001027,15:18:00,30780.0,12017,ROUTE_NDLS_DDN_01,SYNTHETIC_SIMULATOR,OK,29.928153,77.657758,198.11,23.75,6.6,23.75,0.0,36.3,100,25.0,599.21,SEC_SRE_RK,,SRE,RK,22.89,115.89,CRUISING,,,,,300.59,,,GREEN,HIGH,False,,False,,JRN_0001,1.0,0.0,1.0,0.4541,1.0,SEVERE,Predicted HIGH Congestion (Speed cap 25.0 km/h),25.0,54.9,278.1,15:18:00,30.0,BASELINE_HISTORICAL_CALIBRATION,207.0,58.0
OBS_001028,15:18:30,30810.0,12017,ROUTE_NDLS_DDN_01,SYNTHETIC_SIMULATOR,OK,29.927514,77.659749,198.308,23.75,6.6,23.75,0.0,36.3,100,25.0,596.64,SEC_SRE_RK,,SRE,RK,22.692,115.692,CRUISING,,,,,300.88,,,GREEN,HIGH,False,,False,,JRN_0001,1.0,0.0,1.0,0.4541,1.0,SEVERE,Predicted HIGH Congestion (Speed cap 25.0 km/h),25.0,54.5,277.7,15:18:30,30.0,BASELINE_HISTORICAL_CALIBRATION,206.5,57.5
OBS_001029,15:19:00,30840.0,12017,ROUTE_NDLS_DDN_01,SYNTHETIC_SIMULATOR,OK,29.926875,77.661739,198.506,23.75,6.6,23.75,0.0,36.3,100,25.0,594.05,SEC_SRE_RK,,SRE,RK,22.494,115.494,CRUISING,,,,,301.17,,,GREEN,HIGH,False,,False,,JRN_0001,1.0,0.0,1.0,0.4541,1.0,SEVERE,Predicted HIGH Congestion (Speed cap 25.0 km/h),25.0,54.0,277.2,15:19:00,30.0,BASELINE_HISTORICAL_CALIBRATION,206.0,57.0
OBS_001030,15:19:30,30870.0,12017,ROUTE_NDLS_DDN_01,SYNTHETIC_SIMULATOR,OK,29.926237,77.66373,198.704,23.75,6.6,23.75,0.0,36.3,100,25.0,591.46,SEC_SRE_RK,,SRE,RK,22.296,115.296,CRUISING,,,,,301.45,,,GREEN,HIGH,False,,False,,JRN_0001,1.0,0.0,1.0,0.4541,1.0,SEVERE,Predicted HIGH Congestion (Speed cap 25.0 km/h),25.0,53.5,276.7,15:19:30,30.0,BASELINE_HISTORICAL_CALIBRATION,205.5,56.5
OBS_001031,15:20:00,30900.0,12017,ROUTE_NDLS_DDN_01,SYNTHETIC_SIMULATOR,OK,29.925598,77.665721,198.902,23.75,6.6,23.75,0.0,36.3,100,25.0,588.85,SEC_SRE_RK,,SRE,RK,22.098,115.098,CRUISING,,,,,301.74,,,GREEN,HIGH,False,,False,,JRN_0001,1.0,0.0,1.0,0.4541,1.0,SEVERE,Predicted HIGH Congestion (Speed cap 25.0 km/h),25.0,53.0,276.2,15:20:00,30.0,BASELINE_HISTORICAL_CALIBRATION,205.0,56.0
OBS_001032,15:20:30,30930.0,12017,ROUTE_NDLS_DDN_01,SYNTHETIC_SIMULATOR,OK,29.92496,77.667712,199.1,23.75,6.6,23.75,0.0,36.3,100,25.0,586.23,SEC_SRE_RK,,SRE,RK,21.9,114.9,CRUISING,,,,,302.03,,,GREEN,HIGH,False,,False,,JRN_0001,1.0,0.0,1.0,0.4541,1.0,SEVERE,Predicted HIGH Congestion (Speed cap 25.0 km/h),25.0,52.6,275.8,15:20:30,30.0,BASELINE_HISTORICAL_CALIBRATION,204.5,55.5
OBS_001033,15:21:00,30960.0,12017,ROUTE_NDLS_DDN_01,SYNTHETIC_SIMULATOR,OK,29.924321,77.669703,199.298,23.75,6.6,23.75,0.0,36.3,100,25.0,583.6,SEC_SRE_RK,,SRE,RK,21.702,114.702,CRUISING,,,,,302.32,,,GREEN,HIGH,False,,False,,JRN_0001,1.0,0.0,1.0,0.4541,1.0,SEVERE,Predicted HIGH Congestion (Speed cap 25.0 km/h),25.0,52.1,275.3,15:21:00,30.0,BASELINE_HISTORICAL_CALIBRATION,204.0,55.0
OBS_001034,15:21:30,30990.0,12017,ROUTE_NDLS_DDN_01,SYNTHETIC_SIMULATOR,OK,29.923683,77.671693,199.496,23.75,6.6,23.75,0.0,36.3,100,25.0,580.96,SEC_SRE_RK,,SRE,RK,21.504,114.504,CRUISING,,,,,302.6,,,GREEN,HIGH,False,,False,,JRN_0001,1.0,0.0,1.0,0.4541,1.0,SEVERE,Predicted HIGH Congestion (Speed cap 25.0 km/h),25.0,51.6,274.8,15:21:30,30.0,BASELINE_HISTORICAL_CALIBRATION,203.5,54.5
OBS_001035,15:22:00,31020.0,12017,ROUTE_NDLS_DDN_01,SYNTHETIC_SIMULATOR,OK,29.923044,77.673684,199.694,23.75,6.6,23.75,0.0,36.3,100,25.0,578.3,SEC_SRE_RK,,SRE,RK,21.306,114.306,CRUISING,,,,,302.89,,,GREEN,HIGH,False,,False,,JRN_0001,1.0,0.0,1.0,0.4541,1.0,SEVERE,Predicted HIGH Congestion (Speed cap 25.0 km/h),25.0,51.1,274.3,15:22:00,30.0,BASELINE_HISTORICAL_CALIBRATION,203.0,54.0
OBS_001036,15:22:30,31050.0,12017,ROUTE_NDLS_DDN_01,SYNTHETIC_SIMULATOR,OK,29.922405,77.675675,199.892,23.75,6.6,23.75,0.0,36.3,100,25.0,575.63,SEC_SRE_RK,,SRE,RK,21.108,114.108,CRUISING,,,,,303.18,,,GREEN,HIGH,False,,False,,JRN_0001,1.0,0.0,1.0,0.4541,1.0,SEVERE,Predicted HIGH Congestion (Speed cap 25.0 km/h),25.0,50.7,273.9,15:22:30,30.0,BASELINE_HISTORICAL_CALIBRATION,202.5,53.5
OBS_001037,15:23:00,31080.0,12017,ROUTE_NDLS_DDN_01,SYNTHETIC_SIMULATOR,OK,29.921767,77.677666,200.09,23.75,6.6,23.75,0.0,36.3,100,25.0,572.95,SEC_SRE_RK,,SRE,RK,20.91,113.91,CRUISING,,,,,303.47,,,GREEN,HIGH,False,,False,,JRN_0001,1.0,0.0,1.0,0.4541,1.0,SEVERE,Predicted HIGH Congestion (Speed cap 25.0 km/h),25.0,50.2,273.4,15:23:00,30.0,BASELINE_HISTORICAL_CALIBRATION,202.0,53.0
OBS_001038,15:23:30,31110.0,12017,ROUTE_NDLS_DDN_01,SYNTHETIC_SIMULATOR,OK,29.921128,77.679657,200.287,23.75,6.6,23.75,0.0,36.3,100,25.0,570.26,SEC_SRE_RK,,SRE,RK,20.713,113.713,CRUISING,,,,,303.75,,,GREEN,HIGH,False,,False,,JRN_0001,1.0,0.0,1.0,0.4541,1.0,SEVERE,Predicted HIGH Congestion (Speed cap 25.0 km/h),25.0,49.7,272.9,15:23:30,30.0,BASELINE_HISTORICAL_CALIBRATION,201.5,52.5
OBS_001039,15:24:00,31140.0,12017,ROUTE_NDLS_DDN_01,SYNTHETIC_SIMULATOR,OK,29.92049,77.681647,200.485,23.75,6.6,23.75,0.0,36.3,100,25.0,567.56,SEC_SRE_RK,,SRE,RK,20.515,113.515,CRUISING,,,,,304.04,,,GREEN,HIGH,False,,False,,JRN_0001,1.0,0.0,1.0,0.4541,1.0,SEVERE,Predicted HIGH Congestion (Speed cap 25.0 km/h),25.0,49.2,272.4,15:24:00,30.0,BASELINE_HISTORICAL_CALIBRATION,201.0,52.0
OBS_001040,15:24:30,31170.0,12017,ROUTE_NDLS_DDN_01,SYNTHETIC_SIMULATOR,OK,29.919851,77.683638,200.683,23.75,6.6,23.75,0.0,36.3,100,25.0,564.84,SEC_SRE_RK,,SRE,RK,20.317,113.317,CRUISING,,,,,304.33,,,GREEN,HIGH,False,,False,,JRN_0001,1.0,0.0,1.0,0.4541,1.0,SEVERE,Predicted HIGH Congestion (Speed cap 25.0 km/h),25.0,48.8,272.0,15:24:30,30.0,BASELINE_HISTORICAL_CALIBRATION,200.5,51.5
OBS_001041,15:25:00,31200.0,12017,ROUTE_NDLS_DDN_01,SYNTHETIC_SIMULATOR,OK,29.919213,77.685629,200.881,23.75,6.6,23.75,0.0,36.3,100,25.0,562.11,SEC_SRE_RK,,SRE,RK,20.119,113.119,CRUISING,,,,,304.62,,,GREEN,HIGH,False,,False,,JRN_0001,1.0,0.0,1.0,0.4541,1.0,SEVERE,Predicted HIGH Congestion (Speed cap 25.0 km/h),25.0,48.3,271.5,15:25:00,30.0,BASELINE_HISTORICAL_CALIBRATION,200.0,51.0
OBS_001042,15:25:30,31230.0,12017,ROUTE_NDLS_DDN_01,SYNTHETIC_SIMULATOR,OK,29.918574,77.68762,201.079,23.75,6.6,23.75,0.0,36.3,100,25.0,559.36,SEC_SRE_RK,,SRE,RK,19.921,112.921,CRUISING,,,,,304.9,,,GREEN,HIGH,False,,False,,JRN_0001,1.0,0.0,1.0,0.4541,1.0,SEVERE,Predicted HIGH Congestion (Speed cap 25.0 km/h),25.0,47.8,271.0,15:25:30,30.0,BASELINE_HISTORICAL_CALIBRATION,199.5,50.5
OBS_001043,15:26:00,31260.0,12017,ROUTE_NDLS_DDN_01,SYNTHETIC_SIMULATOR,OK,29.917935,77.689611,201.277,23.75,6.6,23.75,0.0,36.3,100,25.0,556.6,SEC_SRE_RK,,SRE,RK,19.723,112.723,CRUISING,,,,,305.19,,,GREEN,HIGH,False,,False,,JRN_0001,1.0,0.0,1.0,0.4541,1.0,SEVERE,Predicted HIGH Congestion (Speed cap 25.0 km/h),25.0,47.3,270.5,15:26:00,30.0,BASELINE_HISTORICAL_CALIBRATION,199.0,50.0
OBS_001044,15:26:30,31290.0,12017,ROUTE_NDLS_DDN_01,SYNTHETIC_SIMULATOR,OK,29.917297,77.691601,201.475,23.75,6.6,23.75,0.0,36.3,100,25.0,553.83,SEC_SRE_RK,,SRE,RK,19.525,112.525,CRUISING,,,,,305.48,,,GREEN,HIGH,False,,False,,JRN_0001,1.0,0.0,1.0,0.4541,1.0,SEVERE,Predicted HIGH Congestion (Speed cap 25.0 km/h),25.0,46.9,270.1,15:26:30,30.0,BASELINE_HISTORICAL_CALIBRATION,198.5,49.5
OBS_001045,15:27:00,31320.0,12017,ROUTE_NDLS_DDN_01,SYNTHETIC_SIMULATOR,OK,29.916658,77.693592,201.673,23.75,6.6,23.75,0.0,36.3,100,25.0,551.05,SEC_SRE_RK,,SRE,RK,19.327,112.327,CRUISING,,,,,305.77,,,GREEN,HIGH,False,,False,,JRN_0001,1.0,0.0,1.0,0.4541,1.0,SEVERE,Predicted HIGH Congestion (Speed cap 25.0 km/h),25.0,46.4,269.6,15:27:00,30.0,BASELINE_HISTORICAL_CALIBRATION,198.0,49.0
OBS_001046,15:27:30,31350.0,12017,ROUTE_NDLS_DDN_01,SYNTHETIC_SIMULATOR,OK,29.91602,77.695583,201.871,23.75,6.6,23.75,0.0,36.3,100,25.0,548.25,SEC_SRE_RK,,SRE,RK,19.129,112.129,CRUISING,,,,,306.05,,,GREEN,HIGH,False,,False,,JRN_0001,1.0,0.0,1.0,0.4541,1.0,SEVERE,Predicted HIGH Congestion (Speed cap 25.0 km/h),25.0,45.9,269.1,15:27:30,30.0,BASELINE_HISTORICAL_CALIBRATION,197.5,48.5
OBS_001047,15:28:00,31380.0,12017,ROUTE_NDLS_DDN_01,SYNTHETIC_SIMULATOR,OK,29.915381,77.697574,202.069,23.75,6.6,23.75,0.0,36.3,100,25.0,545.43,SEC_SRE_RK,,SRE,RK,18.931,111.931,CRUISING,,,,,306.34,,,GREEN,HIGH,False,,False,,JRN_0001,1.0,0.0,1.0,0.4541,1.0,SEVERE,Predicted HIGH Congestion (Speed cap 25.0 km/h),25.0,45.4,268.6,15:28:00,30.0,BASELINE_HISTORICAL_CALIBRATION,197.0,48.0
OBS_001048,15:28:30,31410.0,12017,ROUTE_NDLS_DDN_01,SYNTHETIC_SIMULATOR,OK,29.914743,77.699565,202.267,23.75,6.6,23.75,0.0,36.3,100,25.0,542.6,SEC_SRE_RK,,SRE,RK,18.733,111.733,CRUISING,,,,,306.63,,,GREEN,HIGH,False,,False,,JRN_0001,1.0,0.0,1.0,0.4541,1.0,SEVERE,Predicted HIGH Congestion (Speed cap 25.0 km/h),25.0,45.0,268.2,15:28:30,30.0,BASELINE_HISTORICAL_CALIBRATION,196.5,47.5
OBS_001049,15:29:00,31440.0,12017,ROUTE_NDLS_DDN_01,SYNTHETIC_SIMULATOR,OK,29.914104,77.701556,202.465,23.75,6.6,23.75,0.0,36.3,100,25.0,539.76,SEC_SRE_RK,,SRE,RK,18.535,111.535,CRUISING,,,,,306.92,,,GREEN,HIGH,False,,False,,JRN_0001,1.0,0.0,1.0,0.4541,1.0,SEVERE,Predicted HIGH Congestion (Speed cap 25.0 km/h),25.0,44.5,267.7,15:29:00,30.0,BASELINE_HISTORICAL_CALIBRATION,196.0,47.0
OBS_001050,15:29:30,31470.0,12017,ROUTE_NDLS_DDN_01,SYNTHETIC_SIMULATOR,OK,29.913465,77.703546,202.662,23.75,6.6,23.75,0.0,36.3,100,25.0,536.9,SEC_SRE_RK,,SRE,RK,18.338,111.338,CRUISING,,,,,307.21,,,GREEN,HIGH,False,,False,,JRN_0001,1.0,0.0,1.0,0.4541,1.0,SEVERE,Predicted HIGH Congestion (Speed cap 25.0 km/h),25.0,44.0,267.2,15:29:30,30.0,BASELINE_HISTORICAL_CALIBRATION,195.5,46.5
OBS_001051,15:30:00,31500.0,12017,ROUTE_NDLS_DDN_01,SYNTHETIC_SIMULATOR,OK,29.912827,77.705537,202.86,23.75,6.6,23.75,0.0,36.3,100,25.0,534.03,SEC_SRE_RK,,SRE,RK,18.14,111.14,CRUISING,,,,,307.49,,,GREEN,HIGH,False,,False,,JRN_0001,1.0,0.0,1.0,0.4541,1.0,SEVERE,Predicted HIGH Congestion (Speed cap 25.0 km/h),25.0,43.5,266.7,15:30:00,30.0,BASELINE_HISTORICAL_CALIBRATION,195.0,46.0
OBS_001052,15:30:30,31530.0,12017,ROUTE_NDLS_DDN_01,SYNTHETIC_SIMULATOR,OK,29.912188,77.707528,203.058,23.75,6.6,23.75,0.0,36.3,100,25.0,531.14,SEC_SRE_RK,,SRE,RK,17.942,110.942,CRUISING,,,,,307.78,,,GREEN,HIGH,False,,False,,JRN_0001,1.0,0.0,1.0,0.4541,1.0,SEVERE,Predicted HIGH Congestion (Speed cap 25.0 km/h),25.0,43.1,266.3,15:30:30,30.0,BASELINE_HISTORICAL_CALIBRATION,194.5,45.5
OBS_001053,15:31:00,31560.0,12017,ROUTE_NDLS_DDN_01,SYNTHETIC_SIMULATOR,OK,29.91155,77.709519,203.256,23.75,6.6,23.75,0.0,36.3,100,25.0,528.23,SEC_SRE_RK,,SRE,RK,17.744,110.744,CRUISING,,,,,308.07,,,GREEN,HIGH,False,,False,,JRN_0001,1.0,0.0,1.0,0.4541,1.0,SEVERE,Predicted HIGH Congestion (Speed cap 25.0 km/h),25.0,42.6,265.8,15:31:00,30.0,BASELINE_HISTORICAL_CALIBRATION,194.0,45.0
OBS_001054,15:31:30,31590.0,12017,ROUTE_NDLS_DDN_01,SYNTHETIC_SIMULATOR,OK,29.910911,77.71151,203.454,23.75,6.6,23.75,0.0,36.3,100,25.0,525.31,SEC_SRE_RK,,SRE,RK,17.546,110.546,CRUISING,,,,,308.36,,,GREEN,HIGH,False,,False,,JRN_0001,1.0,0.0,1.0,0.4541,1.0,SEVERE,Predicted HIGH Congestion (Speed cap 25.0 km/h),25.0,42.1,265.3,15:31:30,30.0,BASELINE_HISTORICAL_CALIBRATION,193.5,44.5
OBS_001055,15:32:00,31620.0,12017,ROUTE_NDLS_DDN_01,SYNTHETIC_SIMULATOR,OK,29.910273,77.7135,203.652,23.75,6.6,23.75,0.0,36.3,100,25.0,522.37,SEC_SRE_RK,,SRE,RK,17.348,110.348,CRUISING,,,,,308.64,,,GREEN,HIGH,False,,False,,JRN_0001,1.0,0.0,1.0,0.4541,1.0,SEVERE,Predicted HIGH Congestion (Speed cap 25.0 km/h),25.0,41.6,264.8,15:32:00,30.0,BASELINE_HISTORICAL_CALIBRATION,193.0,44.0
OBS_001056,15:32:30,31650.0,12017,ROUTE_NDLS_DDN_01,SYNTHETIC_SIMULATOR,OK,29.909634,77.715491,203.85,23.75,6.6,23.75,0.0,36.3,100,25.0,519.42,SEC_SRE_RK,,SRE,RK,17.15,110.15,CRUISING,,,,,308.93,,,GREEN,HIGH,False,,False,,JRN_0001,1.0,0.0,1.0,0.4541,1.0,SEVERE,Predicted HIGH Congestion (Speed cap 25.0 km/h),25.0,41.2,264.4,15:32:30,30.0,BASELINE_HISTORICAL_CALIBRATION,192.5,43.5
OBS_001057,15:33:00,31680.0,12017,ROUTE_NDLS_DDN_01,SYNTHETIC_SIMULATOR,OK,29.908995,77.717482,204.048,23.75,6.6,23.75,0.0,36.3,100,25.0,516.45,SEC_SRE_RK,,SRE,RK,16.952,109.952,CRUISING,,,,,309.22,,,GREEN,HIGH,False,,False,,JRN_0001,1.0,0.0,1.0,0.4541,1.0,SEVERE,Predicted HIGH Congestion (Speed cap 25.0 km/h),25.0,40.7,263.9,15:33:00,30.0,BASELINE_HISTORICAL_CALIBRATION,192.0,43.0
OBS_001058,15:33:30,31710.0,12017,ROUTE_NDLS_DDN_01,SYNTHETIC_SIMULATOR,OK,29.908357,77.719473,204.246,23.75,6.6,23.75,0.0,36.3,100,25.0,513.46,SEC_SRE_RK,,SRE,RK,16.754,109.754,CRUISING,,,,,309.51,,,GREEN,HIGH,False,,False,,JRN_0001,1.0,0.0,1.0,0.4541,1.0,SEVERE,Predicted HIGH Congestion (Speed cap 25.0 km/h),25.0,40.2,263.4,15:33:30,30.0,BASELINE_HISTORICAL_CALIBRATION,191.5,42.5
OBS_001059,15:34:00,31740.0,12017,ROUTE_NDLS_DDN_01,SYNTHETIC_SIMULATOR,OK,29.907718,77.721464,204.444,23.75,6.6,23.75,0.0,36.3,100,25.0,510.45,SEC_SRE_RK,,SRE,RK,16.556,109.556,CRUISING,,,,,309.79,,,GREEN,HIGH,False,,False,,JRN_0001,1.0,0.0,1.0,0.4541,1.0,SEVERE,Predicted HIGH Congestion (Speed cap 25.0 km/h),25.0,39.7,262.9,15:34:00,30.0,BASELINE_HISTORICAL_CALIBRATION,191.0,42.0
OBS_001060,15:34:30,31770.0,12017,ROUTE_NDLS_DDN_01,SYNTHETIC_SIMULATOR,OK,29.90708,77.723454,204.642,23.75,6.6,23.75,0.0,36.3,100,25.0,507.43,SEC_SRE_RK,,SRE,RK,16.358,109.358,CRUISING,,,,,310.08,,,GREEN,HIGH,False,,False,,JRN_0001,1.0,0.0,1.0,0.4541,1.0,SEVERE,Predicted HIGH Congestion (Speed cap 25.0 km/h),25.0,39.3,262.5,15:34:30,30.0,BASELINE_HISTORICAL_CALIBRATION,190.5,41.5
OBS_001061,15:35:00,31800.0,12017,ROUTE_NDLS_DDN_01,SYNTHETIC_SIMULATOR,OK,29.906441,77.725445,204.84,23.75,6.6,23.75,0.0,36.3,100,25.0,504.39,SEC_SRE_RK,,SRE,RK,16.16,109.16,CRUISING,,,,,310.37,,,GREEN,HIGH,False,,False,,JRN_0001,1.0,0.0,1.0,0.4541,1.0,SEVERE,Predicted HIGH Congestion (Speed cap 25.0 km/h),25.0,38.8,262.0,15:35:00,30.0,BASELINE_HISTORICAL_CALIBRATION,190.0,41.0
OBS_001062,15:35:30,31830.0,12017,ROUTE_NDLS_DDN_01,SYNTHETIC_SIMULATOR,OK,29.905803,77.727436,205.037,23.75,6.6,23.75,0.0,36.3,100,25.0,501.33,SEC_SRE_RK,,SRE,RK,15.963,108.963,CRUISING,,,,,310.66,,,GREEN,HIGH,False,,False,,JRN_0001,1.0,0.0,1.0,0.4541,1.0,SEVERE,Predicted HIGH Congestion (Speed cap 25.0 km/h),25.0,38.3,261.5,15:35:30,30.0,BASELINE_HISTORICAL_CALIBRATION,189.5,40.5
OBS_001063,15:36:00,31860.0,12017,ROUTE_NDLS_DDN_01,SYNTHETIC_SIMULATOR,OK,29.905164,77.729427,205.235,23.75,6.6,23.75,0.0,36.3,100,25.0,498.25,SEC_SRE_RK,,SRE,RK,15.765,108.765,CRUISING,,,,,310.94,,,GREEN,HIGH,False,,False,,JRN_0001,1.0,0.0,1.0,0.4541,1.0,SEVERE,Predicted HIGH Congestion (Speed cap 25.0 km/h),25.0,37.8,261.0,15:36:00,30.0,BASELINE_HISTORICAL_CALIBRATION,189.0,40.0
OBS_001064,15:36:30,31890.0,12017,ROUTE_NDLS_DDN_01,SYNTHETIC_SIMULATOR,OK,29.904525,77.731418,205.433,23.75,6.6,23.75,0.0,36.3,100,25.0,495.15,SEC_SRE_RK,,SRE,RK,15.567,108.567,CRUISING,,,,,311.23,,,GREEN,HIGH,False,,False,,JRN_0001,1.0,0.0,1.0,0.4541,1.0,SEVERE,Predicted HIGH Congestion (Speed cap 25.0 km/h),25.0,37.4,260.6,15:36:30,30.0,BASELINE_HISTORICAL_CALIBRATION,188.5,39.5
OBS_001065,15:37:00,31920.0,12017,ROUTE_NDLS_DDN_01,SYNTHETIC_SIMULATOR,OK,29.903887,77.733408,205.631,23.75,6.6,23.75,0.0,36.3,100,25.0,492.03,SEC_SRE_RK,,SRE,RK,15.369,108.369,CRUISING,,,,,311.52,,,GREEN,HIGH,False,,False,,JRN_0001,1.0,0.0,1.0,0.4541,1.0,SEVERE,Predicted HIGH Congestion (Speed cap 25.0 km/h),25.0,36.9,260.1,15:37:00,30.0,BASELINE_HISTORICAL_CALIBRATION,188.0,39.0
OBS_001066,15:37:30,31950.0,12017,ROUTE_NDLS_DDN_01,SYNTHETIC_SIMULATOR,OK,29.903248,77.735399,205.829,23.75,6.6,23.75,0.0,36.3,100,25.0,488.89,SEC_SRE_RK,,SRE,RK,15.171,108.171,CRUISING,,,,,311.81,,,GREEN,HIGH,False,,False,,JRN_0001,1.0,0.0,1.0,0.4541,1.0,SEVERE,Predicted HIGH Congestion (Speed cap 25.0 km/h),25.0,36.4,259.6,15:37:30,30.0,BASELINE_HISTORICAL_CALIBRATION,187.5,38.5
OBS_001067,15:38:00,31980.0,12017,ROUTE_NDLS_DDN_01,SYNTHETIC_SIMULATOR,OK,29.90261,77.73739,206.027,23.75,6.6,23.75,0.0,36.3,100,25.0,485.73,SEC_SRE_RK,,SRE,RK,14.973,107.973,CRUISING,,,,,312.09,,,GREEN,HIGH,False,,False,,JRN_0001,1.0,0.0,1.0,0.4541,1.0,SEVERE,Predicted HIGH Congestion (Speed cap 25.0 km/h),25.0,35.9,259.1,15:38:00,30.0,BASELINE_HISTORICAL_CALIBRATION,187.0,38.0
OBS_001068,15:38:30,32010.0,12017,ROUTE_NDLS_DDN_01,SYNTHETIC_SIMULATOR,OK,29.901971,77.739381,206.225,23.75,6.6,23.75,0.0,36.3,100,25.0,482.55,SEC_SRE_RK,,SRE,RK,14.775,107.775,CRUISING,,,,,312.38,,,GREEN,HIGH,False,,False,,JRN_0001,1.0,0.0,1.0,0.4541,1.0,SEVERE,Predicted HIGH Congestion (Speed cap 25.0 km/h),25.0,35.5,258.7,15:38:30,30.0,BASELINE_HISTORICAL_CALIBRATION,186.5,37.5
OBS_001069,15:39:00,32040.0,12017,ROUTE_NDLS_DDN_01,SYNTHETIC_SIMULATOR,OK,29.901333,77.741372,206.423,23.75,6.6,23.75,0.0,36.3,100,25.0,479.35,SEC_SRE_RK,,SRE,RK,14.577,107.577,CRUISING,,,,,312.67,,,GREEN,HIGH,False,,False,,JRN_0001,1.0,0.0,1.0,0.4541,1.0,SEVERE,Predicted HIGH Congestion (Speed cap 25.0 km/h),25.0,35.0,258.2,15:39:00,30.0,BASELINE_HISTORICAL_CALIBRATION,186.0,37.0
OBS_001070,15:39:30,32070.0,12017,ROUTE_NDLS_DDN_01,SYNTHETIC_SIMULATOR,OK,29.900694,77.743362,206.621,23.75,6.6,23.75,0.0,36.3,100,25.0,476.13,SEC_SRE_RK,,SRE,RK,14.379,107.379,CRUISING,,,,,312.96,,,GREEN,HIGH,False,,False,,JRN_0001,1.0,0.0,1.0,0.4541,1.0,SEVERE,Predicted HIGH Congestion (Speed cap 25.0 km/h),25.0,34.5,257.7,15:39:30,30.0,BASELINE_HISTORICAL_CALIBRATION,185.5,36.5
OBS_001071,15:40:00,32100.0,12017,ROUTE_NDLS_DDN_01,SYNTHETIC_SIMULATOR,OK,29.900055,77.745353,206.819,23.75,6.6,23.75,0.0,36.3,100,25.0,472.89,SEC_SRE_RK,,SRE,RK,14.181,107.181,CRUISING,,,,,313.24,,,GREEN,HIGH,False,,False,,JRN_0001,1.0,0.0,1.0,0.4541,1.0,SEVERE,Predicted HIGH Congestion (Speed cap 25.0 km/h),25.0,34.0,257.2,15:40:00,30.0,BASELINE_HISTORICAL_CALIBRATION,185.0,36.0
OBS_001072,15:40:30,32130.0,12017,ROUTE_NDLS_DDN_01,SYNTHETIC_SIMULATOR,OK,29.899417,77.747344,207.017,23.75,6.6,23.75,0.0,36.3,100,25.0,469.62,SEC_SRE_RK,,SRE,RK,13.983,106.983,CRUISING,,,,,313.53,,,GREEN,HIGH,False,,False,,JRN_0001,1.0,0.0,1.0,0.4541,1.0,SEVERE,Predicted HIGH Congestion (Speed cap 25.0 km/h),25.0,33.6,256.8,15:40:30,30.0,BASELINE_HISTORICAL_CALIBRATION,184.5,35.5
OBS_001073,15:41:00,32160.0,12017,ROUTE_NDLS_DDN_01,SYNTHETIC_SIMULATOR,OK,29.898778,77.749335,207.215,23.75,6.6,23.75,0.0,36.3,100,25.0,466.34,SEC_SRE_RK,,SRE,RK,13.785,106.785,CRUISING,,,,,313.82,,,GREEN,HIGH,False,,False,,JRN_0001,1.0,0.0,1.0,0.4541,1.0,SEVERE,Predicted HIGH Congestion (Speed cap 25.0 km/h),25.0,33.1,256.3,15:41:00,30.0,BASELINE_HISTORICAL_CALIBRATION,184.0,35.0
OBS_001074,15:41:30,32190.0,12017,ROUTE_NDLS_DDN_01,SYNTHETIC_SIMULATOR,OK,29.89814,77.751326,207.412,23.75,6.6,23.75,0.0,36.3,100,25.0,463.02,SEC_SRE_RK,,SRE,RK,13.588,106.588,CRUISING,,,,,314.11,,,GREEN,HIGH,False,,False,,JRN_0001,1.0,0.0,1.0,0.4541,1.0,SEVERE,Predicted HIGH Congestion (Speed cap 25.0 km/h),25.0,32.6,255.8,15:41:30,30.0,BASELINE_HISTORICAL_CALIBRATION,183.5,34.5
OBS_001075,15:42:00,32220.0,12017,ROUTE_NDLS_DDN_01,SYNTHETIC_SIMULATOR,OK,29.897501,77.753317,207.61,23.75,6.6,23.75,0.0,36.3,100,25.0,459.69,SEC_SRE_RK,,SRE,RK,13.39,106.39,CRUISING,,,,,314.39,,,GREEN,HIGH,False,,False,,JRN_0001,1.0,0.0,1.0,0.4541,1.0,SEVERE,Predicted HIGH Congestion (Speed cap 25.0 km/h),25.0,32.1,255.3,15:42:00,30.0,BASELINE_HISTORICAL_CALIBRATION,183.0,34.0
OBS_001076,15:42:30,32250.0,12017,ROUTE_NDLS_DDN_01,SYNTHETIC_SIMULATOR,OK,29.896863,77.755307,207.808,23.75,6.6,23.75,0.0,36.3,100,25.0,456.33,SEC_SRE_RK,,SRE,RK,13.192,106.192,CRUISING,,,,,314.68,,,GREEN,HIGH,False,,False,,JRN_0001,1.0,0.0,1.0,0.4541,1.0,SEVERE,Predicted HIGH Congestion (Speed cap 25.0 km/h),25.0,31.7,254.9,15:42:30,30.0,BASELINE_HISTORICAL_CALIBRATION,182.5,33.5
OBS_001077,15:43:00,32280.0,12017,ROUTE_NDLS_DDN_01,SYNTHETIC_SIMULATOR,OK,29.896224,77.757298,208.006,23.75,6.6,23.75,0.0,36.3,100,25.0,452.94,SEC_SRE_RK,,SRE,RK,12.994,105.994,CRUISING,,,,,314.97,,,GREEN,HIGH,False,,False,,JRN_0001,1.0,0.0,1.0,0.4541,1.0,SEVERE,Predicted HIGH Congestion (Speed cap 25.0 km/h),25.0,31.2,254.4,15:43:00,30.0,BASELINE_HISTORICAL_CALIBRATION,182.0,33.0
OBS_001078,15:43:30,32310.0,12017,ROUTE_NDLS_DDN_01,SYNTHETIC_SIMULATOR,OK,29.895585,77.759289,208.204,23.75,6.6,23.75,0.0,36.3,100,25.0,449.53,SEC_SRE_RK,,SRE,RK,12.796,105.796,CRUISING,,,,,315.26,,,GREEN,HIGH,False,,False,,JRN_0001,1.0,0.0,1.0,0.4541,1.0,SEVERE,Predicted HIGH Congestion (Speed cap 25.0 km/h),25.0,30.7,253.9,15:43:30,30.0,BASELINE_HISTORICAL_CALIBRATION,181.5,32.5
OBS_001079,15:44:00,32340.0,12017,ROUTE_NDLS_DDN_01,SYNTHETIC_SIMULATOR,OK,29.894947,77.76128,208.402,23.75,6.6,23.75,0.0,36.3,100,25.0,446.1,SEC_SRE_RK,,SRE,RK,12.598,105.598,CRUISING,,,,,315.55,,,GREEN,HIGH,False,,False,,JRN_0001,1.0,0.0,1.0,0.4541,1.0,SEVERE,Predicted HIGH Congestion (Speed cap 25.0 km/h),25.0,30.2,253.4,15:44:00,30.0,BASELINE_HISTORICAL_CALIBRATION,181.0,32.0
OBS_001080,15:44:30,32370.0,12017,ROUTE_NDLS_DDN_01,SYNTHETIC_SIMULATOR,OK,29.894308,77.763271,208.6,23.75,6.6,23.75,0.0,36.3,100,25.0,442.63,SEC_SRE_RK,,SRE,RK,12.4,105.4,CRUISING,,,,,315.83,,,GREEN,HIGH,False,,False,,JRN_0001,1.0,0.0,1.0,0.4541,1.0,SEVERE,Predicted HIGH Congestion (Speed cap 25.0 km/h),25.0,29.8,253.0,15:44:30,30.0,BASELINE_HISTORICAL_CALIBRATION,180.5,31.5
OBS_001081,15:45:00,32400.0,12017,ROUTE_NDLS_DDN_01,SYNTHETIC_SIMULATOR,OK,29.89367,77.765261,208.798,23.75,6.6,23.75,0.0,36.3,100,25.0,439.14,SEC_SRE_RK,,SRE,RK,12.202,105.202,CRUISING,,,,,316.12,,,GREEN,HIGH,False,,False,,JRN_0001,1.0,0.0,1.0,0.4541,1.0,SEVERE,Predicted HIGH Congestion (Speed cap 25.0 km/h),25.0,29.3,252.5,15:45:00,30.0,BASELINE_HISTORICAL_CALIBRATION,180.0,31.0
OBS_001082,15:45:30,32430.0,12017,ROUTE_NDLS_DDN_01,SYNTHETIC_SIMULATOR,OK,29.893031,77.767252,208.996,23.75,6.6,23.75,0.0,36.3,100,25.0,435.62,SEC_SRE_RK,,SRE,RK,12.004,105.004,CRUISING,,,,,316.41,,,GREEN,HIGH,False,,False,,JRN_0001,1.0,0.0,1.0,0.4541,1.0,SEVERE,Predicted HIGH Congestion (Speed cap 25.0 km/h),25.0,28.8,252.0,15:45:30,30.0,BASELINE_HISTORICAL_CALIBRATION,179.5,30.5
OBS_001083,15:46:00,32460.0,12017,ROUTE_NDLS_DDN_01,SYNTHETIC_SIMULATOR,OK,29.892393,77.769243,209.194,23.75,6.6,23.75,0.0,36.3,100,25.0,432.07,SEC_SRE_RK,,SRE,RK,11.806,104.806,CRUISING,,,,,316.7,,,GREEN,HIGH,False,,False,,JRN_0001,1.0,0.0,1.0,0.4541,1.0,SEVERE,Predicted HIGH Congestion (Speed cap 25.0 km/h),25.0,28.3,251.5,15:46:00,30.0,BASELINE_HISTORICAL_CALIBRATION,179.0,30.0
OBS_001084,15:46:30,32490.0,12017,ROUTE_NDLS_DDN_01,SYNTHETIC_SIMULATOR,OK,29.891754,77.771234,209.392,23.75,6.6,23.75,0.0,36.3,100,25.0,428.5,SEC_SRE_RK,,SRE,RK,11.608,104.608,CRUISING,,,,,316.98,,,GREEN,HIGH,False,,False,,JRN_0001,1.0,0.0,1.0,0.4541,1.0,SEVERE,Predicted HIGH Congestion (Speed cap 25.0 km/h),25.0,27.9,251.1,15:46:30,30.0,BASELINE_HISTORICAL_CALIBRATION,178.5,29.5
OBS_001085,15:47:00,32520.0,12017,ROUTE_NDLS_DDN_01,SYNTHETIC_SIMULATOR,OK,29.891115,77.773225,209.59,23.75,6.6,23.75,0.0,36.3,100,25.0,424.89,SEC_SRE_RK,,SRE,RK,11.41,104.41,CRUISING,,,,,317.27,,,GREEN,HIGH,False,,False,,JRN_0001,1.0,0.0,1.0,0.4541,1.0,SEVERE,Predicted HIGH Congestion (Speed cap 25.0 km/h),25.0,27.4,250.6,15:47:00,30.0,BASELINE_HISTORICAL_CALIBRATION,178.0,29.0
OBS_001086,15:47:30,32550.0,12017,ROUTE_NDLS_DDN_01,SYNTHETIC_SIMULATOR,OK,29.890477,77.775215,209.787,23.75,6.6,23.75,0.0,36.3,100,25.0,421.25,SEC_SRE_RK,,SRE,RK,11.213,104.213,CRUISING,,,,,317.56,,,GREEN,HIGH,False,,False,,JRN_0001,1.0,0.0,1.0,0.4541,1.0,SEVERE,Predicted HIGH Congestion (Speed cap 25.0 km/h),25.0,26.9,250.1,15:47:30,30.0,BASELINE_HISTORICAL_CALIBRATION,177.5,28.5
OBS_001087,15:48:00,32580.0,12017,ROUTE_NDLS_DDN_01,SYNTHETIC_SIMULATOR,OK,29.889838,77.777206,209.985,23.75,6.6,23.75,0.0,36.3,100,25.0,417.58,SEC_SRE_RK,,SRE,RK,11.015,104.015,CRUISING,,,,,317.85,,,GREEN,HIGH,False,,False,,JRN_0001,1.0,0.0,1.0,0.4541,1.0,SEVERE,Predicted HIGH Congestion (Speed cap 25.0 km/h),25.0,26.4,249.6,15:48:00,30.0,BASELINE_HISTORICAL_CALIBRATION,177.0,28.0
OBS_001088,15:48:30,32610.0,12017,ROUTE_NDLS_DDN_01,SYNTHETIC_SIMULATOR,OK,29.8892,77.779197,210.183,23.75,6.6,23.75,0.0,36.3,100,25.0,413.88,SEC_SRE_RK,,SRE,RK,10.817,103.817,CRUISING,,,,,318.13,,,GREEN,HIGH,False,,False,,JRN_0001,1.0,0.0,1.0,0.4541,1.0,SEVERE,Predicted HIGH Congestion (Speed cap 25.0 km/h),25.0,26.0,249.2,15:48:30,30.0,BASELINE_HISTORICAL_CALIBRATION,176.5,27.5
OBS_001089,15:49:00,32640.0,12017,ROUTE_NDLS_DDN_01,SYNTHETIC_SIMULATOR,OK,29.888561,77.781188,210.381,23.75,6.6,23.75,0.0,36.3,100,25.0,410.15,SEC_SRE_RK,,SRE,RK,10.619,103.619,CRUISING,,,,,318.42,,,GREEN,HIGH,False,,False,,JRN_0001,1.0,0.0,1.0,0.4541,1.0,SEVERE,Predicted HIGH Congestion (Speed cap 25.0 km/h),25.0,25.5,248.7,15:49:00,30.0,BASELINE_HISTORICAL_CALIBRATION,176.0,27.0
OBS_001090,15:49:30,32670.0,12017,ROUTE_NDLS_DDN_01,SYNTHETIC_SIMULATOR,OK,29.887923,77.783179,210.579,23.75,6.6,23.75,0.0,36.3,100,25.0,406.38,SEC_SRE_RK,,SRE,RK,10.421,103.421,CRUISING,,,,,318.71,,,GREEN,HIGH,False,,False,,JRN_0001,1.0,0.0,1.0,0.4541,1.0,SEVERE,Predicted HIGH Congestion (Speed cap 25.0 km/h),25.0,25.0,248.2,15:49:30,30.0,BASELINE_HISTORICAL_CALIBRATION,175.5,26.5
OBS_001091,15:50:00,32700.0,12017,ROUTE_NDLS_DDN_01,SYNTHETIC_SIMULATOR,OK,29.887284,77.785169,210.777,23.75,6.6,23.75,0.0,36.3,100,25.0,402.57,SEC_SRE_RK,,SRE,RK,10.223,103.223,CRUISING,,,,,319.0,,,GREEN,HIGH,False,,False,,JRN_0001,1.0,0.0,1.0,0.4541,1.0,SEVERE,Predicted HIGH Congestion (Speed cap 25.0 km/h),25.0,24.5,247.7,15:50:00,30.0,BASELINE_HISTORICAL_CALIBRATION,175.0,26.0
OBS_001092,15:50:30,32730.0,12017,ROUTE_NDLS_DDN_01,SYNTHETIC_SIMULATOR,OK,29.886645,77.78716,210.975,23.75,6.6,23.75,0.0,36.3,100,25.0,398.73,SEC_SRE_RK,,SRE,RK,10.025,103.025,CRUISING,,,,,319.28,,,GREEN,HIGH,False,,False,,JRN_0001,1.0,0.0,1.0,0.4541,1.0,SEVERE,Predicted HIGH Congestion (Speed cap 25.0 km/h),25.0,24.1,247.3,15:50:30,30.0,BASELINE_HISTORICAL_CALIBRATION,174.5,25.5
OBS_001093,15:51:00,32760.0,12017,ROUTE_NDLS_DDN_01,SYNTHETIC_SIMULATOR,OK,29.886007,77.789151,211.173,23.75,6.6,23.75,0.0,36.3,100,25.0,394.85,SEC_SRE_RK,,SRE,RK,9.827,102.827,CRUISING,,,,,319.57,,,GREEN,HIGH,False,,False,,JRN_0001,1.0,0.0,1.0,0.4541,1.0,SEVERE,Predicted HIGH Congestion (Speed cap 25.0 km/h),25.0,23.6,246.8,15:51:00,30.0,BASELINE_HISTORICAL_CALIBRATION,174.0,25.0
OBS_001094,15:51:30,32790.0,12017,ROUTE_NDLS_DDN_01,SYNTHETIC_SIMULATOR,OK,29.885368,77.791142,211.371,23.75,6.6,23.75,0.0,36.3,100,25.0,390.94,SEC_SRE_RK,,SRE,RK,9.629,102.629,CRUISING,,,,,319.86,,,GREEN,HIGH,False,,False,,JRN_0001,1.0,0.0,1.0,0.4541,1.0,SEVERE,Predicted HIGH Congestion (Speed cap 25.0 km/h),25.0,23.1,246.3,15:51:30,30.0,BASELINE_HISTORICAL_CALIBRATION,173.5,24.5
OBS_001095,15:52:00,32820.0,12017,ROUTE_NDLS_DDN_01,SYNTHETIC_SIMULATOR,OK,29.88473,77.793133,211.569,23.75,6.6,23.75,0.0,36.3,100,25.0,386.98,SEC_SRE_RK,,SRE,RK,9.431,102.431,CRUISING,,,,,320.15,,,GREEN,HIGH,False,,False,,JRN_0001,1.0,0.0,1.0,0.4541,1.0,SEVERE,Predicted HIGH Congestion (Speed cap 25.0 km/h),25.0,22.6,245.8,15:52:00,30.0,BASELINE_HISTORICAL_CALIBRATION,173.0,24.0
OBS_001096,15:52:30,32850.0,12017,ROUTE_NDLS_DDN_01,SYNTHETIC_SIMULATOR,OK,29.884091,77.795124,211.767,23.75,6.6,23.75,0.0,36.3,100,25.0,382.98,SEC_SRE_RK,,SRE,RK,9.233,102.233,CRUISING,,,,,320.43,,,GREEN,HIGH,False,,False,,JRN_0001,1.0,0.0,1.0,0.4541,1.0,SEVERE,Predicted HIGH Congestion (Speed cap 25.0 km/h),25.0,22.2,245.4,15:52:30,30.0,BASELINE_HISTORICAL_CALIBRATION,172.5,23.5
OBS_001097,15:53:00,32880.0,12017,ROUTE_NDLS_DDN_01,SYNTHETIC_SIMULATOR,OK,29.883453,77.797114,211.965,23.75,6.6,23.75,0.0,36.3,100,25.0,378.94,SEC_SRE_RK,,SRE,RK,9.035,102.035,CRUISING,,,,,320.72,,,GREEN,HIGH,False,,False,,JRN_0001,1.0,0.0,1.0,0.4541,1.0,SEVERE,Predicted HIGH Congestion (Speed cap 25.0 km/h),25.0,21.7,244.9,15:53:00,30.0,BASELINE_HISTORICAL_CALIBRATION,172.0,23.0
OBS_001098,15:53:30,32910.0,12017,ROUTE_NDLS_DDN_01,SYNTHETIC_SIMULATOR,OK,29.882814,77.799105,212.162,23.75,6.6,23.75,0.0,36.3,100,25.0,374.86,SEC_SRE_RK,,SRE,RK,8.838,101.838,CRUISING,,,,,321.01,,,GREEN,HIGH,False,,False,,JRN_0001,1.0,0.0,1.0,0.4541,1.0,SEVERE,Predicted HIGH Congestion (Speed cap 25.0 km/h),25.0,21.2,244.4,15:53:30,30.0,BASELINE_HISTORICAL_CALIBRATION,171.5,22.5
OBS_001099,15:54:00,32940.0,12017,ROUTE_NDLS_DDN_01,SYNTHETIC_SIMULATOR,OK,29.882175,77.801096,212.36,23.75,6.6,23.75,0.0,36.3,100,25.0,370.73,SEC_SRE_RK,,SRE,RK,8.64,101.64,CRUISING,,,,,321.3,,,GREEN,HIGH,False,,False,,JRN_0001,1.0,0.0,1.0,0.4541,1.0,SEVERE,Predicted HIGH Congestion (Speed cap 25.0 km/h),25.0,20.7,243.9,15:54:00,30.0,BASELINE_HISTORICAL_CALIBRATION,171.0,22.0
OBS_001100,15:54:30,32970.0,12017,ROUTE_NDLS_DDN_01,SYNTHETIC_SIMULATOR,OK,29.881537,77.803087,212.558,23.75,6.6,23.75,0.0,36.3,100,25.0,366.56,SEC_SRE_RK,,SRE,RK,8.442,101.442,CRUISING,,,,,321.58,,,GREEN,HIGH,False,,False,,JRN_0001,1.0,0.0,1.0,0.4541,1.0,SEVERE,Predicted HIGH Congestion (Speed cap 25.0 km/h),25.0,20.3,243.5,15:54:30,30.0,BASELINE_HISTORICAL_CALIBRATION,170.5,21.5
OBS_001101,15:55:00,33000.0,12017,ROUTE_NDLS_DDN_01,SYNTHETIC_SIMULATOR,OK,29.880898,77.805078,212.756,23.75,6.6,23.75,0.0,36.3,100,25.0,362.33,SEC_SRE_RK,,SRE,RK,8.244,101.244,CRUISING,,,,,321.87,,,GREEN,HIGH,False,,False,,JRN_0001,1.0,0.0,1.0,0.4541,1.0,SEVERE,Predicted HIGH Congestion (Speed cap 25.0 km/h),25.0,19.8,243.0,15:55:00,30.0,BASELINE_HISTORICAL_CALIBRATION,170.0,21.0
OBS_001102,15:55:30,33030.0,12017,ROUTE_NDLS_DDN_01,SYNTHETIC_SIMULATOR,OK,29.88026,77.807068,212.954,23.75,6.6,23.75,0.0,36.3,100,25.0,358.06,SEC_SRE_RK,,SRE,RK,8.046,101.046,CRUISING,,,,,322.16,,,GREEN,HIGH,False,,False,,JRN_0001,1.0,0.0,1.0,0.4541,1.0,SEVERE,Predicted HIGH Congestion (Speed cap 25.0 km/h),25.0,19.3,242.5,15:55:30,30.0,BASELINE_HISTORICAL_CALIBRATION,169.5,20.5
OBS_001103,15:56:00,33060.0,12017,ROUTE_NDLS_DDN_01,SYNTHETIC_SIMULATOR,OK,29.879621,77.809059,213.152,23.75,6.6,23.75,0.0,36.3,100,25.0,353.74,SEC_SRE_RK,,SRE,RK,7.848,100.848,CRUISING,,,,,322.45,,,GREEN,HIGH,False,,False,,JRN_0001,1.0,0.0,1.0,0.4541,1.0,SEVERE,Predicted HIGH Congestion (Speed cap 25.0 km/h),25.0,18.8,242.0,15:56:00,30.0,BASELINE_HISTORICAL_CALIBRATION,169.0,20.0
OBS_001104,15:56:30,33090.0,12017,ROUTE_NDLS_DDN_01,SYNTHETIC_SIMULATOR,OK,29.878983,77.81105,213.35,23.75,6.6,23.75,0.0,36.3,100,25.0,349.36,SEC_SRE_RK,,SRE,RK,7.65,100.65,CRUISING,,,,,322.73,,,GREEN,HIGH,False,,False,,JRN_0001,1.0,0.0,1.0,0.4541,1.0,SEVERE,Predicted HIGH Congestion (Speed cap 25.0 km/h),25.0,18.4,241.6,15:56:30,30.0,BASELINE_HISTORICAL_CALIBRATION,168.5,19.5
OBS_001105,15:57:00,33120.0,12017,ROUTE_NDLS_DDN_01,SYNTHETIC_SIMULATOR,OK,29.878344,77.813041,213.548,23.75,6.6,23.75,0.0,36.3,100,25.0,344.92,SEC_SRE_RK,,SRE,RK,7.452,100.452,CRUISING,,,,,323.02,,,GREEN,HIGH,False,,False,,JRN_0001,1.0,0.0,1.0,0.4541,1.0,SEVERE,Predicted HIGH Congestion (Speed cap 25.0 km/h),25.0,17.9,241.1,15:57:00,30.0,BASELINE_HISTORICAL_CALIBRATION,168.0,19.0
OBS_001106,15:57:30,33150.0,12017,ROUTE_NDLS_DDN_01,SYNTHETIC_SIMULATOR,OK,29.877705,77.815032,213.746,23.75,6.6,23.75,0.0,36.3,100,25.0,340.43,SEC_SRE_RK,,SRE,RK,7.254,100.254,CRUISING,,,,,323.31,,,GREEN,HIGH,False,,False,,JRN_0001,1.0,0.0,1.0,0.4541,1.0,SEVERE,Predicted HIGH Congestion (Speed cap 25.0 km/h),25.0,17.4,240.6,15:57:30,30.0,BASELINE_HISTORICAL_CALIBRATION,167.5,18.5
OBS_001107,15:58:00,33180.0,12017,ROUTE_NDLS_DDN_01,SYNTHETIC_SIMULATOR,OK,29.877067,77.817022,213.944,23.75,6.6,23.75,0.0,36.3,100,25.0,335.88,SEC_SRE_RK,,SRE,RK,7.056,100.056,CRUISING,,,,,323.6,,,GREEN,HIGH,False,,False,,JRN_0001,1.0,0.0,1.0,0.4541,1.0,SEVERE,Predicted HIGH Congestion (Speed cap 25.0 km/h),25.0,16.9,240.1,15:58:00,30.0,BASELINE_HISTORICAL_CALIBRATION,167.0,18.0
OBS_001108,15:58:30,33210.0,12017,ROUTE_NDLS_DDN_01,SYNTHETIC_SIMULATOR,OK,29.876428,77.819013,214.142,23.75,6.6,23.75,0.0,36.3,100,25.0,331.27,SEC_SRE_RK,,SRE,RK,6.858,99.858,CRUISING,,,,,323.89,,,GREEN,HIGH,False,,False,,JRN_0001,1.0,0.0,1.0,0.4541,1.0,SEVERE,Predicted HIGH Congestion (Speed cap 25.0 km/h),25.0,16.5,239.7,15:58:30,30.0,BASELINE_HISTORICAL_CALIBRATION,166.5,17.5
OBS_001109,15:59:00,33240.0,12017,ROUTE_NDLS_DDN_01,SYNTHETIC_SIMULATOR,OK,29.87579,77.821004,214.34,23.75,6.6,23.75,0.0,36.3,100,25.0,326.59,SEC_SRE_RK,,SRE,RK,6.66,99.66,CRUISING,,,,,324.17,,,GREEN,HIGH,False,,False,,JRN_0001,1.0,0.0,1.0,0.4541,1.0,SEVERE,Predicted HIGH Congestion (Speed cap 25.0 km/h),25.0,16.0,239.2,15:59:00,30.0,BASELINE_HISTORICAL_CALIBRATION,166.0,17.0
OBS_001110,15:59:30,33270.0,12017,ROUTE_NDLS_DDN_01,SYNTHETIC_SIMULATOR,OK,29.875151,77.822995,214.537,23.75,6.6,23.75,0.0,36.3,100,25.0,321.84,SEC_SRE_RK,,SRE,RK,6.463,99.463,CRUISING,,,,,324.46,,,GREEN,HIGH,False,,False,,JRN_0001,1.0,0.0,1.0,0.4541,1.0,SEVERE,Predicted HIGH Congestion (Speed cap 25.0 km/h),25.0,15.5,238.7,15:59:30,30.0,BASELINE_HISTORICAL_CALIBRATION,165.5,16.5
OBS_001111,16:00:00,33300.0,12017,ROUTE_NDLS_DDN_01,SYNTHETIC_SIMULATOR,OK,29.874512,77.824986,214.735,23.75,6.6,23.75,0.0,36.3,100,25.0,317.02,SEC_SRE_RK,,SRE,RK,6.265,99.265,CRUISING,,,,,324.75,,,GREEN,HIGH,False,,False,,JRN_0001,1.0,0.0,1.0,0.4541,1.0,SEVERE,Predicted HIGH Congestion (Speed cap 25.0 km/h),25.0,15.0,238.2,16:00:00,30.0,BASELINE_HISTORICAL_CALIBRATION,165.0,16.0
OBS_001112,16:00:30,33330.0,12017,ROUTE_NDLS_DDN_01,SYNTHETIC_SIMULATOR,OK,29.873874,77.826976,214.933,23.75,6.6,23.75,0.0,36.3,100,25.0,312.13,SEC_SRE_RK,,SRE,RK,6.067,99.067,CRUISING,,,,,325.04,,,GREEN,HIGH,False,,False,,JRN_0001,1.0,0.0,1.0,0.4541,1.0,SEVERE,Predicted HIGH Congestion (Speed cap 25.0 km/h),25.0,14.6,237.8,16:00:30,30.0,BASELINE_HISTORICAL_CALIBRATION,164.5,15.5
OBS_001113,16:01:00,33360.0,12017,ROUTE_NDLS_DDN_01,SYNTHETIC_SIMULATOR,OK,29.873235,77.828967,215.131,23.75,6.6,23.75,0.0,36.3,100,25.0,307.16,SEC_SRE_RK,,SRE,RK,5.869,98.869,CRUISING,,,,,325.32,,,GREEN,HIGH,False,,False,,JRN_0001,1.0,0.0,1.0,0.4541,1.0,SEVERE,Predicted HIGH Congestion (Speed cap 25.0 km/h),25.0,14.1,237.3,16:01:00,30.0,BASELINE_HISTORICAL_CALIBRATION,164.0,15.0
OBS_001114,16:01:30,33390.0,12017,ROUTE_NDLS_DDN_01,SYNTHETIC_SIMULATOR,OK,29.872597,77.830958,215.329,23.75,6.6,23.75,0.0,36.3,100,25.0,302.11,SEC_SRE_RK,,SRE,RK,5.671,98.671,CRUISING,,,,,325.61,,,GREEN,HIGH,False,,False,,JRN_0001,1.0,0.0,1.0,0.4541,1.0,SEVERE,Predicted HIGH Congestion (Speed cap 25.0 km/h),25.0,13.6,236.8,16:01:30,30.0,BASELINE_HISTORICAL_CALIBRATION,163.5,14.5
OBS_001115,16:02:00,33420.0,12017,ROUTE_NDLS_DDN_01,SYNTHETIC_SIMULATOR,OK,29.871958,77.832949,215.527,23.75,6.6,23.75,0.0,36.3,100,25.0,296.97,SEC_SRE_RK,,SRE,RK,5.473,98.473,CRUISING,,,,,325.9,,,GREEN,HIGH,False,,False,,JRN_0001,1.0,0.0,1.0,0.4541,1.0,SEVERE,Predicted HIGH Congestion (Speed cap 25.0 km/h),25.0,13.1,236.3,16:02:00,30.0,BASELINE_HISTORICAL_CALIBRATION,163.0,14.0
OBS_001116,16:02:30,33450.0,12017,ROUTE_NDLS_DDN_01,SYNTHETIC_SIMULATOR,OK,29.87132,77.83494,215.725,23.75,6.6,23.75,0.0,36.3,100,25.0,291.74,SEC_SRE_RK,,SRE,RK,5.275,98.275,CRUISING,,,,,326.19,,,GREEN,HIGH,False,,False,,JRN_0001,1.0,0.0,1.0,0.4541,1.0,SEVERE,Predicted HIGH Congestion (Speed cap 25.0 km/h),25.0,12.7,235.9,16:02:30,30.0,BASELINE_HISTORICAL_CALIBRATION,162.5,13.5
OBS_001117,16:03:00,33480.0,12017,ROUTE_NDLS_DDN_01,SYNTHETIC_SIMULATOR,OK,29.870681,77.836931,215.923,23.75,6.6,23.75,0.0,36.3,100,25.0,286.42,SEC_SRE_RK,,SRE,RK,5.077,98.077,CRUISING,,,,,326.47,,,GREEN,HIGH,False,,False,,JRN_0001,1.0,0.0,1.0,0.4541,1.0,SEVERE,Predicted HIGH Congestion (Speed cap 25.0 km/h),25.0,12.2,235.4,16:03:00,30.0,BASELINE_HISTORICAL_CALIBRATION,162.0,13.0
OBS_001118,16:03:30,33510.0,12017,ROUTE_NDLS_DDN_01,SYNTHETIC_SIMULATOR,OK,29.870042,77.838921,216.121,23.75,6.6,23.75,0.0,36.3,100,25.0,281.0,SEC_SRE_RK,,SRE,RK,4.879,97.879,CRUISING,,,,,326.76,,,GREEN,HIGH,False,,False,,JRN_0001,1.0,0.0,1.0,0.4541,1.0,SEVERE,Predicted HIGH Congestion (Speed cap 25.0 km/h),25.0,11.7,234.9,16:03:30,30.0,BASELINE_HISTORICAL_CALIBRATION,161.5,12.5
OBS_001119,16:04:00,33540.0,12017,ROUTE_NDLS_DDN_01,SYNTHETIC_SIMULATOR,OK,29.869404,77.840912,216.319,23.75,6.6,23.75,0.0,36.3,100,25.0,275.46,SEC_SRE_RK,,SRE,RK,4.681,97.681,CRUISING,,,,,327.05,,,GREEN,HIGH,False,,False,,JRN_0001,1.0,0.0,1.0,0.4541,1.0,SEVERE,Predicted HIGH Congestion (Speed cap 25.0 km/h),25.0,11.2,234.4,16:04:00,30.0,BASELINE_HISTORICAL_CALIBRATION,161.0,12.0
OBS_001120,16:04:30,33570.0,12017,ROUTE_NDLS_DDN_01,SYNTHETIC_SIMULATOR,OK,29.868765,77.842903,216.517,23.75,6.6,23.75,0.0,36.3,100,25.0,269.82,SEC_SRE_RK,,SRE,RK,4.483,97.483,CRUISING,,,,,327.34,,,GREEN,HIGH,False,,False,,JRN_0001,1.0,0.0,1.0,0.4541,1.0,SEVERE,Predicted HIGH Congestion (Speed cap 25.0 km/h),25.0,10.8,234.0,16:04:30,30.0,BASELINE_HISTORICAL_CALIBRATION,160.5,11.5
OBS_001121,16:05:00,33600.0,12017,ROUTE_NDLS_DDN_01,SYNTHETIC_SIMULATOR,OK,29.868127,77.844894,216.715,23.75,6.6,23.75,0.0,36.3,100,25.0,264.05,SEC_SRE_RK,,SRE,RK,4.285,97.285,CRUISING,,,,,327.62,,,GREEN,HIGH,False,,False,,JRN_0001,1.0,0.0,1.0,0.4541,1.0,SEVERE,Predicted HIGH Congestion (Speed cap 25.0 km/h),25.0,10.3,233.5,16:05:00,30.0,BASELINE_HISTORICAL_CALIBRATION,160.0,11.0
OBS_001122,16:05:30,33630.0,12017,ROUTE_NDLS_DDN_01,SYNTHETIC_SIMULATOR,OK,29.867488,77.846885,216.912,23.75,6.6,23.75,0.0,36.3,100,25.0,258.16,SEC_SRE_RK,,SRE,RK,4.088,97.088,CRUISING,,,,,327.91,,,GREEN,HIGH,False,,False,,JRN_0001,1.0,0.0,1.0,0.4541,1.0,SEVERE,Predicted HIGH Congestion (Speed cap 25.0 km/h),25.0,9.8,233.0,16:05:30,30.0,BASELINE_HISTORICAL_CALIBRATION,159.5,10.5
OBS_001123,16:06:00,33660.0,12017,ROUTE_NDLS_DDN_01,SYNTHETIC_SIMULATOR,OK,29.86685,77.848875,217.11,23.75,6.6,23.75,0.0,36.3,100,25.0,252.13,SEC_SRE_RK,,SRE,RK,3.89,96.89,CRUISING,,,,,328.2,,,GREEN,HIGH,False,,False,,JRN_0001,1.0,0.0,1.0,0.4541,1.0,SEVERE,Predicted HIGH Congestion (Speed cap 25.0 km/h),25.0,9.3,232.5,16:06:00,30.0,BASELINE_HISTORICAL_CALIBRATION,159.0,10.0
OBS_001124,16:06:30,33690.0,12017,ROUTE_NDLS_DDN_01,SYNTHETIC_SIMULATOR,OK,29.866211,77.850866,217.308,23.75,6.6,23.75,0.0,36.3,100,25.0,245.95,SEC_SRE_RK,,SRE,RK,3.692,96.692,CRUISING,,,,,328.49,,,GREEN,HIGH,False,,False,,JRN_0001,1.0,0.0,1.0,0.4541,1.0,SEVERE,Predicted HIGH Congestion (Speed cap 25.0 km/h),25.0,8.9,232.1,16:06:30,30.0,BASELINE_HISTORICAL_CALIBRATION,158.5,9.5
OBS_001125,16:07:00,33720.0,12017,ROUTE_NDLS_DDN_01,SYNTHETIC_SIMULATOR,OK,29.865572,77.852857,217.506,23.75,6.6,23.75,0.0,36.3,100,25.0,239.61,SEC_SRE_RK,,SRE,RK,3.494,96.494,CRUISING,,,,,328.77,,,GREEN,HIGH,False,,False,,JRN_0001,1.0,0.0,1.0,0.4541,1.0,SEVERE,Predicted HIGH Congestion (Speed cap 25.0 km/h),25.0,8.4,231.6,16:07:00,30.0,BASELINE_HISTORICAL_CALIBRATION,158.0,9.0
OBS_001126,16:07:30,33750.0,12017,ROUTE_NDLS_DDN_01,SYNTHETIC_SIMULATOR,OK,29.864934,77.854848,217.704,23.75,6.6,23.75,0.0,36.3,100,25.0,233.1,SEC_SRE_RK,,SRE,RK,3.296,96.296,CRUISING,,,,,329.06,,,GREEN,HIGH,False,,False,,JRN_0001,1.0,0.0,1.0,0.4541,1.0,SEVERE,Predicted HIGH Congestion (Speed cap 25.0 km/h),25.0,7.9,231.1,16:07:30,30.0,BASELINE_HISTORICAL_CALIBRATION,157.5,8.5
OBS_001127,16:08:00,33780.0,12017,ROUTE_NDLS_DDN_01,SYNTHETIC_SIMULATOR,OK,29.864295,77.856839,217.902,23.75,6.6,23.75,0.0,36.3,100,25.0,226.4,SEC_SRE_RK,,SRE,RK,3.098,96.098,CRUISING,,,,,329.35,,,GREEN,HIGH,False,,False,,JRN_0001,1.0,0.0,1.0,0.4541,1.0,SEVERE,Predicted HIGH Congestion (Speed cap 25.0 km/h),25.0,7.4,230.6,16:08:00,30.0,BASELINE_HISTORICAL_CALIBRATION,157.0,8.0
OBS_001128,16:08:30,33810.0,12017,ROUTE_NDLS_DDN_01,SYNTHETIC_SIMULATOR,OK,29.863657,77.858829,218.1,23.75,6.6,23.75,0.0,36.3,100,25.0,219.5,SEC_SRE_RK,,SRE,RK,2.9,95.9,CRUISING,,,,,329.64,,,GREEN,HIGH,False,,False,,JRN_0001,1.0,0.0,1.0,0.4541,1.0,SEVERE,Predicted HIGH Congestion (Speed cap 25.0 km/h),25.0,7.0,230.2,16:08:30,30.0,BASELINE_HISTORICAL_CALIBRATION,156.5,7.5
OBS_001129,16:09:00,33840.0,12017,ROUTE_NDLS_DDN_01,SYNTHETIC_SIMULATOR,OK,29.863018,77.86082,218.298,23.75,6.6,23.75,0.0,36.3,100,25.0,212.37,SEC_SRE_RK,,SRE,RK,2.702,95.702,CRUISING,,,,,329.92,,,GREEN,HIGH,False,,False,,JRN_0001,1.0,0.0,1.0,0.4541,1.0,SEVERE,Predicted HIGH Congestion (Speed cap 25.0 km/h),25.0,6.5,229.7,16:09:00,30.0,BASELINE_HISTORICAL_CALIBRATION,156.0,7.0
OBS_001130,16:09:30,33870.0,12017,ROUTE_NDLS_DDN_01,SYNTHETIC_SIMULATOR,OK,29.86238,77.862811,218.496,23.75,6.6,23.75,0.0,36.3,100,25.0,204.99,SEC_SRE_RK,,SRE,RK,2.504,95.504,CRUISING,,,,,330.21,,,GREEN,HIGH,False,,False,,JRN_0001,1.0,0.0,1.0,0.4541,1.0,SEVERE,Predicted HIGH Congestion (Speed cap 25.0 km/h),25.0,6.0,229.2,16:09:30,30.0,BASELINE_HISTORICAL_CALIBRATION,155.5,6.5
OBS_001131,16:10:00,33900.0,12017,ROUTE_NDLS_DDN_01,SYNTHETIC_SIMULATOR,OK,29.861741,77.864802,218.694,23.75,6.6,23.75,0.0,36.3,100,25.0,197.34,SEC_SRE_RK,,SRE,RK,2.306,95.306,CRUISING,,,,,330.5,,,GREEN,HIGH,False,,False,,JRN_0001,1.0,0.0,1.0,0.4541,1.0,SEVERE,Predicted HIGH Congestion (Speed cap 25.0 km/h),25.0,5.5,228.7,16:10:00,30.0,BASELINE_HISTORICAL_CALIBRATION,155.0,6.0
OBS_001132,16:10:30,33930.0,12017,ROUTE_NDLS_DDN_01,SYNTHETIC_SIMULATOR,OK,29.861102,77.866793,218.892,23.75,6.6,23.75,0.0,36.3,100,25.0,189.39,SEC_SRE_RK,,SRE,RK,2.108,95.108,CRUISING,,,,,330.79,,,GREEN,HIGH,False,,False,,JRN_0001,1.0,0.0,1.0,0.4541,1.0,SEVERE,Predicted HIGH Congestion (Speed cap 25.0 km/h),25.0,5.1,228.3,16:10:30,30.0,BASELINE_HISTORICAL_CALIBRATION,154.5,5.5
OBS_001133,16:11:00,33960.0,12017,ROUTE_NDLS_DDN_01,SYNTHETIC_SIMULATOR,OK,29.860464,77.868783,219.09,23.75,6.6,23.75,0.0,36.3,100,25.0,181.08,SEC_SRE_RK,,SRE,RK,1.91,94.91,CRUISING,,,,,331.07,,,GREEN,HIGH,False,,False,,JRN_0001,1.0,0.0,1.0,0.4541,1.0,SEVERE,Predicted HIGH Congestion (Speed cap 25.0 km/h),25.0,4.6,227.8,16:11:00,30.0,BASELINE_HISTORICAL_CALIBRATION,154.0,5.0
OBS_001134,16:11:30,33990.0,12017,ROUTE_NDLS_DDN_01,SYNTHETIC_SIMULATOR,OK,29.859825,77.870774,219.287,23.75,6.6,23.75,0.0,36.3,100,25.0,172.37,SEC_SRE_RK,,SRE,RK,1.713,94.713,CRUISING,,,,,331.36,,,GREEN,HIGH,False,,False,,JRN_0001,1.0,0.0,1.0,0.4541,1.0,SEVERE,Predicted HIGH Congestion (Speed cap 25.0 km/h),25.0,4.1,227.3,16:11:30,30.0,BASELINE_HISTORICAL_CALIBRATION,153.5,4.5
OBS_001135,16:12:00,34020.0,12017,ROUTE_NDLS_DDN_01,SYNTHETIC_SIMULATOR,OK,29.859187,77.872765,219.485,23.75,6.6,23.75,0.0,36.3,100,25.0,163.2,SEC_SRE_RK,,SRE,RK,1.515,94.515,CRUISING,,,,,331.65,,,GREEN,HIGH,False,,False,,JRN_0001,1.0,0.0,1.0,0.4541,1.0,SEVERE,Predicted HIGH Congestion (Speed cap 25.0 km/h),25.0,3.6,226.8,16:12:00,30.0,BASELINE_HISTORICAL_CALIBRATION,153.0,4.0
OBS_001136,16:12:30,34050.0,12017,ROUTE_NDLS_DDN_01,SYNTHETIC_SIMULATOR,OK,29.858548,77.874756,219.683,23.75,6.6,23.75,0.0,36.3,100,25.0,153.48,SEC_SRE_RK,,SRE,RK,1.317,94.317,CRUISING,,,,,331.94,,,GREEN,HIGH,False,,False,,JRN_0001,1.0,0.0,1.0,0.4541,1.0,SEVERE,Predicted HIGH Congestion (Speed cap 25.0 km/h),25.0,3.2,226.4,16:12:30,30.0,BASELINE_HISTORICAL_CALIBRATION,152.5,3.5
OBS_001137,16:13:00,34080.0,12017,ROUTE_NDLS_DDN_01,SYNTHETIC_SIMULATOR,OK,29.85791,77.876747,219.881,23.75,6.6,23.75,0.0,36.3,100,25.0,143.1,SEC_SRE_RK,,SRE,RK,1.119,94.119,CRUISING,,,,,332.23,,,GREEN,HIGH,False,,False,,JRN_0001,1.0,0.0,1.0,0.4541,1.0,SEVERE,Predicted HIGH Congestion (Speed cap 25.0 km/h),25.0,2.7,225.9,16:13:00,30.0,BASELINE_HISTORICAL_CALIBRATION,152.0,3.0
OBS_001138,16:13:30,34110.0,12017,ROUTE_NDLS_DDN_01,SYNTHETIC_SIMULATOR,OK,29.857271,77.878737,220.079,23.75,6.6,23.75,0.0,36.3,100,25.0,131.9,SEC_SRE_RK,,SRE,RK,0.921,93.921,CRUISING,,,,,332.51,,,GREEN,HIGH,False,,False,,JRN_0001,1.0,0.0,1.0,0.4541,1.0,SEVERE,Predicted HIGH Congestion (Speed cap 25.0 km/h),25.0,2.2,225.4,16:13:30,30.0,BASELINE_HISTORICAL_CALIBRATION,151.5,2.5
OBS_001139,16:14:00,34140.0,12017,ROUTE_NDLS_DDN_01,SYNTHETIC_SIMULATOR,OK,29.856632,77.880728,220.277,23.75,6.6,23.75,0.0,36.3,100,25.0,119.67,SEC_SRE_RK,,SRE,RK,0.723,93.723,CRUISING,,,,,332.8,,,GREEN,HIGH,False,,False,,JRN_0001,1.0,0.0,1.0,0.4541,1.0,SEVERE,Predicted HIGH Congestion (Speed cap 25.0 km/h),25.0,1.7,224.9,16:14:00,30.0,BASELINE_HISTORICAL_CALIBRATION,151.0,2.0
OBS_001140,16:14:30,34170.0,12017,ROUTE_NDLS_DDN_01,SYNTHETIC_SIMULATOR,OK,29.855994,77.882719,220.475,23.75,6.6,23.75,0.0,36.3,100,25.0,106.03,SEC_SRE_RK,,SRE,RK,0.525,93.525,CRUISING,,,,,333.09,,,GREEN,HIGH,False,,False,,JRN_0001,1.0,0.0,1.0,0.4541,1.0,SEVERE,Predicted HIGH Congestion (Speed cap 25.0 km/h),25.0,1.3,224.5,16:14:30,30.0,BASELINE_HISTORICAL_CALIBRATION,150.5,1.5
OBS_001141,16:15:00,34200.0,12017,ROUTE_NDLS_DDN_01,SYNTHETIC_SIMULATOR,OK,29.855355,77.88471,220.673,23.75,6.6,23.75,0.0,36.3,100,25.0,90.36,SEC_SRE_RK,,SRE,RK,0.327,93.327,CRUISING,,,,,333.38,,,GREEN,HIGH,False,,False,,JRN_0001,1.0,0.0,1.0,0.4541,1.0,SEVERE,Predicted HIGH Congestion (Speed cap 25.0 km/h),25.0,0.8,224.0,16:15:00,30.0,BASELINE_HISTORICAL_CALIBRATION,150.0,1.0
OBS_001142,16:15:30,34230.0,12017,ROUTE_NDLS_DDN_01,SYNTHETIC_SIMULATOR,OK,29.854717,77.886701,220.871,23.75,6.6,23.75,0.0,36.3,100,25.0,71.32,SEC_SRE_RK,,SRE,RK,0.129,93.129,CRUISING,,,,,333.66,,,GREEN,HIGH,False,,False,,JRN_0001,1.0,0.0,1.0,0.4541,1.0,SEVERE,Predicted HIGH Congestion (Speed cap 25.0 km/h),25.0,0.3,223.5,16:15:30,30.0,BASELINE_HISTORICAL_CALIBRATION,149.5,0.5
OBS_001143,16:16:00,34260.0,12017,ROUTE_NDLS_DDN_01,SYNTHETIC_SIMULATOR,OK,29.8543,77.888,221.0,0.0,0.0,23.75,0.0,0.0,100,25.0,44.82,SEC_SRE_RK,RK,RK,HW,42.0,93.0,DWELLING,ARRIVED,16:16:00,,,333.95,,,GREEN,HIGH,False,,False,,JRN_0001,1.0,0.0,1.0,0.4541,1.0,SEVERE,Predicted HIGH Congestion (Speed cap 25.0 km/h),25.0,100.8,223.2,16:16:00,30.0,BASELINE_HISTORICAL_CALIBRATION,149.0,108.0
OBS_001144,16:16:30,34290.0,12017,ROUTE_NDLS_DDN_01,SYNTHETIC_SIMULATOR,OK,29.8543,77.888,221.0,0.0,0.0,0.0,0.0,0.0,80,25.0,0.0,SEC_RK_HW,RK,RK,HW,42.0,93.0,DWELLING,,,,,334.31,,,GREEN,HIGH,False,,False,,JRN_0001,1.0,0.0,1.0,0.4541,1.0,SEVERE,Predicted HIGH Congestion (Speed cap 25.0 km/h),25.0,100.8,223.2,16:16:30,30.0,BASELINE_HISTORICAL_CALIBRATION,148.5,107.5
OBS_001145,16:17:00,34320.0,12017,ROUTE_NDLS_DDN_01,SYNTHETIC_SIMULATOR,OK,29.8543,77.888,221.0,0.0,0.0,0.0,0.0,0.0,80,25.0,0.0,SEC_RK_HW,RK,RK,HW,42.0,93.0,DWELLING,,,,,334.81,,,GREEN,HIGH,False,,False,,JRN_0001,1.0,0.0,1.0,0.4541,1.0,SEVERE,Predicted HIGH Congestion (Speed cap 25.0 km/h),25.0,100.8,223.2,16:17:00,30.0,BASELINE_HISTORICAL_CALIBRATION,148.0,107.0
OBS_001146,16:17:30,34350.0,12017,ROUTE_NDLS_DDN_01,SYNTHETIC_SIMULATOR,OK,29.8543,77.888,221.0,0.0,0.0,0.0,0.0,0.0,80,25.0,0.0,SEC_RK_HW,RK,RK,HW,42.0,93.0,DWELLING,,,,,335.31,,,GREEN,HIGH,False,,False,,JRN_0001,1.0,0.0,1.0,0.4541,1.0,SEVERE,Predicted HIGH Congestion (Speed cap 25.0 km/h),25.0,100.8,223.2,16:17:30,30.0,BASELINE_HISTORICAL_CALIBRATION,147.5,106.5
OBS_001147,16:18:00,34380.0,12017,ROUTE_NDLS_DDN_01,SYNTHETIC_SIMULATOR,OK,29.8543,77.888,221.423,23.75,6.6,23.75,0.5,36.3,80,25.0,808.2,SEC_RK_HW,RK,RK,HW,41.577,92.577,ACCELERATING,DEPARTED,,16:18:00,2,335.81,,,GREEN,HIGH,False,,False,,JRN_0001,1.0,0.0,1.0,0.4541,1.0,SEVERE,Predicted HIGH Congestion (Speed cap 25.0 km/h),25.0,99.8,222.2,16:18:00,30.0,BASELINE_HISTORICAL_CALIBRATION,147.0,106.0
OBS_001148,16:18:30,34410.0,12017,ROUTE_NDLS_DDN_01,SYNTHETIC_SIMULATOR,OK,29.855651,77.891854,221.621,23.75,6.6,23.75,0.0,36.3,80,25.0,804.12,SEC_RK_HW,,RK,HW,41.379,92.379,CRUISING,,,,,335.86,,,GREEN,HIGH,False,,False,,JRN_0001,1.0,0.0,1.0,0.4541,1.0,SEVERE,Predicted HIGH Congestion (Speed cap 25.0 km/h),25.0,99.3,221.7,16:18:30,30.0,BASELINE_HISTORICAL_CALIBRATION,146.5,105.5
OBS_001149,16:19:00,34440.0,12017,ROUTE_NDLS_DDN_01,SYNTHETIC_SIMULATOR,OK,29.856082,77.893082,221.819,23.75,6.6,23.75,0.0,36.3,80,25.0,802.2,SEC_RK_HW,,RK,HW,41.181,92.181,CRUISING,,,,,336.15,,,GREEN,HIGH,False,,False,,JRN_0001,1.0,0.0,1.0,0.4541,1.0,SEVERE,Predicted HIGH Congestion (Speed cap 25.0 km/h),25.0,98.8,221.2,16:19:00,30.0,BASELINE_HISTORICAL_CALIBRATION,146.0,105.0
OBS_001150,16:19:30,34470.0,12017,ROUTE_NDLS_DDN_01,SYNTHETIC_SIMULATOR,OK,29.856512,77.894311,222.017,23.75,6.6,23.75,0.0,36.3,80,25.0,800.28,SEC_RK_HW,,RK,HW,40.983,91.983,CRUISING,,,,,336.43,,,GREEN,HIGH,False,,False,,JRN_0001,1.0,0.0,1.0,0.4541,1.0,SEVERE,Predicted HIGH Congestion (Speed cap 25.0 km/h),25.0,98.4,220.8,16:19:30,30.0,BASELINE_HISTORICAL_CALIBRATION,145.5,104.5
OBS_001151,16:20:00,34500.0,12017,ROUTE_NDLS_DDN_01,SYNTHETIC_SIMULATOR,OK,29.856943,77.895539,222.215,23.75,6.6,23.75,0.0,36.3,80,25.0,798.36,SEC_RK_HW,,RK,HW,40.785,91.785,CRUISING,,,,,336.72,,,GREEN,HIGH,False,,False,,JRN_0001,1.0,0.0,1.0,0.4541,1.0,SEVERE,Predicted HIGH Congestion (Speed cap 25.0 km/h),25.0,97.9,220.3,16:20:00,30.0,BASELINE_HISTORICAL_CALIBRATION,145.0,104.0
OBS_001152,16:20:30,34530.0,12017,ROUTE_NDLS_DDN_01,SYNTHETIC_SIMULATOR,OK,29.857374,77.896768,222.412,23.75,6.6,23.75,0.0,36.3,80,25.0,796.43,SEC_RK_HW,,RK,HW,40.588,91.588,CRUISING,,,,,337.01,,,GREEN,HIGH,False,,False,,JRN_0001,1.0,0.0,1.0,0.4541,1.0,SEVERE,Predicted HIGH Congestion (Speed cap 25.0 km/h),25.0,97.4,219.8,16:20:30,30.0,BASELINE_HISTORICAL_CALIBRATION,144.5,103.5
OBS_001153,16:21:00,34560.0,12017,ROUTE_NDLS_DDN_01,SYNTHETIC_SIMULATOR,OK,29.857805,77.897996,222.61,23.75,6.6,23.75,0.0,36.3,80,25.0,794.49,SEC_RK_HW,,RK,HW,40.39,91.39,CRUISING,,,,,337.3,,,GREEN,HIGH,False,,False,,JRN_0001,1.0,0.0,1.0,0.4541,1.0,SEVERE,Predicted HIGH Congestion (Speed cap 25.0 km/h),25.0,96.9,219.3,16:21:00,30.0,BASELINE_HISTORICAL_CALIBRATION,144.0,103.0
OBS_001154,16:21:30,34590.0,12017,ROUTE_NDLS_DDN_01,SYNTHETIC_SIMULATOR,OK,29.858235,77.899225,222.808,23.75,6.6,23.75,0.0,36.3,80,25.0,792.55,SEC_RK_HW,,RK,HW,40.192,91.192,CRUISING,,,,,337.58,,,GREEN,HIGH,False,,False,,JRN_0001,1.0,0.0,1.0,0.4541,1.0,SEVERE,Predicted HIGH Congestion (Speed cap 25.0 km/h),25.0,96.5,218.9,16:21:30,30.0,BASELINE_HISTORICAL_CALIBRATION,143.5,102.5
OBS_001155,16:22:00,34620.0,12017,ROUTE_NDLS_DDN_01,SYNTHETIC_SIMULATOR,OK,29.858666,77.900453,223.006,23.75,6.6,23.75,0.0,36.3,80,25.0,790.61,SEC_RK_HW,,RK,HW,39.994,90.994,CRUISING,,,,,337.87,,,GREEN,HIGH,False,,False,,JRN_0001,1.0,0.0,1.0,0.4541,1.0,SEVERE,Predicted HIGH Congestion (Speed cap 25.0 km/h),25.0,96.0,218.4,16:22:00,30.0,BASELINE_HISTORICAL_CALIBRATION,143.0,102.0
OBS_001156,16:22:30,34650.0,12017,ROUTE_NDLS_DDN_01,SYNTHETIC_SIMULATOR,OK,29.859097,77.901682,223.204,23.75,6.6,23.75,0.0,36.3,80,25.0,788.66,SEC_RK_HW,,RK,HW,39.796,90.796,CRUISING,,,,,338.16,,,GREEN,HIGH,False,,False,,JRN_0001,1.0,0.0,1.0,0.4541,1.0,SEVERE,Predicted HIGH Congestion (Speed cap 25.0 km/h),25.0,95.5,217.9,16:22:30,30.0,BASELINE_HISTORICAL_CALIBRATION,142.5,101.5
OBS_001157,16:23:00,34680.0,12017,ROUTE_NDLS_DDN_01,SYNTHETIC_SIMULATOR,OK,29.859527,77.90291,223.402,23.75,6.6,23.75,0.0,36.3,80,25.0,786.71,SEC_RK_HW,,RK,HW,39.598,90.598,CRUISING,,,,,338.45,,,GREEN,HIGH,False,,False,,JRN_0001,1.0,0.0,1.0,0.4541,1.0,SEVERE,Predicted HIGH Congestion (Speed cap 25.0 km/h),25.0,95.0,217.4,16:23:00,30.0,BASELINE_HISTORICAL_CALIBRATION,142.0,101.0
OBS_001158,16:23:30,34710.0,12017,ROUTE_NDLS_DDN_01,SYNTHETIC_SIMULATOR,OK,29.859958,77.904139,223.6,23.75,6.6,23.75,0.0,36.3,80,25.0,784.75,SEC_RK_HW,,RK,HW,39.4,90.4,CRUISING,,,,,338.73,,,GREEN,HIGH,False,,False,,JRN_0001,1.0,0.0,1.0,0.4541,1.0,SEVERE,Predicted HIGH Congestion (Speed cap 25.0 km/h),25.0,94.6,217.0,16:23:30,30.0,BASELINE_HISTORICAL_CALIBRATION,141.5,100.5
OBS_001159,16:24:00,34740.0,12017,ROUTE_NDLS_DDN_01,SYNTHETIC_SIMULATOR,OK,29.860389,77.905367,223.798,23.75,6.6,23.75,0.0,36.3,80,25.0,782.78,SEC_RK_HW,,RK,HW,39.202,90.202,CRUISING,,,,,339.02,,,GREEN,HIGH,False,,False,,JRN_0001,1.0,0.0,1.0,0.4541,1.0,SEVERE,Predicted HIGH Congestion (Speed cap 25.0 km/h),25.0,94.1,216.5,16:24:00,30.0,BASELINE_HISTORICAL_CALIBRATION,141.0,100.0
OBS_001160,16:24:30,34770.0,12017,ROUTE_NDLS_DDN_01,SYNTHETIC_SIMULATOR,OK,29.86082,77.906596,223.996,23.75,6.6,23.75,0.0,36.3,80,25.0,780.81,SEC_RK_HW,,RK,HW,39.004,90.004,CRUISING,,,,,339.31,,,GREEN,HIGH,False,,False,,JRN_0001,1.0,0.0,1.0,0.4541,1.0,SEVERE,Predicted HIGH Congestion (Speed cap 25.0 km/h),25.0,93.6,216.0,16:24:30,30.0,BASELINE_HISTORICAL_CALIBRATION,140.5,99.5
OBS_001161,16:25:00,34800.0,12017,ROUTE_NDLS_DDN_01,SYNTHETIC_SIMULATOR,OK,29.86125,77.907824,224.194,23.75,6.6,23.75,0.0,36.3,80,25.0,778.84,SEC_RK_HW,,RK,HW,38.806,89.806,CRUISING,,,,,339.6,,,GREEN,HIGH,False,,False,,JRN_0001,1.0,0.0,1.0,0.4541,1.0,SEVERE,Predicted HIGH Congestion (Speed cap 25.0 km/h),25.0,93.1,215.5,16:25:00,30.0,BASELINE_HISTORICAL_CALIBRATION,140.0,99.0
OBS_001162,16:25:30,34830.0,12017,ROUTE_NDLS_DDN_01,SYNTHETIC_SIMULATOR,OK,29.861681,77.909053,224.392,23.75,6.6,23.75,0.0,36.3,80,25.0,776.86,SEC_RK_HW,,RK,HW,38.608,89.608,CRUISING,,,,,339.88,,,GREEN,HIGH,False,,False,,JRN_0001,1.0,0.0,1.0,0.4541,1.0,SEVERE,Predicted HIGH Congestion (Speed cap 25.0 km/h),25.0,92.7,215.1,16:25:30,30.0,BASELINE_HISTORICAL_CALIBRATION,139.5,98.5
OBS_001163,16:26:00,34860.0,12017,ROUTE_NDLS_DDN_01,SYNTHETIC_SIMULATOR,OK,29.862112,77.910281,224.59,23.75,6.6,23.75,0.0,36.3,80,25.0,774.88,SEC_RK_HW,,RK,HW,38.41,89.41,CRUISING,,,,,340.17,,,GREEN,HIGH,False,,False,,JRN_0001,1.0,0.0,1.0,0.4541,1.0,SEVERE,Predicted HIGH Congestion (Speed cap 25.0 km/h),25.0,92.2,214.6,16:26:00,30.0,BASELINE_HISTORICAL_CALIBRATION,139.0,98.0
OBS_001164,16:26:30,34890.0,12017,ROUTE_NDLS_DDN_01,SYNTHETIC_SIMULATOR,OK,29.862542,77.91151,224.787,23.75,6.6,23.75,0.0,36.3,80,25.0,772.89,SEC_RK_HW,,RK,HW,38.213,89.213,CRUISING,,,,,340.46,,,GREEN,HIGH,False,,False,,JRN_0001,1.0,0.0,1.0,0.4541,1.0,SEVERE,Predicted HIGH Congestion (Speed cap 25.0 km/h),25.0,91.7,214.1,16:26:30,30.0,BASELINE_HISTORICAL_CALIBRATION,138.5,97.5
OBS_001165,16:27:00,34920.0,12017,ROUTE_NDLS_DDN_01,SYNTHETIC_SIMULATOR,OK,29.862973,77.912738,224.985,23.75,6.6,23.75,0.0,36.3,80,25.0,770.9,SEC_RK_HW,,RK,HW,38.015,89.015,CRUISING,,,,,340.75,,,GREEN,HIGH,False,,False,,JRN_0001,1.0,0.0,1.0,0.4541,1.0,SEVERE,Predicted HIGH Congestion (Speed cap 25.0 km/h),25.0,91.2,213.6,16:27:00,30.0,BASELINE_HISTORICAL_CALIBRATION,138.0,97.0
OBS_001166,16:27:30,34950.0,12017,ROUTE_NDLS_DDN_01,SYNTHETIC_SIMULATOR,OK,29.863404,77.913967,225.183,23.75,6.6,23.75,0.0,36.3,80,25.0,768.9,SEC_RK_HW,,RK,HW,37.817,88.817,CRUISING,,,,,341.03,,,GREEN,HIGH,False,,False,,JRN_0001,1.0,0.0,1.0,0.4541,1.0,SEVERE,Predicted HIGH Congestion (Speed cap 25.0 km/h),25.0,90.8,213.2,16:27:30,30.0,BASELINE_HISTORICAL_CALIBRATION,137.5,96.5
OBS_001167,16:28:00,34980.0,12017,ROUTE_NDLS_DDN_01,SYNTHETIC_SIMULATOR,OK,29.863834,77.915195,225.381,23.75,6.6,23.75,0.0,36.3,80,25.0,766.89,SEC_RK_HW,,RK,HW,37.619,88.619,CRUISING,,,,,341.32,,,GREEN,HIGH,False,,False,,JRN_0001,1.0,0.0,1.0,0.4541,1.0,SEVERE,Predicted HIGH Congestion (Speed cap 25.0 km/h),25.0,90.3,212.7,16:28:00,30.0,BASELINE_HISTORICAL_CALIBRATION,137.0,96.0
OBS_001168,16:28:30,35010.0,12017,ROUTE_NDLS_DDN_01,SYNTHETIC_SIMULATOR,OK,29.864265,77.916424,225.579,23.75,6.6,23.75,0.0,36.3,80,25.0,764.88,SEC_RK_HW,,RK,HW,37.421,88.421,CRUISING,,,,,341.61,,,GREEN,HIGH,False,,False,,JRN_0001,1.0,0.0,1.0,0.4541,1.0,SEVERE,Predicted HIGH Congestion (Speed cap 25.0 km/h),25.0,89.8,212.2,16:28:30,30.0,BASELINE_HISTORICAL_CALIBRATION,136.5,95.5
OBS_001169,16:29:00,35040.0,12017,ROUTE_NDLS_DDN_01,SYNTHETIC_SIMULATOR,OK,29.864696,77.917652,225.777,23.75,6.6,23.75,0.0,36.3,80,25.0,762.87,SEC_RK_HW,,RK,HW,37.223,88.223,CRUISING,,,,,341.9,,,GREEN,HIGH,False,,False,,JRN_0001,1.0,0.0,1.0,0.4541,1.0,SEVERE,Predicted HIGH Congestion (Speed cap 25.0 km/h),25.0,89.3,211.7,16:29:00,30.0,BASELINE_HISTORICAL_CALIBRATION,136.0,95.0
OBS_001170,16:29:30,35070.0,12017,ROUTE_NDLS_DDN_01,SYNTHETIC_SIMULATOR,OK,29.865127,77.918881,225.975,23.75,6.6,23.75,0.0,36.3,80,25.0,760.85,SEC_RK_HW,,RK,HW,37.025,88.025,CRUISING,,,,,342.19,,,GREEN,HIGH,False,,False,,JRN_0001,1.0,0.0,1.0,0.4541,1.0,SEVERE,Predicted HIGH Congestion (Speed cap 25.0 km/h),25.0,88.9,211.3,16:29:30,30.0,BASELINE_HISTORICAL_CALIBRATION,135.5,94.5
OBS_001171,16:30:00,35100.0,12017,ROUTE_NDLS_DDN_01,SYNTHETIC_SIMULATOR,OK,29.865557,77.920109,226.173,23.75,6.6,23.75,0.0,36.3,80,25.0,758.82,SEC_RK_HW,,RK,HW,36.827,87.827,CRUISING,,,,,342.47,,,GREEN,HIGH,False,,False,,JRN_0001,1.0,0.0,1.0,0.4541,1.0,SEVERE,Predicted HIGH Congestion (Speed cap 25.0 km/h),25.0,88.4,210.8,16:30:00,30.0,BASELINE_HISTORICAL_CALIBRATION,135.0,94.0
OBS_001172,16:30:30,35130.0,12017,ROUTE_NDLS_DDN_01,SYNTHETIC_SIMULATOR,OK,29.865988,77.921338,226.371,23.75,6.6,23.75,0.0,36.3,80,25.0,756.79,SEC_RK_HW,,RK,HW,36.629,87.629,CRUISING,,,,,342.76,,,GREEN,HIGH,False,,False,,JRN_0001,1.0,0.0,1.0,0.4541,1.0,SEVERE,Predicted HIGH Congestion (Speed cap 25.0 km/h),25.0,87.9,210.3,16:30:30,30.0,BASELINE_HISTORICAL_CALIBRATION,134.5,93.5
OBS_001173,16:31:00,35160.0,12017,ROUTE_NDLS_DDN_01,SYNTHETIC_SIMULATOR,OK,29.866419,77.922566,226.569,23.75,6.6,23.75,0.0,36.3,80,25.0,754.76,SEC_RK_HW,,RK,HW,36.431,87.431,CRUISING,,,,,343.05,,,GREEN,HIGH,False,,False,,JRN_0001,1.0,0.0,1.0,0.4541,1.0,SEVERE,Predicted HIGH Congestion (Speed cap 25.0 km/h),25.0,87.4,209.8,16:31:00,30.0,BASELINE_HISTORICAL_CALIBRATION,134.0,93.0
OBS_001174,16:31:30,35190.0,12017,ROUTE_NDLS_DDN_01,SYNTHETIC_SIMULATOR,OK,29.866849,77.923795,226.767,23.75,6.6,23.75,0.0,36.3,80,25.0,752.71,SEC_RK_HW,,RK,HW,36.233,87.233,CRUISING,,,,,343.34,,,GREEN,HIGH,False,,False,,JRN_0001,1.0,0.0,1.0,0.4541,1.0,SEVERE,Predicted HIGH Congestion (Speed cap 25.0 km/h),25.0,87.0,209.4,16:31:30,30.0,BASELINE_HISTORICAL_CALIBRATION,133.5,92.5
OBS_001175,16:32:00,35220.0,12017,ROUTE_NDLS_DDN_01,SYNTHETIC_SIMULATOR,OK,29.86728,77.925023,226.965,23.75,6.6,23.75,0.0,36.3,80,25.0,750.67,SEC_RK_HW,,RK,HW,36.035,87.035,CRUISING,,,,,343.62,,,GREEN,HIGH,False,,False,,JRN_0001,1.0,0.0,1.0,0.4541,1.0,SEVERE,Predicted HIGH Congestion (Speed cap 25.0 km/h),25.0,86.5,208.9,16:32:00,30.0,BASELINE_HISTORICAL_CALIBRATION,133.0,92.0
OBS_001176,16:32:30,35250.0,12017,ROUTE_NDLS_DDN_01,SYNTHETIC_SIMULATOR,OK,29.867711,77.926252,227.162,23.75,6.6,23.75,0.0,36.3,80,25.0,748.61,SEC_RK_HW,,RK,HW,35.838,86.838,CRUISING,,,,,343.91,,,GREEN,HIGH,False,,False,,JRN_0001,1.0,0.0,1.0,0.4541,1.0,SEVERE,Predicted HIGH Congestion (Speed cap 25.0 km/h),25.0,86.0,208.4,16:32:30,30.0,BASELINE_HISTORICAL_CALIBRATION,132.5,91.5
OBS_001177,16:33:00,35280.0,12017,ROUTE_NDLS_DDN_01,SYNTHETIC_SIMULATOR,OK,29.868141,77.92748,227.36,23.75,6.6,23.75,0.0,36.3,80,25.0,746.56,SEC_RK_HW,,RK,HW,35.64,86.64,CRUISING,,,,,344.2,,,GREEN,HIGH,False,,False,,JRN_0001,1.0,0.0,1.0,0.4541,1.0,SEVERE,Predicted HIGH Congestion (Speed cap 25.0 km/h),25.0,85.5,207.9,16:33:00,30.0,BASELINE_HISTORICAL_CALIBRATION,132.0,91.0
OBS_001178,16:33:30,35310.0,12017,ROUTE_NDLS_DDN_01,SYNTHETIC_SIMULATOR,OK,29.868572,77.928709,227.558,23.75,6.6,23.75,0.0,36.3,80,25.0,744.49,SEC_RK_HW,,RK,HW,35.442,86.442,CRUISING,,,,,344.49,,,GREEN,HIGH,False,,False,,JRN_0001,1.0,0.0,1.0,0.4541,1.0,SEVERE,Predicted HIGH Congestion (Speed cap 25.0 km/h),25.0,85.1,207.5,16:33:30,30.0,BASELINE_HISTORICAL_CALIBRATION,131.5,90.5
OBS_001179,16:34:00,35340.0,12017,ROUTE_NDLS_DDN_01,SYNTHETIC_SIMULATOR,OK,29.869003,77.929937,227.756,23.75,6.6,23.75,0.0,36.3,80,25.0,742.42,SEC_RK_HW,,RK,HW,35.244,86.244,CRUISING,,,,,344.77,,,GREEN,HIGH,False,,False,,JRN_0001,1.0,0.0,1.0,0.4541,1.0,SEVERE,Predicted HIGH Congestion (Speed cap 25.0 km/h),25.0,84.6,207.0,16:34:00,30.0,BASELINE_HISTORICAL_CALIBRATION,131.0,90.0
OBS_001180,16:34:30,35370.0,12017,ROUTE_NDLS_DDN_01,SYNTHETIC_SIMULATOR,OK,29.869434,77.931166,227.954,23.75,6.6,23.75,0.0,36.3,80,25.0,740.35,SEC_RK_HW,,RK,HW,35.046,86.046,CRUISING,,,,,345.06,,,GREEN,HIGH,False,,False,,JRN_0001,1.0,0.0,1.0,0.4541,1.0,SEVERE,Predicted HIGH Congestion (Speed cap 25.0 km/h),25.0,84.1,206.5,16:34:30,30.0,BASELINE_HISTORICAL_CALIBRATION,130.5,89.5
OBS_001181,16:35:00,35400.0,12017,ROUTE_NDLS_DDN_01,SYNTHETIC_SIMULATOR,OK,29.869864,77.932394,228.152,23.75,6.6,23.75,0.0,36.3,80,25.0,738.26,SEC_RK_HW,,RK,HW,34.848,85.848,CRUISING,,,,,345.35,,,GREEN,HIGH,False,,False,,JRN_0001,1.0,0.0,1.0,0.4541,1.0,SEVERE,Predicted HIGH Congestion (Speed cap 25.0 km/h),25.0,83.6,206.0,16:35:00,30.0,BASELINE_HISTORICAL_CALIBRATION,130.0,89.0
OBS_001182,16:35:30,35430.0,12017,ROUTE_NDLS_DDN_01,SYNTHETIC_SIMULATOR,OK,29.870295,77.933622,228.35,23.75,6.6,23.75,0.0,36.3,80,25.0,736.18,SEC_RK_HW,,RK,HW,34.65,85.65,CRUISING,,,,,345.64,,,GREEN,HIGH,False,,False,,JRN_0001,1.0,0.0,1.0,0.4541,1.0,SEVERE,Predicted HIGH Congestion (Speed cap 25.0 km/h),25.0,83.2,205.6,16:35:30,30.0,BASELINE_HISTORICAL_CALIBRATION,129.5,88.5
OBS_001183,16:36:00,35460.0,12017,ROUTE_NDLS_DDN_01,SYNTHETIC_SIMULATOR,OK,29.870726,77.934851,228.548,23.75,6.6,23.75,0.0,36.3,80,25.0,734.08,SEC_RK_HW,,RK,HW,34.452,85.452,CRUISING,,,,,345.92,,,GREEN,HIGH,False,,False,,JRN_0001,1.0,0.0,1.0,0.4541,1.0,SEVERE,Predicted HIGH Congestion (Speed cap 25.0 km/h),25.0,82.7,205.1,16:36:00,30.0,BASELINE_HISTORICAL_CALIBRATION,129.0,88.0
OBS_001184,16:36:30,35490.0,12017,ROUTE_NDLS_DDN_01,SYNTHETIC_SIMULATOR,OK,29.871156,77.936079,228.746,23.75,6.6,23.75,0.0,36.3,80,25.0,731.98,SEC_RK_HW,,RK,HW,34.254,85.254,CRUISING,,,,,346.21,,,GREEN,HIGH,False,,False,,JRN_0001,1.0,0.0,1.0,0.4541,1.0,SEVERE,Predicted HIGH Congestion (Speed cap 25.0 km/h),25.0,82.2,204.6,16:36:30,30.0,BASELINE_HISTORICAL_CALIBRATION,128.5,87.5
OBS_001185,16:37:00,35520.0,12017,ROUTE_NDLS_DDN_01,SYNTHETIC_SIMULATOR,OK,29.871587,77.937308,228.944,23.75,6.6,23.75,0.0,36.3,80,25.0,729.88,SEC_RK_HW,,RK,HW,34.056,85.056,CRUISING,,,,,346.5,,,GREEN,HIGH,False,,False,,JRN_0001,1.0,0.0,1.0,0.4541,1.0,SEVERE,Predicted HIGH Congestion (Speed cap 25.0 km/h),25.0,81.7,204.1,16:37:00,30.0,BASELINE_HISTORICAL_CALIBRATION,128.0,87.0
OBS_001186,16:37:30,35550.0,12017,ROUTE_NDLS_DDN_01,SYNTHETIC_SIMULATOR,OK,29.872018,77.938536,229.142,23.75,6.6,23.75,0.0,36.3,80,25.0,727.77,SEC_RK_HW,,RK,HW,33.858,84.858,CRUISING,,,,,346.79,,,GREEN,HIGH,False,,False,,JRN_0001,1.0,0.0,1.0,0.4541,1.0,SEVERE,Predicted HIGH Congestion (Speed cap 25.0 km/h),25.0,81.3,203.7,16:37:30,30.0,BASELINE_HISTORICAL_CALIBRATION,127.5,86.5
OBS_001187,16:38:00,35580.0,12017,ROUTE_NDLS_DDN_01,SYNTHETIC_SIMULATOR,OK,29.872449,77.939765,229.34,23.75,6.6,23.75,0.0,36.3,80,25.0,725.65,SEC_RK_HW,,RK,HW,33.66,84.66,CRUISING,,,,,347.07,,,GREEN,HIGH,False,,False,,JRN_0001,1.0,0.0,1.0,0.4541,1.0,SEVERE,Predicted HIGH Congestion (Speed cap 25.0 km/h),25.0,80.8,203.2,16:38:00,30.0,BASELINE_HISTORICAL_CALIBRATION,127.0,86.0
OBS_001188,16:38:30,35610.0,12017,ROUTE_NDLS_DDN_01,SYNTHETIC_SIMULATOR,OK,29.872879,77.940993,229.537,23.75,6.6,23.75,0.0,36.3,80,25.0,723.52,SEC_RK_HW,,RK,HW,33.463,84.463,CRUISING,,,,,347.36,,,GREEN,HIGH,False,,False,,JRN_0001,1.0,0.0,1.0,0.4541,1.0,SEVERE,Predicted HIGH Congestion (Speed cap 25.0 km/h),25.0,80.3,202.7,16:38:30,30.0,BASELINE_HISTORICAL_CALIBRATION,126.5,85.5
OBS_001189,16:39:00,35640.0,12017,ROUTE_NDLS_DDN_01,SYNTHETIC_SIMULATOR,OK,29.87331,77.942222,229.735,23.75,6.6,23.75,0.0,36.3,80,25.0,721.39,SEC_RK_HW,,RK,HW,33.265,84.265,CRUISING,,,,,347.65,,,GREEN,HIGH,False,,False,,JRN_0001,1.0,0.0,1.0,0.4541,1.0,SEVERE,Predicted HIGH Congestion (Speed cap 25.0 km/h),25.0,79.8,202.2,16:39:00,30.0,BASELINE_HISTORICAL_CALIBRATION,126.0,85.0
OBS_001190,16:39:30,35670.0,12017,ROUTE_NDLS_DDN_01,SYNTHETIC_SIMULATOR,OK,29.873741,77.94345,229.933,23.75,6.6,23.75,0.0,36.3,80,25.0,719.26,SEC_RK_HW,,RK,HW,33.067,84.067,CRUISING,,,,,347.94,,,GREEN,HIGH,False,,False,,JRN_0001,1.0,0.0,1.0,0.4541,1.0,SEVERE,Predicted HIGH Congestion (Speed cap 25.0 km/h),25.0,79.4,201.8,16:39:30,30.0,BASELINE_HISTORICAL_CALIBRATION,125.5,84.5
OBS_001191,16:40:00,35700.0,12017,ROUTE_NDLS_DDN_01,SYNTHETIC_SIMULATOR,OK,29.874171,77.944679,230.131,23.75,6.6,23.75,0.0,36.3,80,25.0,717.11,SEC_RK_HW,,RK,HW,32.869,83.869,CRUISING,,,,,348.22,,,GREEN,HIGH,False,,False,,JRN_0001,1.0,0.0,1.0,0.4541,1.0,SEVERE,Predicted HIGH Congestion (Speed cap 25.0 km/h),25.0,78.9,201.3,16:40:00,30.0,BASELINE_HISTORICAL_CALIBRATION,125.0,84.0
OBS_001192,16:40:30,35730.0,12017,ROUTE_NDLS_DDN_01,SYNTHETIC_SIMULATOR,OK,29.874602,77.945907,230.329,23.75,6.6,23.75,0.0,36.3,80,25.0,714.96,SEC_RK_HW,,RK,HW,32.671,83.671,CRUISING,,,,,348.51,,,GREEN,HIGH,False,,False,,JRN_0001,1.0,0.0,1.0,0.4541,1.0,SEVERE,Predicted HIGH Congestion (Speed cap 25.0 km/h),25.0,78.4,200.8,16:40:30,30.0,BASELINE_HISTORICAL_CALIBRATION,124.5,83.5
OBS_001193,16:41:00,35760.0,12017,ROUTE_NDLS_DDN_01,SYNTHETIC_SIMULATOR,OK,29.875033,77.947136,230.527,23.75,6.6,23.75,0.0,36.3,80,25.0,712.81,SEC_RK_HW,,RK,HW,32.473,83.473,CRUISING,,,,,348.8,,,GREEN,HIGH,False,,False,,JRN_0001,1.0,0.0,1.0,0.4541,1.0,SEVERE,Predicted HIGH Congestion (Speed cap 25.0 km/h),25.0,77.9,200.3,16:41:00,30.0,BASELINE_HISTORICAL_CALIBRATION,124.0,83.0
OBS_001194,16:41:30,35790.0,12017,ROUTE_NDLS_DDN_01,SYNTHETIC_SIMULATOR,OK,29.875463,77.948364,230.725,23.75,6.6,23.75,0.0,36.3,80,25.0,710.65,SEC_RK_HW,,RK,HW,32.275,83.275,CRUISING,,,,,349.09,,,GREEN,HIGH,False,,False,,JRN_0001,1.0,0.0,1.0,0.4541,1.0,SEVERE,Predicted HIGH Congestion (Speed cap 25.0 km/h),25.0,77.5,199.9,16:41:30,30.0,BASELINE_HISTORICAL_CALIBRATION,123.5,82.5
OBS_001195,16:42:00,35820.0,12017,ROUTE_NDLS_DDN_01,SYNTHETIC_SIMULATOR,OK,29.875894,77.949593,230.923,23.75,6.6,23.75,0.0,36.3,80,25.0,708.48,SEC_RK_HW,,RK,HW,32.077,83.077,CRUISING,,,,,349.37,,,GREEN,HIGH,False,,False,,JRN_0001,1.0,0.0,1.0,0.4541,1.0,SEVERE,Predicted HIGH Congestion (Speed cap 25.0 km/h),25.0,77.0,199.4,16:42:00,30.0,BASELINE_HISTORICAL_CALIBRATION,123.0,82.0
OBS_001196,16:42:30,35850.0,12017,ROUTE_NDLS_DDN_01,SYNTHETIC_SIMULATOR,OK,29.876325,77.950821,231.121,23.75,6.6,23.75,0.0,36.3,80,25.0,706.3,SEC_RK_HW,,RK,HW,31.879,82.879,CRUISING,,,,,349.66,,,GREEN,HIGH,False,,False,,JRN_0001,1.0,0.0,1.0,0.4541,1.0,SEVERE,Predicted HIGH Congestion (Speed cap 25.0 km/h),25.0,76.5,198.9,16:42:30,30.0,BASELINE_HISTORICAL_CALIBRATION,122.5,81.5
OBS_001197,16:43:00,35880.0,12017,ROUTE_NDLS_DDN_01,SYNTHETIC_SIMULATOR,OK,29.876756,77.95205,231.319,23.75,6.6,23.75,0.0,36.3,80,25.0,704.12,SEC_RK_HW,,RK,HW,31.681,82.681,CRUISING,,,,,349.95,,,GREEN,HIGH,False,,False,,JRN_0001,1.0,0.0,1.0,0.4541,1.0,SEVERE,Predicted HIGH Congestion (Speed cap 25.0 km/h),25.0,76.0,198.4,16:43:00,30.0,BASELINE_HISTORICAL_CALIBRATION,122.0,81.0
OBS_001198,16:43:30,35910.0,12017,ROUTE_NDLS_DDN_01,SYNTHETIC_SIMULATOR,OK,29.877186,77.953278,231.517,23.75,6.6,23.75,0.0,36.3,80,25.0,701.93,SEC_RK_HW,,RK,HW,31.483,82.483,CRUISING,,,,,350.24,,,GREEN,HIGH,False,,False,,JRN_0001,1.0,0.0,1.0,0.4541,1.0,SEVERE,Predicted HIGH Congestion (Speed cap 25.0 km/h),25.0,75.6,198.0,16:43:30,30.0,BASELINE_HISTORICAL_CALIBRATION,121.5,80.5
OBS_001199,16:44:00,35940.0,12017,ROUTE_NDLS_DDN_01,SYNTHETIC_SIMULATOR,OK,29.877617,77.954507,231.715,23.75,6.6,23.75,0.0,36.3,80,25.0,699.73,SEC_RK_HW,,RK,HW,31.285,82.285,CRUISING,,,,,350.53,,,GREEN,HIGH,False,,False,,JRN_0001,1.0,0.0,1.0,0.4541,1.0,SEVERE,Predicted HIGH Congestion (Speed cap 25.0 km/h),25.0,75.1,197.5,16:44:00,30.0,BASELINE_HISTORICAL_CALIBRATION,121.0,80.0
OBS_001200,16:44:30,35970.0,12017,ROUTE_NDLS_DDN_01,SYNTHETIC_SIMULATOR,OK,29.878048,77.955735,231.912,23.75,6.6,23.75,0.0,36.3,80,25.0,697.53,SEC_RK_HW,,RK,HW,31.088,82.088,CRUISING,,,,,350.81,,,GREEN,HIGH,False,,False,,JRN_0001,1.0,0.0,1.0,0.4541,1.0,SEVERE,Predicted HIGH Congestion (Speed cap 25.0 km/h),25.0,74.6,197.0,16:44:30,30.0,BASELINE_HISTORICAL_CALIBRATION,120.5,79.5
OBS_001201,16:45:00,36000.0,12017,ROUTE_NDLS_DDN_01,SYNTHETIC_SIMULATOR,OK,29.878478,77.956964,232.11,23.75,6.6,23.75,0.0,36.3,80,25.0,695.32,SEC_RK_HW,,RK,HW,30.89,81.89,CRUISING,,,,,351.1,,,GREEN,HIGH,False,,False,,JRN_0001,1.0,0.0,1.0,0.4541,1.0,SEVERE,Predicted HIGH Congestion (Speed cap 25.0 km/h),25.0,74.1,196.5,16:45:00,30.0,BASELINE_HISTORICAL_CALIBRATION,120.0,79.0
OBS_001202,16:45:30,36030.0,12017,ROUTE_NDLS_DDN_01,SYNTHETIC_SIMULATOR,OK,29.878909,77.958192,232.308,23.75,6.6,23.75,0.0,36.3,80,25.0,693.11,SEC_RK_HW,,RK,HW,30.692,81.692,CRUISING,,,,,351.39,,,GREEN,HIGH,False,,False,,JRN_0001,1.0,0.0,1.0,0.4541,1.0,SEVERE,Predicted HIGH Congestion (Speed cap 25.0 km/h),25.0,73.7,196.1,16:45:30,30.0,BASELINE_HISTORICAL_CALIBRATION,119.5,78.5
OBS_001203,16:46:00,36060.0,12017,ROUTE_NDLS_DDN_01,SYNTHETIC_SIMULATOR,OK,29.87934,77.959421,232.506,23.75,6.6,23.75,0.0,36.3,80,25.0,690.88,SEC_RK_HW,,RK,HW,30.494,81.494,CRUISING,,,,,351.68,,,GREEN,HIGH,False,,False,,JRN_0001,1.0,0.0,1.0,0.4541,1.0,SEVERE,Predicted HIGH Congestion (Speed cap 25.0 km/h),25.0,73.2,195.6,16:46:00,30.0,BASELINE_HISTORICAL_CALIBRATION,119.0,78.0
OBS_001204,16:46:30,36090.0,12017,ROUTE_NDLS_DDN_01,SYNTHETIC_SIMULATOR,OK,29.87977,77.960649,232.704,23.75,6.6,23.75,0.0,36.3,80,25.0,688.65,SEC_RK_HW,,RK,HW,30.296,81.296,CRUISING,,,,,351.96,,,GREEN,HIGH,False,,False,,JRN_0001,1.0,0.0,1.0,0.4541,1.0,SEVERE,Predicted HIGH Congestion (Speed cap 25.0 km/h),25.0,72.7,195.1,16:46:30,30.0,BASELINE_HISTORICAL_CALIBRATION,118.5,77.5
OBS_001205,16:47:00,36120.0,12017,ROUTE_NDLS_DDN_01,SYNTHETIC_SIMULATOR,OK,29.880201,77.961878,232.902,23.75,6.6,23.75,0.0,36.3,80,25.0,686.41,SEC_RK_HW,,RK,HW,30.098,81.098,CRUISING,,,,,352.25,,,GREEN,HIGH,False,,False,,JRN_0001,1.0,0.0,1.0,0.4541,1.0,SEVERE,Predicted HIGH Congestion (Speed cap 25.0 km/h),25.0,72.2,194.6,16:47:00,30.0,BASELINE_HISTORICAL_CALIBRATION,118.0,77.0
OBS_001206,16:47:30,36150.0,12017,ROUTE_NDLS_DDN_01,SYNTHETIC_SIMULATOR,OK,29.880632,77.963106,233.1,23.75,6.6,23.75,0.0,36.3,80,25.0,684.17,SEC_RK_HW,,RK,HW,29.9,80.9,CRUISING,,,,,352.54,,,GREEN,HIGH,False,,False,,JRN_0001,1.0,0.0,1.0,0.4541,1.0,SEVERE,Predicted HIGH Congestion (Speed cap 25.0 km/h),25.0,71.8,194.2,16:47:30,30.0,BASELINE_HISTORICAL_CALIBRATION,117.5,76.5
OBS_001207,16:48:00,36180.0,12017,ROUTE_NDLS_DDN_01,SYNTHETIC_SIMULATOR,OK,29.881063,77.964335,233.298,23.75,6.6,23.75,0.0,36.3,80,25.0,681.91,SEC_RK_HW,,RK,HW,29.702,80.702,CRUISING,,,,,352.83,,,GREEN,HIGH,False,,False,,JRN_0001,1.0,0.0,1.0,0.4541,1.0,SEVERE,Predicted HIGH Congestion (Speed cap 25.0 km/h),25.0,71.3,193.7,16:48:00,30.0,BASELINE_HISTORICAL_CALIBRATION,117.0,76.0
OBS_001208,16:48:30,36210.0,12017,ROUTE_NDLS_DDN_01,SYNTHETIC_SIMULATOR,OK,29.881493,77.965563,233.496,23.75,6.6,23.75,0.0,36.3,80,25.0,679.65,SEC_RK_HW,,RK,HW,29.504,80.504,CRUISING,,,,,353.11,,,GREEN,HIGH,False,,False,,JRN_0001,1.0,0.0,1.0,0.4541,1.0,SEVERE,Predicted HIGH Congestion (Speed cap 25.0 km/h),25.0,70.8,193.2,16:48:30,30.0,BASELINE_HISTORICAL_CALIBRATION,116.5,75.5
OBS_001209,16:49:00,36240.0,12017,ROUTE_NDLS_DDN_01,SYNTHETIC_SIMULATOR,OK,29.881924,77.966792,233.694,23.75,6.6,23.75,0.0,36.3,80,25.0,677.38,SEC_RK_HW,,RK,HW,29.306,80.306,CRUISING,,,,,353.4,,,GREEN,HIGH,False,,False,,JRN_0001,1.0,0.0,1.0,0.4541,1.0,SEVERE,Predicted HIGH Congestion (Speed cap 25.0 km/h),25.0,70.3,192.7,16:49:00,30.0,BASELINE_HISTORICAL_CALIBRATION,116.0,75.0
OBS_001210,16:49:30,36270.0,12017,ROUTE_NDLS_DDN_01,SYNTHETIC_SIMULATOR,OK,29.882355,77.96802,233.892,23.75,6.6,23.75,0.0,36.3,80,25.0,675.11,SEC_RK_HW,,RK,HW,29.108,80.108,CRUISING,,,,,353.69,,,GREEN,HIGH,False,,False,,JRN_0001,1.0,0.0,1.0,0.4541,1.0,SEVERE,Predicted HIGH Congestion (Speed cap 25.0 km/h),25.0,69.9,192.3,16:49:30,30.0,BASELINE_HISTORICAL_CALIBRATION,115.5,74.5
OBS_001211,16:50:00,36300.0,12017,ROUTE_NDLS_DDN_01,SYNTHETIC_SIMULATOR,OK,29.882785,77.969249,234.09,23.75,6.6,23.75,0.0,36.3,80,25.0,672.82,SEC_RK_HW,,RK,HW,28.91,79.91,CRUISING,,,,,353.98,,,GREEN,HIGH,False,,False,,JRN_0001,1.0,0.0,1.0,0.4541,1.0,SEVERE,Predicted HIGH Congestion (Speed cap 25.0 km/h),25.0,69.4,191.8,16:50:00,30.0,BASELINE_HISTORICAL_CALIBRATION,115.0,74.0
OBS_001212,16:50:30,36330.0,12017,ROUTE_NDLS_DDN_01,SYNTHETIC_SIMULATOR,OK,29.883216,77.970477,234.287,23.75,6.6,23.75,0.0,36.3,80,25.0,670.53,SEC_RK_HW,,RK,HW,28.713,79.713,CRUISING,,,,,354.26,,,GREEN,HIGH,False,,False,,JRN_0001,1.0,0.0,1.0,0.4541,1.0,SEVERE,Predicted HIGH Congestion (Speed cap 25.0 km/h),25.0,68.9,191.3,16:50:30,30.0,BASELINE_HISTORICAL_CALIBRATION,114.5,73.5
OBS_001213,16:51:00,36360.0,12017,ROUTE_NDLS_DDN_01,SYNTHETIC_SIMULATOR,OK,29.883647,77.971706,234.485,23.75,6.6,23.75,0.0,36.3,80,25.0,668.23,SEC_RK_HW,,RK,HW,28.515,79.515,CRUISING,,,,,354.55,,,GREEN,HIGH,False,,False,,JRN_0001,1.0,0.0,1.0,0.4541,1.0,SEVERE,Predicted HIGH Congestion (Speed cap 25.0 km/h),25.0,68.4,190.8,16:51:00,30.0,BASELINE_HISTORICAL_CALIBRATION,114.0,73.0
OBS_001214,16:51:30,36390.0,12017,ROUTE_NDLS_DDN_01,SYNTHETIC_SIMULATOR,OK,29.884078,77.972934,234.683,23.75,6.6,23.75,0.0,36.3,80,25.0,665.93,SEC_RK_HW,,RK,HW,28.317,79.317,CRUISING,,,,,354.84,,,GREEN,HIGH,False,,False,,JRN_0001,1.0,0.0,1.0,0.4541,1.0,SEVERE,Predicted HIGH Congestion (Speed cap 25.0 km/h),25.0,68.0,190.4,16:51:30,30.0,BASELINE_HISTORICAL_CALIBRATION,113.5,72.5
OBS_001215,16:52:00,36420.0,12017,ROUTE_NDLS_DDN_01,SYNTHETIC_SIMULATOR,OK,29.884508,77.974163,234.881,23.75,6.6,23.75,0.0,36.3,80,25.0,663.61,SEC_RK_HW,,RK,HW,28.119,79.119,CRUISING,,,,,355.13,,,GREEN,HIGH,False,,False,,JRN_0001,1.0,0.0,1.0,0.4541,1.0,SEVERE,Predicted HIGH Congestion (Speed cap 25.0 km/h),25.0,67.5,189.9,16:52:00,30.0,BASELINE_HISTORICAL_CALIBRATION,113.0,72.0
OBS_001216,16:52:30,36450.0,12017,ROUTE_NDLS_DDN_01,SYNTHETIC_SIMULATOR,OK,29.884939,77.975391,235.079,23.75,6.6,23.75,0.0,36.3,80,25.0,661.29,SEC_RK_HW,,RK,HW,27.921,78.921,CRUISING,,,,,355.41,,,GREEN,HIGH,False,,False,,JRN_0001,1.0,0.0,1.0,0.4541,1.0,SEVERE,Predicted HIGH Congestion (Speed cap 25.0 km/h),25.0,67.0,189.4,16:52:30,30.0,BASELINE_HISTORICAL_CALIBRATION,112.5,71.5
OBS_001217,16:53:00,36480.0,12017,ROUTE_NDLS_DDN_01,SYNTHETIC_SIMULATOR,OK,29.88537,77.97662,235.277,23.75,6.6,23.75,0.0,36.3,80,25.0,658.96,SEC_RK_HW,,RK,HW,27.723,78.723,CRUISING,,,,,355.7,,,GREEN,HIGH,False,,False,,JRN_0001,1.0,0.0,1.0,0.4541,1.0,SEVERE,Predicted HIGH Congestion (Speed cap 25.0 km/h),25.0,66.5,188.9,16:53:00,30.0,BASELINE_HISTORICAL_CALIBRATION,112.0,71.0
OBS_001218,16:53:30,36510.0,12017,ROUTE_NDLS_DDN_01,SYNTHETIC_SIMULATOR,OK,29.8858,77.977848,235.475,23.75,6.6,23.75,0.0,36.3,80,25.0,656.62,SEC_RK_HW,,RK,HW,27.525,78.525,CRUISING,,,,,355.99,,,GREEN,HIGH,False,,False,,JRN_0001,1.0,0.0,1.0,0.4541,1.0,SEVERE,Predicted HIGH Congestion (Speed cap 25.0 km/h),25.0,66.1,188.5,16:53:30,30.0,BASELINE_HISTORICAL_CALIBRATION,111.5,70.5
OBS_001219,16:54:00,36540.0,12017,ROUTE_NDLS_DDN_01,SYNTHETIC_SIMULATOR,OK,29.886231,77.979077,235.673,23.75,6.6,23.75,0.0,36.3,80,25.0,654.27,SEC_RK_HW,,RK,HW,27.327,78.327,CRUISING,,,,,356.28,,,GREEN,HIGH,False,,False,,JRN_0001,1.0,0.0,1.0,0.4541,1.0,SEVERE,Predicted HIGH Congestion (Speed cap 25.0 km/h),25.0,65.6,188.0,16:54:00,30.0,BASELINE_HISTORICAL_CALIBRATION,111.0,70.0
OBS_001220,16:54:30,36570.0,12017,ROUTE_NDLS_DDN_01,SYNTHETIC_SIMULATOR,OK,29.886662,77.980305,235.871,23.75,6.6,23.75,0.0,36.3,80,25.0,651.91,SEC_RK_HW,,RK,HW,27.129,78.129,CRUISING,,,,,356.56,,,GREEN,HIGH,False,,False,,JRN_0001,1.0,0.0,1.0,0.4541,1.0,SEVERE,Predicted HIGH Congestion (Speed cap 25.0 km/h),25.0,65.1,187.5,16:54:30,30.0,BASELINE_HISTORICAL_CALIBRATION,110.5,69.5
OBS_001221,16:55:00,36600.0,12017,ROUTE_NDLS_DDN_01,SYNTHETIC_SIMULATOR,OK,29.887092,77.981534,236.069,23.75,6.6,23.75,0.0,36.3,80,25.0,649.55,SEC_RK_HW,,RK,HW,26.931,77.931,CRUISING,,,,,356.85,,,GREEN,HIGH,False,,False,,JRN_0001,1.0,0.0,1.0,0.4541,1.0,SEVERE,Predicted HIGH Congestion (Speed cap 25.0 km/h),25.0,64.6,187.0,16:55:00,30.0,BASELINE_HISTORICAL_CALIBRATION,110.0,69.0
OBS_001222,16:55:30,36630.0,12017,ROUTE_NDLS_DDN_01,SYNTHETIC_SIMULATOR,OK,29.887523,77.982762,236.267,23.75,6.6,23.75,0.0,36.3,80,25.0,647.17,SEC_RK_HW,,RK,HW,26.733,77.733,CRUISING,,,,,357.14,,,GREEN,HIGH,False,,False,,JRN_0001,1.0,0.0,1.0,0.4541,1.0,SEVERE,Predicted HIGH Congestion (Speed cap 25.0 km/h),25.0,64.2,186.6,16:55:30,30.0,BASELINE_HISTORICAL_CALIBRATION,109.5,68.5
OBS_001223,16:56:00,36660.0,12017,ROUTE_NDLS_DDN_01,SYNTHETIC_SIMULATOR,OK,29.887954,77.983991,236.465,23.75,6.6,23.75,0.0,36.3,80,25.0,644.79,SEC_RK_HW,,RK,HW,26.535,77.535,CRUISING,,,,,357.43,,,GREEN,HIGH,False,,False,,JRN_0001,1.0,0.0,1.0,0.4541,1.0,SEVERE,Predicted HIGH Congestion (Speed cap 25.0 km/h),25.0,63.7,186.1,16:56:00,30.0,BASELINE_HISTORICAL_CALIBRATION,109.0,68.0
OBS_001224,16:56:30,36690.0,12017,ROUTE_NDLS_DDN_01,SYNTHETIC_SIMULATOR,OK,29.888385,77.985219,236.662,23.75,6.6,23.75,0.0,36.3,80,25.0,642.4,SEC_RK_HW,,RK,HW,26.338,77.338,CRUISING,,,,,357.71,,,GREEN,HIGH,False,,False,,JRN_0001,1.0,0.0,1.0,0.4541,1.0,SEVERE,Predicted HIGH Congestion (Speed cap 25.0 km/h),25.0,63.2,185.6,16:56:30,30.0,BASELINE_HISTORICAL_CALIBRATION,108.5,67.5
OBS_001225,16:57:00,36720.0,12017,ROUTE_NDLS_DDN_01,SYNTHETIC_SIMULATOR,OK,29.888815,77.986448,236.86,23.75,6.6,23.75,0.0,36.3,80,25.0,640.0,SEC_RK_HW,,RK,HW,26.14,77.14,CRUISING,,,,,358.0,,,GREEN,HIGH,False,,False,,JRN_0001,1.0,0.0,1.0,0.4541,1.0,SEVERE,Predicted HIGH Congestion (Speed cap 25.0 km/h),25.0,62.7,185.1,16:57:00,30.0,BASELINE_HISTORICAL_CALIBRATION,108.0,67.0
OBS_001226,16:57:30,36750.0,12017,ROUTE_NDLS_DDN_01,SYNTHETIC_SIMULATOR,OK,29.889246,77.987676,237.058,23.75,6.6,23.75,0.0,36.3,80,25.0,637.59,SEC_RK_HW,,RK,HW,25.942,76.942,CRUISING,,,,,358.29,,,GREEN,HIGH,False,,False,,JRN_0001,1.0,0.0,1.0,0.4541,1.0,SEVERE,Predicted HIGH Congestion (Speed cap 25.0 km/h),25.0,62.3,184.7,16:57:30,30.0,BASELINE_HISTORICAL_CALIBRATION,107.5,66.5
OBS_001227,16:58:00,36780.0,12017,ROUTE_NDLS_DDN_01,SYNTHETIC_SIMULATOR,OK,29.889677,77.988905,237.256,23.75,6.6,23.75,0.0,36.3,80,25.0,635.17,SEC_RK_HW,,RK,HW,25.744,76.744,CRUISING,,,,,358.58,,,GREEN,HIGH,False,,False,,JRN_0001,1.0,0.0,1.0,0.4541,1.0,SEVERE,Predicted HIGH Congestion (Speed cap 25.0 km/h),25.0,61.8,184.2,16:58:00,30.0,BASELINE_HISTORICAL_CALIBRATION,107.0,66.0
OBS_001228,16:58:30,36810.0,12017,ROUTE_NDLS_DDN_01,SYNTHETIC_SIMULATOR,OK,29.890107,77.990133,237.454,23.75,6.6,23.75,0.0,36.3,80,25.0,632.75,SEC_RK_HW,,RK,HW,25.546,76.546,CRUISING,,,,,358.87,,,GREEN,HIGH,False,,False,,JRN_0001,1.0,0.0,1.0,0.4541,1.0,SEVERE,Predicted HIGH Congestion (Speed cap 25.0 km/h),25.0,61.3,183.7,16:58:30,30.0,BASELINE_HISTORICAL_CALIBRATION,106.5,65.5
OBS_001229,16:59:00,36840.0,12017,ROUTE_NDLS_DDN_01,SYNTHETIC_SIMULATOR,OK,29.890538,77.991362,237.652,23.75,6.6,23.75,0.0,36.3,80,25.0,630.31,SEC_RK_HW,,RK,HW,25.348,76.348,CRUISING,,,,,359.15,,,GREEN,HIGH,False,,False,,JRN_0001,1.0,0.0,1.0,0.4541,1.0,SEVERE,Predicted HIGH Congestion (Speed cap 25.0 km/h),25.0,60.8,183.2,16:59:00,30.0,BASELINE_HISTORICAL_CALIBRATION,106.0,65.0
OBS_001230,16:59:30,36870.0,12017,ROUTE_NDLS_DDN_01,SYNTHETIC_SIMULATOR,OK,29.890969,77.99259,237.85,23.75,6.6,23.75,0.0,36.3,80,25.0,627.86,SEC_RK_HW,,RK,HW,25.15,76.15,CRUISING,,,,,359.44,,,GREEN,HIGH,False,,False,,JRN_0001,1.0,0.0,1.0,0.4541,1.0,SEVERE,Predicted HIGH Congestion (Speed cap 25.0 km/h),25.0,60.4,182.8,16:59:30,30.0,BASELINE_HISTORICAL_CALIBRATION,105.5,64.5
OBS_001231,17:00:00,36900.0,12017,ROUTE_NDLS_DDN_01,SYNTHETIC_SIMULATOR,OK,29.8914,77.993819,238.048,23.75,6.6,23.75,0.0,36.3,80,25.0,625.41,SEC_RK_HW,,RK,HW,24.952,75.952,CRUISING,,,,,359.73,,,GREEN,HIGH,False,,False,,JRN_0001,1.0,0.0,1.0,0.4541,1.0,SEVERE,Predicted HIGH Congestion (Speed cap 25.0 km/h),25.0,59.9,182.3,17:00:00,30.0,BASELINE_HISTORICAL_CALIBRATION,105.0,64.0
OBS_001232,17:00:30,36930.0,12017,ROUTE_NDLS_DDN_01,SYNTHETIC_SIMULATOR,OK,29.89183,77.995047,238.246,23.75,6.6,23.75,0.0,36.3,80,25.0,622.94,SEC_RK_HW,,RK,HW,24.754,75.754,CRUISING,,,,,360.02,,,GREEN,HIGH,False,,False,,JRN_0001,1.0,0.0,1.0,0.4541,1.0,SEVERE,Predicted HIGH Congestion (Speed cap 25.0 km/h),25.0,59.4,181.8,17:00:30,30.0,BASELINE_HISTORICAL_CALIBRATION,104.5,63.5
OBS_001233,17:01:00,36960.0,12017,ROUTE_NDLS_DDN_01,SYNTHETIC_SIMULATOR,OK,29.892261,77.996276,238.444,23.75,6.6,23.75,0.0,36.3,80,25.0,620.46,SEC_RK_HW,,RK,HW,24.556,75.556,CRUISING,,,,,360.3,,,GREEN,HIGH,False,,False,,JRN_0001,1.0,0.0,1.0,0.4541,1.0,SEVERE,Predicted HIGH Congestion (Speed cap 25.0 km/h),25.0,58.9,181.3,17:01:00,30.0,BASELINE_HISTORICAL_CALIBRATION,104.0,63.0
OBS_001234,17:01:30,36990.0,12017,ROUTE_NDLS_DDN_01,SYNTHETIC_SIMULATOR,OK,29.892692,77.997504,238.642,23.75,6.6,23.75,0.0,36.3,80,25.0,617.98,SEC_RK_HW,,RK,HW,24.358,75.358,CRUISING,,,,,360.59,,,GREEN,HIGH,False,,False,,JRN_0001,1.0,0.0,1.0,0.4541,1.0,SEVERE,Predicted HIGH Congestion (Speed cap 25.0 km/h),25.0,58.5,180.9,17:01:30,30.0,BASELINE_HISTORICAL_CALIBRATION,103.5,62.5
OBS_001235,17:02:00,37020.0,12017,ROUTE_NDLS_DDN_01,SYNTHETIC_SIMULATOR,OK,29.893122,77.998733,238.84,23.75,6.6,23.75,0.0,36.3,80,25.0,615.48,SEC_RK_HW,,RK,HW,24.16,75.16,CRUISING,,,,,360.88,,,GREEN,HIGH,False,,False,,JRN_0001,1.0,0.0,1.0,0.4541,1.0,SEVERE,Predicted HIGH Congestion (Speed cap 25.0 km/h),25.0,58.0,180.4,17:02:00,30.0,BASELINE_HISTORICAL_CALIBRATION,103.0,62.0
OBS_001236,17:02:30,37050.0,12017,ROUTE_NDLS_DDN_01,SYNTHETIC_SIMULATOR,OK,29.893553,77.999961,239.037,23.75,6.6,23.75,0.0,36.3,80,25.0,612.98,SEC_RK_HW,,RK,HW,23.963,74.963,CRUISING,,,,,361.17,,,GREEN,HIGH,False,,False,,JRN_0001,1.0,0.0,1.0,0.4541,1.0,SEVERE,Predicted HIGH Congestion (Speed cap 25.0 km/h),25.0,57.5,179.9,17:02:30,30.0,BASELINE_HISTORICAL_CALIBRATION,102.5,61.5
OBS_001237,17:03:00,37080.0,12017,ROUTE_NDLS_DDN_01,SYNTHETIC_SIMULATOR,OK,29.893984,78.00119,239.235,23.75,6.6,23.75,0.0,36.3,80,25.0,610.46,SEC_RK_HW,,RK,HW,23.765,74.765,CRUISING,,,,,361.45,,,GREEN,HIGH,False,,False,,JRN_0001,1.0,0.0,1.0,0.4541,1.0,SEVERE,Predicted HIGH Congestion (Speed cap 25.0 km/h),25.0,57.0,179.4,17:03:00,30.0,BASELINE_HISTORICAL_CALIBRATION,102.0,61.0
OBS_001238,17:03:30,37110.0,12017,ROUTE_NDLS_DDN_01,SYNTHETIC_SIMULATOR,OK,29.894414,78.002418,239.433,23.75,6.6,23.75,0.0,36.3,80,25.0,607.94,SEC_RK_HW,,RK,HW,23.567,74.567,CRUISING,,,,,361.74,,,GREEN,HIGH,False,,False,,JRN_0001,1.0,0.0,1.0,0.4541,1.0,SEVERE,Predicted HIGH Congestion (Speed cap 25.0 km/h),25.0,56.6,179.0,17:03:30,30.0,BASELINE_HISTORICAL_CALIBRATION,101.5,60.5
OBS_001239,17:04:00,37140.0,12017,ROUTE_NDLS_DDN_01,SYNTHETIC_SIMULATOR,OK,29.894845,78.003647,239.631,23.75,6.6,23.75,0.0,36.3,80,25.0,605.4,SEC_RK_HW,,RK,HW,23.369,74.369,CRUISING,,,,,362.03,,,GREEN,HIGH,False,,False,,JRN_0001,1.0,0.0,1.0,0.4541,1.0,SEVERE,Predicted HIGH Congestion (Speed cap 25.0 km/h),25.0,56.1,178.5,17:04:00,30.0,BASELINE_HISTORICAL_CALIBRATION,101.0,60.0
OBS_001240,17:04:30,37170.0,12017,ROUTE_NDLS_DDN_01,SYNTHETIC_SIMULATOR,OK,29.895276,78.004875,239.829,23.75,6.6,23.75,0.0,36.3,80,25.0,602.85,SEC_RK_HW,,RK,HW,23.171,74.171,CRUISING,,,,,362.32,,,GREEN,HIGH,False,,False,,JRN_0001,1.0,0.0,1.0,0.4541,1.0,SEVERE,Predicted HIGH Congestion (Speed cap 25.0 km/h),25.0,55.6,178.0,17:04:30,30.0,BASELINE_HISTORICAL_CALIBRATION,100.5,59.5
OBS_001241,17:05:00,37200.0,12017,ROUTE_NDLS_DDN_01,SYNTHETIC_SIMULATOR,OK,29.895707,78.006104,240.027,23.75,6.6,23.75,0.0,36.3,80,25.0,600.29,SEC_RK_HW,,RK,HW,22.973,73.973,CRUISING,,,,,362.6,,,GREEN,HIGH,False,,False,,JRN_0001,1.0,0.0,1.0,0.4541,1.0,SEVERE,Predicted HIGH Congestion (Speed cap 25.0 km/h),25.0,55.1,177.5,17:05:00,30.0,BASELINE_HISTORICAL_CALIBRATION,100.0,59.0
OBS_001242,17:05:30,37230.0,12017,ROUTE_NDLS_DDN_01,SYNTHETIC_SIMULATOR,OK,29.896137,78.007332,240.225,23.75,6.6,23.75,0.0,36.3,80,25.0,597.72,SEC_RK_HW,,RK,HW,22.775,73.775,CRUISING,,,,,362.89,,,GREEN,HIGH,False,,False,,JRN_0001,1.0,0.0,1.0,0.4541,1.0,SEVERE,Predicted HIGH Congestion (Speed cap 25.0 km/h),25.0,54.7,177.1,17:05:30,30.0,BASELINE_HISTORICAL_CALIBRATION,99.5,58.5
OBS_001243,17:06:00,37260.0,12017,ROUTE_NDLS_DDN_01,SYNTHETIC_SIMULATOR,OK,29.896568,78.008561,240.423,23.75,6.6,23.75,0.0,36.3,80,25.0,595.14,SEC_RK_HW,,RK,HW,22.577,73.577,CRUISING,,,,,363.18,,,GREEN,HIGH,False,,False,,JRN_0001,1.0,0.0,1.0,0.4541,1.0,SEVERE,Predicted HIGH Congestion (Speed cap 25.0 km/h),25.0,54.2,176.6,17:06:00,30.0,BASELINE_HISTORICAL_CALIBRATION,99.0,58.0
OBS_001244,17:06:30,37290.0,12017,ROUTE_NDLS_DDN_01,SYNTHETIC_SIMULATOR,OK,29.896999,78.009789,240.621,23.75,6.6,23.75,0.0,36.3,80,25.0,592.55,SEC_RK_HW,,RK,HW,22.379,73.379,CRUISING,,,,,363.47,,,GREEN,HIGH,False,,False,,JRN_0001,1.0,0.0,1.0,0.4541,1.0,SEVERE,Predicted HIGH Congestion (Speed cap 25.0 km/h),25.0,53.7,176.1,17:06:30,30.0,BASELINE_HISTORICAL_CALIBRATION,98.5,57.5
OBS_001245,17:07:00,37320.0,12017,ROUTE_NDLS_DDN_01,SYNTHETIC_SIMULATOR,OK,29.897429,78.011018,240.819,23.75,6.6,23.75,0.0,36.3,80,25.0,589.95,SEC_RK_HW,,RK,HW,22.181,73.181,CRUISING,,,,,363.75,,,GREEN,HIGH,False,,False,,JRN_0001,1.0,0.0,1.0,0.4541,1.0,SEVERE,Predicted HIGH Congestion (Speed cap 25.0 km/h),25.0,53.2,175.6,17:07:00,30.0,BASELINE_HISTORICAL_CALIBRATION,98.0,57.0
OBS_001246,17:07:30,37350.0,12017,ROUTE_NDLS_DDN_01,SYNTHETIC_SIMULATOR,OK,29.89786,78.012246,241.017,23.75,6.6,23.75,0.0,36.3,80,25.0,587.34,SEC_RK_HW,,RK,HW,21.983,72.983,CRUISING,,,,,364.04,,,GREEN,HIGH,False,,False,,JRN_0001,1.0,0.0,1.0,0.4541,1.0,SEVERE,Predicted HIGH Congestion (Speed cap 25.0 km/h),25.0,52.8,175.2,17:07:30,30.0,BASELINE_HISTORICAL_CALIBRATION,97.5,56.5
OBS_001247,17:08:00,37380.0,12017,ROUTE_NDLS_DDN_01,SYNTHETIC_SIMULATOR,OK,29.898291,78.013475,241.215,23.75,6.6,23.75,0.0,36.3,80,25.0,584.71,SEC_RK_HW,,RK,HW,21.785,72.785,CRUISING,,,,,364.33,,,GREEN,HIGH,False,,False,,JRN_0001,1.0,0.0,1.0,0.4541,1.0,SEVERE,Predicted HIGH Congestion (Speed cap 25.0 km/h),25.0,52.3,174.7,17:08:00,30.0,BASELINE_HISTORICAL_CALIBRATION,97.0,56.0
OBS_001248,17:08:30,37410.0,12017,ROUTE_NDLS_DDN_01,SYNTHETIC_SIMULATOR,OK,29.898721,78.014703,241.412,23.75,6.6,23.75,0.0,36.3,80,25.0,582.07,SEC_RK_HW,,RK,HW,21.588,72.588,CRUISING,,,,,364.62,,,GREEN,HIGH,False,,False,,JRN_0001,1.0,0.0,1.0,0.4541,1.0,SEVERE,Predicted HIGH Congestion (Speed cap 25.0 km/h),25.0,51.8,174.2,17:08:30,30.0,BASELINE_HISTORICAL_CALIBRATION,96.5,55.5
OBS_001249,17:09:00,37440.0,12017,ROUTE_NDLS_DDN_01,SYNTHETIC_SIMULATOR,OK,29.899152,78.015932,241.61,23.75,6.6,23.75,0.0,36.3,80,25.0,579.42,SEC_RK_HW,,RK,HW,21.39,72.39,CRUISING,,,,,364.9,,,GREEN,HIGH,False,,False,,JRN_0001,1.0,0.0,1.0,0.4541,1.0,SEVERE,Predicted HIGH Congestion (Speed cap 25.0 km/h),25.0,51.3,173.7,17:09:00,30.0,BASELINE_HISTORICAL_CALIBRATION,96.0,55.0
OBS_001250,17:09:30,37470.0,12017,ROUTE_NDLS_DDN_01,SYNTHETIC_SIMULATOR,OK,29.899583,78.01716,241.808,23.75,6.6,23.75,0.0,36.3,80,25.0,576.76,SEC_RK_HW,,RK,HW,21.192,72.192,CRUISING,,,,,365.19,,,GREEN,HIGH,False,,False,,JRN_0001,1.0,0.0,1.0,0.4541,1.0,SEVERE,Predicted HIGH Congestion (Speed cap 25.0 km/h),25.0,50.9,173.3,17:09:30,30.0,BASELINE_HISTORICAL_CALIBRATION,95.5,54.5
OBS_001251,17:10:00,37500.0,12017,ROUTE_NDLS_DDN_01,SYNTHETIC_SIMULATOR,OK,29.900014,78.018389,242.006,23.75,6.6,23.75,0.0,36.3,80,25.0,574.08,SEC_RK_HW,,RK,HW,20.994,71.994,CRUISING,,,,,365.48,,,GREEN,HIGH,False,,False,,JRN_0001,1.0,0.0,1.0,0.4541,1.0,SEVERE,Predicted HIGH Congestion (Speed cap 25.0 km/h),25.0,50.4,172.8,17:10:00,30.0,BASELINE_HISTORICAL_CALIBRATION,95.0,54.0
OBS_001252,17:10:30,37530.0,12017,ROUTE_NDLS_DDN_01,SYNTHETIC_SIMULATOR,OK,29.900444,78.019617,242.204,23.75,6.6,23.75,0.0,36.3,80,25.0,571.4,SEC_RK_HW,,RK,HW,20.796,71.796,CRUISING,,,,,365.77,,,GREEN,HIGH,False,,False,,JRN_0001,1.0,0.0,1.0,0.4541,1.0,SEVERE,Predicted HIGH Congestion (Speed cap 25.0 km/h),25.0,49.9,172.3,17:10:30,30.0,BASELINE_HISTORICAL_CALIBRATION,94.5,53.5
OBS_001253,17:11:00,37560.0,12017,ROUTE_NDLS_DDN_01,SYNTHETIC_SIMULATOR,OK,29.900875,78.020846,242.402,23.75,6.6,23.75,0.0,36.3,80,25.0,568.7,SEC_RK_HW,,RK,HW,20.598,71.598,CRUISING,,,,,366.05,,,GREEN,HIGH,False,,False,,JRN_0001,1.0,0.0,1.0,0.4541,1.0,SEVERE,Predicted HIGH Congestion (Speed cap 25.0 km/h),25.0,49.4,171.8,17:11:00,30.0,BASELINE_HISTORICAL_CALIBRATION,94.0,53.0
OBS_001254,17:11:30,37590.0,12017,ROUTE_NDLS_DDN_01,SYNTHETIC_SIMULATOR,OK,29.901306,78.022074,242.6,23.75,6.6,23.75,0.0,36.3,80,25.0,565.98,SEC_RK_HW,,RK,HW,20.4,71.4,CRUISING,,,,,366.34,,,GREEN,HIGH,False,,False,,JRN_0001,1.0,0.0,1.0,0.4541,1.0,SEVERE,Predicted HIGH Congestion (Speed cap 25.0 km/h),25.0,49.0,171.4,17:11:30,30.0,BASELINE_HISTORICAL_CALIBRATION,93.5,52.5
OBS_001255,17:12:00,37620.0,12017,ROUTE_NDLS_DDN_01,SYNTHETIC_SIMULATOR,OK,29.901736,78.023303,242.798,23.75,6.6,23.75,0.0,36.3,80,25.0,563.26,SEC_RK_HW,,RK,HW,20.202,71.202,CRUISING,,,,,366.63,,,GREEN,HIGH,False,,False,,JRN_0001,1.0,0.0,1.0,0.4541,1.0,SEVERE,Predicted HIGH Congestion (Speed cap 25.0 km/h),25.0,48.5,170.9,17:12:00,30.0,BASELINE_HISTORICAL_CALIBRATION,93.0,52.0
OBS_001256,17:12:30,37650.0,12017,ROUTE_NDLS_DDN_01,SYNTHETIC_SIMULATOR,OK,29.902167,78.024531,242.996,23.75,6.6,23.75,0.0,36.3,80,25.0,560.52,SEC_RK_HW,,RK,HW,20.004,71.004,CRUISING,,,,,366.92,,,GREEN,HIGH,False,,False,,JRN_0001,1.0,0.0,1.0,0.4541,1.0,SEVERE,Predicted HIGH Congestion (Speed cap 25.0 km/h),25.0,48.0,170.4,17:12:30,30.0,BASELINE_HISTORICAL_CALIBRATION,92.5,51.5
OBS_001257,17:13:00,37680.0,12017,ROUTE_NDLS_DDN_01,SYNTHETIC_SIMULATOR,OK,29.902598,78.02576,243.194,23.75,6.6,23.75,0.0,36.3,80,25.0,557.77,SEC_RK_HW,,RK,HW,19.806,70.806,CRUISING,,,,,367.21,,,GREEN,HIGH,False,,False,,JRN_0001,1.0,0.0,1.0,0.4541,1.0,SEVERE,Predicted HIGH Congestion (Speed cap 25.0 km/h),25.0,47.5,169.9,17:13:00,30.0,BASELINE_HISTORICAL_CALIBRATION,92.0,51.0
OBS_001258,17:13:30,37710.0,12017,ROUTE_NDLS_DDN_01,SYNTHETIC_SIMULATOR,OK,29.903029,78.026988,243.392,23.75,6.6,23.75,0.0,36.3,80,25.0,555.0,SEC_RK_HW,,RK,HW,19.608,70.608,CRUISING,,,,,367.49,,,GREEN,HIGH,False,,False,,JRN_0001,1.0,0.0,1.0,0.4541,1.0,SEVERE,Predicted HIGH Congestion (Speed cap 25.0 km/h),25.0,47.1,169.5,17:13:30,30.0,BASELINE_HISTORICAL_CALIBRATION,91.5,50.5
OBS_001259,17:14:00,37740.0,12017,ROUTE_NDLS_DDN_01,SYNTHETIC_SIMULATOR,OK,29.903459,78.028217,243.59,23.75,6.6,23.75,0.0,36.3,80,25.0,552.22,SEC_RK_HW,,RK,HW,19.41,70.41,CRUISING,,,,,367.78,,,GREEN,HIGH,False,,False,,JRN_0001,1.0,0.0,1.0,0.4541,1.0,SEVERE,Predicted HIGH Congestion (Speed cap 25.0 km/h),25.0,46.6,169.0,17:14:00,30.0,BASELINE_HISTORICAL_CALIBRATION,91.0,50.0
OBS_001260,17:14:30,37770.0,12017,ROUTE_NDLS_DDN_01,SYNTHETIC_SIMULATOR,OK,29.90389,78.029445,243.787,23.75,6.6,23.75,0.0,36.3,80,25.0,549.43,SEC_RK_HW,,RK,HW,19.213,70.213,CRUISING,,,,,368.07,,,GREEN,HIGH,False,,False,,JRN_0001,1.0,0.0,1.0,0.4541,1.0,SEVERE,Predicted HIGH Congestion (Speed cap 25.0 km/h),25.0,46.1,168.5,17:14:30,30.0,BASELINE_HISTORICAL_CALIBRATION,90.5,49.5
OBS_001261,17:15:00,37800.0,12017,ROUTE_NDLS_DDN_01,SYNTHETIC_SIMULATOR,OK,29.904321,78.030674,243.985,23.75,6.6,23.75,0.0,36.3,80,25.0,546.62,SEC_RK_HW,,RK,HW,19.015,70.015,CRUISING,,,,,368.36,,,GREEN,HIGH,False,,False,,JRN_0001,1.0,0.0,1.0,0.4541,1.0,SEVERE,Predicted HIGH Congestion (Speed cap 25.0 km/h),25.0,45.6,168.0,17:15:00,30.0,BASELINE_HISTORICAL_CALIBRATION,90.0,49.0
OBS_001262,17:15:30,37830.0,12017,ROUTE_NDLS_DDN_01,SYNTHETIC_SIMULATOR,OK,29.904751,78.031902,244.183,23.75,6.6,23.75,0.0,36.3,80,25.0,543.8,SEC_RK_HW,,RK,HW,18.817,69.817,CRUISING,,,,,368.64,,,GREEN,HIGH,False,,False,,JRN_0001,1.0,0.0,1.0,0.4541,1.0,SEVERE,Predicted HIGH Congestion (Speed cap 25.0 km/h),25.0,45.2,167.6,17:15:30,30.0,BASELINE_HISTORICAL_CALIBRATION,89.5,48.5
OBS_001263,17:16:00,37860.0,12017,ROUTE_NDLS_DDN_01,SYNTHETIC_SIMULATOR,OK,29.905182,78.033131,244.381,23.75,6.6,23.75,0.0,36.3,80,25.0,540.96,SEC_RK_HW,,RK,HW,18.619,69.619,CRUISING,,,,,368.93,,,GREEN,HIGH,False,,False,,JRN_0001,1.0,0.0,1.0,0.4541,1.0,SEVERE,Predicted HIGH Congestion (Speed cap 25.0 km/h),25.0,44.7,167.1,17:16:00,30.0,BASELINE_HISTORICAL_CALIBRATION,89.0,48.0
OBS_001264,17:16:30,37890.0,12017,ROUTE_NDLS_DDN_01,SYNTHETIC_SIMULATOR,OK,29.905613,78.034359,244.579,23.75,6.6,23.75,0.0,36.3,80,25.0,538.11,SEC_RK_HW,,RK,HW,18.421,69.421,CRUISING,,,,,369.22,,,GREEN,HIGH,False,,False,,JRN_0001,1.0,0.0,1.0,0.4541,1.0,SEVERE,Predicted HIGH Congestion (Speed cap 25.0 km/h),25.0,44.2,166.6,17:16:30,30.0,BASELINE_HISTORICAL_CALIBRATION,88.5,47.5
OBS_001265,17:17:00,37920.0,12017,ROUTE_NDLS_DDN_01,SYNTHETIC_SIMULATOR,OK,29.906043,78.035588,244.777,23.75,6.6,23.75,0.0,36.3,80,25.0,535.24,SEC_RK_HW,,RK,HW,18.223,69.223,CRUISING,,,,,369.51,,,GREEN,HIGH,False,,False,,JRN_0001,1.0,0.0,1.0,0.4541,1.0,SEVERE,Predicted HIGH Congestion (Speed cap 25.0 km/h),25.0,43.7,166.1,17:17:00,30.0,BASELINE_HISTORICAL_CALIBRATION,88.0,47.0
OBS_001266,17:17:30,37950.0,12017,ROUTE_NDLS_DDN_01,SYNTHETIC_SIMULATOR,OK,29.906474,78.036816,244.975,23.75,6.6,23.75,0.0,36.3,80,25.0,532.36,SEC_RK_HW,,RK,HW,18.025,69.025,CRUISING,,,,,369.79,,,GREEN,HIGH,False,,False,,JRN_0001,1.0,0.0,1.0,0.4541,1.0,SEVERE,Predicted HIGH Congestion (Speed cap 25.0 km/h),25.0,43.3,165.7,17:17:30,30.0,BASELINE_HISTORICAL_CALIBRATION,87.5,46.5
OBS_001267,17:18:00,37980.0,12017,ROUTE_NDLS_DDN_01,SYNTHETIC_SIMULATOR,OK,29.906905,78.038045,245.173,23.75,6.6,23.75,0.0,36.3,80,25.0,529.46,SEC_RK_HW,,RK,HW,17.827,68.827,CRUISING,,,,,370.08,,,GREEN,HIGH,False,,False,,JRN_0001,1.0,0.0,1.0,0.4541,1.0,SEVERE,Predicted HIGH Congestion (Speed cap 25.0 km/h),25.0,42.8,165.2,17:18:00,30.0,BASELINE_HISTORICAL_CALIBRATION,87.0,46.0
OBS_001268,17:18:30,38010.0,12017,ROUTE_NDLS_DDN_01,SYNTHETIC_SIMULATOR,OK,29.907336,78.039273,245.371,23.75,6.6,23.75,0.0,36.3,80,25.0,526.54,SEC_RK_HW,,RK,HW,17.629,68.629,CRUISING,,,,,370.37,,,GREEN,HIGH,False,,False,,JRN_0001,1.0,0.0,1.0,0.4541,1.0,SEVERE,Predicted HIGH Congestion (Speed cap 25.0 km/h),25.0,42.3,164.7,17:18:30,30.0,BASELINE_HISTORICAL_CALIBRATION,86.5,45.5
OBS_001269,17:19:00,38040.0,12017,ROUTE_NDLS_DDN_01,SYNTHETIC_SIMULATOR,OK,29.907766,78.040502,245.569,23.75,6.6,23.75,0.0,36.3,80,25.0,523.61,SEC_RK_HW,,RK,HW,17.431,68.431,CRUISING,,,,,370.66,,,GREEN,HIGH,False,,False,,JRN_0001,1.0,0.0,1.0,0.4541,1.0,SEVERE,Predicted HIGH Congestion (Speed cap 25.0 km/h),25.0,41.8,164.2,17:19:00,30.0,BASELINE_HISTORICAL_CALIBRATION,86.0,45.0
OBS_001270,17:19:30,38070.0,12017,ROUTE_NDLS_DDN_01,SYNTHETIC_SIMULATOR,OK,29.908197,78.04173,245.767,23.75,6.6,23.75,0.0,36.3,80,25.0,520.66,SEC_RK_HW,,RK,HW,17.233,68.233,CRUISING,,,,,370.94,,,GREEN,HIGH,False,,False,,JRN_0001,1.0,0.0,1.0,0.4541,1.0,SEVERE,Predicted HIGH Congestion (Speed cap 25.0 km/h),25.0,41.4,163.8,17:19:30,30.0,BASELINE_HISTORICAL_CALIBRATION,85.5,44.5
OBS_001271,17:20:00,38100.0,12017,ROUTE_NDLS_DDN_01,SYNTHETIC_SIMULATOR,OK,29.908628,78.042959,245.965,23.75,6.6,23.75,0.0,36.3,80,25.0,517.7,SEC_RK_HW,,RK,HW,17.035,68.035,CRUISING,,,,,371.23,,,GREEN,HIGH,False,,False,,JRN_0001,1.0,0.0,1.0,0.4541,1.0,SEVERE,Predicted HIGH Congestion (Speed cap 25.0 km/h),25.0,40.9,163.3,17:20:00,30.0,BASELINE_HISTORICAL_CALIBRATION,85.0,44.0
OBS_001272,17:20:30,38130.0,12017,ROUTE_NDLS_DDN_01,SYNTHETIC_SIMULATOR,OK,29.909058,78.044187,246.162,23.75,6.6,23.75,0.0,36.3,80,25.0,514.72,SEC_RK_HW,,RK,HW,16.838,67.838,CRUISING,,,,,371.52,,,GREEN,HIGH,False,,False,,JRN_0001,1.0,0.0,1.0,0.4541,1.0,SEVERE,Predicted HIGH Congestion (Speed cap 25.0 km/h),25.0,40.4,162.8,17:20:30,30.0,BASELINE_HISTORICAL_CALIBRATION,84.5,43.5
OBS_001273,17:21:00,38160.0,12017,ROUTE_NDLS_DDN_01,SYNTHETIC_SIMULATOR,OK,29.909489,78.045416,246.36,23.75,6.6,23.75,0.0,36.3,80,25.0,511.72,SEC_RK_HW,,RK,HW,16.64,67.64,CRUISING,,,,,371.81,,,GREEN,HIGH,False,,False,,JRN_0001,1.0,0.0,1.0,0.4541,1.0,SEVERE,Predicted HIGH Congestion (Speed cap 25.0 km/h),25.0,39.9,162.3,17:21:00,30.0,BASELINE_HISTORICAL_CALIBRATION,84.0,43.0
OBS_001274,17:21:30,38190.0,12017,ROUTE_NDLS_DDN_01,SYNTHETIC_SIMULATOR,OK,29.90992,78.046644,246.558,23.75,6.6,23.75,0.0,36.3,80,25.0,508.7,SEC_RK_HW,,RK,HW,16.442,67.442,CRUISING,,,,,372.09,,,GREEN,HIGH,False,,False,,JRN_0001,1.0,0.0,1.0,0.4541,1.0,SEVERE,Predicted HIGH Congestion (Speed cap 25.0 km/h),25.0,39.5,161.9,17:21:30,30.0,BASELINE_HISTORICAL_CALIBRATION,83.5,42.5
OBS_001275,17:22:00,38220.0,12017,ROUTE_NDLS_DDN_01,SYNTHETIC_SIMULATOR,OK,29.910351,78.047873,246.756,23.75,6.6,23.75,0.0,36.3,80,25.0,505.67,SEC_RK_HW,,RK,HW,16.244,67.244,CRUISING,,,,,372.38,,,GREEN,HIGH,False,,False,,JRN_0001,1.0,0.0,1.0,0.4541,1.0,SEVERE,Predicted HIGH Congestion (Speed cap 25.0 km/h),25.0,39.0,161.4,17:22:00,30.0,BASELINE_HISTORICAL_CALIBRATION,83.0,42.0
OBS_001276,17:22:30,38250.0,12017,ROUTE_NDLS_DDN_01,SYNTHETIC_SIMULATOR,OK,29.910781,78.049101,246.954,23.75,6.6,23.75,0.0,36.3,80,25.0,502.62,SEC_RK_HW,,RK,HW,16.046,67.046,CRUISING,,,,,372.67,,,GREEN,HIGH,False,,False,,JRN_0001,1.0,0.0,1.0,0.4541,1.0,SEVERE,Predicted HIGH Congestion (Speed cap 25.0 km/h),25.0,38.5,160.9,17:22:30,30.0,BASELINE_HISTORICAL_CALIBRATION,82.5,41.5
OBS_001277,17:23:00,38280.0,12017,ROUTE_NDLS_DDN_01,SYNTHETIC_SIMULATOR,OK,29.911212,78.05033,247.152,23.75,6.6,23.75,0.0,36.3,80,25.0,499.54,SEC_RK_HW,,RK,HW,15.848,66.848,CRUISING,,,,,372.96,,,GREEN,HIGH,False,,False,,JRN_0001,1.0,0.0,1.0,0.4541,1.0,SEVERE,Predicted HIGH Congestion (Speed cap 25.0 km/h),25.0,38.0,160.4,17:23:00,30.0,BASELINE_HISTORICAL_CALIBRATION,82.0,41.0
OBS_001278,17:23:30,38310.0,12017,ROUTE_NDLS_DDN_01,SYNTHETIC_SIMULATOR,OK,29.911643,78.051558,247.35,23.75,6.6,23.75,0.0,36.3,80,25.0,496.45,SEC_RK_HW,,RK,HW,15.65,66.65,CRUISING,,,,,373.24,,,GREEN,HIGH,False,,False,,JRN_0001,1.0,0.0,1.0,0.4541,1.0,SEVERE,Predicted HIGH Congestion (Speed cap 25.0 km/h),25.0,37.6,160.0,17:23:30,30.0,BASELINE_HISTORICAL_CALIBRATION,81.5,40.5
OBS_001279,17:24:00,38340.0,12017,ROUTE_NDLS_DDN_01,SYNTHETIC_SIMULATOR,OK,29.912073,78.052787,247.548,23.75,6.6,23.75,0.0,36.3,80,25.0,493.34,SEC_RK_HW,,RK,HW,15.452,66.452,CRUISING,,,,,373.53,,,GREEN,HIGH,False,,False,,JRN_0001,1.0,0.0,1.0,0.4541,1.0,SEVERE,Predicted HIGH Congestion (Speed cap 25.0 km/h),25.0,37.1,159.5,17:24:00,30.0,BASELINE_HISTORICAL_CALIBRATION,81.0,40.0
OBS_001280,17:24:30,38370.0,12017,ROUTE_NDLS_DDN_01,SYNTHETIC_SIMULATOR,OK,29.912504,78.054015,247.746,23.75,6.6,23.75,0.0,36.3,80,25.0,490.22,SEC_RK_HW,,RK,HW,15.254,66.254,CRUISING,,,,,373.82,,,GREEN,HIGH,False,,False,,JRN_0001,1.0,0.0,1.0,0.4541,1.0,SEVERE,Predicted HIGH Congestion (Speed cap 25.0 km/h),25.0,36.6,159.0,17:24:30,30.0,BASELINE_HISTORICAL_CALIBRATION,80.5,39.5
OBS_001281,17:25:00,38400.0,12017,ROUTE_NDLS_DDN_01,SYNTHETIC_SIMULATOR,OK,29.912935,78.055244,247.944,23.75,6.6,23.75,0.0,36.3,80,25.0,487.07,SEC_RK_HW,,RK,HW,15.056,66.056,CRUISING,,,,,374.11,,,GREEN,HIGH,False,,False,,JRN_0001,1.0,0.0,1.0,0.4541,1.0,SEVERE,Predicted HIGH Congestion (Speed cap 25.0 km/h),25.0,36.1,158.5,17:25:00,30.0,BASELINE_HISTORICAL_CALIBRATION,80.0,39.0
OBS_001282,17:25:30,38430.0,12017,ROUTE_NDLS_DDN_01,SYNTHETIC_SIMULATOR,OK,29.913365,78.056472,248.142,23.75,6.6,23.75,0.0,36.3,80,25.0,483.9,SEC_RK_HW,,RK,HW,14.858,65.858,CRUISING,,,,,374.39,,,GREEN,HIGH,False,,False,,JRN_0001,1.0,0.0,1.0,0.4541,1.0,SEVERE,Predicted HIGH Congestion (Speed cap 25.0 km/h),25.0,35.7,158.1,17:25:30,30.0,BASELINE_HISTORICAL_CALIBRATION,79.5,38.5
OBS_001283,17:26:00,38460.0,12017,ROUTE_NDLS_DDN_01,SYNTHETIC_SIMULATOR,OK,29.913796,78.057701,248.34,23.75,6.6,23.75,0.0,36.3,80,25.0,480.7,SEC_RK_HW,,RK,HW,14.66,65.66,CRUISING,,,,,374.68,,,GREEN,HIGH,False,,False,,JRN_0001,1.0,0.0,1.0,0.4541,1.0,SEVERE,Predicted HIGH Congestion (Speed cap 25.0 km/h),25.0,35.2,157.6,17:26:00,30.0,BASELINE_HISTORICAL_CALIBRATION,79.0,38.0
OBS_001284,17:26:30,38490.0,12017,ROUTE_NDLS_DDN_01,SYNTHETIC_SIMULATOR,OK,29.914227,78.058929,248.537,23.75,6.6,23.75,0.0,36.3,80,25.0,477.49,SEC_RK_HW,,RK,HW,14.463,65.463,CRUISING,,,,,374.97,,,GREEN,HIGH,False,,False,,JRN_0001,1.0,0.0,1.0,0.4541,1.0,SEVERE,Predicted HIGH Congestion (Speed cap 25.0 km/h),25.0,34.7,157.1,17:26:30,30.0,BASELINE_HISTORICAL_CALIBRATION,78.5,37.5
OBS_001285,17:27:00,38520.0,12017,ROUTE_NDLS_DDN_01,SYNTHETIC_SIMULATOR,OK,29.914658,78.060158,248.735,23.75,6.6,23.75,0.0,36.3,80,25.0,474.26,SEC_RK_HW,,RK,HW,14.265,65.265,CRUISING,,,,,375.26,,,GREEN,HIGH,False,,False,,JRN_0001,1.0,0.0,1.0,0.4541,1.0,SEVERE,Predicted HIGH Congestion (Speed cap 25.0 km/h),25.0,34.2,156.6,17:27:00,30.0,BASELINE_HISTORICAL_CALIBRATION,78.0,37.0
OBS_001286,17:27:30,38550.0,12017,ROUTE_NDLS_DDN_01,SYNTHETIC_SIMULATOR,OK,29.915088,78.061386,248.933,23.75,6.6,23.75,0.0,36.3,80,25.0,471.0,SEC_RK_HW,,RK,HW,14.067,65.067,CRUISING,,,,,375.55,,,GREEN,HIGH,False,,False,,JRN_0001,1.0,0.0,1.0,0.4541,1.0,SEVERE,Predicted HIGH Congestion (Speed cap 25.0 km/h),25.0,33.8,156.2,17:27:30,30.0,BASELINE_HISTORICAL_CALIBRATION,77.5,36.5
OBS_001287,17:28:00,38580.0,12017,ROUTE_NDLS_DDN_01,SYNTHETIC_SIMULATOR,OK,29.915519,78.062615,249.131,23.75,6.6,23.75,0.0,36.3,80,25.0,467.72,SEC_RK_HW,,RK,HW,13.869,64.869,CRUISING,,,,,375.83,,,GREEN,HIGH,False,,False,,JRN_0001,1.0,0.0,1.0,0.4541,1.0,SEVERE,Predicted HIGH Congestion (Speed cap 25.0 km/h),25.0,33.3,155.7,17:28:00,30.0,BASELINE_HISTORICAL_CALIBRATION,77.0,36.0
OBS_001288,17:28:30,38610.0,12017,ROUTE_NDLS_DDN_01,SYNTHETIC_SIMULATOR,OK,29.91595,78.063843,249.329,23.75,6.6,23.75,0.0,36.3,80,25.0,464.42,SEC_RK_HW,,RK,HW,13.671,64.671,CRUISING,,,,,376.12,,,GREEN,HIGH,False,,False,,JRN_0001,1.0,0.0,1.0,0.4541,1.0,SEVERE,Predicted HIGH Congestion (Speed cap 25.0 km/h),25.0,32.8,155.2,17:28:30,30.0,BASELINE_HISTORICAL_CALIBRATION,76.5,35.5
OBS_001289,17:29:00,38640.0,12017,ROUTE_NDLS_DDN_01,SYNTHETIC_SIMULATOR,OK,29.91638,78.065072,249.527,23.75,6.6,23.75,0.0,36.3,80,25.0,461.1,SEC_RK_HW,,RK,HW,13.473,64.473,CRUISING,,,,,376.41,,,GREEN,HIGH,False,,False,,JRN_0001,1.0,0.0,1.0,0.4541,1.0,SEVERE,Predicted HIGH Congestion (Speed cap 25.0 km/h),25.0,32.3,154.7,17:29:00,30.0,BASELINE_HISTORICAL_CALIBRATION,76.0,35.0
OBS_001290,17:29:30,38670.0,12017,ROUTE_NDLS_DDN_01,SYNTHETIC_SIMULATOR,OK,29.916811,78.0663,249.725,23.75,6.6,23.75,0.0,36.3,80,25.0,457.75,SEC_RK_HW,,RK,HW,13.275,64.275,CRUISING,,,,,376.7,,,GREEN,HIGH,False,,False,,JRN_0001,1.0,0.0,1.0,0.4541,1.0,SEVERE,Predicted HIGH Congestion (Speed cap 25.0 km/h),25.0,31.9,154.3,17:29:30,30.0,BASELINE_HISTORICAL_CALIBRATION,75.5,34.5
OBS_001291,17:30:00,38700.0,12017,ROUTE_NDLS_DDN_01,SYNTHETIC_SIMULATOR,OK,29.917242,78.067529,249.923,23.75,6.6,23.75,0.0,36.3,80,25.0,454.37,SEC_RK_HW,,RK,HW,13.077,64.077,CRUISING,,,,,376.98,,,GREEN,HIGH,False,,False,,JRN_0001,1.0,0.0,1.0,0.4541,1.0,SEVERE,Predicted HIGH Congestion (Speed cap 25.0 km/h),25.0,31.4,153.8,17:30:00,30.0,BASELINE_HISTORICAL_CALIBRATION,75.0,34.0
OBS_001292,17:30:30,38730.0,12017,ROUTE_NDLS_DDN_01,SYNTHETIC_SIMULATOR,OK,29.917672,78.068757,250.121,23.75,6.6,23.75,0.0,36.3,80,25.0,450.97,SEC_RK_HW,,RK,HW,12.879,63.879,CRUISING,,,,,377.27,,,GREEN,HIGH,False,,False,,JRN_0001,1.0,0.0,1.0,0.4541,1.0,SEVERE,Predicted HIGH Congestion (Speed cap 25.0 km/h),25.0,30.9,153.3,17:30:30,30.0,BASELINE_HISTORICAL_CALIBRATION,74.5,33.5
OBS_001293,17:31:00,38760.0,12017,ROUTE_NDLS_DDN_01,SYNTHETIC_SIMULATOR,OK,29.918103,78.069986,250.319,23.75,6.6,23.75,0.0,36.3,80,25.0,447.55,SEC_RK_HW,,RK,HW,12.681,63.681,CRUISING,,,,,377.56,,,GREEN,HIGH,False,,False,,JRN_0001,1.0,0.0,1.0,0.4541,1.0,SEVERE,Predicted HIGH Congestion (Speed cap 25.0 km/h),25.0,30.4,152.8,17:31:00,30.0,BASELINE_HISTORICAL_CALIBRATION,74.0,33.0
OBS_001294,17:31:30,38790.0,12017,ROUTE_NDLS_DDN_01,SYNTHETIC_SIMULATOR,OK,29.918534,78.071214,250.517,23.75,6.6,23.75,0.0,36.3,80,25.0,444.09,SEC_RK_HW,,RK,HW,12.483,63.483,CRUISING,,,,,377.85,,,GREEN,HIGH,False,,False,,JRN_0001,1.0,0.0,1.0,0.4541,1.0,SEVERE,Predicted HIGH Congestion (Speed cap 25.0 km/h),25.0,30.0,152.4,17:31:30,30.0,BASELINE_HISTORICAL_CALIBRATION,73.5,32.5
OBS_001295,17:32:00,38820.0,12017,ROUTE_NDLS_DDN_01,SYNTHETIC_SIMULATOR,OK,29.918965,78.072443,250.715,23.75,6.6,23.75,0.0,36.3,80,25.0,440.61,SEC_RK_HW,,RK,HW,12.285,63.285,CRUISING,,,,,378.13,,,GREEN,HIGH,False,,False,,JRN_0001,1.0,0.0,1.0,0.4541,1.0,SEVERE,Predicted HIGH Congestion (Speed cap 25.0 km/h),25.0,29.5,151.9,17:32:00,30.0,BASELINE_HISTORICAL_CALIBRATION,73.0,32.0
OBS_001296,17:32:30,38850.0,12017,ROUTE_NDLS_DDN_01,SYNTHETIC_SIMULATOR,OK,29.919395,78.073671,250.912,23.75,6.6,23.75,0.0,36.3,80,25.0,437.11,SEC_RK_HW,,RK,HW,12.088,63.088,CRUISING,,,,,378.42,,,GREEN,HIGH,False,,False,,JRN_0001,1.0,0.0,1.0,0.4541,1.0,SEVERE,Predicted HIGH Congestion (Speed cap 25.0 km/h),25.0,29.0,151.4,17:32:30,30.0,BASELINE_HISTORICAL_CALIBRATION,72.5,31.5
OBS_001297,17:33:00,38880.0,12017,ROUTE_NDLS_DDN_01,SYNTHETIC_SIMULATOR,OK,29.919826,78.0749,251.11,23.75,6.6,23.75,0.0,36.3,80,25.0,433.57,SEC_RK_HW,,RK,HW,11.89,62.89,CRUISING,,,,,378.71,,,GREEN,HIGH,False,,False,,JRN_0001,1.0,0.0,1.0,0.4541,1.0,SEVERE,Predicted HIGH Congestion (Speed cap 25.0 km/h),25.0,28.5,150.9,17:33:00,30.0,BASELINE_HISTORICAL_CALIBRATION,72.0,31.0
OBS_001298,17:33:30,38910.0,12017,ROUTE_NDLS_DDN_01,SYNTHETIC_SIMULATOR,OK,29.920257,78.076128,251.308,23.75,6.6,23.75,0.0,36.3,80,25.0,430.01,SEC_RK_HW,,RK,HW,11.692,62.692,CRUISING,,,,,379.0,,,GREEN,HIGH,False,,False,,JRN_0001,1.0,0.0,1.0,0.4541,1.0,SEVERE,Predicted HIGH Congestion (Speed cap 25.0 km/h),25.0,28.1,150.5,17:33:30,30.0,BASELINE_HISTORICAL_CALIBRATION,71.5,30.5
OBS_001299,17:34:00,38940.0,12017,ROUTE_NDLS_DDN_01,SYNTHETIC_SIMULATOR,OK,29.920687,78.077357,251.506,23.75,6.6,23.75,0.0,36.3,80,25.0,426.41,SEC_RK_HW,,RK,HW,11.494,62.494,CRUISING,,,,,379.28,,,GREEN,HIGH,False,,False,,JRN_0001,1.0,0.0,1.0,0.4541,1.0,SEVERE,Predicted HIGH Congestion (Speed cap 25.0 km/h),25.0,27.6,150.0,17:34:00,30.0,BASELINE_HISTORICAL_CALIBRATION,71.0,30.0
OBS_001300,17:34:30,38970.0,12017,ROUTE_NDLS_DDN_01,SYNTHETIC_SIMULATOR,OK,29.921118,78.078585,251.704,23.75,6.6,23.75,0.0,36.3,80,25.0,422.79,SEC_RK_HW,,RK,HW,11.296,62.296,CRUISING,,,,,379.57,,,GREEN,HIGH,False,,False,,JRN_0001,1.0,0.0,1.0,0.4541,1.0,SEVERE,Predicted HIGH Congestion (Speed cap 25.0 km/h),25.0,27.1,149.5,17:34:30,30.0,BASELINE_HISTORICAL_CALIBRATION,70.5,29.5
OBS_001301,17:35:00,39000.0,12017,ROUTE_NDLS_DDN_01,SYNTHETIC_SIMULATOR,OK,29.921549,78.079814,251.902,23.75,6.6,23.75,0.0,36.3,80,25.0,419.13,SEC_RK_HW,,RK,HW,11.098,62.098,CRUISING,,,,,379.86,,,GREEN,HIGH,False,,False,,JRN_0001,1.0,0.0,1.0,0.4541,1.0,SEVERE,Predicted HIGH Congestion (Speed cap 25.0 km/h),25.0,26.6,149.0,17:35:00,30.0,BASELINE_HISTORICAL_CALIBRATION,70.0,29.0
OBS_001302,17:35:30,39030.0,12017,ROUTE_NDLS_DDN_01,SYNTHETIC_SIMULATOR,OK,29.92198,78.081042,252.1,23.75,6.6,23.75,0.0,36.3,80,25.0,415.45,SEC_RK_HW,,RK,HW,10.9,61.9,CRUISING,,,,,380.15,,,GREEN,HIGH,False,,False,,JRN_0001,1.0,0.0,1.0,0.4541,1.0,SEVERE,Predicted HIGH Congestion (Speed cap 25.0 km/h),25.0,26.2,148.6,17:35:30,30.0,BASELINE_HISTORICAL_CALIBRATION,69.5,28.5
OBS_001303,17:36:00,39060.0,12017,ROUTE_NDLS_DDN_01,SYNTHETIC_SIMULATOR,OK,29.92241,78.082271,252.298,23.75,6.6,23.75,0.0,36.3,80,25.0,411.72,SEC_RK_HW,,RK,HW,10.702,61.702,CRUISING,,,,,380.43,,,GREEN,HIGH,False,,False,,JRN_0001,1.0,0.0,1.0,0.4541,1.0,SEVERE,Predicted HIGH Congestion (Speed cap 25.0 km/h),25.0,25.7,148.1,17:36:00,30.0,BASELINE_HISTORICAL_CALIBRATION,69.0,28.0
OBS_001304,17:36:30,39090.0,12017,ROUTE_NDLS_DDN_01,SYNTHETIC_SIMULATOR,OK,29.922841,78.083499,252.496,23.75,6.6,23.75,0.0,36.3,80,25.0,407.97,SEC_RK_HW,,RK,HW,10.504,61.504,CRUISING,,,,,380.72,,,GREEN,HIGH,False,,False,,JRN_0001,1.0,0.0,1.0,0.4541,1.0,SEVERE,Predicted HIGH Congestion (Speed cap 25.0 km/h),25.0,25.2,147.6,17:36:30,30.0,BASELINE_HISTORICAL_CALIBRATION,68.5,27.5
OBS_001305,17:37:00,39120.0,12017,ROUTE_NDLS_DDN_01,SYNTHETIC_SIMULATOR,OK,29.923272,78.084728,252.694,23.75,6.6,23.75,0.0,36.3,80,25.0,404.18,SEC_RK_HW,,RK,HW,10.306,61.306,CRUISING,,,,,381.01,,,GREEN,HIGH,False,,False,,JRN_0001,1.0,0.0,1.0,0.4541,1.0,SEVERE,Predicted HIGH Congestion (Speed cap 25.0 km/h),25.0,24.7,147.1,17:37:00,30.0,BASELINE_HISTORICAL_CALIBRATION,68.0,27.0
OBS_001306,17:37:30,39150.0,12017,ROUTE_NDLS_DDN_01,SYNTHETIC_SIMULATOR,OK,29.923702,78.085956,252.892,23.75,6.6,23.75,0.0,36.3,80,25.0,400.35,SEC_RK_HW,,RK,HW,10.108,61.108,CRUISING,,,,,381.3,,,GREEN,HIGH,False,,False,,JRN_0001,1.0,0.0,1.0,0.4541,1.0,SEVERE,Predicted HIGH Congestion (Speed cap 25.0 km/h),25.0,24.3,146.7,17:37:30,30.0,BASELINE_HISTORICAL_CALIBRATION,67.5,26.5
OBS_001307,17:38:00,39180.0,12017,ROUTE_NDLS_DDN_01,SYNTHETIC_SIMULATOR,OK,29.924133,78.087185,253.09,23.75,6.6,23.75,0.0,36.3,80,25.0,396.49,SEC_RK_HW,,RK,HW,9.91,60.91,CRUISING,,,,,381.58,,,GREEN,HIGH,False,,False,,JRN_0001,1.0,0.0,1.0,0.4541,1.0,SEVERE,Predicted HIGH Congestion (Speed cap 25.0 km/h),25.0,23.8,146.2,17:38:00,30.0,BASELINE_HISTORICAL_CALIBRATION,67.0,26.0
OBS_001308,17:38:30,39210.0,12017,ROUTE_NDLS_DDN_01,SYNTHETIC_SIMULATOR,OK,29.924564,78.088413,253.287,23.75,6.6,23.75,0.0,36.3,80,25.0,392.59,SEC_RK_HW,,RK,HW,9.713,60.713,CRUISING,,,,,381.87,,,GREEN,HIGH,False,,False,,JRN_0001,1.0,0.0,1.0,0.4541,1.0,SEVERE,Predicted HIGH Congestion (Speed cap 25.0 km/h),25.0,23.3,145.7,17:38:30,30.0,BASELINE_HISTORICAL_CALIBRATION,66.5,25.5
OBS_001309,17:39:00,39240.0,12017,ROUTE_NDLS_DDN_01,SYNTHETIC_SIMULATOR,OK,29.924994,78.089642,253.485,23.75,6.6,23.75,0.0,36.3,80,25.0,388.65,SEC_RK_HW,,RK,HW,9.515,60.515,CRUISING,,,,,382.16,,,GREEN,HIGH,False,,False,,JRN_0001,1.0,0.0,1.0,0.4541,1.0,SEVERE,Predicted HIGH Congestion (Speed cap 25.0 km/h),25.0,22.8,145.2,17:39:00,30.0,BASELINE_HISTORICAL_CALIBRATION,66.0,25.0
OBS_001310,17:39:30,39270.0,12017,ROUTE_NDLS_DDN_01,SYNTHETIC_SIMULATOR,OK,29.925425,78.09087,253.683,23.75,6.6,23.75,0.0,36.3,80,25.0,384.67,SEC_RK_HW,,RK,HW,9.317,60.317,CRUISING,,,,,382.45,,,GREEN,HIGH,False,,False,,JRN_0001,1.0,0.0,1.0,0.4541,1.0,SEVERE,Predicted HIGH Congestion (Speed cap 25.0 km/h),25.0,22.4,144.8,17:39:30,30.0,BASELINE_HISTORICAL_CALIBRATION,65.5,24.5
OBS_001311,17:40:00,39300.0,12017,ROUTE_NDLS_DDN_01,SYNTHETIC_SIMULATOR,OK,29.925856,78.092099,253.881,23.75,6.6,23.75,0.0,36.3,80,25.0,380.65,SEC_RK_HW,,RK,HW,9.119,60.119,CRUISING,,,,,382.73,,,GREEN,HIGH,False,,False,,JRN_0001,1.0,0.0,1.0,0.4541,1.0,SEVERE,Predicted HIGH Congestion (Speed cap 25.0 km/h),25.0,21.9,144.3,17:40:00,30.0,BASELINE_HISTORICAL_CALIBRATION,65.0,24.0
OBS_001312,17:40:30,39330.0,12017,ROUTE_NDLS_DDN_01,SYNTHETIC_SIMULATOR,OK,29.926287,78.093327,254.079,23.75,6.6,23.75,0.0,36.3,80,25.0,376.58,SEC_RK_HW,,RK,HW,8.921,59.921,CRUISING,,,,,383.02,,,GREEN,HIGH,False,,False,,JRN_0001,1.0,0.0,1.0,0.4541,1.0,SEVERE,Predicted HIGH Congestion (Speed cap 25.0 km/h),25.0,21.4,143.8,17:40:30,30.0,BASELINE_HISTORICAL_CALIBRATION,64.5,23.5
OBS_001313,17:41:00,39360.0,12017,ROUTE_NDLS_DDN_01,SYNTHETIC_SIMULATOR,OK,29.926717,78.094556,254.277,23.75,6.6,23.75,0.0,36.3,80,25.0,372.47,SEC_RK_HW,,RK,HW,8.723,59.723,CRUISING,,,,,383.31,,,GREEN,HIGH,False,,False,,JRN_0001,1.0,0.0,1.0,0.4541,1.0,SEVERE,Predicted HIGH Congestion (Speed cap 25.0 km/h),25.0,20.9,143.3,17:41:00,30.0,BASELINE_HISTORICAL_CALIBRATION,64.0,23.0
OBS_001314,17:41:30,39390.0,12017,ROUTE_NDLS_DDN_01,SYNTHETIC_SIMULATOR,OK,29.927148,78.095784,254.475,23.75,6.6,23.75,0.0,36.3,80,25.0,368.32,SEC_RK_HW,,RK,HW,8.525,59.525,CRUISING,,,,,383.6,,,GREEN,HIGH,False,,False,,JRN_0001,1.0,0.0,1.0,0.4541,1.0,SEVERE,Predicted HIGH Congestion (Speed cap 25.0 km/h),25.0,20.5,142.9,17:41:30,30.0,BASELINE_HISTORICAL_CALIBRATION,63.5,22.5
OBS_001315,17:42:00,39420.0,12017,ROUTE_NDLS_DDN_01,SYNTHETIC_SIMULATOR,OK,29.927579,78.097013,254.673,23.75,6.6,23.75,0.0,36.3,80,25.0,364.12,SEC_RK_HW,,RK,HW,8.327,59.327,CRUISING,,,,,383.89,,,GREEN,HIGH,False,,False,,JRN_0001,1.0,0.0,1.0,0.4541,1.0,SEVERE,Predicted HIGH Congestion (Speed cap 25.0 km/h),25.0,20.0,142.4,17:42:00,30.0,BASELINE_HISTORICAL_CALIBRATION,63.0,22.0
OBS_001316,17:42:30,39450.0,12017,ROUTE_NDLS_DDN_01,SYNTHETIC_SIMULATOR,OK,29.928009,78.098241,254.871,23.75,6.6,23.75,0.0,36.3,80,25.0,359.86,SEC_RK_HW,,RK,HW,8.129,59.129,CRUISING,,,,,384.17,,,GREEN,HIGH,False,,False,,JRN_0001,1.0,0.0,1.0,0.4541,1.0,SEVERE,Predicted HIGH Congestion (Speed cap 25.0 km/h),25.0,19.5,141.9,17:42:30,30.0,BASELINE_HISTORICAL_CALIBRATION,62.5,21.5
OBS_001317,17:43:00,39480.0,12017,ROUTE_NDLS_DDN_01,SYNTHETIC_SIMULATOR,OK,29.92844,78.09947,255.069,23.75,6.6,23.75,0.0,36.3,80,25.0,355.56,SEC_RK_HW,,RK,HW,7.931,58.931,CRUISING,,,,,384.46,,,GREEN,HIGH,False,,False,,JRN_0001,1.0,0.0,1.0,0.4541,1.0,SEVERE,Predicted HIGH Congestion (Speed cap 25.0 km/h),25.0,19.0,141.4,17:43:00,30.0,BASELINE_HISTORICAL_CALIBRATION,62.0,21.0
OBS_001318,17:43:30,39510.0,12017,ROUTE_NDLS_DDN_01,SYNTHETIC_SIMULATOR,OK,29.928871,78.100698,255.267,23.75,6.6,23.75,0.0,36.3,80,25.0,351.21,SEC_RK_HW,,RK,HW,7.733,58.733,CRUISING,,,,,384.75,,,GREEN,HIGH,False,,False,,JRN_0001,1.0,0.0,1.0,0.4541,1.0,SEVERE,Predicted HIGH Congestion (Speed cap 25.0 km/h),25.0,18.6,141.0,17:43:30,30.0,BASELINE_HISTORICAL_CALIBRATION,61.5,20.5
OBS_001319,17:44:00,39540.0,12017,ROUTE_NDLS_DDN_01,SYNTHETIC_SIMULATOR,OK,29.929301,78.101927,255.465,23.75,6.6,23.75,0.0,36.3,80,25.0,346.8,SEC_RK_HW,,RK,HW,7.535,58.535,CRUISING,,,,,385.04,,,GREEN,HIGH,False,,False,,JRN_0001,1.0,0.0,1.0,0.4541,1.0,SEVERE,Predicted HIGH Congestion (Speed cap 25.0 km/h),25.0,18.1,140.5,17:44:00,30.0,BASELINE_HISTORICAL_CALIBRATION,61.0,20.0
OBS_001320,17:44:30,39570.0,12017,ROUTE_NDLS_DDN_01,SYNTHETIC_SIMULATOR,OK,29.929732,78.103155,255.662,23.75,6.6,23.75,0.0,36.3,80,25.0,342.33,SEC_RK_HW,,RK,HW,7.338,58.338,CRUISING,,,,,385.32,,,GREEN,HIGH,False,,False,,JRN_0001,1.0,0.0,1.0,0.4541,1.0,SEVERE,Predicted HIGH Congestion (Speed cap 25.0 km/h),25.0,17.6,140.0,17:44:30,30.0,BASELINE_HISTORICAL_CALIBRATION,60.5,19.5
OBS_001321,17:45:00,39600.0,12017,ROUTE_NDLS_DDN_01,SYNTHETIC_SIMULATOR,OK,29.930163,78.104384,255.86,23.75,6.6,23.75,0.0,36.3,80,25.0,337.81,SEC_RK_HW,,RK,HW,7.14,58.14,CRUISING,,,,,385.61,,,GREEN,HIGH,False,,False,,JRN_0001,1.0,0.0,1.0,0.4541,1.0,SEVERE,Predicted HIGH Congestion (Speed cap 25.0 km/h),25.0,17.1,139.5,17:45:00,30.0,BASELINE_HISTORICAL_CALIBRATION,60.0,19.0
OBS_001322,17:45:30,39630.0,12017,ROUTE_NDLS_DDN_01,SYNTHETIC_SIMULATOR,OK,29.930594,78.105612,256.058,23.75,6.6,23.75,0.0,36.3,80,25.0,333.22,SEC_RK_HW,,RK,HW,6.942,57.942,CRUISING,,,,,385.9,,,GREEN,HIGH,False,,False,,JRN_0001,1.0,0.0,1.0,0.4541,1.0,SEVERE,Predicted HIGH Congestion (Speed cap 25.0 km/h),25.0,16.7,139.1,17:45:30,30.0,BASELINE_HISTORICAL_CALIBRATION,59.5,18.5
OBS_001323,17:46:00,39660.0,12017,ROUTE_NDLS_DDN_01,SYNTHETIC_SIMULATOR,OK,29.931024,78.106841,256.256,23.75,6.6,23.75,0.0,36.3,80,25.0,328.57,SEC_RK_HW,,RK,HW,6.744,57.744,CRUISING,,,,,386.19,,,GREEN,HIGH,False,,False,,JRN_0001,1.0,0.0,1.0,0.4541,1.0,SEVERE,Predicted HIGH Congestion (Speed cap 25.0 km/h),25.0,16.2,138.6,17:46:00,30.0,BASELINE_HISTORICAL_CALIBRATION,59.0,18.0
OBS_001324,17:46:30,39690.0,12017,ROUTE_NDLS_DDN_01,SYNTHETIC_SIMULATOR,OK,29.931455,78.108069,256.454,23.75,6.6,23.75,0.0,36.3,80,25.0,323.85,SEC_RK_HW,,RK,HW,6.546,57.546,CRUISING,,,,,386.47,,,GREEN,HIGH,False,,False,,JRN_0001,1.0,0.0,1.0,0.4541,1.0,SEVERE,Predicted HIGH Congestion (Speed cap 25.0 km/h),25.0,15.7,138.1,17:46:30,30.0,BASELINE_HISTORICAL_CALIBRATION,58.5,17.5
OBS_001325,17:47:00,39720.0,12017,ROUTE_NDLS_DDN_01,SYNTHETIC_SIMULATOR,OK,29.931886,78.109298,256.652,23.75,6.6,23.75,0.0,36.3,80,25.0,319.06,SEC_RK_HW,,RK,HW,6.348,57.348,CRUISING,,,,,386.76,,,GREEN,HIGH,False,,False,,JRN_0001,1.0,0.0,1.0,0.4541,1.0,SEVERE,Predicted HIGH Congestion (Speed cap 25.0 km/h),25.0,15.2,137.6,17:47:00,30.0,BASELINE_HISTORICAL_CALIBRATION,58.0,17.0
OBS_001326,17:47:30,39750.0,12017,ROUTE_NDLS_DDN_01,SYNTHETIC_SIMULATOR,OK,29.932316,78.110526,256.85,23.75,6.6,23.75,0.0,36.3,80,25.0,314.2,SEC_RK_HW,,RK,HW,6.15,57.15,CRUISING,,,,,387.05,,,GREEN,HIGH,False,,False,,JRN_0001,1.0,0.0,1.0,0.4541,1.0,SEVERE,Predicted HIGH Congestion (Speed cap 25.0 km/h),25.0,14.8,137.2,17:47:30,30.0,BASELINE_HISTORICAL_CALIBRATION,57.5,16.5
OBS_001327,17:48:00,39780.0,12017,ROUTE_NDLS_DDN_01,SYNTHETIC_SIMULATOR,OK,29.932747,78.111755,257.048,23.75,6.6,23.75,0.0,36.3,80,25.0,309.26,SEC_RK_HW,,RK,HW,5.952,56.952,CRUISING,,,,,387.34,,,GREEN,HIGH,False,,False,,JRN_0001,1.0,0.0,1.0,0.4541,1.0,SEVERE,Predicted HIGH Congestion (Speed cap 25.0 km/h),25.0,14.3,136.7,17:48:00,30.0,BASELINE_HISTORICAL_CALIBRATION,57.0,16.0
OBS_001328,17:48:30,39810.0,12017,ROUTE_NDLS_DDN_01,SYNTHETIC_SIMULATOR,OK,29.933178,78.112983,257.246,23.75,6.6,23.75,0.0,36.3,80,25.0,304.25,SEC_RK_HW,,RK,HW,5.754,56.754,CRUISING,,,,,387.62,,,GREEN,HIGH,False,,False,,JRN_0001,1.0,0.0,1.0,0.4541,1.0,SEVERE,Predicted HIGH Congestion (Speed cap 25.0 km/h),25.0,13.8,136.2,17:48:30,30.0,BASELINE_HISTORICAL_CALIBRATION,56.5,15.5
OBS_001329,17:49:00,39840.0,12017,ROUTE_NDLS_DDN_01,SYNTHETIC_SIMULATOR,OK,29.933609,78.114212,257.444,23.75,6.6,23.75,0.0,36.3,80,25.0,299.15,SEC_RK_HW,,RK,HW,5.556,56.556,CRUISING,,,,,387.91,,,GREEN,HIGH,False,,False,,JRN_0001,1.0,0.0,1.0,0.4541,1.0,SEVERE,Predicted HIGH Congestion (Speed cap 25.0 km/h),25.0,13.3,135.7,17:49:00,30.0,BASELINE_HISTORICAL_CALIBRATION,56.0,15.0
OBS_001330,17:49:30,39870.0,12017,ROUTE_NDLS_DDN_01,SYNTHETIC_SIMULATOR,OK,29.934039,78.11544,257.642,23.75,6.6,23.75,0.0,36.3,80,25.0,293.96,SEC_RK_HW,,RK,HW,5.358,56.358,CRUISING,,,,,388.2,,,GREEN,HIGH,False,,False,,JRN_0001,1.0,0.0,1.0,0.4541,1.0,SEVERE,Predicted HIGH Congestion (Speed cap 25.0 km/h),25.0,12.9,135.3,17:49:30,30.0,BASELINE_HISTORICAL_CALIBRATION,55.5,14.5
OBS_001331,17:50:00,39900.0,12017,ROUTE_NDLS_DDN_01,SYNTHETIC_SIMULATOR,OK,29.93447,78.116669,257.84,23.75,6.6,23.75,0.0,36.3,80,25.0,288.67,SEC_RK_HW,,RK,HW,5.16,56.16,CRUISING,,,,,388.49,,,GREEN,HIGH,False,,False,,JRN_0001,1.0,0.0,1.0,0.4541,1.0,SEVERE,Predicted HIGH Congestion (Speed cap 25.0 km/h),25.0,12.4,134.8,17:50:00,30.0,BASELINE_HISTORICAL_CALIBRATION,55.0,14.0
OBS_001332,17:50:30,39930.0,12017,ROUTE_NDLS_DDN_01,SYNTHETIC_SIMULATOR,OK,29.934901,78.117897,258.037,23.75,6.6,23.75,0.0,36.3,80,25.0,283.29,SEC_RK_HW,,RK,HW,4.963,55.963,CRUISING,,,,,388.77,,,GREEN,HIGH,False,,False,,JRN_0001,1.0,0.0,1.0,0.4541,1.0,SEVERE,Predicted HIGH Congestion (Speed cap 25.0 km/h),25.0,11.9,134.3,17:50:30,30.0,BASELINE_HISTORICAL_CALIBRATION,54.5,13.5
OBS_001333,17:51:00,39960.0,12017,ROUTE_NDLS_DDN_01,SYNTHETIC_SIMULATOR,OK,29.935331,78.119126,258.235,23.75,6.6,23.75,0.0,36.3,80,25.0,277.81,SEC_RK_HW,,RK,HW,4.765,55.765,CRUISING,,,,,389.06,,,GREEN,HIGH,False,,False,,JRN_0001,1.0,0.0,1.0,0.4541,1.0,SEVERE,Predicted HIGH Congestion (Speed cap 25.0 km/h),25.0,11.4,133.8,17:51:00,30.0,BASELINE_HISTORICAL_CALIBRATION,54.0,13.0
OBS_001334,17:51:30,39990.0,12017,ROUTE_NDLS_DDN_01,SYNTHETIC_SIMULATOR,OK,29.935762,78.120354,258.433,23.75,6.6,23.75,0.0,36.3,80,25.0,272.21,SEC_RK_HW,,RK,HW,4.567,55.567,CRUISING,,,,,389.35,,,GREEN,HIGH,False,,False,,JRN_0001,1.0,0.0,1.0,0.4541,1.0,SEVERE,Predicted HIGH Congestion (Speed cap 25.0 km/h),25.0,11.0,133.4,17:51:30,30.0,BASELINE_HISTORICAL_CALIBRATION,53.5,12.5
OBS_001335,17:52:00,40020.0,12017,ROUTE_NDLS_DDN_01,SYNTHETIC_SIMULATOR,OK,29.936193,78.121583,258.631,23.75,6.6,23.75,0.0,36.3,80,25.0,266.5,SEC_RK_HW,,RK,HW,4.369,55.369,CRUISING,,,,,389.64,,,GREEN,HIGH,False,,False,,JRN_0001,1.0,0.0,1.0,0.4541,1.0,SEVERE,Predicted HIGH Congestion (Speed cap 25.0 km/h),25.0,10.5,132.9,17:52:00,30.0,BASELINE_HISTORICAL_CALIBRATION,53.0,12.0
OBS_001336,17:52:30,40050.0,12017,ROUTE_NDLS_DDN_01,SYNTHETIC_SIMULATOR,OK,29.936623,78.122811,258.829,23.75,6.6,23.75,0.0,36.3,80,25.0,260.66,SEC_RK_HW,,RK,HW,4.171,55.171,CRUISING,,,,,389.92,,,GREEN,HIGH,False,,False,,JRN_0001,1.0,0.0,1.0,0.4541,1.0,SEVERE,Predicted HIGH Congestion (Speed cap 25.0 km/h),25.0,10.0,132.4,17:52:30,30.0,BASELINE_HISTORICAL_CALIBRATION,52.5,11.5
OBS_001337,17:53:00,40080.0,12017,ROUTE_NDLS_DDN_01,SYNTHETIC_SIMULATOR,OK,29.937054,78.12404,259.027,23.75,6.6,23.75,0.0,36.3,80,25.0,254.69,SEC_RK_HW,,RK,HW,3.973,54.973,CRUISING,,,,,390.21,,,GREEN,HIGH,False,,False,,JRN_0001,1.0,0.0,1.0,0.4541,1.0,SEVERE,Predicted HIGH Congestion (Speed cap 25.0 km/h),25.0,9.5,131.9,17:53:00,30.0,BASELINE_HISTORICAL_CALIBRATION,52.0,11.0
OBS_001338,17:53:30,40110.0,12017,ROUTE_NDLS_DDN_01,SYNTHETIC_SIMULATOR,OK,29.937485,78.125268,259.225,23.75,6.6,23.75,0.0,36.3,80,25.0,248.57,SEC_RK_HW,,RK,HW,3.775,54.775,CRUISING,,,,,390.5,,,GREEN,HIGH,False,,False,,JRN_0001,1.0,0.0,1.0,0.4541,1.0,SEVERE,Predicted HIGH Congestion (Speed cap 25.0 km/h),25.0,9.1,131.5,17:53:30,30.0,BASELINE_HISTORICAL_CALIBRATION,51.5,10.5
OBS_001339,17:54:00,40140.0,12017,ROUTE_NDLS_DDN_01,SYNTHETIC_SIMULATOR,OK,29.937916,78.126497,259.423,23.75,6.6,23.75,0.0,36.3,80,25.0,242.3,SEC_RK_HW,,RK,HW,3.577,54.577,CRUISING,,,,,390.79,,,GREEN,HIGH,False,,False,,JRN_0001,1.0,0.0,1.0,0.4541,1.0,SEVERE,Predicted HIGH Congestion (Speed cap 25.0 km/h),25.0,8.6,131.0,17:54:00,30.0,BASELINE_HISTORICAL_CALIBRATION,51.0,10.0
OBS_001340,17:54:30,40170.0,12017,ROUTE_NDLS_DDN_01,SYNTHETIC_SIMULATOR,OK,29.938346,78.127725,259.621,23.75,6.6,23.75,0.0,36.3,80,25.0,235.86,SEC_RK_HW,,RK,HW,3.379,54.379,CRUISING,,,,,391.07,,,GREEN,HIGH,False,,False,,JRN_0001,1.0,0.0,1.0,0.4541,1.0,SEVERE,Predicted HIGH Congestion (Speed cap 25.0 km/h),25.0,8.1,130.5,17:54:30,30.0,BASELINE_HISTORICAL_CALIBRATION,50.5,9.5
OBS_001341,17:55:00,40200.0,12017,ROUTE_NDLS_DDN_01,SYNTHETIC_SIMULATOR,OK,29.938777,78.128954,259.819,23.75,6.6,23.75,0.0,36.3,80,25.0,229.24,SEC_RK_HW,,RK,HW,3.181,54.181,CRUISING,,,,,391.36,,,GREEN,HIGH,False,,False,,JRN_0001,1.0,0.0,1.0,0.4541,1.0,SEVERE,Predicted HIGH Congestion (Speed cap 25.0 km/h),25.0,7.6,130.0,17:55:00,30.0,BASELINE_HISTORICAL_CALIBRATION,50.0,9.0
OBS_001342,17:55:30,40230.0,12017,ROUTE_NDLS_DDN_01,SYNTHETIC_SIMULATOR,OK,29.939208,78.130182,260.017,23.75,6.6,23.75,0.0,36.3,80,25.0,222.43,SEC_RK_HW,,RK,HW,2.983,53.983,CRUISING,,,,,391.65,,,GREEN,HIGH,False,,False,,JRN_0001,1.0,0.0,1.0,0.4541,1.0,SEVERE,Predicted HIGH Congestion (Speed cap 25.0 km/h),25.0,7.2,129.6,17:55:30,30.0,BASELINE_HISTORICAL_CALIBRATION,49.5,8.5
OBS_001343,17:56:00,40260.0,12017,ROUTE_NDLS_DDN_01,SYNTHETIC_SIMULATOR,OK,29.939638,78.131411,260.215,23.75,6.6,23.75,0.0,36.3,80,25.0,215.4,SEC_RK_HW,,RK,HW,2.785,53.785,CRUISING,,,,,391.94,,,GREEN,HIGH,False,,False,,JRN_0001,1.0,0.0,1.0,0.4541,1.0,SEVERE,Predicted HIGH Congestion (Speed cap 25.0 km/h),25.0,6.7,129.1,17:56:00,30.0,BASELINE_HISTORICAL_CALIBRATION,49.0,8.0
OBS_001344,17:56:30,40290.0,12017,ROUTE_NDLS_DDN_01,SYNTHETIC_SIMULATOR,OK,29.940069,78.132639,260.412,23.75,6.6,23.75,0.0,36.3,80,25.0,208.13,SEC_RK_HW,,RK,HW,2.588,53.588,CRUISING,,,,,392.23,,,GREEN,HIGH,False,,False,,JRN_0001,1.0,0.0,1.0,0.4541,1.0,SEVERE,Predicted HIGH Congestion (Speed cap 25.0 km/h),25.0,6.2,128.6,17:56:30,30.0,BASELINE_HISTORICAL_CALIBRATION,48.5,7.5
OBS_001345,17:57:00,40320.0,12017,ROUTE_NDLS_DDN_01,SYNTHETIC_SIMULATOR,OK,29.9405,78.133868,260.61,23.75,6.6,23.75,0.0,36.3,80,25.0,200.6,SEC_RK_HW,,RK,HW,2.39,53.39,CRUISING,,,,,392.51,,,GREEN,HIGH,False,,False,,JRN_0001,1.0,0.0,1.0,0.4541,1.0,SEVERE,Predicted HIGH Congestion (Speed cap 25.0 km/h),25.0,5.7,128.1,17:57:00,30.0,BASELINE_HISTORICAL_CALIBRATION,48.0,7.0
OBS_001346,17:57:30,40350.0,12017,ROUTE_NDLS_DDN_01,SYNTHETIC_SIMULATOR,OK,29.940931,78.135096,260.808,23.75,6.6,23.75,0.0,36.3,80,25.0,192.78,SEC_RK_HW,,RK,HW,2.192,53.192,CRUISING,,,,,392.8,,,GREEN,HIGH,False,,False,,JRN_0001,1.0,0.0,1.0,0.4541,1.0,SEVERE,Predicted HIGH Congestion (Speed cap 25.0 km/h),25.0,5.3,127.7,17:57:30,30.0,BASELINE_HISTORICAL_CALIBRATION,47.5,6.5
OBS_001347,17:58:00,40380.0,12017,ROUTE_NDLS_DDN_01,SYNTHETIC_SIMULATOR,OK,29.941361,78.136325,261.006,23.75,6.6,23.75,0.0,36.3,80,25.0,184.62,SEC_RK_HW,,RK,HW,1.994,52.994,CRUISING,,,,,393.09,,,GREEN,HIGH,False,,False,,JRN_0001,1.0,0.0,1.0,0.4541,1.0,SEVERE,Predicted HIGH Congestion (Speed cap 25.0 km/h),25.0,4.8,127.2,17:58:00,30.0,BASELINE_HISTORICAL_CALIBRATION,47.0,6.0
OBS_001348,17:58:30,40410.0,12017,ROUTE_NDLS_DDN_01,SYNTHETIC_SIMULATOR,OK,29.941792,78.137553,261.204,23.75,6.6,23.75,0.0,36.3,80,25.0,176.09,SEC_RK_HW,,RK,HW,1.796,52.796,CRUISING,,,,,393.38,,,GREEN,HIGH,False,,False,,JRN_0001,1.0,0.0,1.0,0.4541,1.0,SEVERE,Predicted HIGH Congestion (Speed cap 25.0 km/h),25.0,4.3,126.7,17:58:30,30.0,BASELINE_HISTORICAL_CALIBRATION,46.5,5.5
OBS_001349,17:59:00,40440.0,12017,ROUTE_NDLS_DDN_01,SYNTHETIC_SIMULATOR,OK,29.942223,78.138782,261.402,23.75,6.6,23.75,0.0,36.3,80,25.0,167.12,SEC_RK_HW,,RK,HW,1.598,52.598,CRUISING,,,,,393.66,,,GREEN,HIGH,False,,False,,JRN_0001,1.0,0.0,1.0,0.4541,1.0,SEVERE,Predicted HIGH Congestion (Speed cap 25.0 km/h),25.0,3.8,126.2,17:59:00,30.0,BASELINE_HISTORICAL_CALIBRATION,46.0,5.0
OBS_001350,17:59:30,40470.0,12017,ROUTE_NDLS_DDN_01,SYNTHETIC_SIMULATOR,OK,29.942653,78.14001,261.6,23.75,6.6,23.75,0.0,36.3,80,25.0,157.64,SEC_RK_HW,,RK,HW,1.4,52.4,CRUISING,,,,,393.95,,,GREEN,HIGH,False,,False,,JRN_0001,1.0,0.0,1.0,0.4541,1.0,SEVERE,Predicted HIGH Congestion (Speed cap 25.0 km/h),25.0,3.4,125.8,17:59:30,30.0,BASELINE_HISTORICAL_CALIBRATION,45.5,4.5
OBS_001351,18:00:00,40500.0,12017,ROUTE_NDLS_DDN_01,SYNTHETIC_SIMULATOR,OK,29.943084,78.141238,261.798,23.75,6.6,23.75,0.0,36.3,80,25.0,147.56,SEC_RK_HW,,RK,HW,1.202,52.202,CRUISING,,,,,394.24,,,GREEN,HIGH,False,,False,,JRN_0001,1.0,0.0,1.0,0.4541,1.0,SEVERE,Predicted HIGH Congestion (Speed cap 25.0 km/h),25.0,2.9,125.3,18:00:00,30.0,BASELINE_HISTORICAL_CALIBRATION,45.0,4.0
OBS_001352,18:00:30,40530.0,12017,ROUTE_NDLS_DDN_01,SYNTHETIC_SIMULATOR,OK,29.943515,78.142467,261.996,23.75,6.6,23.75,0.0,36.3,80,25.0,136.73,SEC_RK_HW,,RK,HW,1.004,52.004,CRUISING,,,,,394.53,,,GREEN,HIGH,False,,False,,JRN_0001,1.0,0.0,1.0,0.4541,1.0,SEVERE,Predicted HIGH Congestion (Speed cap 25.0 km/h),25.0,2.4,124.8,18:00:30,30.0,BASELINE_HISTORICAL_CALIBRATION,44.5,3.5
OBS_001353,18:01:00,40560.0,12017,ROUTE_NDLS_DDN_01,SYNTHETIC_SIMULATOR,OK,29.943945,78.143695,262.194,23.75,6.6,23.75,0.0,36.3,80,25.0,124.97,SEC_RK_HW,,RK,HW,0.806,51.806,CRUISING,,,,,394.81,,,GREEN,HIGH,False,,False,,JRN_0001,1.0,0.0,1.0,0.4541,1.0,SEVERE,Predicted HIGH Congestion (Speed cap 25.0 km/h),25.0,1.9,124.3,18:01:00,30.0,BASELINE_HISTORICAL_CALIBRATION,44.0,3.0
OBS_001354,18:01:30,40590.0,12017,ROUTE_NDLS_DDN_01,SYNTHETIC_SIMULATOR,OK,29.944376,78.144924,262.392,23.75,6.6,23.75,0.0,36.3,80,25.0,111.98,SEC_RK_HW,,RK,HW,0.608,51.608,CRUISING,,,,,395.1,,,GREEN,HIGH,False,,False,,JRN_0001,1.0,0.0,1.0,0.4541,1.0,SEVERE,Predicted HIGH Congestion (Speed cap 25.0 km/h),25.0,1.5,123.9,18:01:30,30.0,BASELINE_HISTORICAL_CALIBRATION,43.5,2.5
OBS_001355,18:02:00,40620.0,12017,ROUTE_NDLS_DDN_01,SYNTHETIC_SIMULATOR,OK,29.944807,78.146152,262.59,23.75,6.6,23.75,0.0,36.3,80,25.0,97.27,SEC_RK_HW,,RK,HW,0.41,51.41,CRUISING,,,,,395.39,,,GREEN,HIGH,False,,False,,JRN_0001,1.0,0.0,1.0,0.4541,1.0,SEVERE,Predicted HIGH Congestion (Speed cap 25.0 km/h),25.0,1.0,123.4,18:02:00,30.0,BASELINE_HISTORICAL_CALIBRATION,43.0,2.0
OBS_001356,18:02:30,40650.0,12017,ROUTE_NDLS_DDN_01,SYNTHETIC_SIMULATOR,OK,29.945238,78.147381,262.787,23.75,6.6,23.75,0.0,36.3,80,25.0,79.89,SEC_RK_HW,,RK,HW,0.213,51.213,CRUISING,,,,,395.68,,,GREEN,HIGH,False,,False,,JRN_0001,1.0,0.0,1.0,0.4541,1.0,SEVERE,Predicted HIGH Congestion (Speed cap 25.0 km/h),25.0,0.5,122.9,18:02:30,30.0,BASELINE_HISTORICAL_CALIBRATION,42.5,1.5
OBS_001357,18:03:00,40680.0,12017,ROUTE_NDLS_DDN_01,SYNTHETIC_SIMULATOR,OK,29.945668,78.148609,262.985,23.75,6.6,23.75,0.0,36.3,80,25.0,57.49,SEC_RK_HW,,RK,HW,0.015,51.015,CRUISING,,,,,395.96,,,GREEN,HIGH,False,,False,,JRN_0001,1.0,0.0,1.0,0.4541,1.0,SEVERE,Predicted HIGH Congestion (Speed cap 25.0 km/h),25.0,0.0,122.4,18:03:00,30.0,BASELINE_HISTORICAL_CALIBRATION,42.0,1.0
OBS_001358,18:03:30,40710.0,12017,ROUTE_NDLS_DDN_01,SYNTHETIC_SIMULATOR,OK,29.945668,78.148609,262.985,0.0,0.0,15.06,-0.6,0.0,80,25.0,15.06,SEC_RK_HW,,RK,HW,0.015,51.015,STOPPED,,,,,396.25,,,GREEN,HIGH,False,,False,,JRN_0001,1.0,0.0,1.0,0.4541,1.0,SEVERE,Predicted HIGH Congestion (Speed cap 25.0 km/h),25.0,0.0,122.4,18:03:30,30.0,BASELINE_HISTORICAL_CALIBRATION,41.5,0.5
OBS_001359,18:04:00,40740.0,12017,ROUTE_NDLS_DDN_01,SYNTHETIC_SIMULATOR,OK,29.9457,78.1487,263.0,0.0,0.0,15.06,0.0,0.0,80,25.0,15.06,SEC_RK_HW,HW,HW,DDN,51.0,51.0,DWELLING,ARRIVED,18:04:00,,,396.75,,,GREEN,HIGH,False,,False,,JRN_0001,1.0,0.0,1.0,0.4541,1.0,SEVERE,Predicted HIGH Congestion (Speed cap 25.0 km/h),25.0,122.4,122.4,18:04:00,30.0,BASELINE_HISTORICAL_CALIBRATION,41.0,0.0
OBS_001360,18:04:30,40770.0,12017,ROUTE_NDLS_DDN_01,SYNTHETIC_SIMULATOR,OK,29.9457,78.1487,263.0,0.0,0.0,0.0,0.0,0.0,60,25.0,0.0,SEC_HW_DDN,HW,HW,DDN,51.0,51.0,DWELLING,,,,,397.24,,,GREEN,HIGH,False,,False,,JRN_0001,1.0,0.0,1.0,0.4541,1.0,SEVERE,Predicted HIGH Congestion (Speed cap 25.0 km/h),25.0,122.4,122.4,18:04:30,30.0,BASELINE_HISTORICAL_CALIBRATION,40.5,0.0
OBS_001361,18:05:00,40800.0,12017,ROUTE_NDLS_DDN_01,SYNTHETIC_SIMULATOR,OK,29.9457,78.1487,263.0,0.0,0.0,0.0,0.0,0.0,60,25.0,0.0,SEC_HW_DDN,HW,HW,DDN,51.0,51.0,DWELLING,,,,,397.74,,,GREEN,HIGH,False,,False,,JRN_0001,1.0,0.0,1.0,0.4541,1.0,SEVERE,Predicted HIGH Congestion (Speed cap 25.0 km/h),25.0,122.4,122.4,18:05:00,30.0,BASELINE_HISTORICAL_CALIBRATION,40.0,0.0
OBS_001362,18:05:30,40830.0,12017,ROUTE_NDLS_DDN_01,SYNTHETIC_SIMULATOR,OK,29.9457,78.1487,263.0,0.0,0.0,0.0,0.0,0.0,60,25.0,0.0,SEC_HW_DDN,HW,HW,DDN,51.0,51.0,DWELLING,,,,,398.24,,,GREEN,HIGH,False,,False,,JRN_0001,1.0,0.0,1.0,0.4541,1.0,SEVERE,Predicted HIGH Congestion (Speed cap 25.0 km/h),25.0,122.4,122.4,18:05:30,30.0,BASELINE_HISTORICAL_CALIBRATION,39.5,0.0
OBS_001363,18:06:00,40860.0,12017,ROUTE_NDLS_DDN_01,SYNTHETIC_SIMULATOR,OK,29.9457,78.1487,263.0,0.0,0.0,0.0,0.0,0.0,60,25.0,0.0,SEC_HW_DDN,HW,HW,DDN,51.0,51.0,DWELLING,,,,,398.74,,,GREEN,HIGH,False,,False,,JRN_0001,1.0,0.0,1.0,0.4541,1.0,SEVERE,Predicted HIGH Congestion (Speed cap 25.0 km/h),25.0,122.4,122.4,18:06:00,30.0,BASELINE_HISTORICAL_CALIBRATION,39.0,0.0
OBS_001364,18:06:30,40890.0,12017,ROUTE_NDLS_DDN_01,SYNTHETIC_SIMULATOR,OK,29.9457,78.1487,263.0,0.0,0.0,0.0,0.0,0.0,60,25.0,0.0,SEC_HW_DDN,HW,HW,DDN,51.0,51.0,DWELLING,,,,,399.24,,,GREEN,HIGH,False,,False,,JRN_0001,1.0,0.0,1.0,0.4541,1.0,SEVERE,Predicted HIGH Congestion (Speed cap 25.0 km/h),25.0,122.4,122.4,18:06:30,30.0,BASELINE_HISTORICAL_CALIBRATION,38.5,0.0
OBS_001365,18:07:00,40920.0,12017,ROUTE_NDLS_DDN_01,SYNTHETIC_SIMULATOR,OK,29.9457,78.1487,263.0,0.0,0.0,0.0,0.0,0.0,60,25.0,0.0,SEC_HW_DDN,HW,HW,DDN,51.0,51.0,DWELLING,,,,,399.74,,,GREEN,HIGH,False,,False,,JRN_0001,1.0,0.0,1.0,0.4541,1.0,SEVERE,Predicted HIGH Congestion (Speed cap 25.0 km/h),25.0,122.4,122.4,18:07:00,30.0,BASELINE_HISTORICAL_CALIBRATION,38.0,0.0
OBS_001366,18:07:30,40950.0,12017,ROUTE_NDLS_DDN_01,SYNTHETIC_SIMULATOR,OK,29.9457,78.1487,263.0,0.0,0.0,0.0,0.0,0.0,60,25.0,0.0,SEC_HW_DDN,HW,HW,DDN,51.0,51.0,DWELLING,,,,,400.24,,,GREEN,HIGH,False,,False,,JRN_0001,1.0,0.0,1.0,0.4541,1.0,SEVERE,Predicted HIGH Congestion (Speed cap 25.0 km/h),25.0,122.4,122.4,18:07:30,30.0,BASELINE_HISTORICAL_CALIBRATION,37.5,0.0
OBS_001367,18:08:00,40980.0,12017,ROUTE_NDLS_DDN_01,SYNTHETIC_SIMULATOR,OK,29.9457,78.1487,263.0,0.0,0.0,0.0,0.0,0.0,60,25.0,0.0,SEC_HW_DDN,HW,HW,DDN,51.0,51.0,DWELLING,,,,,400.74,,,GREEN,HIGH,False,,False,,JRN_0001,1.0,0.0,1.0,0.4541,1.0,SEVERE,Predicted HIGH Congestion (Speed cap 25.0 km/h),25.0,122.4,122.4,18:08:00,30.0,BASELINE_HISTORICAL_CALIBRATION,37.0,0.0
OBS_001368,18:08:30,41010.0,12017,ROUTE_NDLS_DDN_01,SYNTHETIC_SIMULATOR,OK,29.9457,78.1487,263.0,0.0,0.0,0.0,0.0,0.0,60,25.0,0.0,SEC_HW_DDN,HW,HW,DDN,51.0,51.0,DWELLING,,,,,401.24,,,GREEN,HIGH,False,,False,,JRN_0001,1.0,0.0,1.0,0.4541,1.0,SEVERE,Predicted HIGH Congestion (Speed cap 25.0 km/h),25.0,122.4,122.4,18:08:30,30.0,BASELINE_HISTORICAL_CALIBRATION,36.5,0.0
OBS_001369,18:09:00,41040.0,12017,ROUTE_NDLS_DDN_01,SYNTHETIC_SIMULATOR,OK,29.9457,78.1487,263.0,0.0,0.0,0.0,0.0,0.0,60,25.0,0.0,SEC_HW_DDN,HW,HW,DDN,51.0,51.0,DWELLING,,,,,401.74,,,GREEN,HIGH,False,,False,,JRN_0001,1.0,0.0,1.0,0.4541,1.0,SEVERE,Predicted HIGH Congestion (Speed cap 25.0 km/h),25.0,122.4,122.4,18:09:00,30.0,BASELINE_HISTORICAL_CALIBRATION,36.0,0.0
OBS_001370,18:09:30,41070.0,12017,ROUTE_NDLS_DDN_01,SYNTHETIC_SIMULATOR,OK,29.9457,78.1487,263.0,0.0,0.0,0.0,0.0,0.0,60,25.0,0.0,SEC_HW_DDN,HW,HW,DDN,51.0,51.0,DWELLING,,,,,402.24,,,GREEN,HIGH,False,,False,,JRN_0001,1.0,0.0,1.0,0.4541,1.0,SEVERE,Predicted HIGH Congestion (Speed cap 25.0 km/h),25.0,122.4,122.4,18:09:30,30.0,BASELINE_HISTORICAL_CALIBRATION,35.5,0.0
OBS_001371,18:10:00,41100.0,12017,ROUTE_NDLS_DDN_01,SYNTHETIC_SIMULATOR,OK,29.9457,78.1487,263.0,0.0,0.0,0.0,0.0,0.0,60,25.0,0.0,SEC_HW_DDN,HW,HW,DDN,51.0,51.0,DWELLING,,,,,402.74,,,GREEN,HIGH,False,,False,,JRN_0001,1.0,0.0,1.0,0.4541,1.0,SEVERE,Predicted HIGH Congestion (Speed cap 25.0 km/h),25.0,122.4,122.4,18:10:00,30.0,BASELINE_HISTORICAL_CALIBRATION,35.0,0.0
OBS_001372,18:10:30,41130.0,12017,ROUTE_NDLS_DDN_01,SYNTHETIC_SIMULATOR,OK,29.9457,78.1487,263.0,0.0,0.0,0.0,0.0,0.0,60,25.0,0.0,SEC_HW_DDN,HW,HW,DDN,51.0,51.0,DWELLING,,,,,403.24,,,GREEN,HIGH,False,,False,,JRN_0001,1.0,0.0,1.0,0.4541,1.0,SEVERE,Predicted HIGH Congestion (Speed cap 25.0 km/h),25.0,122.4,122.4,18:10:30,30.0,BASELINE_HISTORICAL_CALIBRATION,34.5,0.0
OBS_001373,18:11:00,41160.0,12017,ROUTE_NDLS_DDN_01,SYNTHETIC_SIMULATOR,OK,29.9457,78.1487,263.0,0.0,0.0,0.0,0.0,0.0,60,25.0,0.0,SEC_HW_DDN,HW,HW,DDN,51.0,51.0,DWELLING,,,,,403.74,,,GREEN,HIGH,False,,False,,JRN_0001,1.0,0.0,1.0,0.4541,1.0,SEVERE,Predicted HIGH Congestion (Speed cap 25.0 km/h),25.0,122.4,122.4,18:11:00,30.0,BASELINE_HISTORICAL_CALIBRATION,34.0,0.0
OBS_001374,18:11:30,41190.0,12017,ROUTE_NDLS_DDN_01,SYNTHETIC_SIMULATOR,OK,29.9457,78.1487,263.0,0.0,0.0,0.0,0.0,0.0,60,25.0,0.0,SEC_HW_DDN,HW,HW,DDN,51.0,51.0,DWELLING,,,,,404.24,,,GREEN,HIGH,False,,False,,JRN_0001,1.0,0.0,1.0,0.4541,1.0,SEVERE,Predicted HIGH Congestion (Speed cap 25.0 km/h),25.0,122.4,122.4,18:11:30,30.0,BASELINE_HISTORICAL_CALIBRATION,33.5,0.0
OBS_001375,18:12:00,41220.0,12017,ROUTE_NDLS_DDN_01,SYNTHETIC_SIMULATOR,OK,29.9457,78.1487,263.423,23.75,6.6,23.75,0.5,36.3,60,25.0,890.59,SEC_HW_DDN,HW,HW,DDN,50.577,50.577,ACCELERATING,DEPARTED,,18:12:00,8,404.74,,,GREEN,HIGH,False,,False,,JRN_0001,1.0,0.0,1.0,0.4541,1.0,SEVERE,Predicted HIGH Congestion (Speed cap 25.0 km/h),25.0,121.4,121.4,18:12:00,30.0,BASELINE_HISTORICAL_CALIBRATION,33.0,0.0
OBS_001376,18:12:30,41250.0,12017,ROUTE_NDLS_DDN_01,SYNTHETIC_SIMULATOR,OK,29.950204,78.147282,263.621,23.75,6.6,23.75,0.0,36.3,60,25.0,886.89,SEC_HW_DDN,,HW,DDN,50.379,50.379,CRUISING,,,,,404.78,,,GREEN,HIGH,False,,False,,JRN_0001,1.0,0.0,1.0,0.4541,1.0,SEVERE,Predicted HIGH Congestion (Speed cap 25.0 km/h),25.0,120.9,120.9,18:12:30,30.0,BASELINE_HISTORICAL_CALIBRATION,32.5,0.0
OBS_001377,18:13:00,41280.0,12017,ROUTE_NDLS_DDN_01,SYNTHETIC_SIMULATOR,OK,29.95164,78.14683,263.819,23.75,6.6,23.75,0.0,36.3,60,25.0,885.15,SEC_HW_DDN,,HW,DDN,50.181,50.181,CRUISING,,,,,405.07,,,GREEN,HIGH,False,,False,,JRN_0001,1.0,0.0,1.0,0.4541,1.0,SEVERE,Predicted HIGH Congestion (Speed cap 25.0 km/h),25.0,120.4,120.4,18:13:00,30.0,BASELINE_HISTORICAL_CALIBRATION,32.0,0.0
OBS_001378,18:13:30,41310.0,12017,ROUTE_NDLS_DDN_01,SYNTHETIC_SIMULATOR,OK,29.953076,78.146378,264.017,23.75,6.6,23.75,0.0,36.3,60,25.0,883.41,SEC_HW_DDN,,HW,DDN,49.983,49.983,CRUISING,,,,,405.36,,,GREEN,HIGH,False,,False,,JRN_0001,1.0,0.0,1.0,0.4541,1.0,SEVERE,Predicted HIGH Congestion (Speed cap 25.0 km/h),25.0,120.0,120.0,18:13:30,30.0,BASELINE_HISTORICAL_CALIBRATION,31.5,0.0
OBS_001379,18:14:00,41340.0,12017,ROUTE_NDLS_DDN_01,SYNTHETIC_SIMULATOR,OK,29.954512,78.145926,264.215,23.75,6.6,23.75,0.0,36.3,60,25.0,881.67,SEC_HW_DDN,,HW,DDN,49.785,49.785,CRUISING,,,,,405.64,,,GREEN,HIGH,False,,False,,JRN_0001,1.0,0.0,1.0,0.4541,1.0,SEVERE,Predicted HIGH Congestion (Speed cap 25.0 km/h),25.0,119.5,119.5,18:14:00,30.0,BASELINE_HISTORICAL_CALIBRATION,31.0,0.0
OBS_001380,18:14:30,41370.0,12017,ROUTE_NDLS_DDN_01,SYNTHETIC_SIMULATOR,OK,29.955948,78.145473,264.413,23.75,6.6,23.75,0.0,36.3,60,25.0,879.92,SEC_HW_DDN,,HW,DDN,49.587,49.587,CRUISING,,,,,405.93,,,GREEN,HIGH,False,,False,,JRN_0001,1.0,0.0,1.0,0.4541,1.0,SEVERE,Predicted HIGH Congestion (Speed cap 25.0 km/h),25.0,119.0,119.0,18:14:30,30.0,BASELINE_HISTORICAL_CALIBRATION,30.5,0.0
OBS_001381,18:15:00,41400.0,12017,ROUTE_NDLS_DDN_01,SYNTHETIC_SIMULATOR,OK,29.957383,78.145021,264.61,23.75,6.6,23.75,0.0,36.3,60,25.0,878.17,SEC_HW_DDN,,HW,DDN,49.39,49.39,CRUISING,,,,,406.22,,,GREEN,HIGH,False,,False,,JRN_0001,1.0,0.0,1.0,0.4541,1.0,SEVERE,Predicted HIGH Congestion (Speed cap 25.0 km/h),25.0,118.5,118.5,18:15:00,30.0,BASELINE_HISTORICAL_CALIBRATION,30.0,0.0
OBS_001382,18:15:30,41430.0,12017,ROUTE_NDLS_DDN_01,SYNTHETIC_SIMULATOR,OK,29.958819,78.144569,264.808,23.75,6.6,23.75,0.0,36.3,60,25.0,876.42,SEC_HW_DDN,,HW,DDN,49.192,49.192,CRUISING,,,,,406.51,,,GREEN,HIGH,False,,False,,JRN_0001,1.0,0.0,1.0,0.4541,1.0,SEVERE,Predicted HIGH Congestion (Speed cap 25.0 km/h),25.0,118.1,118.1,18:15:30,30.0,BASELINE_HISTORICAL_CALIBRATION,29.5,0.0
OBS_001383,18:16:00,41460.0,12017,ROUTE_NDLS_DDN_01,SYNTHETIC_SIMULATOR,OK,29.960255,78.144117,265.006,23.75,6.6,23.75,0.0,36.3,60,25.0,874.66,SEC_HW_DDN,,HW,DDN,48.994,48.994,CRUISING,,,,,406.79,,,GREEN,HIGH,False,,False,,JRN_0001,1.0,0.0,1.0,0.4541,1.0,SEVERE,Predicted HIGH Congestion (Speed cap 25.0 km/h),25.0,117.6,117.6,18:16:00,30.0,BASELINE_HISTORICAL_CALIBRATION,29.0,0.0
OBS_001384,18:16:30,41490.0,12017,ROUTE_NDLS_DDN_01,SYNTHETIC_SIMULATOR,OK,29.961691,78.143665,265.204,23.75,6.6,23.75,0.0,36.3,60,25.0,872.9,SEC_HW_DDN,,HW,DDN,48.796,48.796,CRUISING,,,,,407.08,,,GREEN,HIGH,False,,False,,JRN_0001,1.0,0.0,1.0,0.4541,1.0,SEVERE,Predicted HIGH Congestion (Speed cap 25.0 km/h),25.0,117.1,117.1,18:16:30,30.0,BASELINE_HISTORICAL_CALIBRATION,28.5,0.0
OBS_001385,18:17:00,41520.0,12017,ROUTE_NDLS_DDN_01,SYNTHETIC_SIMULATOR,OK,29.963127,78.143213,265.402,23.75,6.6,23.75,0.0,36.3,60,25.0,871.13,SEC_HW_DDN,,HW,DDN,48.598,48.598,CRUISING,,,,,407.37,,,GREEN,HIGH,False,,False,,JRN_0001,1.0,0.0,1.0,0.4541,1.0,SEVERE,Predicted HIGH Congestion (Speed cap 25.0 km/h),25.0,116.6,116.6,18:17:00,30.0,BASELINE_HISTORICAL_CALIBRATION,28.0,0.0
OBS_001386,18:17:30,41550.0,12017,ROUTE_NDLS_DDN_01,SYNTHETIC_SIMULATOR,OK,29.964563,78.142761,265.6,23.75,6.6,23.75,0.0,36.3,60,25.0,869.36,SEC_HW_DDN,,HW,DDN,48.4,48.4,CRUISING,,,,,407.66,,,GREEN,HIGH,False,,False,,JRN_0001,1.0,0.0,1.0,0.4541,1.0,SEVERE,Predicted HIGH Congestion (Speed cap 25.0 km/h),25.0,116.2,116.2,18:17:30,30.0,BASELINE_HISTORICAL_CALIBRATION,27.5,0.0
OBS_001387,18:18:00,41580.0,12017,ROUTE_NDLS_DDN_01,SYNTHETIC_SIMULATOR,OK,29.965999,78.142309,265.798,23.75,6.6,23.75,0.0,36.3,60,25.0,867.59,SEC_HW_DDN,,HW,DDN,48.202,48.202,CRUISING,,,,,407.95,,,GREEN,HIGH,False,,False,,JRN_0001,1.0,0.0,1.0,0.4541,1.0,SEVERE,Predicted HIGH Congestion (Speed cap 25.0 km/h),25.0,115.7,115.7,18:18:00,30.0,BASELINE_HISTORICAL_CALIBRATION,27.0,0.0
OBS_001388,18:18:30,41610.0,12017,ROUTE_NDLS_DDN_01,SYNTHETIC_SIMULATOR,OK,29.967434,78.141857,265.996,23.75,6.6,23.75,0.0,36.3,60,25.0,865.82,SEC_HW_DDN,,HW,DDN,48.004,48.004,CRUISING,,,,,408.23,,,GREEN,HIGH,False,,False,,JRN_0001,1.0,0.0,1.0,0.4541,1.0,SEVERE,Predicted HIGH Congestion (Speed cap 25.0 km/h),25.0,115.2,115.2,18:18:30,30.0,BASELINE_HISTORICAL_CALIBRATION,26.5,0.0
OBS_001389,18:19:00,41640.0,12017,ROUTE_NDLS_DDN_01,SYNTHETIC_SIMULATOR,OK,29.96887,78.141404,266.194,23.75,6.6,23.75,0.0,36.3,60,25.0,864.04,SEC_HW_DDN,,HW,DDN,47.806,47.806,CRUISING,,,,,408.52,,,GREEN,HIGH,False,,False,,JRN_0001,1.0,0.0,1.0,0.4541,1.0,SEVERE,Predicted HIGH Congestion (Speed cap 25.0 km/h),25.0,114.7,114.7,18:19:00,30.0,BASELINE_HISTORICAL_CALIBRATION,26.0,0.0
OBS_001390,18:19:30,41670.0,12017,ROUTE_NDLS_DDN_01,SYNTHETIC_SIMULATOR,OK,29.970306,78.140952,266.392,23.75,6.6,23.75,0.0,36.3,60,25.0,862.25,SEC_HW_DDN,,HW,DDN,47.608,47.608,CRUISING,,,,,408.81,,,GREEN,HIGH,False,,False,,JRN_0001,1.0,0.0,1.0,0.4541,1.0,SEVERE,Predicted HIGH Congestion (Speed cap 25.0 km/h),25.0,114.3,114.3,18:19:30,30.0,BASELINE_HISTORICAL_CALIBRATION,25.5,0.0
OBS_001391,18:20:00,41700.0,12017,ROUTE_NDLS_DDN_01,SYNTHETIC_SIMULATOR,OK,29.971742,78.1405,266.59,23.75,6.6,23.75,0.0,36.3,60,25.0,860.47,SEC_HW_DDN,,HW,DDN,47.41,47.41,CRUISING,,,,,409.1,,,GREEN,HIGH,False,,False,,JRN_0001,1.0,0.0,1.0,0.4541,1.0,SEVERE,Predicted HIGH Congestion (Speed cap 25.0 km/h),25.0,113.8,113.8,18:20:00,30.0,BASELINE_HISTORICAL_CALIBRATION,25.0,0.0
OBS_001392,18:20:30,41730.0,12017,ROUTE_NDLS_DDN_01,SYNTHETIC_SIMULATOR,OK,29.973178,78.140048,266.788,23.75,6.6,23.75,0.0,36.3,60,25.0,858.68,SEC_HW_DDN,,HW,DDN,47.212,47.212,CRUISING,,,,,409.38,,,GREEN,HIGH,False,,False,,JRN_0001,1.0,0.0,1.0,0.4541,1.0,SEVERE,Predicted HIGH Congestion (Speed cap 25.0 km/h),25.0,113.3,113.3,18:20:30,30.0,BASELINE_HISTORICAL_CALIBRATION,24.5,0.0
OBS_001393,18:21:00,41760.0,12017,ROUTE_NDLS_DDN_01,SYNTHETIC_SIMULATOR,OK,29.974614,78.139596,266.985,23.75,6.6,23.75,0.0,36.3,60,25.0,856.88,SEC_HW_DDN,,HW,DDN,47.015,47.015,CRUISING,,,,,409.67,,,GREEN,HIGH,False,,False,,JRN_0001,1.0,0.0,1.0,0.4541,1.0,SEVERE,Predicted HIGH Congestion (Speed cap 25.0 km/h),25.0,112.8,112.8,18:21:00,30.0,BASELINE_HISTORICAL_CALIBRATION,24.0,0.0
OBS_001394,18:21:30,41790.0,12017,ROUTE_NDLS_DDN_01,SYNTHETIC_SIMULATOR,OK,29.97605,78.139144,267.183,23.75,6.6,23.75,0.0,36.3,60,25.0,855.09,SEC_HW_DDN,,HW,DDN,46.817,46.817,CRUISING,,,,,409.96,,,GREEN,HIGH,False,,False,,JRN_0001,1.0,0.0,1.0,0.4541,1.0,SEVERE,Predicted HIGH Congestion (Speed cap 25.0 km/h),25.0,112.4,112.4,18:21:30,30.0,BASELINE_HISTORICAL_CALIBRATION,23.5,0.0
OBS_001395,18:22:00,41820.0,12017,ROUTE_NDLS_DDN_01,SYNTHETIC_SIMULATOR,OK,29.977486,78.138692,267.381,23.75,6.6,23.75,0.0,36.3,60,25.0,853.28,SEC_HW_DDN,,HW,DDN,46.619,46.619,CRUISING,,,,,410.25,,,GREEN,HIGH,False,,False,,JRN_0001,1.0,0.0,1.0,0.4541,1.0,SEVERE,Predicted HIGH Congestion (Speed cap 25.0 km/h),25.0,111.9,111.9,18:22:00,30.0,BASELINE_HISTORICAL_CALIBRATION,23.0,0.0
OBS_001396,18:22:30,41850.0,12017,ROUTE_NDLS_DDN_01,SYNTHETIC_SIMULATOR,OK,29.978921,78.13824,267.579,23.75,6.6,23.75,0.0,36.3,60,25.0,851.48,SEC_HW_DDN,,HW,DDN,46.421,46.421,CRUISING,,,,,410.53,,,GREEN,HIGH,False,,False,,JRN_0001,1.0,0.0,1.0,0.4541,1.0,SEVERE,Predicted HIGH Congestion (Speed cap 25.0 km/h),25.0,111.4,111.4,18:22:30,30.0,BASELINE_HISTORICAL_CALIBRATION,22.5,0.0
OBS_001397,18:23:00,41880.0,12017,ROUTE_NDLS_DDN_01,SYNTHETIC_SIMULATOR,OK,29.980357,78.137788,267.777,23.75,6.6,23.75,0.0,36.3,60,25.0,849.67,SEC_HW_DDN,,HW,DDN,46.223,46.223,CRUISING,,,,,410.82,,,GREEN,HIGH,False,,False,,JRN_0001,1.0,0.0,1.0,0.4541,1.0,SEVERE,Predicted HIGH Congestion (Speed cap 25.0 km/h),25.0,110.9,110.9,18:23:00,30.0,BASELINE_HISTORICAL_CALIBRATION,22.0,0.0
OBS_001398,18:23:30,41910.0,12017,ROUTE_NDLS_DDN_01,SYNTHETIC_SIMULATOR,OK,29.981793,78.137336,267.975,23.75,6.6,23.75,0.0,36.3,60,25.0,847.86,SEC_HW_DDN,,HW,DDN,46.025,46.025,CRUISING,,,,,411.11,,,GREEN,HIGH,False,,False,,JRN_0001,1.0,0.0,1.0,0.4541,1.0,SEVERE,Predicted HIGH Congestion (Speed cap 25.0 km/h),25.0,110.5,110.5,18:23:30,30.0,BASELINE_HISTORICAL_CALIBRATION,21.5,0.0
OBS_001399,18:24:00,41940.0,12017,ROUTE_NDLS_DDN_01,SYNTHETIC_SIMULATOR,OK,29.983229,78.136883,268.173,23.75,6.6,23.75,0.0,36.3,60,25.0,846.04,SEC_HW_DDN,,HW,DDN,45.827,45.827,CRUISING,,,,,411.4,,,GREEN,HIGH,False,,False,,JRN_0001,1.0,0.0,1.0,0.4541,1.0,SEVERE,Predicted HIGH Congestion (Speed cap 25.0 km/h),25.0,110.0,110.0,18:24:00,30.0,BASELINE_HISTORICAL_CALIBRATION,21.0,0.0
OBS_001400,18:24:30,41970.0,12017,ROUTE_NDLS_DDN_01,SYNTHETIC_SIMULATOR,OK,29.984665,78.136431,268.371,23.75,6.6,23.75,0.0,36.3,60,25.0,844.22,SEC_HW_DDN,,HW,DDN,45.629,45.629,CRUISING,,,,,411.68,,,GREEN,HIGH,False,,False,,JRN_0001,1.0,0.0,1.0,0.4541,1.0,SEVERE,Predicted HIGH Congestion (Speed cap 25.0 km/h),25.0,109.5,109.5,18:24:30,30.0,BASELINE_HISTORICAL_CALIBRATION,20.5,0.0
OBS_001401,18:25:00,42000.0,12017,ROUTE_NDLS_DDN_01,SYNTHETIC_SIMULATOR,OK,29.986101,78.135979,268.569,23.75,6.6,23.75,0.0,36.3,60,25.0,842.39,SEC_HW_DDN,,HW,DDN,45.431,45.431,CRUISING,,,,,411.97,,,GREEN,HIGH,False,,False,,JRN_0001,1.0,0.0,1.0,0.4541,1.0,SEVERE,Predicted HIGH Congestion (Speed cap 25.0 km/h),25.0,109.0,109.0,18:25:00,30.0,BASELINE_HISTORICAL_CALIBRATION,20.0,0.0
OBS_001402,18:25:30,42030.0,12017,ROUTE_NDLS_DDN_01,SYNTHETIC_SIMULATOR,OK,29.987537,78.135527,268.767,23.75,6.6,23.75,0.0,36.3,60,25.0,840.56,SEC_HW_DDN,,HW,DDN,45.233,45.233,CRUISING,,,,,412.26,,,GREEN,HIGH,False,,False,,JRN_0001,1.0,0.0,1.0,0.4541,1.0,SEVERE,Predicted HIGH Congestion (Speed cap 25.0 km/h),25.0,108.6,108.6,18:25:30,30.0,BASELINE_HISTORICAL_CALIBRATION,19.5,0.0
OBS_001403,18:26:00,42060.0,12017,ROUTE_NDLS_DDN_01,SYNTHETIC_SIMULATOR,OK,29.988972,78.135075,268.965,23.75,6.6,23.75,0.0,36.3,60,25.0,838.73,SEC_HW_DDN,,HW,DDN,45.035,45.035,CRUISING,,,,,412.55,,,GREEN,HIGH,False,,False,,JRN_0001,1.0,0.0,1.0,0.4541,1.0,SEVERE,Predicted HIGH Congestion (Speed cap 25.0 km/h),25.0,108.1,108.1,18:26:00,30.0,BASELINE_HISTORICAL_CALIBRATION,19.0,0.0
OBS_001404,18:26:30,42090.0,12017,ROUTE_NDLS_DDN_01,SYNTHETIC_SIMULATOR,OK,29.990408,78.134623,269.163,23.75,6.6,23.75,0.0,36.3,60,25.0,836.89,SEC_HW_DDN,,HW,DDN,44.837,44.837,CRUISING,,,,,412.83,,,GREEN,HIGH,False,,False,,JRN_0001,1.0,0.0,1.0,0.4541,1.0,SEVERE,Predicted HIGH Congestion (Speed cap 25.0 km/h),25.0,107.6,107.6,18:26:30,30.0,BASELINE_HISTORICAL_CALIBRATION,18.5,0.0
OBS_001405,18:27:00,42120.0,12017,ROUTE_NDLS_DDN_01,SYNTHETIC_SIMULATOR,OK,29.991844,78.134171,269.36,23.75,6.6,23.75,0.0,36.3,60,25.0,835.05,SEC_HW_DDN,,HW,DDN,44.64,44.64,CRUISING,,,,,413.12,,,GREEN,HIGH,False,,False,,JRN_0001,1.0,0.0,1.0,0.4541,1.0,SEVERE,Predicted HIGH Congestion (Speed cap 25.0 km/h),25.0,107.1,107.1,18:27:00,30.0,BASELINE_HISTORICAL_CALIBRATION,18.0,0.0
OBS_001406,18:27:30,42150.0,12017,ROUTE_NDLS_DDN_01,SYNTHETIC_SIMULATOR,OK,29.99328,78.133719,269.558,23.75,6.6,23.75,0.0,36.3,60,25.0,833.21,SEC_HW_DDN,,HW,DDN,44.442,44.442,CRUISING,,,,,413.41,,,GREEN,HIGH,False,,False,,JRN_0001,1.0,0.0,1.0,0.4541,1.0,SEVERE,Predicted HIGH Congestion (Speed cap 25.0 km/h),25.0,106.7,106.7,18:27:30,30.0,BASELINE_HISTORICAL_CALIBRATION,17.5,0.0
OBS_001407,18:28:00,42180.0,12017,ROUTE_NDLS_DDN_01,SYNTHETIC_SIMULATOR,OK,29.994716,78.133267,269.756,23.75,6.6,23.75,0.0,36.3,60,25.0,831.36,SEC_HW_DDN,,HW,DDN,44.244,44.244,CRUISING,,,,,413.7,,,GREEN,HIGH,False,,False,,JRN_0001,1.0,0.0,1.0,0.4541,1.0,SEVERE,Predicted HIGH Congestion (Speed cap 25.0 km/h),25.0,106.2,106.2,18:28:00,30.0,BASELINE_HISTORICAL_CALIBRATION,17.0,0.0
OBS_001408,18:28:30,42210.0,12017,ROUTE_NDLS_DDN_01,SYNTHETIC_SIMULATOR,OK,29.996152,78.132815,269.954,23.75,6.6,23.75,0.0,36.3,60,25.0,829.51,SEC_HW_DDN,,HW,DDN,44.046,44.046,CRUISING,,,,,413.98,,,GREEN,HIGH,False,,False,,JRN_0001,1.0,0.0,1.0,0.4541,1.0,SEVERE,Predicted HIGH Congestion (Speed cap 25.0 km/h),25.0,105.7,105.7,18:28:30,30.0,BASELINE_HISTORICAL_CALIBRATION,16.5,0.0
OBS_001409,18:29:00,42240.0,12017,ROUTE_NDLS_DDN_01,SYNTHETIC_SIMULATOR,OK,29.997588,78.132362,270.152,23.75,6.6,23.75,0.0,36.3,60,25.0,827.65,SEC_HW_DDN,,HW,DDN,43.848,43.848,CRUISING,,,,,414.27,,,GREEN,HIGH,False,,False,,JRN_0001,1.0,0.0,1.0,0.4541,1.0,SEVERE,Predicted HIGH Congestion (Speed cap 25.0 km/h),25.0,105.2,105.2,18:29:00,30.0,BASELINE_HISTORICAL_CALIBRATION,16.0,0.0
OBS_001410,18:29:30,42270.0,12017,ROUTE_NDLS_DDN_01,SYNTHETIC_SIMULATOR,OK,29.999024,78.13191,270.35,23.75,6.6,23.75,0.0,36.3,60,25.0,825.79,SEC_HW_DDN,,HW,DDN,43.65,43.65,CRUISING,,,,,414.56,,,GREEN,HIGH,False,,False,,JRN_0001,1.0,0.0,1.0,0.4541,1.0,SEVERE,Predicted HIGH Congestion (Speed cap 25.0 km/h),25.0,104.8,104.8,18:29:30,30.0,BASELINE_HISTORICAL_CALIBRATION,15.5,0.0
OBS_001411,18:30:00,42300.0,12017,ROUTE_NDLS_DDN_01,SYNTHETIC_SIMULATOR,OK,30.000459,78.131458,270.548,23.75,6.6,23.75,0.0,36.3,60,25.0,823.92,SEC_HW_DDN,,HW,DDN,43.452,43.452,CRUISING,,,,,414.85,,,GREEN,HIGH,False,,False,,JRN_0001,1.0,0.0,1.0,0.4541,1.0,SEVERE,Predicted HIGH Congestion (Speed cap 25.0 km/h),25.0,104.3,104.3,18:30:00,30.0,BASELINE_HISTORICAL_CALIBRATION,15.0,0.0
OBS_001412,18:30:30,42330.0,12017,ROUTE_NDLS_DDN_01,SYNTHETIC_SIMULATOR,OK,30.001895,78.131006,270.746,23.75,6.6,23.75,0.0,36.3,60,25.0,822.05,SEC_HW_DDN,,HW,DDN,43.254,43.254,CRUISING,,,,,415.13,,,GREEN,HIGH,False,,False,,JRN_0001,1.0,0.0,1.0,0.4541,1.0,SEVERE,Predicted HIGH Congestion (Speed cap 25.0 km/h),25.0,103.8,103.8,18:30:30,30.0,BASELINE_HISTORICAL_CALIBRATION,14.5,0.0
OBS_001413,18:31:00,42360.0,12017,ROUTE_NDLS_DDN_01,SYNTHETIC_SIMULATOR,OK,30.003331,78.130554,270.944,23.75,6.6,23.75,0.0,36.3,60,25.0,820.18,SEC_HW_DDN,,HW,DDN,43.056,43.056,CRUISING,,,,,415.42,,,GREEN,HIGH,False,,False,,JRN_0001,1.0,0.0,1.0,0.4541,1.0,SEVERE,Predicted HIGH Congestion (Speed cap 25.0 km/h),25.0,103.3,103.3,18:31:00,30.0,BASELINE_HISTORICAL_CALIBRATION,14.0,0.0
OBS_001414,18:31:30,42390.0,12017,ROUTE_NDLS_DDN_01,SYNTHETIC_SIMULATOR,OK,30.004767,78.130102,271.142,23.75,6.6,23.75,0.0,36.3,60,25.0,818.3,SEC_HW_DDN,,HW,DDN,42.858,42.858,CRUISING,,,,,415.71,,,GREEN,HIGH,False,,False,,JRN_0001,1.0,0.0,1.0,0.4541,1.0,SEVERE,Predicted HIGH Congestion (Speed cap 25.0 km/h),25.0,102.9,102.9,18:31:30,30.0,BASELINE_HISTORICAL_CALIBRATION,13.5,0.0
OBS_001415,18:32:00,42420.0,12017,ROUTE_NDLS_DDN_01,SYNTHETIC_SIMULATOR,OK,30.006203,78.12965,271.34,23.75,6.6,23.75,0.0,36.3,60,25.0,816.41,SEC_HW_DDN,,HW,DDN,42.66,42.66,CRUISING,,,,,416.0,,,GREEN,HIGH,False,,False,,JRN_0001,1.0,0.0,1.0,0.4541,1.0,SEVERE,Predicted HIGH Congestion (Speed cap 25.0 km/h),25.0,102.4,102.4,18:32:00,30.0,BASELINE_HISTORICAL_CALIBRATION,13.0,0.0
OBS_001416,18:32:30,42450.0,12017,ROUTE_NDLS_DDN_01,SYNTHETIC_SIMULATOR,OK,30.007639,78.129198,271.538,23.75,6.6,23.75,0.0,36.3,60,25.0,814.53,SEC_HW_DDN,,HW,DDN,42.462,42.462,CRUISING,,,,,416.29,,,GREEN,HIGH,False,,False,,JRN_0001,1.0,0.0,1.0,0.4541,1.0,SEVERE,Predicted HIGH Congestion (Speed cap 25.0 km/h),25.0,101.9,101.9,18:32:30,30.0,BASELINE_HISTORICAL_CALIBRATION,12.5,0.0
OBS_001417,18:33:00,42480.0,12017,ROUTE_NDLS_DDN_01,SYNTHETIC_SIMULATOR,OK,30.009075,78.128746,271.735,23.75,6.6,23.75,0.0,36.3,60,25.0,812.64,SEC_HW_DDN,,HW,DDN,42.265,42.265,CRUISING,,,,,416.57,,,GREEN,HIGH,False,,False,,JRN_0001,1.0,0.0,1.0,0.4541,1.0,SEVERE,Predicted HIGH Congestion (Speed cap 25.0 km/h),25.0,101.4,101.4,18:33:00,30.0,BASELINE_HISTORICAL_CALIBRATION,12.0,0.0
OBS_001418,18:33:30,42510.0,12017,ROUTE_NDLS_DDN_01,SYNTHETIC_SIMULATOR,OK,30.01051,78.128293,271.933,23.75,6.6,23.75,0.0,36.3,60,25.0,810.74,SEC_HW_DDN,,HW,DDN,42.067,42.067,CRUISING,,,,,416.86,,,GREEN,HIGH,False,,False,,JRN_0001,1.0,0.0,1.0,0.4541,1.0,SEVERE,Predicted HIGH Congestion (Speed cap 25.0 km/h),25.0,101.0,101.0,18:33:30,30.0,BASELINE_HISTORICAL_CALIBRATION,11.5,0.0
OBS_001419,18:34:00,42540.0,12017,ROUTE_NDLS_DDN_01,SYNTHETIC_SIMULATOR,OK,30.011946,78.127841,272.131,23.75,6.6,23.75,0.0,36.3,60,25.0,808.84,SEC_HW_DDN,,HW,DDN,41.869,41.869,CRUISING,,,,,417.15,,,GREEN,HIGH,False,,False,,JRN_0001,1.0,0.0,1.0,0.4541,1.0,SEVERE,Predicted HIGH Congestion (Speed cap 25.0 km/h),25.0,100.5,100.5,18:34:00,30.0,BASELINE_HISTORICAL_CALIBRATION,11.0,0.0
OBS_001420,18:34:30,42570.0,12017,ROUTE_NDLS_DDN_01,SYNTHETIC_SIMULATOR,OK,30.013382,78.127389,272.329,23.75,6.6,23.75,0.0,36.3,60,25.0,806.93,SEC_HW_DDN,,HW,DDN,41.671,41.671,CRUISING,,,,,417.44,,,GREEN,HIGH,False,,False,,JRN_0001,1.0,0.0,1.0,0.4541,1.0,SEVERE,Predicted HIGH Congestion (Speed cap 25.0 km/h),25.0,100.0,100.0,18:34:30,30.0,BASELINE_HISTORICAL_CALIBRATION,10.5,0.0
OBS_001421,18:35:00,42600.0,12017,ROUTE_NDLS_DDN_01,SYNTHETIC_SIMULATOR,OK,30.014818,78.126937,272.527,23.75,6.6,23.75,0.0,36.3,60,25.0,805.02,SEC_HW_DDN,,HW,DDN,41.473,41.473,CRUISING,,,,,417.72,,,GREEN,HIGH,False,,False,,JRN_0001,1.0,0.0,1.0,0.4541,1.0,SEVERE,Predicted HIGH Congestion (Speed cap 25.0 km/h),25.0,99.5,99.5,18:35:00,30.0,BASELINE_HISTORICAL_CALIBRATION,10.0,0.0
OBS_001422,18:35:30,42630.0,12017,ROUTE_NDLS_DDN_01,SYNTHETIC_SIMULATOR,OK,30.016254,78.126485,272.725,23.75,6.6,23.75,0.0,36.3,60,25.0,803.11,SEC_HW_DDN,,HW,DDN,41.275,41.275,CRUISING,,,,,418.01,,,GREEN,HIGH,False,,False,,JRN_0001,1.0,0.0,1.0,0.4541,1.0,SEVERE,Predicted HIGH Congestion (Speed cap 25.0 km/h),25.0,99.1,99.1,18:35:30,30.0,BASELINE_HISTORICAL_CALIBRATION,9.5,0.0
OBS_001423,18:36:00,42660.0,12017,ROUTE_NDLS_DDN_01,SYNTHETIC_SIMULATOR,OK,30.01769,78.126033,272.923,23.75,6.6,23.75,0.0,36.3,60,25.0,801.19,SEC_HW_DDN,,HW,DDN,41.077,41.077,CRUISING,,,,,418.3,,,GREEN,HIGH,False,,False,,JRN_0001,1.0,0.0,1.0,0.4541,1.0,SEVERE,Predicted HIGH Congestion (Speed cap 25.0 km/h),25.0,98.6,98.6,18:36:00,30.0,BASELINE_HISTORICAL_CALIBRATION,9.0,0.0
OBS_001424,18:36:30,42690.0,12017,ROUTE_NDLS_DDN_01,SYNTHETIC_SIMULATOR,OK,30.019126,78.125581,273.121,23.75,6.6,23.75,0.0,36.3,60,25.0,799.27,SEC_HW_DDN,,HW,DDN,40.879,40.879,CRUISING,,,,,418.59,,,GREEN,HIGH,False,,False,,JRN_0001,1.0,0.0,1.0,0.4541,1.0,SEVERE,Predicted HIGH Congestion (Speed cap 25.0 km/h),25.0,98.1,98.1,18:36:30,30.0,BASELINE_HISTORICAL_CALIBRATION,8.5,0.0
OBS_001425,18:37:00,42720.0,12017,ROUTE_NDLS_DDN_01,SYNTHETIC_SIMULATOR,OK,30.020562,78.125129,273.319,23.75,6.6,23.75,0.0,36.3,60,25.0,797.34,SEC_HW_DDN,,HW,DDN,40.681,40.681,CRUISING,,,,,418.87,,,GREEN,HIGH,False,,False,,JRN_0001,1.0,0.0,1.0,0.4541,1.0,SEVERE,Predicted HIGH Congestion (Speed cap 25.0 km/h),25.0,97.6,97.6,18:37:00,30.0,BASELINE_HISTORICAL_CALIBRATION,8.0,0.0
OBS_001426,18:37:30,42750.0,12017,ROUTE_NDLS_DDN_01,SYNTHETIC_SIMULATOR,OK,30.021997,78.124677,273.517,23.75,6.6,23.75,0.0,36.3,60,25.0,795.41,SEC_HW_DDN,,HW,DDN,40.483,40.483,CRUISING,,,,,419.16,,,GREEN,HIGH,False,,False,,JRN_0001,1.0,0.0,1.0,0.4541,1.0,SEVERE,Predicted HIGH Congestion (Speed cap 25.0 km/h),25.0,97.2,97.2,18:37:30,30.0,BASELINE_HISTORICAL_CALIBRATION,7.5,0.0
OBS_001427,18:38:00,42780.0,12017,ROUTE_NDLS_DDN_01,SYNTHETIC_SIMULATOR,OK,30.023433,78.124225,273.715,23.75,6.6,23.75,0.0,36.3,60,25.0,793.47,SEC_HW_DDN,,HW,DDN,40.285,40.285,CRUISING,,,,,419.45,,,GREEN,HIGH,False,,False,,JRN_0001,1.0,0.0,1.0,0.4541,1.0,SEVERE,Predicted HIGH Congestion (Speed cap 25.0 km/h),25.0,96.7,96.7,18:38:00,30.0,BASELINE_HISTORICAL_CALIBRATION,7.0,0.0
OBS_001428,18:38:30,42810.0,12017,ROUTE_NDLS_DDN_01,SYNTHETIC_SIMULATOR,OK,30.024869,78.123772,273.913,23.75,6.6,23.75,0.0,36.3,60,25.0,791.53,SEC_HW_DDN,,HW,DDN,40.087,40.087,CRUISING,,,,,419.74,,,GREEN,HIGH,False,,False,,JRN_0001,1.0,0.0,1.0,0.4541,1.0,SEVERE,Predicted HIGH Congestion (Speed cap 25.0 km/h),25.0,96.2,96.2,18:38:30,30.0,BASELINE_HISTORICAL_CALIBRATION,6.5,0.0
OBS_001429,18:39:00,42840.0,12017,ROUTE_NDLS_DDN_01,SYNTHETIC_SIMULATOR,OK,30.026305,78.12332,274.11,23.75,6.6,23.75,0.0,36.3,60,25.0,789.58,SEC_HW_DDN,,HW,DDN,39.89,39.89,CRUISING,,,,,420.02,,,GREEN,HIGH,False,,False,,JRN_0001,1.0,0.0,1.0,0.4541,1.0,SEVERE,Predicted HIGH Congestion (Speed cap 25.0 km/h),25.0,95.7,95.7,18:39:00,30.0,BASELINE_HISTORICAL_CALIBRATION,6.0,0.0
OBS_001430,18:39:30,42870.0,12017,ROUTE_NDLS_DDN_01,SYNTHETIC_SIMULATOR,OK,30.027741,78.122868,274.308,23.75,6.6,23.75,0.0,36.3,60,25.0,787.63,SEC_HW_DDN,,HW,DDN,39.692,39.692,CRUISING,,,,,420.31,,,GREEN,HIGH,False,,False,,JRN_0001,1.0,0.0,1.0,0.4541,1.0,SEVERE,Predicted HIGH Congestion (Speed cap 25.0 km/h),25.0,95.3,95.3,18:39:30,30.0,BASELINE_HISTORICAL_CALIBRATION,5.5,0.0
OBS_001431,18:40:00,42900.0,12017,ROUTE_NDLS_DDN_01,SYNTHETIC_SIMULATOR,OK,30.029177,78.122416,274.506,23.75,6.6,23.75,0.0,36.3,60,25.0,785.67,SEC_HW_DDN,,HW,DDN,39.494,39.494,CRUISING,,,,,420.6,,,GREEN,HIGH,False,,False,,JRN_0001,1.0,0.0,1.0,0.4541,1.0,SEVERE,Predicted HIGH Congestion (Speed cap 25.0 km/h),25.0,94.8,94.8,18:40:00,30.0,BASELINE_HISTORICAL_CALIBRATION,5.0,0.0
OBS_001432,18:40:30,42930.0,12017,ROUTE_NDLS_DDN_01,SYNTHETIC_SIMULATOR,OK,30.030613,78.121964,274.704,23.75,6.6,23.75,0.0,36.3,60,25.0,783.71,SEC_HW_DDN,,HW,DDN,39.296,39.296,CRUISING,,,,,420.89,,,GREEN,HIGH,False,,False,,JRN_0001,1.0,0.0,1.0,0.4541,1.0,SEVERE,Predicted HIGH Congestion (Speed cap 25.0 km/h),25.0,94.3,94.3,18:40:30,30.0,BASELINE_HISTORICAL_CALIBRATION,4.5,0.0
OBS_001433,18:41:00,42960.0,12017,ROUTE_NDLS_DDN_01,SYNTHETIC_SIMULATOR,OK,30.032048,78.121512,274.902,23.75,6.6,23.75,0.0,36.3,60,25.0,781.75,SEC_HW_DDN,,HW,DDN,39.098,39.098,CRUISING,,,,,421.17,,,GREEN,HIGH,False,,False,,JRN_0001,1.0,0.0,1.0,0.4541,1.0,SEVERE,Predicted HIGH Congestion (Speed cap 25.0 km/h),25.0,93.8,93.8,18:41:00,30.0,BASELINE_HISTORICAL_CALIBRATION,4.0,0.0
OBS_001434,18:41:30,42990.0,12017,ROUTE_NDLS_DDN_01,SYNTHETIC_SIMULATOR,OK,30.033484,78.12106,275.1,23.75,6.6,23.75,0.0,36.3,60,25.0,779.78,SEC_HW_DDN,,HW,DDN,38.9,38.9,CRUISING,,,,,421.46,,,GREEN,HIGH,False,,False,,JRN_0001,1.0,0.0,1.0,0.4541,1.0,SEVERE,Predicted HIGH Congestion (Speed cap 25.0 km/h),25.0,93.4,93.4,18:41:30,30.0,BASELINE_HISTORICAL_CALIBRATION,3.5,0.0
OBS_001435,18:42:00,43020.0,12017,ROUTE_NDLS_DDN_01,SYNTHETIC_SIMULATOR,OK,30.03492,78.120608,275.298,23.75,6.6,23.75,0.0,36.3,60,25.0,777.8,SEC_HW_DDN,,HW,DDN,38.702,38.702,CRUISING,,,,,421.75,,,GREEN,HIGH,False,,False,,JRN_0001,1.0,0.0,1.0,0.4541,1.0,SEVERE,Predicted HIGH Congestion (Speed cap 25.0 km/h),25.0,92.9,92.9,18:42:00,30.0,BASELINE_HISTORICAL_CALIBRATION,3.0,0.0
OBS_001436,18:42:30,43050.0,12017,ROUTE_NDLS_DDN_01,SYNTHETIC_SIMULATOR,OK,30.036356,78.120156,275.496,23.75,6.6,23.75,0.0,36.3,60,25.0,775.82,SEC_HW_DDN,,HW,DDN,38.504,38.504,CRUISING,,,,,422.04,,,GREEN,HIGH,False,,False,,JRN_0001,1.0,0.0,1.0,0.4541,1.0,SEVERE,Predicted HIGH Congestion (Speed cap 25.0 km/h),25.0,92.4,92.4,18:42:30,30.0,BASELINE_HISTORICAL_CALIBRATION,2.5,0.0
OBS_001437,18:43:00,43080.0,12017,ROUTE_NDLS_DDN_01,SYNTHETIC_SIMULATOR,OK,30.037792,78.119703,275.694,23.75,6.6,23.75,0.0,36.3,60,25.0,773.83,SEC_HW_DDN,,HW,DDN,38.306,38.306,CRUISING,,,,,422.32,,,GREEN,HIGH,False,,False,,JRN_0001,1.0,0.0,1.0,0.4541,1.0,SEVERE,Predicted HIGH Congestion (Speed cap 25.0 km/h),25.0,91.9,91.9,18:43:00,30.0,BASELINE_HISTORICAL_CALIBRATION,2.0,0.0
OBS_001438,18:43:30,43110.0,12017,ROUTE_NDLS_DDN_01,SYNTHETIC_SIMULATOR,OK,30.039228,78.119251,275.892,23.75,6.6,23.75,0.0,36.3,60,25.0,771.84,SEC_HW_DDN,,HW,DDN,38.108,38.108,CRUISING,,,,,422.61,,,GREEN,HIGH,False,,False,,JRN_0001,1.0,0.0,1.0,0.4541,1.0,SEVERE,Predicted HIGH Congestion (Speed cap 25.0 km/h),25.0,91.5,91.5,18:43:30,30.0,BASELINE_HISTORICAL_CALIBRATION,1.5,0.0
OBS_001439,18:44:00,43140.0,12017,ROUTE_NDLS_DDN_01,SYNTHETIC_SIMULATOR,OK,30.040664,78.118799,276.09,23.75,6.6,23.75,0.0,36.3,60,25.0,769.84,SEC_HW_DDN,,HW,DDN,37.91,37.91,CRUISING,,,,,422.9,,,GREEN,HIGH,False,,False,,JRN_0001,1.0,0.0,1.0,0.4541,1.0,SEVERE,Predicted HIGH Congestion (Speed cap 25.0 km/h),25.0,91.0,91.0,18:44:00,30.0,BASELINE_HISTORICAL_CALIBRATION,1.0,0.0
OBS_001440,18:44:30,43170.0,12017,ROUTE_NDLS_DDN_01,SYNTHETIC_SIMULATOR,OK,30.0421,78.118347,276.288,23.75,6.6,23.75,0.0,36.3,60,25.0,767.84,SEC_HW_DDN,,HW,DDN,37.712,37.712,CRUISING,,,,,423.19,,,GREEN,HIGH,False,,False,,JRN_0001,1.0,0.0,1.0,0.4541,1.0,SEVERE,Predicted HIGH Congestion (Speed cap 25.0 km/h),25.0,90.5,90.5,18:44:30,30.0,BASELINE_HISTORICAL_CALIBRATION,0.5,0.0
