observation_id,timestamp,simulation_time_sec,train_id,route_id,data_source,data_quality_status,latitude,longitude,current_position_km,current_speed_kmph,current_speed_mps,target_speed_kmph,current_acceleration_mps2,braking_distance_m,section_speed_limit_kmph,restriction_speed_kmph,approach_speed_kmph,current_section_id,current_station_id,previous_station_id,next_station_id,distance_to_next_station_km,distance_to_destination_km,movement_state,station_event,actual_arrival_time,actual_departure_time,actual_dwell_min,current_delay_min,arrival_delay_min,departure_delay_min,signal_state,congestion_level,fog_active,fog_visibility_km,unscheduled_halt,active_event_ids
OBS_000001,6:45:00,0,12017,ROUTE_NDLS_DDN_01,SYNTHETIC_SIMULATOR,OK,28.6431,77.2197,0.675,54,15,104.5,0.5,187.5,110,,623.54,SEC_NDLS_GZB,NDLS,NDLS,GZB,24.325,313.325,ACCELERATING,DEPARTED,,6:45:00,,-0.72,,0,GREEN,NONE,FALSE,,FALSE,
OBS_000002,6:45:30,30,12017,ROUTE_NDLS_DDN_01,SYNTHETIC_SIMULATOR,OK,28.644857,77.235149,1.771,104.5,29.03,104.5,0.5,702.2,110,,615.06,SEC_NDLS_GZB,,NDLS,GZB,23.229,312.229,ACCELERATING,,,,,-1.4,,,GREEN,NONE,FALSE,,FALSE,
OBS_000003,6:46:00,60,12017,ROUTE_NDLS_DDN_01,SYNTHETIC_SIMULATOR,OK,28.645721,77.242746,2.642,104.5,29.03,104.5,0,702.2,110,,601.05,SEC_NDLS_GZB,,NDLS,GZB,22.358,311.358,CRUISING,,,,,-1.84,,,GREEN,NONE,FALSE,,FALSE,
OBS_000004,6:46:30,90,12017,ROUTE_NDLS_DDN_01,SYNTHETIC_SIMULATOR,OK,28.646584,77.250343,3.513,104.5,29.03,104.5,0,702.2,110,,589.68,SEC_NDLS_GZB,,NDLS,GZB,21.488,310.488,CRUISING,,,,,-2.27,,,GREEN,NONE,FALSE,,FALSE,
OBS_000005,6:47:00,120,12017,ROUTE_NDLS_DDN_01,SYNTHETIC_SIMULATOR,OK,28.647448,77.25794,4.383,104.5,29.03,104.5,0,702.2,110,,578.08,SEC_NDLS_GZB,,NDLS,GZB,20.617,309.617,CRUISING,,,,,-2.7,,,GREEN,NONE,FALSE,,FALSE,
OBS_000006,6:47:30,150,12017,ROUTE_NDLS_DDN_01,SYNTHETIC_SIMULATOR,OK,28.648312,77.265537,5.254,104.5,29.03,104.5,0,702.2,110,,566.24,SEC_NDLS_GZB,,NDLS,GZB,19.746,308.746,CRUISING,,,,,-3.14,,,GREEN,NONE,FALSE,,FALSE,
OBS_000007,6:48:00,180,12017,ROUTE_NDLS_DDN_01,SYNTHETIC_SIMULATOR,OK,28.649176,77.273134,6.125,104.5,29.03,104.5,0,702.2,110,,554.15,SEC_NDLS_GZB,,NDLS,GZB,18.875,307.875,CRUISING,,,,,-3.57,,,GREEN,NONE,FALSE,,FALSE,
OBS_000008,6:48:30,210,12017,ROUTE_NDLS_DDN_01,SYNTHETIC_SIMULATOR,OK,28.65004,77.280732,6.996,104.5,29.03,104.5,0,702.2,110,,541.8,SEC_NDLS_GZB,,NDLS,GZB,18.004,307.004,CRUISING,,,,,-4.01,,,GREEN,NONE,FALSE,,FALSE,
OBS_000009,6:49:00,240,12017,ROUTE_NDLS_DDN_01,SYNTHETIC_SIMULATOR,OK,28.650904,77.288329,7.867,104.5,29.03,104.5,0,702.2,110,,529.15,SEC_NDLS_GZB,,NDLS,GZB,17.133,306.133,CRUISING,,,,,-4.44,,,GREEN,NONE,FALSE,,FALSE,
OBS_000010,6:49:30,270,12017,ROUTE_NDLS_DDN_01,SYNTHETIC_SIMULATOR,OK,28.651768,77.295926,8.737,104.5,29.03,104.5,0,702.2,110,,516.2,SEC_NDLS_GZB,,NDLS,GZB,16.263,305.262,CRUISING,,,,,-4.88,,,GREEN,NONE,FALSE,,FALSE,
OBS_000011,6:50:00,300,12017,ROUTE_NDLS_DDN_01,SYNTHETIC_SIMULATOR,OK,28.652631,77.303523,9.608,104.5,29.03,104.5,0,702.2,110,,502.91,SEC_NDLS_GZB,,NDLS,GZB,15.392,304.392,CRUISING,,,,,-5.31,,,GREEN,NONE,FALSE,,FALSE,
OBS_000012,6:50:30,330,12017,ROUTE_NDLS_DDN_01,SYNTHETIC_SIMULATOR,OK,28.653495,77.31112,10.479,104.5,29.03,104.5,0,702.2,110,,489.26,SEC_NDLS_GZB,,NDLS,GZB,14.521,303.521,CRUISING,,,,,-5.75,,,GREEN,NONE,FALSE,,FALSE,
OBS_000013,6:51:00,360,12017,ROUTE_NDLS_DDN_01,SYNTHETIC_SIMULATOR,OK,28.654359,77.318717,11.35,104.5,29.03,104.5,0,702.2,110,,475.21,SEC_NDLS_GZB,,NDLS,GZB,13.65,302.65,CRUISING,,,,,-6.18,,,GREEN,NONE,FALSE,,FALSE,
OBS_000014,6:51:30,390,12017,ROUTE_NDLS_DDN_01,SYNTHETIC_SIMULATOR,OK,28.655223,77.326315,12.221,104.5,29.03,104.5,0,702.2,110,,460.74,SEC_NDLS_GZB,,NDLS,GZB,12.779,301.779,CRUISING,,,,,-6.62,,,GREEN,NONE,FALSE,,FALSE,
OBS_000015,6:52:00,420,12017,ROUTE_NDLS_DDN_01,SYNTHETIC_SIMULATOR,OK,28.656087,77.333912,13.092,104.5,29.03,104.5,0,702.2,110,,445.8,SEC_NDLS_GZB,,NDLS,GZB,11.908,300.908,CRUISING,,,,,-7.05,,,GREEN,NONE,FALSE,,FALSE,
OBS_000016,6:52:30,450,12017,ROUTE_NDLS_DDN_01,SYNTHETIC_SIMULATOR,OK,28.656951,77.341509,13.963,104.5,29.03,104.5,0,702.2,110,,430.35,SEC_NDLS_GZB,,NDLS,GZB,11.037,300.038,CRUISING,,,,,-7.49,,,GREEN,NONE,FALSE,,FALSE,
OBS_000017,6:53:00,480,12017,ROUTE_NDLS_DDN_01,SYNTHETIC_SIMULATOR,OK,28.657815,77.349106,14.833,104.5,29.03,104.5,0,702.2,110,,414.31,SEC_NDLS_GZB,,NDLS,GZB,10.167,299.167,CRUISING,,,,,-7.92,,,GREEN,NONE,FALSE,,FALSE,
OBS_000018,6:53:30,510,12017,ROUTE_NDLS_DDN_01,SYNTHETIC_SIMULATOR,OK,28.658679,77.356703,15.704,104.5,29.03,104.5,0,702.2,110,,397.63,SEC_NDLS_GZB,,NDLS,GZB,9.296,298.296,CRUISING,,,,,-8.35,,,GREEN,NONE,FALSE,,FALSE,
OBS_000019,6:54:00,540,12017,ROUTE_NDLS_DDN_01,SYNTHETIC_SIMULATOR,OK,28.659542,77.3643,16.575,104.5,29.03,104.5,0,702.2,110,,380.22,SEC_NDLS_GZB,,NDLS,GZB,8.425,297.425,CRUISING,,,,,-8.79,,,GREEN,NONE,FALSE,,FALSE,
OBS_000020,6:54:30,570,12017,ROUTE_NDLS_DDN_01,SYNTHETIC_SIMULATOR,OK,28.660406,77.371897,17.446,104.5,29.03,104.5,0,702.2,110,,361.97,SEC_NDLS_GZB,,NDLS,GZB,7.554,296.554,CRUISING,,,,,-9.22,,,GREEN,NONE,FALSE,,FALSE,
OBS_000021,6:55:00,600,12017,ROUTE_NDLS_DDN_01,SYNTHETIC_SIMULATOR,OK,28.66127,77.379495,18.317,104.5,29.03,104.5,0,702.2,110,,342.76,SEC_NDLS_GZB,,NDLS,GZB,6.683,295.683,CRUISING,,,,,-9.66,,,GREEN,NONE,FALSE,,FALSE,
OBS_000022,6:55:30,630,12017,ROUTE_NDLS_DDN_01,SYNTHETIC_SIMULATOR,OK,28.662134,77.387092,19.188,104.5,29.03,104.5,0,702.2,110,,322.4,SEC_NDLS_GZB,,NDLS,GZB,5.812,294.812,CRUISING,,,,,-10.09,,,GREEN,NONE,FALSE,,FALSE,
OBS_000023,6:56:00,660,12017,ROUTE_NDLS_DDN_01,SYNTHETIC_SIMULATOR,OK,28.662998,77.394689,20.058,104.5,29.03,104.5,0,702.2,110,,300.66,SEC_NDLS_GZB,,NDLS,GZB,4.942,293.942,CRUISING,,,,,-10.53,,,GREEN,NONE,FALSE,,FALSE,
OBS_000024,6:56:30,690,12017,ROUTE_NDLS_DDN_01,SYNTHETIC_SIMULATOR,OK,28.663862,77.402286,20.929,104.5,29.03,104.5,0,702.2,110,,277.22,SEC_NDLS_GZB,,NDLS,GZB,4.071,293.071,CRUISING,,,,,-10.96,,,GREEN,NONE,FALSE,,FALSE,
OBS_000025,6:57:00,720,12017,ROUTE_NDLS_DDN_01,SYNTHETIC_SIMULATOR,OK,28.664726,77.409883,21.8,104.5,29.03,104.5,0,702.2,110,,251.61,SEC_NDLS_GZB,,NDLS,GZB,3.2,292.2,CRUISING,,,,,-11.4,,,GREEN,NONE,FALSE,,FALSE,
OBS_000026,6:57:30,750,12017,ROUTE_NDLS_DDN_01,SYNTHETIC_SIMULATOR,OK,28.665589,77.41748,22.671,104.5,29.03,104.5,0,702.2,110,,223.08,SEC_NDLS_GZB,,NDLS,GZB,2.329,291.329,CRUISING,,,,,-11.83,,,GREEN,NONE,FALSE,,FALSE,
OBS_000027,6:58:00,780,12017,ROUTE_NDLS_DDN_01,SYNTHETIC_SIMULATOR,OK,28.666453,77.425078,23.542,104.5,29.03,104.5,0,702.2,110,,190.32,SEC_NDLS_GZB,,NDLS,GZB,1.458,290.458,CRUISING,,,,,-12.27,,,GREEN,NONE,FALSE,,FALSE,
OBS_000028,6:58:30,810,12017,ROUTE_NDLS_DDN_01,SYNTHETIC_SIMULATOR,OK,28.667317,77.432675,24.412,104.5,29.03,104.5,0,702.2,110,,150.6,SEC_NDLS_GZB,,NDLS,GZB,0.588,289.587,CRUISING,,,,,-12.7,,,GREEN,NONE,FALSE,,FALSE,
OBS_000029,6:59:00,840,12017,ROUTE_NDLS_DDN_01,SYNTHETIC_SIMULATOR,OK,28.667378,77.433205,24.473,39.7,11.03,95.59,-0.6,101.3,110,,95.59,SEC_NDLS_GZB,,NDLS,GZB,0.527,289.527,DECELERATING,,,,,-12.27,,,GREEN,NONE,FALSE,,FALSE,
OBS_000030,6:59:30,870,12017,ROUTE_NDLS_DDN_01,SYNTHETIC_SIMULATOR,OK,28.6679,77.4378,25,0,0,90.5,0,0,110,,90.5,SEC_NDLS_GZB,GZB,GZB,MTC,47,289,DWELLING,ARRIVED,6:59:30,,,-12.33,-13.5,,GREEN,NONE,FALSE,,FALSE,
OBS_000031,7:00:00,900,12017,ROUTE_NDLS_DDN_01,SYNTHETIC_SIMULATOR,OK,28.6679,77.4378,25,0,0,0,0,0,120,,0,,GZB,GZB,MTC,47,289,DWELLING,,,,,-11.83,,,GREEN,NONE,FALSE,,FALSE,
OBS_000032,7:00:30,930,12017,ROUTE_NDLS_DDN_01,SYNTHETIC_SIMULATOR,OK,28.6679,77.4378,25,0,0,0,0,0,120,,0,,GZB,GZB,MTC,47,289,DWELLING,,,,,-11.33,,,GREEN,NONE,FALSE,,FALSE,
OBS_000033,7:01:00,960,12017,ROUTE_NDLS_DDN_01,SYNTHETIC_SIMULATOR,OK,28.6679,77.4378,25,0,0,0,0,0,120,,0,,GZB,GZB,MTC,47,289,DWELLING,,,,,-10.83,,,GREEN,NONE,FALSE,,FALSE,
OBS_000034,7:01:30,990,12017,ROUTE_NDLS_DDN_01,SYNTHETIC_SIMULATOR,OK,28.6679,77.4378,25.675,54,15,114,0.5,187.5,120,,854.95,SEC_GZB_MTC,GZB,GZB,MTC,46.325,288.325,ACCELERATING,DEPARTED,,7:01:30,2,-11.06,,-13.5,GREEN,NONE,FALSE,,FALSE,
OBS_000035,7:02:00,1020,12017,ROUTE_NDLS_DDN_01,SYNTHETIC_SIMULATOR,OK,28.679853,77.447865,26.8,108,30,114,0.5,750,120,,848.79,SEC_GZB_MTC,,GZB,MTC,45.2,287.2,ACCELERATING,,,,,-11.76,,,GREEN,NONE,FALSE,,FALSE,
OBS_000036,7:02:30,1050,12017,ROUTE_NDLS_DDN_01,SYNTHETIC_SIMULATOR,OK,28.687655,77.454435,27.975,114,31.67,114,0.5,835.6,120,,838.42,SEC_GZB_MTC,,GZB,MTC,44.025,286.025,ACCELERATING,,,,,-12.52,,,GREEN,NONE,FALSE,,FALSE,
OBS_000037,7:03:00,1080,12017,ROUTE_NDLS_DDN_01,SYNTHETIC_SIMULATOR,OK,28.693964,77.459747,28.925,114,31.67,114,0,835.6,120,,827.45,SEC_GZB_MTC,,GZB,MTC,43.075,285.075,CRUISING,,,,,-13.04,,,GREEN,NONE,FALSE,,FALSE,
OBS_000038,7:03:30,1110,12017,ROUTE_NDLS_DDN_01,SYNTHETIC_SIMULATOR,OK,28.700272,77.465059,29.875,114,31.67,114,0,835.6,120,,818.48,SEC_GZB_MTC,,GZB,MTC,42.125,284.125,CRUISING,,,,,-13.56,,,GREEN,NONE,FALSE,,FALSE,
OBS_000039,7:04:00,1140,12017,ROUTE_NDLS_DDN_01,SYNTHETIC_SIMULATOR,OK,28.70658,77.47037,30.825,114,31.67,114,0,835.6,120,,809.4,SEC_GZB_MTC,,GZB,MTC,41.175,283.175,CRUISING,,,,,-14.08,,,GREEN,NONE,FALSE,,FALSE,
OBS_000040,7:04:30,1170,12017,ROUTE_NDLS_DDN_01,SYNTHETIC_SIMULATOR,OK,28.712889,77.475682,31.775,114,31.67,114,0,835.6,120,,800.22,SEC_GZB_MTC,,GZB,MTC,40.225,282.225,CRUISING,,,,,-14.6,,,GREEN,NONE,FALSE,,FALSE,
OBS_000041,7:05:00,1200,12017,ROUTE_NDLS_DDN_01,SYNTHETIC_SIMULATOR,OK,28.719197,77.480994,32.725,114,31.67,114,0,835.6,120,,790.94,SEC_GZB_MTC,,GZB,MTC,39.275,281.275,CRUISING,,,,,-15.12,,,GREEN,NONE,FALSE,,FALSE,
OBS_000042,7:05:30,1230,12017,ROUTE_NDLS_DDN_01,SYNTHETIC_SIMULATOR,OK,28.725506,77.486306,33.675,114,31.67,114,0,835.6,120,,781.54,SEC_GZB_MTC,,GZB,MTC,38.325,280.325,CRUISING,,,,,-15.64,,,GREEN,NONE,FALSE,,FALSE,
OBS_000043,7:06:00,1260,12017,ROUTE_NDLS_DDN_01,SYNTHETIC_SIMULATOR,OK,28.731814,77.491618,34.625,114,31.67,114,0,835.6,120,,772.03,SEC_GZB_MTC,,GZB,MTC,37.375,279.375,CRUISING,,,,,-16.16,,,GREEN,NONE,FALSE,,FALSE,
OBS_000044,7:06:30,1290,12017,ROUTE_NDLS_DDN_01,SYNTHETIC_SIMULATOR,OK,28.738122,77.49693,35.575,114,31.67,114,0,835.6,120,,762.4,SEC_GZB_MTC,,GZB,MTC,36.425,278.425,CRUISING,,,,,-16.68,,,GREEN,NONE,FALSE,,FALSE,
OBS_000045,7:07:00,1320,12017,ROUTE_NDLS_DDN_01,SYNTHETIC_SIMULATOR,OK,28.744431,77.502242,36.525,114,31.67,114,0,835.6,120,,752.65,SEC_GZB_MTC,,GZB,MTC,35.475,277.475,CRUISING,,,,,-17.2,,,GREEN,NONE,FALSE,,FALSE,
OBS_000046,7:07:30,1350,12017,ROUTE_NDLS_DDN_01,SYNTHETIC_SIMULATOR,OK,28.750739,77.507554,37.475,114,31.67,114,0,835.6,120,,742.77,SEC_GZB_MTC,,GZB,MTC,34.525,276.525,CRUISING,,,,,-17.72,,,GREEN,NONE,FALSE,,FALSE,
OBS_000047,7:08:00,1380,12017,ROUTE_NDLS_DDN_01,SYNTHETIC_SIMULATOR,OK,28.757048,77.512866,38.425,114,31.67,114,0,835.6,120,,732.76,SEC_GZB_MTC,,GZB,MTC,33.575,275.575,CRUISING,,,,,-18.24,,,GREEN,NONE,FALSE,,FALSE,
OBS_000048,7:08:30,1410,12017,ROUTE_NDLS_DDN_01,SYNTHETIC_SIMULATOR,OK,28.763356,77.518178,39.375,114,31.67,114,0,835.6,120,,722.61,SEC_GZB_MTC,,GZB,MTC,32.625,274.625,CRUISING,,,,,-18.76,,,GREEN,NONE,FALSE,,FALSE,
OBS_000049,7:09:00,1440,12017,ROUTE_NDLS_DDN_01,SYNTHETIC_SIMULATOR,OK,28.769665,77.52349,40.325,114,31.67,114,0,835.6,120,,712.31,SEC_GZB_MTC,,GZB,MTC,31.675,273.675,CRUISING,,,,,-19.28,,,GREEN,NONE,FALSE,,FALSE,
OBS_000050,7:09:30,1470,12017,ROUTE_NDLS_DDN_01,SYNTHETIC_SIMULATOR,OK,28.775973,77.528801,41.275,114,31.67,114,0,835.6,120,,701.86,SEC_GZB_MTC,,GZB,MTC,30.725,272.725,CRUISING,,,,,-19.8,,,GREEN,NONE,FALSE,,FALSE,
OBS_000051,7:10:00,1500,12017,ROUTE_NDLS_DDN_01,SYNTHETIC_SIMULATOR,OK,28.782281,77.534113,42.225,114,31.67,114,0,835.6,120,,691.26,SEC_GZB_MTC,,GZB,MTC,29.775,271.775,CRUISING,,,,,-20.32,,,GREEN,NONE,FALSE,,FALSE,
OBS_000052,7:10:30,1530,12017,ROUTE_NDLS_DDN_01,SYNTHETIC_SIMULATOR,OK,28.78859,77.539425,43.175,114,31.67,114,0,835.6,120,,680.49,SEC_GZB_MTC,,GZB,MTC,28.825,270.825,CRUISING,,,,,-20.84,,,GREEN,NONE,FALSE,,FALSE,
OBS_000053,7:11:00,1560,12017,ROUTE_NDLS_DDN_01,SYNTHETIC_SIMULATOR,OK,28.794898,77.544737,44.125,114,31.67,114,0,835.6,120,,669.54,SEC_GZB_MTC,,GZB,MTC,27.875,269.875,CRUISING,,,,,-21.36,,,GREEN,NONE,FALSE,,FALSE,
OBS_000054,7:11:30,1590,12017,ROUTE_NDLS_DDN_01,SYNTHETIC_SIMULATOR,OK,28.801207,77.550049,45.075,114,31.67,114,0,835.6,120,,658.42,SEC_GZB_MTC,,GZB,MTC,26.925,268.925,CRUISING,,,,,-21.88,,,GREEN,NONE,FALSE,,FALSE,
OBS_000055,7:12:00,1620,12017,ROUTE_NDLS_DDN_01,SYNTHETIC_SIMULATOR,OK,28.807515,77.555361,46.025,114,31.67,114,0,835.6,120,,647.1,SEC_GZB_MTC,,GZB,MTC,25.975,267.975,CRUISING,,,,,-22.4,,,GREEN,NONE,FALSE,,FALSE,
OBS_000056,7:12:30,1650,12017,ROUTE_NDLS_DDN_01,SYNTHETIC_SIMULATOR,OK,28.813823,77.560673,46.975,114,31.67,114,0,835.6,120,,635.58,SEC_GZB_MTC,,GZB,MTC,25.025,267.025,CRUISING,,,,,-22.92,,,GREEN,NONE,FALSE,,FALSE,
OBS_000057,7:13:00,1680,12017,ROUTE_NDLS_DDN_01,SYNTHETIC_SIMULATOR,OK,28.820132,77.565985,47.925,114,31.67,114,0,835.6,120,,623.85,SEC_GZB_MTC,,GZB,MTC,24.075,266.075,CRUISING,,,,,-23.44,,,GREEN,NONE,FALSE,,FALSE,
OBS_000058,7:13:30,1710,12017,ROUTE_NDLS_DDN_01,SYNTHETIC_SIMULATOR,OK,28.82644,77.571297,48.875,114,31.67,114,0,835.6,120,,611.89,SEC_GZB_MTC,,GZB,MTC,23.125,265.125,CRUISING,,,,,-23.96,,,GREEN,NONE,FALSE,,FALSE,
OBS_000059,7:14:00,1740,12017,ROUTE_NDLS_DDN_01,SYNTHETIC_SIMULATOR,OK,28.832749,77.576609,49.825,114,31.67,114,0,835.6,120,,599.7,SEC_GZB_MTC,,GZB,MTC,22.175,264.175,CRUISING,,,,,-24.47,,,GREEN,NONE,FALSE,,FALSE,
OBS_000060,7:14:30,1770,12017,ROUTE_NDLS_DDN_01,SYNTHETIC_SIMULATOR,OK,28.839057,77.581921,50.775,114,31.67,114,0,835.6,120,,587.25,SEC_GZB_MTC,,GZB,MTC,21.225,263.225,CRUISING,,,,,-24.99,,,GREEN,NONE,FALSE,,FALSE,
OBS_000061,7:15:00,1800,12017,ROUTE_NDLS_DDN_01,SYNTHETIC_SIMULATOR,OK,28.845365,77.587233,51.725,114,31.67,114,0,835.6,120,,574.54,SEC_GZB_MTC,,GZB,MTC,20.275,262.275,CRUISING,,,,,-25.51,,,GREEN,NONE,FALSE,,FALSE,
OBS_000062,7:15:30,1830,12017,ROUTE_NDLS_DDN_01,SYNTHETIC_SIMULATOR,OK,28.851674,77.592544,52.675,114,31.67,114,0,835.6,120,,561.53,SEC_GZB_MTC,,GZB,MTC,19.325,261.325,CRUISING,,,,,-26.03,,,GREEN,NONE,FALSE,,FALSE,
OBS_000063,7:16:00,1860,12017,ROUTE_NDLS_DDN_01,SYNTHETIC_SIMULATOR,OK,28.857982,77.597856,53.625,114,31.67,114,0,835.6,120,,548.22,SEC_GZB_MTC,,GZB,MTC,18.375,260.375,CRUISING,,,,,-26.55,,,GREEN,NONE,FALSE,,FALSE,
OBS_000064,7:16:30,1890,12017,ROUTE_NDLS_DDN_01,SYNTHETIC_SIMULATOR,OK,28.864291,77.603168,54.575,114,31.67,114,0,835.6,120,,534.57,SEC_GZB_MTC,,GZB,MTC,17.425,259.425,CRUISING,,,,,-27.07,,,GREEN,NONE,FALSE,,FALSE,
OBS_000065,7:17:00,1920,12017,ROUTE_NDLS_DDN_01,SYNTHETIC_SIMULATOR,OK,28.870599,77.60848,55.525,114,31.67,114,0,835.6,120,,520.57,SEC_GZB_MTC,,GZB,MTC,16.475,258.475,CRUISING,,,,,-27.59,,,GREEN,NONE,FALSE,,FALSE,
OBS_000066,7:17:30,1950,12017,ROUTE_NDLS_DDN_01,SYNTHETIC_SIMULATOR,OK,28.876907,77.613792,56.475,114,31.67,114,0,835.6,120,,506.18,SEC_GZB_MTC,,GZB,MTC,15.525,257.525,CRUISING,,,,,-28.11,,,GREEN,NONE,FALSE,,FALSE,
OBS_000067,7:18:00,1980,12017,ROUTE_NDLS_DDN_01,SYNTHETIC_SIMULATOR,OK,28.883216,77.619104,57.425,114,31.67,114,0,835.6,120,,491.37,SEC_GZB_MTC,,GZB,MTC,14.575,256.575,CRUISING,,,,,-28.63,,,GREEN,NONE,FALSE,,FALSE,
OBS_000068,7:18:30,2010,12017,ROUTE_NDLS_DDN_01,SYNTHETIC_SIMULATOR,OK,28.889524,77.624416,58.375,114,31.67,114,0,835.6,120,,476.1,SEC_GZB_MTC,,GZB,MTC,13.625,255.625,CRUISING,,,,,-29.15,,,GREEN,NONE,FALSE,,FALSE,
OBS_000069,7:19:00,2040,12017,ROUTE_NDLS_DDN_01,SYNTHETIC_SIMULATOR,OK,28.895833,77.629728,59.325,114,31.67,114,0,835.6,120,,460.32,SEC_GZB_MTC,,GZB,MTC,12.675,254.675,CRUISING,,,,,-29.67,,,GREEN,NONE,FALSE,,FALSE,
OBS_000070,7:19:30,2070,12017,ROUTE_NDLS_DDN_01,SYNTHETIC_SIMULATOR,OK,28.902141,77.63504,60.275,114,31.67,114,0,835.6,120,,443.98,SEC_GZB_MTC,,GZB,MTC,11.725,253.725,CRUISING,,,,,-30.19,,,GREEN,NONE,FALSE,,FALSE,
OBS_000071,7:20:00,2100,12017,ROUTE_NDLS_DDN_01,SYNTHETIC_SIMULATOR,OK,28.908449,77.640352,61.225,114,31.67,114,0,835.6,120,,427.02,SEC_GZB_MTC,,GZB,MTC,10.775,252.775,CRUISING,,,,,-30.71,,,GREEN,NONE,FALSE,,FALSE,
OBS_000072,7:20:30,2130,12017,ROUTE_NDLS_DDN_01,SYNTHETIC_SIMULATOR,OK,28.914758,77.645664,62.175,114,31.67,114,0,835.6,120,,409.36,SEC_GZB_MTC,,GZB,MTC,9.825,251.825,CRUISING,,,,,-31.23,,,GREEN,NONE,FALSE,,FALSE,
OBS_000073,7:21:00,2160,12017,ROUTE_NDLS_DDN_01,SYNTHETIC_SIMULATOR,OK,28.921066,77.650976,63.125,114,31.67,114,0,835.6,120,,390.89,SEC_GZB_MTC,,GZB,MTC,8.875,250.875,CRUISING,,,,,-31.75,,,GREEN,NONE,FALSE,,FALSE,
OBS_000074,7:21:30,2190,12017,ROUTE_NDLS_DDN_01,SYNTHETIC_SIMULATOR,OK,28.927375,77.656287,64.075,114,31.67,114,0,835.6,120,,371.52,SEC_GZB_MTC,,GZB,MTC,7.925,249.925,CRUISING,,,,,-32.27,,,GREEN,NONE,FALSE,,FALSE,
OBS_000075,7:22:00,2220,12017,ROUTE_NDLS_DDN_01,SYNTHETIC_SIMULATOR,OK,28.933683,77.661599,65.025,114,31.67,114,0,835.6,120,,351.07,SEC_GZB_MTC,,GZB,MTC,6.975,248.975,CRUISING,,,,,-32.79,,,GREEN,NONE,FALSE,,FALSE,
OBS_000076,7:22:30,2250,12017,ROUTE_NDLS_DDN_01,SYNTHETIC_SIMULATOR,OK,28.939991,77.666911,65.975,114,31.67,114,0,835.6,120,,329.36,SEC_GZB_MTC,,GZB,MTC,6.025,248.025,CRUISING,,,,,-33.31,,,GREEN,NONE,FALSE,,FALSE,
OBS_000077,7:23:00,2280,12017,ROUTE_NDLS_DDN_01,SYNTHETIC_SIMULATOR,OK,28.9463,77.672223,66.925,114,31.67,114,0,835.6,120,,306.11,SEC_GZB_MTC,,GZB,MTC,5.075,247.075,CRUISING,,,,,-33.83,,,GREEN,NONE,FALSE,,FALSE,
OBS_000078,7:23:30,2310,12017,ROUTE_NDLS_DDN_01,SYNTHETIC_SIMULATOR,OK,28.952608,77.677535,67.875,114,31.67,114,0,835.6,120,,280.94,SEC_GZB_MTC,,GZB,MTC,4.125,246.125,CRUISING,,,,,-34.35,,,GREEN,NONE,FALSE,,FALSE,
OBS_000079,7:24:00,2340,12017,ROUTE_NDLS_DDN_01,SYNTHETIC_SIMULATOR,OK,28.958917,77.682847,68.825,114,31.67,114,0,835.6,120,,253.28,SEC_GZB_MTC,,GZB,MTC,3.175,245.175,CRUISING,,,,,-34.87,,,GREEN,NONE,FALSE,,FALSE,
OBS_000080,7:24:30,2370,12017,ROUTE_NDLS_DDN_01,SYNTHETIC_SIMULATOR,OK,28.965225,77.688159,69.775,114,31.67,114,0,835.6,120,,222.21,SEC_GZB_MTC,,GZB,MTC,2.225,244.225,CRUISING,,,,,-35.39,,,GREEN,NONE,FALSE,,FALSE,
OBS_000081,7:25:00,2400,12017,ROUTE_NDLS_DDN_01,SYNTHETIC_SIMULATOR,OK,28.971533,77.693471,70.725,114,31.67,114,0,835.6,120,,186.02,SEC_GZB_MTC,,GZB,MTC,1.275,243.275,CRUISING,,,,,-35.91,,,GREEN,NONE,FALSE,,FALSE,
OBS_000082,7:25:30,2430,12017,ROUTE_NDLS_DDN_01,SYNTHETIC_SIMULATOR,OK,28.977842,77.698783,71.675,114,31.67,114,0,835.6,120,,140.81,SEC_GZB_MTC,,GZB,MTC,0.325,242.325,CRUISING,,,,,-36.43,,,GREEN,NONE,FALSE,,FALSE,
OBS_000083,7:26:00,2460,12017,ROUTE_NDLS_DDN_01,SYNTHETIC_SIMULATOR,OK,28.978772,77.699566,71.815,49.2,13.67,71.09,-0.6,155.6,120,,71.09,SEC_GZB_MTC,,GZB,MTC,0.185,242.185,DECELERATING,,,,,-36.08,,,GREEN,NONE,FALSE,,FALSE,
OBS_000084,7:26:30,2490,12017,ROUTE_NDLS_DDN_01,SYNTHETIC_SIMULATOR,OK,28.98,77.7006,72,0,0,53.64,0,0,120,,53.64,SEC_GZB_MTC,MTC,MTC,MOZ,56,242,DWELLING,ARRIVED,7:26:30,,,-35.77,-28.5,,GREEN,NONE,FALSE,,FALSE,
OBS_000085,7:27:00,2520,12017,ROUTE_NDLS_DDN_01,SYNTHETIC_SIMULATOR,OK,28.98,77.7006,72,0,0,0,0,0,110,,0,,MTC,MTC,MOZ,56,242,DWELLING,,,,,-35.27,,,GREEN,NONE,FALSE,,FALSE,
OBS_000086,7:27:30,2550,12017,ROUTE_NDLS_DDN_01,SYNTHETIC_SIMULATOR,OK,28.98,77.7006,72,0,0,0,0,0,110,,0,,MTC,MTC,MOZ,56,242,DWELLING,,,,,-34.77,,,GREEN,NONE,FALSE,,FALSE,
OBS_000087,7:28:00,2580,12017,ROUTE_NDLS_DDN_01,SYNTHETIC_SIMULATOR,OK,28.98,77.7006,72,0,0,0,0,0,110,,0,,MTC,MTC,MOZ,56,242,DWELLING,,,,,-34.27,,,GREEN,NONE,FALSE,,FALSE,
OBS_000088,7:28:30,2610,12017,ROUTE_NDLS_DDN_01,SYNTHETIC_SIMULATOR,OK,28.98,77.7006,72,0,0,0,0,0,110,,0,,MTC,MTC,MOZ,56,242,DWELLING,,,,,-33.77,,,GREEN,NONE,FALSE,,FALSE,
OBS_000089,7:29:00,2640,12017,ROUTE_NDLS_DDN_01,SYNTHETIC_SIMULATOR,OK,28.98,77.7006,72,0,0,0,0,0,110,,0,,MTC,MTC,MOZ,56,242,DWELLING,,,,,-33.27,,,GREEN,NONE,FALSE,,FALSE,
OBS_000090,7:29:30,2670,12017,ROUTE_NDLS_DDN_01,SYNTHETIC_SIMULATOR,OK,28.98,77.7006,72.675,54,15,104.5,0.5,187.5,110,,933.23,SEC_MTC_MOZ,MTC,MTC,MOZ,55.325,241.325,ACCELERATING,DEPARTED,,7:29:30,3,-33.5,,-28.5,GREEN,NONE,FALSE,,FALSE,
OBS_000091,7:30:00,2700,12017,ROUTE_NDLS_DDN_01,SYNTHETIC_SIMULATOR,OK,28.99558,77.70085,73.771,104.5,29.03,104.5,0.5,702.2,110,,927.59,SEC_MTC_MOZ,,MTC,MOZ,54.229,240.229,ACCELERATING,,,,,-34.17,,,GREEN,NONE,FALSE,,FALSE,
OBS_000092,7:30:30,2730,12017,ROUTE_NDLS_DDN_01,SYNTHETIC_SIMULATOR,OK,29.003242,77.700973,74.642,104.5,29.03,104.5,0,702.2,110,,918.35,SEC_MTC_MOZ,,MTC,MOZ,53.358,239.358,CRUISING,,,,,-34.61,,,GREEN,NONE,FALSE,,FALSE,
OBS_000093,7:31:00,2760,12017,ROUTE_NDLS_DDN_01,SYNTHETIC_SIMULATOR,OK,29.010904,77.701096,75.512,104.5,29.03,104.5,0,702.2,110,,910.95,SEC_MTC_MOZ,,MTC,MOZ,52.488,238.488,CRUISING,,,,,-35.04,,,GREEN,NONE,FALSE,,FALSE,
OBS_000094,7:31:30,2790,12017,ROUTE_NDLS_DDN_01,SYNTHETIC_SIMULATOR,OK,29.018566,77.701218,76.383,104.5,29.03,104.5,0,702.2,110,,903.49,SEC_MTC_MOZ,,MTC,MOZ,51.617,237.617,CRUISING,,,,,-35.48,,,GREEN,NONE,FALSE,,FALSE,
OBS_000095,7:32:00,2820,12017,ROUTE_NDLS_DDN_01,SYNTHETIC_SIMULATOR,OK,29.026227,77.701341,77.254,104.5,29.03,104.5,0,702.2,110,,895.96,SEC_MTC_MOZ,,MTC,MOZ,50.746,236.746,CRUISING,,,,,-35.91,,,GREEN,NONE,FALSE,,FALSE,
OBS_000096,7:32:30,2850,12017,ROUTE_NDLS_DDN_01,SYNTHETIC_SIMULATOR,OK,29.033889,77.701464,78.125,104.5,29.03,104.5,0,702.2,110,,888.37,SEC_MTC_MOZ,,MTC,MOZ,49.875,235.875,CRUISING,,,,,-36.35,,,GREEN,NONE,FALSE,,FALSE,
OBS_000097,7:33:00,2880,12017,ROUTE_NDLS_DDN_01,SYNTHETIC_SIMULATOR,OK,29.041551,77.701587,78.996,104.5,29.03,104.5,0,702.2,110,,880.71,SEC_MTC_MOZ,,MTC,MOZ,49.004,235.004,CRUISING,,,,,-36.78,,,GREEN,NONE,FALSE,,FALSE,
OBS_000098,7:33:30,2910,12017,ROUTE_NDLS_DDN_01,SYNTHETIC_SIMULATOR,OK,29.049213,77.70171,79.867,104.5,29.03,104.5,0,702.2,110,,872.99,SEC_MTC_MOZ,,MTC,MOZ,48.133,234.133,CRUISING,,,,,-37.22,,,GREEN,NONE,FALSE,,FALSE,
OBS_000099,7:34:00,2940,12017,ROUTE_NDLS_DDN_01,SYNTHETIC_SIMULATOR,OK,29.056874,77.701833,80.737,104.5,29.03,104.5,0,702.2,110,,865.2,SEC_MTC_MOZ,,MTC,MOZ,47.263,233.263,CRUISING,,,,,-37.65,,,GREEN,NONE,FALSE,,FALSE,
OBS_000100,7:34:30,2970,12017,ROUTE_NDLS_DDN_01,SYNTHETIC_SIMULATOR,OK,29.064536,77.701955,81.608,104.5,29.03,104.5,0,702.2,110,,857.34,SEC_MTC_MOZ,,MTC,MOZ,46.392,232.392,CRUISING,,,,,-38.09,,,GREEN,NONE,FALSE,,FALSE,
OBS_000101,7:35:00,3000,12017,ROUTE_NDLS_DDN_01,SYNTHETIC_SIMULATOR,OK,29.072198,77.702078,82.479,104.5,29.03,104.5,0,702.2,110,,849.4,SEC_MTC_MOZ,,MTC,MOZ,45.521,231.521,CRUISING,,,,,-38.52,,,GREEN,NONE,FALSE,,FALSE,
OBS_000102,7:35:30,3030,12017,ROUTE_NDLS_DDN_01,SYNTHETIC_SIMULATOR,OK,29.07986,77.702201,83.35,104.5,29.03,104.5,0,702.2,110,,841.39,SEC_MTC_MOZ,,MTC,MOZ,44.65,230.65,CRUISING,,,,,-38.96,,,GREEN,NONE,FALSE,,FALSE,
OBS_000103,7:36:00,3060,12017,ROUTE_NDLS_DDN_01,SYNTHETIC_SIMULATOR,OK,29.087522,77.702324,84.221,104.5,29.03,104.5,0,702.2,110,,833.3,SEC_MTC_MOZ,,MTC,MOZ,43.779,229.779,CRUISING,,,,,-39.39,,,GREEN,NONE,FALSE,,FALSE,
OBS_000104,7:36:30,3090,12017,ROUTE_NDLS_DDN_01,SYNTHETIC_SIMULATOR,OK,29.095183,77.702447,85.092,104.5,29.03,104.5,0,702.2,110,,825.14,SEC_MTC_MOZ,,MTC,MOZ,42.908,228.908,CRUISING,,,,,-39.82,,,GREEN,NONE,FALSE,,FALSE,
OBS_000105,7:37:00,3120,12017,ROUTE_NDLS_DDN_01,SYNTHETIC_SIMULATOR,OK,29.102845,77.70257,85.962,104.5,29.03,104.5,0,702.2,110,,816.89,SEC_MTC_MOZ,,MTC,MOZ,42.038,228.038,CRUISING,,,,,-40.26,,,GREEN,NONE,FALSE,,FALSE,
OBS_000106,7:37:30,3150,12017,ROUTE_NDLS_DDN_01,SYNTHETIC_SIMULATOR,OK,29.110507,77.702693,86.833,104.5,29.03,104.5,0,702.2,110,,808.56,SEC_MTC_MOZ,,MTC,MOZ,41.167,227.167,CRUISING,,,,,-40.69,,,GREEN,NONE,FALSE,,FALSE,
OBS_000107,7:38:00,3180,12017,ROUTE_NDLS_DDN_01,SYNTHETIC_SIMULATOR,OK,29.118169,77.702815,87.704,104.5,29.03,104.5,0,702.2,110,,800.14,SEC_MTC_MOZ,,MTC,MOZ,40.296,226.296,CRUISING,,,,,-41.13,,,GREEN,NONE,FALSE,,FALSE,
OBS_000108,7:38:30,3210,12017,ROUTE_NDLS_DDN_01,SYNTHETIC_SIMULATOR,OK,29.12583,77.702938,88.575,104.5,29.03,104.5,0,702.2,110,,791.63,SEC_MTC_MOZ,,MTC,MOZ,39.425,225.425,CRUISING,,,,,-41.56,,,GREEN,NONE,FALSE,,FALSE,
OBS_000109,7:39:00,3240,12017,ROUTE_NDLS_DDN_01,SYNTHETIC_SIMULATOR,OK,29.133492,77.703061,89.446,104.5,29.03,104.5,0,702.2,110,,783.03,SEC_MTC_MOZ,,MTC,MOZ,38.554,224.554,CRUISING,,,,,-42,,,GREEN,NONE,FALSE,,FALSE,
OBS_000110,7:39:30,3270,12017,ROUTE_NDLS_DDN_01,SYNTHETIC_SIMULATOR,OK,29.141154,77.703184,90.317,104.5,29.03,104.5,0,702.2,110,,774.33,SEC_MTC_MOZ,,MTC,MOZ,37.683,223.683,CRUISING,,,,,-42.43,,,GREEN,NONE,FALSE,,FALSE,
OBS_000111,7:40:00,3300,12017,ROUTE_NDLS_DDN_01,SYNTHETIC_SIMULATOR,OK,29.148816,77.703307,91.187,104.5,29.03,104.5,0,702.2,110,,765.54,SEC_MTC_MOZ,,MTC,MOZ,36.813,222.813,CRUISING,,,,,-42.87,,,GREEN,NONE,FALSE,,FALSE,
OBS_000112,7:40:30,3330,12017,ROUTE_NDLS_DDN_01,SYNTHETIC_SIMULATOR,OK,29.156478,77.70343,92.058,104.5,29.03,104.5,0,702.2,110,,756.64,SEC_MTC_MOZ,,MTC,MOZ,35.942,221.942,CRUISING,,,,,-43.3,,,GREEN,NONE,FALSE,,FALSE,
OBS_000113,7:41:00,3360,12017,ROUTE_NDLS_DDN_01,SYNTHETIC_SIMULATOR,OK,29.164139,77.703553,92.929,104.5,29.03,104.5,0,702.2,110,,747.64,SEC_MTC_MOZ,,MTC,MOZ,35.071,221.071,CRUISING,,,,,-43.74,,,GREEN,NONE,FALSE,,FALSE,
OBS_000114,7:41:30,3390,12017,ROUTE_NDLS_DDN_01,SYNTHETIC_SIMULATOR,OK,29.171801,77.703675,93.8,104.5,29.03,104.5,0,702.2,110,,738.53,SEC_MTC_MOZ,,MTC,MOZ,34.2,220.2,CRUISING,,,,,-44.17,,,GREEN,NONE,FALSE,,FALSE,
OBS_000115,7:42:00,3420,12017,ROUTE_NDLS_DDN_01,SYNTHETIC_SIMULATOR,OK,29.179463,77.703798,94.671,104.5,29.03,104.5,0,702.2,110,,729.3,SEC_MTC_MOZ,,MTC,MOZ,33.329,219.329,CRUISING,,,,,-44.61,,,GREEN,NONE,FALSE,,FALSE,
OBS_000116,7:42:30,3450,12017,ROUTE_NDLS_DDN_01,SYNTHETIC_SIMULATOR,OK,29.187125,77.703921,95.542,104.5,29.03,104.5,0,702.2,110,,719.95,SEC_MTC_MOZ,,MTC,MOZ,32.458,218.458,CRUISING,,,,,-45.04,,,GREEN,NONE,FALSE,,FALSE,
OBS_000117,7:43:00,3480,12017,ROUTE_NDLS_DDN_01,SYNTHETIC_SIMULATOR,OK,29.194786,77.704044,96.412,104.5,29.03,104.5,0,702.2,110,,710.49,SEC_MTC_MOZ,,MTC,MOZ,31.588,217.588,CRUISING,,,,,-45.47,,,GREEN,NONE,FALSE,,FALSE,
OBS_000118,7:43:30,3510,12017,ROUTE_NDLS_DDN_01,SYNTHETIC_SIMULATOR,OK,29.202448,77.704167,97.283,104.5,29.03,104.5,0,702.2,110,,700.89,SEC_MTC_MOZ,,MTC,MOZ,30.717,216.717,CRUISING,,,,,-45.91,,,GREEN,NONE,FALSE,,FALSE,
OBS_000119,7:44:00,3540,12017,ROUTE_NDLS_DDN_01,SYNTHETIC_SIMULATOR,OK,29.21011,77.70429,98.154,104.5,29.03,104.5,0,702.2,110,,691.16,SEC_MTC_MOZ,,MTC,MOZ,29.846,215.846,CRUISING,,,,,-46.34,,,GREEN,NONE,FALSE,,FALSE,
OBS_000120,7:44:30,3570,12017,ROUTE_NDLS_DDN_01,SYNTHETIC_SIMULATOR,OK,29.217772,77.704412,99.025,104.5,29.03,104.5,0,702.2,110,,681.29,SEC_MTC_MOZ,,MTC,MOZ,28.975,214.975,CRUISING,,,,,-46.78,,,GREEN,NONE,FALSE,,FALSE,
OBS_000121,7:45:00,3600,12017,ROUTE_NDLS_DDN_01,SYNTHETIC_SIMULATOR,OK,29.225434,77.704535,99.896,104.5,29.03,104.5,0,702.2,110,,671.28,SEC_MTC_MOZ,,MTC,MOZ,28.104,214.104,CRUISING,,,,,-47.21,,,GREEN,NONE,FALSE,,FALSE,
OBS_000122,7:45:30,3630,12017,ROUTE_NDLS_DDN_01,SYNTHETIC_SIMULATOR,OK,29.233095,77.704658,100.767,104.5,29.03,104.5,0,702.2,110,,661.12,SEC_MTC_MOZ,,MTC,MOZ,27.233,213.233,CRUISING,,,,,-47.65,,,GREEN,NONE,FALSE,,FALSE,
OBS_000123,7:46:00,3660,12017,ROUTE_NDLS_DDN_01,SYNTHETIC_SIMULATOR,OK,29.240757,77.704781,101.637,104.5,29.03,104.5,0,702.2,110,,650.79,SEC_MTC_MOZ,,MTC,MOZ,26.363,212.363,CRUISING,,,,,-48.08,,,GREEN,NONE,FALSE,,FALSE,
OBS_000124,7:46:30,3690,12017,ROUTE_NDLS_DDN_01,SYNTHETIC_SIMULATOR,OK,29.248419,77.704904,102.508,104.5,29.03,104.5,0,702.2,110,,640.3,SEC_MTC_MOZ,,MTC,MOZ,25.492,211.492,CRUISING,,,,,-48.52,,,GREEN,NONE,FALSE,,FALSE,
OBS_000125,7:47:00,3720,12017,ROUTE_NDLS_DDN_01,SYNTHETIC_SIMULATOR,OK,29.256081,77.705027,103.379,104.5,29.03,104.5,0,702.2,110,,629.64,SEC_MTC_MOZ,,MTC,MOZ,24.621,210.621,CRUISING,,,,,-48.95,,,GREEN,NONE,FALSE,,FALSE,
OBS_000126,7:47:30,3750,12017,ROUTE_NDLS_DDN_01,SYNTHETIC_SIMULATOR,OK,29.263742,77.70515,104.25,104.5,29.03,104.5,0,702.2,110,,618.79,SEC_MTC_MOZ,,MTC,MOZ,23.75,209.75,CRUISING,,,,,-49.39,,,GREEN,NONE,FALSE,,FALSE,
OBS_000127,7:48:00,3780,12017,ROUTE_NDLS_DDN_01,SYNTHETIC_SIMULATOR,OK,29.271404,77.705272,105.121,104.5,29.03,104.5,0,702.2,110,,607.75,SEC_MTC_MOZ,,MTC,MOZ,22.879,208.879,CRUISING,,,,,-49.82,,,GREEN,NONE,FALSE,,FALSE,
OBS_000128,7:48:30,3810,12017,ROUTE_NDLS_DDN_01,SYNTHETIC_SIMULATOR,OK,29.279066,77.705395,105.992,104.5,29.03,104.5,0,702.2,110,,596.5,SEC_MTC_MOZ,,MTC,MOZ,22.008,208.008,CRUISING,,,,,-50.26,,,GREEN,NONE,FALSE,,FALSE,
OBS_000129,7:49:00,3840,12017,ROUTE_NDLS_DDN_01,SYNTHETIC_SIMULATOR,OK,29.286728,77.705518,106.862,104.5,29.03,104.5,0,702.2,110,,585.04,SEC_MTC_MOZ,,MTC,MOZ,21.138,207.138,CRUISING,,,,,-50.69,,,GREEN,NONE,FALSE,,FALSE,
OBS_000130,7:49:30,3870,12017,ROUTE_NDLS_DDN_01,SYNTHETIC_SIMULATOR,OK,29.29439,77.705641,107.733,104.5,29.03,104.5,0,702.2,110,,573.35,SEC_MTC_MOZ,,MTC,MOZ,20.267,206.267,CRUISING,,,,,-51.12,,,GREEN,NONE,FALSE,,FALSE,
OBS_000131,7:50:00,3900,12017,ROUTE_NDLS_DDN_01,SYNTHETIC_SIMULATOR,OK,29.302051,77.705764,108.604,104.5,29.03,104.5,0,702.2,110,,561.42,SEC_MTC_MOZ,,MTC,MOZ,19.396,205.396,CRUISING,,,,,-51.56,,,GREEN,NONE,FALSE,,FALSE,
OBS_000132,7:50:30,3930,12017,ROUTE_NDLS_DDN_01,SYNTHETIC_SIMULATOR,OK,29.309713,77.705887,109.475,104.5,29.03,104.5,0,702.2,110,,549.22,SEC_MTC_MOZ,,MTC,MOZ,18.525,204.525,CRUISING,,,,,-51.99,,,GREEN,NONE,FALSE,,FALSE,
OBS_000133,7:51:00,3960,12017,ROUTE_NDLS_DDN_01,SYNTHETIC_SIMULATOR,OK,29.317375,77.70601,110.346,104.5,29.03,104.5,0,702.2,110,,536.75,SEC_MTC_MOZ,,MTC,MOZ,17.654,203.654,CRUISING,,,,,-52.43,,,GREEN,NONE,FALSE,,FALSE,
OBS_000134,7:51:30,3990,12017,ROUTE_NDLS_DDN_01,SYNTHETIC_SIMULATOR,OK,29.325037,77.706132,111.217,104.5,29.03,104.5,0,702.2,110,,523.98,SEC_MTC_MOZ,,MTC,MOZ,16.783,202.783,CRUISING,,,,,-52.86,,,GREEN,NONE,FALSE,,FALSE,
OBS_000135,7:52:00,4020,12017,ROUTE_NDLS_DDN_01,SYNTHETIC_SIMULATOR,OK,29.332698,77.706255,112.087,104.5,29.03,104.5,0,702.2,110,,510.9,SEC_MTC_MOZ,,MTC,MOZ,15.913,201.913,CRUISING,,,,,-53.3,,,GREEN,NONE,FALSE,,FALSE,
OBS_000136,7:52:30,4050,12017,ROUTE_NDLS_DDN_01,SYNTHETIC_SIMULATOR,OK,29.34036,77.706378,112.958,104.5,29.03,104.5,0,702.2,110,,497.46,SEC_MTC_MOZ,,MTC,MOZ,15.042,201.042,CRUISING,,,,,-53.73,,,GREEN,NONE,FALSE,,FALSE,
OBS_000137,7:53:00,4080,12017,ROUTE_NDLS_DDN_01,SYNTHETIC_SIMULATOR,OK,29.348022,77.706501,113.829,104.5,29.03,104.5,0,702.2,110,,483.66,SEC_MTC_MOZ,,MTC,MOZ,14.171,200.171,CRUISING,,,,,-54.17,,,GREEN,NONE,FALSE,,FALSE,
OBS_000138,7:53:30,4110,12017,ROUTE_NDLS_DDN_01,SYNTHETIC_SIMULATOR,OK,29.355684,77.706624,114.7,104.5,29.03,104.5,0,702.2,110,,469.45,SEC_MTC_MOZ,,MTC,MOZ,13.3,199.3,CRUISING,,,,,-54.6,,,GREEN,NONE,FALSE,,FALSE,
OBS_000139,7:54:00,4140,12017,ROUTE_NDLS_DDN_01,SYNTHETIC_SIMULATOR,OK,29.363346,77.706747,115.571,104.5,29.03,104.5,0,702.2,110,,454.8,SEC_MTC_MOZ,,MTC,MOZ,12.429,198.429,CRUISING,,,,,-55.04,,,GREEN,NONE,FALSE,,FALSE,
OBS_000140,7:54:30,4170,12017,ROUTE_NDLS_DDN_01,SYNTHETIC_SIMULATOR,OK,29.371007,77.706869,116.442,104.5,29.03,104.5,0,702.2,110,,439.66,SEC_MTC_MOZ,,MTC,MOZ,11.558,197.558,CRUISING,,,,,-55.47,,,GREEN,NONE,FALSE,,FALSE,
OBS_000141,7:55:00,4200,12017,ROUTE_NDLS_DDN_01,SYNTHETIC_SIMULATOR,OK,29.378669,77.706992,117.312,104.5,29.03,104.5,0,702.2,110,,423.98,SEC_MTC_MOZ,,MTC,MOZ,10.688,196.688,CRUISING,,,,,-55.91,,,GREEN,NONE,FALSE,,FALSE,
OBS_000142,7:55:30,4230,12017,ROUTE_NDLS_DDN_01,SYNTHETIC_SIMULATOR,OK,29.386331,77.707115,118.183,104.5,29.03,104.5,0,702.2,110,,407.69,SEC_MTC_MOZ,,MTC,MOZ,9.817,195.817,CRUISING,,,,,-56.34,,,GREEN,NONE,FALSE,,FALSE,
OBS_000143,7:56:00,4260,12017,ROUTE_NDLS_DDN_01,SYNTHETIC_SIMULATOR,OK,29.393993,77.707238,119.054,104.5,29.03,104.5,0,702.2,110,,390.73,SEC_MTC_MOZ,,MTC,MOZ,8.946,194.946,CRUISING,,,,,-56.77,,,GREEN,NONE,FALSE,,FALSE,
OBS_000144,7:56:30,4290,12017,ROUTE_NDLS_DDN_01,SYNTHETIC_SIMULATOR,OK,29.401654,77.707361,119.925,104.5,29.03,104.5,0,702.2,110,,373,SEC_MTC_MOZ,,MTC,MOZ,8.075,194.075,CRUISING,,,,,-57.21,,,GREEN,NONE,FALSE,,FALSE,
OBS_000145,7:57:00,4320,12017,ROUTE_NDLS_DDN_01,SYNTHETIC_SIMULATOR,OK,29.409316,77.707484,120.796,104.5,29.03,104.5,0,702.2,110,,354.38,SEC_MTC_MOZ,,MTC,MOZ,7.204,193.204,CRUISING,,,,,-57.64,,,GREEN,NONE,FALSE,,FALSE,
OBS_000146,7:57:30,4350,12017,ROUTE_NDLS_DDN_01,SYNTHETIC_SIMULATOR,OK,29.416978,77.707607,121.667,104.5,29.03,104.5,0,702.2,110,,334.72,SEC_MTC_MOZ,,MTC,MOZ,6.333,192.333,CRUISING,,,,,-58.08,,,GREEN,NONE,FALSE,,FALSE,
OBS_000147,7:58:00,4380,12017,ROUTE_NDLS_DDN_01,SYNTHETIC_SIMULATOR,OK,29.42464,77.707729,122.537,104.5,29.03,104.5,0,702.2,110,,313.84,SEC_MTC_MOZ,,MTC,MOZ,5.463,191.463,CRUISING,,,,,-58.51,,,GREEN,NONE,FALSE,,FALSE,
OBS_000148,7:58:30,4410,12017,ROUTE_NDLS_DDN_01,SYNTHETIC_SIMULATOR,OK,29.432302,77.707852,123.408,104.5,29.03,104.5,0,702.2,110,,291.47,SEC_MTC_MOZ,,MTC,MOZ,4.592,190.592,CRUISING,,,,,-58.95,,,GREEN,NONE,FALSE,,FALSE,
OBS_000149,7:59:00,4440,12017,ROUTE_NDLS_DDN_01,SYNTHETIC_SIMULATOR,OK,29.439963,77.707975,124.279,104.5,29.03,104.5,0,702.2,110,,267.23,SEC_MTC_MOZ,,MTC,MOZ,3.721,189.721,CRUISING,,,,,-59.38,,,GREEN,NONE,FALSE,,FALSE,
OBS_000150,7:59:30,4470,12017,ROUTE_NDLS_DDN_01,SYNTHETIC_SIMULATOR,OK,29.447625,77.708098,125.15,104.5,29.03,104.5,0,702.2,110,,240.55,SEC_MTC_MOZ,,MTC,MOZ,2.85,188.85,CRUISING,,,,,-59.82,,,GREEN,NONE,FALSE,,FALSE,
OBS_000151,8:00:00,4500,12017,ROUTE_NDLS_DDN_01,SYNTHETIC_SIMULATOR,OK,29.455287,77.708221,126.021,104.5,29.03,104.5,0,702.2,110,,210.53,SEC_MTC_MOZ,,MTC,MOZ,1.979,187.979,CRUISING,,,,,-60.25,,,GREEN,NONE,FALSE,,FALSE,
OBS_000152,8:00:30,4530,12017,ROUTE_NDLS_DDN_01,SYNTHETIC_SIMULATOR,OK,29.462949,77.708344,126.892,104.5,29.03,104.5,0,702.2,110,,175.44,SEC_MTC_MOZ,,MTC,MOZ,1.108,187.108,CRUISING,,,,,-60.69,,,GREEN,NONE,FALSE,,FALSE,
OBS_000153,8:01:00,4560,12017,ROUTE_NDLS_DDN_01,SYNTHETIC_SIMULATOR,OK,29.47061,77.708466,127.762,104.5,29.03,104.5,0,702.2,110,,131.29,SEC_MTC_MOZ,,MTC,MOZ,0.238,186.238,CRUISING,,,,,-61.12,,,GREEN,NONE,FALSE,,FALSE,
OBS_000154,8:01:30,4590,12017,ROUTE_NDLS_DDN_01,SYNTHETIC_SIMULATOR,OK,29.471146,77.708475,127.823,39.7,11.03,60.77,-0.6,101.3,110,,60.77,SEC_MTC_MOZ,,MTC,MOZ,0.177,186.177,DECELERATING,,,,,-60.69,,,GREEN,NONE,FALSE,,FALSE,
OBS_000155,8:02:00,4620,12017,ROUTE_NDLS_DDN_01,SYNTHETIC_SIMULATOR,OK,29.4727,77.7085,128,0,0,52.42,0,0,110,,52.42,SEC_MTC_MOZ,MOZ,MOZ,SRE,59,186,DWELLING,ARRIVED,8:02:00,,,-60.38,-41,,GREEN,NONE,FALSE,,FALSE,
OBS_000156,8:02:30,4650,12017,ROUTE_NDLS_DDN_01,SYNTHETIC_SIMULATOR,OK,29.4727,77.7085,128,0,0,0,0,0,100,,0,,MOZ,MOZ,SRE,59,186,DWELLING,,,,,-59.88,,,GREEN,NONE,FALSE,,FALSE,
OBS_000157,8:03:00,4680,12017,ROUTE_NDLS_DDN_01,SYNTHETIC_SIMULATOR,OK,29.4727,77.7085,128,0,0,0,0,0,100,,0,,MOZ,MOZ,SRE,59,186,DWELLING,,,,,-59.38,,,GREEN,NONE,FALSE,,FALSE,
OBS_000158,8:03:30,4710,12017,ROUTE_NDLS_DDN_01,SYNTHETIC_SIMULATOR,OK,29.4727,77.7085,128,0,0,0,0,0,100,,0,,MOZ,MOZ,SRE,59,186,DWELLING,,,,,-58.88,,,GREEN,NONE,FALSE,,FALSE,
OBS_000159,8:04:00,4740,12017,ROUTE_NDLS_DDN_01,SYNTHETIC_SIMULATOR,OK,29.4727,77.7085,128.675,54,15,95,0.5,187.5,100,,957.9,SEC_MOZ_SRE,MOZ,MOZ,SRE,58.325,185.325,ACCELERATING,DEPARTED,,8:04:00,2,-59.1,,-41,GREEN,NONE,FALSE,,FALSE,
OBS_000160,8:04:30,4770,12017,ROUTE_NDLS_DDN_01,SYNTHETIC_SIMULATOR,OK,29.486787,77.703841,129.692,95,26.39,95,0.5,580.3,100,,952.4,SEC_MOZ_SRE,,MOZ,SRE,57.308,184.308,ACCELERATING,,,,,-59.69,,,GREEN,NONE,FALSE,,FALSE,
OBS_000161,8:05:00,4800,12017,ROUTE_NDLS_DDN_01,SYNTHETIC_SIMULATOR,OK,29.493379,77.70166,130.483,95,26.39,95,0,580.3,100,,944.07,SEC_MOZ_SRE,,MOZ,SRE,56.517,183.517,CRUISING,,,,,-60.04,,,GREEN,NONE,FALSE,,FALSE,
OBS_000162,8:05:30,4830,12017,ROUTE_NDLS_DDN_01,SYNTHETIC_SIMULATOR,OK,29.499971,77.69948,131.275,95,26.39,95,0,580.3,100,,937.52,SEC_MOZ_SRE,,MOZ,SRE,55.725,182.725,CRUISING,,,,,-60.39,,,GREEN,NONE,FALSE,,FALSE,
OBS_000163,8:06:00,4860,12017,ROUTE_NDLS_DDN_01,SYNTHETIC_SIMULATOR,OK,29.506564,77.697299,132.067,95,26.39,95,0,580.3,100,,930.93,SEC_MOZ_SRE,,MOZ,SRE,54.933,181.933,CRUISING,,,,,-60.74,,,GREEN,NONE,FALSE,,FALSE,
OBS_000164,8:06:30,4890,12017,ROUTE_NDLS_DDN_01,SYNTHETIC_SIMULATOR,OK,29.513156,77.695119,132.858,95,26.39,95,0,580.3,100,,924.3,SEC_MOZ_SRE,,MOZ,SRE,54.142,181.142,CRUISING,,,,,-61.09,,,GREEN,NONE,FALSE,,FALSE,
OBS_000165,8:07:00,4920,12017,ROUTE_NDLS_DDN_01,SYNTHETIC_SIMULATOR,OK,29.519748,77.692939,133.65,95,26.39,95,0,580.3,100,,917.61,SEC_MOZ_SRE,,MOZ,SRE,53.35,180.35,CRUISING,,,,,-61.44,,,GREEN,NONE,FALSE,,FALSE,
OBS_000166,8:07:30,4950,12017,ROUTE_NDLS_DDN_01,SYNTHETIC_SIMULATOR,OK,29.526341,77.690758,134.442,95,26.39,95,0,580.3,100,,910.88,SEC_MOZ_SRE,,MOZ,SRE,52.558,179.558,CRUISING,,,,,-61.79,,,GREEN,NONE,FALSE,,FALSE,
OBS_000167,8:08:00,4980,12017,ROUTE_NDLS_DDN_01,SYNTHETIC_SIMULATOR,OK,29.532933,77.688578,135.233,95,26.39,95,0,580.3,100,,904.09,SEC_MOZ_SRE,,MOZ,SRE,51.767,178.767,CRUISING,,,,,-62.14,,,GREEN,NONE,FALSE,,FALSE,
OBS_000168,8:08:30,5010,12017,ROUTE_NDLS_DDN_01,SYNTHETIC_SIMULATOR,OK,29.539525,77.686397,136.025,95,26.39,95,0,580.3,100,,897.26,SEC_MOZ_SRE,,MOZ,SRE,50.975,177.975,CRUISING,,,,,-62.49,,,GREEN,NONE,FALSE,,FALSE,
OBS_000169,8:09:00,5040,12017,ROUTE_NDLS_DDN_01,SYNTHETIC_SIMULATOR,OK,29.546117,77.684217,136.817,95,26.39,95,0,580.3,100,,890.37,SEC_MOZ_SRE,,MOZ,SRE,50.183,177.183,CRUISING,,,,,-62.84,,,GREEN,NONE,FALSE,,FALSE,
OBS_000170,8:09:30,5070,12017,ROUTE_NDLS_DDN_01,SYNTHETIC_SIMULATOR,OK,29.55271,77.682036,137.608,95,26.39,95,0,580.3,100,,883.43,SEC_MOZ_SRE,,MOZ,SRE,49.392,176.392,CRUISING,,,,,-63.19,,,GREEN,NONE,FALSE,,FALSE,
OBS_000171,8:10:00,5100,12017,ROUTE_NDLS_DDN_01,SYNTHETIC_SIMULATOR,OK,29.559302,77.679856,138.4,95,26.39,95,0,580.3,100,,876.44,SEC_MOZ_SRE,,MOZ,SRE,48.6,175.6,CRUISING,,,,,-63.54,,,GREEN,NONE,FALSE,,FALSE,
OBS_000172,8:10:30,5130,12017,ROUTE_NDLS_DDN_01,SYNTHETIC_SIMULATOR,OK,29.565894,77.677675,139.192,95,26.39,95,0,580.3,100,,869.38,SEC_MOZ_SRE,,MOZ,SRE,47.808,174.808,CRUISING,,,,,-63.89,,,GREEN,NONE,FALSE,,FALSE,
OBS_000173,8:11:00,5160,12017,ROUTE_NDLS_DDN_01,SYNTHETIC_SIMULATOR,OK,29.572487,77.675495,139.983,95,26.39,95,0,580.3,100,,862.27,SEC_MOZ_SRE,,MOZ,SRE,47.017,174.017,CRUISING,,,,,-64.24,,,GREEN,NONE,FALSE,,FALSE,
OBS_000174,8:11:30,5190,12017,ROUTE_NDLS_DDN_01,SYNTHETIC_SIMULATOR,OK,29.579079,77.673315,140.775,95,26.39,95,0,580.3,100,,855.1,SEC_MOZ_SRE,,MOZ,SRE,46.225,173.225,CRUISING,,,,,-64.59,,,GREEN,NONE,FALSE,,FALSE,
OBS_000175,8:12:00,5220,12017,ROUTE_NDLS_DDN_01,SYNTHETIC_SIMULATOR,OK,29.585671,77.671134,141.567,95,26.39,95,0,580.3,100,,847.87,SEC_MOZ_SRE,,MOZ,SRE,45.433,172.433,CRUISING,,,,,-64.94,,,GREEN,NONE,FALSE,,FALSE,
OBS_000176,8:12:30,5250,12017,ROUTE_NDLS_DDN_01,SYNTHETIC_SIMULATOR,OK,29.592264,77.668954,142.358,95,26.39,95,0,580.3,100,,840.58,SEC_MOZ_SRE,,MOZ,SRE,44.642,171.642,CRUISING,,,,,-65.29,,,GREEN,NONE,FALSE,,FALSE,
OBS_000177,8:13:00,5280,12017,ROUTE_NDLS_DDN_01,SYNTHETIC_SIMULATOR,OK,29.598856,77.666773,143.15,95,26.39,95,0,580.3,100,,833.23,SEC_MOZ_SRE,,MOZ,SRE,43.85,170.85,CRUISING,,,,,-65.64,,,GREEN,NONE,FALSE,,FALSE,
OBS_000178,8:13:30,5310,12017,ROUTE_NDLS_DDN_01,SYNTHETIC_SIMULATOR,OK,29.605448,77.664593,143.942,95,26.39,95,0,580.3,100,,825.81,SEC_MOZ_SRE,,MOZ,SRE,43.058,170.058,CRUISING,,,,,-65.99,,,GREEN,NONE,FALSE,,FALSE,
OBS_000179,8:14:00,5340,12017,ROUTE_NDLS_DDN_01,SYNTHETIC_SIMULATOR,OK,29.61204,77.662412,144.733,95,26.39,95,0,580.3,100,,818.32,SEC_MOZ_SRE,,MOZ,SRE,42.267,169.267,CRUISING,,,,,-66.33,,,GREEN,NONE,FALSE,,FALSE,
OBS_000180,8:14:30,5370,12017,ROUTE_NDLS_DDN_01,SYNTHETIC_SIMULATOR,OK,29.618633,77.660232,145.525,95,26.39,95,0,580.3,100,,810.76,SEC_MOZ_SRE,,MOZ,SRE,41.475,168.475,CRUISING,,,,,-66.68,,,GREEN,NONE,FALSE,,FALSE,
OBS_000181,8:15:00,5400,12017,ROUTE_NDLS_DDN_01,SYNTHETIC_SIMULATOR,OK,29.625225,77.658052,146.317,95,26.39,95,0,580.3,100,,803.13,SEC_MOZ_SRE,,MOZ,SRE,40.683,167.683,CRUISING,,,,,-67.03,,,GREEN,NONE,FALSE,,FALSE,
OBS_000182,8:15:30,5430,12017,ROUTE_NDLS_DDN_01,SYNTHETIC_SIMULATOR,OK,29.631817,77.655871,147.108,95,26.39,95,0,580.3,100,,795.43,SEC_MOZ_SRE,,MOZ,SRE,39.892,166.892,CRUISING,,,,,-67.38,,,GREEN,NONE,FALSE,,FALSE,
OBS_000183,8:16:00,5460,12017,ROUTE_NDLS_DDN_01,SYNTHETIC_SIMULATOR,OK,29.63841,77.653691,147.9,95,26.39,95,0,580.3,100,,787.65,SEC_MOZ_SRE,,MOZ,SRE,39.1,166.1,CRUISING,,,,,-67.73,,,GREEN,NONE,FALSE,,FALSE,
OBS_000184,8:16:30,5490,12017,ROUTE_NDLS_DDN_01,SYNTHETIC_SIMULATOR,OK,29.645002,77.65151,148.692,95,26.39,95,0,580.3,100,,779.8,SEC_MOZ_SRE,,MOZ,SRE,38.308,165.308,CRUISING,,,,,-68.08,,,GREEN,NONE,FALSE,,FALSE,
OBS_000185,8:17:00,5520,12017,ROUTE_NDLS_DDN_01,SYNTHETIC_SIMULATOR,OK,29.651594,77.64933,149.483,95,26.39,95,0,580.3,100,,771.86,SEC_MOZ_SRE,,MOZ,SRE,37.517,164.517,CRUISING,,,,,-68.43,,,GREEN,NONE,FALSE,,FALSE,
OBS_000186,8:17:30,5550,12017,ROUTE_NDLS_DDN_01,SYNTHETIC_SIMULATOR,OK,29.658187,77.647149,150.275,95,26.39,95,0,580.3,100,,763.85,SEC_MOZ_SRE,,MOZ,SRE,36.725,163.725,CRUISING,,,,,-68.78,,,GREEN,NONE,FALSE,,FALSE,
OBS_000187,8:18:00,5580,12017,ROUTE_NDLS_DDN_01,SYNTHETIC_SIMULATOR,OK,29.664779,77.644969,151.067,95,26.39,95,0,580.3,100,,755.74,SEC_MOZ_SRE,,MOZ,SRE,35.933,162.933,CRUISING,,,,,-69.13,,,GREEN,NONE,FALSE,,FALSE,
OBS_000188,8:18:30,5610,12017,ROUTE_NDLS_DDN_01,SYNTHETIC_SIMULATOR,OK,29.671371,77.642788,151.858,95,26.39,95,0,580.3,100,,747.55,SEC_MOZ_SRE,,MOZ,SRE,35.142,162.142,CRUISING,,,,,-69.48,,,GREEN,NONE,FALSE,,FALSE,
OBS_000189,8:19:00,5640,12017,ROUTE_NDLS_DDN_01,SYNTHETIC_SIMULATOR,OK,29.677963,77.640608,152.65,95,26.39,95,0,580.3,100,,739.27,SEC_MOZ_SRE,,MOZ,SRE,34.35,161.35,CRUISING,,,,,-69.83,,,GREEN,NONE,FALSE,,FALSE,
OBS_000190,8:19:30,5670,12017,ROUTE_NDLS_DDN_01,SYNTHETIC_SIMULATOR,OK,29.684556,77.638428,153.442,95,26.39,95,0,580.3,100,,730.9,SEC_MOZ_SRE,,MOZ,SRE,33.558,160.558,CRUISING,,,,,-70.18,,,GREEN,NONE,FALSE,,FALSE,
OBS_000191,8:20:00,5700,12017,ROUTE_NDLS_DDN_01,SYNTHETIC_SIMULATOR,OK,29.691148,77.636247,154.233,95,26.39,95,0,580.3,100,,722.43,SEC_MOZ_SRE,,MOZ,SRE,32.767,159.767,CRUISING,,,,,-70.53,,,GREEN,NONE,FALSE,,FALSE,
OBS_000192,8:20:30,5730,12017,ROUTE_NDLS_DDN_01,SYNTHETIC_SIMULATOR,OK,29.69774,77.634067,155.025,95,26.39,95,0,580.3,100,,713.85,SEC_MOZ_SRE,,MOZ,SRE,31.975,158.975,CRUISING,,,,,-70.88,,,GREEN,NONE,FALSE,,FALSE,
OBS_000193,8:21:00,5760,12017,ROUTE_NDLS_DDN_01,SYNTHETIC_SIMULATOR,OK,29.704333,77.631886,155.817,95,26.39,95,0,580.3,100,,705.18,SEC_MOZ_SRE,,MOZ,SRE,31.183,158.183,CRUISING,,,,,-71.23,,,GREEN,NONE,FALSE,,FALSE,
OBS_000194,8:21:30,5790,12017,ROUTE_NDLS_DDN_01,SYNTHETIC_SIMULATOR,OK,29.710925,77.629706,156.608,95,26.39,95,0,580.3,100,,696.39,SEC_MOZ_SRE,,MOZ,SRE,30.392,157.392,CRUISING,,,,,-71.58,,,GREEN,NONE,FALSE,,FALSE,
OBS_000195,8:22:00,5820,12017,ROUTE_NDLS_DDN_01,SYNTHETIC_SIMULATOR,OK,29.717517,77.627525,157.4,95,26.39,95,0,580.3,100,,687.5,SEC_MOZ_SRE,,MOZ,SRE,29.6,156.6,CRUISING,,,,,-71.93,,,GREEN,NONE,FALSE,,FALSE,
OBS_000196,8:22:30,5850,12017,ROUTE_NDLS_DDN_01,SYNTHETIC_SIMULATOR,OK,29.72411,77.625345,158.192,95,26.39,95,0,580.3,100,,678.48,SEC_MOZ_SRE,,MOZ,SRE,28.808,155.808,CRUISING,,,,,-72.28,,,GREEN,NONE,FALSE,,FALSE,
OBS_000197,8:23:00,5880,12017,ROUTE_NDLS_DDN_01,SYNTHETIC_SIMULATOR,OK,29.730702,77.623165,158.983,95,26.39,95,0,580.3,100,,669.35,SEC_MOZ_SRE,,MOZ,SRE,28.017,155.017,CRUISING,,,,,-72.63,,,GREEN,NONE,FALSE,,FALSE,
OBS_000198,8:23:30,5910,12017,ROUTE_NDLS_DDN_01,SYNTHETIC_SIMULATOR,OK,29.737294,77.620984,159.775,95,26.39,95,0,580.3,100,,660.09,SEC_MOZ_SRE,,MOZ,SRE,27.225,154.225,CRUISING,,,,,-72.98,,,GREEN,NONE,FALSE,,FALSE,
OBS_000199,8:24:00,5940,12017,ROUTE_NDLS_DDN_01,SYNTHETIC_SIMULATOR,OK,29.743886,77.618804,160.567,95,26.39,95,0,580.3,100,,650.69,SEC_MOZ_SRE,,MOZ,SRE,26.433,153.433,CRUISING,,,,,-73.33,,,GREEN,NONE,FALSE,,FALSE,
OBS_000200,8:24:30,5970,12017,ROUTE_NDLS_DDN_01,SYNTHETIC_SIMULATOR,OK,29.750479,77.616623,161.358,95,26.39,95,0,580.3,100,,641.16,SEC_MOZ_SRE,,MOZ,SRE,25.642,152.642,CRUISING,,,,,-73.68,,,GREEN,NONE,FALSE,,FALSE,
OBS_000201,8:25:00,6000,12017,ROUTE_NDLS_DDN_01,SYNTHETIC_SIMULATOR,OK,29.757071,77.614443,162.15,95,26.39,95,0,580.3,100,,631.49,SEC_MOZ_SRE,,MOZ,SRE,24.85,151.85,CRUISING,,,,,-74.03,,,GREEN,NONE,FALSE,,FALSE,
OBS_000202,8:25:30,6030,12017,ROUTE_NDLS_DDN_01,SYNTHETIC_SIMULATOR,OK,29.763663,77.612262,162.942,95,26.39,95,0,580.3,100,,621.66,SEC_MOZ_SRE,,MOZ,SRE,24.058,151.058,CRUISING,,,,,-74.38,,,GREEN,NONE,FALSE,,FALSE,
OBS_000203,8:26:00,6060,12017,ROUTE_NDLS_DDN_01,SYNTHETIC_SIMULATOR,OK,29.770256,77.610082,163.733,95,26.39,95,0,580.3,100,,611.68,SEC_MOZ_SRE,,MOZ,SRE,23.267,150.267,CRUISING,,,,,-74.73,,,GREEN,NONE,FALSE,,FALSE,
OBS_000204,8:26:30,6090,12017,ROUTE_NDLS_DDN_01,SYNTHETIC_SIMULATOR,OK,29.776848,77.607901,164.525,95,26.39,95,0,580.3,100,,601.53,SEC_MOZ_SRE,,MOZ,SRE,22.475,149.475,CRUISING,,,,,-75.08,,,GREEN,NONE,FALSE,,FALSE,
OBS_000205,8:27:00,6120,12017,ROUTE_NDLS_DDN_01,SYNTHETIC_SIMULATOR,OK,29.78344,77.605721,165.317,95,26.39,95,0,580.3,100,,591.21,SEC_MOZ_SRE,,MOZ,SRE,21.683,148.683,CRUISING,,,,,-75.43,,,GREEN,NONE,FALSE,,FALSE,
OBS_000206,8:27:30,6150,12017,ROUTE_NDLS_DDN_01,SYNTHETIC_SIMULATOR,OK,29.790033,77.603541,166.108,95,26.39,95,0,580.3,100,,580.71,SEC_MOZ_SRE,,MOZ,SRE,20.892,147.892,CRUISING,,,,,-75.78,,,GREEN,NONE,FALSE,,FALSE,
OBS_000207,8:28:00,6180,12017,ROUTE_NDLS_DDN_01,SYNTHETIC_SIMULATOR,OK,29.796625,77.60136,166.9,95,26.39,95,0,580.3,100,,570.01,SEC_MOZ_SRE,,MOZ,SRE,20.1,147.1,CRUISING,,,,,-76.13,,,GREEN,NONE,FALSE,,FALSE,
OBS_000208,8:28:30,6210,12017,ROUTE_NDLS_DDN_01,SYNTHETIC_SIMULATOR,OK,29.803217,77.59918,167.692,95,26.39,95,0,580.3,100,,559.1,SEC_MOZ_SRE,,MOZ,SRE,19.308,146.308,CRUISING,,,,,-76.47,,,GREEN,NONE,FALSE,,FALSE,
OBS_000209,8:29:00,6240,12017,ROUTE_NDLS_DDN_01,SYNTHETIC_SIMULATOR,OK,29.80981,77.596999,168.483,95,26.39,95,0,580.3,100,,547.98,SEC_MOZ_SRE,,MOZ,SRE,18.517,145.517,CRUISING,,,,,-76.82,,,GREEN,NONE,FALSE,,FALSE,
OBS_000210,8:29:30,6270,12017,ROUTE_NDLS_DDN_01,SYNTHETIC_SIMULATOR,OK,29.816402,77.594819,169.275,95,26.39,95,0,580.3,100,,536.63,SEC_MOZ_SRE,,MOZ,SRE,17.725,144.725,CRUISING,,,,,-77.17,,,GREEN,NONE,FALSE,,FALSE,
OBS_000211,8:30:00,6300,12017,ROUTE_NDLS_DDN_01,SYNTHETIC_SIMULATOR,OK,29.822994,77.592638,170.067,95,26.39,95,0,580.3,100,,525.03,SEC_MOZ_SRE,,MOZ,SRE,16.933,143.933,CRUISING,,,,,-77.52,,,GREEN,NONE,FALSE,,FALSE,
OBS_000212,8:30:30,6330,12017,ROUTE_NDLS_DDN_01,SYNTHETIC_SIMULATOR,OK,29.829586,77.590458,170.858,95,26.39,95,0,580.3,100,,513.17,SEC_MOZ_SRE,,MOZ,SRE,16.142,143.142,CRUISING,,,,,-77.87,,,GREEN,NONE,FALSE,,FALSE,
OBS_000213,8:31:00,6360,12017,ROUTE_NDLS_DDN_01,SYNTHETIC_SIMULATOR,OK,29.836179,77.588278,171.65,95,26.39,95,0,580.3,100,,501.03,SEC_MOZ_SRE,,MOZ,SRE,15.35,142.35,CRUISING,,,,,-78.22,,,GREEN,NONE,FALSE,,FALSE,
OBS_000214,8:31:30,6390,12017,ROUTE_NDLS_DDN_01,SYNTHETIC_SIMULATOR,OK,29.842771,77.586097,172.442,95,26.39,95,0,580.3,100,,488.59,SEC_MOZ_SRE,,MOZ,SRE,14.558,141.558,CRUISING,,,,,-78.57,,,GREEN,NONE,FALSE,,FALSE,
OBS_000215,8:32:00,6420,12017,ROUTE_NDLS_DDN_01,SYNTHETIC_SIMULATOR,OK,29.849363,77.583917,173.233,95,26.39,95,0,580.3,100,,475.83,SEC_MOZ_SRE,,MOZ,SRE,13.767,140.767,CRUISING,,,,,-78.92,,,GREEN,NONE,FALSE,,FALSE,
OBS_000216,8:32:30,6450,12017,ROUTE_NDLS_DDN_01,SYNTHETIC_SIMULATOR,OK,29.855956,77.581736,174.025,95,26.39,95,0,580.3,100,,462.71,SEC_MOZ_SRE,,MOZ,SRE,12.975,139.975,CRUISING,,,,,-79.27,,,GREEN,NONE,FALSE,,FALSE,
OBS_000217,8:33:00,6480,12017,ROUTE_NDLS_DDN_01,SYNTHETIC_SIMULATOR,OK,29.862548,77.579556,174.817,95,26.39,95,0,580.3,100,,449.21,SEC_MOZ_SRE,,MOZ,SRE,12.183,139.183,CRUISING,,,,,-79.62,,,GREEN,NONE,FALSE,,FALSE,
OBS_000218,8:33:30,6510,12017,ROUTE_NDLS_DDN_01,SYNTHETIC_SIMULATOR,OK,29.86914,77.577375,175.608,95,26.39,95,0,580.3,100,,435.29,SEC_MOZ_SRE,,MOZ,SRE,11.392,138.392,CRUISING,,,,,-79.97,,,GREEN,NONE,FALSE,,FALSE,
OBS_000219,8:34:00,6540,12017,ROUTE_NDLS_DDN_01,SYNTHETIC_SIMULATOR,OK,29.875733,77.575195,176.4,95,26.39,95,0,580.3,100,,420.91,SEC_MOZ_SRE,,MOZ,SRE,10.6,137.6,CRUISING,,,,,-80.32,,,GREEN,NONE,FALSE,,FALSE,
OBS_000220,8:34:30,6570,12017,ROUTE_NDLS_DDN_01,SYNTHETIC_SIMULATOR,OK,29.882325,77.573014,177.192,95,26.39,95,0,580.3,100,,406.02,SEC_MOZ_SRE,,MOZ,SRE,9.808,136.808,CRUISING,,,,,-80.67,,,GREEN,NONE,FALSE,,FALSE,
OBS_000221,8:35:00,6600,12017,ROUTE_NDLS_DDN_01,SYNTHETIC_SIMULATOR,OK,29.888917,77.570834,177.983,95,26.39,95,0,580.3,100,,390.56,SEC_MOZ_SRE,,MOZ,SRE,9.017,136.017,CRUISING,,,,,-81.02,,,GREEN,NONE,FALSE,,FALSE,
OBS_000222,8:35:30,6630,12017,ROUTE_NDLS_DDN_01,SYNTHETIC_SIMULATOR,OK,29.895509,77.568654,178.775,95,26.39,95,0,580.3,100,,374.47,SEC_MOZ_SRE,,MOZ,SRE,8.225,135.225,CRUISING,,,,,-81.37,,,GREEN,NONE,FALSE,,FALSE,
OBS_000223,8:36:00,6660,12017,ROUTE_NDLS_DDN_01,SYNTHETIC_SIMULATOR,OK,29.902102,77.566473,179.567,95,26.39,95,0,580.3,100,,357.65,SEC_MOZ_SRE,,MOZ,SRE,7.433,134.433,CRUISING,,,,,-81.72,,,GREEN,NONE,FALSE,,FALSE,
OBS_000224,8:36:30,6690,12017,ROUTE_NDLS_DDN_01,SYNTHETIC_SIMULATOR,OK,29.908694,77.564293,180.358,95,26.39,95,0,580.3,100,,340,SEC_MOZ_SRE,,MOZ,SRE,6.642,133.642,CRUISING,,,,,-82.07,,,GREEN,NONE,FALSE,,FALSE,
OBS_000225,8:37:00,6720,12017,ROUTE_NDLS_DDN_01,SYNTHETIC_SIMULATOR,OK,29.915286,77.562112,181.15,95,26.39,95,0,580.3,100,,321.39,SEC_MOZ_SRE,,MOZ,SRE,5.85,132.85,CRUISING,,,,,-82.42,,,GREEN,NONE,FALSE,,FALSE,
OBS_000226,8:37:30,6750,12017,ROUTE_NDLS_DDN_01,SYNTHETIC_SIMULATOR,OK,29.921879,77.559932,181.942,95,26.39,95,0,580.3,100,,301.63,SEC_MOZ_SRE,,MOZ,SRE,5.058,132.058,CRUISING,,,,,-82.77,,,GREEN,NONE,FALSE,,FALSE,
OBS_000227,8:38:00,6780,12017,ROUTE_NDLS_DDN_01,SYNTHETIC_SIMULATOR,OK,29.928471,77.557751,182.733,95,26.39,95,0,580.3,100,,280.48,SEC_MOZ_SRE,,MOZ,SRE,4.267,131.267,CRUISING,,,,,-83.12,,,GREEN,NONE,FALSE,,FALSE,
OBS_000228,8:38:30,6810,12017,ROUTE_NDLS_DDN_01,SYNTHETIC_SIMULATOR,OK,29.935063,77.555571,183.525,95,26.39,95,0,580.3,100,,257.6,SEC_MOZ_SRE,,MOZ,SRE,3.475,130.475,CRUISING,,,,,-83.47,,,GREEN,NONE,FALSE,,FALSE,
OBS_000229,8:39:00,6840,12017,ROUTE_NDLS_DDN_01,SYNTHETIC_SIMULATOR,OK,29.941656,77.553391,184.317,95,26.39,95,0,580.3,100,,232.47,SEC_MOZ_SRE,,MOZ,SRE,2.683,129.683,CRUISING,,,,,-83.82,,,GREEN,NONE,FALSE,,FALSE,
OBS_000230,8:39:30,6870,12017,ROUTE_NDLS_DDN_01,SYNTHETIC_SIMULATOR,OK,29.948248,77.55121,185.108,95,26.39,95,0,580.3,100,,204.28,SEC_MOZ_SRE,,MOZ,SRE,1.892,128.892,CRUISING,,,,,-84.17,,,GREEN,NONE,FALSE,,FALSE,
OBS_000231,8:40:00,6900,12017,ROUTE_NDLS_DDN_01,SYNTHETIC_SIMULATOR,OK,29.95484,77.54903,185.9,95,26.39,95,0,580.3,100,,171.52,SEC_MOZ_SRE,,MOZ,SRE,1.1,128.1,CRUISING,,,,,-84.52,,,GREEN,NONE,FALSE,,FALSE,
OBS_000232,8:40:30,6930,12017,ROUTE_NDLS_DDN_01,SYNTHETIC_SIMULATOR,OK,29.961432,77.546849,186.692,95,26.39,95,0,580.3,100,,130.79,SEC_MOZ_SRE,,MOZ,SRE,0.308,127.308,CRUISING,,,,,-84.87,,,GREEN,NONE,FALSE,,FALSE,
OBS_000233,8:41:00,6960,12017,ROUTE_NDLS_DDN_01,SYNTHETIC_SIMULATOR,OK,29.961432,77.546849,186.692,30.2,8.39,69.25,-0.6,58.6,100,,69.25,SEC_MOZ_SRE,,MOZ,SRE,0.308,127.308,DECELERATING,,,,,-84.37,,,GREEN,NONE,FALSE,,FALSE,
OBS_000234,8:41:30,6990,12017,ROUTE_NDLS_DDN_01,SYNTHETIC_SIMULATOR,OK,29.964,77.546,187,0,0,69.25,0,0,100,,69.25,SEC_MOZ_SRE,SRE,SRE,RK,34,127,DWELLING,ARRIVED,8:41:30,,,-84.2,-55.5,,GREEN,NONE,FALSE,,FALSE,
OBS_000235,8:42:00,7020,12017,ROUTE_NDLS_DDN_01,SYNTHETIC_SIMULATOR,OK,29.964,77.546,187,0,0,0,0,0,100,,0,,SRE,SRE,RK,34,127,DWELLING,,,,,-83.7,,,GREEN,NONE,FALSE,,FALSE,
OBS_000236,8:42:30,7050,12017,ROUTE_NDLS_DDN_01,SYNTHETIC_SIMULATOR,OK,29.964,77.546,187,0,0,0,0,0,100,,0,,SRE,SRE,RK,34,127,DWELLING,,,,,-83.2,,,GREEN,NONE,FALSE,,FALSE,
OBS_000237,8:43:00,7080,12017,ROUTE_NDLS_DDN_01,SYNTHETIC_SIMULATOR,OK,29.964,77.546,187,0,0,0,0,0,100,,0,,SRE,SRE,RK,34,127,DWELLING,,,,,-82.7,,,GREEN,NONE,FALSE,,FALSE,
OBS_000238,8:43:30,7110,12017,ROUTE_NDLS_DDN_01,SYNTHETIC_SIMULATOR,OK,29.964,77.546,187,0,0,0,0,0,100,,0,,SRE,SRE,RK,34,127,DWELLING,,,,,-82.2,,,GREEN,NONE,FALSE,,FALSE,
OBS_000239,8:44:00,7140,12017,ROUTE_NDLS_DDN_01,SYNTHETIC_SIMULATOR,OK,29.964,77.546,187,0,0,0,0,0,100,,0,,SRE,SRE,RK,34,127,DWELLING,,,,,-81.7,,,GREEN,NONE,FALSE,,FALSE,
OBS_000240,8:44:30,7170,12017,ROUTE_NDLS_DDN_01,SYNTHETIC_SIMULATOR,OK,29.964,77.546,187,0,0,0,0,0,100,,0,,SRE,SRE,RK,34,127,DWELLING,,,,,-81.2,,,GREEN,NONE,FALSE,,FALSE,
OBS_000241,8:45:00,7200,12017,ROUTE_NDLS_DDN_01,SYNTHETIC_SIMULATOR,OK,29.964,77.546,187,0,0,0,0,0,100,,0,,SRE,SRE,RK,34,127,DWELLING,,,,,-80.7,,,GREEN,NONE,FALSE,,FALSE,
OBS_000242,8:45:30,7230,12017,ROUTE_NDLS_DDN_01,SYNTHETIC_SIMULATOR,OK,29.964,77.546,187,0,0,0,0,0,100,,0,,SRE,SRE,RK,34,127,DWELLING,,,,,-80.2,,,GREEN,NONE,FALSE,,FALSE,
OBS_000243,8:46:00,7260,12017,ROUTE_NDLS_DDN_01,SYNTHETIC_SIMULATOR,OK,29.964,77.546,187,0,0,0,0,0,100,,0,,SRE,SRE,RK,34,127,DWELLING,,,,,-79.7,,,GREEN,NONE,FALSE,,FALSE,
OBS_000244,8:46:30,7290,12017,ROUTE_NDLS_DDN_01,SYNTHETIC_SIMULATOR,OK,29.964,77.546,187,0,0,0,0,0,100,,0,,SRE,SRE,RK,34,127,DWELLING,,,,,-79.2,,,GREEN,NONE,FALSE,,FALSE,
OBS_000245,8:47:00,7320,12017,ROUTE_NDLS_DDN_01,SYNTHETIC_SIMULATOR,OK,29.964,77.546,187,0,0,0,0,0,100,,0,,SRE,SRE,RK,34,127,DWELLING,,,,,-78.7,,,GREEN,NONE,FALSE,,FALSE,
OBS_000246,8:47:30,7350,12017,ROUTE_NDLS_DDN_01,SYNTHETIC_SIMULATOR,OK,29.964,77.546,187,0,0,0,0,0,100,,0,,SRE,SRE,RK,34,127,DWELLING,,,,,-78.2,,,GREEN,NONE,FALSE,,FALSE,
OBS_000247,8:48:00,7380,12017,ROUTE_NDLS_DDN_01,SYNTHETIC_SIMULATOR,OK,29.964,77.546,187,0,0,0,0,0,100,,0,,SRE,SRE,RK,34,127,DWELLING,,,,,-77.7,,,GREEN,NONE,FALSE,,FALSE,
OBS_000248,8:48:30,7410,12017,ROUTE_NDLS_DDN_01,SYNTHETIC_SIMULATOR,OK,29.964,77.546,187,0,0,0,0,0,100,,0,,SRE,SRE,RK,34,127,DWELLING,,,,,-77.2,,,GREEN,NONE,FALSE,,FALSE,
OBS_000249,8:49:00,7440,12017,ROUTE_NDLS_DDN_01,SYNTHETIC_SIMULATOR,OK,29.964,77.546,187,0,0,0,0,0,100,,0,,SRE,SRE,RK,34,127,DWELLING,,,,,-76.7,,,GREEN,NONE,FALSE,,FALSE,
OBS_000250,8:49:30,7470,12017,ROUTE_NDLS_DDN_01,SYNTHETIC_SIMULATOR,OK,29.964,77.546,187,0,0,0,0,0,100,,0,,SRE,SRE,RK,34,127,DWELLING,,,,,-76.2,,,GREEN,NONE,FALSE,,FALSE,
OBS_000251,8:50:00,7500,12017,ROUTE_NDLS_DDN_01,SYNTHETIC_SIMULATOR,OK,29.964,77.546,187,0,0,0,0,0,100,,0,,SRE,SRE,RK,34,127,DWELLING,,,,,-75.7,,,GREEN,NONE,FALSE,,FALSE,
OBS_000252,8:50:30,7530,12017,ROUTE_NDLS_DDN_01,SYNTHETIC_SIMULATOR,OK,29.964,77.546,187,0,0,0,0,0,100,,0,,SRE,SRE,RK,34,127,DWELLING,,,,,-75.2,,,GREEN,NONE,FALSE,,FALSE,
OBS_000253,8:51:00,7560,12017,ROUTE_NDLS_DDN_01,SYNTHETIC_SIMULATOR,OK,29.964,77.546,187,0,0,0,0,0,100,,0,,SRE,SRE,RK,34,127,DWELLING,,,,,-74.7,,,GREEN,NONE,FALSE,,FALSE,
OBS_000254,8:51:30,7590,12017,ROUTE_NDLS_DDN_01,SYNTHETIC_SIMULATOR,OK,29.964,77.546,187.675,54,15,95,0.5,187.5,100,,727.16,SEC_SRE_RK,SRE,SRE,RK,33.325,126.325,ACCELERATING,DEPARTED,,8:51:30,10,-74.92,,-55.5,GREEN,NONE,FALSE,,FALSE,
OBS_000255,8:52:00,7620,12017,ROUTE_NDLS_DDN_01,SYNTHETIC_SIMULATOR,OK,29.958542,77.563016,188.692,95,26.39,95,0.5,580.3,100,,719.91,SEC_SRE_RK,,SRE,RK,32.308,125.308,ACCELERATING,,,,,-75.51,,,GREEN,NONE,FALSE,,FALSE,
OBS_000256,8:52:30,7650,12017,ROUTE_NDLS_DDN_01,SYNTHETIC_SIMULATOR,OK,29.955988,77.570979,189.483,95,26.39,95,0,580.3,100,,708.84,SEC_SRE_RK,,SRE,RK,31.517,124.517,CRUISING,,,,,-75.86,,,GREEN,NONE,FALSE,,FALSE,
OBS_000257,8:53:00,7680,12017,ROUTE_NDLS_DDN_01,SYNTHETIC_SIMULATOR,OK,29.953433,77.578943,190.275,95,26.39,95,0,580.3,100,,700.11,SEC_SRE_RK,,SRE,RK,30.725,123.725,CRUISING,,,,,-76.21,,,GREEN,NONE,FALSE,,FALSE,
OBS_000258,8:53:30,7710,12017,ROUTE_NDLS_DDN_01,SYNTHETIC_SIMULATOR,OK,29.950879,77.586906,191.067,95,26.39,95,0,580.3,100,,691.26,SEC_SRE_RK,,SRE,RK,29.933,122.933,CRUISING,,,,,-76.56,,,GREEN,NONE,FALSE,,FALSE,
OBS_000259,8:54:00,7740,12017,ROUTE_NDLS_DDN_01,SYNTHETIC_SIMULATOR,OK,29.948325,77.594869,191.858,95,26.39,95,0,580.3,100,,682.29,SEC_SRE_RK,,SRE,RK,29.142,122.142,CRUISING,,,,,-76.91,,,GREEN,NONE,FALSE,,FALSE,
OBS_000260,8:54:30,7770,12017,ROUTE_NDLS_DDN_01,SYNTHETIC_SIMULATOR,OK,29.94577,77.602832,192.65,95,26.39,95,0,580.3,100,,673.21,SEC_SRE_RK,,SRE,RK,28.35,121.35,CRUISING,,,,,-77.26,,,GREEN,NONE,FALSE,,FALSE,
OBS_000261,8:55:00,7800,12017,ROUTE_NDLS_DDN_01,SYNTHETIC_SIMULATOR,OK,29.943216,77.610796,193.442,95,26.39,95,0,580.3,100,,664,SEC_SRE_RK,,SRE,RK,27.558,120.558,CRUISING,,,,,-77.61,,,GREEN,NONE,FALSE,,FALSE,
OBS_000262,8:55:30,7830,12017,ROUTE_NDLS_DDN_01,SYNTHETIC_SIMULATOR,OK,29.940662,77.618759,194.233,95,26.39,95,0,580.3,100,,654.67,SEC_SRE_RK,,SRE,RK,26.767,119.767,CRUISING,,,,,-77.96,,,GREEN,NONE,FALSE,,FALSE,
OBS_000263,8:56:00,7860,12017,ROUTE_NDLS_DDN_01,SYNTHETIC_SIMULATOR,OK,29.938108,77.626722,195.025,95,26.39,95,0,580.3,100,,645.19,SEC_SRE_RK,,SRE,RK,25.975,118.975,CRUISING,,,,,-78.31,,,GREEN,NONE,FALSE,,FALSE,
OBS_000264,8:56:30,7890,12017,ROUTE_NDLS_DDN_01,SYNTHETIC_SIMULATOR,OK,29.935553,77.634685,195.817,95,26.39,95,0,580.3,100,,635.58,SEC_SRE_RK,,SRE,RK,25.183,118.183,CRUISING,,,,,-78.66,,,GREEN,NONE,FALSE,,FALSE,
OBS_000265,8:57:00,7920,12017,ROUTE_NDLS_DDN_01,SYNTHETIC_SIMULATOR,OK,29.932999,77.642649,196.608,95,26.39,95,0,580.3,100,,625.82,SEC_SRE_RK,,SRE,RK,24.392,117.392,CRUISING,,,,,-79.01,,,GREEN,NONE,FALSE,,FALSE,
OBS_000266,8:57:30,7950,12017,ROUTE_NDLS_DDN_01,SYNTHETIC_SIMULATOR,OK,29.930445,77.650612,197.4,95,26.39,95,0,580.3,100,,615.91,SEC_SRE_RK,,SRE,RK,23.6,116.6,CRUISING,,,,,-79.36,,,GREEN,NONE,FALSE,,FALSE,
OBS_000267,8:58:00,7980,12017,ROUTE_NDLS_DDN_01,SYNTHETIC_SIMULATOR,OK,29.92789,77.658575,198.192,95,26.39,95,0,580.3,100,,605.83,SEC_SRE_RK,,SRE,RK,22.808,115.808,CRUISING,,,,,-79.71,,,GREEN,NONE,FALSE,,FALSE,
OBS_000268,8:58:30,8010,12017,ROUTE_NDLS_DDN_01,SYNTHETIC_SIMULATOR,OK,29.925336,77.666538,198.983,95,26.39,95,0,580.3,100,,595.58,SEC_SRE_RK,,SRE,RK,22.017,115.017,CRUISING,,,,,-80.06,,,GREEN,NONE,FALSE,,FALSE,
OBS_000269,8:59:00,8040,12017,ROUTE_NDLS_DDN_01,SYNTHETIC_SIMULATOR,OK,29.922782,77.674501,199.775,95,26.39,95,0,580.3,100,,585.15,SEC_SRE_RK,,SRE,RK,21.225,114.225,CRUISING,,,,,-80.41,,,GREEN,NONE,FALSE,,FALSE,
OBS_000270,8:59:30,8070,12017,ROUTE_NDLS_DDN_01,SYNTHETIC_SIMULATOR,OK,29.920228,77.682465,200.567,95,26.39,95,0,580.3,100,,574.54,SEC_SRE_RK,,SRE,RK,20.433,113.433,CRUISING,,,,,-80.76,,,GREEN,NONE,FALSE,,FALSE,
OBS_000271,9:00:00,8100,12017,ROUTE_NDLS_DDN_01,SYNTHETIC_SIMULATOR,OK,29.917673,77.690428,201.358,95,26.39,95,0,580.3,100,,563.72,SEC_SRE_RK,,SRE,RK,19.642,112.642,CRUISING,,,,,-81.11,,,GREEN,NONE,FALSE,,FALSE,
OBS_000272,9:00:30,8130,12017,ROUTE_NDLS_DDN_01,SYNTHETIC_SIMULATOR,OK,29.915119,77.698391,202.15,95,26.39,95,0,580.3,100,,552.69,SEC_SRE_RK,,SRE,RK,18.85,111.85,CRUISING,,,,,-81.46,,,GREEN,NONE,FALSE,,FALSE,
OBS_000273,9:01:00,8160,12017,ROUTE_NDLS_DDN_01,SYNTHETIC_SIMULATOR,OK,29.912565,77.706354,202.942,95,26.39,95,0,580.3,100,,541.44,SEC_SRE_RK,,SRE,RK,18.058,111.058,CRUISING,,,,,-81.81,,,GREEN,NONE,FALSE,,FALSE,
OBS_000274,9:01:30,8190,12017,ROUTE_NDLS_DDN_01,SYNTHETIC_SIMULATOR,OK,29.91001,77.714318,203.733,95,26.39,95,0,580.3,100,,529.95,SEC_SRE_RK,,SRE,RK,17.267,110.267,CRUISING,,,,,-82.16,,,GREEN,NONE,FALSE,,FALSE,
OBS_000275,9:02:00,8220,12017,ROUTE_NDLS_DDN_01,SYNTHETIC_SIMULATOR,OK,29.907456,77.722281,204.525,95,26.39,95,0,580.3,100,,518.2,SEC_SRE_RK,,SRE,RK,16.475,109.475,CRUISING,,,,,-82.51,,,GREEN,NONE,FALSE,,FALSE,
OBS_000276,9:02:30,8250,12017,ROUTE_NDLS_DDN_01,SYNTHETIC_SIMULATOR,OK,29.904902,77.730244,205.317,95,26.39,95,0,580.3,100,,506.18,SEC_SRE_RK,,SRE,RK,15.683,108.683,CRUISING,,,,,-82.86,,,GREEN,NONE,FALSE,,FALSE,
OBS_000277,9:03:00,8280,12017,ROUTE_NDLS_DDN_01,SYNTHETIC_SIMULATOR,OK,29.902348,77.738207,206.108,95,26.39,95,0,580.3,100,,493.87,SEC_SRE_RK,,SRE,RK,14.892,107.892,CRUISING,,,,,-83.21,,,GREEN,NONE,FALSE,,FALSE,
OBS_000278,9:03:30,8310,12017,ROUTE_NDLS_DDN_01,SYNTHETIC_SIMULATOR,OK,29.899793,77.746171,206.9,95,26.39,95,0,580.3,100,,481.24,SEC_SRE_RK,,SRE,RK,14.1,107.1,CRUISING,,,,,-83.56,,,GREEN,NONE,FALSE,,FALSE,
OBS_000279,9:04:00,8340,12017,ROUTE_NDLS_DDN_01,SYNTHETIC_SIMULATOR,OK,29.897239,77.754134,207.692,95,26.39,95,0,580.3,100,,468.28,SEC_SRE_RK,,SRE,RK,13.308,106.308,CRUISING,,,,,-83.9,,,GREEN,NONE,FALSE,,FALSE,
OBS_000280,9:04:30,8370,12017,ROUTE_NDLS_DDN_01,SYNTHETIC_SIMULATOR,OK,29.894685,77.762097,208.483,95,26.39,95,0,580.3,100,,454.94,SEC_SRE_RK,,SRE,RK,12.517,105.517,CRUISING,,,,,-84.25,,,GREEN,NONE,FALSE,,FALSE,
OBS_000281,9:05:00,8400,12017,ROUTE_NDLS_DDN_01,SYNTHETIC_SIMULATOR,OK,29.89213,77.77006,209.275,95,26.39,95,0,580.3,100,,441.2,SEC_SRE_RK,,SRE,RK,11.725,104.725,CRUISING,,,,,-84.6,,,GREEN,NONE,FALSE,,FALSE,
OBS_000282,9:05:30,8430,12017,ROUTE_NDLS_DDN_01,SYNTHETIC_SIMULATOR,OK,29.889576,77.778024,210.067,95,26.39,95,0,580.3,100,,427.02,SEC_SRE_RK,,SRE,RK,10.933,103.933,CRUISING,,,,,-84.95,,,GREEN,NONE,FALSE,,FALSE,
OBS_000283,9:06:00,8460,12017,ROUTE_NDLS_DDN_01,SYNTHETIC_SIMULATOR,OK,29.887022,77.785987,210.858,95,26.39,95,0,580.3,100,,412.35,SEC_SRE_RK,,SRE,RK,10.142,103.142,CRUISING,,,,,-85.3,,,GREEN,NONE,FALSE,,FALSE,
OBS_000284,9:06:30,8490,12017,ROUTE_NDLS_DDN_01,SYNTHETIC_SIMULATOR,OK,29.884467,77.79395,211.65,95,26.39,95,0,580.3,100,,397.14,SEC_SRE_RK,,SRE,RK,9.35,102.35,CRUISING,,,,,-85.65,,,GREEN,NONE,FALSE,,FALSE,
OBS_000285,9:07:00,8520,12017,ROUTE_NDLS_DDN_01,SYNTHETIC_SIMULATOR,OK,29.881913,77.801913,212.442,95,26.39,95,0,580.3,100,,381.33,SEC_SRE_RK,,SRE,RK,8.558,101.558,CRUISING,,,,,-86,,,GREEN,NONE,FALSE,,FALSE,
OBS_000286,9:07:30,8550,12017,ROUTE_NDLS_DDN_01,SYNTHETIC_SIMULATOR,OK,29.879359,77.809876,213.233,95,26.39,95,0,580.3,100,,364.83,SEC_SRE_RK,,SRE,RK,7.767,100.767,CRUISING,,,,,-86.35,,,GREEN,NONE,FALSE,,FALSE,
OBS_000287,9:08:00,8580,12017,ROUTE_NDLS_DDN_01,SYNTHETIC_SIMULATOR,OK,29.876805,77.81784,214.025,95,26.39,95,0,580.3,100,,347.54,SEC_SRE_RK,,SRE,RK,6.975,99.975,CRUISING,,,,,-86.7,,,GREEN,NONE,FALSE,,FALSE,
OBS_000288,9:08:30,8610,12017,ROUTE_NDLS_DDN_01,SYNTHETIC_SIMULATOR,OK,29.87425,77.825803,214.817,95,26.39,95,0,580.3,100,,329.36,SEC_SRE_RK,,SRE,RK,6.183,99.183,CRUISING,,,,,-87.05,,,GREEN,NONE,FALSE,,FALSE,
OBS_000289,9:09:00,8640,12017,ROUTE_NDLS_DDN_01,SYNTHETIC_SIMULATOR,OK,29.871696,77.833766,215.608,95,26.39,95,0,580.3,100,,310.1,SEC_SRE_RK,,SRE,RK,5.392,98.392,CRUISING,,,,,-87.4,,,GREEN,NONE,FALSE,,FALSE,
OBS_000290,9:09:30,8670,12017,ROUTE_NDLS_DDN_01,SYNTHETIC_SIMULATOR,OK,29.869142,77.841729,216.4,95,26.39,95,0,580.3,100,,289.57,SEC_SRE_RK,,SRE,RK,4.6,97.6,CRUISING,,,,,-87.75,,,GREEN,NONE,FALSE,,FALSE,
OBS_000291,9:10:00,8700,12017,ROUTE_NDLS_DDN_01,SYNTHETIC_SIMULATOR,OK,29.866587,77.849693,217.192,95,26.39,95,0,580.3,100,,267.47,SEC_SRE_RK,,SRE,RK,3.808,96.808,CRUISING,,,,,-88.1,,,GREEN,NONE,FALSE,,FALSE,
OBS_000292,9:10:30,8730,12017,ROUTE_NDLS_DDN_01,SYNTHETIC_SIMULATOR,OK,29.864033,77.857656,217.983,95,26.39,95,0,580.3,100,,243.37,SEC_SRE_RK,,SRE,RK,3.017,96.017,CRUISING,,,,,-88.45,,,GREEN,NONE,FALSE,,FALSE,
OBS_000293,9:11:00,8760,12017,ROUTE_NDLS_DDN_01,SYNTHETIC_SIMULATOR,OK,29.861479,77.865619,218.775,95,26.39,95,0,580.3,100,,216.6,SEC_SRE_RK,,SRE,RK,2.225,95.225,CRUISING,,,,,-88.8,,,GREEN,NONE,FALSE,,FALSE,
OBS_000294,9:11:30,8790,12017,ROUTE_NDLS_DDN_01,SYNTHETIC_SIMULATOR,OK,29.858925,77.873582,219.567,95,26.39,95,0,580.3,100,,186.02,SEC_SRE_RK,,SRE,RK,1.433,94.433,CRUISING,,,,,-89.15,,,GREEN,NONE,FALSE,,FALSE,
OBS_000295,9:12:00,8820,12017,ROUTE_NDLS_DDN_01,SYNTHETIC_SIMULATOR,OK,29.85637,77.881546,220.358,95,26.39,95,0,580.3,100,,149.3,SEC_SRE_RK,,SRE,RK,0.642,93.642,CRUISING,,,,,-89.5,,,GREEN,NONE,FALSE,,FALSE,
OBS_000296,9:12:30,8850,12017,ROUTE_NDLS_DDN_01,SYNTHETIC_SIMULATOR,OK,29.8543,77.888,221,0,0,95,0,0,100,,99.9,SEC_SRE_RK,RK,RK,HW,42,93,DWELLING,ARRIVED,9:12:30,,,-89.69,-66.5,,GREEN,NONE,FALSE,,FALSE,
OBS_000297,9:13:00,8880,12017,ROUTE_NDLS_DDN_01,SYNTHETIC_SIMULATOR,OK,29.8543,77.888,221,0,0,0,0,0,80,,0,,RK,RK,HW,42,93,DWELLING,,,,,-89.19,,,GREEN,NONE,FALSE,,FALSE,
OBS_000298,9:13:30,8910,12017,ROUTE_NDLS_DDN_01,SYNTHETIC_SIMULATOR,OK,29.8543,77.888,221,0,0,0,0,0,80,,0,,RK,RK,HW,42,93,DWELLING,,,,,-88.69,,,GREEN,NONE,FALSE,,FALSE,
OBS_000299,9:14:00,8940,12017,ROUTE_NDLS_DDN_01,SYNTHETIC_SIMULATOR,OK,29.8543,77.888,221,0,0,0,0,0,80,,0,,RK,RK,HW,42,93,DWELLING,,,,,-88.19,,,GREEN,NONE,FALSE,,FALSE,
OBS_000300,9:14:30,8970,12017,ROUTE_NDLS_DDN_01,SYNTHETIC_SIMULATOR,OK,29.8543,77.888,221.675,54,15,76,0.5,187.5,80,,808.2,SEC_RK_HW,RK,RK,HW,41.325,92.325,ACCELERATING,DEPARTED,,9:14:30,2,-88.41,,-66.5,GREEN,NONE,FALSE,,FALSE,
OBS_000301,9:15:00,9000,12017,ROUTE_NDLS_DDN_01,SYNTHETIC_SIMULATOR,OK,29.855769,77.89219,221.675,0,0,25,-0.6,0,80,,801.68,SEC_RK_HW,,RK,HW,41.325,92.325,STOPPED,,,,,-87.91,,,GREEN,HIGH,FALSE,,FALSE,EVT_001
OBS_000302,9:15:30,9030,12017,ROUTE_NDLS_DDN_01,SYNTHETIC_SIMULATOR,OK,29.856712,77.89488,222.108,25,6.94,25,0.5,40.2,80,,801.68,SEC_RK_HW,,RK,HW,40.892,91.892,ACCELERATING,,,,,-87.88,,,GREEN,HIGH,FALSE,,FALSE,EVT_001
OBS_000303,9:16:00,9060,12017,ROUTE_NDLS_DDN_01,SYNTHETIC_SIMULATOR,OK,29.857165,77.896173,222.317,25,6.94,25,0,40.2,80,,797.46,SEC_RK_HW,,RK,HW,40.683,91.683,CRUISING,,,,,-87.6,,,GREEN,HIGH,FALSE,,FALSE,EVT_001
OBS_000304,9:16:30,9090,12017,ROUTE_NDLS_DDN_01,SYNTHETIC_SIMULATOR,OK,29.857619,77.897466,222.525,25,6.94,25,0,40.2,80,,795.43,SEC_RK_HW,,RK,HW,40.475,91.475,CRUISING,,,,,-87.32,,,GREEN,HIGH,FALSE,,FALSE,EVT_001
OBS_000305,9:17:00,9120,12017,ROUTE_NDLS_DDN_01,SYNTHETIC_SIMULATOR,OK,29.858072,77.898759,222.733,25,6.94,25,0,40.2,80,,793.39,SEC_RK_HW,,RK,HW,40.267,91.267,CRUISING,,,,,-87.05,,,GREEN,HIGH,FALSE,,FALSE,EVT_001
OBS_000306,9:17:30,9150,12017,ROUTE_NDLS_DDN_01,SYNTHETIC_SIMULATOR,OK,29.858525,77.900052,222.942,25,6.94,25,0,40.2,80,,791.35,SEC_RK_HW,,RK,HW,40.058,91.058,CRUISING,,,,,-86.77,,,GREEN,HIGH,FALSE,,FALSE,EVT_001
OBS_000307,9:18:00,9180,12017,ROUTE_NDLS_DDN_01,SYNTHETIC_SIMULATOR,OK,29.858979,77.901345,223.15,25,6.94,25,0,40.2,80,,789.3,SEC_RK_HW,,RK,HW,39.85,90.85,CRUISING,,,,,-86.5,,,GREEN,HIGH,FALSE,,FALSE,EVT_001
OBS_000308,9:18:30,9210,12017,ROUTE_NDLS_DDN_01,SYNTHETIC_SIMULATOR,OK,29.859432,77.902639,223.358,25,6.94,25,0,40.2,80,,787.24,SEC_RK_HW,,RK,HW,39.642,90.642,CRUISING,,,,,-86.22,,,GREEN,HIGH,FALSE,,FALSE,EVT_001
OBS_000309,9:19:00,9240,12017,ROUTE_NDLS_DDN_01,SYNTHETIC_SIMULATOR,OK,29.859886,77.903932,223.567,25,6.94,25,0,40.2,80,,785.18,SEC_RK_HW,,RK,HW,39.433,90.433,CRUISING,,,,,-85.94,,,GREEN,HIGH,FALSE,,FALSE,EVT_001
OBS_000310,9:19:30,9270,12017,ROUTE_NDLS_DDN_01,SYNTHETIC_SIMULATOR,OK,29.860339,77.905225,223.775,25,6.94,25,0,40.2,80,,783.11,SEC_RK_HW,,RK,HW,39.225,90.225,CRUISING,,,,,-85.67,,,GREEN,HIGH,FALSE,,FALSE,EVT_001
OBS_000311,9:20:00,9300,12017,ROUTE_NDLS_DDN_01,SYNTHETIC_SIMULATOR,OK,29.860792,77.906518,223.983,25,6.94,25,0,40.2,80,,781.04,SEC_RK_HW,,RK,HW,39.017,90.017,CRUISING,,,,,-85.39,,,GREEN,HIGH,FALSE,,FALSE,EVT_001
OBS_000312,9:20:30,9330,12017,ROUTE_NDLS_DDN_01,SYNTHETIC_SIMULATOR,OK,29.861246,77.907811,224.192,25,6.94,25,0,40.2,80,,778.97,SEC_RK_HW,,RK,HW,38.808,89.808,CRUISING,,,,,-85.11,,,GREEN,HIGH,FALSE,,FALSE,EVT_001
OBS_000313,9:21:00,9360,12017,ROUTE_NDLS_DDN_01,SYNTHETIC_SIMULATOR,OK,29.861699,77.909104,224.4,25,6.94,25,0,40.2,80,,776.88,SEC_RK_HW,,RK,HW,38.6,89.6,CRUISING,,,,,-84.84,,,GREEN,HIGH,FALSE,,FALSE,EVT_001
OBS_000314,9:21:30,9390,12017,ROUTE_NDLS_DDN_01,SYNTHETIC_SIMULATOR,OK,29.862152,77.910397,224.608,25,6.94,25,0,40.2,80,,774.79,SEC_RK_HW,,RK,HW,38.392,89.392,CRUISING,,,,,-84.56,,,GREEN,HIGH,FALSE,,FALSE,EVT_001
OBS_000315,9:22:00,9420,12017,ROUTE_NDLS_DDN_01,SYNTHETIC_SIMULATOR,OK,29.862606,77.911691,224.817,25,6.94,25,0,40.2,80,,772.7,SEC_RK_HW,,RK,HW,38.183,89.183,CRUISING,,,,,-84.28,,,GREEN,HIGH,FALSE,,FALSE,EVT_001
OBS_000316,9:22:30,9450,12017,ROUTE_NDLS_DDN_01,SYNTHETIC_SIMULATOR,OK,29.863059,77.912984,225.025,25,6.94,25,0,40.2,80,,770.6,SEC_RK_HW,,RK,HW,37.975,88.975,CRUISING,,,,,-84.01,,,GREEN,HIGH,FALSE,,FALSE,EVT_001
OBS_000317,9:23:00,9480,12017,ROUTE_NDLS_DDN_01,SYNTHETIC_SIMULATOR,OK,29.863513,77.914277,225.233,25,6.94,25,0,40.2,80,,768.5,SEC_RK_HW,,RK,HW,37.767,88.767,CRUISING,,,,,-83.73,,,GREEN,HIGH,FALSE,,FALSE,EVT_001
OBS_000318,9:23:30,9510,12017,ROUTE_NDLS_DDN_01,SYNTHETIC_SIMULATOR,OK,29.863966,77.91557,225.442,25,6.94,25,0,40.2,80,,766.39,SEC_RK_HW,,RK,HW,37.558,88.558,CRUISING,,,,,-83.45,,,GREEN,HIGH,FALSE,,FALSE,EVT_001
OBS_000319,9:24:00,9540,12017,ROUTE_NDLS_DDN_01,SYNTHETIC_SIMULATOR,OK,29.864419,77.916863,225.65,25,6.94,25,0,40.2,80,,764.27,SEC_RK_HW,,RK,HW,37.35,88.35,CRUISING,,,,,-83.18,,,GREEN,HIGH,FALSE,,FALSE,EVT_001
OBS_000320,9:24:30,9570,12017,ROUTE_NDLS_DDN_01,SYNTHETIC_SIMULATOR,OK,29.864873,77.918156,225.858,25,6.94,25,0,40.2,80,,762.15,SEC_RK_HW,,RK,HW,37.142,88.142,CRUISING,,,,,-82.9,,,GREEN,HIGH,FALSE,,FALSE,EVT_001
OBS_000321,9:25:00,9600,12017,ROUTE_NDLS_DDN_01,SYNTHETIC_SIMULATOR,OK,29.865326,77.91945,226.067,25,6.94,25,0,40.2,80,,760.02,SEC_RK_HW,,RK,HW,36.933,87.933,CRUISING,,,,,-82.63,,,GREEN,HIGH,FALSE,,FALSE,EVT_001
OBS_000322,9:25:30,9630,12017,ROUTE_NDLS_DDN_01,SYNTHETIC_SIMULATOR,OK,29.865779,77.920743,226.275,25,6.94,25,0,40.2,80,,757.88,SEC_RK_HW,,RK,HW,36.725,87.725,CRUISING,,,,,-82.35,,,GREEN,HIGH,FALSE,,FALSE,EVT_001
OBS_000323,9:26:00,9660,12017,ROUTE_NDLS_DDN_01,SYNTHETIC_SIMULATOR,OK,29.866233,77.922036,226.483,25,6.94,25,0,40.2,80,,755.74,SEC_RK_HW,,RK,HW,36.517,87.517,CRUISING,,,,,-82.07,,,GREEN,HIGH,FALSE,,FALSE,EVT_001
OBS_000324,9:26:30,9690,12017,ROUTE_NDLS_DDN_01,SYNTHETIC_SIMULATOR,OK,29.866686,77.923329,226.692,25,6.94,25,0,40.2,80,,753.6,SEC_RK_HW,,RK,HW,36.308,87.308,CRUISING,,,,,-81.8,,,GREEN,HIGH,FALSE,,FALSE,EVT_001
OBS_000325,9:27:00,9720,12017,ROUTE_NDLS_DDN_01,SYNTHETIC_SIMULATOR,OK,29.86714,77.924622,226.9,25,6.94,25,0,40.2,80,,751.44,SEC_RK_HW,,RK,HW,36.1,87.1,CRUISING,,,,,-81.52,,,GREEN,HIGH,FALSE,,FALSE,EVT_001
OBS_000326,9:27:30,9750,12017,ROUTE_NDLS_DDN_01,SYNTHETIC_SIMULATOR,OK,29.867593,77.925915,227.108,25,6.94,25,0,40.2,80,,749.28,SEC_RK_HW,,RK,HW,35.892,86.892,CRUISING,,,,,-81.24,,,GREEN,HIGH,FALSE,,FALSE,EVT_001
OBS_000327,9:28:00,9780,12017,ROUTE_NDLS_DDN_01,SYNTHETIC_SIMULATOR,OK,29.868046,77.927208,227.317,25,6.94,25,0,40.2,80,,747.12,SEC_RK_HW,,RK,HW,35.683,86.683,CRUISING,,,,,-80.97,,,GREEN,HIGH,FALSE,,FALSE,EVT_001
OBS_000328,9:28:30,9810,12017,ROUTE_NDLS_DDN_01,SYNTHETIC_SIMULATOR,OK,29.8685,77.928502,227.525,25,6.94,25,0,40.2,80,,744.95,SEC_RK_HW,,RK,HW,35.475,86.475,CRUISING,,,,,-80.69,,,GREEN,HIGH,FALSE,,FALSE,EVT_001
OBS_000329,9:29:00,9840,12017,ROUTE_NDLS_DDN_01,SYNTHETIC_SIMULATOR,OK,29.868953,77.929795,227.733,25,6.94,25,0,40.2,80,,742.77,SEC_RK_HW,,RK,HW,35.267,86.267,CRUISING,,,,,-80.41,,,GREEN,HIGH,FALSE,,FALSE,EVT_001
OBS_000330,9:29:30,9870,12017,ROUTE_NDLS_DDN_01,SYNTHETIC_SIMULATOR,OK,29.869406,77.931088,227.942,25,6.94,25,0,40.2,80,,740.59,SEC_RK_HW,,RK,HW,35.058,86.058,CRUISING,,,,,-80.14,,,GREEN,HIGH,FALSE,,FALSE,EVT_001
OBS_000331,9:30:00,9900,12017,ROUTE_NDLS_DDN_01,SYNTHETIC_SIMULATOR,OK,29.86986,77.932381,228.15,25,6.94,25,0,40.2,80,,738.4,SEC_RK_HW,,RK,HW,34.85,85.85,CRUISING,,,,,-79.86,,,GREEN,HIGH,FALSE,,FALSE,EVT_001
OBS_000332,9:30:30,9930,12017,ROUTE_NDLS_DDN_01,SYNTHETIC_SIMULATOR,OK,29.870313,77.933674,228.358,25,6.94,25,0,40.2,80,,736.2,SEC_RK_HW,,RK,HW,34.642,85.642,CRUISING,,,,,-79.59,,,GREEN,HIGH,FALSE,,FALSE,EVT_001
OBS_000333,9:31:00,9960,12017,ROUTE_NDLS_DDN_01,SYNTHETIC_SIMULATOR,OK,29.870767,77.934967,228.567,25,6.94,25,0,40.2,80,,733.99,SEC_RK_HW,,RK,HW,34.433,85.433,CRUISING,,,,,-79.31,,,GREEN,HIGH,FALSE,,FALSE,EVT_001
OBS_000334,9:31:30,9990,12017,ROUTE_NDLS_DDN_01,SYNTHETIC_SIMULATOR,OK,29.87122,77.936261,228.775,25,6.94,25,0,40.2,80,,731.78,SEC_RK_HW,,RK,HW,34.225,85.225,CRUISING,,,,,-79.03,,,GREEN,HIGH,FALSE,,FALSE,EVT_001
OBS_000335,9:32:00,10020,12017,ROUTE_NDLS_DDN_01,SYNTHETIC_SIMULATOR,OK,29.871673,77.937554,228.983,25,6.94,25,0,40.2,80,,729.57,SEC_RK_HW,,RK,HW,34.017,85.017,CRUISING,,,,,-78.76,,,GREEN,HIGH,FALSE,,FALSE,EVT_001
OBS_000336,9:32:30,10050,12017,ROUTE_NDLS_DDN_01,SYNTHETIC_SIMULATOR,OK,29.872127,77.938847,229.192,25,6.94,25,0,40.2,80,,727.34,SEC_RK_HW,,RK,HW,33.808,84.808,CRUISING,,,,,-78.48,,,GREEN,HIGH,FALSE,,FALSE,EVT_001
OBS_000337,9:33:00,10080,12017,ROUTE_NDLS_DDN_01,SYNTHETIC_SIMULATOR,OK,29.87258,77.94014,229.4,25,6.94,25,0,40.2,80,,725.11,SEC_RK_HW,,RK,HW,33.6,84.6,CRUISING,,,,,-78.2,,,GREEN,HIGH,FALSE,,FALSE,EVT_001
OBS_000338,9:33:30,10110,12017,ROUTE_NDLS_DDN_01,SYNTHETIC_SIMULATOR,OK,29.873033,77.941433,229.608,25,6.94,25,0,40.2,80,,722.87,SEC_RK_HW,,RK,HW,33.392,84.392,CRUISING,,,,,-77.93,,,GREEN,HIGH,FALSE,,FALSE,EVT_001
OBS_000339,9:34:00,10140,12017,ROUTE_NDLS_DDN_01,SYNTHETIC_SIMULATOR,OK,29.873487,77.942726,229.817,25,6.94,25,0,40.2,80,,720.63,SEC_RK_HW,,RK,HW,33.183,84.183,CRUISING,,,,,-77.65,,,GREEN,HIGH,FALSE,,FALSE,EVT_001
OBS_000340,9:34:30,10170,12017,ROUTE_NDLS_DDN_01,SYNTHETIC_SIMULATOR,OK,29.87394,77.944019,230.025,25,6.94,25,0,40.2,80,,718.38,SEC_RK_HW,,RK,HW,32.975,83.975,CRUISING,,,,,-77.37,,,GREEN,HIGH,FALSE,,FALSE,EVT_001
OBS_000341,9:35:00,10200,12017,ROUTE_NDLS_DDN_01,SYNTHETIC_SIMULATOR,OK,29.874393,77.945313,230.233,25,6.94,25,0,40.2,80,,716.12,SEC_RK_HW,,RK,HW,32.767,83.767,CRUISING,,,,,-77.1,,,GREEN,HIGH,FALSE,,FALSE,EVT_001
OBS_000342,9:35:30,10230,12017,ROUTE_NDLS_DDN_01,SYNTHETIC_SIMULATOR,OK,29.874847,77.946606,230.442,25,6.94,25,0,40.2,80,,713.85,SEC_RK_HW,,RK,HW,32.558,83.558,CRUISING,,,,,-76.82,,,GREEN,HIGH,FALSE,,FALSE,EVT_001
OBS_000343,9:36:00,10260,12017,ROUTE_NDLS_DDN_01,SYNTHETIC_SIMULATOR,OK,29.8753,77.947899,230.65,25,6.94,25,0,40.2,80,,711.58,SEC_RK_HW,,RK,HW,32.35,83.35,CRUISING,,,,,-76.54,,,GREEN,HIGH,FALSE,,FALSE,EVT_001
OBS_000344,9:36:30,10290,12017,ROUTE_NDLS_DDN_01,SYNTHETIC_SIMULATOR,OK,29.875754,77.949192,230.858,25,6.94,25,0,40.2,80,,709.3,SEC_RK_HW,,RK,HW,32.142,83.142,CRUISING,,,,,-76.27,,,GREEN,HIGH,FALSE,,FALSE,EVT_001
OBS_000345,9:37:00,10320,12017,ROUTE_NDLS_DDN_01,SYNTHETIC_SIMULATOR,OK,29.876207,77.950485,231.067,25,6.94,25,0,40.2,80,,707.01,SEC_RK_HW,,RK,HW,31.933,82.933,CRUISING,,,,,-75.99,,,GREEN,HIGH,FALSE,,FALSE,EVT_001
OBS_000346,9:37:30,10350,12017,ROUTE_NDLS_DDN_01,SYNTHETIC_SIMULATOR,OK,29.87666,77.951778,231.275,25,6.94,25,0,40.2,80,,704.72,SEC_RK_HW,,RK,HW,31.725,82.725,CRUISING,,,,,-75.72,,,GREEN,HIGH,FALSE,,FALSE,EVT_001
OBS_000347,9:38:00,10380,12017,ROUTE_NDLS_DDN_01,SYNTHETIC_SIMULATOR,OK,29.877114,77.953072,231.483,25,6.94,25,0,40.2,80,,702.42,SEC_RK_HW,,RK,HW,31.517,82.517,CRUISING,,,,,-75.44,,,GREEN,HIGH,FALSE,,FALSE,EVT_001
OBS_000348,9:38:30,10410,12017,ROUTE_NDLS_DDN_01,SYNTHETIC_SIMULATOR,OK,29.877567,77.954365,231.692,25,6.94,25,0,40.2,80,,700.11,SEC_RK_HW,,RK,HW,31.308,82.308,CRUISING,,,,,-75.16,,,GREEN,HIGH,FALSE,,FALSE,EVT_001
OBS_000349,9:39:00,10440,12017,ROUTE_NDLS_DDN_01,SYNTHETIC_SIMULATOR,OK,29.87802,77.955658,231.9,25,6.94,25,0,40.2,80,,697.79,SEC_RK_HW,,RK,HW,31.1,82.1,CRUISING,,,,,-74.89,,,GREEN,HIGH,FALSE,,FALSE,EVT_001
OBS_000350,9:39:30,10470,12017,ROUTE_NDLS_DDN_01,SYNTHETIC_SIMULATOR,OK,29.878474,77.956951,232.108,25,6.94,25,0,40.2,80,,695.46,SEC_RK_HW,,RK,HW,30.892,81.892,CRUISING,,,,,-74.61,,,GREEN,HIGH,FALSE,,FALSE,EVT_001
OBS_000351,9:40:00,10500,12017,ROUTE_NDLS_DDN_01,SYNTHETIC_SIMULATOR,OK,29.878927,77.958244,232.317,25,6.94,25,0,40.2,80,,693.13,SEC_RK_HW,,RK,HW,30.683,81.683,CRUISING,,,,,-74.33,,,GREEN,HIGH,FALSE,,FALSE,EVT_001
OBS_000352,9:40:30,10530,12017,ROUTE_NDLS_DDN_01,SYNTHETIC_SIMULATOR,OK,29.879381,77.959537,232.525,25,6.94,25,0,40.2,80,,690.79,SEC_RK_HW,,RK,HW,30.475,81.475,CRUISING,,,,,-74.06,,,GREEN,HIGH,FALSE,,FALSE,EVT_001
OBS_000353,9:41:00,10560,12017,ROUTE_NDLS_DDN_01,SYNTHETIC_SIMULATOR,OK,29.879834,77.96083,232.733,25,6.94,25,0,40.2,80,,688.44,SEC_RK_HW,,RK,HW,30.267,81.267,CRUISING,,,,,-73.78,,,GREEN,HIGH,FALSE,,FALSE,EVT_001
OBS_000354,9:41:30,10590,12017,ROUTE_NDLS_DDN_01,SYNTHETIC_SIMULATOR,OK,29.880287,77.962124,232.942,25,6.94,25,0,40.2,80,,686.08,SEC_RK_HW,,RK,HW,30.058,81.058,CRUISING,,,,,-73.5,,,GREEN,HIGH,FALSE,,FALSE,EVT_001
OBS_000355,9:42:00,10620,12017,ROUTE_NDLS_DDN_01,SYNTHETIC_SIMULATOR,OK,29.880741,77.963417,233.15,25,6.94,25,0,40.2,80,,683.72,SEC_RK_HW,,RK,HW,29.85,80.85,CRUISING,,,,,-73.23,,,GREEN,HIGH,FALSE,,FALSE,EVT_001
OBS_000356,9:42:30,10650,12017,ROUTE_NDLS_DDN_01,SYNTHETIC_SIMULATOR,OK,29.881194,77.96471,233.358,25,6.94,25,0,40.2,80,,681.34,SEC_RK_HW,,RK,HW,29.642,80.642,CRUISING,,,,,-72.95,,,GREEN,HIGH,FALSE,,FALSE,EVT_001
OBS_000357,9:43:00,10680,12017,ROUTE_NDLS_DDN_01,SYNTHETIC_SIMULATOR,OK,29.881647,77.966003,233.567,25,6.94,25,0,40.2,80,,678.96,SEC_RK_HW,,RK,HW,29.433,80.433,CRUISING,,,,,-72.68,,,GREEN,HIGH,FALSE,,FALSE,EVT_001
OBS_000358,9:43:30,10710,12017,ROUTE_NDLS_DDN_01,SYNTHETIC_SIMULATOR,OK,29.882101,77.967296,233.775,25,6.94,25,0,40.2,80,,676.57,SEC_RK_HW,,RK,HW,29.225,80.225,CRUISING,,,,,-72.4,,,GREEN,HIGH,FALSE,,FALSE,EVT_001
OBS_000359,9:44:00,10740,12017,ROUTE_NDLS_DDN_01,SYNTHETIC_SIMULATOR,OK,29.882554,77.968589,233.983,25,6.94,25,0,40.2,80,,674.17,SEC_RK_HW,,RK,HW,29.017,80.017,CRUISING,,,,,-72.12,,,GREEN,HIGH,FALSE,,FALSE,EVT_001
OBS_000360,9:44:30,10770,12017,ROUTE_NDLS_DDN_01,SYNTHETIC_SIMULATOR,OK,29.883008,77.969883,234.192,25,6.94,25,0,40.2,80,,671.76,SEC_RK_HW,,RK,HW,28.808,79.808,CRUISING,,,,,-71.85,,,GREEN,HIGH,FALSE,,FALSE,EVT_001
OBS_000361,9:45:00,10800,12017,ROUTE_NDLS_DDN_01,SYNTHETIC_SIMULATOR,OK,29.883461,77.971176,234.4,25,6.94,25,0,40.2,80,,669.35,SEC_RK_HW,,RK,HW,28.6,79.6,CRUISING,,,,,-71.57,,,GREEN,HIGH,FALSE,,FALSE,EVT_001
OBS_000362,9:45:30,10830,12017,ROUTE_NDLS_DDN_01,SYNTHETIC_SIMULATOR,OK,29.883914,77.972469,234.608,25,6.94,25,0,40.2,80,,666.92,SEC_RK_HW,,RK,HW,28.392,79.392,CRUISING,,,,,-71.29,,,GREEN,HIGH,FALSE,,FALSE,EVT_001
OBS_000363,9:46:00,10860,12017,ROUTE_NDLS_DDN_01,SYNTHETIC_SIMULATOR,OK,29.884368,77.973762,234.817,25,6.94,25,0,40.2,80,,664.49,SEC_RK_HW,,RK,HW,28.183,79.183,CRUISING,,,,,-71.02,,,GREEN,HIGH,FALSE,,FALSE,EVT_001
OBS_000364,9:46:30,10890,12017,ROUTE_NDLS_DDN_01,SYNTHETIC_SIMULATOR,OK,29.884821,77.975055,235.025,25,6.94,25,0,40.2,80,,662.05,SEC_RK_HW,,RK,HW,27.975,78.975,CRUISING,,,,,-70.74,,,GREEN,HIGH,FALSE,,FALSE,EVT_001
OBS_000365,9:47:00,10920,12017,ROUTE_NDLS_DDN_01,SYNTHETIC_SIMULATOR,OK,29.885274,77.976348,235.233,25,6.94,25,0,40.2,80,,659.6,SEC_RK_HW,,RK,HW,27.767,78.767,CRUISING,,,,,-70.46,,,GREEN,HIGH,FALSE,,FALSE,EVT_001
OBS_000366,9:47:30,10950,12017,ROUTE_NDLS_DDN_01,SYNTHETIC_SIMULATOR,OK,29.885728,77.977641,235.442,25,6.94,25,0,40.2,80,,657.14,SEC_RK_HW,,RK,HW,27.558,78.558,CRUISING,,,,,-70.19,,,GREEN,HIGH,FALSE,,FALSE,EVT_001
OBS_000367,9:48:00,10980,12017,ROUTE_NDLS_DDN_01,SYNTHETIC_SIMULATOR,OK,29.886181,77.978935,235.65,25,6.94,25,0,40.2,80,,654.67,SEC_RK_HW,,RK,HW,27.35,78.35,CRUISING,,,,,-69.91,,,GREEN,HIGH,FALSE,,FALSE,EVT_001
OBS_000368,9:48:30,11010,12017,ROUTE_NDLS_DDN_01,SYNTHETIC_SIMULATOR,OK,29.886635,77.980228,235.858,25,6.94,25,0,40.2,80,,652.19,SEC_RK_HW,,RK,HW,27.142,78.142,CRUISING,,,,,-69.63,,,GREEN,HIGH,FALSE,,FALSE,EVT_001
OBS_000369,9:49:00,11040,12017,ROUTE_NDLS_DDN_01,SYNTHETIC_SIMULATOR,OK,29.887088,77.981521,236.067,25,6.94,25,0,40.2,80,,649.7,SEC_RK_HW,,RK,HW,26.933,77.933,CRUISING,,,,,-69.36,,,GREEN,HIGH,FALSE,,FALSE,EVT_001
OBS_000370,9:49:30,11070,12017,ROUTE_NDLS_DDN_01,SYNTHETIC_SIMULATOR,OK,29.887541,77.982814,236.275,25,6.94,25,0,40.2,80,,647.2,SEC_RK_HW,,RK,HW,26.725,77.725,CRUISING,,,,,-69.08,,,GREEN,HIGH,FALSE,,FALSE,EVT_001
OBS_000371,9:50:00,11100,12017,ROUTE_NDLS_DDN_01,SYNTHETIC_SIMULATOR,OK,29.887995,77.984107,236.483,25,6.94,25,0,40.2,80,,644.69,SEC_RK_HW,,RK,HW,26.517,77.517,CRUISING,,,,,-68.81,,,GREEN,HIGH,FALSE,,FALSE,EVT_001
OBS_000372,9:50:30,11130,12017,ROUTE_NDLS_DDN_01,SYNTHETIC_SIMULATOR,OK,29.889863,77.989435,237.342,76,21.11,76,0.5,371.4,80,,642.17,SEC_RK_HW,,RK,HW,25.658,76.658,ACCELERATING,,,,,-69.23,,,GREEN,NONE,FALSE,,FALSE,
OBS_000373,9:51:00,11160,12017,ROUTE_NDLS_DDN_01,SYNTHETIC_SIMULATOR,OK,29.891241,77.993366,237.975,76,21.11,76,0,371.4,80,,631.69,SEC_RK_HW,,RK,HW,25.025,76.025,CRUISING,,,,,-69.41,,,GREEN,NONE,FALSE,,FALSE,
OBS_000374,9:51:30,11190,12017,ROUTE_NDLS_DDN_01,SYNTHETIC_SIMULATOR,OK,29.892619,77.997297,238.608,76,21.11,76,0,371.4,80,,623.85,SEC_RK_HW,,RK,HW,24.392,75.392,CRUISING,,,,,-69.59,,,GREEN,NONE,FALSE,,FALSE,
OBS_000375,9:52:00,11220,12017,ROUTE_NDLS_DDN_01,SYNTHETIC_SIMULATOR,OK,29.893997,78.001229,239.242,76,21.11,76,0,371.4,80,,615.91,SEC_RK_HW,,RK,HW,23.758,74.758,CRUISING,,,,,-69.77,,,GREEN,NONE,FALSE,,FALSE,
OBS_000376,9:52:30,11250,12017,ROUTE_NDLS_DDN_01,SYNTHETIC_SIMULATOR,OK,29.895376,78.00516,239.875,76,21.11,76,0,371.4,80,,607.86,SEC_RK_HW,,RK,HW,23.125,74.125,CRUISING,,,,,-69.95,,,GREEN,NONE,FALSE,,FALSE,
OBS_000377,9:53:00,11280,12017,ROUTE_NDLS_DDN_01,SYNTHETIC_SIMULATOR,OK,29.896754,78.009091,240.508,76,21.11,76,0,371.4,80,,599.7,SEC_RK_HW,,RK,HW,22.492,73.492,CRUISING,,,,,-70.13,,,GREEN,NONE,FALSE,,FALSE,
OBS_000378,9:53:30,11310,12017,ROUTE_NDLS_DDN_01,SYNTHETIC_SIMULATOR,OK,29.898132,78.013022,241.142,76,21.11,76,0,371.4,80,,591.43,SEC_RK_HW,,RK,HW,21.858,72.858,CRUISING,,,,,-70.3,,,GREEN,NONE,FALSE,,FALSE,
OBS_000379,9:54:00,11340,12017,ROUTE_NDLS_DDN_01,SYNTHETIC_SIMULATOR,OK,29.89951,78.016953,241.775,76,21.11,76,0,371.4,80,,583.04,SEC_RK_HW,,RK,HW,21.225,72.225,CRUISING,,,,,-70.48,,,GREEN,NONE,FALSE,,FALSE,
OBS_000380,9:54:30,11370,12017,ROUTE_NDLS_DDN_01,SYNTHETIC_SIMULATOR,OK,29.900889,78.020885,242.408,76,21.11,76,0,371.4,80,,574.54,SEC_RK_HW,,RK,HW,20.592,71.592,CRUISING,,,,,-70.66,,,GREEN,NONE,FALSE,,FALSE,
OBS_000381,9:55:00,11400,12017,ROUTE_NDLS_DDN_01,SYNTHETIC_SIMULATOR,OK,29.902267,78.024816,243.042,76,21.11,76,0,371.4,80,,565.9,SEC_RK_HW,,RK,HW,19.958,70.958,CRUISING,,,,,-70.84,,,GREEN,NONE,FALSE,,FALSE,
OBS_000382,9:55:30,11430,12017,ROUTE_NDLS_DDN_01,SYNTHETIC_SIMULATOR,OK,29.903645,78.028747,243.675,76,21.11,76,0,371.4,80,,557.13,SEC_RK_HW,,RK,HW,19.325,70.325,CRUISING,,,,,-71.02,,,GREEN,NONE,FALSE,,FALSE,
OBS_000383,9:56:00,11460,12017,ROUTE_NDLS_DDN_01,SYNTHETIC_SIMULATOR,OK,29.905023,78.032678,244.308,76,21.11,76,0,371.4,80,,548.22,SEC_RK_HW,,RK,HW,18.692,69.692,CRUISING,,,,,-71.2,,,GREEN,NONE,FALSE,,FALSE,
OBS_000384,9:56:30,11490,12017,ROUTE_NDLS_DDN_01,SYNTHETIC_SIMULATOR,OK,29.906402,78.036609,244.942,76,21.11,76,0,371.4,80,,539.16,SEC_RK_HW,,RK,HW,18.058,69.058,CRUISING,,,,,-71.38,,,GREEN,NONE,FALSE,,FALSE,
OBS_000385,9:57:00,11520,12017,ROUTE_NDLS_DDN_01,SYNTHETIC_SIMULATOR,OK,29.90778,78.040541,245.575,76,21.11,76,0,371.4,80,,529.95,SEC_RK_HW,,RK,HW,17.425,68.425,CRUISING,,,,,-71.56,,,GREEN,NONE,FALSE,,FALSE,
OBS_000386,9:57:30,11550,12017,ROUTE_NDLS_DDN_01,SYNTHETIC_SIMULATOR,OK,29.909158,78.044472,246.208,76,21.11,76,0,371.4,80,,520.57,SEC_RK_HW,,RK,HW,16.792,67.792,CRUISING,,,,,-71.74,,,GREEN,NONE,FALSE,,FALSE,
OBS_000387,9:58:00,11580,12017,ROUTE_NDLS_DDN_01,SYNTHETIC_SIMULATOR,OK,29.910536,78.048403,246.842,76,21.11,76,0,371.4,80,,511.02,SEC_RK_HW,,RK,HW,16.158,67.158,CRUISING,,,,,-71.92,,,GREEN,NONE,FALSE,,FALSE,
OBS_000388,9:58:30,11610,12017,ROUTE_NDLS_DDN_01,SYNTHETIC_SIMULATOR,OK,29.911915,78.052334,247.475,76,21.11,76,0,371.4,80,,501.29,SEC_RK_HW,,RK,HW,15.525,66.525,CRUISING,,,,,-72.1,,,GREEN,NONE,FALSE,,FALSE,
OBS_000389,9:59:00,11640,12017,ROUTE_NDLS_DDN_01,SYNTHETIC_SIMULATOR,OK,29.913293,78.056265,248.108,76,21.11,76,0,371.4,80,,491.37,SEC_RK_HW,,RK,HW,14.892,65.892,CRUISING,,,,,-72.28,,,GREEN,NONE,FALSE,,FALSE,
OBS_000390,9:59:30,11670,12017,ROUTE_NDLS_DDN_01,SYNTHETIC_SIMULATOR,OK,29.914671,78.060196,248.742,76,21.11,76,0,371.4,80,,481.24,SEC_RK_HW,,RK,HW,14.258,65.258,CRUISING,,,,,-72.46,,,GREEN,NONE,FALSE,,FALSE,
OBS_000391,10:00:00,11700,12017,ROUTE_NDLS_DDN_01,SYNTHETIC_SIMULATOR,OK,29.916049,78.064128,249.375,76,21.11,76,0,371.4,80,,470.9,SEC_RK_HW,,RK,HW,13.625,64.625,CRUISING,,,,,-72.64,,,GREEN,NONE,FALSE,,FALSE,
OBS_000392,10:00:30,11730,12017,ROUTE_NDLS_DDN_01,SYNTHETIC_SIMULATOR,OK,29.917428,78.068059,250.008,76,21.11,76,0,371.4,80,,460.32,SEC_RK_HW,,RK,HW,12.992,63.992,CRUISING,,,,,-72.82,,,GREEN,NONE,FALSE,,FALSE,
OBS_000393,10:01:00,11760,12017,ROUTE_NDLS_DDN_01,SYNTHETIC_SIMULATOR,OK,29.918806,78.07199,250.642,76,21.11,76,0,371.4,80,,449.5,SEC_RK_HW,,RK,HW,12.358,63.358,CRUISING,,,,,-73,,,GREEN,NONE,FALSE,,FALSE,
OBS_000394,10:01:30,11790,12017,ROUTE_NDLS_DDN_01,SYNTHETIC_SIMULATOR,OK,29.920184,78.075921,251.275,76,21.11,76,0,371.4,80,,438.4,SEC_RK_HW,,RK,HW,11.725,62.725,CRUISING,,,,,-73.18,,,GREEN,NONE,FALSE,,FALSE,
OBS_000395,10:02:00,11820,12017,ROUTE_NDLS_DDN_01,SYNTHETIC_SIMULATOR,OK,29.921562,78.079852,251.908,76,21.11,76,0,371.4,80,,427.02,SEC_RK_HW,,RK,HW,11.092,62.092,CRUISING,,,,,-73.36,,,GREEN,NONE,FALSE,,FALSE,
OBS_000396,10:02:30,11850,12017,ROUTE_NDLS_DDN_01,SYNTHETIC_SIMULATOR,OK,29.922941,78.083784,252.542,76,21.11,76,0,371.4,80,,415.33,SEC_RK_HW,,RK,HW,10.458,61.458,CRUISING,,,,,-73.54,,,GREEN,NONE,FALSE,,FALSE,
OBS_000397,10:03:00,11880,12017,ROUTE_NDLS_DDN_01,SYNTHETIC_SIMULATOR,OK,29.924319,78.087715,253.175,76,21.11,76,0,371.4,80,,403.3,SEC_RK_HW,,RK,HW,9.825,60.825,CRUISING,,,,,-73.72,,,GREEN,NONE,FALSE,,FALSE,
OBS_000398,10:03:30,11910,12017,ROUTE_NDLS_DDN_01,SYNTHETIC_SIMULATOR,OK,29.925697,78.091646,253.808,76,21.11,76,0,371.4,80,,390.89,SEC_RK_HW,,RK,HW,9.192,60.192,CRUISING,,,,,-73.9,,,GREEN,NONE,FALSE,,FALSE,
OBS_000399,10:04:00,11940,12017,ROUTE_NDLS_DDN_01,SYNTHETIC_SIMULATOR,OK,29.927075,78.095577,254.442,76,21.11,76,0,371.4,80,,378.09,SEC_RK_HW,,RK,HW,8.558,59.558,CRUISING,,,,,-74.08,,,GREEN,NONE,FALSE,,FALSE,
OBS_000400,10:04:30,11970,12017,ROUTE_NDLS_DDN_01,SYNTHETIC_SIMULATOR,OK,29.928454,78.099508,255.075,76,21.11,76,0,371.4,80,,364.83,SEC_RK_HW,,RK,HW,7.925,58.925,CRUISING,,,,,-74.26,,,GREEN,NONE,FALSE,,FALSE,
OBS_000401,10:05:00,12000,12017,ROUTE_NDLS_DDN_01,SYNTHETIC_SIMULATOR,OK,29.929832,78.10344,255.708,76,21.11,76,0,371.4,80,,351.07,SEC_RK_HW,,RK,HW,7.292,58.292,CRUISING,,,,,-74.44,,,GREEN,NONE,FALSE,,FALSE,
OBS_000402,10:05:30,12030,12017,ROUTE_NDLS_DDN_01,SYNTHETIC_SIMULATOR,OK,29.93121,78.107371,256.342,76,21.11,76,0,371.4,80,,336.75,SEC_RK_HW,,RK,HW,6.658,57.658,CRUISING,,,,,-74.62,,,GREEN,NONE,FALSE,,FALSE,
OBS_000403,10:06:00,12060,12017,ROUTE_NDLS_DDN_01,SYNTHETIC_SIMULATOR,OK,29.932588,78.111302,256.975,76,21.11,76,0,371.4,80,,321.79,SEC_RK_HW,,RK,HW,6.025,57.025,CRUISING,,,,,-74.8,,,GREEN,NONE,FALSE,,FALSE,
OBS_000404,10:06:30,12090,12017,ROUTE_NDLS_DDN_01,SYNTHETIC_SIMULATOR,OK,29.933967,78.115233,257.608,76,21.11,76,0,371.4,80,,306.11,SEC_RK_HW,,RK,HW,5.392,56.392,CRUISING,,,,,-74.98,,,GREEN,NONE,FALSE,,FALSE,
OBS_000405,10:07:00,12120,12017,ROUTE_NDLS_DDN_01,SYNTHETIC_SIMULATOR,OK,29.935345,78.119164,258.242,76,21.11,76,0,371.4,80,,289.57,SEC_RK_HW,,RK,HW,4.758,55.758,CRUISING,,,,,-75.16,,,GREEN,NONE,FALSE,,FALSE,
OBS_000406,10:07:30,12150,12017,ROUTE_NDLS_DDN_01,SYNTHETIC_SIMULATOR,OK,29.936723,78.123096,258.875,76,21.11,76,0,371.4,80,,272.03,SEC_RK_HW,,RK,HW,4.125,55.125,CRUISING,,,,,-75.34,,,GREEN,NONE,FALSE,,FALSE,
OBS_000407,10:08:00,12180,12017,ROUTE_NDLS_DDN_01,SYNTHETIC_SIMULATOR,OK,29.938101,78.127027,259.508,76,21.11,76,0,371.4,80,,253.28,SEC_RK_HW,,RK,HW,3.492,54.492,CRUISING,,,,,-75.52,,,GREEN,NONE,FALSE,,FALSE,
OBS_000408,10:08:30,12210,12017,ROUTE_NDLS_DDN_01,SYNTHETIC_SIMULATOR,OK,29.93948,78.130958,260.142,76,21.11,76,0,371.4,80,,233.03,SEC_RK_HW,,RK,HW,2.858,53.858,CRUISING,,,,,-75.7,,,GREEN,NONE,FALSE,,FALSE,
OBS_000409,10:09:00,12240,12017,ROUTE_NDLS_DDN_01,SYNTHETIC_SIMULATOR,OK,29.940858,78.134889,260.775,76,21.11,76,0,371.4,80,,210.84,SEC_RK_HW,,RK,HW,2.225,53.225,CRUISING,,,,,-75.88,,,GREEN,NONE,FALSE,,FALSE,
OBS_000410,10:09:30,12270,12017,ROUTE_NDLS_DDN_01,SYNTHETIC_SIMULATOR,OK,29.942236,78.13882,261.408,76,21.11,76,0,371.4,80,,186.02,SEC_RK_HW,,RK,HW,1.592,52.592,CRUISING,,,,,-76.06,,,GREEN,NONE,FALSE,,FALSE,
OBS_000411,10:10:00,12300,12017,ROUTE_NDLS_DDN_01,SYNTHETIC_SIMULATOR,OK,29.943614,78.142751,262.042,76,21.11,76,0,371.4,80,,157.33,SEC_RK_HW,,RK,HW,0.958,51.958,CRUISING,,,,,-76.24,,,GREEN,NONE,FALSE,,FALSE,
OBS_000412,10:10:30,12330,12017,ROUTE_NDLS_DDN_01,SYNTHETIC_SIMULATOR,OK,29.944993,78.146683,262.675,76,21.11,76,0,371.4,80,,122.08,SEC_RK_HW,,RK,HW,0.325,51.325,CRUISING,,,,,-76.42,,,GREEN,NONE,FALSE,,FALSE,
OBS_000413,10:11:00,12360,12017,ROUTE_NDLS_DDN_01,SYNTHETIC_SIMULATOR,OK,29.944993,78.146683,262.675,11.2,3.11,71.09,-0.6,8.1,80,,71.09,SEC_RK_HW,,RK,HW,0.325,51.325,DECELERATING,,,,,-75.92,,,GREEN,NONE,FALSE,,FALSE,
OBS_000414,10:11:30,12390,12017,ROUTE_NDLS_DDN_01,SYNTHETIC_SIMULATOR,OK,29.9457,78.1487,263,0,0,71.09,0,0,80,,71.09,SEC_RK_HW,HW,HW,DDN,51,51,DWELLING,ARRIVED,10:11:30,,,-75.76,-54.5,,GREEN,NONE,FALSE,,FALSE,
OBS_000415,10:12:00,12420,12017,ROUTE_NDLS_DDN_01,SYNTHETIC_SIMULATOR,OK,29.9457,78.1487,263,0,0,0,0,0,60,,0,,HW,HW,DDN,51,51,DWELLING,,,,,-75.26,,,GREEN,NONE,FALSE,,FALSE,
OBS_000416,10:12:30,12450,12017,ROUTE_NDLS_DDN_01,SYNTHETIC_SIMULATOR,OK,29.9457,78.1487,263,0,0,0,0,0,60,,0,,HW,HW,DDN,51,51,DWELLING,,,,,-74.76,,,GREEN,NONE,FALSE,,FALSE,
OBS_000417,10:13:00,12480,12017,ROUTE_NDLS_DDN_01,SYNTHETIC_SIMULATOR,OK,29.9457,78.1487,263,0,0,0,0,0,60,,0,,HW,HW,DDN,51,51,DWELLING,,,,,-74.26,,,GREEN,NONE,FALSE,,FALSE,
OBS_000418,10:13:30,12510,12017,ROUTE_NDLS_DDN_01,SYNTHETIC_SIMULATOR,OK,29.9457,78.1487,263,0,0,0,0,0,60,,0,,HW,HW,DDN,51,51,DWELLING,,,,,-73.76,,,GREEN,NONE,FALSE,,FALSE,
OBS_000419,10:14:00,12540,12017,ROUTE_NDLS_DDN_01,SYNTHETIC_SIMULATOR,OK,29.9457,78.1487,263,0,0,0,0,0,60,,0,,HW,HW,DDN,51,51,DWELLING,,,,,-73.26,,,GREEN,NONE,FALSE,,FALSE,
OBS_000420,10:14:30,12570,12017,ROUTE_NDLS_DDN_01,SYNTHETIC_SIMULATOR,OK,29.9457,78.1487,263,0,0,0,0,0,60,,0,,HW,HW,DDN,51,51,DWELLING,,,,,-72.76,,,GREEN,NONE,FALSE,,FALSE,
OBS_000421,10:15:00,12600,12017,ROUTE_NDLS_DDN_01,SYNTHETIC_SIMULATOR,OK,29.9457,78.1487,263,0,0,0,0,0,60,,0,,HW,HW,DDN,51,51,DWELLING,,,,,-72.26,,,GREEN,NONE,FALSE,,FALSE,
OBS_000422,10:15:30,12630,12017,ROUTE_NDLS_DDN_01,SYNTHETIC_SIMULATOR,OK,29.9457,78.1487,263,0,0,0,0,0,60,,0,,HW,HW,DDN,51,51,DWELLING,,,,,-71.76,,,GREEN,NONE,FALSE,,FALSE,
OBS_000423,10:16:00,12660,12017,ROUTE_NDLS_DDN_01,SYNTHETIC_SIMULATOR,OK,29.9457,78.1487,263,0,0,0,0,0,60,,0,,HW,HW,DDN,51,51,DWELLING,,,,,-71.26,,,GREEN,NONE,FALSE,,FALSE,
OBS_000424,10:16:30,12690,12017,ROUTE_NDLS_DDN_01,SYNTHETIC_SIMULATOR,OK,29.9457,78.1487,263,0,0,0,0,0,60,,0,,HW,HW,DDN,51,51,DWELLING,,,,,-70.76,,,GREEN,NONE,FALSE,,FALSE,
OBS_000425,10:17:00,12720,12017,ROUTE_NDLS_DDN_01,SYNTHETIC_SIMULATOR,OK,29.9457,78.1487,263,0,0,0,0,0,60,,0,,HW,HW,DDN,51,51,DWELLING,,,,,-70.26,,,GREEN,NONE,FALSE,,FALSE,
OBS_000426,10:17:30,12750,12017,ROUTE_NDLS_DDN_01,SYNTHETIC_SIMULATOR,OK,29.9457,78.1487,263,0,0,0,0,0,60,,0,,HW,HW,DDN,51,51,DWELLING,,,,,-69.76,,,GREEN,NONE,FALSE,,FALSE,
OBS_000427,10:18:00,12780,12017,ROUTE_NDLS_DDN_01,SYNTHETIC_SIMULATOR,OK,29.9457,78.1487,263,0,0,0,0,0,60,,0,,HW,HW,DDN,51,51,DWELLING,,,,,-69.26,,,GREEN,NONE,FALSE,,FALSE,
OBS_000428,10:18:30,12810,12017,ROUTE_NDLS_DDN_01,SYNTHETIC_SIMULATOR,OK,29.9457,78.1487,263,0,0,0,0,0,60,,0,,HW,HW,DDN,51,51,DWELLING,,,,,-68.76,,,GREEN,NONE,FALSE,,FALSE,
OBS_000429,10:19:00,12840,12017,ROUTE_NDLS_DDN_01,SYNTHETIC_SIMULATOR,OK,29.9457,78.1487,263,0,0,0,0,0,60,,0,,HW,HW,DDN,51,51,DWELLING,,,,,-68.26,,,GREEN,NONE,FALSE,,FALSE,
OBS_000430,10:19:30,12870,12017,ROUTE_NDLS_DDN_01,SYNTHETIC_SIMULATOR,OK,29.9457,78.1487,263.475,30,8.33,30,0.5,57.9,60,,890.59,SEC_HW_DDN,HW,HW,DDN,50.525,50.525,ACCELERATING,DEPARTED,,10:19:30,8,-68.27,,-54.5,GREEN,NONE,TRUE,0.2,FALSE,EVT_002
OBS_000431,10:20:00,12900,12017,ROUTE_NDLS_DDN_01,SYNTHETIC_SIMULATOR,OK,29.95096,78.147044,263.725,30,8.33,30,0,57.9,60,,886.43,SEC_HW_DDN,,HW,DDN,50.275,50.275,CRUISING,,,,,-68.04,,,GREEN,NONE,TRUE,0.2,FALSE,EVT_002
OBS_000432,10:20:30,12930,12017,ROUTE_NDLS_DDN_01,SYNTHETIC_SIMULATOR,OK,29.952774,78.146473,263.975,30,8.33,30,0,57.9,60,,884.24,SEC_HW_DDN,,HW,DDN,50.025,50.025,CRUISING,,,,,-67.81,,,GREEN,NONE,TRUE,0.2,FALSE,EVT_002
OBS_000433,10:21:00,12960,12017,ROUTE_NDLS_DDN_01,SYNTHETIC_SIMULATOR,OK,29.954587,78.145902,264.225,30,8.33,30,0,57.9,60,,882.04,SEC_HW_DDN,,HW,DDN,49.775,49.775,CRUISING,,,,,-67.58,,,GREEN,NONE,TRUE,0.2,FALSE,EVT_002
OBS_000434,10:21:30,12990,12017,ROUTE_NDLS_DDN_01,SYNTHETIC_SIMULATOR,OK,29.956401,78.145331,264.475,30,8.33,30,0,57.9,60,,879.83,SEC_HW_DDN,,HW,DDN,49.525,49.525,CRUISING,,,,,-67.35,,,GREEN,NONE,TRUE,0.2,FALSE,EVT_002
OBS_000435,10:22:00,13020,12017,ROUTE_NDLS_DDN_01,SYNTHETIC_SIMULATOR,OK,29.958215,78.14476,264.725,30,8.33,30,0,57.9,60,,877.62,SEC_HW_DDN,,HW,DDN,49.275,49.275,CRUISING,,,,,-67.12,,,GREEN,NONE,TRUE,0.2,FALSE,EVT_002
OBS_000436,10:22:30,13050,12017,ROUTE_NDLS_DDN_01,SYNTHETIC_SIMULATOR,OK,29.960028,78.144188,264.975,30,8.33,30,0,57.9,60,,875.4,SEC_HW_DDN,,HW,DDN,49.025,49.025,CRUISING,,,,,-66.88,,,GREEN,NONE,TRUE,0.2,FALSE,EVT_002
OBS_000437,10:23:00,13080,12017,ROUTE_NDLS_DDN_01,SYNTHETIC_SIMULATOR,OK,29.961842,78.143617,265.225,30,8.33,30,0,57.9,60,,873.18,SEC_HW_DDN,,HW,DDN,48.775,48.775,CRUISING,,,,,-66.65,,,GREEN,NONE,TRUE,0.2,FALSE,EVT_002
OBS_000438,10:23:30,13110,12017,ROUTE_NDLS_DDN_01,SYNTHETIC_SIMULATOR,OK,29.963656,78.143046,265.475,30,8.33,30,0,57.9,60,,870.95,SEC_HW_DDN,,HW,DDN,48.525,48.525,CRUISING,,,,,-66.42,,,GREEN,NONE,TRUE,0.2,FALSE,EVT_002
OBS_000439,10:24:00,13140,12017,ROUTE_NDLS_DDN_01,SYNTHETIC_SIMULATOR,OK,29.96547,78.142475,265.725,30,8.33,30,0,57.9,60,,868.71,SEC_HW_DDN,,HW,DDN,48.275,48.275,CRUISING,,,,,-66.19,,,GREEN,NONE,TRUE,0.2,FALSE,EVT_002
OBS_000440,10:24:30,13170,12017,ROUTE_NDLS_DDN_01,SYNTHETIC_SIMULATOR,OK,29.967283,78.141904,265.975,30,8.33,30,0,57.9,60,,866.47,SEC_HW_DDN,,HW,DDN,48.025,48.025,CRUISING,,,,,-65.96,,,GREEN,NONE,TRUE,0.2,FALSE,EVT_002
OBS_000441,10:25:00,13200,12017,ROUTE_NDLS_DDN_01,SYNTHETIC_SIMULATOR,OK,29.969097,78.141333,266.225,30,8.33,30,0,57.9,60,,864.22,SEC_HW_DDN,,HW,DDN,47.775,47.775,CRUISING,,,,,-65.73,,,GREEN,NONE,TRUE,0.2,FALSE,EVT_002
OBS_000442,10:25:30,13230,12017,ROUTE_NDLS_DDN_01,SYNTHETIC_SIMULATOR,OK,29.970911,78.140762,266.475,30,8.33,30,0,57.9,60,,861.97,SEC_HW_DDN,,HW,DDN,47.525,47.525,CRUISING,,,,,-65.49,,,GREEN,NONE,TRUE,0.2,FALSE,EVT_002
OBS_000443,10:26:00,13260,12017,ROUTE_NDLS_DDN_01,SYNTHETIC_SIMULATOR,OK,29.972725,78.140191,266.725,30,8.33,30,0,57.9,60,,859.71,SEC_HW_DDN,,HW,DDN,47.275,47.275,CRUISING,,,,,-65.26,,,GREEN,NONE,TRUE,0.2,FALSE,EVT_002
OBS_000444,10:26:30,13290,12017,ROUTE_NDLS_DDN_01,SYNTHETIC_SIMULATOR,OK,29.974538,78.13962,266.975,30,8.33,30,0,57.9,60,,857.45,SEC_HW_DDN,,HW,DDN,47.025,47.025,CRUISING,,,,,-65.03,,,GREEN,NONE,TRUE,0.2,FALSE,EVT_002
OBS_000445,10:27:00,13320,12017,ROUTE_NDLS_DDN_01,SYNTHETIC_SIMULATOR,OK,29.976352,78.139049,267.225,30,8.33,30,0,57.9,60,,855.18,SEC_HW_DDN,,HW,DDN,46.775,46.775,CRUISING,,,,,-64.8,,,GREEN,NONE,TRUE,0.2,FALSE,EVT_002
OBS_000446,10:27:30,13350,12017,ROUTE_NDLS_DDN_01,SYNTHETIC_SIMULATOR,OK,29.978166,78.138478,267.475,30,8.33,30,0,57.9,60,,852.9,SEC_HW_DDN,,HW,DDN,46.525,46.525,CRUISING,,,,,-64.57,,,GREEN,NONE,TRUE,0.2,FALSE,EVT_002
OBS_000447,10:28:00,13380,12017,ROUTE_NDLS_DDN_01,SYNTHETIC_SIMULATOR,OK,29.979979,78.137907,267.725,30,8.33,30,0,57.9,60,,850.62,SEC_HW_DDN,,HW,DDN,46.275,46.275,CRUISING,,,,,-64.34,,,GREEN,NONE,TRUE,0.2,FALSE,EVT_002
OBS_000448,10:28:30,13410,12017,ROUTE_NDLS_DDN_01,SYNTHETIC_SIMULATOR,OK,29.981793,78.137336,267.975,30,8.33,30,0,57.9,60,,848.33,SEC_HW_DDN,,HW,DDN,46.025,46.025,CRUISING,,,,,-64.1,,,GREEN,NONE,TRUE,0.2,FALSE,EVT_002
OBS_000449,10:29:00,13440,12017,ROUTE_NDLS_DDN_01,SYNTHETIC_SIMULATOR,OK,29.983607,78.136764,268.225,30,8.33,30,0,57.9,60,,846.04,SEC_HW_DDN,,HW,DDN,45.775,45.775,CRUISING,,,,,-63.87,,,GREEN,NONE,TRUE,0.2,FALSE,EVT_002
OBS_000450,10:29:30,13470,12017,ROUTE_NDLS_DDN_01,SYNTHETIC_SIMULATOR,OK,29.985421,78.136193,268.475,30,8.33,30,0,57.9,60,,843.74,SEC_HW_DDN,,HW,DDN,45.525,45.525,CRUISING,,,,,-63.64,,,GREEN,NONE,TRUE,0.2,FALSE,EVT_002
OBS_000451,10:30:00,13500,12017,ROUTE_NDLS_DDN_01,SYNTHETIC_SIMULATOR,OK,29.985421,78.136193,268.475,0,0,0,-0.6,0,60,,841.43,SEC_HW_DDN,,HW,DDN,45.525,45.525,STOPPED,,,,,-63.14,,,GREEN,NONE,TRUE,0.2,TRUE,"EVT_002,EVT_003"
OBS_000452,10:30:30,13530,12017,ROUTE_NDLS_DDN_01,SYNTHETIC_SIMULATOR,OK,29.985421,78.136193,268.475,0,0,0,0,0,60,,841.43,SEC_HW_DDN,,HW,DDN,45.525,45.525,STOPPED,,,,,-62.64,,,GREEN,NONE,TRUE,0.2,TRUE,"EVT_002,EVT_003"
OBS_000453,10:31:00,13560,12017,ROUTE_NDLS_DDN_01,SYNTHETIC_SIMULATOR,OK,29.985421,78.136193,268.475,0,0,0,0,0,60,,841.43,SEC_HW_DDN,,HW,DDN,45.525,45.525,STOPPED,,,,,-62.14,,,GREEN,NONE,TRUE,0.2,TRUE,"EVT_002,EVT_003"
OBS_000454,10:31:30,13590,12017,ROUTE_NDLS_DDN_01,SYNTHETIC_SIMULATOR,OK,29.985421,78.136193,268.475,0,0,0,0,0,60,,841.43,SEC_HW_DDN,,HW,DDN,45.525,45.525,STOPPED,,,,,-61.64,,,GREEN,NONE,TRUE,0.2,TRUE,"EVT_002,EVT_003"
OBS_000455,10:32:00,13620,12017,ROUTE_NDLS_DDN_01,SYNTHETIC_SIMULATOR,OK,29.985421,78.136193,268.475,0,0,0,0,0,60,,841.43,SEC_HW_DDN,,HW,DDN,45.525,45.525,STOPPED,,,,,-61.14,,,GREEN,NONE,TRUE,0.2,TRUE,"EVT_002,EVT_003"
OBS_000456,10:32:30,13650,12017,ROUTE_NDLS_DDN_01,SYNTHETIC_SIMULATOR,OK,29.985421,78.136193,268.475,0,0,0,0,0,60,,841.43,SEC_HW_DDN,,HW,DDN,45.525,45.525,STOPPED,,,,,-60.64,,,GREEN,NONE,TRUE,0.2,TRUE,"EVT_002,EVT_003"
OBS_000457,10:33:00,13680,12017,ROUTE_NDLS_DDN_01,SYNTHETIC_SIMULATOR,OK,29.985421,78.136193,268.475,0,0,0,0,0,60,,841.43,SEC_HW_DDN,,HW,DDN,45.525,45.525,STOPPED,,,,,-60.14,,,GREEN,NONE,TRUE,0.2,TRUE,"EVT_002,EVT_003"
OBS_000458,10:33:30,13710,12017,ROUTE_NDLS_DDN_01,SYNTHETIC_SIMULATOR,OK,29.985421,78.136193,268.475,0,0,0,0,0,60,,841.43,SEC_HW_DDN,,HW,DDN,45.525,45.525,STOPPED,,,,,-59.64,,,GREEN,NONE,TRUE,0.2,TRUE,"EVT_002,EVT_003"
OBS_000459,10:34:00,13740,12017,ROUTE_NDLS_DDN_01,SYNTHETIC_SIMULATOR,OK,29.985421,78.136193,268.475,0,0,0,0,0,60,,841.43,SEC_HW_DDN,,HW,DDN,45.525,45.525,STOPPED,,,,,-59.14,,,GREEN,NONE,TRUE,0.2,TRUE,"EVT_002,EVT_003"
OBS_000460,10:34:30,13770,12017,ROUTE_NDLS_DDN_01,SYNTHETIC_SIMULATOR,OK,29.985421,78.136193,268.475,0,0,0,0,0,60,,841.43,SEC_HW_DDN,,HW,DDN,45.525,45.525,STOPPED,,,,,-58.64,,,GREEN,NONE,TRUE,0.2,TRUE,"EVT_002,EVT_003"
OBS_000461,10:35:00,13800,12017,ROUTE_NDLS_DDN_01,SYNTHETIC_SIMULATOR,OK,29.985421,78.136193,268.475,0,0,0,0,0,60,,841.43,SEC_HW_DDN,,HW,DDN,45.525,45.525,STOPPED,,,,,-58.14,,,GREEN,NONE,TRUE,0.2,TRUE,"EVT_002,EVT_003"
OBS_000462,10:35:30,13830,12017,ROUTE_NDLS_DDN_01,SYNTHETIC_SIMULATOR,OK,29.985421,78.136193,268.475,0,0,0,0,0,60,,841.43,SEC_HW_DDN,,HW,DDN,45.525,45.525,STOPPED,,,,,-57.64,,,GREEN,NONE,TRUE,0.2,TRUE,"EVT_002,EVT_003"
OBS_000463,10:36:00,13860,12017,ROUTE_NDLS_DDN_01,SYNTHETIC_SIMULATOR,OK,29.985421,78.136193,268.475,0,0,0,0,0,60,,841.43,SEC_HW_DDN,,HW,DDN,45.525,45.525,STOPPED,,,,,-57.14,,,GREEN,NONE,TRUE,0.2,TRUE,"EVT_002,EVT_003"
OBS_000464,10:36:30,13890,12017,ROUTE_NDLS_DDN_01,SYNTHETIC_SIMULATOR,OK,29.985421,78.136193,268.475,0,0,0,0,0,60,,841.43,SEC_HW_DDN,,HW,DDN,45.525,45.525,STOPPED,,,,,-56.64,,,GREEN,NONE,TRUE,0.2,TRUE,"EVT_002,EVT_003"
OBS_000465,10:37:00,13920,12017,ROUTE_NDLS_DDN_01,SYNTHETIC_SIMULATOR,OK,29.985421,78.136193,268.475,0,0,0,0,0,60,,841.43,SEC_HW_DDN,,HW,DDN,45.525,45.525,STOPPED,,,,,-56.14,,,GREEN,NONE,TRUE,0.2,TRUE,"EVT_002,EVT_003"
OBS_000466,10:37:30,13950,12017,ROUTE_NDLS_DDN_01,SYNTHETIC_SIMULATOR,OK,29.985421,78.136193,268.475,0,0,0,0,0,60,,841.43,SEC_HW_DDN,,HW,DDN,45.525,45.525,STOPPED,,,,,-55.64,,,GREEN,NONE,TRUE,0.2,TRUE,"EVT_002,EVT_003"
OBS_000467,10:38:00,13980,12017,ROUTE_NDLS_DDN_01,SYNTHETIC_SIMULATOR,OK,29.985421,78.136193,268.475,0,0,0,0,0,60,,841.43,SEC_HW_DDN,,HW,DDN,45.525,45.525,STOPPED,,,,,-55.14,,,GREEN,NONE,TRUE,0.2,TRUE,"EVT_002,EVT_003"
OBS_000468,10:38:30,14010,12017,ROUTE_NDLS_DDN_01,SYNTHETIC_SIMULATOR,OK,29.985421,78.136193,268.475,0,0,0,0,0,60,,841.43,SEC_HW_DDN,,HW,DDN,45.525,45.525,STOPPED,,,,,-54.64,,,GREEN,NONE,TRUE,0.2,TRUE,"EVT_002,EVT_003"
OBS_000469,10:39:00,14040,12017,ROUTE_NDLS_DDN_01,SYNTHETIC_SIMULATOR,OK,29.985421,78.136193,268.475,0,0,0,0,0,60,,841.43,SEC_HW_DDN,,HW,DDN,45.525,45.525,STOPPED,,,,,-54.14,,,GREEN,NONE,TRUE,0.2,TRUE,"EVT_002,EVT_003"
OBS_000470,10:39:30,14070,12017,ROUTE_NDLS_DDN_01,SYNTHETIC_SIMULATOR,OK,29.985421,78.136193,268.475,0,0,0,0,0,60,,841.43,SEC_HW_DDN,,HW,DDN,45.525,45.525,STOPPED,,,,,-53.64,,,GREEN,NONE,TRUE,0.2,TRUE,"EVT_002,EVT_003"
OBS_000471,10:40:00,14100,12017,ROUTE_NDLS_DDN_01,SYNTHETIC_SIMULATOR,OK,29.985421,78.136193,268.475,0,0,0,0,0,60,,841.43,SEC_HW_DDN,,HW,DDN,45.525,45.525,STOPPED,,,,,-53.14,,,GREEN,NONE,TRUE,0.2,TRUE,"EVT_002,EVT_003"
OBS_000472,10:40:30,14130,12017,ROUTE_NDLS_DDN_01,SYNTHETIC_SIMULATOR,OK,29.988867,78.135108,268.95,30,8.33,30,0.5,57.9,60,,841.43,SEC_HW_DDN,,HW,DDN,45.05,45.05,ACCELERATING,,,,,-53.15,,,GREEN,NONE,TRUE,0.2,FALSE,EVT_002
OBS_000473,10:41:00,14160,12017,ROUTE_NDLS_DDN_01,SYNTHETIC_SIMULATOR,OK,29.99068,78.134537,269.2,30,8.33,30,0,57.9,60,,837.03,SEC_HW_DDN,,HW,DDN,44.8,44.8,CRUISING,,,,,-52.92,,,GREEN,NONE,TRUE,0.2,FALSE,EVT_002
OBS_000474,10:41:30,14190,12017,ROUTE_NDLS_DDN_01,SYNTHETIC_SIMULATOR,OK,29.992494,78.133966,269.45,30,8.33,30,0,57.9,60,,834.7,SEC_HW_DDN,,HW,DDN,44.55,44.55,CRUISING,,,,,-52.69,,,GREEN,NONE,TRUE,0.2,FALSE,EVT_002
OBS_000475,10:42:00,14220,12017,ROUTE_NDLS_DDN_01,SYNTHETIC_SIMULATOR,OK,29.994308,78.133395,269.7,30,8.33,30,0,57.9,60,,832.37,SEC_HW_DDN,,HW,DDN,44.3,44.3,CRUISING,,,,,-52.46,,,GREEN,NONE,TRUE,0.2,FALSE,EVT_002
OBS_000476,10:42:30,14250,12017,ROUTE_NDLS_DDN_01,SYNTHETIC_SIMULATOR,OK,29.996122,78.132824,269.95,30,8.33,30,0,57.9,60,,830.03,SEC_HW_DDN,,HW,DDN,44.05,44.05,CRUISING,,,,,-52.22,,,GREEN,NONE,TRUE,0.2,FALSE,EVT_002
OBS_000477,10:43:00,14280,12017,ROUTE_NDLS_DDN_01,SYNTHETIC_SIMULATOR,OK,29.997935,78.132253,270.2,30,8.33,30,0,57.9,60,,827.69,SEC_HW_DDN,,HW,DDN,43.8,43.8,CRUISING,,,,,-51.99,,,GREEN,NONE,TRUE,0.2,FALSE,EVT_002
OBS_000478,10:43:30,14310,12017,ROUTE_NDLS_DDN_01,SYNTHETIC_SIMULATOR,OK,29.999749,78.131682,270.45,30,8.33,30,0,57.9,60,,825.33,SEC_HW_DDN,,HW,DDN,43.55,43.55,CRUISING,,,,,-51.76,,,GREEN,NONE,TRUE,0.2,FALSE,EVT_002
OBS_000479,10:44:00,14340,12017,ROUTE_NDLS_DDN_01,SYNTHETIC_SIMULATOR,OK,30.001563,78.131111,270.7,30,8.33,30,0,57.9,60,,822.98,SEC_HW_DDN,,HW,DDN,43.3,43.3,CRUISING,,,,,-51.53,,,GREEN,NONE,TRUE,0.2,FALSE,EVT_002
OBS_000480,10:44:30,14370,12017,ROUTE_NDLS_DDN_01,SYNTHETIC_SIMULATOR,OK,30.003376,78.13054,270.95,30,8.33,30,0,57.9,60,,820.61,SEC_HW_DDN,,HW,DDN,43.05,43.05,CRUISING,,,,,-51.3,,,GREEN,NONE,TRUE,0.2,FALSE,EVT_002
OBS_000481,10:45:00,14400,12017,ROUTE_NDLS_DDN_01,SYNTHETIC_SIMULATOR,OK,30.00519,78.129969,271.2,30,8.33,30,0,57.9,60,,818.24,SEC_HW_DDN,,HW,DDN,42.8,42.8,CRUISING,,,,,-51.06,,,GREEN,NONE,TRUE,0.2,FALSE,EVT_002
OBS_000482,10:45:30,14430,12017,ROUTE_NDLS_DDN_01,SYNTHETIC_SIMULATOR,OK,30.007004,78.129398,271.45,30,8.33,30,0,57.9,60,,815.86,SEC_HW_DDN,,HW,DDN,42.55,42.55,CRUISING,,,,,-50.83,,,GREEN,NONE,TRUE,0.2,FALSE,EVT_002
OBS_000483,10:46:00,14460,12017,ROUTE_NDLS_DDN_01,SYNTHETIC_SIMULATOR,OK,30.008818,78.128826,271.7,30,8.33,30,0,57.9,60,,813.47,SEC_HW_DDN,,HW,DDN,42.3,42.3,CRUISING,,,,,-50.6,,,GREEN,NONE,TRUE,0.2,FALSE,EVT_002
OBS_000484,10:46:30,14490,12017,ROUTE_NDLS_DDN_01,SYNTHETIC_SIMULATOR,OK,30.010631,78.128255,271.95,30,8.33,30,0,57.9,60,,811.08,SEC_HW_DDN,,HW,DDN,42.05,42.05,CRUISING,,,,,-50.37,,,GREEN,NONE,TRUE,0.2,FALSE,EVT_002
OBS_000485,10:47:00,14520,12017,ROUTE_NDLS_DDN_01,SYNTHETIC_SIMULATOR,OK,30.012445,78.127684,272.2,30,8.33,30,0,57.9,60,,808.68,SEC_HW_DDN,,HW,DDN,41.8,41.8,CRUISING,,,,,-50.14,,,GREEN,NONE,TRUE,0.2,FALSE,EVT_002
OBS_000486,10:47:30,14550,12017,ROUTE_NDLS_DDN_01,SYNTHETIC_SIMULATOR,OK,30.014259,78.127113,272.45,30,8.33,30,0,57.9,60,,806.27,SEC_HW_DDN,,HW,DDN,41.55,41.55,CRUISING,,,,,-49.91,,,GREEN,NONE,TRUE,0.2,FALSE,EVT_002
OBS_000487,10:48:00,14580,12017,ROUTE_NDLS_DDN_01,SYNTHETIC_SIMULATOR,OK,30.016073,78.126542,272.7,30,8.33,30,0,57.9,60,,803.86,SEC_HW_DDN,,HW,DDN,41.3,41.3,CRUISING,,,,,-49.67,,,GREEN,NONE,TRUE,0.2,FALSE,EVT_002
OBS_000488,10:48:30,14610,12017,ROUTE_NDLS_DDN_01,SYNTHETIC_SIMULATOR,OK,30.017886,78.125971,272.95,30,8.33,30,0,57.9,60,,801.43,SEC_HW_DDN,,HW,DDN,41.05,41.05,CRUISING,,,,,-49.44,,,GREEN,NONE,TRUE,0.2,FALSE,EVT_002
OBS_000489,10:49:00,14640,12017,ROUTE_NDLS_DDN_01,SYNTHETIC_SIMULATOR,OK,30.0197,78.1254,273.2,30,8.33,30,0,57.9,60,,799.01,SEC_HW_DDN,,HW,DDN,40.8,40.8,CRUISING,,,,,-49.21,,,GREEN,NONE,TRUE,0.2,FALSE,EVT_002
OBS_000490,10:49:30,14670,12017,ROUTE_NDLS_DDN_01,SYNTHETIC_SIMULATOR,OK,30.021514,78.124829,273.45,30,8.33,30,0,57.9,60,,796.57,SEC_HW_DDN,,HW,DDN,40.55,40.55,CRUISING,,,,,-48.98,,,GREEN,NONE,TRUE,0.2,FALSE,EVT_002
OBS_000491,10:50:00,14700,12017,ROUTE_NDLS_DDN_01,SYNTHETIC_SIMULATOR,OK,30.023327,78.124258,273.7,30,8.33,30,0,57.9,60,,794.12,SEC_HW_DDN,,HW,DDN,40.3,40.3,CRUISING,,,,,-48.75,,,GREEN,NONE,TRUE,0.2,FALSE,EVT_002
OBS_000492,10:50:30,14730,12017,ROUTE_NDLS_DDN_01,SYNTHETIC_SIMULATOR,OK,30.025141,78.123687,273.95,30,8.33,30,0,57.9,60,,791.67,SEC_HW_DDN,,HW,DDN,40.05,40.05,CRUISING,,,,,-48.52,,,GREEN,NONE,TRUE,0.2,FALSE,EVT_002
OBS_000493,10:51:00,14760,12017,ROUTE_NDLS_DDN_01,SYNTHETIC_SIMULATOR,OK,30.026955,78.123116,274.2,30,8.33,30,0,57.9,60,,789.21,SEC_HW_DDN,,HW,DDN,39.8,39.8,CRUISING,,,,,-48.28,,,GREEN,NONE,TRUE,0.2,FALSE,EVT_002
OBS_000494,10:51:30,14790,12017,ROUTE_NDLS_DDN_01,SYNTHETIC_SIMULATOR,OK,30.028769,78.122545,274.45,30,8.33,30,0,57.9,60,,786.75,SEC_HW_DDN,,HW,DDN,39.55,39.55,CRUISING,,,,,-48.05,,,GREEN,NONE,TRUE,0.2,FALSE,EVT_002
OBS_000495,10:52:00,14820,12017,ROUTE_NDLS_DDN_01,SYNTHETIC_SIMULATOR,OK,30.030582,78.121974,274.7,30,8.33,30,0,57.9,60,,784.27,SEC_HW_DDN,,HW,DDN,39.3,39.3,CRUISING,,,,,-47.82,,,GREEN,NONE,TRUE,0.2,FALSE,EVT_002
OBS_000496,10:52:30,14850,12017,ROUTE_NDLS_DDN_01,SYNTHETIC_SIMULATOR,OK,30.032396,78.121402,274.95,30,8.33,30,0,57.9,60,,781.79,SEC_HW_DDN,,HW,DDN,39.05,39.05,CRUISING,,,,,-47.59,,,GREEN,NONE,TRUE,0.2,FALSE,EVT_002
OBS_000497,10:53:00,14880,12017,ROUTE_NDLS_DDN_01,SYNTHETIC_SIMULATOR,OK,30.03421,78.120831,275.2,30,8.33,30,0,57.9,60,,779.3,SEC_HW_DDN,,HW,DDN,38.8,38.8,CRUISING,,,,,-47.36,,,GREEN,NONE,TRUE,0.2,FALSE,EVT_002
OBS_000498,10:53:30,14910,12017,ROUTE_NDLS_DDN_01,SYNTHETIC_SIMULATOR,OK,30.036024,78.12026,275.45,30,8.33,30,0,57.9,60,,776.8,SEC_HW_DDN,,HW,DDN,38.55,38.55,CRUISING,,,,,-47.13,,,GREEN,NONE,TRUE,0.2,FALSE,EVT_002
OBS_000499,10:54:00,14940,12017,ROUTE_NDLS_DDN_01,SYNTHETIC_SIMULATOR,OK,30.037837,78.119689,275.7,30,8.33,30,0,57.9,60,,774.29,SEC_HW_DDN,,HW,DDN,38.3,38.3,CRUISING,,,,,-46.89,,,GREEN,NONE,TRUE,0.2,FALSE,EVT_002
OBS_000500,10:54:30,14970,12017,ROUTE_NDLS_DDN_01,SYNTHETIC_SIMULATOR,OK,30.039651,78.119118,275.95,30,8.33,30,0,57.9,60,,771.78,SEC_HW_DDN,,HW,DDN,38.05,38.05,CRUISING,,,,,-46.66,,,GREEN,NONE,TRUE,0.2,FALSE,EVT_002
OBS_000501,10:55:00,15000,12017,ROUTE_NDLS_DDN_01,SYNTHETIC_SIMULATOR,OK,30.041465,78.118547,276.2,30,8.33,30,0,57.9,60,,769.26,SEC_HW_DDN,,HW,DDN,37.8,37.8,CRUISING,,,,,-46.43,,,GREEN,NONE,TRUE,0.2,FALSE,EVT_002
OBS_000502,10:55:30,15030,12017,ROUTE_NDLS_DDN_01,SYNTHETIC_SIMULATOR,OK,30.043278,78.117976,276.45,30,8.33,30,0,57.9,60,,766.72,SEC_HW_DDN,,HW,DDN,37.55,37.55,CRUISING,,,,,-46.2,,,GREEN,NONE,TRUE,0.2,FALSE,EVT_002
OBS_000503,10:56:00,15060,12017,ROUTE_NDLS_DDN_01,SYNTHETIC_SIMULATOR,OK,30.045092,78.117405,276.7,30,8.33,30,0,57.9,60,,764.18,SEC_HW_DDN,,HW,DDN,37.3,37.3,CRUISING,,,,,-45.97,,,GREEN,NONE,TRUE,0.2,FALSE,EVT_002
OBS_000504,10:56:30,15090,12017,ROUTE_NDLS_DDN_01,SYNTHETIC_SIMULATOR,OK,30.046906,78.116834,276.95,30,8.33,30,0,57.9,60,,761.64,SEC_HW_DDN,,HW,DDN,37.05,37.05,CRUISING,,,,,-45.74,,,GREEN,NONE,TRUE,0.2,FALSE,EVT_002
OBS_000505,10:57:00,15120,12017,ROUTE_NDLS_DDN_01,SYNTHETIC_SIMULATOR,OK,30.04872,78.116263,277.2,30,8.33,30,0,57.9,60,,759.08,SEC_HW_DDN,,HW,DDN,36.8,36.8,CRUISING,,,,,-45.5,,,GREEN,NONE,TRUE,0.2,FALSE,EVT_002
OBS_000506,10:57:30,15150,12017,ROUTE_NDLS_DDN_01,SYNTHETIC_SIMULATOR,OK,30.050533,78.115692,277.45,30,8.33,30,0,57.9,60,,756.51,SEC_HW_DDN,,HW,DDN,36.55,36.55,CRUISING,,,,,-45.27,,,GREEN,NONE,TRUE,0.2,FALSE,EVT_002
OBS_000507,10:58:00,15180,12017,ROUTE_NDLS_DDN_01,SYNTHETIC_SIMULATOR,OK,30.052347,78.115121,277.7,30,8.33,30,0,57.9,60,,753.94,SEC_HW_DDN,,HW,DDN,36.3,36.3,CRUISING,,,,,-45.04,,,GREEN,NONE,TRUE,0.2,FALSE,EVT_002
OBS_000508,10:58:30,15210,12017,ROUTE_NDLS_DDN_01,SYNTHETIC_SIMULATOR,OK,30.054161,78.11455,277.95,30,8.33,30,0,57.9,60,,751.36,SEC_HW_DDN,,HW,DDN,36.05,36.05,CRUISING,,,,,-44.81,,,GREEN,NONE,TRUE,0.2,FALSE,EVT_002
OBS_000509,10:59:00,15240,12017,ROUTE_NDLS_DDN_01,SYNTHETIC_SIMULATOR,OK,30.055975,78.113978,278.2,30,8.33,30,0,57.9,60,,748.77,SEC_HW_DDN,,HW,DDN,35.8,35.8,CRUISING,,,,,-44.58,,,GREEN,NONE,TRUE,0.2,FALSE,EVT_002
OBS_000510,10:59:30,15270,12017,ROUTE_NDLS_DDN_01,SYNTHETIC_SIMULATOR,OK,30.057788,78.113407,278.45,30,8.33,30,0,57.9,60,,746.16,SEC_HW_DDN,,HW,DDN,35.55,35.55,CRUISING,,,,,-44.35,,,GREEN,NONE,TRUE,0.2,FALSE,EVT_002
OBS_000511,11:00:00,15300,12017,ROUTE_NDLS_DDN_01,SYNTHETIC_SIMULATOR,OK,30.059602,78.112836,278.7,30,8.33,30,0,57.9,60,,743.55,SEC_HW_DDN,,HW,DDN,35.3,35.3,CRUISING,,,,,-44.11,,,GREEN,NONE,TRUE,0.2,FALSE,EVT_002
OBS_000512,11:00:30,15330,12017,ROUTE_NDLS_DDN_01,SYNTHETIC_SIMULATOR,OK,30.061416,78.112265,278.95,30,8.33,30,0,57.9,60,,740.94,SEC_HW_DDN,,HW,DDN,35.05,35.05,CRUISING,,,,,-43.88,,,GREEN,NONE,TRUE,0.2,FALSE,EVT_002
OBS_000513,11:01:00,15360,12017,ROUTE_NDLS_DDN_01,SYNTHETIC_SIMULATOR,OK,30.063229,78.111694,279.2,30,8.33,30,0,57.9,60,,738.31,SEC_HW_DDN,,HW,DDN,34.8,34.8,CRUISING,,,,,-43.65,,,GREEN,NONE,TRUE,0.2,FALSE,EVT_002
OBS_000514,11:01:30,15390,12017,ROUTE_NDLS_DDN_01,SYNTHETIC_SIMULATOR,OK,30.065043,78.111123,279.45,30,8.33,30,0,57.9,60,,735.67,SEC_HW_DDN,,HW,DDN,34.55,34.55,CRUISING,,,,,-43.42,,,GREEN,NONE,TRUE,0.2,FALSE,EVT_002
OBS_000515,11:02:00,15420,12017,ROUTE_NDLS_DDN_01,SYNTHETIC_SIMULATOR,OK,30.066857,78.110552,279.7,30,8.33,30,0,57.9,60,,733.02,SEC_HW_DDN,,HW,DDN,34.3,34.3,CRUISING,,,,,-43.19,,,GREEN,NONE,TRUE,0.2,FALSE,EVT_002
OBS_000516,11:02:30,15450,12017,ROUTE_NDLS_DDN_01,SYNTHETIC_SIMULATOR,OK,30.068671,78.109981,279.95,30,8.33,30,0,57.9,60,,730.37,SEC_HW_DDN,,HW,DDN,34.05,34.05,CRUISING,,,,,-42.96,,,GREEN,NONE,TRUE,0.2,FALSE,EVT_002
OBS_000517,11:03:00,15480,12017,ROUTE_NDLS_DDN_01,SYNTHETIC_SIMULATOR,OK,30.070484,78.10941,280.2,30,8.33,30,0,57.9,60,,727.7,SEC_HW_DDN,,HW,DDN,33.8,33.8,CRUISING,,,,,-42.72,,,GREEN,NONE,TRUE,0.2,FALSE,EVT_002
OBS_000518,11:03:30,15510,12017,ROUTE_NDLS_DDN_01,SYNTHETIC_SIMULATOR,OK,30.072298,78.108839,280.45,30,8.33,30,0,57.9,60,,725.02,SEC_HW_DDN,,HW,DDN,33.55,33.55,CRUISING,,,,,-42.49,,,GREEN,NONE,TRUE,0.2,FALSE,EVT_002
OBS_000519,11:04:00,15540,12017,ROUTE_NDLS_DDN_01,SYNTHETIC_SIMULATOR,OK,30.074112,78.108268,280.7,30,8.33,30,0,57.9,60,,722.34,SEC_HW_DDN,,HW,DDN,33.3,33.3,CRUISING,,,,,-42.26,,,GREEN,NONE,TRUE,0.2,FALSE,EVT_002
OBS_000520,11:04:30,15570,12017,ROUTE_NDLS_DDN_01,SYNTHETIC_SIMULATOR,OK,30.075925,78.107697,280.95,30,8.33,30,0,57.9,60,,719.64,SEC_HW_DDN,,HW,DDN,33.05,33.05,CRUISING,,,,,-42.03,,,GREEN,NONE,TRUE,0.2,FALSE,EVT_002
OBS_000521,11:05:00,15600,12017,ROUTE_NDLS_DDN_01,SYNTHETIC_SIMULATOR,OK,30.077739,78.107125,281.2,30,8.33,30,0,57.9,60,,716.93,SEC_HW_DDN,,HW,DDN,32.8,32.8,CRUISING,,,,,-41.8,,,GREEN,NONE,TRUE,0.2,FALSE,EVT_002
OBS_000522,11:05:30,15630,12017,ROUTE_NDLS_DDN_01,SYNTHETIC_SIMULATOR,OK,30.079553,78.106554,281.45,30,8.33,30,0,57.9,60,,714.22,SEC_HW_DDN,,HW,DDN,32.55,32.55,CRUISING,,,,,-41.57,,,GREEN,NONE,TRUE,0.2,FALSE,EVT_002
OBS_000523,11:06:00,15660,12017,ROUTE_NDLS_DDN_01,SYNTHETIC_SIMULATOR,OK,30.081367,78.105983,281.7,30,8.33,30,0,57.9,60,,711.49,SEC_HW_DDN,,HW,DDN,32.3,32.3,CRUISING,,,,,-41.33,,,GREEN,NONE,TRUE,0.2,FALSE,EVT_002
OBS_000524,11:06:30,15690,12017,ROUTE_NDLS_DDN_01,SYNTHETIC_SIMULATOR,OK,30.08318,78.105412,281.95,30,8.33,30,0,57.9,60,,708.75,SEC_HW_DDN,,HW,DDN,32.05,32.05,CRUISING,,,,,-41.1,,,GREEN,NONE,TRUE,0.2,FALSE,EVT_002
OBS_000525,11:07:00,15720,12017,ROUTE_NDLS_DDN_01,SYNTHETIC_SIMULATOR,OK,30.084994,78.104841,282.2,30,8.33,30,0,57.9,60,,706,SEC_HW_DDN,,HW,DDN,31.8,31.8,CRUISING,,,,,-40.87,,,GREEN,NONE,TRUE,0.2,FALSE,EVT_002
OBS_000526,11:07:30,15750,12017,ROUTE_NDLS_DDN_01,SYNTHETIC_SIMULATOR,OK,30.086808,78.10427,282.45,30,8.33,30,0,57.9,60,,703.25,SEC_HW_DDN,,HW,DDN,31.55,31.55,CRUISING,,,,,-40.64,,,GREEN,NONE,TRUE,0.2,FALSE,EVT_002
OBS_000527,11:08:00,15780,12017,ROUTE_NDLS_DDN_01,SYNTHETIC_SIMULATOR,OK,30.088622,78.103699,282.7,30,8.33,30,0,57.9,60,,700.48,SEC_HW_DDN,,HW,DDN,31.3,31.3,CRUISING,,,,,-40.41,,,GREEN,NONE,TRUE,0.2,FALSE,EVT_002
OBS_000528,11:08:30,15810,12017,ROUTE_NDLS_DDN_01,SYNTHETIC_SIMULATOR,OK,30.090435,78.103128,282.95,30,8.33,30,0,57.9,60,,697.69,SEC_HW_DDN,,HW,DDN,31.05,31.05,CRUISING,,,,,-40.18,,,GREEN,NONE,TRUE,0.2,FALSE,EVT_002
OBS_000529,11:09:00,15840,12017,ROUTE_NDLS_DDN_01,SYNTHETIC_SIMULATOR,OK,30.092249,78.102557,283.2,30,8.33,30,0,57.9,60,,694.9,SEC_HW_DDN,,HW,DDN,30.8,30.8,CRUISING,,,,,-39.94,,,GREEN,NONE,TRUE,0.2,FALSE,EVT_002
OBS_000530,11:09:30,15870,12017,ROUTE_NDLS_DDN_01,SYNTHETIC_SIMULATOR,OK,30.094063,78.101986,283.45,30,8.33,30,0,57.9,60,,692.1,SEC_HW_DDN,,HW,DDN,30.55,30.55,CRUISING,,,,,-39.71,,,GREEN,NONE,TRUE,0.2,FALSE,EVT_002
OBS_000531,11:10:00,15900,12017,ROUTE_NDLS_DDN_01,SYNTHETIC_SIMULATOR,OK,30.095876,78.101415,283.7,30,8.33,30,0,57.9,60,,689.28,SEC_HW_DDN,,HW,DDN,30.3,30.3,CRUISING,,,,,-39.48,,,GREEN,NONE,TRUE,0.2,FALSE,EVT_002
OBS_000532,11:10:30,15930,12017,ROUTE_NDLS_DDN_01,SYNTHETIC_SIMULATOR,OK,30.09769,78.100844,283.95,30,8.33,30,0,57.9,60,,686.46,SEC_HW_DDN,,HW,DDN,30.05,30.05,CRUISING,,,,,-39.25,,,GREEN,NONE,TRUE,0.2,FALSE,EVT_002
OBS_000533,11:11:00,15960,12017,ROUTE_NDLS_DDN_01,SYNTHETIC_SIMULATOR,OK,30.099504,78.100273,284.2,30,8.33,30,0,57.9,60,,683.62,SEC_HW_DDN,,HW,DDN,29.8,29.8,CRUISING,,,,,-39.02,,,GREEN,NONE,TRUE,0.2,FALSE,EVT_002
OBS_000534,11:11:30,15990,12017,ROUTE_NDLS_DDN_01,SYNTHETIC_SIMULATOR,OK,30.101318,78.099701,284.45,30,8.33,30,0,57.9,60,,680.77,SEC_HW_DDN,,HW,DDN,29.55,29.55,CRUISING,,,,,-38.79,,,GREEN,NONE,TRUE,0.2,FALSE,EVT_002
OBS_000535,11:12:00,16020,12017,ROUTE_NDLS_DDN_01,SYNTHETIC_SIMULATOR,OK,30.103131,78.09913,284.7,30,8.33,30,0,57.9,60,,677.91,SEC_HW_DDN,,HW,DDN,29.3,29.3,CRUISING,,,,,-38.55,,,GREEN,NONE,TRUE,0.2,FALSE,EVT_002
OBS_000536,11:12:30,16050,12017,ROUTE_NDLS_DDN_01,SYNTHETIC_SIMULATOR,OK,30.104945,78.098559,284.95,30,8.33,30,0,57.9,60,,675.04,SEC_HW_DDN,,HW,DDN,29.05,29.05,CRUISING,,,,,-38.32,,,GREEN,NONE,TRUE,0.2,FALSE,EVT_002
OBS_000537,11:13:00,16080,12017,ROUTE_NDLS_DDN_01,SYNTHETIC_SIMULATOR,OK,30.106759,78.097988,285.2,30,8.33,30,0,57.9,60,,672.15,SEC_HW_DDN,,HW,DDN,28.8,28.8,CRUISING,,,,,-38.09,,,GREEN,NONE,TRUE,0.2,FALSE,EVT_002
OBS_000538,11:13:30,16110,12017,ROUTE_NDLS_DDN_01,SYNTHETIC_SIMULATOR,OK,30.108573,78.097417,285.45,30,8.33,30,0,57.9,60,,669.25,SEC_HW_DDN,,HW,DDN,28.55,28.55,CRUISING,,,,,-37.86,,,GREEN,NONE,TRUE,0.2,FALSE,EVT_002
OBS_000539,11:14:00,16140,12017,ROUTE_NDLS_DDN_01,SYNTHETIC_SIMULATOR,OK,30.110386,78.096846,285.7,30,8.33,30,0,57.9,60,,666.34,SEC_HW_DDN,,HW,DDN,28.3,28.3,CRUISING,,,,,-37.63,,,GREEN,NONE,TRUE,0.2,FALSE,EVT_002
OBS_000540,11:14:30,16170,12017,ROUTE_NDLS_DDN_01,SYNTHETIC_SIMULATOR,OK,30.1122,78.096275,285.95,30,8.33,30,0,57.9,60,,663.42,SEC_HW_DDN,,HW,DDN,28.05,28.05,CRUISING,,,,,-37.4,,,GREEN,NONE,TRUE,0.2,FALSE,EVT_002
OBS_000541,11:15:00,16200,12017,ROUTE_NDLS_DDN_01,SYNTHETIC_SIMULATOR,OK,30.114014,78.095704,286.2,30,8.33,30,0,57.9,60,,660.48,SEC_HW_DDN,,HW,DDN,27.8,27.8,CRUISING,,,,,-37.16,,,GREEN,NONE,TRUE,0.2,FALSE,EVT_002
OBS_000542,11:15:30,16230,12017,ROUTE_NDLS_DDN_01,SYNTHETIC_SIMULATOR,OK,30.115827,78.095133,286.45,30,8.33,30,0,57.9,60,,657.53,SEC_HW_DDN,,HW,DDN,27.55,27.55,CRUISING,,,,,-36.93,,,GREEN,NONE,TRUE,0.2,FALSE,EVT_002
OBS_000543,11:16:00,16260,12017,ROUTE_NDLS_DDN_01,SYNTHETIC_SIMULATOR,OK,30.117641,78.094562,286.7,30,8.33,30,0,57.9,60,,654.57,SEC_HW_DDN,,HW,DDN,27.3,27.3,CRUISING,,,,,-36.7,,,GREEN,NONE,TRUE,0.2,FALSE,EVT_002
OBS_000544,11:16:30,16290,12017,ROUTE_NDLS_DDN_01,SYNTHETIC_SIMULATOR,OK,30.119455,78.093991,286.95,30,8.33,30,0,57.9,60,,651.59,SEC_HW_DDN,,HW,DDN,27.05,27.05,CRUISING,,,,,-36.47,,,GREEN,NONE,TRUE,0.2,FALSE,EVT_002
OBS_000545,11:17:00,16320,12017,ROUTE_NDLS_DDN_01,SYNTHETIC_SIMULATOR,OK,30.121269,78.09342,287.2,30,8.33,30,0,57.9,60,,648.6,SEC_HW_DDN,,HW,DDN,26.8,26.8,CRUISING,,,,,-36.24,,,GREEN,NONE,TRUE,0.2,FALSE,EVT_002
OBS_000546,11:17:30,16350,12017,ROUTE_NDLS_DDN_01,SYNTHETIC_SIMULATOR,OK,30.123082,78.092849,287.45,30,8.33,30,0,57.9,60,,645.6,SEC_HW_DDN,,HW,DDN,26.55,26.55,CRUISING,,,,,-36.01,,,GREEN,NONE,TRUE,0.2,FALSE,EVT_002
OBS_000547,11:18:00,16380,12017,ROUTE_NDLS_DDN_01,SYNTHETIC_SIMULATOR,OK,30.124896,78.092277,287.7,30,8.33,30,0,57.9,60,,642.58,SEC_HW_DDN,,HW,DDN,26.3,26.3,CRUISING,,,,,-35.77,,,GREEN,NONE,TRUE,0.2,FALSE,EVT_002
OBS_000548,11:18:30,16410,12017,ROUTE_NDLS_DDN_01,SYNTHETIC_SIMULATOR,OK,30.12671,78.091706,287.95,30,8.33,30,0,57.9,60,,639.54,SEC_HW_DDN,,HW,DDN,26.05,26.05,CRUISING,,,,,-35.54,,,GREEN,NONE,TRUE,0.2,FALSE,EVT_002
OBS_000549,11:19:00,16440,12017,ROUTE_NDLS_DDN_01,SYNTHETIC_SIMULATOR,OK,30.128524,78.091135,288.2,30,8.33,30,0,57.9,60,,636.5,SEC_HW_DDN,,HW,DDN,25.8,25.8,CRUISING,,,,,-35.31,,,GREEN,NONE,TRUE,0.2,FALSE,EVT_002
OBS_000550,11:19:30,16470,12017,ROUTE_NDLS_DDN_01,SYNTHETIC_SIMULATOR,OK,30.130337,78.090564,288.45,30,8.33,30,0,57.9,60,,633.44,SEC_HW_DDN,,HW,DDN,25.55,25.55,CRUISING,,,,,-35.08,,,GREEN,NONE,TRUE,0.2,FALSE,EVT_002
OBS_000551,11:20:00,16500,12017,ROUTE_NDLS_DDN_01,SYNTHETIC_SIMULATOR,OK,30.132151,78.089993,288.7,30,8.33,30,0,57.9,60,,630.36,SEC_HW_DDN,,HW,DDN,25.3,25.3,CRUISING,,,,,-34.85,,,GREEN,NONE,TRUE,0.2,FALSE,EVT_002
OBS_000552,11:20:30,16530,12017,ROUTE_NDLS_DDN_01,SYNTHETIC_SIMULATOR,OK,30.133965,78.089422,288.95,30,8.33,30,0,57.9,60,,627.27,SEC_HW_DDN,,HW,DDN,25.05,25.05,CRUISING,,,,,-34.62,,,GREEN,NONE,TRUE,0.2,FALSE,EVT_002
OBS_000553,11:21:00,16560,12017,ROUTE_NDLS_DDN_01,SYNTHETIC_SIMULATOR,OK,30.135778,78.088851,289.2,30,8.33,30,0,57.9,60,,624.16,SEC_HW_DDN,,HW,DDN,24.8,24.8,CRUISING,,,,,-34.38,,,GREEN,NONE,TRUE,0.2,FALSE,EVT_002
OBS_000554,11:21:30,16590,12017,ROUTE_NDLS_DDN_01,SYNTHETIC_SIMULATOR,OK,30.137592,78.08828,289.45,30,8.33,30,0,57.9,60,,621.04,SEC_HW_DDN,,HW,DDN,24.55,24.55,CRUISING,,,,,-34.15,,,GREEN,NONE,TRUE,0.2,FALSE,EVT_002
OBS_000555,11:22:00,16620,12017,ROUTE_NDLS_DDN_01,SYNTHETIC_SIMULATOR,OK,30.139406,78.087709,289.7,30,8.33,30,0,57.9,60,,617.9,SEC_HW_DDN,,HW,DDN,24.3,24.3,CRUISING,,,,,-33.92,,,GREEN,NONE,TRUE,0.2,FALSE,EVT_002
OBS_000556,11:22:30,16650,12017,ROUTE_NDLS_DDN_01,SYNTHETIC_SIMULATOR,OK,30.14122,78.087138,289.95,30,8.33,30,0,57.9,60,,614.75,SEC_HW_DDN,,HW,DDN,24.05,24.05,CRUISING,,,,,-33.69,,,GREEN,NONE,TRUE,0.2,FALSE,EVT_002
OBS_000557,11:23:00,16680,12017,ROUTE_NDLS_DDN_01,SYNTHETIC_SIMULATOR,OK,30.143033,78.086567,290.2,30,8.33,30,0,57.9,60,,611.58,SEC_HW_DDN,,HW,DDN,23.8,23.8,CRUISING,,,,,-33.46,,,GREEN,NONE,TRUE,0.2,FALSE,EVT_002
OBS_000558,11:23:30,16710,12017,ROUTE_NDLS_DDN_01,SYNTHETIC_SIMULATOR,OK,30.144847,78.085996,290.45,30,8.33,30,0,57.9,60,,608.39,SEC_HW_DDN,,HW,DDN,23.55,23.55,CRUISING,,,,,-33.22,,,GREEN,NONE,TRUE,0.2,FALSE,EVT_002
OBS_000559,11:24:00,16740,12017,ROUTE_NDLS_DDN_01,SYNTHETIC_SIMULATOR,OK,30.146661,78.085425,290.7,30,8.33,30,0,57.9,60,,605.19,SEC_HW_DDN,,HW,DDN,23.3,23.3,CRUISING,,,,,-32.99,,,GREEN,NONE,TRUE,0.2,FALSE,EVT_002
OBS_000560,11:24:30,16770,12017,ROUTE_NDLS_DDN_01,SYNTHETIC_SIMULATOR,OK,30.148475,78.084853,290.95,30,8.33,30,0,57.9,60,,601.96,SEC_HW_DDN,,HW,DDN,23.05,23.05,CRUISING,,,,,-32.76,,,GREEN,NONE,TRUE,0.2,FALSE,EVT_002
OBS_000561,11:25:00,16800,12017,ROUTE_NDLS_DDN_01,SYNTHETIC_SIMULATOR,OK,30.150288,78.084282,291.2,30,8.33,30,0,57.9,60,,598.73,SEC_HW_DDN,,HW,DDN,22.8,22.8,CRUISING,,,,,-32.53,,,GREEN,NONE,TRUE,0.2,FALSE,EVT_002
OBS_000562,11:25:30,16830,12017,ROUTE_NDLS_DDN_01,SYNTHETIC_SIMULATOR,OK,30.152102,78.083711,291.45,30,8.33,30,0,57.9,60,,595.47,SEC_HW_DDN,,HW,DDN,22.55,22.55,CRUISING,,,,,-32.3,,,GREEN,NONE,TRUE,0.2,FALSE,EVT_002
OBS_000563,11:26:00,16860,12017,ROUTE_NDLS_DDN_01,SYNTHETIC_SIMULATOR,OK,30.153916,78.08314,291.7,30,8.33,30,0,57.9,60,,592.2,SEC_HW_DDN,,HW,DDN,22.3,22.3,CRUISING,,,,,-32.07,,,GREEN,NONE,TRUE,0.2,FALSE,EVT_002
OBS_000564,11:26:30,16890,12017,ROUTE_NDLS_DDN_01,SYNTHETIC_SIMULATOR,OK,30.155729,78.082569,291.95,30,8.33,30,0,57.9,60,,588.91,SEC_HW_DDN,,HW,DDN,22.05,22.05,CRUISING,,,,,-31.83,,,GREEN,NONE,TRUE,0.2,FALSE,EVT_002
OBS_000565,11:27:00,16920,12017,ROUTE_NDLS_DDN_01,SYNTHETIC_SIMULATOR,OK,30.157543,78.081998,292.2,30,8.33,30,0,57.9,60,,585.6,SEC_HW_DDN,,HW,DDN,21.8,21.8,CRUISING,,,,,-31.6,,,GREEN,NONE,TRUE,0.2,FALSE,EVT_002
OBS_000566,11:27:30,16950,12017,ROUTE_NDLS_DDN_01,SYNTHETIC_SIMULATOR,OK,30.159357,78.081427,292.45,30,8.33,30,0,57.9,60,,582.27,SEC_HW_DDN,,HW,DDN,21.55,21.55,CRUISING,,,,,-31.37,,,GREEN,NONE,TRUE,0.2,FALSE,EVT_002
OBS_000567,11:28:00,16980,12017,ROUTE_NDLS_DDN_01,SYNTHETIC_SIMULATOR,OK,30.161171,78.080856,292.7,30,8.33,30,0,57.9,60,,578.92,SEC_HW_DDN,,HW,DDN,21.3,21.3,CRUISING,,,,,-31.14,,,GREEN,NONE,TRUE,0.2,FALSE,EVT_002
OBS_000568,11:28:30,17010,12017,ROUTE_NDLS_DDN_01,SYNTHETIC_SIMULATOR,OK,30.162984,78.080285,292.95,30,8.33,30,0,57.9,60,,575.55,SEC_HW_DDN,,HW,DDN,21.05,21.05,CRUISING,,,,,-30.91,,,GREEN,NONE,TRUE,0.2,FALSE,EVT_002
OBS_000569,11:29:00,17040,12017,ROUTE_NDLS_DDN_01,SYNTHETIC_SIMULATOR,OK,30.164798,78.079714,293.2,30,8.33,30,0,57.9,60,,572.16,SEC_HW_DDN,,HW,DDN,20.8,20.8,CRUISING,,,,,-30.68,,,GREEN,NONE,TRUE,0.2,FALSE,EVT_002
OBS_000570,11:29:30,17070,12017,ROUTE_NDLS_DDN_01,SYNTHETIC_SIMULATOR,OK,30.166612,78.079143,293.45,30,8.33,30,0,57.9,60,,568.75,SEC_HW_DDN,,HW,DDN,20.55,20.55,CRUISING,,,,,-30.44,,,GREEN,NONE,TRUE,0.2,FALSE,EVT_002
OBS_000571,11:30:00,17100,12017,ROUTE_NDLS_DDN_01,SYNTHETIC_SIMULATOR,OK,30.168425,78.078572,293.7,30,8.33,30,0,57.9,60,,565.33,SEC_HW_DDN,,HW,DDN,20.3,20.3,CRUISING,,,,,-30.21,,,GREEN,NONE,TRUE,0.2,FALSE,EVT_002
OBS_000572,11:30:30,17130,12017,ROUTE_NDLS_DDN_01,SYNTHETIC_SIMULATOR,OK,30.170239,78.078,293.95,30,8.33,30,0,57.9,60,,561.88,SEC_HW_DDN,,HW,DDN,20.05,20.05,CRUISING,,,,,-29.98,,,GREEN,NONE,TRUE,0.2,FALSE,EVT_002
OBS_000573,11:31:00,17160,12017,ROUTE_NDLS_DDN_01,SYNTHETIC_SIMULATOR,OK,30.172053,78.077429,294.2,30,8.33,30,0,57.9,60,,558.41,SEC_HW_DDN,,HW,DDN,19.8,19.8,CRUISING,,,,,-29.75,,,GREEN,NONE,TRUE,0.2,FALSE,EVT_002
OBS_000574,11:31:30,17190,12017,ROUTE_NDLS_DDN_01,SYNTHETIC_SIMULATOR,OK,30.173867,78.076858,294.45,30,8.33,30,0,57.9,60,,554.91,SEC_HW_DDN,,HW,DDN,19.55,19.55,CRUISING,,,,,-29.52,,,GREEN,NONE,TRUE,0.2,FALSE,EVT_002
OBS_000575,11:32:00,17220,12017,ROUTE_NDLS_DDN_01,SYNTHETIC_SIMULATOR,OK,30.17568,78.076287,294.7,30,8.33,30,0,57.9,60,,551.4,SEC_HW_DDN,,HW,DDN,19.3,19.3,CRUISING,,,,,-29.29,,,GREEN,NONE,TRUE,0.2,FALSE,EVT_002
OBS_000576,11:32:30,17250,12017,ROUTE_NDLS_DDN_01,SYNTHETIC_SIMULATOR,OK,30.177494,78.075716,294.95,30,8.33,30,0,57.9,60,,547.86,SEC_HW_DDN,,HW,DDN,19.05,19.05,CRUISING,,,,,-29.05,,,GREEN,NONE,TRUE,0.2,FALSE,EVT_002
OBS_000577,11:33:00,17280,12017,ROUTE_NDLS_DDN_01,SYNTHETIC_SIMULATOR,OK,30.179308,78.075145,295.2,30,8.33,30,0,57.9,60,,544.3,SEC_HW_DDN,,HW,DDN,18.8,18.8,CRUISING,,,,,-28.82,,,GREEN,NONE,TRUE,0.2,FALSE,EVT_002
OBS_000578,11:33:30,17310,12017,ROUTE_NDLS_DDN_01,SYNTHETIC_SIMULATOR,OK,30.181122,78.074574,295.45,30,8.33,30,0,57.9,60,,540.72,SEC_HW_DDN,,HW,DDN,18.55,18.55,CRUISING,,,,,-28.59,,,GREEN,NONE,TRUE,0.2,FALSE,EVT_002
OBS_000579,11:34:00,17340,12017,ROUTE_NDLS_DDN_01,SYNTHETIC_SIMULATOR,OK,30.182935,78.074003,295.7,30,8.33,30,0,57.9,60,,537.11,SEC_HW_DDN,,HW,DDN,18.3,18.3,CRUISING,,,,,-28.36,,,GREEN,NONE,TRUE,0.2,FALSE,EVT_002
OBS_000580,11:34:30,17370,12017,ROUTE_NDLS_DDN_01,SYNTHETIC_SIMULATOR,OK,30.184749,78.073432,295.95,30,8.33,30,0,57.9,60,,533.48,SEC_HW_DDN,,HW,DDN,18.05,18.05,CRUISING,,,,,-28.13,,,GREEN,NONE,TRUE,0.2,FALSE,EVT_002
OBS_000581,11:35:00,17400,12017,ROUTE_NDLS_DDN_01,SYNTHETIC_SIMULATOR,OK,30.186563,78.072861,296.2,30,8.33,30,0,57.9,60,,529.82,SEC_HW_DDN,,HW,DDN,17.8,17.8,CRUISING,,,,,-27.9,,,GREEN,NONE,TRUE,0.2,FALSE,EVT_002
OBS_000582,11:35:30,17430,12017,ROUTE_NDLS_DDN_01,SYNTHETIC_SIMULATOR,OK,30.188376,78.07229,296.45,30,8.33,30,0,57.9,60,,526.14,SEC_HW_DDN,,HW,DDN,17.55,17.55,CRUISING,,,,,-27.66,,,GREEN,NONE,TRUE,0.2,FALSE,EVT_002
OBS_000583,11:36:00,17460,12017,ROUTE_NDLS_DDN_01,SYNTHETIC_SIMULATOR,OK,30.19019,78.071719,296.7,30,8.33,30,0,57.9,60,,522.43,SEC_HW_DDN,,HW,DDN,17.3,17.3,CRUISING,,,,,-27.43,,,GREEN,NONE,TRUE,0.2,FALSE,EVT_002
OBS_000584,11:36:30,17490,12017,ROUTE_NDLS_DDN_01,SYNTHETIC_SIMULATOR,OK,30.192004,78.071148,296.95,30,8.33,30,0,57.9,60,,518.7,SEC_HW_DDN,,HW,DDN,17.05,17.05,CRUISING,,,,,-27.2,,,GREEN,NONE,TRUE,0.2,FALSE,EVT_002
OBS_000585,11:37:00,17520,12017,ROUTE_NDLS_DDN_01,SYNTHETIC_SIMULATOR,OK,30.193818,78.070576,297.2,30,8.33,30,0,57.9,60,,514.94,SEC_HW_DDN,,HW,DDN,16.8,16.8,CRUISING,,,,,-26.97,,,GREEN,NONE,TRUE,0.2,FALSE,EVT_002
OBS_000586,11:37:30,17550,12017,ROUTE_NDLS_DDN_01,SYNTHETIC_SIMULATOR,OK,30.195631,78.070005,297.45,30,8.33,30,0,57.9,60,,511.15,SEC_HW_DDN,,HW,DDN,16.55,16.55,CRUISING,,,,,-26.74,,,GREEN,NONE,TRUE,0.2,FALSE,EVT_002
OBS_000587,11:38:00,17580,12017,ROUTE_NDLS_DDN_01,SYNTHETIC_SIMULATOR,OK,30.197445,78.069434,297.7,30,8.33,30,0,57.9,60,,507.33,SEC_HW_DDN,,HW,DDN,16.3,16.3,CRUISING,,,,,-26.51,,,GREEN,NONE,TRUE,0.2,FALSE,EVT_002
OBS_000588,11:38:30,17610,12017,ROUTE_NDLS_DDN_01,SYNTHETIC_SIMULATOR,OK,30.199259,78.068863,297.95,30,8.33,30,0,57.9,60,,503.49,SEC_HW_DDN,,HW,DDN,16.05,16.05,CRUISING,,,,,-26.27,,,GREEN,NONE,TRUE,0.2,FALSE,EVT_002
OBS_000589,11:39:00,17640,12017,ROUTE_NDLS_DDN_01,SYNTHETIC_SIMULATOR,OK,30.201073,78.068292,298.2,30,8.33,30,0,57.9,60,,499.61,SEC_HW_DDN,,HW,DDN,15.8,15.8,CRUISING,,,,,-26.04,,,GREEN,NONE,TRUE,0.2,FALSE,EVT_002
OBS_000590,11:39:30,17670,12017,ROUTE_NDLS_DDN_01,SYNTHETIC_SIMULATOR,OK,30.202886,78.067721,298.45,30,8.33,30,0,57.9,60,,495.7,SEC_HW_DDN,,HW,DDN,15.55,15.55,CRUISING,,,,,-25.81,,,GREEN,NONE,TRUE,0.2,FALSE,EVT_002
OBS_000591,11:40:00,17700,12017,ROUTE_NDLS_DDN_01,SYNTHETIC_SIMULATOR,OK,30.2047,78.06715,298.7,30,8.33,30,0,57.9,60,,491.77,SEC_HW_DDN,,HW,DDN,15.3,15.3,CRUISING,,,,,-25.58,,,GREEN,NONE,TRUE,0.2,FALSE,EVT_002
OBS_000592,11:40:30,17730,12017,ROUTE_NDLS_DDN_01,SYNTHETIC_SIMULATOR,OK,30.206514,78.066579,298.95,30,8.33,30,0,57.9,60,,487.8,SEC_HW_DDN,,HW,DDN,15.05,15.05,CRUISING,,,,,-25.35,,,GREEN,NONE,TRUE,0.2,FALSE,EVT_002
OBS_000593,11:41:00,17760,12017,ROUTE_NDLS_DDN_01,SYNTHETIC_SIMULATOR,OK,30.208327,78.066008,299.2,30,8.33,30,0,57.9,60,,483.79,SEC_HW_DDN,,HW,DDN,14.8,14.8,CRUISING,,,,,-25.12,,,GREEN,NONE,TRUE,0.2,FALSE,EVT_002
OBS_000594,11:41:30,17790,12017,ROUTE_NDLS_DDN_01,SYNTHETIC_SIMULATOR,OK,30.210141,78.065437,299.45,30,8.33,30,0,57.9,60,,479.76,SEC_HW_DDN,,HW,DDN,14.55,14.55,CRUISING,,,,,-24.88,,,GREEN,NONE,TRUE,0.2,FALSE,EVT_002
OBS_000595,11:42:00,17820,12017,ROUTE_NDLS_DDN_01,SYNTHETIC_SIMULATOR,OK,30.211955,78.064866,299.7,30,8.33,30,0,57.9,60,,475.69,SEC_HW_DDN,,HW,DDN,14.3,14.3,CRUISING,,,,,-24.65,,,GREEN,NONE,TRUE,0.2,FALSE,EVT_002
OBS_000596,11:42:30,17850,12017,ROUTE_NDLS_DDN_01,SYNTHETIC_SIMULATOR,OK,30.213769,78.064295,299.95,30,8.33,30,0,57.9,60,,471.59,SEC_HW_DDN,,HW,DDN,14.05,14.05,CRUISING,,,,,-24.42,,,GREEN,NONE,TRUE,0.2,FALSE,EVT_002
OBS_000597,11:43:00,17880,12017,ROUTE_NDLS_DDN_01,SYNTHETIC_SIMULATOR,OK,30.215582,78.063724,300.2,30,8.33,30,0,57.9,60,,467.45,SEC_HW_DDN,,HW,DDN,13.8,13.8,CRUISING,,,,,-24.19,,,GREEN,NONE,TRUE,0.2,FALSE,EVT_002
OBS_000598,11:43:30,17910,12017,ROUTE_NDLS_DDN_01,SYNTHETIC_SIMULATOR,OK,30.217396,78.063152,300.45,30,8.33,30,0,57.9,60,,463.27,SEC_HW_DDN,,HW,DDN,13.55,13.55,CRUISING,,,,,-23.96,,,GREEN,NONE,TRUE,0.2,FALSE,EVT_002
OBS_000599,11:44:00,17940,12017,ROUTE_NDLS_DDN_01,SYNTHETIC_SIMULATOR,OK,30.21921,78.062581,300.7,30,8.33,30,0,57.9,60,,459.05,SEC_HW_DDN,,HW,DDN,13.3,13.3,CRUISING,,,,,-23.73,,,GREEN,NONE,TRUE,0.2,FALSE,EVT_002
OBS_000600,11:44:30,17970,12017,ROUTE_NDLS_DDN_01,SYNTHETIC_SIMULATOR,OK,30.221024,78.06201,300.95,30,8.33,30,0,57.9,60,,454.8,SEC_HW_DDN,,HW,DDN,13.05,13.05,CRUISING,,,,,-23.49,,,GREEN,NONE,TRUE,0.2,FALSE,EVT_002
OBS_000601,11:45:00,18000,12017,ROUTE_NDLS_DDN_01,SYNTHETIC_SIMULATOR,OK,30.222837,78.061439,301.2,30,8.33,30,0,57.9,60,,450.5,SEC_HW_DDN,,HW,DDN,12.8,12.8,CRUISING,,,,,-23.26,,,GREEN,NONE,TRUE,0.2,FALSE,EVT_002
OBS_000602,11:45:30,18030,12017,ROUTE_NDLS_DDN_01,SYNTHETIC_SIMULATOR,OK,30.224651,78.060868,301.45,30,8.33,30,0,57.9,60,,446.17,SEC_HW_DDN,,HW,DDN,12.55,12.55,CRUISING,,,,,-23.03,,,GREEN,NONE,TRUE,0.2,FALSE,EVT_002
OBS_000603,11:46:00,18060,12017,ROUTE_NDLS_DDN_01,SYNTHETIC_SIMULATOR,OK,30.226465,78.060297,301.7,30,8.33,30,0,57.9,60,,441.79,SEC_HW_DDN,,HW,DDN,12.3,12.3,CRUISING,,,,,-22.8,,,GREEN,NONE,TRUE,0.2,FALSE,EVT_002
OBS_000604,11:46:30,18090,12017,ROUTE_NDLS_DDN_01,SYNTHETIC_SIMULATOR,OK,30.228278,78.059726,301.95,30,8.33,30,0,57.9,60,,437.37,SEC_HW_DDN,,HW,DDN,12.05,12.05,CRUISING,,,,,-22.57,,,GREEN,NONE,TRUE,0.2,FALSE,EVT_002
OBS_000605,11:47:00,18120,12017,ROUTE_NDLS_DDN_01,SYNTHETIC_SIMULATOR,OK,30.230092,78.059155,302.2,30,8.33,30,0,57.9,60,,432.9,SEC_HW_DDN,,HW,DDN,11.8,11.8,CRUISING,,,,,-22.34,,,GREEN,NONE,TRUE,0.2,FALSE,EVT_002
OBS_000606,11:47:30,18150,12017,ROUTE_NDLS_DDN_01,SYNTHETIC_SIMULATOR,OK,30.231906,78.058584,302.45,30,8.33,30,0,57.9,60,,428.38,SEC_HW_DDN,,HW,DDN,11.55,11.55,CRUISING,,,,,-22.1,,,GREEN,NONE,TRUE,0.2,FALSE,EVT_002
OBS_000607,11:48:00,18180,12017,ROUTE_NDLS_DDN_01,SYNTHETIC_SIMULATOR,OK,30.23372,78.058013,302.7,30,8.33,30,0,57.9,60,,423.82,SEC_HW_DDN,,HW,DDN,11.3,11.3,CRUISING,,,,,-21.87,,,GREEN,NONE,TRUE,0.2,FALSE,EVT_002
OBS_000608,11:48:30,18210,12017,ROUTE_NDLS_DDN_01,SYNTHETIC_SIMULATOR,OK,30.235533,78.057442,302.95,30,8.33,30,0,57.9,60,,419.21,SEC_HW_DDN,,HW,DDN,11.05,11.05,CRUISING,,,,,-21.64,,,GREEN,NONE,TRUE,0.2,FALSE,EVT_002
OBS_000609,11:49:00,18240,12017,ROUTE_NDLS_DDN_01,SYNTHETIC_SIMULATOR,OK,30.237347,78.056871,303.2,30,8.33,30,0,57.9,60,,414.55,SEC_HW_DDN,,HW,DDN,10.8,10.8,CRUISING,,,,,-21.41,,,GREEN,NONE,TRUE,0.2,FALSE,EVT_002
OBS_000610,11:49:30,18270,12017,ROUTE_NDLS_DDN_01,SYNTHETIC_SIMULATOR,OK,30.239161,78.0563,303.45,30,8.33,30,0,57.9,60,,409.83,SEC_HW_DDN,,HW,DDN,10.55,10.55,CRUISING,,,,,-21.18,,,GREEN,NONE,TRUE,0.2,FALSE,EVT_002
OBS_000611,11:50:00,18300,12017,ROUTE_NDLS_DDN_01,SYNTHETIC_SIMULATOR,OK,30.240975,78.055728,303.7,30,8.33,30,0,57.9,60,,405.06,SEC_HW_DDN,,HW,DDN,10.3,10.3,CRUISING,,,,,-20.95,,,GREEN,NONE,TRUE,0.2,FALSE,EVT_002
OBS_000612,11:50:30,18330,12017,ROUTE_NDLS_DDN_01,SYNTHETIC_SIMULATOR,OK,30.242788,78.055157,303.95,30,8.33,30,0,57.9,60,,400.23,SEC_HW_DDN,,HW,DDN,10.05,10.05,CRUISING,,,,,-20.71,,,GREEN,NONE,TRUE,0.2,FALSE,EVT_002
OBS_000613,11:51:00,18360,12017,ROUTE_NDLS_DDN_01,SYNTHETIC_SIMULATOR,OK,30.244602,78.054586,304.2,30,8.33,30,0,57.9,60,,395.34,SEC_HW_DDN,,HW,DDN,9.8,9.8,CRUISING,,,,,-20.48,,,GREEN,NONE,TRUE,0.2,FALSE,EVT_002
OBS_000614,11:51:30,18390,12017,ROUTE_NDLS_DDN_01,SYNTHETIC_SIMULATOR,OK,30.246416,78.054015,304.45,30,8.33,30,0,57.9,60,,390.4,SEC_HW_DDN,,HW,DDN,9.55,9.55,CRUISING,,,,,-20.25,,,GREEN,NONE,TRUE,0.2,FALSE,EVT_002
OBS_000615,11:52:00,18420,12017,ROUTE_NDLS_DDN_01,SYNTHETIC_SIMULATOR,OK,30.248229,78.053444,304.7,30,8.33,30,0,57.9,60,,385.39,SEC_HW_DDN,,HW,DDN,9.3,9.3,CRUISING,,,,,-20.02,,,GREEN,NONE,TRUE,0.2,FALSE,EVT_002
OBS_000616,11:52:30,18450,12017,ROUTE_NDLS_DDN_01,SYNTHETIC_SIMULATOR,OK,30.250043,78.052873,304.95,30,8.33,30,0,57.9,60,,380.31,SEC_HW_DDN,,HW,DDN,9.05,9.05,CRUISING,,,,,-19.79,,,GREEN,NONE,TRUE,0.2,FALSE,EVT_002
OBS_000617,11:53:00,18480,12017,ROUTE_NDLS_DDN_01,SYNTHETIC_SIMULATOR,OK,30.251857,78.052302,305.2,30,8.33,30,0,57.9,60,,375.16,SEC_HW_DDN,,HW,DDN,8.8,8.8,CRUISING,,,,,-19.56,,,GREEN,NONE,TRUE,0.2,FALSE,EVT_002
OBS_000618,11:53:30,18510,12017,ROUTE_NDLS_DDN_01,SYNTHETIC_SIMULATOR,OK,30.253671,78.051731,305.45,30,8.33,30,0,57.9,60,,369.94,SEC_HW_DDN,,HW,DDN,8.55,8.55,CRUISING,,,,,-19.32,,,GREEN,NONE,TRUE,0.2,FALSE,EVT_002
OBS_000619,11:54:00,18540,12017,ROUTE_NDLS_DDN_01,SYNTHETIC_SIMULATOR,OK,30.255484,78.05116,305.7,30,8.33,30,0,57.9,60,,364.65,SEC_HW_DDN,,HW,DDN,8.3,8.3,CRUISING,,,,,-19.09,,,GREEN,NONE,TRUE,0.2,FALSE,EVT_002
OBS_000620,11:54:30,18570,12017,ROUTE_NDLS_DDN_01,SYNTHETIC_SIMULATOR,OK,30.257298,78.050589,305.95,30,8.33,30,0,57.9,60,,359.28,SEC_HW_DDN,,HW,DDN,8.05,8.05,CRUISING,,,,,-18.86,,,GREEN,NONE,TRUE,0.2,FALSE,EVT_002
OBS_000621,11:55:00,18600,12017,ROUTE_NDLS_DDN_01,SYNTHETIC_SIMULATOR,OK,30.259112,78.050018,306.2,30,8.33,30,0,57.9,60,,353.83,SEC_HW_DDN,,HW,DDN,7.8,7.8,CRUISING,,,,,-18.63,,,GREEN,NONE,TRUE,0.2,FALSE,EVT_002
OBS_000622,11:55:30,18630,12017,ROUTE_NDLS_DDN_01,SYNTHETIC_SIMULATOR,OK,30.260925,78.049447,306.45,30,8.33,30,0,57.9,60,,348.29,SEC_HW_DDN,,HW,DDN,7.55,7.55,CRUISING,,,,,-18.4,,,GREEN,NONE,TRUE,0.2,FALSE,EVT_002
OBS_000623,11:56:00,18660,12017,ROUTE_NDLS_DDN_01,SYNTHETIC_SIMULATOR,OK,30.262739,78.048875,306.7,30,8.33,30,0,57.9,60,,342.66,SEC_HW_DDN,,HW,DDN,7.3,7.3,CRUISING,,,,,-18.17,,,GREEN,NONE,TRUE,0.2,FALSE,EVT_002
OBS_000624,11:56:30,18690,12017,ROUTE_NDLS_DDN_01,SYNTHETIC_SIMULATOR,OK,30.264553,78.048304,306.95,30,8.33,30,0,57.9,60,,336.94,SEC_HW_DDN,,HW,DDN,7.05,7.05,CRUISING,,,,,-17.93,,,GREEN,NONE,TRUE,0.2,FALSE,EVT_002
OBS_000625,11:57:00,18720,12017,ROUTE_NDLS_DDN_01,SYNTHETIC_SIMULATOR,OK,30.266367,78.047733,307.2,30,8.33,30,0,57.9,60,,331.12,SEC_HW_DDN,,HW,DDN,6.8,6.8,CRUISING,,,,,-17.7,,,GREEN,NONE,TRUE,0.2,FALSE,EVT_002
OBS_000626,11:57:30,18750,12017,ROUTE_NDLS_DDN_01,SYNTHETIC_SIMULATOR,OK,30.26818,78.047162,307.45,30,8.33,30,0,57.9,60,,325.2,SEC_HW_DDN,,HW,DDN,6.55,6.55,CRUISING,,,,,-17.47,,,GREEN,NONE,TRUE,0.2,FALSE,EVT_002
OBS_000627,11:58:00,18780,12017,ROUTE_NDLS_DDN_01,SYNTHETIC_SIMULATOR,OK,30.269994,78.046591,307.7,30,8.33,30,0,57.9,60,,319.16,SEC_HW_DDN,,HW,DDN,6.3,6.3,CRUISING,,,,,-17.24,,,GREEN,NONE,TRUE,0.2,FALSE,EVT_002
OBS_000628,11:58:30,18810,12017,ROUTE_NDLS_DDN_01,SYNTHETIC_SIMULATOR,OK,30.271808,78.04602,307.95,30,8.33,30,0,57.9,60,,313.01,SEC_HW_DDN,,HW,DDN,6.05,6.05,CRUISING,,,,,-17.01,,,GREEN,NONE,TRUE,0.2,FALSE,EVT_002
OBS_000629,11:59:00,18840,12017,ROUTE_NDLS_DDN_01,SYNTHETIC_SIMULATOR,OK,30.273622,78.045449,308.2,30,8.33,30,0,57.9,60,,306.74,SEC_HW_DDN,,HW,DDN,5.8,5.8,CRUISING,,,,,-16.78,,,GREEN,NONE,TRUE,0.2,FALSE,EVT_002
OBS_000630,11:59:30,18870,12017,ROUTE_NDLS_DDN_01,SYNTHETIC_SIMULATOR,OK,30.275435,78.044878,308.45,30,8.33,30,0,57.9,60,,300.34,SEC_HW_DDN,,HW,DDN,5.55,5.55,CRUISING,,,,,-16.54,,,GREEN,NONE,TRUE,0.2,FALSE,EVT_002
OBS_000631,12:00:00,18900,12017,ROUTE_NDLS_DDN_01,SYNTHETIC_SIMULATOR,OK,30.277249,78.044307,308.7,30,8.33,30,0,57.9,60,,293.79,SEC_HW_DDN,,HW,DDN,5.3,5.3,CRUISING,,,,,-16.31,,,GREEN,NONE,TRUE,0.2,FALSE,EVT_002
OBS_000632,12:00:30,18930,12017,ROUTE_NDLS_DDN_01,SYNTHETIC_SIMULATOR,OK,30.282327,78.042708,309.4,57,15.83,57,0.5,208.9,60,,287.1,SEC_HW_DDN,,HW,DDN,4.6,4.6,ACCELERATING,,,,,-16.56,,,GREEN,NONE,FALSE,,FALSE,
OBS_000633,12:01:00,18960,12017,ROUTE_NDLS_DDN_01,SYNTHETIC_SIMULATOR,OK,30.285774,78.041623,309.875,57,15.83,57,0,208.9,60,,267.47,SEC_HW_DDN,,HW,DDN,4.125,4.125,CRUISING,,,,,-16.57,,,GREEN,NONE,FALSE,,FALSE,
OBS_000634,12:01:30,18990,12017,ROUTE_NDLS_DDN_01,SYNTHETIC_SIMULATOR,OK,30.28922,78.040538,310.35,57,15.83,57,0,208.9,60,,253.28,SEC_HW_DDN,,HW,DDN,3.65,3.65,CRUISING,,,,,-16.58,,,GREEN,NONE,FALSE,,FALSE,
OBS_000635,12:02:00,19020,12017,ROUTE_NDLS_DDN_01,SYNTHETIC_SIMULATOR,OK,30.292666,78.039453,310.825,57,15.83,57,0,208.9,60,,238.25,SEC_HW_DDN,,HW,DDN,3.175,3.175,CRUISING,,,,,-16.59,,,GREEN,NONE,FALSE,,FALSE,
OBS_000636,12:02:30,19050,12017,ROUTE_NDLS_DDN_01,SYNTHETIC_SIMULATOR,OK,30.296112,78.038368,311.3,57,15.83,57,0,208.9,60,,222.21,SEC_HW_DDN,,HW,DDN,2.7,2.7,CRUISING,,,,,-16.6,,,GREEN,NONE,FALSE,,FALSE,
OBS_000637,12:03:00,19080,12017,ROUTE_NDLS_DDN_01,SYNTHETIC_SIMULATOR,OK,30.299558,78.037283,311.775,57,15.83,57,0,208.9,60,,204.92,SEC_HW_DDN,,HW,DDN,2.225,2.225,CRUISING,,,,,-16.61,,,GREEN,NONE,FALSE,,FALSE,
OBS_000638,12:03:30,19110,12017,ROUTE_NDLS_DDN_01,SYNTHETIC_SIMULATOR,OK,30.303004,78.036198,312.25,57,15.83,57,0,208.9,60,,186.02,SEC_HW_DDN,,HW,DDN,1.75,1.75,CRUISING,,,,,-16.62,,,GREEN,NONE,FALSE,,FALSE,
OBS_000639,12:04:00,19140,12017,ROUTE_NDLS_DDN_01,SYNTHETIC_SIMULATOR,OK,30.30645,78.035112,312.725,57,15.83,57,0,208.9,60,,164.97,SEC_HW_DDN,,HW,DDN,1.275,1.275,CRUISING,,,,,-16.63,,,GREEN,NONE,FALSE,,FALSE,
OBS_000640,12:04:30,19170,12017,ROUTE_NDLS_DDN_01,SYNTHETIC_SIMULATOR,OK,30.309896,78.034027,313.2,57,15.83,57,0,208.9,60,,140.81,SEC_HW_DDN,,HW,DDN,0.8,0.8,CRUISING,,,,,-16.64,,,GREEN,NONE,FALSE,,FALSE,
OBS_000641,12:05:00,19200,12017,ROUTE_NDLS_DDN_01,SYNTHETIC_SIMULATOR,OK,30.313342,78.032942,313.675,57,15.83,57,0,208.9,60,,111.54,SEC_HW_DDN,,HW,DDN,0.325,0.325,CRUISING,,,,,-16.65,,,GREEN,NONE,FALSE,,FALSE,
OBS_000642,12:05:30,19230,12017,ROUTE_NDLS_DDN_01,SYNTHETIC_SIMULATOR,OK,30.3157,78.0322,314,0,0,57,0,0,60,,71.09,SEC_HW_DDN,DDN,DDN,,0,0,COMPLETED,ARRIVED,12:05:30,,,-16.5,-16.5,,GREEN,NONE,FALSE,,FALSE,
