journey_id,train_id,train_type,timestamp,date,hour,day_of_week,is_weekend,section_id,from_station_id,to_station_id,section_distance_km,scheduled_running_time_min,max_sectional_speed_kmph,entry_speed_kmph,entry_delay_min,previous_section_delay_min,congestion_level,weather_condition,visibility_km,speed_restriction_active,restriction_speed_kmph,unscheduled_halt_active,unscheduled_halt_min,recovery_applied_min,historical_section_median_min,historical_section_p90_min,actual_section_running_time_min,section_delay_delta_min,exit_delay_min,data_source
JRN_20260701_12017,12017,SHATABDI,2026-07-01T06:45:00,2026-07-01,6,2,0,SEC_NDLS_GZB,NDLS,GZB,25.0,28.0,110.0,97.4,-1.92,0.0,LOW,CLEAR,10.0,0,,0,0.0,0.0,28.84,35.0,23.8,-4.2,-6.12,SYNTHETIC_DATASET
JRN_20260701_12017,12017,SHATABDI,2026-07-01T07:11:48,2026-07-01,7,2,0,SEC_GZB_MTC,GZB,MTC,47.0,40.0,120.0,102.33,-6.12,-4.2,HIGH,CLEAR,10.0,0,,1,3.99,0.0,41.2,50.0,44.73,4.73,-1.39,SYNTHETIC_DATASET
JRN_20260701_12017,12017,SHATABDI,2026-07-01T07:59:31,2026-07-01,7,2,0,SEC_MTC_MOZ,MTC,MOZ,56.0,45.0,110.0,84.25,-1.39,4.73,LOW,CLEAR,10.0,0,,0,0.0,0.0,46.35,56.25,38.25,-6.75,-8.14,SYNTHETIC_DATASET
JRN_20260701_12017,12017,SHATABDI,2026-07-01T08:40:46,2026-07-01,8,2,0,SEC_MOZ_SRE,MOZ,SRE,59.0,52.0,100.0,77.75,-8.14,-6.75,MEDIUM,CLEAR,10.0,0,,0,0.0,0.0,53.56,65.0,47.26,-4.74,-12.88,SYNTHETIC_DATASET
JRN_20260701_12017,12017,SHATABDI,2026-07-01T09:31:02,2026-07-01,9,2,0,SEC_SRE_RK,SRE,RK,34.0,32.0,100.0,86.35,-12.88,-4.74,HIGH,CLEAR,10.0,0,,0,0.0,0.0,32.96,40.0,33.82,1.82,-11.06,SYNTHETIC_DATASET
JRN_20260701_12017,12017,SHATABDI,2026-07-01T10:07:51,2026-07-01,10,2,0,SEC_RK_HW,RK,HW,42.0,45.0,80.0,70.51,-11.06,1.82,MEDIUM,CLEAR,10.0,0,,0,0.0,0.0,46.35,56.25,42.4,-2.6,-13.66,SYNTHETIC_DATASET
JRN_20260701_12017,12017,SHATABDI,2026-07-01T10:53:15,2026-07-01,10,2,0,SEC_HW_DDN,HW,DDN,51.0,68.0,60.0,26.94,-13.66,-2.6,MEDIUM,CLEAR,10.0,1,30.0,0,0.0,0.0,70.04,85.0,138.88,70.88,57.22,SYNTHETIC_DATASET
JRN_20260701_12055,12055,SUPERFAST,2026-07-01T15:20:00,2026-07-01,15,2,0,SEC_NDLS_GZB,NDLS,GZB,25.0,28.0,110.0,94.57,-0.64,0.0,LOW,CLEAR,10.0,0,,0,0.0,0.0,28.84,35.0,23.8,-4.2,-4.84,SYNTHETIC_DATASET
JRN_20260701_12055,12055,SUPERFAST,2026-07-01T15:46:48,2026-07-01,15,2,0,SEC_GZB_MTC,GZB,MTC,47.0,40.0,120.0,89.36,-4.84,-4.2,LOW,RAIN,3.9,0,,0,0.0,0.0,41.2,50.0,34.0,-6.0,-10.84,SYNTHETIC_DATASET
JRN_20260701_12055,12055,SUPERFAST,2026-07-01T16:23:48,2026-07-01,16,2,0,SEC_MTC_MOZ,MTC,MOZ,56.0,45.0,110.0,84.98,-10.84,-6.0,LOW,CLEAR,10.0,0,,0,0.0,0.0,46.35,56.25,38.25,-6.75,-17.59,SYNTHETIC_DATASET
JRN_20260701_12055,12055,SUPERFAST,2026-07-01T17:05:03,2026-07-01,17,2,0,SEC_MOZ_SRE,MOZ,SRE,59.0,52.0,100.0,88.83,-17.59,-6.75,LOW,CLEAR,10.0,0,,0,0.0,0.0,53.56,65.0,44.199999999999996,-7.8,-25.39,SYNTHETIC_DATASET
JRN_20260701_12055,12055,SUPERFAST,2026-07-01T17:52:15,2026-07-01,17,2,0,SEC_SRE_RK,SRE,RK,34.0,32.0,100.0,78.43,-25.39,-7.8,MEDIUM,CLEAR,10.0,0,,0,0.0,0.0,32.96,40.0,27.33,-4.67,-30.06,SYNTHETIC_DATASET
JRN_20260701_12055,12055,SUPERFAST,2026-07-01T18:22:34,2026-07-01,18,2,0,SEC_RK_HW,RK,HW,42.0,45.0,80.0,65.83,-30.06,-4.67,HIGH,CLEAR,10.0,0,,0,0.0,0.0,46.35,56.25,53.84,8.84,-21.22,SYNTHETIC_DATASET
JRN_20260701_12055,12055,SUPERFAST,2026-07-01T19:19:25,2026-07-01,19,2,0,SEC_HW_DDN,HW,DDN,51.0,68.0,60.0,52.87,-21.22,8.84,LOW,CLEAR,10.0,0,,0,0.0,0.0,70.04,85.0,57.8,-10.2,-31.42,SYNTHETIC_DATASET
JRN_20260701_14041,14041,EXPRESS,2026-07-01T22:25:00,2026-07-01,22,2,0,SEC_NDLS_GZB,NDLS,GZB,25.0,28.0,110.0,91.1,0.87,0.0,LOW,CLEAR,10.0,0,,0,0.0,0.0,28.84,35.0,23.8,-4.2,-3.33,SYNTHETIC_DATASET
JRN_20260701_14041,14041,EXPRESS,2026-07-01T22:51:48,2026-07-01,22,2,0,SEC_GZB_MTC,GZB,MTC,47.0,40.0,120.0,43.44,-3.33,-4.2,LOW,CLEAR,10.0,1,50.0,0,0.0,0.0,41.2,50.0,63.3,23.3,19.97,SYNTHETIC_DATASET
JRN_20260701_14041,14041,EXPRESS,2026-07-01T23:58:06,2026-07-01,23,2,0,SEC_MTC_MOZ,MTC,MOZ,56.0,45.0,110.0,94.84,19.97,23.3,LOW,CLEAR,10.0,0,,1,9.22,7.99,46.35,56.25,38.25,-6.75,13.22,SYNTHETIC_DATASET
JRN_20260701_14041,14041,EXPRESS,2026-07-02T00:39:21,2026-07-01,0,2,0,SEC_MOZ_SRE,MOZ,SRE,59.0,52.0,100.0,83.35,13.22,-6.75,LOW,CLEAR,10.0,0,,0,0.0,5.29,53.56,65.0,44.199999999999996,-7.8,5.42,SYNTHETIC_DATASET
JRN_20260701_14041,14041,EXPRESS,2026-07-02T01:26:33,2026-07-01,1,2,0,SEC_SRE_RK,SRE,RK,34.0,32.0,100.0,88.95,5.42,-7.8,MEDIUM,CLEAR,10.0,0,,0,0.0,0.0,32.96,40.0,28.24,-3.76,1.66,SYNTHETIC_DATASET
JRN_20260701_14041,14041,EXPRESS,2026-07-02T01:57:47,2026-07-01,1,2,0,SEC_RK_HW,RK,HW,42.0,45.0,80.0,69.91,1.66,-3.76,LOW,CLEAR,10.0,0,,0,0.0,0.0,46.35,56.25,38.25,-6.75,-5.09,SYNTHETIC_DATASET
JRN_20260701_14041,14041,EXPRESS,2026-07-02T02:39:02,2026-07-01,2,2,0,SEC_HW_DDN,HW,DDN,51.0,68.0,60.0,52.51,-5.09,-6.75,MEDIUM,CLEAR,10.0,0,,1,9.32,0.0,70.04,85.0,79.06,11.06,5.97,SYNTHETIC_DATASET
JRN_20260701_14309,14309,PASSENGER,2026-07-01T11:15:00,2026-07-01,11,2,0,SEC_NDLS_GZB,NDLS,GZB,25.0,28.0,110.0,98.47,5.39,0.0,LOW,CLEAR,10.0,0,,0,0.0,2.16,28.84,35.0,23.8,-4.2,1.19,SYNTHETIC_DATASET
JRN_20260701_14309,14309,PASSENGER,2026-07-01T11:41:48,2026-07-01,11,2,0,SEC_GZB_MTC,GZB,MTC,47.0,40.0,120.0,98.26,1.19,-4.2,LOW,CLEAR,10.0,0,,0,0.0,0.0,41.2,50.0,34.0,-6.0,-4.81,SYNTHETIC_DATASET
JRN_20260701_14309,14309,PASSENGER,2026-07-01T12:18:48,2026-07-01,12,2,0,SEC_MTC_MOZ,MTC,MOZ,56.0,45.0,110.0,84.46,-4.81,-6.0,LOW,CLEAR,10.0,0,,0,0.0,0.0,46.35,56.25,38.25,-6.75,-11.56,SYNTHETIC_DATASET
JRN_20260701_14309,14309,PASSENGER,2026-07-01T13:00:03,2026-07-01,13,2,0,SEC_MOZ_SRE,MOZ,SRE,59.0,52.0,100.0,39.8,-11.56,-6.75,LOW,CLEAR,10.0,1,50.0,0,0.0,0.0,53.56,65.0,79.49,27.49,15.93,SYNTHETIC_DATASET
JRN_20260701_14309,14309,PASSENGER,2026-07-01T14:22:32,2026-07-01,14,2,0,SEC_SRE_RK,SRE,RK,34.0,32.0,100.0,78.29,15.93,27.49,MEDIUM,CLEAR,10.0,0,,0,0.0,0.0,32.96,40.0,27.2,-4.8,11.13,SYNTHETIC_DATASET
JRN_20260701_14309,14309,PASSENGER,2026-07-01T14:52:44,2026-07-01,14,2,0,SEC_RK_HW,RK,HW,42.0,45.0,80.0,69.92,11.13,-4.8,LOW,CLEAR,10.0,0,,0,0.0,4.45,46.35,56.25,38.25,-6.75,4.38,SYNTHETIC_DATASET
JRN_20260701_14309,14309,PASSENGER,2026-07-01T15:33:59,2026-07-01,15,2,0,SEC_HW_DDN,HW,DDN,51.0,68.0,60.0,51.35,4.38,-6.75,LOW,CLEAR,10.0,0,,0,0.0,1.75,70.04,85.0,57.8,-10.2,-5.82,SYNTHETIC_DATASET
JRN_20260702_12017,12017,SHATABDI,2026-07-02T06:45:00,2026-07-02,6,3,0,SEC_NDLS_GZB,NDLS,GZB,25.0,28.0,110.0,86.97,-1.7,0.0,LOW,CLEAR,10.0,0,,0,0.0,0.0,28.84,35.0,23.8,-4.2,-5.9,SYNTHETIC_DATASET
JRN_20260702_12017,12017,SHATABDI,2026-07-02T07:11:48,2026-07-02,7,3,0,SEC_GZB_MTC,GZB,MTC,47.0,40.0,120.0,105.75,-5.9,-4.2,LOW,CLEAR,10.0,0,,0,0.0,0.0,41.2,50.0,34.0,-6.0,-11.9,SYNTHETIC_DATASET
JRN_20260702_12017,12017,SHATABDI,2026-07-02T07:48:48,2026-07-02,7,3,0,SEC_MTC_MOZ,MTC,MOZ,56.0,45.0,110.0,88.12,-11.9,-6.0,LOW,RAIN,5.0,0,,0,0.0,0.0,46.35,56.25,38.25,-6.75,-18.65,SYNTHETIC_DATASET
JRN_20260702_12017,12017,SHATABDI,2026-07-02T08:30:03,2026-07-02,8,3,0,SEC_MOZ_SRE,MOZ,SRE,59.0,52.0,100.0,89.8,-18.65,-6.75,MEDIUM,CLEAR,10.0,0,,1,5.79,0.0,53.56,65.0,53.53,1.53,-17.12,SYNTHETIC_DATASET
JRN_20260702_12017,12017,SHATABDI,2026-07-02T09:26:34,2026-07-02,9,3,0,SEC_SRE_RK,SRE,RK,34.0,32.0,100.0,89.42,-17.12,1.53,MEDIUM,CLEAR,10.0,0,,0,0.0,0.0,32.96,40.0,28.29,-3.71,-20.83,SYNTHETIC_DATASET
JRN_20260702_12017,12017,SHATABDI,2026-07-02T09:57:52,2026-07-02,9,3,0,SEC_RK_HW,RK,HW,42.0,45.0,80.0,67.46,-20.83,-3.71,LOW,CLEAR,10.0,0,,0,0.0,0.0,46.35,56.25,38.25,-6.75,-27.58,SYNTHETIC_DATASET
JRN_20260702_12017,12017,SHATABDI,2026-07-02T10:39:07,2026-07-02,10,3,0,SEC_HW_DDN,HW,DDN,51.0,68.0,60.0,44.46,-27.58,-6.75,MEDIUM,CLEAR,10.0,1,50.0,0,0.0,0.0,70.04,85.0,82.79,14.79,-12.79,SYNTHETIC_DATASET
JRN_20260702_12055,12055,SUPERFAST,2026-07-02T15:20:00,2026-07-02,15,3,0,SEC_NDLS_GZB,NDLS,GZB,25.0,28.0,110.0,83.35,0.55,0.0,MEDIUM,RAIN,4.59,0,,0,0.0,0.0,28.84,35.0,23.8,-4.2,-3.65,SYNTHETIC_DATASET
JRN_20260702_12055,12055,SUPERFAST,2026-07-02T15:46:48,2026-07-02,15,3,0,SEC_GZB_MTC,GZB,MTC,47.0,40.0,120.0,87.23,-3.65,-4.2,LOW,RAIN,2.25,0,,0,0.0,0.0,41.2,50.0,34.0,-6.0,-9.65,SYNTHETIC_DATASET
JRN_20260702_12055,12055,SUPERFAST,2026-07-02T16:23:48,2026-07-02,16,3,0,SEC_MTC_MOZ,MTC,MOZ,56.0,45.0,110.0,90.94,-9.65,-6.0,LOW,CLEAR,10.0,0,,0,0.0,0.0,46.35,56.25,38.25,-6.75,-16.4,SYNTHETIC_DATASET
JRN_20260702_12055,12055,SUPERFAST,2026-07-02T17:05:03,2026-07-02,17,3,0,SEC_MOZ_SRE,MOZ,SRE,59.0,52.0,100.0,44.97,-16.4,-6.75,LOW,CLEAR,10.0,1,50.0,0,0.0,0.0,53.56,65.0,78.98,26.98,10.58,SYNTHETIC_DATASET
JRN_20260702_12055,12055,SUPERFAST,2026-07-02T18:27:01,2026-07-02,18,3,0,SEC_SRE_RK,SRE,RK,34.0,32.0,100.0,81.49,10.58,26.98,MEDIUM,CLEAR,10.0,0,,0,0.0,0.0,32.96,40.0,27.81,-4.19,6.39,SYNTHETIC_DATASET
JRN_20260702_12055,12055,SUPERFAST,2026-07-02T18:57:50,2026-07-02,18,3,0,SEC_RK_HW,RK,HW,42.0,45.0,80.0,71.86,6.39,-4.19,HIGH,CLEAR,10.0,0,,0,0.0,0.0,46.35,56.25,54.21,9.21,15.6,SYNTHETIC_DATASET
JRN_20260702_12055,12055,SUPERFAST,2026-07-02T19:55:03,2026-07-02,19,3,0,SEC_HW_DDN,HW,DDN,51.0,68.0,60.0,46.99,15.6,9.21,LOW,CLEAR,10.0,0,,0,0.0,6.24,70.04,85.0,57.8,-10.2,5.4,SYNTHETIC_DATASET
JRN_20260702_14041,14041,EXPRESS,2026-07-02T22:25:00,2026-07-02,22,3,0,SEC_NDLS_GZB,NDLS,GZB,25.0,28.0,110.0,87.17,0.57,0.0,LOW,CLEAR,10.0,0,,0,0.0,0.0,28.84,35.0,23.8,-4.2,-3.63,SYNTHETIC_DATASET
JRN_20260702_14041,14041,EXPRESS,2026-07-02T22:51:48,2026-07-02,22,3,0,SEC_GZB_MTC,GZB,MTC,47.0,40.0,120.0,98.66,-3.63,-4.2,LOW,CLEAR,10.0,0,,0,0.0,0.0,41.2,50.0,34.0,-6.0,-9.63,SYNTHETIC_DATASET
JRN_20260702_14041,14041,EXPRESS,2026-07-02T23:28:48,2026-07-02,23,3,0,SEC_MTC_MOZ,MTC,MOZ,56.0,45.0,110.0,85.64,-9.63,-6.0,LOW,RAIN,4.31,0,,0,0.0,0.0,46.35,56.25,38.25,-6.75,-16.38,SYNTHETIC_DATASET
JRN_20260702_14041,14041,EXPRESS,2026-07-03T00:10:03,2026-07-02,0,3,0,SEC_MOZ_SRE,MOZ,SRE,59.0,52.0,100.0,78.99,-16.38,-6.75,HIGH,RAIN,4.65,0,,0,0.0,0.0,53.56,65.0,67.57,15.57,-0.81,SYNTHETIC_DATASET
JRN_20260702_14041,14041,EXPRESS,2026-07-03T01:20:37,2026-07-02,1,3,0,SEC_SRE_RK,SRE,RK,34.0,32.0,100.0,88.64,-0.81,15.57,LOW,CLEAR,10.0,0,,0,0.0,0.0,32.96,40.0,27.2,-4.8,-5.61,SYNTHETIC_DATASET
JRN_20260702_14041,14041,EXPRESS,2026-07-03T01:50:49,2026-07-02,1,3,0,SEC_RK_HW,RK,HW,42.0,45.0,80.0,69.63,-5.61,-4.8,LOW,CLEAR,10.0,0,,0,0.0,0.0,46.35,56.25,38.25,-6.75,-12.36,SYNTHETIC_DATASET
JRN_20260702_14041,14041,EXPRESS,2026-07-03T02:32:04,2026-07-02,2,3,0,SEC_HW_DDN,HW,DDN,51.0,68.0,60.0,53.43,-12.36,-6.75,LOW,CLEAR,10.0,0,,0,0.0,0.0,70.04,85.0,57.8,-10.2,-22.56,SYNTHETIC_DATASET
JRN_20260702_14309,14309,PASSENGER,2026-07-02T11:15:00,2026-07-02,11,3,0,SEC_NDLS_GZB,NDLS,GZB,25.0,28.0,110.0,96.06,0.64,0.0,HIGH,CLEAR,10.0,0,,0,0.0,0.0,28.84,35.0,23.8,-4.2,-3.56,SYNTHETIC_DATASET
JRN_20260702_14309,14309,PASSENGER,2026-07-02T11:41:48,2026-07-02,11,3,0,SEC_GZB_MTC,GZB,MTC,47.0,40.0,120.0,93.55,-3.56,-4.2,LOW,CLEAR,10.0,0,,0,0.0,0.0,41.2,50.0,34.0,-6.0,-9.56,SYNTHETIC_DATASET
JRN_20260702_14309,14309,PASSENGER,2026-07-02T12:18:48,2026-07-02,12,3,0,SEC_MTC_MOZ,MTC,MOZ,56.0,45.0,110.0,95.96,-9.56,-6.0,MEDIUM,CLEAR,10.0,0,,0,0.0,0.0,46.35,56.25,40.69,-4.31,-13.87,SYNTHETIC_DATASET
JRN_20260702_14309,14309,PASSENGER,2026-07-02T13:02:29,2026-07-02,13,3,0,SEC_MOZ_SRE,MOZ,SRE,59.0,52.0,100.0,80.6,-13.87,-4.31,MEDIUM,RAIN,2.58,0,,0,0.0,0.0,53.56,65.0,53.19,1.19,-12.68,SYNTHETIC_DATASET
JRN_20260702_14309,14309,PASSENGER,2026-07-02T13:58:40,2026-07-02,13,3,0,SEC_SRE_RK,SRE,RK,34.0,32.0,100.0,78.06,-12.68,1.19,LOW,CLEAR,10.0,0,,0,0.0,0.0,32.96,40.0,27.2,-4.8,-17.48,SYNTHETIC_DATASET
JRN_20260702_14309,14309,PASSENGER,2026-07-02T14:28:52,2026-07-02,14,3,0,SEC_RK_HW,RK,HW,42.0,45.0,80.0,62.37,-17.48,-4.8,LOW,CLEAR,10.0,0,,0,0.0,0.0,46.35,56.25,38.25,-6.75,-24.23,SYNTHETIC_DATASET
JRN_20260702_14309,14309,PASSENGER,2026-07-02T15:10:07,2026-07-02,15,3,0,SEC_HW_DDN,HW,DDN,51.0,68.0,60.0,50.57,-24.23,-6.75,LOW,CLEAR,10.0,0,,0,0.0,0.0,70.04,85.0,57.8,-10.2,-34.43,SYNTHETIC_DATASET
JRN_20260703_12017,12017,SHATABDI,2026-07-03T06:45:00,2026-07-03,6,4,0,SEC_NDLS_GZB,NDLS,GZB,25.0,28.0,110.0,95.17,0.13,0.0,HIGH,CLEAR,10.0,0,,0,0.0,0.0,28.84,35.0,23.8,-4.2,-4.07,SYNTHETIC_DATASET
JRN_20260703_12017,12017,SHATABDI,2026-07-03T07:11:48,2026-07-03,7,4,0,SEC_GZB_MTC,GZB,MTC,47.0,40.0,120.0,105.54,-4.07,-4.2,MEDIUM,CLEAR,10.0,0,,0,0.0,0.0,41.2,50.0,34.0,-6.0,-10.07,SYNTHETIC_DATASET
JRN_20260703_12017,12017,SHATABDI,2026-07-03T07:48:48,2026-07-03,7,4,0,SEC_MTC_MOZ,MTC,MOZ,56.0,45.0,110.0,90.13,-10.07,-6.0,LOW,CLEAR,10.0,0,,0,0.0,0.0,46.35,56.25,38.25,-6.75,-16.82,SYNTHETIC_DATASET
JRN_20260703_12017,12017,SHATABDI,2026-07-03T08:30:03,2026-07-03,8,4,0,SEC_MOZ_SRE,MOZ,SRE,59.0,52.0,100.0,84.81,-16.82,-6.75,MEDIUM,CLEAR,10.0,0,,0,0.0,0.0,53.56,65.0,48.24,-3.76,-20.58,SYNTHETIC_DATASET
JRN_20260703_12017,12017,SHATABDI,2026-07-03T09:21:17,2026-07-03,9,4,0,SEC_SRE_RK,SRE,RK,34.0,32.0,100.0,39.2,-20.58,-3.76,MEDIUM,CLEAR,10.0,1,45.0,0,0.0,0.0,32.96,40.0,61.11,29.11,8.53,SYNTHETIC_DATASET
JRN_20260703_12017,12017,SHATABDI,2026-07-03T10:25:24,2026-07-03,10,4,0,SEC_RK_HW,RK,HW,42.0,45.0,80.0,71.57,8.53,29.11,MEDIUM,CLEAR,10.0,0,,0,0.0,0.0,46.35,56.25,42.43,-2.57,5.96,SYNTHETIC_DATASET
JRN_20260703_12017,12017,SHATABDI,2026-07-03T11:10:49,2026-07-03,11,4,0,SEC_HW_DDN,HW,DDN,51.0,68.0,60.0,50.92,5.96,-2.57,LOW,CLEAR,10.0,0,,0,0.0,2.38,70.04,85.0,57.8,-10.2,-4.24,SYNTHETIC_DATASET
JRN_20260703_12055,12055,SUPERFAST,2026-07-03T15:20:00,2026-07-03,15,4,0,SEC_NDLS_GZB,NDLS,GZB,25.0,28.0,110.0,39.09,1.86,0.0,LOW,CLEAR,10.0,1,45.0,0,0.0,0.0,28.84,35.0,37.72,9.72,11.58,SYNTHETIC_DATASET
JRN_20260703_12055,12055,SUPERFAST,2026-07-03T16:00:43,2026-07-03,16,4,0,SEC_GZB_MTC,GZB,MTC,47.0,40.0,120.0,98.02,11.58,9.72,LOW,CLEAR,10.0,0,,0,0.0,4.63,41.2,50.0,34.0,-6.0,5.58,SYNTHETIC_DATASET
JRN_20260703_12055,12055,SUPERFAST,2026-07-03T16:37:43,2026-07-03,16,4,0,SEC_MTC_MOZ,MTC,MOZ,56.0,45.0,110.0,95.71,5.58,-6.0,LOW,CLEAR,10.0,0,,0,0.0,2.23,46.35,56.25,38.25,-6.75,-1.17,SYNTHETIC_DATASET
JRN_20260703_12055,12055,SUPERFAST,2026-07-03T17:18:58,2026-07-03,17,4,0,SEC_MOZ_SRE,MOZ,SRE,59.0,52.0,100.0,84.02,-1.17,-6.75,MEDIUM,CLEAR,10.0,0,,0,0.0,0.0,53.56,65.0,48.21,-3.79,-4.96,SYNTHETIC_DATASET
JRN_20260703_12055,12055,SUPERFAST,2026-07-03T18:10:10,2026-07-03,18,4,0,SEC_SRE_RK,SRE,RK,34.0,32.0,100.0,80.78,-4.96,-3.79,HIGH,CLEAR,10.0,0,,0,0.0,0.0,32.96,40.0,35.01,3.01,-1.95,SYNTHETIC_DATASET
JRN_20260703_12055,12055,SUPERFAST,2026-07-03T18:48:11,2026-07-03,18,4,0,SEC_RK_HW,RK,HW,42.0,45.0,80.0,65.81,-1.95,3.01,LOW,CLEAR,10.0,0,,0,0.0,0.0,46.35,56.25,38.25,-6.75,-8.7,SYNTHETIC_DATASET
JRN_20260703_12055,12055,SUPERFAST,2026-07-03T19:29:26,2026-07-03,19,4,0,SEC_HW_DDN,HW,DDN,51.0,68.0,60.0,52.7,-8.7,-6.75,HIGH,CLEAR,10.0,0,,0,0.0,0.0,70.04,85.0,87.53,19.53,10.83,SYNTHETIC_DATASET
JRN_20260703_14041,14041,EXPRESS,2026-07-03T22:25:00,2026-07-03,22,4,0,SEC_NDLS_GZB,NDLS,GZB,25.0,28.0,110.0,87.63,0.33,0.0,LOW,CLEAR,10.0,0,,0,0.0,0.0,28.84,35.0,23.8,-4.2,-3.87,SYNTHETIC_DATASET
JRN_20260703_14041,14041,EXPRESS,2026-07-03T22:51:48,2026-07-03,22,4,0,SEC_GZB_MTC,GZB,MTC,47.0,40.0,120.0,95.27,-3.87,-4.2,MEDIUM,CLEAR,10.0,0,,0,0.0,0.0,41.2,50.0,34.0,-6.0,-9.87,SYNTHETIC_DATASET
JRN_20260703_14041,14041,EXPRESS,2026-07-03T23:28:48,2026-07-03,23,4,0,SEC_MTC_MOZ,MTC,MOZ,56.0,45.0,110.0,96.52,-9.87,-6.0,LOW,CLEAR,10.0,0,,0,0.0,0.0,46.35,56.25,38.25,-6.75,-16.62,SYNTHETIC_DATASET
JRN_20260703_14041,14041,EXPRESS,2026-07-04T00:10:03,2026-07-03,0,4,0,SEC_MOZ_SRE,MOZ,SRE,59.0,52.0,100.0,80.3,-16.62,-6.75,LOW,RAIN,4.64,0,,0,0.0,0.0,53.56,65.0,44.25,-7.75,-24.37,SYNTHETIC_DATASET
JRN_20260703_14041,14041,EXPRESS,2026-07-04T00:57:18,2026-07-03,0,4,0,SEC_SRE_RK,SRE,RK,34.0,32.0,100.0,83.77,-24.37,-7.75,LOW,CLEAR,10.0,0,,0,0.0,0.0,32.96,40.0,27.2,-4.8,-29.17,SYNTHETIC_DATASET
JRN_20260703_14041,14041,EXPRESS,2026-07-04T01:27:30,2026-07-03,1,4,0,SEC_RK_HW,RK,HW,42.0,45.0,80.0,65.4,-29.17,-4.8,LOW,CLEAR,10.0,0,,0,0.0,0.0,46.35,56.25,38.25,-6.75,-35.92,SYNTHETIC_DATASET
JRN_20260703_14041,14041,EXPRESS,2026-07-04T02:08:45,2026-07-03,2,4,0,SEC_HW_DDN,HW,DDN,51.0,68.0,60.0,53.35,-35.92,-6.75,LOW,CLEAR,10.0,0,,0,0.0,0.0,70.04,85.0,57.8,-10.2,-46.12,SYNTHETIC_DATASET
JRN_20260703_14309,14309,PASSENGER,2026-07-03T11:15:00,2026-07-03,11,4,0,SEC_NDLS_GZB,NDLS,GZB,25.0,28.0,110.0,86.85,-0.22,0.0,LOW,CLEAR,10.0,0,,0,0.0,0.0,28.84,35.0,23.8,-4.2,-4.42,SYNTHETIC_DATASET
JRN_20260703_14309,14309,PASSENGER,2026-07-03T11:41:48,2026-07-03,11,4,0,SEC_GZB_MTC,GZB,MTC,47.0,40.0,120.0,106.05,-4.42,-4.2,MEDIUM,CLEAR,10.0,0,,0,0.0,0.0,41.2,50.0,34.0,-6.0,-10.42,SYNTHETIC_DATASET
JRN_20260703_14309,14309,PASSENGER,2026-07-03T12:18:48,2026-07-03,12,4,0,SEC_MTC_MOZ,MTC,MOZ,56.0,45.0,110.0,84.92,-10.42,-6.0,LOW,CLEAR,10.0,0,,0,0.0,0.0,46.35,56.25,38.25,-6.75,-17.17,SYNTHETIC_DATASET
JRN_20260703_14309,14309,PASSENGER,2026-07-03T13:00:03,2026-07-03,13,4,0,SEC_MOZ_SRE,MOZ,SRE,59.0,52.0,100.0,38.46,-17.17,-6.75,LOW,CLEAR,10.0,1,50.0,0,0.0,0.0,53.56,65.0,78.68,26.68,9.51,SYNTHETIC_DATASET
JRN_20260703_14309,14309,PASSENGER,2026-07-03T14:21:43,2026-07-03,14,4,0,SEC_SRE_RK,SRE,RK,34.0,32.0,100.0,89.29,9.51,26.68,LOW,CLEAR,10.0,0,,0,0.0,3.8,32.96,40.0,27.2,-4.8,4.71,SYNTHETIC_DATASET
JRN_20260703_14309,14309,PASSENGER,2026-07-03T14:51:55,2026-07-03,14,4,0,SEC_RK_HW,RK,HW,42.0,45.0,80.0,71.61,4.71,-4.8,LOW,CLEAR,10.0,0,,0,0.0,1.88,46.35,56.25,38.25,-6.75,-2.04,SYNTHETIC_DATASET
JRN_20260703_14309,14309,PASSENGER,2026-07-03T15:33:10,2026-07-03,15,4,0,SEC_HW_DDN,HW,DDN,51.0,68.0,60.0,50.56,-2.04,-6.75,MEDIUM,CLEAR,10.0,0,,0,0.0,0.0,70.04,85.0,68.28,0.28,-1.76,SYNTHETIC_DATASET
JRN_20260704_12017,12017,SHATABDI,2026-07-04T06:45:00,2026-07-04,6,5,1,SEC_NDLS_GZB,NDLS,GZB,25.0,28.0,110.0,87.76,-0.87,0.0,LOW,CLEAR,10.0,0,,0,0.0,0.0,28.84,35.0,23.8,-4.2,-5.07,SYNTHETIC_DATASET
JRN_20260704_12017,12017,SHATABDI,2026-07-04T07:11:48,2026-07-04,7,5,1,SEC_GZB_MTC,GZB,MTC,47.0,40.0,120.0,92.47,-5.07,-4.2,LOW,CLEAR,10.0,0,,0,0.0,0.0,41.2,50.0,34.0,-6.0,-11.07,SYNTHETIC_DATASET
JRN_20260704_12017,12017,SHATABDI,2026-07-04T07:48:48,2026-07-04,7,5,1,SEC_MTC_MOZ,MTC,MOZ,56.0,45.0,110.0,43.98,-11.07,-6.0,LOW,CLEAR,10.0,1,50.0,0,0.0,0.0,46.35,56.25,74.77,29.77,18.7,SYNTHETIC_DATASET
JRN_20260704_12017,12017,SHATABDI,2026-07-04T09:06:34,2026-07-04,9,5,1,SEC_MOZ_SRE,MOZ,SRE,59.0,52.0,100.0,82.38,18.7,29.77,LOW,CLEAR,10.0,0,,0,0.0,7.48,53.56,65.0,44.199999999999996,-7.8,10.9,SYNTHETIC_DATASET
JRN_20260704_12017,12017,SHATABDI,2026-07-04T09:53:46,2026-07-04,9,5,1,SEC_SRE_RK,SRE,RK,34.0,32.0,100.0,83.77,10.9,-7.8,LOW,CLEAR,10.0,0,,0,0.0,4.36,32.96,40.0,27.2,-4.8,6.1,SYNTHETIC_DATASET
JRN_20260704_12017,12017,SHATABDI,2026-07-04T10:23:58,2026-07-04,10,5,1,SEC_RK_HW,RK,HW,42.0,45.0,80.0,62.14,6.1,-4.8,LOW,CLEAR,10.0,0,,0,0.0,2.44,46.35,56.25,38.25,-6.75,-0.65,SYNTHETIC_DATASET
JRN_20260704_12017,12017,SHATABDI,2026-07-04T11:05:13,2026-07-04,11,5,1,SEC_HW_DDN,HW,DDN,51.0,68.0,60.0,48.97,-0.65,-6.75,LOW,CLEAR,10.0,0,,0,0.0,0.0,70.04,85.0,57.8,-10.2,-10.85,SYNTHETIC_DATASET
JRN_20260704_12055,12055,SUPERFAST,2026-07-04T15:20:00,2026-07-04,15,5,1,SEC_NDLS_GZB,NDLS,GZB,25.0,28.0,110.0,88.25,1.19,0.0,LOW,CLEAR,10.0,0,,0,0.0,0.0,28.84,35.0,23.8,-4.2,-3.01,SYNTHETIC_DATASET
JRN_20260704_12055,12055,SUPERFAST,2026-07-04T15:46:48,2026-07-04,15,5,1,SEC_GZB_MTC,GZB,MTC,47.0,40.0,120.0,42.0,-3.01,-4.2,HIGH,CLEAR,10.0,1,50.0,0,0.0,0.0,41.2,50.0,97.17,57.17,54.16,SYNTHETIC_DATASET
JRN_20260704_12055,12055,SUPERFAST,2026-07-04T17:26:58,2026-07-04,17,5,1,SEC_MTC_MOZ,MTC,MOZ,56.0,45.0,110.0,38.63,54.16,57.17,MEDIUM,CLEAR,10.0,1,45.0,0,0.0,0.0,46.35,56.25,101.78,56.78,110.94,SYNTHETIC_DATASET
JRN_20260704_12055,12055,SUPERFAST,2026-07-04T19:11:45,2026-07-04,19,5,1,SEC_MOZ_SRE,MOZ,SRE,59.0,52.0,100.0,82.24,110.94,56.78,HIGH,CLEAR,10.0,0,,0,0.0,0.0,53.56,65.0,60.96,8.96,119.9,SYNTHETIC_DATASET
JRN_20260704_12055,12055,SUPERFAST,2026-07-04T20:15:42,2026-07-04,20,5,1,SEC_SRE_RK,SRE,RK,34.0,32.0,100.0,79.1,119.9,8.96,MEDIUM,CLEAR,10.0,0,,0,0.0,0.0,32.96,40.0,27.21,-4.79,115.11,SYNTHETIC_DATASET
JRN_20260704_12055,12055,SUPERFAST,2026-07-04T20:45:55,2026-07-04,20,5,1,SEC_RK_HW,RK,HW,42.0,45.0,80.0,66.43,115.11,-4.79,HIGH,CLEAR,10.0,0,,1,4.16,0.0,46.35,56.25,58.19,13.19,128.3,SYNTHETIC_DATASET
JRN_20260704_12055,12055,SUPERFAST,2026-07-04T21:47:06,2026-07-04,21,5,1,SEC_HW_DDN,HW,DDN,51.0,68.0,60.0,24.41,128.3,13.19,LOW,CLEAR,10.0,1,30.0,0,0.0,0.0,70.04,85.0,111.98,43.98,172.28,SYNTHETIC_DATASET
JRN_20260704_14041,14041,EXPRESS,2026-07-04T22:25:00,2026-07-04,22,5,1,SEC_NDLS_GZB,NDLS,GZB,25.0,28.0,110.0,84.26,0.12,0.0,MEDIUM,RAIN,2.16,0,,0,0.0,0.0,28.84,35.0,23.8,-4.2,-4.08,SYNTHETIC_DATASET
JRN_20260704_14041,14041,EXPRESS,2026-07-04T22:51:48,2026-07-04,22,5,1,SEC_GZB_MTC,GZB,MTC,47.0,40.0,120.0,107.44,-4.08,-4.2,HIGH,CLEAR,10.0,0,,0,0.0,0.0,41.2,50.0,40.24,0.24,-3.84,SYNTHETIC_DATASET
JRN_20260704_14041,14041,EXPRESS,2026-07-04T23:35:02,2026-07-04,23,5,1,SEC_MTC_MOZ,MTC,MOZ,56.0,45.0,110.0,23.25,-3.84,0.24,LOW,CLEAR,10.0,1,30.0,0,0.0,0.0,46.35,56.25,124.33,79.33,75.49,SYNTHETIC_DATASET
JRN_20260704_14041,14041,EXPRESS,2026-07-05T01:42:22,2026-07-04,1,5,1,SEC_MOZ_SRE,MOZ,SRE,59.0,52.0,100.0,78.1,75.49,79.33,MEDIUM,CLEAR,10.0,0,,0,0.0,0.0,53.56,65.0,47.87,-4.13,71.36,SYNTHETIC_DATASET
JRN_20260704_14041,14041,EXPRESS,2026-07-05T02:33:14,2026-07-04,2,5,1,SEC_SRE_RK,SRE,RK,34.0,32.0,100.0,83.55,71.36,-4.13,LOW,CLEAR,10.0,0,,0,0.0,8.2,32.96,40.0,27.2,-4.8,66.56,SYNTHETIC_DATASET
JRN_20260704_14041,14041,EXPRESS,2026-07-05T03:03:26,2026-07-04,3,5,1,SEC_RK_HW,RK,HW,42.0,45.0,80.0,67.78,66.56,-4.8,LOW,CLEAR,10.0,0,,0,0.0,9.19,46.35,56.25,38.25,-6.75,59.81,SYNTHETIC_DATASET
JRN_20260704_14041,14041,EXPRESS,2026-07-05T03:44:41,2026-07-04,3,5,1,SEC_HW_DDN,HW,DDN,51.0,68.0,60.0,51.25,59.81,-6.75,LOW,CLEAR,10.0,0,,0,0.0,11.05,70.04,85.0,57.8,-10.2,49.61,SYNTHETIC_DATASET
JRN_20260704_14309,14309,PASSENGER,2026-07-04T11:15:00,2026-07-04,11,5,1,SEC_NDLS_GZB,NDLS,GZB,25.0,28.0,110.0,94.65,0.01,0.0,MEDIUM,CLEAR,10.0,0,,0,0.0,0.0,28.84,35.0,23.8,-4.2,-4.19,SYNTHETIC_DATASET
JRN_20260704_14309,14309,PASSENGER,2026-07-04T11:41:48,2026-07-04,11,5,1,SEC_GZB_MTC,GZB,MTC,47.0,40.0,120.0,104.56,-4.19,-4.2,LOW,CLEAR,10.0,0,,0,0.0,0.0,41.2,50.0,34.0,-6.0,-10.19,SYNTHETIC_DATASET
JRN_20260704_14309,14309,PASSENGER,2026-07-04T12:18:48,2026-07-04,12,5,1,SEC_MTC_MOZ,MTC,MOZ,56.0,45.0,110.0,97.64,-10.19,-6.0,LOW,CLEAR,10.0,0,,0,0.0,0.0,46.35,56.25,38.25,-6.75,-16.94,SYNTHETIC_DATASET
JRN_20260704_14309,14309,PASSENGER,2026-07-04T13:00:03,2026-07-04,13,5,1,SEC_MOZ_SRE,MOZ,SRE,59.0,52.0,100.0,75.77,-16.94,-6.75,LOW,RAIN,2.5,0,,0,0.0,0.0,53.56,65.0,44.199999999999996,-7.8,-24.74,SYNTHETIC_DATASET
JRN_20260704_14309,14309,PASSENGER,2026-07-04T13:47:15,2026-07-04,13,5,1,SEC_SRE_RK,SRE,RK,34.0,32.0,100.0,83.17,-24.74,-7.8,LOW,CLEAR,10.0,0,,0,0.0,0.0,32.96,40.0,27.2,-4.8,-29.54,SYNTHETIC_DATASET
JRN_20260704_14309,14309,PASSENGER,2026-07-04T14:17:27,2026-07-04,14,5,1,SEC_RK_HW,RK,HW,42.0,45.0,80.0,55.97,-29.54,-4.8,MEDIUM,RAIN,3.3,0,,0,0.0,0.0,46.35,56.25,48.37,3.37,-26.17,SYNTHETIC_DATASET
JRN_20260704_14309,14309,PASSENGER,2026-07-04T15:08:49,2026-07-04,15,5,1,SEC_HW_DDN,HW,DDN,51.0,68.0,60.0,48.08,-26.17,3.37,LOW,CLEAR,10.0,0,,0,0.0,0.0,70.04,85.0,57.8,-10.2,-36.37,SYNTHETIC_DATASET
JRN_20260705_12017,12017,SHATABDI,2026-07-05T06:45:00,2026-07-05,6,6,1,SEC_NDLS_GZB,NDLS,GZB,25.0,28.0,110.0,92.84,7.06,0.0,LOW,CLEAR,10.0,0,,0,0.0,2.82,28.84,35.0,23.8,-4.2,2.86,SYNTHETIC_DATASET
JRN_20260705_12017,12017,SHATABDI,2026-07-05T07:11:48,2026-07-05,7,6,1,SEC_GZB_MTC,GZB,MTC,47.0,40.0,120.0,105.7,2.86,-4.2,MEDIUM,CLEAR,10.0,0,,0,0.0,0.0,41.2,50.0,34.0,-6.0,-3.14,SYNTHETIC_DATASET
JRN_20260705_12017,12017,SHATABDI,2026-07-05T07:48:48,2026-07-05,7,6,1,SEC_MTC_MOZ,MTC,MOZ,56.0,45.0,110.0,96.23,-3.14,-6.0,LOW,CLEAR,10.0,0,,0,0.0,0.0,46.35,56.25,38.25,-6.75,-9.89,SYNTHETIC_DATASET
JRN_20260705_12017,12017,SHATABDI,2026-07-05T08:30:03,2026-07-05,8,6,1,SEC_MOZ_SRE,MOZ,SRE,59.0,52.0,100.0,83.45,-9.89,-6.75,MEDIUM,CLEAR,10.0,0,,0,0.0,0.0,53.56,65.0,47.82,-4.18,-14.07,SYNTHETIC_DATASET
JRN_20260705_12017,12017,SHATABDI,2026-07-05T09:20:52,2026-07-05,9,6,1,SEC_SRE_RK,SRE,RK,34.0,32.0,100.0,79.03,-14.07,-4.18,LOW,CLEAR,10.0,0,,0,0.0,0.0,32.96,40.0,27.2,-4.8,-18.87,SYNTHETIC_DATASET
JRN_20260705_12017,12017,SHATABDI,2026-07-05T09:51:04,2026-07-05,9,6,1,SEC_RK_HW,RK,HW,42.0,45.0,80.0,71.22,-18.87,-4.8,LOW,CLEAR,10.0,0,,0,0.0,0.0,46.35,56.25,38.25,-6.75,-25.62,SYNTHETIC_DATASET
JRN_20260705_12017,12017,SHATABDI,2026-07-05T10:32:19,2026-07-05,10,6,1,SEC_HW_DDN,HW,DDN,51.0,68.0,60.0,50.83,-25.62,-6.75,MEDIUM,CLEAR,10.0,0,,0,0.0,0.0,70.04,85.0,69.15,1.15,-24.47,SYNTHETIC_DATASET
JRN_20260705_12055,12055,SUPERFAST,2026-07-05T15:20:00,2026-07-05,15,6,1,SEC_NDLS_GZB,NDLS,GZB,25.0,28.0,110.0,85.89,-0.34,0.0,MEDIUM,CLEAR,10.0,0,,0,0.0,0.0,28.84,35.0,23.8,-4.2,-4.54,SYNTHETIC_DATASET
JRN_20260705_12055,12055,SUPERFAST,2026-07-05T15:46:48,2026-07-05,15,6,1,SEC_GZB_MTC,GZB,MTC,47.0,40.0,120.0,96.23,-4.54,-4.2,LOW,CLEAR,10.0,0,,0,0.0,0.0,41.2,50.0,34.0,-6.0,-10.54,SYNTHETIC_DATASET
JRN_20260705_12055,12055,SUPERFAST,2026-07-05T16:23:48,2026-07-05,16,6,1,SEC_MTC_MOZ,MTC,MOZ,56.0,45.0,110.0,91.7,-10.54,-6.0,HIGH,CLEAR,10.0,0,,0,0.0,0.0,46.35,56.25,51.4,6.4,-4.14,SYNTHETIC_DATASET
JRN_20260705_12055,12055,SUPERFAST,2026-07-05T17:18:12,2026-07-05,17,6,1,SEC_MOZ_SRE,MOZ,SRE,59.0,52.0,100.0,82.1,-4.14,6.4,LOW,CLEAR,10.0,0,,0,0.0,0.0,53.56,65.0,44.199999999999996,-7.8,-11.94,SYNTHETIC_DATASET
JRN_20260705_12055,12055,SUPERFAST,2026-07-05T18:05:24,2026-07-05,18,6,1,SEC_SRE_RK,SRE,RK,34.0,32.0,100.0,89.99,-11.94,-7.8,LOW,CLEAR,10.0,0,,0,0.0,0.0,32.96,40.0,27.2,-4.8,-16.74,SYNTHETIC_DATASET
JRN_20260705_12055,12055,SUPERFAST,2026-07-05T18:35:36,2026-07-05,18,6,1,SEC_RK_HW,RK,HW,42.0,45.0,80.0,67.16,-16.74,-4.8,MEDIUM,CLEAR,10.0,0,,0,0.0,0.0,46.35,56.25,42.17,-2.83,-19.57,SYNTHETIC_DATASET
JRN_20260705_12055,12055,SUPERFAST,2026-07-05T19:20:46,2026-07-05,19,6,1,SEC_HW_DDN,HW,DDN,51.0,68.0,60.0,47.79,-19.57,-2.83,HIGH,CLEAR,10.0,0,,0,0.0,0.0,70.04,85.0,87.68,19.68,0.11,SYNTHETIC_DATASET
JRN_20260705_14041,14041,EXPRESS,2026-07-05T22:25:00,2026-07-05,22,6,1,SEC_NDLS_GZB,NDLS,GZB,25.0,28.0,110.0,94.01,-1.87,0.0,LOW,CLEAR,10.0,0,,0,0.0,0.0,28.84,35.0,23.8,-4.2,-6.07,SYNTHETIC_DATASET
JRN_20260705_14041,14041,EXPRESS,2026-07-05T22:51:48,2026-07-05,22,6,1,SEC_GZB_MTC,GZB,MTC,47.0,40.0,120.0,95.37,-6.07,-4.2,LOW,RAIN,3.51,0,,0,0.0,0.0,41.2,50.0,34.0,-6.0,-12.07,SYNTHETIC_DATASET
JRN_20260705_14041,14041,EXPRESS,2026-07-05T23:28:48,2026-07-05,23,6,1,SEC_MTC_MOZ,MTC,MOZ,56.0,45.0,110.0,90.24,-12.07,-6.0,LOW,CLEAR,10.0,0,,0,0.0,0.0,46.35,56.25,38.25,-6.75,-18.82,SYNTHETIC_DATASET
JRN_20260705_14041,14041,EXPRESS,2026-07-06T00:10:03,2026-07-05,0,6,1,SEC_MOZ_SRE,MOZ,SRE,59.0,52.0,100.0,85.27,-18.82,-6.75,LOW,CLEAR,10.0,0,,0,0.0,0.0,53.56,65.0,44.199999999999996,-7.8,-26.62,SYNTHETIC_DATASET
JRN_20260705_14041,14041,EXPRESS,2026-07-06T00:57:15,2026-07-05,0,6,1,SEC_SRE_RK,SRE,RK,34.0,32.0,100.0,80.77,-26.62,-7.8,LOW,CLEAR,10.0,0,,0,0.0,0.0,32.96,40.0,27.2,-4.8,-31.42,SYNTHETIC_DATASET
JRN_20260705_14041,14041,EXPRESS,2026-07-06T01:27:27,2026-07-05,1,6,1,SEC_RK_HW,RK,HW,42.0,45.0,80.0,64.77,-31.42,-4.8,LOW,RAIN,2.21,0,,0,0.0,0.0,46.35,56.25,38.25,-6.75,-38.17,SYNTHETIC_DATASET
JRN_20260705_14041,14041,EXPRESS,2026-07-06T02:08:42,2026-07-05,2,6,1,SEC_HW_DDN,HW,DDN,51.0,68.0,60.0,38.93,-38.17,-6.75,LOW,CLEAR,10.0,1,50.0,0,0.0,0.0,70.04,85.0,68.21,0.21,-37.96,SYNTHETIC_DATASET
JRN_20260705_14309,14309,PASSENGER,2026-07-05T11:15:00,2026-07-05,11,6,1,SEC_NDLS_GZB,NDLS,GZB,25.0,28.0,110.0,94.27,1.96,0.0,HIGH,CLEAR,10.0,0,,1,6.12,0.0,28.84,35.0,29.97,1.97,3.93,SYNTHETIC_DATASET
JRN_20260705_14309,14309,PASSENGER,2026-07-05T11:47:58,2026-07-05,11,6,1,SEC_GZB_MTC,GZB,MTC,47.0,40.0,120.0,102.87,3.93,1.97,HIGH,CLEAR,10.0,0,,0,0.0,0.0,41.2,50.0,39.81,-0.19,3.74,SYNTHETIC_DATASET
JRN_20260705_14309,14309,PASSENGER,2026-07-05T12:30:46,2026-07-05,12,6,1,SEC_MTC_MOZ,MTC,MOZ,56.0,45.0,110.0,97.5,3.74,-0.19,MEDIUM,CLEAR,10.0,0,,0,0.0,0.0,46.35,56.25,41.42,-3.58,0.16,SYNTHETIC_DATASET
JRN_20260705_14309,14309,PASSENGER,2026-07-05T13:15:12,2026-07-05,13,6,1,SEC_MOZ_SRE,MOZ,SRE,59.0,52.0,100.0,89.26,0.16,-3.58,LOW,CLEAR,10.0,0,,0,0.0,0.0,53.56,65.0,44.199999999999996,-7.8,-7.64,SYNTHETIC_DATASET
JRN_20260705_14309,14309,PASSENGER,2026-07-05T14:02:24,2026-07-05,14,6,1,SEC_SRE_RK,SRE,RK,34.0,32.0,100.0,89.99,-7.64,-7.8,LOW,CLEAR,10.0,0,,0,0.0,0.0,32.96,40.0,27.2,-4.8,-12.44,SYNTHETIC_DATASET
JRN_20260705_14309,14309,PASSENGER,2026-07-05T14:32:36,2026-07-05,14,6,1,SEC_RK_HW,RK,HW,42.0,45.0,80.0,64.4,-12.44,-4.8,LOW,CLEAR,10.0,0,,0,0.0,0.0,46.35,56.25,38.25,-6.75,-19.19,SYNTHETIC_DATASET
JRN_20260705_14309,14309,PASSENGER,2026-07-05T15:13:51,2026-07-05,15,6,1,SEC_HW_DDN,HW,DDN,51.0,68.0,60.0,44.82,-19.19,-6.75,LOW,CLEAR,10.0,1,50.0,0,0.0,0.0,70.04,85.0,67.9,-0.1,-19.29,SYNTHETIC_DATASET
JRN_20260706_12017,12017,SHATABDI,2026-07-06T06:45:00,2026-07-06,6,0,0,SEC_NDLS_GZB,NDLS,GZB,25.0,28.0,110.0,96.06,0.24,0.0,LOW,CLEAR,10.0,0,,0,0.0,0.0,28.84,35.0,23.8,-4.2,-3.96,SYNTHETIC_DATASET
JRN_20260706_12017,12017,SHATABDI,2026-07-06T07:11:48,2026-07-06,7,0,0,SEC_GZB_MTC,GZB,MTC,47.0,40.0,120.0,94.02,-3.96,-4.2,LOW,CLEAR,10.0,0,,0,0.0,0.0,41.2,50.0,34.0,-6.0,-9.96,SYNTHETIC_DATASET
JRN_20260706_12017,12017,SHATABDI,2026-07-06T07:48:48,2026-07-06,7,0,0,SEC_MTC_MOZ,MTC,MOZ,56.0,45.0,110.0,35.22,-9.96,-6.0,MEDIUM,CLEAR,10.0,1,45.0,1,5.65,0.0,46.35,56.25,107.24,62.24,52.28,SYNTHETIC_DATASET
JRN_20260706_12017,12017,SHATABDI,2026-07-06T09:39:02,2026-07-06,9,0,0,SEC_MOZ_SRE,MOZ,SRE,59.0,52.0,100.0,81.44,52.28,62.24,MEDIUM,CLEAR,10.0,0,,0,0.0,0.0,53.56,65.0,47.75,-4.25,48.03,SYNTHETIC_DATASET
JRN_20260706_12017,12017,SHATABDI,2026-07-06T10:29:47,2026-07-06,10,0,0,SEC_SRE_RK,SRE,RK,34.0,32.0,100.0,89.25,48.03,-4.25,MEDIUM,CLEAR,10.0,0,,0,0.0,0.0,32.96,40.0,28.06,-3.94,44.09,SYNTHETIC_DATASET
JRN_20260706_12017,12017,SHATABDI,2026-07-06T11:00:51,2026-07-06,11,0,0,SEC_RK_HW,RK,HW,42.0,45.0,80.0,69.34,44.09,-3.94,LOW,CLEAR,10.0,0,,0,0.0,12.25,46.35,56.25,38.25,-6.75,37.34,SYNTHETIC_DATASET
JRN_20260706_12017,12017,SHATABDI,2026-07-06T11:42:06,2026-07-06,11,0,0,SEC_HW_DDN,HW,DDN,51.0,68.0,60.0,52.75,37.34,-6.75,MEDIUM,CLEAR,10.0,0,,0,0.0,0.0,70.04,85.0,68.93,0.93,38.27,SYNTHETIC_DATASET
JRN_20260706_12055,12055,SUPERFAST,2026-07-06T15:20:00,2026-07-06,15,0,0,SEC_NDLS_GZB,NDLS,GZB,25.0,28.0,110.0,89.81,-1.21,0.0,MEDIUM,CLEAR,10.0,0,,0,0.0,0.0,28.84,35.0,23.8,-4.2,-5.41,SYNTHETIC_DATASET
JRN_20260706_12055,12055,SUPERFAST,2026-07-06T15:46:48,2026-07-06,15,0,0,SEC_GZB_MTC,GZB,MTC,47.0,40.0,120.0,101.84,-5.41,-4.2,LOW,CLEAR,10.0,0,,0,0.0,0.0,41.2,50.0,34.0,-6.0,-11.41,SYNTHETIC_DATASET
JRN_20260706_12055,12055,SUPERFAST,2026-07-06T16:23:48,2026-07-06,16,0,0,SEC_MTC_MOZ,MTC,MOZ,56.0,45.0,110.0,94.56,-11.41,-6.0,LOW,CLEAR,10.0,0,,0,0.0,0.0,46.35,56.25,38.25,-6.75,-18.16,SYNTHETIC_DATASET
JRN_20260706_12055,12055,SUPERFAST,2026-07-06T17:05:03,2026-07-06,17,0,0,SEC_MOZ_SRE,MOZ,SRE,59.0,52.0,100.0,24.95,-18.16,-6.75,LOW,CLEAR,10.0,1,30.0,0,0.0,0.0,53.56,65.0,131.97,79.97,61.81,SYNTHETIC_DATASET
JRN_20260706_12055,12055,SUPERFAST,2026-07-06T19:20:01,2026-07-06,19,0,0,SEC_SRE_RK,SRE,RK,34.0,32.0,100.0,89.27,61.81,79.97,HIGH,CLEAR,10.0,0,,0,0.0,0.0,32.96,40.0,35.73,3.73,65.54,SYNTHETIC_DATASET
JRN_20260706_12055,12055,SUPERFAST,2026-07-06T19:58:45,2026-07-06,19,0,0,SEC_RK_HW,RK,HW,42.0,45.0,80.0,62.27,65.54,3.73,MEDIUM,CLEAR,10.0,0,,0,0.0,0.0,46.35,56.25,42.19,-2.81,62.73,SYNTHETIC_DATASET
JRN_20260706_12055,12055,SUPERFAST,2026-07-06T20:43:56,2026-07-06,20,0,0,SEC_HW_DDN,HW,DDN,51.0,68.0,60.0,47.55,62.73,-2.81,LOW,RAIN,3.11,0,,0,0.0,0.0,70.04,85.0,63.0,-5.0,57.73,SYNTHETIC_DATASET
JRN_20260706_14041,14041,EXPRESS,2026-07-06T22:25:00,2026-07-06,22,0,0,SEC_NDLS_GZB,NDLS,GZB,25.0,28.0,110.0,86.97,5.79,0.0,LOW,CLEAR,10.0,0,,0,0.0,2.32,28.84,35.0,23.8,-4.2,1.59,SYNTHETIC_DATASET
JRN_20260706_14041,14041,EXPRESS,2026-07-06T22:51:48,2026-07-06,22,0,0,SEC_GZB_MTC,GZB,MTC,47.0,40.0,120.0,92.15,1.59,-4.2,LOW,CLEAR,10.0,0,,0,0.0,0.0,41.2,50.0,34.0,-6.0,-4.41,SYNTHETIC_DATASET
JRN_20260706_14041,14041,EXPRESS,2026-07-06T23:28:48,2026-07-06,23,0,0,SEC_MTC_MOZ,MTC,MOZ,56.0,45.0,110.0,85.17,-4.41,-6.0,LOW,CLEAR,10.0,0,,0,0.0,0.0,46.35,56.25,38.25,-6.75,-11.16,SYNTHETIC_DATASET
JRN_20260706_14041,14041,EXPRESS,2026-07-07T00:10:03,2026-07-06,0,0,0,SEC_MOZ_SRE,MOZ,SRE,59.0,52.0,100.0,88.66,-11.16,-6.75,MEDIUM,CLEAR,10.0,0,,0,0.0,0.0,53.56,65.0,47.65,-4.35,-15.51,SYNTHETIC_DATASET
JRN_20260706_14041,14041,EXPRESS,2026-07-07T01:00:42,2026-07-06,1,0,0,SEC_SRE_RK,SRE,RK,34.0,32.0,100.0,78.86,-15.51,-4.35,HIGH,CLEAR,10.0,0,,1,4.51,0.0,32.96,40.0,39.58,7.58,-7.93,SYNTHETIC_DATASET
JRN_20260706_14041,14041,EXPRESS,2026-07-07T01:43:16,2026-07-06,1,0,0,SEC_RK_HW,RK,HW,42.0,45.0,80.0,63.08,-7.93,7.58,HIGH,CLEAR,10.0,0,,0,0.0,0.0,46.35,56.25,54.15,9.15,1.22,SYNTHETIC_DATASET
JRN_20260706_14041,14041,EXPRESS,2026-07-07T02:40:25,2026-07-06,2,0,0,SEC_HW_DDN,HW,DDN,51.0,68.0,60.0,49.76,1.22,9.15,MEDIUM,CLEAR,10.0,0,,0,0.0,0.0,70.04,85.0,69.24,1.24,2.46,SYNTHETIC_DATASET
JRN_20260706_14309,14309,PASSENGER,2026-07-06T11:15:00,2026-07-06,11,0,0,SEC_NDLS_GZB,NDLS,GZB,25.0,28.0,110.0,81.86,3.5,0.0,LOW,RAIN,4.35,0,,0,0.0,0.0,28.84,35.0,23.8,-4.2,-0.7,SYNTHETIC_DATASET
JRN_20260706_14309,14309,PASSENGER,2026-07-06T11:41:48,2026-07-06,11,0,0,SEC_GZB_MTC,GZB,MTC,47.0,40.0,120.0,89.77,-0.7,-4.2,LOW,RAIN,3.44,0,,0,0.0,0.0,41.2,50.0,34.0,-6.0,-6.7,SYNTHETIC_DATASET
JRN_20260706_14309,14309,PASSENGER,2026-07-06T12:18:48,2026-07-06,12,0,0,SEC_MTC_MOZ,MTC,MOZ,56.0,45.0,110.0,37.98,-6.7,-6.0,MEDIUM,CLEAR,10.0,1,45.0,0,0.0,0.0,46.35,56.25,101.11,56.11,49.41,SYNTHETIC_DATASET
JRN_20260706_14309,14309,PASSENGER,2026-07-06T14:02:54,2026-07-06,14,0,0,SEC_MOZ_SRE,MOZ,SRE,59.0,52.0,100.0,83.32,49.41,56.11,LOW,CLEAR,10.0,0,,0,0.0,9.16,53.56,65.0,44.199999999999996,-7.8,41.61,SYNTHETIC_DATASET
JRN_20260706_14309,14309,PASSENGER,2026-07-06T14:50:06,2026-07-06,14,0,0,SEC_SRE_RK,SRE,RK,34.0,32.0,100.0,88.18,41.61,-7.8,MEDIUM,CLEAR,10.0,0,,0,0.0,0.0,32.96,40.0,28.03,-3.97,37.64,SYNTHETIC_DATASET
JRN_20260706_14309,14309,PASSENGER,2026-07-06T15:21:08,2026-07-06,15,0,0,SEC_RK_HW,RK,HW,42.0,45.0,80.0,65.51,37.64,-3.97,LOW,CLEAR,10.0,0,,0,0.0,7.35,46.35,56.25,38.25,-6.75,30.89,SYNTHETIC_DATASET
JRN_20260706_14309,14309,PASSENGER,2026-07-06T16:02:23,2026-07-06,16,0,0,SEC_HW_DDN,HW,DDN,51.0,68.0,60.0,49.74,30.89,-6.75,LOW,CLEAR,10.0,0,,0,0.0,8.84,70.04,85.0,57.8,-10.2,20.69,SYNTHETIC_DATASET
JRN_20260707_12017,12017,SHATABDI,2026-07-07T06:45:00,2026-07-07,6,1,0,SEC_NDLS_GZB,NDLS,GZB,25.0,28.0,110.0,85.04,0.45,0.0,LOW,CLEAR,10.0,0,,0,0.0,0.0,28.84,35.0,23.8,-4.2,-3.75,SYNTHETIC_DATASET
JRN_20260707_12017,12017,SHATABDI,2026-07-07T07:11:48,2026-07-07,7,1,0,SEC_GZB_MTC,GZB,MTC,47.0,40.0,120.0,98.65,-3.75,-4.2,LOW,CLEAR,10.0,0,,0,0.0,0.0,41.2,50.0,34.0,-6.0,-9.75,SYNTHETIC_DATASET
JRN_20260707_12017,12017,SHATABDI,2026-07-07T07:48:48,2026-07-07,7,1,0,SEC_MTC_MOZ,MTC,MOZ,56.0,45.0,110.0,82.52,-9.75,-6.0,LOW,RAIN,2.86,0,,0,0.0,0.0,46.35,56.25,38.25,-6.75,-16.5,SYNTHETIC_DATASET
JRN_20260707_12017,12017,SHATABDI,2026-07-07T08:30:03,2026-07-07,8,1,0,SEC_MOZ_SRE,MOZ,SRE,59.0,52.0,100.0,80.26,-16.5,-6.75,LOW,CLEAR,10.0,0,,0,0.0,0.0,53.56,65.0,44.199999999999996,-7.8,-24.3,SYNTHETIC_DATASET
JRN_20260707_12017,12017,SHATABDI,2026-07-07T09:17:15,2026-07-07,9,1,0,SEC_SRE_RK,SRE,RK,34.0,32.0,100.0,84.89,-24.3,-7.8,MEDIUM,CLEAR,10.0,0,,0,0.0,0.0,32.96,40.0,27.36,-4.64,-28.94,SYNTHETIC_DATASET
JRN_20260707_12017,12017,SHATABDI,2026-07-07T09:47:36,2026-07-07,9,1,0,SEC_RK_HW,RK,HW,42.0,45.0,80.0,69.43,-28.94,-4.64,LOW,CLEAR,10.0,0,,1,4.73,0.0,46.35,56.25,39.16,-5.84,-34.78,SYNTHETIC_DATASET
JRN_20260707_12017,12017,SHATABDI,2026-07-07T10:29:46,2026-07-07,10,1,0,SEC_HW_DDN,HW,DDN,51.0,68.0,60.0,51.22,-34.78,-5.84,LOW,CLEAR,10.0,0,,0,0.0,0.0,70.04,85.0,57.8,-10.2,-44.98,SYNTHETIC_DATASET
JRN_20260707_12055,12055,SUPERFAST,2026-07-07T15:20:00,2026-07-07,15,1,0,SEC_NDLS_GZB,NDLS,GZB,25.0,28.0,110.0,88.78,-1.72,0.0,LOW,CLEAR,10.0,0,,0,0.0,0.0,28.84,35.0,23.8,-4.2,-5.92,SYNTHETIC_DATASET
JRN_20260707_12055,12055,SUPERFAST,2026-07-07T15:46:48,2026-07-07,15,1,0,SEC_GZB_MTC,GZB,MTC,47.0,40.0,120.0,94.32,-5.92,-4.2,LOW,CLEAR,10.0,0,,0,0.0,0.0,41.2,50.0,34.0,-6.0,-11.92,SYNTHETIC_DATASET
JRN_20260707_12055,12055,SUPERFAST,2026-07-07T16:23:48,2026-07-07,16,1,0,SEC_MTC_MOZ,MTC,MOZ,56.0,45.0,110.0,90.3,-11.92,-6.0,MEDIUM,CLEAR,10.0,0,,0,0.0,0.0,46.35,56.25,41.25,-3.75,-15.67,SYNTHETIC_DATASET
JRN_20260707_12055,12055,SUPERFAST,2026-07-07T17:08:03,2026-07-07,17,1,0,SEC_MOZ_SRE,MOZ,SRE,59.0,52.0,100.0,84.51,-15.67,-3.75,MEDIUM,CLEAR,10.0,0,,1,8.78,0.0,53.56,65.0,56.34,4.34,-11.33,SYNTHETIC_DATASET
JRN_20260707_12055,12055,SUPERFAST,2026-07-07T18:07:23,2026-07-07,18,1,0,SEC_SRE_RK,SRE,RK,34.0,32.0,100.0,23.81,-11.33,4.34,MEDIUM,CLEAR,10.0,1,30.0,0,0.0,0.0,32.96,40.0,92.11,60.11,48.78,SYNTHETIC_DATASET
JRN_20260707_12055,12055,SUPERFAST,2026-07-07T19:42:30,2026-07-07,19,1,0,SEC_RK_HW,RK,HW,42.0,45.0,80.0,63.1,48.78,60.11,HIGH,CLEAR,10.0,0,,1,9.47,0.0,46.35,56.25,63.15,18.15,66.93,SYNTHETIC_DATASET
JRN_20260707_12055,12055,SUPERFAST,2026-07-07T20:48:39,2026-07-07,20,1,0,SEC_HW_DDN,HW,DDN,51.0,68.0,60.0,46.24,66.93,18.15,MEDIUM,CLEAR,10.0,0,,1,10.62,0.0,70.04,85.0,80.29,12.29,79.22,SYNTHETIC_DATASET
JRN_20260707_14041,14041,EXPRESS,2026-07-07T22:25:00,2026-07-07,22,1,0,SEC_NDLS_GZB,NDLS,GZB,25.0,28.0,110.0,90.35,12.7,0.0,LOW,CLEAR,10.0,0,,0,0.0,5.08,28.84,35.0,23.8,-4.2,8.5,SYNTHETIC_DATASET
JRN_20260707_14041,14041,EXPRESS,2026-07-07T22:51:48,2026-07-07,22,1,0,SEC_GZB_MTC,GZB,MTC,47.0,40.0,120.0,106.7,8.5,-4.2,LOW,CLEAR,10.0,0,,0,0.0,3.4,41.2,50.0,34.0,-6.0,2.5,SYNTHETIC_DATASET
JRN_20260707_14041,14041,EXPRESS,2026-07-07T23:28:48,2026-07-07,23,1,0,SEC_MTC_MOZ,MTC,MOZ,56.0,45.0,110.0,91.93,2.5,-6.0,MEDIUM,CLEAR,10.0,0,,0,0.0,0.0,46.35,56.25,41.06,-3.94,-1.44,SYNTHETIC_DATASET
JRN_20260707_14041,14041,EXPRESS,2026-07-08T00:12:51,2026-07-07,0,1,0,SEC_MOZ_SRE,MOZ,SRE,59.0,52.0,100.0,78.04,-1.44,-3.94,LOW,CLEAR,10.0,0,,0,0.0,0.0,53.56,65.0,44.199999999999996,-7.8,-9.24,SYNTHETIC_DATASET
JRN_20260707_14041,14041,EXPRESS,2026-07-08T01:00:03,2026-07-07,1,1,0,SEC_SRE_RK,SRE,RK,34.0,32.0,100.0,87.56,-9.24,-7.8,LOW,CLEAR,10.0,0,,0,0.0,0.0,32.96,40.0,27.2,-4.8,-14.04,SYNTHETIC_DATASET
JRN_20260707_14041,14041,EXPRESS,2026-07-08T01:30:15,2026-07-07,1,1,0,SEC_RK_HW,RK,HW,42.0,45.0,80.0,68.28,-14.04,-4.8,MEDIUM,CLEAR,10.0,0,,0,0.0,0.0,46.35,56.25,42.36,-2.64,-16.68,SYNTHETIC_DATASET
JRN_20260707_14041,14041,EXPRESS,2026-07-08T02:15:37,2026-07-07,2,1,0,SEC_HW_DDN,HW,DDN,51.0,68.0,60.0,52.06,-16.68,-2.64,MEDIUM,CLEAR,10.0,0,,0,0.0,0.0,70.04,85.0,68.06,0.06,-16.62,SYNTHETIC_DATASET
JRN_20260707_14309,14309,PASSENGER,2026-07-07T11:15:00,2026-07-07,11,1,0,SEC_NDLS_GZB,NDLS,GZB,25.0,28.0,110.0,85.16,-0.09,0.0,LOW,CLEAR,10.0,0,,0,0.0,0.0,28.84,35.0,23.8,-4.2,-4.29,SYNTHETIC_DATASET
JRN_20260707_14309,14309,PASSENGER,2026-07-07T11:41:48,2026-07-07,11,1,0,SEC_GZB_MTC,GZB,MTC,47.0,40.0,120.0,96.83,-4.29,-4.2,MEDIUM,CLEAR,10.0,0,,1,7.07,0.0,41.2,50.0,38.76,-1.24,-5.53,SYNTHETIC_DATASET
JRN_20260707_14309,14309,PASSENGER,2026-07-07T12:23:33,2026-07-07,12,1,0,SEC_MTC_MOZ,MTC,MOZ,56.0,45.0,110.0,82.51,-5.53,-1.24,LOW,RAIN,4.59,0,,0,0.0,0.0,46.35,56.25,38.25,-6.75,-12.28,SYNTHETIC_DATASET
JRN_20260707_14309,14309,PASSENGER,2026-07-07T13:04:48,2026-07-07,13,1,0,SEC_MOZ_SRE,MOZ,SRE,59.0,52.0,100.0,82.57,-12.28,-6.75,LOW,CLEAR,10.0,0,,0,0.0,0.0,53.56,65.0,44.199999999999996,-7.8,-20.08,SYNTHETIC_DATASET
JRN_20260707_14309,14309,PASSENGER,2026-07-07T13:52:00,2026-07-07,13,1,0,SEC_SRE_RK,SRE,RK,34.0,32.0,100.0,77.9,-20.08,-7.8,LOW,CLEAR,10.0,0,,0,0.0,0.0,32.96,40.0,27.2,-4.8,-24.88,SYNTHETIC_DATASET
JRN_20260707_14309,14309,PASSENGER,2026-07-07T14:22:12,2026-07-07,14,1,0,SEC_RK_HW,RK,HW,42.0,45.0,80.0,63.06,-24.88,-4.8,LOW,CLEAR,10.0,0,,0,0.0,0.0,46.35,56.25,38.25,-6.75,-31.63,SYNTHETIC_DATASET
JRN_20260707_14309,14309,PASSENGER,2026-07-07T15:03:27,2026-07-07,15,1,0,SEC_HW_DDN,HW,DDN,51.0,68.0,60.0,48.19,-31.63,-6.75,LOW,CLEAR,10.0,0,,0,0.0,0.0,70.04,85.0,57.8,-10.2,-41.83,SYNTHETIC_DATASET
JRN_20260708_12017,12017,SHATABDI,2026-07-08T06:45:00,2026-07-08,6,2,0,SEC_NDLS_GZB,NDLS,GZB,25.0,28.0,110.0,85.55,-0.98,0.0,LOW,CLEAR,10.0,0,,0,0.0,0.0,28.84,35.0,23.8,-4.2,-5.18,SYNTHETIC_DATASET
JRN_20260708_12017,12017,SHATABDI,2026-07-08T07:11:48,2026-07-08,7,2,0,SEC_GZB_MTC,GZB,MTC,47.0,40.0,120.0,97.2,-5.18,-4.2,LOW,CLEAR,10.0,0,,0,0.0,0.0,41.2,50.0,34.0,-6.0,-11.18,SYNTHETIC_DATASET
JRN_20260708_12017,12017,SHATABDI,2026-07-08T07:48:48,2026-07-08,7,2,0,SEC_MTC_MOZ,MTC,MOZ,56.0,45.0,110.0,94.52,-11.18,-6.0,LOW,CLEAR,10.0,0,,0,0.0,0.0,46.35,56.25,38.25,-6.75,-17.93,SYNTHETIC_DATASET
JRN_20260708_12017,12017,SHATABDI,2026-07-08T08:30:03,2026-07-08,8,2,0,SEC_MOZ_SRE,MOZ,SRE,59.0,52.0,100.0,87.48,-17.93,-6.75,LOW,CLEAR,10.0,0,,0,0.0,0.0,53.56,65.0,44.199999999999996,-7.8,-25.73,SYNTHETIC_DATASET
JRN_20260708_12017,12017,SHATABDI,2026-07-08T09:17:15,2026-07-08,9,2,0,SEC_SRE_RK,SRE,RK,34.0,32.0,100.0,83.61,-25.73,-7.8,LOW,CLEAR,10.0,0,,0,0.0,0.0,32.96,40.0,27.2,-4.8,-30.53,SYNTHETIC_DATASET
JRN_20260708_12017,12017,SHATABDI,2026-07-08T09:47:27,2026-07-08,9,2,0,SEC_RK_HW,RK,HW,42.0,45.0,80.0,71.43,-30.53,-4.8,MEDIUM,CLEAR,10.0,0,,0,0.0,0.0,46.35,56.25,42.28,-2.72,-33.25,SYNTHETIC_DATASET
JRN_20260708_12017,12017,SHATABDI,2026-07-08T10:32:43,2026-07-08,10,2,0,SEC_HW_DDN,HW,DDN,51.0,68.0,60.0,46.72,-33.25,-2.72,MEDIUM,CLEAR,10.0,0,,1,10.44,0.0,70.04,85.0,79.7,11.7,-21.55,SYNTHETIC_DATASET
JRN_20260708_12055,12055,SUPERFAST,2026-07-08T15:20:00,2026-07-08,15,2,0,SEC_NDLS_GZB,NDLS,GZB,25.0,28.0,110.0,86.56,-1.89,0.0,LOW,CLEAR,10.0,0,,0,0.0,0.0,28.84,35.0,23.8,-4.2,-6.09,SYNTHETIC_DATASET
JRN_20260708_12055,12055,SUPERFAST,2026-07-08T15:46:48,2026-07-08,15,2,0,SEC_GZB_MTC,GZB,MTC,47.0,40.0,120.0,98.89,-6.09,-4.2,LOW,CLEAR,10.0,0,,0,0.0,0.0,41.2,50.0,34.0,-6.0,-12.09,SYNTHETIC_DATASET
JRN_20260708_12055,12055,SUPERFAST,2026-07-08T16:23:48,2026-07-08,16,2,0,SEC_MTC_MOZ,MTC,MOZ,56.0,45.0,110.0,90.82,-12.09,-6.0,MEDIUM,CLEAR,10.0,0,,0,0.0,0.0,46.35,56.25,41.81,-3.19,-15.28,SYNTHETIC_DATASET
JRN_20260708_12055,12055,SUPERFAST,2026-07-08T17:08:36,2026-07-08,17,2,0,SEC_MOZ_SRE,MOZ,SRE,59.0,52.0,100.0,87.77,-15.28,-3.19,MEDIUM,CLEAR,10.0,0,,0,0.0,0.0,53.56,65.0,47.17,-4.83,-20.11,SYNTHETIC_DATASET
JRN_20260708_12055,12055,SUPERFAST,2026-07-08T17:58:46,2026-07-08,17,2,0,SEC_SRE_RK,SRE,RK,34.0,32.0,100.0,83.62,-20.11,-4.83,LOW,CLEAR,10.0,0,,0,0.0,0.0,32.96,40.0,27.2,-4.8,-24.91,SYNTHETIC_DATASET
JRN_20260708_12055,12055,SUPERFAST,2026-07-08T18:28:58,2026-07-08,18,2,0,SEC_RK_HW,RK,HW,42.0,45.0,80.0,63.9,-24.91,-4.8,LOW,CLEAR,10.0,0,,0,0.0,0.0,46.35,56.25,38.25,-6.75,-31.66,SYNTHETIC_DATASET
JRN_20260708_12055,12055,SUPERFAST,2026-07-08T19:10:13,2026-07-08,19,2,0,SEC_HW_DDN,HW,DDN,51.0,68.0,60.0,48.21,-31.66,-6.75,MEDIUM,CLEAR,10.0,0,,0,0.0,0.0,70.04,85.0,68.34,0.34,-31.32,SYNTHETIC_DATASET
JRN_20260708_14041,14041,EXPRESS,2026-07-08T22:25:00,2026-07-08,22,2,0,SEC_NDLS_GZB,NDLS,GZB,25.0,28.0,110.0,87.45,-1.18,0.0,LOW,CLEAR,10.0,0,,0,0.0,0.0,28.84,35.0,23.8,-4.2,-5.38,SYNTHETIC_DATASET
JRN_20260708_14041,14041,EXPRESS,2026-07-08T22:51:48,2026-07-08,22,2,0,SEC_GZB_MTC,GZB,MTC,47.0,40.0,120.0,88.09,-5.38,-4.2,HIGH,RAIN,3.51,0,,0,0.0,0.0,41.2,50.0,45.11,5.11,-0.27,SYNTHETIC_DATASET
JRN_20260708_14041,14041,EXPRESS,2026-07-08T23:39:54,2026-07-08,23,2,0,SEC_MTC_MOZ,MTC,MOZ,56.0,45.0,110.0,95.9,-0.27,5.11,HIGH,CLEAR,10.0,0,,0,0.0,0.0,46.35,56.25,52.87,7.87,7.6,SYNTHETIC_DATASET
JRN_20260708_14041,14041,EXPRESS,2026-07-09T00:35:46,2026-07-08,0,2,0,SEC_MOZ_SRE,MOZ,SRE,59.0,52.0,100.0,82.56,7.6,7.87,LOW,CLEAR,10.0,0,,0,0.0,3.04,53.56,65.0,44.199999999999996,-7.8,-0.2,SYNTHETIC_DATASET
JRN_20260708_14041,14041,EXPRESS,2026-07-09T01:22:58,2026-07-08,1,2,0,SEC_SRE_RK,SRE,RK,34.0,32.0,100.0,77.69,-0.2,-7.8,HIGH,RAIN,2.77,0,,0,0.0,0.0,32.96,40.0,38.8,6.8,6.6,SYNTHETIC_DATASET
JRN_20260708_14041,14041,EXPRESS,2026-07-09T02:04:46,2026-07-08,2,2,0,SEC_RK_HW,RK,HW,42.0,45.0,80.0,38.21,6.6,6.8,LOW,CLEAR,10.0,1,45.0,0,0.0,0.0,46.35,56.25,62.18,17.18,23.78,SYNTHETIC_DATASET
JRN_20260708_14041,14041,EXPRESS,2026-07-09T03:09:57,2026-07-08,3,2,0,SEC_HW_DDN,HW,DDN,51.0,68.0,60.0,51.02,23.78,17.18,MEDIUM,CLEAR,10.0,0,,0,0.0,0.0,70.04,85.0,68.42,0.42,24.2,SYNTHETIC_DATASET
JRN_20260708_14309,14309,PASSENGER,2026-07-08T11:15:00,2026-07-08,11,2,0,SEC_NDLS_GZB,NDLS,GZB,25.0,28.0,110.0,91.92,-2.0,0.0,MEDIUM,CLEAR,10.0,0,,0,0.0,0.0,28.84,35.0,23.8,-4.2,-6.2,SYNTHETIC_DATASET
JRN_20260708_14309,14309,PASSENGER,2026-07-08T11:41:48,2026-07-08,11,2,0,SEC_GZB_MTC,GZB,MTC,47.0,40.0,120.0,100.02,-6.2,-4.2,MEDIUM,CLEAR,10.0,0,,0,0.0,0.0,41.2,50.0,34.0,-6.0,-12.2,SYNTHETIC_DATASET
JRN_20260708_14309,14309,PASSENGER,2026-07-08T12:18:48,2026-07-08,12,2,0,SEC_MTC_MOZ,MTC,MOZ,56.0,45.0,110.0,89.45,-12.2,-6.0,HIGH,CLEAR,10.0,0,,0,0.0,0.0,46.35,56.25,52.74,7.74,-4.46,SYNTHETIC_DATASET
JRN_20260708_14309,14309,PASSENGER,2026-07-08T13:14:32,2026-07-08,13,2,0,SEC_MOZ_SRE,MOZ,SRE,59.0,52.0,100.0,86.72,-4.46,7.74,MEDIUM,CLEAR,10.0,0,,1,7.82,0.0,53.56,65.0,56.12,4.12,-0.34,SYNTHETIC_DATASET
JRN_20260708_14309,14309,PASSENGER,2026-07-08T14:13:39,2026-07-08,14,2,0,SEC_SRE_RK,SRE,RK,34.0,32.0,100.0,89.74,-0.34,4.12,LOW,CLEAR,10.0,0,,0,0.0,0.0,32.96,40.0,27.2,-4.8,-5.14,SYNTHETIC_DATASET
JRN_20260708_14309,14309,PASSENGER,2026-07-08T14:43:51,2026-07-08,14,2,0,SEC_RK_HW,RK,HW,42.0,45.0,80.0,71.39,-5.14,-4.8,LOW,CLEAR,10.0,0,,0,0.0,0.0,46.35,56.25,38.25,-6.75,-11.89,SYNTHETIC_DATASET
JRN_20260708_14309,14309,PASSENGER,2026-07-08T15:25:06,2026-07-08,15,2,0,SEC_HW_DDN,HW,DDN,51.0,68.0,60.0,49.13,-11.89,-6.75,LOW,CLEAR,10.0,0,,0,0.0,0.0,70.04,85.0,57.8,-10.2,-22.09,SYNTHETIC_DATASET
JRN_20260709_12017,12017,SHATABDI,2026-07-09T06:45:00,2026-07-09,6,3,0,SEC_NDLS_GZB,NDLS,GZB,25.0,28.0,110.0,84.86,-0.58,0.0,HIGH,CLEAR,10.0,0,,0,0.0,0.0,28.84,35.0,23.8,-4.2,-4.78,SYNTHETIC_DATASET
JRN_20260709_12017,12017,SHATABDI,2026-07-09T07:11:48,2026-07-09,7,3,0,SEC_GZB_MTC,GZB,MTC,47.0,40.0,120.0,107.29,-4.78,-4.2,LOW,CLEAR,10.0,0,,0,0.0,0.0,41.2,50.0,34.0,-6.0,-10.78,SYNTHETIC_DATASET
JRN_20260709_12017,12017,SHATABDI,2026-07-09T07:48:48,2026-07-09,7,3,0,SEC_MTC_MOZ,MTC,MOZ,56.0,45.0,110.0,95.99,-10.78,-6.0,LOW,CLEAR,10.0,0,,0,0.0,0.0,46.35,56.25,38.25,-6.75,-17.53,SYNTHETIC_DATASET
JRN_20260709_12017,12017,SHATABDI,2026-07-09T08:30:03,2026-07-09,8,3,0,SEC_MOZ_SRE,MOZ,SRE,59.0,52.0,100.0,80.47,-17.53,-6.75,MEDIUM,CLEAR,10.0,0,,0,0.0,0.0,53.56,65.0,48.19,-3.81,-21.34,SYNTHETIC_DATASET
JRN_20260709_12017,12017,SHATABDI,2026-07-09T09:21:14,2026-07-09,9,3,0,SEC_SRE_RK,SRE,RK,34.0,32.0,100.0,86.19,-21.34,-3.81,HIGH,CLEAR,10.0,0,,0,0.0,0.0,32.96,40.0,35.4,3.4,-17.94,SYNTHETIC_DATASET
JRN_20260709_12017,12017,SHATABDI,2026-07-09T09:59:38,2026-07-09,9,3,0,SEC_RK_HW,RK,HW,42.0,45.0,80.0,65.9,-17.94,3.4,MEDIUM,CLEAR,10.0,0,,0,0.0,0.0,46.35,56.25,43.17,-1.83,-19.77,SYNTHETIC_DATASET
JRN_20260709_12017,12017,SHATABDI,2026-07-09T10:45:48,2026-07-09,10,3,0,SEC_HW_DDN,HW,DDN,51.0,68.0,60.0,40.7,-19.77,-1.83,LOW,CLEAR,10.0,1,50.0,0,0.0,0.0,70.04,85.0,68.24,0.24,-19.53,SYNTHETIC_DATASET
JRN_20260709_12055,12055,SUPERFAST,2026-07-09T15:20:00,2026-07-09,15,3,0,SEC_NDLS_GZB,NDLS,GZB,25.0,28.0,110.0,25.56,-1.57,0.0,LOW,CLEAR,10.0,1,30.0,0,0.0,0.0,28.84,35.0,54.84,26.84,25.27,SYNTHETIC_DATASET
JRN_20260709_12055,12055,SUPERFAST,2026-07-09T16:17:50,2026-07-09,16,3,0,SEC_GZB_MTC,GZB,MTC,47.0,40.0,120.0,26.79,25.27,26.84,LOW,CLEAR,10.0,1,30.0,0,0.0,0.0,41.2,50.0,103.86,63.86,89.13,SYNTHETIC_DATASET
JRN_20260709_12055,12055,SUPERFAST,2026-07-09T18:04:42,2026-07-09,18,3,0,SEC_MTC_MOZ,MTC,MOZ,56.0,45.0,110.0,87.86,89.13,63.86,MEDIUM,CLEAR,10.0,0,,0,0.0,0.0,46.35,56.25,42.02,-2.98,86.15,SYNTHETIC_DATASET
JRN_20260709_12055,12055,SUPERFAST,2026-07-09T18:49:43,2026-07-09,18,3,0,SEC_MOZ_SRE,MOZ,SRE,59.0,52.0,100.0,84.08,86.15,-2.98,HIGH,CLEAR,10.0,0,,0,0.0,0.0,53.56,65.0,60.94,8.94,95.09,SYNTHETIC_DATASET
JRN_20260709_12055,12055,SUPERFAST,2026-07-09T19:53:39,2026-07-09,19,3,0,SEC_SRE_RK,SRE,RK,34.0,32.0,100.0,83.13,95.09,8.94,MEDIUM,CLEAR,10.0,0,,0,0.0,0.0,32.96,40.0,28.04,-3.96,91.13,SYNTHETIC_DATASET
JRN_20260709_12055,12055,SUPERFAST,2026-07-09T20:24:42,2026-07-09,20,3,0,SEC_RK_HW,RK,HW,42.0,45.0,80.0,66.01,91.13,-3.96,HIGH,CLEAR,10.0,0,,0,0.0,0.0,46.35,56.25,54.89,9.89,101.02,SYNTHETIC_DATASET
JRN_20260709_12055,12055,SUPERFAST,2026-07-09T21:22:35,2026-07-09,21,3,0,SEC_HW_DDN,HW,DDN,51.0,68.0,60.0,50.29,101.02,9.89,LOW,CLEAR,10.0,0,,0,0.0,13.26,70.04,85.0,57.8,-10.2,90.82,SYNTHETIC_DATASET
JRN_20260709_14041,14041,EXPRESS,2026-07-09T22:25:00,2026-07-09,22,3,0,SEC_NDLS_GZB,NDLS,GZB,25.0,28.0,110.0,91.71,0.55,0.0,LOW,CLEAR,10.0,0,,0,0.0,0.0,28.84,35.0,23.8,-4.2,-3.65,SYNTHETIC_DATASET
JRN_20260709_14041,14041,EXPRESS,2026-07-09T22:51:48,2026-07-09,22,3,0,SEC_GZB_MTC,GZB,MTC,47.0,40.0,120.0,41.4,-3.65,-4.2,MEDIUM,CLEAR,10.0,1,50.0,0,0.0,0.0,41.2,50.0,76.68,36.68,33.03,SYNTHETIC_DATASET
JRN_20260709_14041,14041,EXPRESS,2026-07-10T00:11:28,2026-07-09,0,3,0,SEC_MTC_MOZ,MTC,MOZ,56.0,45.0,110.0,90.06,33.03,36.68,LOW,CLEAR,10.0,0,,0,0.0,9.98,46.35,56.25,38.25,-6.75,26.28,SYNTHETIC_DATASET
JRN_20260709_14041,14041,EXPRESS,2026-07-10T00:52:43,2026-07-09,0,3,0,SEC_MOZ_SRE,MOZ,SRE,59.0,52.0,100.0,80.78,26.28,-6.75,LOW,CLEAR,10.0,0,,0,0.0,10.51,53.56,65.0,44.199999999999996,-7.8,18.48,SYNTHETIC_DATASET
JRN_20260709_14041,14041,EXPRESS,2026-07-10T01:39:55,2026-07-09,1,3,0,SEC_SRE_RK,SRE,RK,34.0,32.0,100.0,87.69,18.48,-7.8,MEDIUM,CLEAR,10.0,0,,0,0.0,0.0,32.96,40.0,27.2,-4.8,13.68,SYNTHETIC_DATASET
JRN_20260709_14041,14041,EXPRESS,2026-07-10T02:10:07,2026-07-09,2,3,0,SEC_RK_HW,RK,HW,42.0,45.0,80.0,70.18,13.68,-4.8,LOW,CLEAR,10.0,0,,0,0.0,5.47,46.35,56.25,38.25,-6.75,6.93,SYNTHETIC_DATASET
JRN_20260709_14041,14041,EXPRESS,2026-07-10T02:51:22,2026-07-09,2,3,0,SEC_HW_DDN,HW,DDN,51.0,68.0,60.0,47.73,6.93,-6.75,LOW,CLEAR,10.0,0,,0,0.0,2.77,70.04,85.0,57.8,-10.2,-3.27,SYNTHETIC_DATASET
JRN_20260709_14309,14309,PASSENGER,2026-07-09T11:15:00,2026-07-09,11,3,0,SEC_NDLS_GZB,NDLS,GZB,25.0,28.0,110.0,93.27,-1.76,0.0,HIGH,CLEAR,10.0,0,,0,0.0,0.0,28.84,35.0,23.8,-4.2,-5.96,SYNTHETIC_DATASET
JRN_20260709_14309,14309,PASSENGER,2026-07-09T11:41:48,2026-07-09,11,3,0,SEC_GZB_MTC,GZB,MTC,47.0,40.0,120.0,94.57,-5.96,-4.2,HIGH,CLEAR,10.0,0,,0,0.0,0.0,41.2,50.0,39.71,-0.29,-6.25,SYNTHETIC_DATASET
JRN_20260709_14309,14309,PASSENGER,2026-07-09T12:24:30,2026-07-09,12,3,0,SEC_MTC_MOZ,MTC,MOZ,56.0,45.0,110.0,26.79,-6.25,-0.29,LOW,CLEAR,10.0,1,30.0,0,0.0,0.0,46.35,56.25,123.68,78.68,72.43,SYNTHETIC_DATASET
JRN_20260709_14309,14309,PASSENGER,2026-07-09T14:31:11,2026-07-09,14,3,0,SEC_MOZ_SRE,MOZ,SRE,59.0,52.0,100.0,84.84,72.43,78.68,LOW,CLEAR,10.0,0,,0,0.0,9.16,53.56,65.0,44.199999999999996,-7.8,64.63,SYNTHETIC_DATASET
JRN_20260709_14309,14309,PASSENGER,2026-07-09T15:18:23,2026-07-09,15,3,0,SEC_SRE_RK,SRE,RK,34.0,32.0,100.0,87.4,64.63,-7.8,LOW,CLEAR,10.0,0,,0,0.0,6.56,32.96,40.0,27.2,-4.8,59.83,SYNTHETIC_DATASET
JRN_20260709_14309,14309,PASSENGER,2026-07-09T15:48:35,2026-07-09,15,3,0,SEC_RK_HW,RK,HW,42.0,45.0,80.0,65.69,59.83,-4.8,LOW,CLEAR,10.0,0,,0,0.0,7.35,46.35,56.25,38.25,-6.75,53.08,SYNTHETIC_DATASET
JRN_20260709_14309,14309,PASSENGER,2026-07-09T16:29:50,2026-07-09,16,3,0,SEC_HW_DDN,HW,DDN,51.0,68.0,60.0,48.7,53.08,-6.75,MEDIUM,CLEAR,10.0,0,,0,0.0,0.0,70.04,85.0,69.23,1.23,54.31,SYNTHETIC_DATASET
JRN_20260710_12017,12017,SHATABDI,2026-07-10T06:45:00,2026-07-10,6,4,0,SEC_NDLS_GZB,NDLS,GZB,25.0,28.0,110.0,90.83,0.28,0.0,LOW,CLEAR,10.0,0,,0,0.0,0.0,28.84,35.0,23.8,-4.2,-3.92,SYNTHETIC_DATASET
JRN_20260710_12017,12017,SHATABDI,2026-07-10T07:11:48,2026-07-10,7,4,0,SEC_GZB_MTC,GZB,MTC,47.0,40.0,120.0,106.42,-3.92,-4.2,LOW,CLEAR,10.0,0,,0,0.0,0.0,41.2,50.0,34.0,-6.0,-9.92,SYNTHETIC_DATASET
JRN_20260710_12017,12017,SHATABDI,2026-07-10T07:48:48,2026-07-10,7,4,0,SEC_MTC_MOZ,MTC,MOZ,56.0,45.0,110.0,86.52,-9.92,-6.0,LOW,CLEAR,10.0,0,,0,0.0,0.0,46.35,56.25,38.25,-6.75,-16.67,SYNTHETIC_DATASET
JRN_20260710_12017,12017,SHATABDI,2026-07-10T08:30:03,2026-07-10,8,4,0,SEC_MOZ_SRE,MOZ,SRE,59.0,52.0,100.0,40.3,-16.67,-6.75,LOW,CLEAR,10.0,1,45.0,0,0.0,0.0,53.56,65.0,87.39,35.39,18.72,SYNTHETIC_DATASET
JRN_20260710_12017,12017,SHATABDI,2026-07-10T10:00:26,2026-07-10,10,4,0,SEC_SRE_RK,SRE,RK,34.0,32.0,100.0,39.55,18.72,35.39,MEDIUM,CLEAR,10.0,1,45.0,0,0.0,0.0,32.96,40.0,61.26,29.26,47.98,SYNTHETIC_DATASET
JRN_20260710_12017,12017,SHATABDI,2026-07-10T11:04:42,2026-07-10,11,4,0,SEC_RK_HW,RK,HW,42.0,45.0,80.0,65.15,47.98,29.26,HIGH,CLEAR,10.0,0,,0,0.0,0.0,46.35,56.25,53.89,8.89,56.87,SYNTHETIC_DATASET
JRN_20260710_12017,12017,SHATABDI,2026-07-10T12:01:35,2026-07-10,12,4,0,SEC_HW_DDN,HW,DDN,51.0,68.0,60.0,43.41,56.87,8.89,LOW,RAIN,2.15,0,,0,0.0,0.0,70.04,85.0,62.55,-5.45,51.42,SYNTHETIC_DATASET
JRN_20260710_12055,12055,SUPERFAST,2026-07-10T15:20:00,2026-07-10,15,4,0,SEC_NDLS_GZB,NDLS,GZB,25.0,28.0,110.0,89.69,0.48,0.0,LOW,CLEAR,10.0,0,,0,0.0,0.0,28.84,35.0,23.8,-4.2,-3.72,SYNTHETIC_DATASET
JRN_20260710_12055,12055,SUPERFAST,2026-07-10T15:46:48,2026-07-10,15,4,0,SEC_GZB_MTC,GZB,MTC,47.0,40.0,120.0,101.56,-3.72,-4.2,LOW,CLEAR,10.0,0,,0,0.0,0.0,41.2,50.0,34.0,-6.0,-9.72,SYNTHETIC_DATASET
JRN_20260710_12055,12055,SUPERFAST,2026-07-10T16:23:48,2026-07-10,16,4,0,SEC_MTC_MOZ,MTC,MOZ,56.0,45.0,110.0,86.36,-9.72,-6.0,HIGH,CLEAR,10.0,0,,0,0.0,0.0,46.35,56.25,52.69,7.69,-2.03,SYNTHETIC_DATASET
JRN_20260710_12055,12055,SUPERFAST,2026-07-10T17:19:29,2026-07-10,17,4,0,SEC_MOZ_SRE,MOZ,SRE,59.0,52.0,100.0,81.8,-2.03,7.69,LOW,CLEAR,10.0,0,,0,0.0,0.0,53.56,65.0,44.199999999999996,-7.8,-9.83,SYNTHETIC_DATASET
JRN_20260710_12055,12055,SUPERFAST,2026-07-10T18:06:41,2026-07-10,18,4,0,SEC_SRE_RK,SRE,RK,34.0,32.0,100.0,84.1,-9.83,-7.8,MEDIUM,CLEAR,10.0,0,,0,0.0,0.0,32.96,40.0,27.2,-4.8,-14.63,SYNTHETIC_DATASET
JRN_20260710_12055,12055,SUPERFAST,2026-07-10T18:36:53,2026-07-10,18,4,0,SEC_RK_HW,RK,HW,42.0,45.0,80.0,39.27,-14.63,-4.8,MEDIUM,RAIN,2.99,1,45.0,0,0.0,0.0,46.35,56.25,75.79,30.79,16.16,SYNTHETIC_DATASET
JRN_20260710_12055,12055,SUPERFAST,2026-07-10T19:55:40,2026-07-10,19,4,0,SEC_HW_DDN,HW,DDN,51.0,68.0,60.0,52.19,16.16,30.79,HIGH,CLEAR,10.0,0,,0,0.0,0.0,70.04,85.0,87.08,19.08,35.24,SYNTHETIC_DATASET
JRN_20260710_14041,14041,EXPRESS,2026-07-10T22:25:00,2026-07-10,22,4,0,SEC_NDLS_GZB,NDLS,GZB,25.0,28.0,110.0,96.64,0.16,0.0,LOW,CLEAR,10.0,0,,0,0.0,0.0,28.84,35.0,23.8,-4.2,-4.04,SYNTHETIC_DATASET
JRN_20260710_14041,14041,EXPRESS,2026-07-10T22:51:48,2026-07-10,22,4,0,SEC_GZB_MTC,GZB,MTC,47.0,40.0,120.0,24.65,-4.04,-4.2,HIGH,CLEAR,10.0,1,30.0,0,0.0,0.0,41.2,50.0,162.49,122.49,118.45,SYNTHETIC_DATASET
JRN_20260710_14041,14041,EXPRESS,2026-07-11T01:37:17,2026-07-10,1,4,0,SEC_MTC_MOZ,MTC,MOZ,56.0,45.0,110.0,91.15,118.45,122.49,LOW,CLEAR,10.0,0,,0,0.0,9.98,46.35,56.25,38.25,-6.75,111.7,SYNTHETIC_DATASET
JRN_20260710_14041,14041,EXPRESS,2026-07-11T02:18:32,2026-07-10,2,4,0,SEC_MOZ_SRE,MOZ,SRE,59.0,52.0,100.0,82.96,111.7,-6.75,LOW,CLEAR,10.0,0,,0,0.0,11.45,53.56,65.0,44.199999999999996,-7.8,103.9,SYNTHETIC_DATASET
JRN_20260710_14041,14041,EXPRESS,2026-07-11T03:05:44,2026-07-10,3,4,0,SEC_SRE_RK,SRE,RK,34.0,32.0,100.0,83.87,103.9,-7.8,LOW,CLEAR,10.0,0,,0,0.0,8.2,32.96,40.0,27.2,-4.8,99.1,SYNTHETIC_DATASET
JRN_20260710_14041,14041,EXPRESS,2026-07-11T03:35:56,2026-07-10,3,4,0,SEC_RK_HW,RK,HW,42.0,45.0,80.0,71.54,99.1,-4.8,LOW,CLEAR,10.0,0,,0,0.0,9.19,46.35,56.25,38.25,-6.75,92.35,SYNTHETIC_DATASET
JRN_20260710_14041,14041,EXPRESS,2026-07-11T04:17:11,2026-07-10,4,4,0,SEC_HW_DDN,HW,DDN,51.0,68.0,60.0,52.15,92.35,-6.75,LOW,CLEAR,10.0,0,,0,0.0,11.05,70.04,85.0,57.8,-10.2,82.15,SYNTHETIC_DATASET
JRN_20260710_14309,14309,PASSENGER,2026-07-10T11:15:00,2026-07-10,11,4,0,SEC_NDLS_GZB,NDLS,GZB,25.0,28.0,110.0,92.67,-0.56,0.0,MEDIUM,CLEAR,10.0,0,,0,0.0,0.0,28.84,35.0,23.8,-4.2,-4.76,SYNTHETIC_DATASET
JRN_20260710_14309,14309,PASSENGER,2026-07-10T11:41:48,2026-07-10,11,4,0,SEC_GZB_MTC,GZB,MTC,47.0,40.0,120.0,104.32,-4.76,-4.2,MEDIUM,CLEAR,10.0,0,,0,0.0,0.0,41.2,50.0,34.0,-6.0,-10.76,SYNTHETIC_DATASET
JRN_20260710_14309,14309,PASSENGER,2026-07-10T12:18:48,2026-07-10,12,4,0,SEC_MTC_MOZ,MTC,MOZ,56.0,45.0,110.0,78.59,-10.76,-6.0,LOW,RAIN,4.77,0,,0,0.0,0.0,46.35,56.25,38.25,-6.75,-17.51,SYNTHETIC_DATASET
JRN_20260710_14309,14309,PASSENGER,2026-07-10T13:00:03,2026-07-10,13,4,0,SEC_MOZ_SRE,MOZ,SRE,59.0,52.0,100.0,77.97,-17.51,-6.75,LOW,CLEAR,10.0,0,,0,0.0,0.0,53.56,65.0,44.199999999999996,-7.8,-25.31,SYNTHETIC_DATASET
JRN_20260710_14309,14309,PASSENGER,2026-07-10T13:47:15,2026-07-10,13,4,0,SEC_SRE_RK,SRE,RK,34.0,32.0,100.0,77.85,-25.31,-7.8,MEDIUM,CLEAR,10.0,0,,0,0.0,0.0,32.96,40.0,27.28,-4.72,-30.03,SYNTHETIC_DATASET
JRN_20260710_14309,14309,PASSENGER,2026-07-10T14:17:31,2026-07-10,14,4,0,SEC_RK_HW,RK,HW,42.0,45.0,80.0,71.62,-30.03,-4.72,LOW,CLEAR,10.0,0,,0,0.0,0.0,46.35,56.25,38.25,-6.75,-36.78,SYNTHETIC_DATASET
JRN_20260710_14309,14309,PASSENGER,2026-07-10T14:58:46,2026-07-10,14,4,0,SEC_HW_DDN,HW,DDN,51.0,68.0,60.0,52.02,-36.78,-6.75,LOW,CLEAR,10.0,0,,0,0.0,0.0,70.04,85.0,57.8,-10.2,-46.98,SYNTHETIC_DATASET
JRN_20260711_12017,12017,SHATABDI,2026-07-11T06:45:00,2026-07-11,6,5,1,SEC_NDLS_GZB,NDLS,GZB,25.0,28.0,110.0,95.12,-1.14,0.0,MEDIUM,CLEAR,10.0,0,,0,0.0,0.0,28.84,35.0,23.8,-4.2,-5.34,SYNTHETIC_DATASET
JRN_20260711_12017,12017,SHATABDI,2026-07-11T07:11:48,2026-07-11,7,5,1,SEC_GZB_MTC,GZB,MTC,47.0,40.0,120.0,92.39,-5.34,-4.2,LOW,CLEAR,10.0,0,,0,0.0,0.0,41.2,50.0,34.0,-6.0,-11.34,SYNTHETIC_DATASET
JRN_20260711_12017,12017,SHATABDI,2026-07-11T07:48:48,2026-07-11,7,5,1,SEC_MTC_MOZ,MTC,MOZ,56.0,45.0,110.0,97.1,-11.34,-6.0,LOW,CLEAR,10.0,0,,0,0.0,0.0,46.35,56.25,38.25,-6.75,-18.09,SYNTHETIC_DATASET
JRN_20260711_12017,12017,SHATABDI,2026-07-11T08:30:03,2026-07-11,8,5,1,SEC_MOZ_SRE,MOZ,SRE,59.0,52.0,100.0,82.63,-18.09,-6.75,MEDIUM,CLEAR,10.0,0,,0,0.0,0.0,53.56,65.0,48.12,-3.88,-21.97,SYNTHETIC_DATASET
JRN_20260711_12017,12017,SHATABDI,2026-07-11T09:21:10,2026-07-11,9,5,1,SEC_SRE_RK,SRE,RK,34.0,32.0,100.0,83.31,-21.97,-3.88,LOW,CLEAR,10.0,0,,0,0.0,0.0,32.96,40.0,27.2,-4.8,-26.77,SYNTHETIC_DATASET
JRN_20260711_12017,12017,SHATABDI,2026-07-11T09:51:22,2026-07-11,9,5,1,SEC_RK_HW,RK,HW,42.0,45.0,80.0,61.35,-26.77,-4.8,MEDIUM,CLEAR,10.0,0,,0,0.0,0.0,46.35,56.25,43.6,-1.4,-28.17,SYNTHETIC_DATASET
JRN_20260711_12017,12017,SHATABDI,2026-07-11T10:37:58,2026-07-11,10,5,1,SEC_HW_DDN,HW,DDN,51.0,68.0,60.0,50.85,-28.17,-1.4,MEDIUM,CLEAR,10.0,0,,0,0.0,0.0,70.04,85.0,68.81,0.81,-27.36,SYNTHETIC_DATASET
JRN_20260711_12055,12055,SUPERFAST,2026-07-11T15:20:00,2026-07-11,15,5,1,SEC_NDLS_GZB,NDLS,GZB,25.0,28.0,110.0,98.05,-1.02,0.0,LOW,CLEAR,10.0,0,,0,0.0,0.0,28.84,35.0,23.8,-4.2,-5.22,SYNTHETIC_DATASET
JRN_20260711_12055,12055,SUPERFAST,2026-07-11T15:46:48,2026-07-11,15,5,1,SEC_GZB_MTC,GZB,MTC,47.0,40.0,120.0,97.14,-5.22,-4.2,HIGH,CLEAR,10.0,0,,0,0.0,0.0,41.2,50.0,39.91,-0.09,-5.31,SYNTHETIC_DATASET
JRN_20260711_12055,12055,SUPERFAST,2026-07-11T16:29:42,2026-07-11,16,5,1,SEC_MTC_MOZ,MTC,MOZ,56.0,45.0,110.0,91.06,-5.31,-0.09,HIGH,CLEAR,10.0,0,,0,0.0,0.0,46.35,56.25,52.28,7.28,1.97,SYNTHETIC_DATASET
JRN_20260711_12055,12055,SUPERFAST,2026-07-11T17:24:59,2026-07-11,17,5,1,SEC_MOZ_SRE,MOZ,SRE,59.0,52.0,100.0,86.89,1.97,7.28,HIGH,CLEAR,10.0,0,,0,0.0,0.0,53.56,65.0,60.71,8.71,10.68,SYNTHETIC_DATASET
JRN_20260711_12055,12055,SUPERFAST,2026-07-11T18:28:42,2026-07-11,18,5,1,SEC_SRE_RK,SRE,RK,34.0,32.0,100.0,82.96,10.68,8.71,LOW,CLEAR,10.0,0,,0,0.0,4.27,32.96,40.0,27.2,-4.8,5.88,SYNTHETIC_DATASET
JRN_20260711_12055,12055,SUPERFAST,2026-07-11T18:58:54,2026-07-11,18,5,1,SEC_RK_HW,RK,HW,42.0,45.0,80.0,71.06,5.88,-4.8,MEDIUM,CLEAR,10.0,0,,0,0.0,0.0,46.35,56.25,42.74,-2.26,3.62,SYNTHETIC_DATASET
JRN_20260711_12055,12055,SUPERFAST,2026-07-11T19:44:38,2026-07-11,19,5,1,SEC_HW_DDN,HW,DDN,51.0,68.0,60.0,52.28,3.62,-2.26,LOW,CLEAR,10.0,0,,0,0.0,1.45,70.04,85.0,57.8,-10.2,-6.58,SYNTHETIC_DATASET
JRN_20260711_14041,14041,EXPRESS,2026-07-11T22:25:00,2026-07-11,22,5,1,SEC_NDLS_GZB,NDLS,GZB,25.0,28.0,110.0,39.61,-0.42,0.0,LOW,CLEAR,10.0,1,50.0,0,0.0,0.0,28.84,35.0,33.04,5.04,4.62,SYNTHETIC_DATASET
JRN_20260711_14041,14041,EXPRESS,2026-07-11T23:01:02,2026-07-11,23,5,1,SEC_GZB_MTC,GZB,MTC,47.0,40.0,120.0,99.72,4.62,5.04,LOW,CLEAR,10.0,0,,0,0.0,1.85,41.2,50.0,34.0,-6.0,-1.38,SYNTHETIC_DATASET
JRN_20260711_14041,14041,EXPRESS,2026-07-11T23:38:02,2026-07-11,23,5,1,SEC_MTC_MOZ,MTC,MOZ,56.0,45.0,110.0,24.8,-1.38,-6.0,LOW,CLEAR,10.0,1,30.0,0,0.0,0.0,46.35,56.25,124.97,79.97,78.59,SYNTHETIC_DATASET
JRN_20260711_14041,14041,EXPRESS,2026-07-12T01:46:00,2026-07-11,1,5,1,SEC_MOZ_SRE,MOZ,SRE,59.0,52.0,100.0,86.57,78.59,79.97,LOW,CLEAR,10.0,0,,0,0.0,11.45,53.56,65.0,44.199999999999996,-7.8,70.79,SYNTHETIC_DATASET
JRN_20260711_14041,14041,EXPRESS,2026-07-12T02:33:12,2026-07-11,2,5,1,SEC_SRE_RK,SRE,RK,34.0,32.0,100.0,23.23,70.79,-7.8,LOW,RAIN,3.03,1,30.0,0,0.0,0.0,32.96,40.0,75.67,43.67,114.46,SYNTHETIC_DATASET
JRN_20260711_14041,14041,EXPRESS,2026-07-12T03:51:52,2026-07-11,3,5,1,SEC_RK_HW,RK,HW,42.0,45.0,80.0,68.18,114.46,43.67,LOW,CLEAR,10.0,0,,0,0.0,9.19,46.35,56.25,38.25,-6.75,107.71,SYNTHETIC_DATASET
JRN_20260711_14041,14041,EXPRESS,2026-07-12T04:33:07,2026-07-11,4,5,1,SEC_HW_DDN,HW,DDN,51.0,68.0,60.0,53.24,107.71,-6.75,LOW,CLEAR,10.0,0,,0,0.0,11.05,70.04,85.0,57.8,-10.2,97.51,SYNTHETIC_DATASET
JRN_20260711_14309,14309,PASSENGER,2026-07-11T11:15:00,2026-07-11,11,5,1,SEC_NDLS_GZB,NDLS,GZB,25.0,28.0,110.0,92.0,-0.38,0.0,LOW,CLEAR,10.0,0,,0,0.0,0.0,28.84,35.0,23.8,-4.2,-4.58,SYNTHETIC_DATASET
JRN_20260711_14309,14309,PASSENGER,2026-07-11T11:41:48,2026-07-11,11,5,1,SEC_GZB_MTC,GZB,MTC,47.0,40.0,120.0,24.83,-4.58,-4.2,LOW,CLEAR,10.0,1,30.0,0,0.0,0.0,41.2,50.0,104.34,64.34,59.76,SYNTHETIC_DATASET
JRN_20260711_14309,14309,PASSENGER,2026-07-11T13:29:08,2026-07-11,13,5,1,SEC_MTC_MOZ,MTC,MOZ,56.0,45.0,110.0,86.95,59.76,64.34,LOW,CLEAR,10.0,0,,0,0.0,7.99,46.35,56.25,38.25,-6.75,53.01,SYNTHETIC_DATASET
JRN_20260711_14309,14309,PASSENGER,2026-07-11T14:10:23,2026-07-11,14,5,1,SEC_MOZ_SRE,MOZ,SRE,59.0,52.0,100.0,43.42,53.01,-6.75,LOW,CLEAR,10.0,1,50.0,0,0.0,0.0,53.56,65.0,78.73,26.73,79.74,SYNTHETIC_DATASET
JRN_20260711_14309,14309,PASSENGER,2026-07-11T15:32:07,2026-07-11,15,5,1,SEC_SRE_RK,SRE,RK,34.0,32.0,100.0,44.14,79.74,26.73,MEDIUM,CLEAR,10.0,1,50.0,0,0.0,0.0,32.96,40.0,55.25,23.25,102.99,SYNTHETIC_DATASET
JRN_20260711_14309,14309,PASSENGER,2026-07-11T16:30:22,2026-07-11,16,5,1,SEC_RK_HW,RK,HW,42.0,45.0,80.0,62.62,102.99,23.25,HIGH,RAIN,3.32,0,,0,0.0,0.0,46.35,56.25,61.29,16.29,119.28,SYNTHETIC_DATASET
JRN_20260711_14309,14309,PASSENGER,2026-07-11T17:34:39,2026-07-11,17,5,1,SEC_HW_DDN,HW,DDN,51.0,68.0,60.0,52.16,119.28,16.29,HIGH,CLEAR,10.0,0,,0,0.0,0.0,70.04,85.0,89.06,21.06,140.34,SYNTHETIC_DATASET
JRN_20260712_12017,12017,SHATABDI,2026-07-12T06:45:00,2026-07-12,6,6,1,SEC_NDLS_GZB,NDLS,GZB,25.0,28.0,110.0,88.24,-1.29,0.0,LOW,CLEAR,10.0,0,,0,0.0,0.0,28.84,35.0,23.8,-4.2,-5.49,SYNTHETIC_DATASET
JRN_20260712_12017,12017,SHATABDI,2026-07-12T07:11:48,2026-07-12,7,6,1,SEC_GZB_MTC,GZB,MTC,47.0,40.0,120.0,92.56,-5.49,-4.2,LOW,CLEAR,10.0,0,,0,0.0,0.0,41.2,50.0,34.0,-6.0,-11.49,SYNTHETIC_DATASET
JRN_20260712_12017,12017,SHATABDI,2026-07-12T07:48:48,2026-07-12,7,6,1,SEC_MTC_MOZ,MTC,MOZ,56.0,45.0,110.0,94.49,-11.49,-6.0,LOW,CLEAR,10.0,0,,0,0.0,0.0,46.35,56.25,38.25,-6.75,-18.24,SYNTHETIC_DATASET
JRN_20260712_12017,12017,SHATABDI,2026-07-12T08:30:03,2026-07-12,8,6,1,SEC_MOZ_SRE,MOZ,SRE,59.0,52.0,100.0,78.45,-18.24,-6.75,HIGH,CLEAR,10.0,0,,1,10.58,0.0,53.56,65.0,71.78,19.78,1.54,SYNTHETIC_DATASET
JRN_20260712_12017,12017,SHATABDI,2026-07-12T09:44:49,2026-07-12,9,6,1,SEC_SRE_RK,SRE,RK,34.0,32.0,100.0,73.57,1.54,19.78,MEDIUM,RAIN,3.24,0,,0,0.0,0.0,32.96,40.0,30.71,-1.29,0.25,SYNTHETIC_DATASET
JRN_20260712_12017,12017,SHATABDI,2026-07-12T10:18:32,2026-07-12,10,6,1,SEC_RK_HW,RK,HW,42.0,45.0,80.0,70.16,0.25,-1.29,HIGH,CLEAR,10.0,0,,0,0.0,0.0,46.35,56.25,54.7,9.7,9.95,SYNTHETIC_DATASET
JRN_20260712_12017,12017,SHATABDI,2026-07-12T11:16:14,2026-07-12,11,6,1,SEC_HW_DDN,HW,DDN,51.0,68.0,60.0,52.42,9.95,9.7,HIGH,CLEAR,10.0,0,,1,2.73,0.0,70.04,85.0,89.93,21.93,31.88,SYNTHETIC_DATASET
JRN_20260712_12055,12055,SUPERFAST,2026-07-12T15:20:00,2026-07-12,15,6,1,SEC_NDLS_GZB,NDLS,GZB,25.0,28.0,110.0,86.97,1.17,0.0,LOW,CLEAR,10.0,0,,0,0.0,0.0,28.84,35.0,23.8,-4.2,-3.03,SYNTHETIC_DATASET
JRN_20260712_12055,12055,SUPERFAST,2026-07-12T15:46:48,2026-07-12,15,6,1,SEC_GZB_MTC,GZB,MTC,47.0,40.0,120.0,103.07,-3.03,-4.2,LOW,CLEAR,10.0,0,,0,0.0,0.0,41.2,50.0,34.0,-6.0,-9.03,SYNTHETIC_DATASET
JRN_20260712_12055,12055,SUPERFAST,2026-07-12T16:23:48,2026-07-12,16,6,1,SEC_MTC_MOZ,MTC,MOZ,56.0,45.0,110.0,93.78,-9.03,-6.0,HIGH,CLEAR,10.0,0,,0,0.0,0.0,46.35,56.25,52.12,7.12,-1.91,SYNTHETIC_DATASET
JRN_20260712_12055,12055,SUPERFAST,2026-07-12T17:18:55,2026-07-12,17,6,1,SEC_MOZ_SRE,MOZ,SRE,59.0,52.0,100.0,87.34,-1.91,7.12,HIGH,CLEAR,10.0,0,,0,0.0,0.0,53.56,65.0,60.82,8.82,6.91,SYNTHETIC_DATASET
JRN_20260712_12055,12055,SUPERFAST,2026-07-12T18:22:44,2026-07-12,18,6,1,SEC_SRE_RK,SRE,RK,34.0,32.0,100.0,86.51,6.91,8.82,HIGH,CLEAR,10.0,0,,1,10.64,0.0,32.96,40.0,44.94,12.94,19.85,SYNTHETIC_DATASET
JRN_20260712_12055,12055,SUPERFAST,2026-07-12T19:10:40,2026-07-12,19,6,1,SEC_RK_HW,RK,HW,42.0,45.0,80.0,64.39,19.85,12.94,HIGH,CLEAR,10.0,0,,0,0.0,0.0,46.35,56.25,54.37,9.37,29.22,SYNTHETIC_DATASET
JRN_20260712_12055,12055,SUPERFAST,2026-07-12T20:08:03,2026-07-12,20,6,1,SEC_HW_DDN,HW,DDN,51.0,68.0,60.0,48.63,29.22,9.37,MEDIUM,CLEAR,10.0,0,,0,0.0,0.0,70.04,85.0,69.47,1.47,30.69,SYNTHETIC_DATASET
JRN_20260712_14041,14041,EXPRESS,2026-07-12T22:25:00,2026-07-12,22,6,1,SEC_NDLS_GZB,NDLS,GZB,25.0,28.0,110.0,89.38,-0.53,0.0,LOW,CLEAR,10.0,0,,0,0.0,0.0,28.84,35.0,23.8,-4.2,-4.73,SYNTHETIC_DATASET
JRN_20260712_14041,14041,EXPRESS,2026-07-12T22:51:48,2026-07-12,22,6,1,SEC_GZB_MTC,GZB,MTC,47.0,40.0,120.0,100.29,-4.73,-4.2,MEDIUM,CLEAR,10.0,0,,0,0.0,0.0,41.2,50.0,34.0,-6.0,-10.73,SYNTHETIC_DATASET
JRN_20260712_14041,14041,EXPRESS,2026-07-12T23:28:48,2026-07-12,23,6,1,SEC_MTC_MOZ,MTC,MOZ,56.0,45.0,110.0,26.36,-10.73,-6.0,LOW,RAIN,4.45,1,30.0,0,0.0,0.0,46.35,56.25,124.54,79.54,68.81,SYNTHETIC_DATASET
JRN_20260712_14041,14041,EXPRESS,2026-07-13T01:36:20,2026-07-12,1,6,1,SEC_MOZ_SRE,MOZ,SRE,59.0,52.0,100.0,85.5,68.81,79.54,HIGH,CLEAR,10.0,0,,0,0.0,0.0,53.56,65.0,61.74,9.74,78.55,SYNTHETIC_DATASET
JRN_20260712_14041,14041,EXPRESS,2026-07-13T02:41:04,2026-07-12,2,6,1,SEC_SRE_RK,SRE,RK,34.0,32.0,100.0,76.66,78.55,9.74,LOW,CLEAR,10.0,0,,1,7.52,8.2,32.96,40.0,27.2,-4.8,73.75,SYNTHETIC_DATASET
JRN_20260712_14041,14041,EXPRESS,2026-07-13T03:11:16,2026-07-12,3,6,1,SEC_RK_HW,RK,HW,42.0,45.0,80.0,63.92,73.75,-4.8,LOW,RAIN,4.44,0,,0,0.0,0.0,46.35,56.25,38.82,-6.18,67.57,SYNTHETIC_DATASET
JRN_20260712_14041,14041,EXPRESS,2026-07-13T03:53:06,2026-07-12,3,6,1,SEC_HW_DDN,HW,DDN,51.0,68.0,60.0,50.16,67.57,-6.18,MEDIUM,CLEAR,10.0,0,,0,0.0,0.0,70.04,85.0,69.29,1.29,68.86,SYNTHETIC_DATASET
JRN_20260712_14309,14309,PASSENGER,2026-07-12T11:15:00,2026-07-12,11,6,1,SEC_NDLS_GZB,NDLS,GZB,25.0,28.0,110.0,94.31,-0.88,0.0,MEDIUM,CLEAR,10.0,0,,0,0.0,0.0,28.84,35.0,23.8,-4.2,-5.08,SYNTHETIC_DATASET
JRN_20260712_14309,14309,PASSENGER,2026-07-12T11:41:48,2026-07-12,11,6,1,SEC_GZB_MTC,GZB,MTC,47.0,40.0,120.0,93.31,-5.08,-4.2,LOW,CLEAR,10.0,0,,0,0.0,0.0,41.2,50.0,34.0,-6.0,-11.08,SYNTHETIC_DATASET
JRN_20260712_14309,14309,PASSENGER,2026-07-12T12:18:48,2026-07-12,12,6,1,SEC_MTC_MOZ,MTC,MOZ,56.0,45.0,110.0,86.22,-11.08,-6.0,MEDIUM,RAIN,2.51,0,,0,0.0,0.0,46.35,56.25,46.44,1.44,-9.64,SYNTHETIC_DATASET
JRN_20260712_14309,14309,PASSENGER,2026-07-12T13:08:14,2026-07-12,13,6,1,SEC_MOZ_SRE,MOZ,SRE,59.0,52.0,100.0,39.8,-9.64,1.44,LOW,CLEAR,10.0,1,50.0,0,0.0,0.0,53.56,65.0,79.29,27.29,17.65,SYNTHETIC_DATASET
JRN_20260712_14309,14309,PASSENGER,2026-07-12T14:30:31,2026-07-12,14,6,1,SEC_SRE_RK,SRE,RK,34.0,32.0,100.0,80.29,17.65,27.29,LOW,CLEAR,10.0,0,,0,0.0,6.56,32.96,40.0,27.2,-4.8,12.85,SYNTHETIC_DATASET
JRN_20260712_14309,14309,PASSENGER,2026-07-12T15:00:43,2026-07-12,15,6,1,SEC_RK_HW,RK,HW,42.0,45.0,80.0,61.37,12.85,-4.8,LOW,CLEAR,10.0,0,,0,0.0,5.14,46.35,56.25,38.25,-6.75,6.1,SYNTHETIC_DATASET
JRN_20260712_14309,14309,PASSENGER,2026-07-12T15:41:58,2026-07-12,15,6,1,SEC_HW_DDN,HW,DDN,51.0,68.0,60.0,50.47,6.1,-6.75,LOW,CLEAR,10.0,0,,0,0.0,2.44,70.04,85.0,57.8,-10.2,-4.1,SYNTHETIC_DATASET
JRN_20260713_12017,12017,SHATABDI,2026-07-13T06:45:00,2026-07-13,6,0,0,SEC_NDLS_GZB,NDLS,GZB,25.0,28.0,110.0,95.89,0.55,0.0,LOW,CLEAR,10.0,0,,0,0.0,0.0,28.84,35.0,23.8,-4.2,-3.65,SYNTHETIC_DATASET
JRN_20260713_12017,12017,SHATABDI,2026-07-13T07:11:48,2026-07-13,7,0,0,SEC_GZB_MTC,GZB,MTC,47.0,40.0,120.0,24.33,-3.65,-4.2,LOW,CLEAR,10.0,1,30.0,0,0.0,0.0,41.2,50.0,104.26,64.26,60.61,SYNTHETIC_DATASET
JRN_20260713_12017,12017,SHATABDI,2026-07-13T08:59:03,2026-07-13,8,0,0,SEC_MTC_MOZ,MTC,MOZ,56.0,45.0,110.0,84.59,60.61,64.26,LOW,CLEAR,10.0,0,,0,0.0,13.31,46.35,56.25,38.25,-6.75,53.86,SYNTHETIC_DATASET
JRN_20260713_12017,12017,SHATABDI,2026-07-13T09:40:18,2026-07-13,9,0,0,SEC_MOZ_SRE,MOZ,SRE,59.0,52.0,100.0,85.68,53.86,-6.75,MEDIUM,CLEAR,10.0,0,,0,0.0,0.0,53.56,65.0,49.54,-2.46,51.4,SYNTHETIC_DATASET
JRN_20260713_12017,12017,SHATABDI,2026-07-13T10:32:51,2026-07-13,10,0,0,SEC_SRE_RK,SRE,RK,34.0,32.0,100.0,86.13,51.4,-2.46,LOW,CLEAR,10.0,0,,0,0.0,10.93,32.96,40.0,27.2,-4.8,46.6,SYNTHETIC_DATASET
JRN_20260713_12017,12017,SHATABDI,2026-07-13T11:03:03,2026-07-13,11,0,0,SEC_RK_HW,RK,HW,42.0,45.0,80.0,62.35,46.6,-4.8,LOW,CLEAR,10.0,0,,0,0.0,12.25,46.35,56.25,38.25,-6.75,39.85,SYNTHETIC_DATASET
JRN_20260713_12017,12017,SHATABDI,2026-07-13T11:44:18,2026-07-13,11,0,0,SEC_HW_DDN,HW,DDN,51.0,68.0,60.0,46.97,39.85,-6.75,HIGH,CLEAR,10.0,0,,0,0.0,0.0,70.04,85.0,88.04,20.04,59.89,SYNTHETIC_DATASET
JRN_20260713_12055,12055,SUPERFAST,2026-07-13T15:20:00,2026-07-13,15,0,0,SEC_NDLS_GZB,NDLS,GZB,25.0,28.0,110.0,44.08,-0.78,0.0,HIGH,CLEAR,10.0,1,50.0,0,0.0,0.0,28.84,35.0,52.17,24.17,23.39,SYNTHETIC_DATASET
JRN_20260713_12055,12055,SUPERFAST,2026-07-13T16:15:10,2026-07-13,16,0,0,SEC_GZB_MTC,GZB,MTC,47.0,40.0,120.0,100.86,23.39,24.17,HIGH,CLEAR,10.0,0,,0,0.0,0.0,41.2,50.0,40.84,0.84,24.23,SYNTHETIC_DATASET
JRN_20260713_12055,12055,SUPERFAST,2026-07-13T16:59:00,2026-07-13,16,0,0,SEC_MTC_MOZ,MTC,MOZ,56.0,45.0,110.0,88.14,24.23,0.84,LOW,CLEAR,10.0,0,,0,0.0,9.69,46.35,56.25,38.25,-6.75,17.48,SYNTHETIC_DATASET
JRN_20260713_12055,12055,SUPERFAST,2026-07-13T17:40:15,2026-07-13,17,0,0,SEC_MOZ_SRE,MOZ,SRE,59.0,52.0,100.0,87.07,17.48,-6.75,HIGH,CLEAR,10.0,0,,0,0.0,0.0,53.56,65.0,60.19,8.19,25.67,SYNTHETIC_DATASET
JRN_20260713_12055,12055,SUPERFAST,2026-07-13T18:43:27,2026-07-13,18,0,0,SEC_SRE_RK,SRE,RK,34.0,32.0,100.0,78.33,25.67,8.19,LOW,CLEAR,10.0,0,,0,0.0,9.84,32.96,40.0,27.2,-4.8,20.87,SYNTHETIC_DATASET
JRN_20260713_12055,12055,SUPERFAST,2026-07-13T19:13:39,2026-07-13,19,0,0,SEC_RK_HW,RK,HW,42.0,45.0,80.0,70.51,20.87,-4.8,HIGH,CLEAR,10.0,0,,0,0.0,0.0,46.35,56.25,53.76,8.76,29.63,SYNTHETIC_DATASET
JRN_20260713_12055,12055,SUPERFAST,2026-07-13T20:10:24,2026-07-13,20,0,0,SEC_HW_DDN,HW,DDN,51.0,68.0,60.0,50.79,29.63,8.76,LOW,CLEAR,10.0,0,,0,0.0,11.85,70.04,85.0,57.8,-10.2,19.43,SYNTHETIC_DATASET
JRN_20260713_14041,14041,EXPRESS,2026-07-13T22:25:00,2026-07-13,22,0,0,SEC_NDLS_GZB,NDLS,GZB,25.0,28.0,110.0,93.55,-0.56,0.0,MEDIUM,CLEAR,10.0,0,,0,0.0,0.0,28.84,35.0,23.8,-4.2,-4.76,SYNTHETIC_DATASET
JRN_20260713_14041,14041,EXPRESS,2026-07-13T22:51:48,2026-07-13,22,0,0,SEC_GZB_MTC,GZB,MTC,47.0,40.0,120.0,106.9,-4.76,-4.2,LOW,CLEAR,10.0,0,,0,0.0,0.0,41.2,50.0,34.0,-6.0,-10.76,SYNTHETIC_DATASET
JRN_20260713_14041,14041,EXPRESS,2026-07-13T23:28:48,2026-07-13,23,0,0,SEC_MTC_MOZ,MTC,MOZ,56.0,45.0,110.0,84.55,-10.76,-6.0,MEDIUM,CLEAR,10.0,0,,0,0.0,0.0,46.35,56.25,41.24,-3.76,-14.52,SYNTHETIC_DATASET
JRN_20260713_14041,14041,EXPRESS,2026-07-14T00:13:02,2026-07-13,0,0,0,SEC_MOZ_SRE,MOZ,SRE,59.0,52.0,100.0,87.23,-14.52,-3.76,MEDIUM,CLEAR,10.0,0,,1,10.48,0.0,53.56,65.0,57.28,5.28,-9.24,SYNTHETIC_DATASET
JRN_20260713_14041,14041,EXPRESS,2026-07-14T01:13:19,2026-07-13,1,0,0,SEC_SRE_RK,SRE,RK,34.0,32.0,100.0,78.58,-9.24,5.28,LOW,CLEAR,10.0,0,,0,0.0,0.0,32.96,40.0,27.2,-4.8,-14.04,SYNTHETIC_DATASET
JRN_20260713_14041,14041,EXPRESS,2026-07-14T01:43:31,2026-07-13,1,0,0,SEC_RK_HW,RK,HW,42.0,45.0,80.0,71.17,-14.04,-4.8,LOW,CLEAR,10.0,0,,0,0.0,0.0,46.35,56.25,38.25,-6.75,-20.79,SYNTHETIC_DATASET
JRN_20260713_14041,14041,EXPRESS,2026-07-14T02:24:46,2026-07-13,2,0,0,SEC_HW_DDN,HW,DDN,51.0,68.0,60.0,39.36,-20.79,-6.75,LOW,CLEAR,10.0,1,45.0,0,0.0,0.0,70.04,85.0,74.63,6.63,-14.16,SYNTHETIC_DATASET
JRN_20260713_14309,14309,PASSENGER,2026-07-13T11:15:00,2026-07-13,11,0,0,SEC_NDLS_GZB,NDLS,GZB,25.0,28.0,110.0,93.73,1.43,0.0,LOW,CLEAR,10.0,0,,0,0.0,0.0,28.84,35.0,23.8,-4.2,-2.77,SYNTHETIC_DATASET
JRN_20260713_14309,14309,PASSENGER,2026-07-13T11:41:48,2026-07-13,11,0,0,SEC_GZB_MTC,GZB,MTC,47.0,40.0,120.0,93.52,-2.77,-4.2,LOW,CLEAR,10.0,0,,0,0.0,0.0,41.2,50.0,34.0,-6.0,-8.77,SYNTHETIC_DATASET
JRN_20260713_14309,14309,PASSENGER,2026-07-13T12:18:48,2026-07-13,12,0,0,SEC_MTC_MOZ,MTC,MOZ,56.0,45.0,110.0,89.71,-8.77,-6.0,LOW,CLEAR,10.0,0,,0,0.0,0.0,46.35,56.25,38.25,-6.75,-15.52,SYNTHETIC_DATASET
JRN_20260713_14309,14309,PASSENGER,2026-07-13T13:00:03,2026-07-13,13,0,0,SEC_MOZ_SRE,MOZ,SRE,59.0,52.0,100.0,89.97,-15.52,-6.75,LOW,CLEAR,10.0,0,,0,0.0,0.0,53.56,65.0,44.199999999999996,-7.8,-23.32,SYNTHETIC_DATASET
JRN_20260713_14309,14309,PASSENGER,2026-07-13T13:47:15,2026-07-13,13,0,0,SEC_SRE_RK,SRE,RK,34.0,32.0,100.0,81.2,-23.32,-7.8,LOW,CLEAR,10.0,0,,0,0.0,0.0,32.96,40.0,27.2,-4.8,-28.12,SYNTHETIC_DATASET
JRN_20260713_14309,14309,PASSENGER,2026-07-13T14:17:27,2026-07-13,14,0,0,SEC_RK_HW,RK,HW,42.0,45.0,80.0,62.25,-28.12,-4.8,LOW,CLEAR,10.0,0,,0,0.0,0.0,46.35,56.25,38.25,-6.75,-34.87,SYNTHETIC_DATASET
JRN_20260713_14309,14309,PASSENGER,2026-07-13T14:58:42,2026-07-13,14,0,0,SEC_HW_DDN,HW,DDN,51.0,68.0,60.0,38.54,-34.87,-6.75,MEDIUM,RAIN,4.13,1,45.0,0,0.0,0.0,70.04,85.0,91.64,23.64,-11.23,SYNTHETIC_DATASET
JRN_20260714_12017,12017,SHATABDI,2026-07-14T06:45:00,2026-07-14,6,1,0,SEC_NDLS_GZB,NDLS,GZB,25.0,28.0,110.0,98.38,20.64,0.0,MEDIUM,CLEAR,10.0,0,,0,0.0,0.0,28.84,35.0,23.8,-4.2,16.44,SYNTHETIC_DATASET
JRN_20260714_12017,12017,SHATABDI,2026-07-14T07:11:48,2026-07-14,7,1,0,SEC_GZB_MTC,GZB,MTC,47.0,40.0,120.0,95.0,16.44,-4.2,MEDIUM,CLEAR,10.0,0,,1,8.14,0.0,41.2,50.0,40.5,0.5,16.94,SYNTHETIC_DATASET
JRN_20260714_12017,12017,SHATABDI,2026-07-14T07:55:18,2026-07-14,7,1,0,SEC_MTC_MOZ,MTC,MOZ,56.0,45.0,110.0,95.32,16.94,0.5,LOW,CLEAR,10.0,0,,0,0.0,6.78,46.35,56.25,38.25,-6.75,10.19,SYNTHETIC_DATASET
JRN_20260714_12017,12017,SHATABDI,2026-07-14T08:36:33,2026-07-14,8,1,0,SEC_MOZ_SRE,MOZ,SRE,59.0,52.0,100.0,82.68,10.19,-6.75,HIGH,CLEAR,10.0,0,,0,0.0,0.0,53.56,65.0,60.8,8.8,18.99,SYNTHETIC_DATASET
JRN_20260714_12017,12017,SHATABDI,2026-07-14T09:40:21,2026-07-14,9,1,0,SEC_SRE_RK,SRE,RK,34.0,32.0,100.0,84.56,18.99,8.8,MEDIUM,CLEAR,10.0,0,,0,0.0,0.0,32.96,40.0,27.2,-4.8,14.19,SYNTHETIC_DATASET
JRN_20260714_12017,12017,SHATABDI,2026-07-14T10:10:33,2026-07-14,10,1,0,SEC_RK_HW,RK,HW,42.0,45.0,80.0,68.82,14.19,-4.8,MEDIUM,CLEAR,10.0,0,,0,0.0,0.0,46.35,56.25,42.27,-2.73,11.46,SYNTHETIC_DATASET
JRN_20260714_12017,12017,SHATABDI,2026-07-14T10:55:49,2026-07-14,10,1,0,SEC_HW_DDN,HW,DDN,51.0,68.0,60.0,23.92,11.46,-2.73,MEDIUM,CLEAR,10.0,1,30.0,0,0.0,0.0,70.04,85.0,138.63,70.63,82.09,SYNTHETIC_DATASET
JRN_20260714_12055,12055,SUPERFAST,2026-07-14T15:20:00,2026-07-14,15,1,0,SEC_NDLS_GZB,NDLS,GZB,25.0,28.0,110.0,92.13,2.46,0.0,LOW,CLEAR,10.0,0,,0,0.0,0.98,28.84,35.0,23.8,-4.2,-1.74,SYNTHETIC_DATASET
JRN_20260714_12055,12055,SUPERFAST,2026-07-14T15:46:48,2026-07-14,15,1,0,SEC_GZB_MTC,GZB,MTC,47.0,40.0,120.0,96.48,-1.74,-4.2,LOW,CLEAR,10.0,0,,0,0.0,0.0,41.2,50.0,34.0,-6.0,-7.74,SYNTHETIC_DATASET
JRN_20260714_12055,12055,SUPERFAST,2026-07-14T16:23:48,2026-07-14,16,1,0,SEC_MTC_MOZ,MTC,MOZ,56.0,45.0,110.0,87.05,-7.74,-6.0,LOW,CLEAR,10.0,0,,0,0.0,0.0,46.35,56.25,38.25,-6.75,-14.49,SYNTHETIC_DATASET
JRN_20260714_12055,12055,SUPERFAST,2026-07-14T17:05:03,2026-07-14,17,1,0,SEC_MOZ_SRE,MOZ,SRE,59.0,52.0,100.0,83.14,-14.49,-6.75,MEDIUM,CLEAR,10.0,0,,0,0.0,0.0,53.56,65.0,47.85,-4.15,-18.64,SYNTHETIC_DATASET
JRN_20260714_12055,12055,SUPERFAST,2026-07-14T17:55:54,2026-07-14,17,1,0,SEC_SRE_RK,SRE,RK,34.0,32.0,100.0,79.54,-18.64,-4.15,HIGH,CLEAR,10.0,0,,1,2.33,0.0,32.96,40.0,36.94,4.94,-13.7,SYNTHETIC_DATASET
JRN_20260714_12055,12055,SUPERFAST,2026-07-14T18:35:50,2026-07-14,18,1,0,SEC_RK_HW,RK,HW,42.0,45.0,80.0,66.55,-13.7,4.94,MEDIUM,CLEAR,10.0,0,,0,0.0,0.0,46.35,56.25,42.05,-2.95,-16.65,SYNTHETIC_DATASET
JRN_20260714_12055,12055,SUPERFAST,2026-07-14T19:20:53,2026-07-14,19,1,0,SEC_HW_DDN,HW,DDN,51.0,68.0,60.0,52.03,-16.65,-2.95,MEDIUM,CLEAR,10.0,0,,0,0.0,0.0,70.04,85.0,69.09,1.09,-15.56,SYNTHETIC_DATASET
JRN_20260714_14041,14041,EXPRESS,2026-07-14T22:25:00,2026-07-14,22,1,0,SEC_NDLS_GZB,NDLS,GZB,25.0,28.0,110.0,87.83,-0.68,0.0,MEDIUM,CLEAR,10.0,0,,0,0.0,0.0,28.84,35.0,23.8,-4.2,-4.88,SYNTHETIC_DATASET
JRN_20260714_14041,14041,EXPRESS,2026-07-14T22:51:48,2026-07-14,22,1,0,SEC_GZB_MTC,GZB,MTC,47.0,40.0,120.0,23.91,-4.88,-4.2,LOW,CLEAR,10.0,1,30.0,0,0.0,0.0,41.2,50.0,104.35,64.35,59.47,SYNTHETIC_DATASET
JRN_20260714_14041,14041,EXPRESS,2026-07-15T00:39:09,2026-07-14,0,1,0,SEC_MTC_MOZ,MTC,MOZ,56.0,45.0,110.0,93.55,59.47,64.35,LOW,CLEAR,10.0,0,,0,0.0,9.98,46.35,56.25,38.25,-6.75,52.72,SYNTHETIC_DATASET
JRN_20260714_14041,14041,EXPRESS,2026-07-15T01:20:24,2026-07-14,1,1,0,SEC_MOZ_SRE,MOZ,SRE,59.0,52.0,100.0,38.05,52.72,-6.75,MEDIUM,CLEAR,10.0,1,45.0,0,0.0,0.0,53.56,65.0,106.87,54.87,107.59,SYNTHETIC_DATASET
JRN_20260714_14041,14041,EXPRESS,2026-07-15T03:10:16,2026-07-14,3,1,0,SEC_SRE_RK,SRE,RK,34.0,32.0,100.0,89.36,107.59,54.87,MEDIUM,CLEAR,10.0,0,,0,0.0,0.0,32.96,40.0,27.2,-4.8,102.79,SYNTHETIC_DATASET
JRN_20260714_14041,14041,EXPRESS,2026-07-15T03:40:28,2026-07-14,3,1,0,SEC_RK_HW,RK,HW,42.0,45.0,80.0,61.84,102.79,-4.8,LOW,CLEAR,10.0,0,,0,0.0,9.19,46.35,56.25,38.25,-6.75,96.04,SYNTHETIC_DATASET
JRN_20260714_14041,14041,EXPRESS,2026-07-15T04:21:43,2026-07-14,4,1,0,SEC_HW_DDN,HW,DDN,51.0,68.0,60.0,47.08,96.04,-6.75,LOW,CLEAR,10.0,0,,0,0.0,11.05,70.04,85.0,57.8,-10.2,85.84,SYNTHETIC_DATASET
JRN_20260714_14309,14309,PASSENGER,2026-07-14T11:15:00,2026-07-14,11,1,0,SEC_NDLS_GZB,NDLS,GZB,25.0,28.0,110.0,85.27,-0.82,0.0,HIGH,CLEAR,10.0,0,,0,0.0,0.0,28.84,35.0,23.82,-4.18,-5.0,SYNTHETIC_DATASET
JRN_20260714_14309,14309,PASSENGER,2026-07-14T11:41:49,2026-07-14,11,1,0,SEC_GZB_MTC,GZB,MTC,47.0,40.0,120.0,103.05,-5.0,-4.18,LOW,CLEAR,10.0,0,,0,0.0,0.0,41.2,50.0,34.0,-6.0,-11.0,SYNTHETIC_DATASET
JRN_20260714_14309,14309,PASSENGER,2026-07-14T12:18:49,2026-07-14,12,1,0,SEC_MTC_MOZ,MTC,MOZ,56.0,45.0,110.0,85.53,-11.0,-6.0,LOW,CLEAR,10.0,0,,0,0.0,0.0,46.35,56.25,38.25,-6.75,-17.75,SYNTHETIC_DATASET
JRN_20260714_14309,14309,PASSENGER,2026-07-14T13:00:04,2026-07-14,13,1,0,SEC_MOZ_SRE,MOZ,SRE,59.0,52.0,100.0,87.24,-17.75,-6.75,LOW,CLEAR,10.0,0,,0,0.0,0.0,53.56,65.0,44.199999999999996,-7.8,-25.55,SYNTHETIC_DATASET
JRN_20260714_14309,14309,PASSENGER,2026-07-14T13:47:16,2026-07-14,13,1,0,SEC_SRE_RK,SRE,RK,34.0,32.0,100.0,83.89,-25.55,-7.8,LOW,CLEAR,10.0,0,,0,0.0,0.0,32.96,40.0,27.2,-4.8,-30.35,SYNTHETIC_DATASET
JRN_20260714_14309,14309,PASSENGER,2026-07-14T14:17:28,2026-07-14,14,1,0,SEC_RK_HW,RK,HW,42.0,45.0,80.0,69.43,-30.35,-4.8,MEDIUM,CLEAR,10.0,0,,0,0.0,0.0,46.35,56.25,43.37,-1.63,-31.98,SYNTHETIC_DATASET
JRN_20260714_14309,14309,PASSENGER,2026-07-14T15:03:50,2026-07-14,15,1,0,SEC_HW_DDN,HW,DDN,51.0,68.0,60.0,48.54,-31.98,-1.63,LOW,RAIN,4.79,0,,0,0.0,0.0,70.04,85.0,63.16,-4.84,-36.82,SYNTHETIC_DATASET
JRN_20260715_12017,12017,SHATABDI,2026-07-15T06:45:00,2026-07-15,6,2,0,SEC_NDLS_GZB,NDLS,GZB,25.0,28.0,110.0,97.17,0.99,0.0,LOW,CLEAR,10.0,0,,0,0.0,0.0,28.84,35.0,23.8,-4.2,-3.21,SYNTHETIC_DATASET
JRN_20260715_12017,12017,SHATABDI,2026-07-15T07:11:48,2026-07-15,7,2,0,SEC_GZB_MTC,GZB,MTC,47.0,40.0,120.0,103.56,-3.21,-4.2,MEDIUM,CLEAR,10.0,0,,1,8.26,0.0,41.2,50.0,40.38,0.38,-2.83,SYNTHETIC_DATASET
JRN_20260715_12017,12017,SHATABDI,2026-07-15T07:55:10,2026-07-15,7,2,0,SEC_MTC_MOZ,MTC,MOZ,56.0,45.0,110.0,23.49,-2.83,0.38,LOW,CLEAR,10.0,1,30.0,1,6.77,0.0,46.35,56.25,131.33,86.33,83.5,SYNTHETIC_DATASET
JRN_20260715_12017,12017,SHATABDI,2026-07-15T10:09:30,2026-07-15,10,2,0,SEC_MOZ_SRE,MOZ,SRE,59.0,52.0,100.0,82.2,83.5,86.33,HIGH,CLEAR,10.0,0,,0,0.0,0.0,53.56,65.0,61.71,9.71,93.21,SYNTHETIC_DATASET
JRN_20260715_12017,12017,SHATABDI,2026-07-15T11:14:13,2026-07-15,11,2,0,SEC_SRE_RK,SRE,RK,34.0,32.0,100.0,79.55,93.21,9.71,HIGH,RAIN,3.15,0,,1,5.13,0.0,32.96,40.0,44.73,12.73,105.94,SYNTHETIC_DATASET
JRN_20260715_12017,12017,SHATABDI,2026-07-15T12:01:57,2026-07-15,12,2,0,SEC_RK_HW,RK,HW,42.0,45.0,80.0,66.93,105.94,12.73,LOW,CLEAR,10.0,0,,0,0.0,12.25,46.35,56.25,38.25,-6.75,99.19,SYNTHETIC_DATASET
JRN_20260715_12017,12017,SHATABDI,2026-07-15T12:43:12,2026-07-15,12,2,0,SEC_HW_DDN,HW,DDN,51.0,68.0,60.0,50.99,99.19,-6.75,HIGH,CLEAR,10.0,0,,0,0.0,0.0,70.04,85.0,88.13,20.13,119.32,SYNTHETIC_DATASET
JRN_20260715_12055,12055,SUPERFAST,2026-07-15T15:20:00,2026-07-15,15,2,0,SEC_NDLS_GZB,NDLS,GZB,25.0,28.0,110.0,89.85,0.58,0.0,MEDIUM,CLEAR,10.0,0,,0,0.0,0.0,28.84,35.0,23.8,-4.2,-3.62,SYNTHETIC_DATASET
JRN_20260715_12055,12055,SUPERFAST,2026-07-15T15:46:48,2026-07-15,15,2,0,SEC_GZB_MTC,GZB,MTC,47.0,40.0,120.0,93.16,-3.62,-4.2,LOW,CLEAR,10.0,0,,0,0.0,0.0,41.2,50.0,34.0,-6.0,-9.62,SYNTHETIC_DATASET
JRN_20260715_12055,12055,SUPERFAST,2026-07-15T16:23:48,2026-07-15,16,2,0,SEC_MTC_MOZ,MTC,MOZ,56.0,45.0,110.0,93.93,-9.62,-6.0,LOW,CLEAR,10.0,0,,0,0.0,0.0,46.35,56.25,38.25,-6.75,-16.37,SYNTHETIC_DATASET
JRN_20260715_12055,12055,SUPERFAST,2026-07-15T17:05:03,2026-07-15,17,2,0,SEC_MOZ_SRE,MOZ,SRE,59.0,52.0,100.0,80.49,-16.37,-6.75,MEDIUM,CLEAR,10.0,0,,0,0.0,0.0,53.56,65.0,48.99,-3.01,-19.38,SYNTHETIC_DATASET
JRN_20260715_12055,12055,SUPERFAST,2026-07-15T17:57:02,2026-07-15,17,2,0,SEC_SRE_RK,SRE,RK,34.0,32.0,100.0,34.86,-19.38,-3.01,LOW,CLEAR,10.0,1,45.0,0,0.0,0.0,32.96,40.0,50.73,18.73,-0.65,SYNTHETIC_DATASET
JRN_20260715_12055,12055,SUPERFAST,2026-07-15T18:50:46,2026-07-15,18,2,0,SEC_RK_HW,RK,HW,42.0,45.0,80.0,63.23,-0.65,18.73,LOW,RAIN,3.08,0,,0,0.0,0.0,46.35,56.25,38.34,-6.66,-7.31,SYNTHETIC_DATASET
JRN_20260715_12055,12055,SUPERFAST,2026-07-15T19:32:06,2026-07-15,19,2,0,SEC_HW_DDN,HW,DDN,51.0,68.0,60.0,46.01,-7.31,-6.66,HIGH,CLEAR,10.0,0,,1,7.87,0.0,70.04,85.0,96.0,28.0,20.69,SYNTHETIC_DATASET
JRN_20260715_14041,14041,EXPRESS,2026-07-15T22:25:00,2026-07-15,22,2,0,SEC_NDLS_GZB,NDLS,GZB,25.0,28.0,110.0,95.54,12.79,0.0,LOW,CLEAR,10.0,0,,0,0.0,5.12,28.84,35.0,23.8,-4.2,8.59,SYNTHETIC_DATASET
JRN_20260715_14041,14041,EXPRESS,2026-07-15T22:51:48,2026-07-15,22,2,0,SEC_GZB_MTC,GZB,MTC,47.0,40.0,120.0,93.08,8.59,-4.2,LOW,CLEAR,10.0,0,,0,0.0,3.44,41.2,50.0,34.0,-6.0,2.59,SYNTHETIC_DATASET
JRN_20260715_14041,14041,EXPRESS,2026-07-15T23:28:48,2026-07-15,23,2,0,SEC_MTC_MOZ,MTC,MOZ,56.0,45.0,110.0,92.86,2.59,-6.0,LOW,CLEAR,10.0,0,,0,0.0,1.04,46.35,56.25,38.25,-6.75,-4.16,SYNTHETIC_DATASET
JRN_20260715_14041,14041,EXPRESS,2026-07-16T00:10:03,2026-07-15,0,2,0,SEC_MOZ_SRE,MOZ,SRE,59.0,52.0,100.0,79.72,-4.16,-6.75,LOW,CLEAR,10.0,0,,0,0.0,0.0,53.56,65.0,44.199999999999996,-7.8,-11.96,SYNTHETIC_DATASET
JRN_20260715_14041,14041,EXPRESS,2026-07-16T00:57:15,2026-07-15,0,2,0,SEC_SRE_RK,SRE,RK,34.0,32.0,100.0,40.34,-11.96,-7.8,MEDIUM,CLEAR,10.0,1,50.0,0,0.0,0.0,32.96,40.0,55.26,23.26,11.3,SYNTHETIC_DATASET
JRN_20260715_14041,14041,EXPRESS,2026-07-16T01:55:30,2026-07-15,1,2,0,SEC_RK_HW,RK,HW,42.0,45.0,80.0,71.49,11.3,23.26,MEDIUM,CLEAR,10.0,0,,0,0.0,0.0,46.35,56.25,41.88,-3.12,8.18,SYNTHETIC_DATASET
JRN_20260715_14041,14041,EXPRESS,2026-07-16T02:40:23,2026-07-15,2,2,0,SEC_HW_DDN,HW,DDN,51.0,68.0,60.0,46.93,8.18,-3.12,LOW,CLEAR,10.0,0,,0,0.0,3.27,70.04,85.0,57.8,-10.2,-2.02,SYNTHETIC_DATASET
JRN_20260715_14309,14309,PASSENGER,2026-07-15T11:15:00,2026-07-15,11,2,0,SEC_NDLS_GZB,NDLS,GZB,25.0,28.0,110.0,92.71,0.31,0.0,HIGH,CLEAR,10.0,0,,1,9.12,0.0,28.84,35.0,32.22,4.22,4.53,SYNTHETIC_DATASET
JRN_20260715_14309,14309,PASSENGER,2026-07-15T11:50:13,2026-07-15,11,2,0,SEC_GZB_MTC,GZB,MTC,47.0,40.0,120.0,100.98,4.53,4.22,HIGH,CLEAR,10.0,0,,0,0.0,0.0,41.2,50.0,40.21,0.21,4.74,SYNTHETIC_DATASET
JRN_20260715_14309,14309,PASSENGER,2026-07-15T12:33:25,2026-07-15,12,2,0,SEC_MTC_MOZ,MTC,MOZ,56.0,45.0,110.0,91.71,4.74,0.21,MEDIUM,CLEAR,10.0,0,,0,0.0,0.0,46.35,56.25,41.69,-3.31,1.43,SYNTHETIC_DATASET
JRN_20260715_14309,14309,PASSENGER,2026-07-15T13:18:07,2026-07-15,13,2,0,SEC_MOZ_SRE,MOZ,SRE,59.0,52.0,100.0,81.67,1.43,-3.31,HIGH,CLEAR,10.0,0,,0,0.0,0.0,53.56,65.0,61.65,9.65,11.08,SYNTHETIC_DATASET
JRN_20260715_14309,14309,PASSENGER,2026-07-15T14:22:46,2026-07-15,14,2,0,SEC_SRE_RK,SRE,RK,34.0,32.0,100.0,82.16,11.08,9.65,LOW,CLEAR,10.0,0,,0,0.0,4.43,32.96,40.0,27.2,-4.8,6.28,SYNTHETIC_DATASET
JRN_20260715_14309,14309,PASSENGER,2026-07-15T14:52:58,2026-07-15,14,2,0,SEC_RK_HW,RK,HW,42.0,45.0,80.0,62.04,6.28,-4.8,LOW,CLEAR,10.0,0,,0,0.0,2.51,46.35,56.25,38.25,-6.75,-0.47,SYNTHETIC_DATASET
JRN_20260715_14309,14309,PASSENGER,2026-07-15T15:34:13,2026-07-15,15,2,0,SEC_HW_DDN,HW,DDN,51.0,68.0,60.0,53.63,-0.47,-6.75,LOW,CLEAR,10.0,0,,0,0.0,0.0,70.04,85.0,57.8,-10.2,-10.67,SYNTHETIC_DATASET
JRN_20260716_12017,12017,SHATABDI,2026-07-16T06:45:00,2026-07-16,6,3,0,SEC_NDLS_GZB,NDLS,GZB,25.0,28.0,110.0,84.27,3.13,0.0,LOW,CLEAR,10.0,0,,0,0.0,1.25,28.84,35.0,23.8,-4.2,-1.07,SYNTHETIC_DATASET
JRN_20260716_12017,12017,SHATABDI,2026-07-16T07:11:48,2026-07-16,7,3,0,SEC_GZB_MTC,GZB,MTC,47.0,40.0,120.0,99.79,-1.07,-4.2,LOW,CLEAR,10.0,0,,0,0.0,0.0,41.2,50.0,34.0,-6.0,-7.07,SYNTHETIC_DATASET
JRN_20260716_12017,12017,SHATABDI,2026-07-16T07:48:48,2026-07-16,7,3,0,SEC_MTC_MOZ,MTC,MOZ,56.0,45.0,110.0,87.79,-7.07,-6.0,LOW,CLEAR,10.0,0,,0,0.0,0.0,46.35,56.25,38.25,-6.75,-13.82,SYNTHETIC_DATASET
JRN_20260716_12017,12017,SHATABDI,2026-07-16T08:30:03,2026-07-16,8,3,0,SEC_MOZ_SRE,MOZ,SRE,59.0,52.0,100.0,89.34,-13.82,-6.75,MEDIUM,CLEAR,10.0,0,,0,0.0,0.0,53.56,65.0,48.01,-3.99,-17.81,SYNTHETIC_DATASET
JRN_20260716_12017,12017,SHATABDI,2026-07-16T09:21:03,2026-07-16,9,3,0,SEC_SRE_RK,SRE,RK,34.0,32.0,100.0,77.9,-17.81,-3.99,HIGH,CLEAR,10.0,0,,0,0.0,0.0,32.96,40.0,34.77,2.77,-15.04,SYNTHETIC_DATASET
JRN_20260716_12017,12017,SHATABDI,2026-07-16T09:58:49,2026-07-16,9,3,0,SEC_RK_HW,RK,HW,42.0,45.0,80.0,63.8,-15.04,2.77,MEDIUM,RAIN,4.99,0,,1,11.21,0.0,46.35,56.25,58.59,13.59,-1.45,SYNTHETIC_DATASET
JRN_20260716_12017,12017,SHATABDI,2026-07-16T11:00:25,2026-07-16,11,3,0,SEC_HW_DDN,HW,DDN,51.0,68.0,60.0,46.59,-1.45,13.59,MEDIUM,CLEAR,10.0,0,,0,0.0,0.0,70.04,85.0,69.35,1.35,-0.1,SYNTHETIC_DATASET
JRN_20260716_12055,12055,SUPERFAST,2026-07-16T15:20:00,2026-07-16,15,3,0,SEC_NDLS_GZB,NDLS,GZB,25.0,28.0,110.0,88.03,-1.78,0.0,LOW,CLEAR,10.0,0,,0,0.0,0.0,28.84,35.0,23.8,-4.2,-5.98,SYNTHETIC_DATASET
JRN_20260716_12055,12055,SUPERFAST,2026-07-16T15:46:48,2026-07-16,15,3,0,SEC_GZB_MTC,GZB,MTC,47.0,40.0,120.0,96.95,-5.98,-4.2,LOW,CLEAR,10.0,0,,0,0.0,0.0,41.2,50.0,34.0,-6.0,-11.98,SYNTHETIC_DATASET
JRN_20260716_12055,12055,SUPERFAST,2026-07-16T16:23:48,2026-07-16,16,3,0,SEC_MTC_MOZ,MTC,MOZ,56.0,45.0,110.0,86.59,-11.98,-6.0,MEDIUM,CLEAR,10.0,0,,0,0.0,0.0,46.35,56.25,41.6,-3.4,-15.38,SYNTHETIC_DATASET
JRN_20260716_12055,12055,SUPERFAST,2026-07-16T17:08:24,2026-07-16,17,3,0,SEC_MOZ_SRE,MOZ,SRE,59.0,52.0,100.0,79.3,-15.38,-3.4,MEDIUM,CLEAR,10.0,0,,0,0.0,0.0,53.56,65.0,47.85,-4.15,-19.53,SYNTHETIC_DATASET
JRN_20260716_12055,12055,SUPERFAST,2026-07-16T17:59:15,2026-07-16,17,3,0,SEC_SRE_RK,SRE,RK,34.0,32.0,100.0,85.91,-19.53,-4.15,HIGH,CLEAR,10.0,0,,0,0.0,0.0,32.96,40.0,35.5,3.5,-16.03,SYNTHETIC_DATASET
JRN_20260716_12055,12055,SUPERFAST,2026-07-16T18:37:45,2026-07-16,18,3,0,SEC_RK_HW,RK,HW,42.0,45.0,80.0,65.04,-16.03,3.5,HIGH,CLEAR,10.0,0,,1,4.48,0.0,46.35,56.25,57.98,12.98,-3.05,SYNTHETIC_DATASET
JRN_20260716_12055,12055,SUPERFAST,2026-07-16T19:38:43,2026-07-16,19,3,0,SEC_HW_DDN,HW,DDN,51.0,68.0,60.0,37.8,-3.05,12.98,MEDIUM,CLEAR,10.0,1,45.0,0,0.0,0.0,70.04,85.0,92.11,24.11,21.06,SYNTHETIC_DATASET
JRN_20260716_14041,14041,EXPRESS,2026-07-16T22:25:00,2026-07-16,22,3,0,SEC_NDLS_GZB,NDLS,GZB,25.0,28.0,110.0,87.45,-1.72,0.0,MEDIUM,CLEAR,10.0,0,,1,9.81,0.0,28.84,35.0,28.46,0.46,-1.26,SYNTHETIC_DATASET
JRN_20260716_14041,14041,EXPRESS,2026-07-16T22:56:27,2026-07-16,22,3,0,SEC_GZB_MTC,GZB,MTC,47.0,40.0,120.0,43.74,-1.26,0.46,LOW,CLEAR,10.0,1,50.0,0,0.0,0.0,41.2,50.0,63.15,23.15,21.89,SYNTHETIC_DATASET
JRN_20260716_14041,14041,EXPRESS,2026-07-17T00:02:36,2026-07-16,0,3,0,SEC_MTC_MOZ,MTC,MOZ,56.0,45.0,110.0,86.82,21.89,23.15,HIGH,RAIN,4.71,0,,1,11.05,0.0,46.35,56.25,69.43,24.43,46.32,SYNTHETIC_DATASET
JRN_20260716_14041,14041,EXPRESS,2026-07-17T01:15:02,2026-07-16,1,3,0,SEC_MOZ_SRE,MOZ,SRE,59.0,52.0,100.0,81.83,46.32,24.43,LOW,CLEAR,10.0,0,,0,0.0,11.45,53.56,65.0,44.199999999999996,-7.8,38.52,SYNTHETIC_DATASET
JRN_20260716_14041,14041,EXPRESS,2026-07-17T02:02:14,2026-07-16,2,3,0,SEC_SRE_RK,SRE,RK,34.0,32.0,100.0,80.28,38.52,-7.8,HIGH,CLEAR,10.0,0,,1,3.87,0.0,32.96,40.0,39.1,7.1,45.62,SYNTHETIC_DATASET
JRN_20260716_14041,14041,EXPRESS,2026-07-17T02:44:20,2026-07-16,2,3,0,SEC_RK_HW,RK,HW,42.0,45.0,80.0,67.15,45.62,7.1,LOW,CLEAR,10.0,0,,0,0.0,9.19,46.35,56.25,38.25,-6.75,38.87,SYNTHETIC_DATASET
JRN_20260716_14041,14041,EXPRESS,2026-07-17T03:25:35,2026-07-16,3,3,0,SEC_HW_DDN,HW,DDN,51.0,68.0,60.0,53.07,38.87,-6.75,MEDIUM,CLEAR,10.0,0,,0,0.0,0.0,70.04,85.0,68.44,0.44,39.31,SYNTHETIC_DATASET
JRN_20260716_14309,14309,PASSENGER,2026-07-16T11:15:00,2026-07-16,11,3,0,SEC_NDLS_GZB,NDLS,GZB,25.0,28.0,110.0,91.35,0.38,0.0,LOW,CLEAR,10.0,0,,0,0.0,0.0,28.84,35.0,23.8,-4.2,-3.82,SYNTHETIC_DATASET
JRN_20260716_14309,14309,PASSENGER,2026-07-16T11:41:48,2026-07-16,11,3,0,SEC_GZB_MTC,GZB,MTC,47.0,40.0,120.0,96.97,-3.82,-4.2,LOW,CLEAR,10.0,0,,0,0.0,0.0,41.2,50.0,34.0,-6.0,-9.82,SYNTHETIC_DATASET
JRN_20260716_14309,14309,PASSENGER,2026-07-16T12:18:48,2026-07-16,12,3,0,SEC_MTC_MOZ,MTC,MOZ,56.0,45.0,110.0,89.09,-9.82,-6.0,LOW,RAIN,4.97,0,,0,0.0,0.0,46.35,56.25,38.75,-6.25,-16.07,SYNTHETIC_DATASET
JRN_20260716_14309,14309,PASSENGER,2026-07-16T13:00:33,2026-07-16,13,3,0,SEC_MOZ_SRE,MOZ,SRE,59.0,52.0,100.0,87.52,-16.07,-6.25,LOW,CLEAR,10.0,0,,0,0.0,0.0,53.56,65.0,44.199999999999996,-7.8,-23.87,SYNTHETIC_DATASET
JRN_20260716_14309,14309,PASSENGER,2026-07-16T13:47:45,2026-07-16,13,3,0,SEC_SRE_RK,SRE,RK,34.0,32.0,100.0,81.29,-23.87,-7.8,LOW,CLEAR,10.0,0,,0,0.0,0.0,32.96,40.0,27.2,-4.8,-28.67,SYNTHETIC_DATASET
JRN_20260716_14309,14309,PASSENGER,2026-07-16T14:17:57,2026-07-16,14,3,0,SEC_RK_HW,RK,HW,42.0,45.0,80.0,69.91,-28.67,-4.8,LOW,CLEAR,10.0,0,,0,0.0,0.0,46.35,56.25,38.25,-6.75,-35.42,SYNTHETIC_DATASET
JRN_20260716_14309,14309,PASSENGER,2026-07-16T14:59:12,2026-07-16,14,3,0,SEC_HW_DDN,HW,DDN,51.0,68.0,60.0,50.46,-35.42,-6.75,HIGH,CLEAR,10.0,0,,0,0.0,0.0,70.04,85.0,86.79,18.79,-16.63,SYNTHETIC_DATASET
JRN_20260717_12017,12017,SHATABDI,2026-07-17T06:45:00,2026-07-17,6,4,0,SEC_NDLS_GZB,NDLS,GZB,25.0,28.0,110.0,85.49,22.12,0.0,LOW,CLEAR,10.0,0,,0,0.0,8.85,28.84,35.0,23.8,-4.2,17.92,SYNTHETIC_DATASET
JRN_20260717_12017,12017,SHATABDI,2026-07-17T07:11:48,2026-07-17,7,4,0,SEC_GZB_MTC,GZB,MTC,47.0,40.0,120.0,93.07,17.92,-4.2,LOW,RAIN,4.75,0,,0,0.0,0.0,41.2,50.0,34.0,-6.0,11.92,SYNTHETIC_DATASET
JRN_20260717_12017,12017,SHATABDI,2026-07-17T07:48:48,2026-07-17,7,4,0,SEC_MTC_MOZ,MTC,MOZ,56.0,45.0,110.0,97.77,11.92,-6.0,LOW,CLEAR,10.0,0,,1,7.87,4.77,46.35,56.25,38.25,-6.75,5.17,SYNTHETIC_DATASET
JRN_20260717_12017,12017,SHATABDI,2026-07-17T08:30:03,2026-07-17,8,4,0,SEC_MOZ_SRE,MOZ,SRE,59.0,52.0,100.0,81.84,5.17,-6.75,LOW,CLEAR,10.0,0,,0,0.0,2.07,53.56,65.0,44.199999999999996,-7.8,-2.63,SYNTHETIC_DATASET
JRN_20260717_12017,12017,SHATABDI,2026-07-17T09:17:15,2026-07-17,9,4,0,SEC_SRE_RK,SRE,RK,34.0,32.0,100.0,87.19,-2.63,-7.8,HIGH,CLEAR,10.0,0,,1,11.49,0.0,32.96,40.0,47.33,15.33,12.7,SYNTHETIC_DATASET
JRN_20260717_12017,12017,SHATABDI,2026-07-17T10:07:34,2026-07-17,10,4,0,SEC_RK_HW,RK,HW,42.0,45.0,80.0,69.7,12.7,15.33,HIGH,CLEAR,10.0,0,,0,0.0,0.0,46.35,56.25,54.07,9.07,21.77,SYNTHETIC_DATASET
JRN_20260717_12017,12017,SHATABDI,2026-07-17T11:04:39,2026-07-17,11,4,0,SEC_HW_DDN,HW,DDN,51.0,68.0,60.0,51.48,21.77,9.07,MEDIUM,CLEAR,10.0,0,,0,0.0,0.0,70.04,85.0,69.7,1.7,23.47,SYNTHETIC_DATASET
JRN_20260717_12055,12055,SUPERFAST,2026-07-17T15:20:00,2026-07-17,15,4,0,SEC_NDLS_GZB,NDLS,GZB,25.0,28.0,110.0,97.83,0.85,0.0,LOW,CLEAR,10.0,0,,1,8.02,0.0,28.84,35.0,23.8,-4.2,-3.35,SYNTHETIC_DATASET
JRN_20260717_12055,12055,SUPERFAST,2026-07-17T15:46:48,2026-07-17,15,4,0,SEC_GZB_MTC,GZB,MTC,47.0,40.0,120.0,94.08,-3.35,-4.2,LOW,CLEAR,10.0,0,,0,0.0,0.0,41.2,50.0,34.0,-6.0,-9.35,SYNTHETIC_DATASET
JRN_20260717_12055,12055,SUPERFAST,2026-07-17T16:23:48,2026-07-17,16,4,0,SEC_MTC_MOZ,MTC,MOZ,56.0,45.0,110.0,94.68,-9.35,-6.0,LOW,CLEAR,10.0,0,,0,0.0,0.0,46.35,56.25,38.25,-6.75,-16.1,SYNTHETIC_DATASET
JRN_20260717_12055,12055,SUPERFAST,2026-07-17T17:05:03,2026-07-17,17,4,0,SEC_MOZ_SRE,MOZ,SRE,59.0,52.0,100.0,79.87,-16.1,-6.75,LOW,CLEAR,10.0,0,,0,0.0,0.0,53.56,65.0,44.199999999999996,-7.8,-23.9,SYNTHETIC_DATASET
JRN_20260717_12055,12055,SUPERFAST,2026-07-17T17:52:15,2026-07-17,17,4,0,SEC_SRE_RK,SRE,RK,34.0,32.0,100.0,79.6,-23.9,-7.8,HIGH,RAIN,3.16,0,,0,0.0,0.0,32.96,40.0,39.2,7.2,-16.7,SYNTHETIC_DATASET
JRN_20260717_12055,12055,SUPERFAST,2026-07-17T18:34:27,2026-07-17,18,4,0,SEC_RK_HW,RK,HW,42.0,45.0,80.0,70.53,-16.7,7.2,MEDIUM,CLEAR,10.0,0,,1,6.79,0.0,46.35,56.25,49.05,4.05,-12.65,SYNTHETIC_DATASET
JRN_20260717_12055,12055,SUPERFAST,2026-07-17T19:26:30,2026-07-17,19,4,0,SEC_HW_DDN,HW,DDN,51.0,68.0,60.0,48.25,-12.65,4.05,HIGH,RAIN,4.54,0,,0,0.0,0.0,70.04,85.0,96.97,28.97,16.32,SYNTHETIC_DATASET
JRN_20260717_14041,14041,EXPRESS,2026-07-17T22:25:00,2026-07-17,22,4,0,SEC_NDLS_GZB,NDLS,GZB,25.0,28.0,110.0,85.53,0.93,0.0,LOW,CLEAR,10.0,0,,0,0.0,0.0,28.84,35.0,23.8,-4.2,-3.27,SYNTHETIC_DATASET
JRN_20260717_14041,14041,EXPRESS,2026-07-17T22:51:48,2026-07-17,22,4,0,SEC_GZB_MTC,GZB,MTC,47.0,40.0,120.0,84.91,-3.27,-4.2,LOW,RAIN,4.83,0,,0,0.0,0.0,41.2,50.0,34.0,-6.0,-9.27,SYNTHETIC_DATASET
JRN_20260717_14041,14041,EXPRESS,2026-07-17T23:28:48,2026-07-17,23,4,0,SEC_MTC_MOZ,MTC,MOZ,56.0,45.0,110.0,94.87,-9.27,-6.0,MEDIUM,CLEAR,10.0,0,,0,0.0,0.0,46.35,56.25,41.36,-3.64,-12.91,SYNTHETIC_DATASET
JRN_20260717_14041,14041,EXPRESS,2026-07-18T00:13:09,2026-07-17,0,4,0,SEC_MOZ_SRE,MOZ,SRE,59.0,52.0,100.0,41.56,-12.91,-3.64,LOW,CLEAR,10.0,1,50.0,0,0.0,0.0,53.56,65.0,78.28,26.28,13.37,SYNTHETIC_DATASET
JRN_20260717_14041,14041,EXPRESS,2026-07-18T01:34:26,2026-07-17,1,4,0,SEC_SRE_RK,SRE,RK,34.0,32.0,100.0,74.69,13.37,26.28,MEDIUM,RAIN,2.26,0,,0,0.0,0.0,32.96,40.0,31.01,-0.99,12.38,SYNTHETIC_DATASET
JRN_20260717_14041,14041,EXPRESS,2026-07-18T02:08:27,2026-07-17,2,4,0,SEC_RK_HW,RK,HW,42.0,45.0,80.0,69.68,12.38,-0.99,LOW,CLEAR,10.0,0,,0,0.0,4.95,46.35,56.25,38.25,-6.75,5.63,SYNTHETIC_DATASET
JRN_20260717_14041,14041,EXPRESS,2026-07-18T02:49:42,2026-07-17,2,4,0,SEC_HW_DDN,HW,DDN,51.0,68.0,60.0,49.04,5.63,-6.75,LOW,CLEAR,10.0,0,,0,0.0,2.25,70.04,85.0,57.8,-10.2,-4.57,SYNTHETIC_DATASET
JRN_20260717_14309,14309,PASSENGER,2026-07-17T11:15:00,2026-07-17,11,4,0,SEC_NDLS_GZB,NDLS,GZB,25.0,28.0,110.0,86.39,0.23,0.0,MEDIUM,CLEAR,10.0,0,,0,0.0,0.0,28.84,35.0,23.8,-4.2,-3.97,SYNTHETIC_DATASET
JRN_20260717_14309,14309,PASSENGER,2026-07-17T11:41:48,2026-07-17,11,4,0,SEC_GZB_MTC,GZB,MTC,47.0,40.0,120.0,98.51,-3.97,-4.2,LOW,CLEAR,10.0,0,,0,0.0,0.0,41.2,50.0,34.0,-6.0,-9.97,SYNTHETIC_DATASET
JRN_20260717_14309,14309,PASSENGER,2026-07-17T12:18:48,2026-07-17,12,4,0,SEC_MTC_MOZ,MTC,MOZ,56.0,45.0,110.0,94.35,-9.97,-6.0,MEDIUM,CLEAR,10.0,0,,0,0.0,0.0,46.35,56.25,41.05,-3.95,-13.92,SYNTHETIC_DATASET
JRN_20260717_14309,14309,PASSENGER,2026-07-17T13:02:51,2026-07-17,13,4,0,SEC_MOZ_SRE,MOZ,SRE,59.0,52.0,100.0,81.83,-13.92,-3.95,LOW,CLEAR,10.0,0,,0,0.0,0.0,53.56,65.0,44.199999999999996,-7.8,-21.72,SYNTHETIC_DATASET
JRN_20260717_14309,14309,PASSENGER,2026-07-17T13:50:03,2026-07-17,13,4,0,SEC_SRE_RK,SRE,RK,34.0,32.0,100.0,78.49,-21.72,-7.8,LOW,CLEAR,10.0,0,,0,0.0,0.0,32.96,40.0,27.2,-4.8,-26.52,SYNTHETIC_DATASET
JRN_20260717_14309,14309,PASSENGER,2026-07-17T14:20:15,2026-07-17,14,4,0,SEC_RK_HW,RK,HW,42.0,45.0,80.0,63.49,-26.52,-4.8,LOW,CLEAR,10.0,0,,0,0.0,0.0,46.35,56.25,38.25,-6.75,-33.27,SYNTHETIC_DATASET
JRN_20260717_14309,14309,PASSENGER,2026-07-17T15:01:30,2026-07-17,15,4,0,SEC_HW_DDN,HW,DDN,51.0,68.0,60.0,47.1,-33.27,-6.75,MEDIUM,CLEAR,10.0,0,,0,0.0,0.0,70.04,85.0,69.27,1.27,-32.0,SYNTHETIC_DATASET
JRN_20260718_12017,12017,SHATABDI,2026-07-18T06:45:00,2026-07-18,6,5,1,SEC_NDLS_GZB,NDLS,GZB,25.0,28.0,110.0,40.45,-1.04,0.0,LOW,CLEAR,10.0,1,50.0,0,0.0,0.0,28.84,35.0,33.24,5.24,4.2,SYNTHETIC_DATASET
JRN_20260718_12017,12017,SHATABDI,2026-07-18T07:21:14,2026-07-18,7,5,1,SEC_GZB_MTC,GZB,MTC,47.0,40.0,120.0,98.6,4.2,5.24,LOW,CLEAR,10.0,0,,0,0.0,1.68,41.2,50.0,34.0,-6.0,-1.8,SYNTHETIC_DATASET
JRN_20260718_12017,12017,SHATABDI,2026-07-18T07:58:14,2026-07-18,7,5,1,SEC_MTC_MOZ,MTC,MOZ,56.0,45.0,110.0,98.1,-1.8,-6.0,LOW,CLEAR,10.0,0,,0,0.0,0.0,46.35,56.25,38.25,-6.75,-8.55,SYNTHETIC_DATASET
JRN_20260718_12017,12017,SHATABDI,2026-07-18T08:39:29,2026-07-18,8,5,1,SEC_MOZ_SRE,MOZ,SRE,59.0,52.0,100.0,82.05,-8.55,-6.75,HIGH,CLEAR,10.0,0,,0,0.0,0.0,53.56,65.0,60.67,8.67,0.12,SYNTHETIC_DATASET
JRN_20260718_12017,12017,SHATABDI,2026-07-18T09:43:09,2026-07-18,9,5,1,SEC_SRE_RK,SRE,RK,34.0,32.0,100.0,78.44,0.12,8.67,MEDIUM,CLEAR,10.0,0,,1,4.75,0.0,32.96,40.0,31.81,-0.19,-0.07,SYNTHETIC_DATASET
JRN_20260718_12017,12017,SHATABDI,2026-07-18T10:17:58,2026-07-18,10,5,1,SEC_RK_HW,RK,HW,42.0,45.0,80.0,71.15,-0.07,-0.19,HIGH,CLEAR,10.0,0,,1,9.46,0.0,46.35,56.25,63.22,18.22,18.15,SYNTHETIC_DATASET
JRN_20260718_12017,12017,SHATABDI,2026-07-18T11:24:11,2026-07-18,11,5,1,SEC_HW_DDN,HW,DDN,51.0,68.0,60.0,44.89,18.15,18.22,LOW,RAIN,4.45,0,,0,0.0,0.0,70.04,85.0,62.89,-5.11,13.04,SYNTHETIC_DATASET
JRN_20260718_12055,12055,SUPERFAST,2026-07-18T15:20:00,2026-07-18,15,5,1,SEC_NDLS_GZB,NDLS,GZB,25.0,28.0,110.0,90.34,-1.6,0.0,LOW,CLEAR,10.0,0,,0,0.0,0.0,28.84,35.0,23.8,-4.2,-5.8,SYNTHETIC_DATASET
JRN_20260718_12055,12055,SUPERFAST,2026-07-18T15:46:48,2026-07-18,15,5,1,SEC_GZB_MTC,GZB,MTC,47.0,40.0,120.0,103.8,-5.8,-4.2,LOW,CLEAR,10.0,0,,0,0.0,0.0,41.2,50.0,34.0,-6.0,-11.8,SYNTHETIC_DATASET
JRN_20260718_12055,12055,SUPERFAST,2026-07-18T16:23:48,2026-07-18,16,5,1,SEC_MTC_MOZ,MTC,MOZ,56.0,45.0,110.0,91.68,-11.8,-6.0,LOW,CLEAR,10.0,0,,0,0.0,0.0,46.35,56.25,38.25,-6.75,-18.55,SYNTHETIC_DATASET
JRN_20260718_12055,12055,SUPERFAST,2026-07-18T17:05:03,2026-07-18,17,5,1,SEC_MOZ_SRE,MOZ,SRE,59.0,52.0,100.0,87.74,-18.55,-6.75,HIGH,CLEAR,10.0,0,,1,3.93,0.0,53.56,65.0,65.09,13.09,-5.46,SYNTHETIC_DATASET
JRN_20260718_12055,12055,SUPERFAST,2026-07-18T18:13:08,2026-07-18,18,5,1,SEC_SRE_RK,SRE,RK,34.0,32.0,100.0,87.62,-5.46,13.09,MEDIUM,CLEAR,10.0,0,,0,0.0,0.0,32.96,40.0,27.33,-4.67,-10.13,SYNTHETIC_DATASET
JRN_20260718_12055,12055,SUPERFAST,2026-07-18T18:43:28,2026-07-18,18,5,1,SEC_RK_HW,RK,HW,42.0,45.0,80.0,67.62,-10.13,-4.67,MEDIUM,CLEAR,10.0,0,,1,5.72,0.0,46.35,56.25,48.86,3.86,-6.27,SYNTHETIC_DATASET
JRN_20260718_12055,12055,SUPERFAST,2026-07-18T19:35:19,2026-07-18,19,5,1,SEC_HW_DDN,HW,DDN,51.0,68.0,60.0,51.97,-6.27,3.86,MEDIUM,CLEAR,10.0,0,,0,0.0,0.0,70.04,85.0,70.04,2.04,-4.23,SYNTHETIC_DATASET
JRN_20260718_14041,14041,EXPRESS,2026-07-18T22:25:00,2026-07-18,22,5,1,SEC_NDLS_GZB,NDLS,GZB,25.0,28.0,110.0,96.88,-1.14,0.0,LOW,CLEAR,10.0,0,,0,0.0,0.0,28.84,35.0,23.8,-4.2,-5.34,SYNTHETIC_DATASET
JRN_20260718_14041,14041,EXPRESS,2026-07-18T22:51:48,2026-07-18,22,5,1,SEC_GZB_MTC,GZB,MTC,47.0,40.0,120.0,42.62,-5.34,-4.2,LOW,CLEAR,10.0,1,50.0,1,11.12,0.0,41.2,50.0,73.19,33.19,27.85,SYNTHETIC_DATASET
JRN_20260718_14041,14041,EXPRESS,2026-07-19T00:07:59,2026-07-18,0,5,1,SEC_MTC_MOZ,MTC,MOZ,56.0,45.0,110.0,88.66,27.85,33.19,LOW,RAIN,2.76,0,,0,0.0,0.0,46.35,56.25,38.25,-6.75,21.1,SYNTHETIC_DATASET
JRN_20260718_14041,14041,EXPRESS,2026-07-19T00:49:14,2026-07-18,0,5,1,SEC_MOZ_SRE,MOZ,SRE,59.0,52.0,100.0,85.64,21.1,-6.75,LOW,CLEAR,10.0,0,,0,0.0,8.44,53.56,65.0,44.199999999999996,-7.8,13.3,SYNTHETIC_DATASET
JRN_20260718_14041,14041,EXPRESS,2026-07-19T01:36:26,2026-07-18,1,5,1,SEC_SRE_RK,SRE,RK,34.0,32.0,100.0,44.77,13.3,-7.8,LOW,CLEAR,10.0,1,50.0,0,0.0,0.0,32.96,40.0,45.68,13.68,26.98,SYNTHETIC_DATASET
JRN_20260718_14041,14041,EXPRESS,2026-07-19T02:25:07,2026-07-18,2,5,1,SEC_RK_HW,RK,HW,42.0,45.0,80.0,64.83,26.98,13.68,LOW,CLEAR,10.0,0,,0,0.0,9.19,46.35,56.25,38.25,-6.75,20.23,SYNTHETIC_DATASET
JRN_20260718_14041,14041,EXPRESS,2026-07-19T03:06:22,2026-07-18,3,5,1,SEC_HW_DDN,HW,DDN,51.0,68.0,60.0,53.61,20.23,-6.75,LOW,CLEAR,10.0,0,,0,0.0,8.09,70.04,85.0,57.8,-10.2,10.03,SYNTHETIC_DATASET
JRN_20260718_14309,14309,PASSENGER,2026-07-18T11:15:00,2026-07-18,11,5,1,SEC_NDLS_GZB,NDLS,GZB,25.0,28.0,110.0,88.9,-1.28,0.0,HIGH,CLEAR,10.0,0,,0,0.0,0.0,28.84,35.0,23.8,-4.2,-5.48,SYNTHETIC_DATASET
JRN_20260718_14309,14309,PASSENGER,2026-07-18T11:41:48,2026-07-18,11,5,1,SEC_GZB_MTC,GZB,MTC,47.0,40.0,120.0,88.52,-5.48,-4.2,HIGH,RAIN,3.49,0,,0,0.0,0.0,41.2,50.0,44.91,4.91,-0.57,SYNTHETIC_DATASET
JRN_20260718_14309,14309,PASSENGER,2026-07-18T12:29:42,2026-07-18,12,5,1,SEC_MTC_MOZ,MTC,MOZ,56.0,45.0,110.0,94.34,-0.57,4.91,LOW,CLEAR,10.0,0,,0,0.0,0.0,46.35,56.25,38.25,-6.75,-7.32,SYNTHETIC_DATASET
JRN_20260718_14309,14309,PASSENGER,2026-07-18T13:10:57,2026-07-18,13,5,1,SEC_MOZ_SRE,MOZ,SRE,59.0,52.0,100.0,80.55,-7.32,-6.75,LOW,CLEAR,10.0,0,,0,0.0,0.0,53.56,65.0,44.199999999999996,-7.8,-15.12,SYNTHETIC_DATASET
JRN_20260718_14309,14309,PASSENGER,2026-07-18T13:58:09,2026-07-18,13,5,1,SEC_SRE_RK,SRE,RK,34.0,32.0,100.0,86.29,-15.12,-7.8,LOW,CLEAR,10.0,0,,0,0.0,0.0,32.96,40.0,27.2,-4.8,-19.92,SYNTHETIC_DATASET
JRN_20260718_14309,14309,PASSENGER,2026-07-18T14:28:21,2026-07-18,14,5,1,SEC_RK_HW,RK,HW,42.0,45.0,80.0,68.27,-19.92,-4.8,LOW,CLEAR,10.0,0,,0,0.0,0.0,46.35,56.25,38.25,-6.75,-26.67,SYNTHETIC_DATASET
JRN_20260718_14309,14309,PASSENGER,2026-07-18T15:09:36,2026-07-18,15,5,1,SEC_HW_DDN,HW,DDN,51.0,68.0,60.0,50.64,-26.67,-6.75,LOW,CLEAR,10.0,0,,0,0.0,0.0,70.04,85.0,57.8,-10.2,-36.87,SYNTHETIC_DATASET
JRN_20260719_12017,12017,SHATABDI,2026-07-19T06:45:00,2026-07-19,6,6,1,SEC_NDLS_GZB,NDLS,GZB,25.0,28.0,110.0,91.16,-1.65,0.0,MEDIUM,CLEAR,10.0,0,,0,0.0,0.0,28.84,35.0,23.8,-4.2,-5.85,SYNTHETIC_DATASET
JRN_20260719_12017,12017,SHATABDI,2026-07-19T07:11:48,2026-07-19,7,6,1,SEC_GZB_MTC,GZB,MTC,47.0,40.0,120.0,94.24,-5.85,-4.2,LOW,CLEAR,10.0,0,,0,0.0,0.0,41.2,50.0,34.0,-6.0,-11.85,SYNTHETIC_DATASET
JRN_20260719_12017,12017,SHATABDI,2026-07-19T07:48:48,2026-07-19,7,6,1,SEC_MTC_MOZ,MTC,MOZ,56.0,45.0,110.0,98.8,-11.85,-6.0,LOW,CLEAR,10.0,0,,0,0.0,0.0,46.35,56.25,38.25,-6.75,-18.6,SYNTHETIC_DATASET
JRN_20260719_12017,12017,SHATABDI,2026-07-19T08:30:03,2026-07-19,8,6,1,SEC_MOZ_SRE,MOZ,SRE,59.0,52.0,100.0,80.73,-18.6,-6.75,HIGH,CLEAR,10.0,0,,0,0.0,0.0,53.56,65.0,61.75,9.75,-8.85,SYNTHETIC_DATASET
JRN_20260719_12017,12017,SHATABDI,2026-07-19T09:34:48,2026-07-19,9,6,1,SEC_SRE_RK,SRE,RK,34.0,32.0,100.0,84.28,-8.85,9.75,HIGH,CLEAR,10.0,0,,0,0.0,0.0,32.96,40.0,35.61,3.61,-5.24,SYNTHETIC_DATASET
JRN_20260719_12017,12017,SHATABDI,2026-07-19T10:13:24,2026-07-19,10,6,1,SEC_RK_HW,RK,HW,42.0,45.0,80.0,65.83,-5.24,3.61,LOW,CLEAR,10.0,0,,0,0.0,0.0,46.35,56.25,38.25,-6.75,-11.99,SYNTHETIC_DATASET
JRN_20260719_12017,12017,SHATABDI,2026-07-19T10:54:39,2026-07-19,10,6,1,SEC_HW_DDN,HW,DDN,51.0,68.0,60.0,47.81,-11.99,-6.75,MEDIUM,RAIN,3.6,0,,0,0.0,0.0,70.04,85.0,76.84,8.84,-3.15,SYNTHETIC_DATASET
JRN_20260719_12055,12055,SUPERFAST,2026-07-19T15:20:00,2026-07-19,15,6,1,SEC_NDLS_GZB,NDLS,GZB,25.0,28.0,110.0,85.68,0.02,0.0,LOW,CLEAR,10.0,0,,0,0.0,0.0,28.84,35.0,23.8,-4.2,-4.18,SYNTHETIC_DATASET
JRN_20260719_12055,12055,SUPERFAST,2026-07-19T15:46:48,2026-07-19,15,6,1,SEC_GZB_MTC,GZB,MTC,47.0,40.0,120.0,24.13,-4.18,-4.2,LOW,CLEAR,10.0,1,30.0,0,0.0,0.0,41.2,50.0,104.35,64.35,60.17,SYNTHETIC_DATASET
JRN_20260719_12055,12055,SUPERFAST,2026-07-19T17:34:09,2026-07-19,17,6,1,SEC_MTC_MOZ,MTC,MOZ,56.0,45.0,110.0,97.54,60.17,64.35,HIGH,CLEAR,10.0,0,,0,0.0,0.0,46.35,56.25,51.94,6.94,67.11,SYNTHETIC_DATASET
JRN_20260719_12055,12055,SUPERFAST,2026-07-19T18:29:05,2026-07-19,18,6,1,SEC_MOZ_SRE,MOZ,SRE,59.0,52.0,100.0,81.95,67.11,6.94,MEDIUM,CLEAR,10.0,0,,0,0.0,0.0,53.56,65.0,48.1,-3.9,63.21,SYNTHETIC_DATASET
JRN_20260719_12055,12055,SUPERFAST,2026-07-19T19:20:11,2026-07-19,19,6,1,SEC_SRE_RK,SRE,RK,34.0,32.0,100.0,85.28,63.21,-3.9,HIGH,CLEAR,10.0,0,,1,5.67,0.0,32.96,40.0,41.6,9.6,72.81,SYNTHETIC_DATASET
JRN_20260719_12055,12055,SUPERFAST,2026-07-19T20:04:47,2026-07-19,20,6,1,SEC_RK_HW,RK,HW,42.0,45.0,80.0,61.72,72.81,9.6,HIGH,CLEAR,10.0,0,,0,0.0,0.0,46.35,56.25,54.99,9.99,82.8,SYNTHETIC_DATASET
JRN_20260719_12055,12055,SUPERFAST,2026-07-19T21:02:46,2026-07-19,21,6,1,SEC_HW_DDN,HW,DDN,51.0,68.0,60.0,45.3,82.8,9.99,LOW,RAIN,4.07,0,,0,0.0,0.0,70.04,85.0,62.94,-5.06,77.74,SYNTHETIC_DATASET
JRN_20260719_14041,14041,EXPRESS,2026-07-19T22:25:00,2026-07-19,22,6,1,SEC_NDLS_GZB,NDLS,GZB,25.0,28.0,110.0,93.99,-1.54,0.0,LOW,CLEAR,10.0,0,,0,0.0,0.0,28.84,35.0,23.8,-4.2,-5.74,SYNTHETIC_DATASET
JRN_20260719_14041,14041,EXPRESS,2026-07-19T22:51:48,2026-07-19,22,6,1,SEC_GZB_MTC,GZB,MTC,47.0,40.0,120.0,40.16,-5.74,-4.2,MEDIUM,CLEAR,10.0,1,50.0,0,0.0,0.0,41.2,50.0,77.13,37.13,31.39,SYNTHETIC_DATASET
JRN_20260719_14041,14041,EXPRESS,2026-07-20T00:11:55,2026-07-19,0,6,1,SEC_MTC_MOZ,MTC,MOZ,56.0,45.0,110.0,96.5,31.39,37.13,LOW,CLEAR,10.0,0,,0,0.0,9.98,46.35,56.25,38.25,-6.75,24.64,SYNTHETIC_DATASET
JRN_20260719_14041,14041,EXPRESS,2026-07-20T00:53:10,2026-07-19,0,6,1,SEC_MOZ_SRE,MOZ,SRE,59.0,52.0,100.0,85.79,24.64,-6.75,LOW,CLEAR,10.0,0,,0,0.0,9.86,53.56,65.0,44.199999999999996,-7.8,16.84,SYNTHETIC_DATASET
JRN_20260719_14041,14041,EXPRESS,2026-07-20T01:40:22,2026-07-19,1,6,1,SEC_SRE_RK,SRE,RK,34.0,32.0,100.0,26.33,16.84,-7.8,LOW,CLEAR,10.0,1,30.0,0,0.0,0.0,32.96,40.0,75.42,43.42,60.26,SYNTHETIC_DATASET
JRN_20260719_14041,14041,EXPRESS,2026-07-20T02:58:48,2026-07-19,2,6,1,SEC_RK_HW,RK,HW,42.0,45.0,80.0,63.7,60.26,43.42,MEDIUM,CLEAR,10.0,0,,1,4.56,0.0,46.35,56.25,47.01,2.01,62.27,SYNTHETIC_DATASET
JRN_20260719_14041,14041,EXPRESS,2026-07-20T03:48:48,2026-07-19,3,6,1,SEC_HW_DDN,HW,DDN,51.0,68.0,60.0,47.32,62.27,2.01,LOW,CLEAR,10.0,0,,0,0.0,11.05,70.04,85.0,57.8,-10.2,52.07,SYNTHETIC_DATASET
JRN_20260719_14309,14309,PASSENGER,2026-07-19T11:15:00,2026-07-19,11,6,1,SEC_NDLS_GZB,NDLS,GZB,25.0,28.0,110.0,96.8,-1.06,0.0,LOW,CLEAR,10.0,0,,0,0.0,0.0,28.84,35.0,23.8,-4.2,-5.26,SYNTHETIC_DATASET
JRN_20260719_14309,14309,PASSENGER,2026-07-19T11:41:48,2026-07-19,11,6,1,SEC_GZB_MTC,GZB,MTC,47.0,40.0,120.0,101.87,-5.26,-4.2,LOW,CLEAR,10.0,0,,0,0.0,0.0,41.2,50.0,34.0,-6.0,-11.26,SYNTHETIC_DATASET
JRN_20260719_14309,14309,PASSENGER,2026-07-19T12:18:48,2026-07-19,12,6,1,SEC_MTC_MOZ,MTC,MOZ,56.0,45.0,110.0,88.19,-11.26,-6.0,LOW,CLEAR,10.0,0,,0,0.0,0.0,46.35,56.25,38.25,-6.75,-18.01,SYNTHETIC_DATASET
JRN_20260719_14309,14309,PASSENGER,2026-07-19T13:00:03,2026-07-19,13,6,1,SEC_MOZ_SRE,MOZ,SRE,59.0,52.0,100.0,87.26,-18.01,-6.75,LOW,CLEAR,10.0,0,,0,0.0,0.0,53.56,65.0,44.199999999999996,-7.8,-25.81,SYNTHETIC_DATASET
JRN_20260719_14309,14309,PASSENGER,2026-07-19T13:47:15,2026-07-19,13,6,1,SEC_SRE_RK,SRE,RK,34.0,32.0,100.0,84.48,-25.81,-7.8,MEDIUM,CLEAR,10.0,0,,0,0.0,0.0,32.96,40.0,28.16,-3.84,-29.65,SYNTHETIC_DATASET
JRN_20260719_14309,14309,PASSENGER,2026-07-19T14:18:24,2026-07-19,14,6,1,SEC_RK_HW,RK,HW,42.0,45.0,80.0,65.07,-29.65,-3.84,LOW,CLEAR,10.0,0,,0,0.0,0.0,46.35,56.25,38.25,-6.75,-36.4,SYNTHETIC_DATASET
JRN_20260719_14309,14309,PASSENGER,2026-07-19T14:59:39,2026-07-19,14,6,1,SEC_HW_DDN,HW,DDN,51.0,68.0,60.0,46.81,-36.4,-6.75,LOW,CLEAR,10.0,0,,0,0.0,0.0,70.04,85.0,57.8,-10.2,-46.6,SYNTHETIC_DATASET
JRN_20260720_12017,12017,SHATABDI,2026-07-20T06:45:00,2026-07-20,6,0,0,SEC_NDLS_GZB,NDLS,GZB,25.0,28.0,110.0,95.55,-1.86,0.0,LOW,CLEAR,10.0,0,,0,0.0,0.0,28.84,35.0,23.8,-4.2,-6.06,SYNTHETIC_DATASET
JRN_20260720_12017,12017,SHATABDI,2026-07-20T07:11:48,2026-07-20,7,0,0,SEC_GZB_MTC,GZB,MTC,47.0,40.0,120.0,103.15,-6.06,-4.2,LOW,CLEAR,10.0,0,,0,0.0,0.0,41.2,50.0,34.0,-6.0,-12.06,SYNTHETIC_DATASET
JRN_20260720_12017,12017,SHATABDI,2026-07-20T07:48:48,2026-07-20,7,0,0,SEC_MTC_MOZ,MTC,MOZ,56.0,45.0,110.0,94.19,-12.06,-6.0,MEDIUM,CLEAR,10.0,0,,0,0.0,0.0,46.35,56.25,40.69,-4.31,-16.37,SYNTHETIC_DATASET
JRN_20260720_12017,12017,SHATABDI,2026-07-20T08:32:29,2026-07-20,8,0,0,SEC_MOZ_SRE,MOZ,SRE,59.0,52.0,100.0,41.66,-16.37,-4.31,MEDIUM,CLEAR,10.0,1,50.0,0,0.0,0.0,53.56,65.0,96.61,44.61,28.24,SYNTHETIC_DATASET
JRN_20260720_12017,12017,SHATABDI,2026-07-20T10:12:06,2026-07-20,10,0,0,SEC_SRE_RK,SRE,RK,34.0,32.0,100.0,80.83,28.24,44.61,MEDIUM,CLEAR,10.0,0,,0,0.0,0.0,32.96,40.0,27.46,-4.54,23.7,SYNTHETIC_DATASET
JRN_20260720_12017,12017,SHATABDI,2026-07-20T10:42:33,2026-07-20,10,0,0,SEC_RK_HW,RK,HW,42.0,45.0,80.0,62.05,23.7,-4.54,MEDIUM,CLEAR,10.0,0,,0,0.0,0.0,46.35,56.25,43.05,-1.95,21.75,SYNTHETIC_DATASET
JRN_20260720_12017,12017,SHATABDI,2026-07-20T11:28:36,2026-07-20,11,0,0,SEC_HW_DDN,HW,DDN,51.0,68.0,60.0,35.15,21.75,-1.95,MEDIUM,CLEAR,10.0,1,45.0,0,0.0,0.0,70.04,85.0,91.45,23.45,45.2,SYNTHETIC_DATASET
JRN_20260720_12055,12055,SUPERFAST,2026-07-20T15:20:00,2026-07-20,15,0,0,SEC_NDLS_GZB,NDLS,GZB,25.0,28.0,110.0,79.81,2.66,0.0,LOW,RAIN,2.27,0,,0,0.0,0.0,28.84,35.0,23.8,-4.2,-1.54,SYNTHETIC_DATASET
JRN_20260720_12055,12055,SUPERFAST,2026-07-20T15:46:48,2026-07-20,15,0,0,SEC_GZB_MTC,GZB,MTC,47.0,40.0,120.0,97.69,-1.54,-4.2,LOW,CLEAR,10.0,0,,0,0.0,0.0,41.2,50.0,34.0,-6.0,-7.54,SYNTHETIC_DATASET
JRN_20260720_12055,12055,SUPERFAST,2026-07-20T16:23:48,2026-07-20,16,0,0,SEC_MTC_MOZ,MTC,MOZ,56.0,45.0,110.0,93.91,-7.54,-6.0,LOW,CLEAR,10.0,0,,0,0.0,0.0,46.35,56.25,38.25,-6.75,-14.29,SYNTHETIC_DATASET
JRN_20260720_12055,12055,SUPERFAST,2026-07-20T17:05:03,2026-07-20,17,0,0,SEC_MOZ_SRE,MOZ,SRE,59.0,52.0,100.0,81.11,-14.29,-6.75,LOW,CLEAR,10.0,0,,0,0.0,0.0,53.56,65.0,44.199999999999996,-7.8,-22.09,SYNTHETIC_DATASET
JRN_20260720_12055,12055,SUPERFAST,2026-07-20T17:52:15,2026-07-20,17,0,0,SEC_SRE_RK,SRE,RK,34.0,32.0,100.0,78.4,-22.09,-7.8,MEDIUM,CLEAR,10.0,0,,1,3.64,0.0,32.96,40.0,30.16,-1.84,-23.93,SYNTHETIC_DATASET
JRN_20260720_12055,12055,SUPERFAST,2026-07-20T18:25:24,2026-07-20,18,0,0,SEC_RK_HW,RK,HW,42.0,45.0,80.0,39.07,-23.93,-1.84,LOW,CLEAR,10.0,1,50.0,0,0.0,0.0,46.35,56.25,56.21,11.21,-12.72,SYNTHETIC_DATASET
JRN_20260720_12055,12055,SUPERFAST,2026-07-20T19:24:37,2026-07-20,19,0,0,SEC_HW_DDN,HW,DDN,51.0,68.0,60.0,46.28,-12.72,11.21,LOW,CLEAR,10.0,0,,0,0.0,0.0,70.04,85.0,57.8,-10.2,-22.92,SYNTHETIC_DATASET
JRN_20260720_14041,14041,EXPRESS,2026-07-20T22:25:00,2026-07-20,22,0,0,SEC_NDLS_GZB,NDLS,GZB,25.0,28.0,110.0,91.64,0.02,0.0,MEDIUM,CLEAR,10.0,0,,0,0.0,0.0,28.84,35.0,23.8,-4.2,-4.18,SYNTHETIC_DATASET
JRN_20260720_14041,14041,EXPRESS,2026-07-20T22:51:48,2026-07-20,22,0,0,SEC_GZB_MTC,GZB,MTC,47.0,40.0,120.0,106.77,-4.18,-4.2,LOW,CLEAR,10.0,0,,0,0.0,0.0,41.2,50.0,34.0,-6.0,-10.18,SYNTHETIC_DATASET
JRN_20260720_14041,14041,EXPRESS,2026-07-20T23:28:48,2026-07-20,23,0,0,SEC_MTC_MOZ,MTC,MOZ,56.0,45.0,110.0,96.26,-10.18,-6.0,LOW,CLEAR,10.0,0,,0,0.0,0.0,46.35,56.25,38.25,-6.75,-16.93,SYNTHETIC_DATASET
JRN_20260720_14041,14041,EXPRESS,2026-07-21T00:10:03,2026-07-20,0,0,0,SEC_MOZ_SRE,MOZ,SRE,59.0,52.0,100.0,84.72,-16.93,-6.75,LOW,CLEAR,10.0,0,,0,0.0,0.0,53.56,65.0,44.199999999999996,-7.8,-24.73,SYNTHETIC_DATASET
JRN_20260720_14041,14041,EXPRESS,2026-07-21T00:57:15,2026-07-20,0,0,0,SEC_SRE_RK,SRE,RK,34.0,32.0,100.0,80.47,-24.73,-7.8,LOW,CLEAR,10.0,0,,0,0.0,0.0,32.96,40.0,27.2,-4.8,-29.53,SYNTHETIC_DATASET
JRN_20260720_14041,14041,EXPRESS,2026-07-21T01:27:27,2026-07-20,1,0,0,SEC_RK_HW,RK,HW,42.0,45.0,80.0,67.12,-29.53,-4.8,LOW,CLEAR,10.0,0,,0,0.0,0.0,46.35,56.25,38.25,-6.75,-36.28,SYNTHETIC_DATASET
JRN_20260720_14041,14041,EXPRESS,2026-07-21T02:08:42,2026-07-20,2,0,0,SEC_HW_DDN,HW,DDN,51.0,68.0,60.0,47.6,-36.28,-6.75,LOW,CLEAR,10.0,0,,0,0.0,0.0,70.04,85.0,57.8,-10.2,-46.48,SYNTHETIC_DATASET
JRN_20260720_14309,14309,PASSENGER,2026-07-20T11:15:00,2026-07-20,11,0,0,SEC_NDLS_GZB,NDLS,GZB,25.0,28.0,110.0,93.61,-1.6,0.0,LOW,CLEAR,10.0,0,,0,0.0,0.0,28.84,35.0,23.8,-4.2,-5.8,SYNTHETIC_DATASET
JRN_20260720_14309,14309,PASSENGER,2026-07-20T11:41:48,2026-07-20,11,0,0,SEC_GZB_MTC,GZB,MTC,47.0,40.0,120.0,107.07,-5.8,-4.2,LOW,CLEAR,10.0,0,,0,0.0,0.0,41.2,50.0,34.0,-6.0,-11.8,SYNTHETIC_DATASET
JRN_20260720_14309,14309,PASSENGER,2026-07-20T12:18:48,2026-07-20,12,0,0,SEC_MTC_MOZ,MTC,MOZ,56.0,45.0,110.0,84.34,-11.8,-6.0,LOW,CLEAR,10.0,0,,0,0.0,0.0,46.35,56.25,38.25,-6.75,-18.55,SYNTHETIC_DATASET
JRN_20260720_14309,14309,PASSENGER,2026-07-20T13:00:03,2026-07-20,13,0,0,SEC_MOZ_SRE,MOZ,SRE,59.0,52.0,100.0,25.99,-18.55,-6.75,MEDIUM,CLEAR,10.0,1,30.0,0,0.0,0.0,53.56,65.0,160.17,108.17,89.62,SYNTHETIC_DATASET
JRN_20260720_14309,14309,PASSENGER,2026-07-20T15:43:13,2026-07-20,15,0,0,SEC_SRE_RK,SRE,RK,34.0,32.0,100.0,86.67,89.62,108.17,LOW,CLEAR,10.0,0,,0,0.0,6.56,32.96,40.0,27.2,-4.8,84.82,SYNTHETIC_DATASET
JRN_20260720_14309,14309,PASSENGER,2026-07-20T16:13:25,2026-07-20,16,0,0,SEC_RK_HW,RK,HW,42.0,45.0,80.0,44.09,84.82,-4.8,HIGH,CLEAR,10.0,1,50.0,0,0.0,0.0,46.35,56.25,86.77,41.77,126.59,SYNTHETIC_DATASET
JRN_20260720_14309,14309,PASSENGER,2026-07-20T17:43:11,2026-07-20,17,0,0,SEC_HW_DDN,HW,DDN,51.0,68.0,60.0,51.28,126.59,41.77,MEDIUM,CLEAR,10.0,0,,0,0.0,0.0,70.04,85.0,68.49,0.49,127.08,SYNTHETIC_DATASET
JRN_20260721_12017,12017,SHATABDI,2026-07-21T06:45:00,2026-07-21,6,1,0,SEC_NDLS_GZB,NDLS,GZB,25.0,28.0,110.0,84.34,-0.84,0.0,LOW,CLEAR,10.0,0,,0,0.0,0.0,28.84,35.0,23.8,-4.2,-5.04,SYNTHETIC_DATASET
JRN_20260721_12017,12017,SHATABDI,2026-07-21T07:11:48,2026-07-21,7,1,0,SEC_GZB_MTC,GZB,MTC,47.0,40.0,120.0,103.21,-5.04,-4.2,LOW,CLEAR,10.0,0,,0,0.0,0.0,41.2,50.0,34.0,-6.0,-11.04,SYNTHETIC_DATASET
JRN_20260721_12017,12017,SHATABDI,2026-07-21T07:48:48,2026-07-21,7,1,0,SEC_MTC_MOZ,MTC,MOZ,56.0,45.0,110.0,95.68,-11.04,-6.0,LOW,CLEAR,10.0,0,,0,0.0,0.0,46.35,56.25,38.25,-6.75,-17.79,SYNTHETIC_DATASET
JRN_20260721_12017,12017,SHATABDI,2026-07-21T08:30:03,2026-07-21,8,1,0,SEC_MOZ_SRE,MOZ,SRE,59.0,52.0,100.0,81.59,-17.79,-6.75,HIGH,CLEAR,10.0,0,,1,7.14,0.0,53.56,65.0,68.01,16.01,-1.78,SYNTHETIC_DATASET
JRN_20260721_12017,12017,SHATABDI,2026-07-21T09:41:03,2026-07-21,9,1,0,SEC_SRE_RK,SRE,RK,34.0,32.0,100.0,79.94,-1.78,16.01,MEDIUM,CLEAR,10.0,0,,0,0.0,0.0,32.96,40.0,27.27,-4.73,-6.51,SYNTHETIC_DATASET
JRN_20260721_12017,12017,SHATABDI,2026-07-21T10:11:19,2026-07-21,10,1,0,SEC_RK_HW,RK,HW,42.0,45.0,80.0,67.85,-6.51,-4.73,HIGH,CLEAR,10.0,0,,1,11.32,0.0,46.35,56.25,66.26,21.26,14.75,SYNTHETIC_DATASET
JRN_20260721_12017,12017,SHATABDI,2026-07-21T11:20:35,2026-07-21,11,1,0,SEC_HW_DDN,HW,DDN,51.0,68.0,60.0,52.25,14.75,21.26,LOW,CLEAR,10.0,0,,0,0.0,5.9,70.04,85.0,57.8,-10.2,4.55,SYNTHETIC_DATASET
JRN_20260721_12055,12055,SUPERFAST,2026-07-21T15:20:00,2026-07-21,15,1,0,SEC_NDLS_GZB,NDLS,GZB,25.0,28.0,110.0,87.43,0.35,0.0,LOW,CLEAR,10.0,0,,0,0.0,0.0,28.84,35.0,23.8,-4.2,-3.85,SYNTHETIC_DATASET
JRN_20260721_12055,12055,SUPERFAST,2026-07-21T15:46:48,2026-07-21,15,1,0,SEC_GZB_MTC,GZB,MTC,47.0,40.0,120.0,103.99,-3.85,-4.2,MEDIUM,CLEAR,10.0,0,,0,0.0,0.0,41.2,50.0,34.0,-6.0,-9.85,SYNTHETIC_DATASET
JRN_20260721_12055,12055,SUPERFAST,2026-07-21T16:23:48,2026-07-21,16,1,0,SEC_MTC_MOZ,MTC,MOZ,56.0,45.0,110.0,39.87,-9.85,-6.0,LOW,CLEAR,10.0,1,50.0,0,0.0,0.0,46.35,56.25,74.35,29.35,19.5,SYNTHETIC_DATASET
JRN_20260721_12055,12055,SUPERFAST,2026-07-21T17:41:09,2026-07-21,17,1,0,SEC_MOZ_SRE,MOZ,SRE,59.0,52.0,100.0,81.65,19.5,29.35,LOW,CLEAR,10.0,0,,1,10.86,7.8,53.56,65.0,44.199999999999996,-7.8,11.7,SYNTHETIC_DATASET
JRN_20260721_12055,12055,SUPERFAST,2026-07-21T18:28:21,2026-07-21,18,1,0,SEC_SRE_RK,SRE,RK,34.0,32.0,100.0,40.78,11.7,-7.8,MEDIUM,CLEAR,10.0,1,50.0,0,0.0,0.0,32.96,40.0,55.07,23.07,34.77,SYNTHETIC_DATASET
JRN_20260721_12055,12055,SUPERFAST,2026-07-21T19:26:25,2026-07-21,19,1,0,SEC_RK_HW,RK,HW,42.0,45.0,80.0,41.72,34.77,23.07,LOW,CLEAR,10.0,1,50.0,0,0.0,0.0,46.35,56.25,56.29,11.29,46.06,SYNTHETIC_DATASET
JRN_20260721_12055,12055,SUPERFAST,2026-07-21T20:25:42,2026-07-21,20,1,0,SEC_HW_DDN,HW,DDN,51.0,68.0,60.0,25.5,46.06,11.29,LOW,CLEAR,10.0,1,30.0,0,0.0,0.0,70.04,85.0,113.24,45.24,91.3,SYNTHETIC_DATASET
JRN_20260721_14041,14041,EXPRESS,2026-07-21T22:25:00,2026-07-21,22,1,0,SEC_NDLS_GZB,NDLS,GZB,25.0,28.0,110.0,95.16,5.78,0.0,LOW,CLEAR,10.0,0,,0,0.0,2.31,28.84,35.0,23.8,-4.2,1.58,SYNTHETIC_DATASET
JRN_20260721_14041,14041,EXPRESS,2026-07-21T22:51:48,2026-07-21,22,1,0,SEC_GZB_MTC,GZB,MTC,47.0,40.0,120.0,38.84,1.58,-4.2,MEDIUM,CLEAR,10.0,1,50.0,0,0.0,0.0,41.2,50.0,76.82,36.82,38.4,SYNTHETIC_DATASET
JRN_20260721_14041,14041,EXPRESS,2026-07-22T00:11:37,2026-07-21,0,1,0,SEC_MTC_MOZ,MTC,MOZ,56.0,45.0,110.0,87.53,38.4,36.82,MEDIUM,CLEAR,10.0,0,,0,0.0,0.0,46.35,56.25,41.38,-3.62,34.78,SYNTHETIC_DATASET
JRN_20260721_14041,14041,EXPRESS,2026-07-22T00:56:00,2026-07-21,0,1,0,SEC_MOZ_SRE,MOZ,SRE,59.0,52.0,100.0,38.29,34.78,-3.62,LOW,CLEAR,10.0,1,50.0,0,0.0,0.0,53.56,65.0,79.16,27.16,61.94,SYNTHETIC_DATASET
JRN_20260721_14041,14041,EXPRESS,2026-07-22T02:18:09,2026-07-21,2,1,0,SEC_SRE_RK,SRE,RK,34.0,32.0,100.0,24.99,61.94,27.16,LOW,RAIN,4.24,1,30.0,0,0.0,0.0,32.96,40.0,75.37,43.37,105.31,SYNTHETIC_DATASET
JRN_20260721_14041,14041,EXPRESS,2026-07-22T03:36:31,2026-07-21,3,1,0,SEC_RK_HW,RK,HW,42.0,45.0,80.0,70.08,105.31,43.37,LOW,CLEAR,10.0,0,,0,0.0,9.19,46.35,56.25,38.25,-6.75,98.56,SYNTHETIC_DATASET
JRN_20260721_14041,14041,EXPRESS,2026-07-22T04:17:46,2026-07-21,4,1,0,SEC_HW_DDN,HW,DDN,51.0,68.0,60.0,52.35,98.56,-6.75,HIGH,CLEAR,10.0,0,,0,0.0,0.0,70.04,85.0,88.08,20.08,118.64,SYNTHETIC_DATASET
JRN_20260721_14309,14309,PASSENGER,2026-07-21T11:15:00,2026-07-21,11,1,0,SEC_NDLS_GZB,NDLS,GZB,25.0,28.0,110.0,98.37,-1.11,0.0,LOW,CLEAR,10.0,0,,0,0.0,0.0,28.84,35.0,23.8,-4.2,-5.31,SYNTHETIC_DATASET
JRN_20260721_14309,14309,PASSENGER,2026-07-21T11:41:48,2026-07-21,11,1,0,SEC_GZB_MTC,GZB,MTC,47.0,40.0,120.0,98.18,-5.31,-4.2,HIGH,CLEAR,10.0,0,,1,7.73,0.0,41.2,50.0,48.0,8.0,2.69,SYNTHETIC_DATASET
JRN_20260721_14309,14309,PASSENGER,2026-07-21T12:32:48,2026-07-21,12,1,0,SEC_MTC_MOZ,MTC,MOZ,56.0,45.0,110.0,97.6,2.69,8.0,MEDIUM,CLEAR,10.0,0,,0,0.0,0.0,46.35,56.25,41.34,-3.66,-0.97,SYNTHETIC_DATASET
JRN_20260721_14309,14309,PASSENGER,2026-07-21T13:17:08,2026-07-21,13,1,0,SEC_MOZ_SRE,MOZ,SRE,59.0,52.0,100.0,79.91,-0.97,-3.66,LOW,CLEAR,10.0,0,,0,0.0,0.0,53.56,65.0,44.199999999999996,-7.8,-8.77,SYNTHETIC_DATASET
JRN_20260721_14309,14309,PASSENGER,2026-07-21T14:04:20,2026-07-21,14,1,0,SEC_SRE_RK,SRE,RK,34.0,32.0,100.0,76.68,-8.77,-7.8,LOW,RAIN,4.25,0,,0,0.0,0.0,32.96,40.0,27.2,-4.8,-13.57,SYNTHETIC_DATASET
JRN_20260721_14309,14309,PASSENGER,2026-07-21T14:34:32,2026-07-21,14,1,0,SEC_RK_HW,RK,HW,42.0,45.0,80.0,67.47,-13.57,-4.8,MEDIUM,CLEAR,10.0,0,,0,0.0,0.0,46.35,56.25,43.15,-1.85,-15.42,SYNTHETIC_DATASET
JRN_20260721_14309,14309,PASSENGER,2026-07-21T15:20:41,2026-07-21,15,1,0,SEC_HW_DDN,HW,DDN,51.0,68.0,60.0,47.47,-15.42,-1.85,LOW,CLEAR,10.0,0,,0,0.0,0.0,70.04,85.0,57.8,-10.2,-25.62,SYNTHETIC_DATASET
JRN_20260722_12017,12017,SHATABDI,2026-07-22T06:45:00,2026-07-22,6,2,0,SEC_NDLS_GZB,NDLS,GZB,25.0,28.0,110.0,96.14,-1.01,0.0,LOW,CLEAR,10.0,0,,0,0.0,0.0,28.84,35.0,23.8,-4.2,-5.21,SYNTHETIC_DATASET
JRN_20260722_12017,12017,SHATABDI,2026-07-22T07:11:48,2026-07-22,7,2,0,SEC_GZB_MTC,GZB,MTC,47.0,40.0,120.0,96.28,-5.21,-4.2,LOW,CLEAR,10.0,0,,0,0.0,0.0,41.2,50.0,34.0,-6.0,-11.21,SYNTHETIC_DATASET
JRN_20260722_12017,12017,SHATABDI,2026-07-22T07:48:48,2026-07-22,7,2,0,SEC_MTC_MOZ,MTC,MOZ,56.0,45.0,110.0,90.76,-11.21,-6.0,LOW,CLEAR,10.0,0,,0,0.0,0.0,46.35,56.25,38.25,-6.75,-17.96,SYNTHETIC_DATASET
JRN_20260722_12017,12017,SHATABDI,2026-07-22T08:30:03,2026-07-22,8,2,0,SEC_MOZ_SRE,MOZ,SRE,59.0,52.0,100.0,35.28,-17.96,-6.75,HIGH,CLEAR,10.0,1,45.0,0,0.0,0.0,53.56,65.0,134.91,82.91,64.95,SYNTHETIC_DATASET
JRN_20260722_12017,12017,SHATABDI,2026-07-22T10:47:57,2026-07-22,10,2,0,SEC_SRE_RK,SRE,RK,34.0,32.0,100.0,76.75,64.95,82.91,MEDIUM,CLEAR,10.0,0,,1,2.75,0.0,32.96,40.0,30.28,-1.72,63.23,SYNTHETIC_DATASET
JRN_20260722_12017,12017,SHATABDI,2026-07-22T11:21:14,2026-07-22,11,2,0,SEC_RK_HW,RK,HW,42.0,45.0,80.0,67.16,63.23,-1.72,MEDIUM,CLEAR,10.0,0,,0,0.0,0.0,46.35,56.25,42.69,-2.31,60.92,SYNTHETIC_DATASET
JRN_20260722_12017,12017,SHATABDI,2026-07-22T12:06:55,2026-07-22,12,2,0,SEC_HW_DDN,HW,DDN,51.0,68.0,60.0,48.86,60.92,-2.31,LOW,CLEAR,10.0,0,,0,0.0,14.73,70.04,85.0,57.8,-10.2,50.72,SYNTHETIC_DATASET
JRN_20260722_12055,12055,SUPERFAST,2026-07-22T15:20:00,2026-07-22,15,2,0,SEC_NDLS_GZB,NDLS,GZB,25.0,28.0,110.0,93.99,-1.13,0.0,LOW,CLEAR,10.0,0,,0,0.0,0.0,28.84,35.0,23.8,-4.2,-5.33,SYNTHETIC_DATASET
JRN_20260722_12055,12055,SUPERFAST,2026-07-22T15:46:48,2026-07-22,15,2,0,SEC_GZB_MTC,GZB,MTC,47.0,40.0,120.0,100.13,-5.33,-4.2,LOW,CLEAR,10.0,0,,0,0.0,0.0,41.2,50.0,34.0,-6.0,-11.33,SYNTHETIC_DATASET
JRN_20260722_12055,12055,SUPERFAST,2026-07-22T16:23:48,2026-07-22,16,2,0,SEC_MTC_MOZ,MTC,MOZ,56.0,45.0,110.0,91.33,-11.33,-6.0,LOW,CLEAR,10.0,0,,0,0.0,0.0,46.35,56.25,38.25,-6.75,-18.08,SYNTHETIC_DATASET
JRN_20260722_12055,12055,SUPERFAST,2026-07-22T17:05:03,2026-07-22,17,2,0,SEC_MOZ_SRE,MOZ,SRE,59.0,52.0,100.0,77.08,-18.08,-6.75,MEDIUM,CLEAR,10.0,0,,1,5.69,0.0,53.56,65.0,53.97,1.97,-16.11,SYNTHETIC_DATASET
JRN_20260722_12055,12055,SUPERFAST,2026-07-22T18:02:01,2026-07-22,18,2,0,SEC_SRE_RK,SRE,RK,34.0,32.0,100.0,80.87,-16.11,1.97,MEDIUM,CLEAR,10.0,0,,1,11.81,0.0,32.96,40.0,40.51,8.51,-7.6,SYNTHETIC_DATASET
JRN_20260722_12055,12055,SUPERFAST,2026-07-22T18:45:31,2026-07-22,18,2,0,SEC_RK_HW,RK,HW,42.0,45.0,80.0,64.04,-7.6,8.51,LOW,CLEAR,10.0,0,,0,0.0,0.0,46.35,56.25,38.25,-6.75,-14.35,SYNTHETIC_DATASET
JRN_20260722_12055,12055,SUPERFAST,2026-07-22T19:26:46,2026-07-22,19,2,0,SEC_HW_DDN,HW,DDN,51.0,68.0,60.0,50.08,-14.35,-6.75,LOW,CLEAR,10.0,0,,0,0.0,0.0,70.04,85.0,57.8,-10.2,-24.55,SYNTHETIC_DATASET
JRN_20260722_14041,14041,EXPRESS,2026-07-22T22:25:00,2026-07-22,22,2,0,SEC_NDLS_GZB,NDLS,GZB,25.0,28.0,110.0,91.31,0.72,0.0,LOW,CLEAR,10.0,0,,0,0.0,0.0,28.84,35.0,23.8,-4.2,-3.48,SYNTHETIC_DATASET
JRN_20260722_14041,14041,EXPRESS,2026-07-22T22:51:48,2026-07-22,22,2,0,SEC_GZB_MTC,GZB,MTC,47.0,40.0,120.0,39.26,-3.48,-4.2,MEDIUM,CLEAR,10.0,1,50.0,0,0.0,0.0,41.2,50.0,76.09,36.09,32.61,SYNTHETIC_DATASET
JRN_20260722_14041,14041,EXPRESS,2026-07-23T00:10:53,2026-07-22,0,2,0,SEC_MTC_MOZ,MTC,MOZ,56.0,45.0,110.0,90.31,32.61,36.09,MEDIUM,CLEAR,10.0,0,,0,0.0,0.0,46.35,56.25,41.29,-3.71,28.9,SYNTHETIC_DATASET
JRN_20260722_14041,14041,EXPRESS,2026-07-23T00:55:10,2026-07-22,0,2,0,SEC_MOZ_SRE,MOZ,SRE,59.0,52.0,100.0,82.05,28.9,-3.71,LOW,CLEAR,10.0,0,,0,0.0,11.45,53.56,65.0,44.199999999999996,-7.8,21.1,SYNTHETIC_DATASET
JRN_20260722_14041,14041,EXPRESS,2026-07-23T01:42:22,2026-07-22,1,2,0,SEC_SRE_RK,SRE,RK,34.0,32.0,100.0,83.42,21.1,-7.8,MEDIUM,CLEAR,10.0,0,,0,0.0,0.0,32.96,40.0,27.87,-4.13,16.97,SYNTHETIC_DATASET
JRN_20260722_14041,14041,EXPRESS,2026-07-23T02:13:15,2026-07-22,2,2,0,SEC_RK_HW,RK,HW,42.0,45.0,80.0,71.67,16.97,-4.13,MEDIUM,CLEAR,10.0,0,,0,0.0,0.0,46.35,56.25,42.52,-2.48,14.49,SYNTHETIC_DATASET
JRN_20260722_14041,14041,EXPRESS,2026-07-23T02:58:46,2026-07-22,2,2,0,SEC_HW_DDN,HW,DDN,51.0,68.0,60.0,53.57,14.49,-2.48,LOW,CLEAR,10.0,0,,0,0.0,5.8,70.04,85.0,57.8,-10.2,4.29,SYNTHETIC_DATASET
JRN_20260722_14309,14309,PASSENGER,2026-07-22T11:15:00,2026-07-22,11,2,0,SEC_NDLS_GZB,NDLS,GZB,25.0,28.0,110.0,95.55,-0.55,0.0,MEDIUM,CLEAR,10.0,0,,0,0.0,0.0,28.84,35.0,23.8,-4.2,-4.75,SYNTHETIC_DATASET
JRN_20260722_14309,14309,PASSENGER,2026-07-22T11:41:48,2026-07-22,11,2,0,SEC_GZB_MTC,GZB,MTC,47.0,40.0,120.0,106.74,-4.75,-4.2,LOW,CLEAR,10.0,0,,0,0.0,0.0,41.2,50.0,34.0,-6.0,-10.75,SYNTHETIC_DATASET
JRN_20260722_14309,14309,PASSENGER,2026-07-22T12:18:48,2026-07-22,12,2,0,SEC_MTC_MOZ,MTC,MOZ,56.0,45.0,110.0,41.65,-10.75,-6.0,LOW,CLEAR,10.0,1,50.0,0,0.0,0.0,46.35,56.25,74.56,29.56,18.81,SYNTHETIC_DATASET
JRN_20260722_14309,14309,PASSENGER,2026-07-22T13:36:21,2026-07-22,13,2,0,SEC_MOZ_SRE,MOZ,SRE,59.0,52.0,100.0,38.07,18.81,29.56,LOW,CLEAR,10.0,1,45.0,0,0.0,0.0,53.56,65.0,87.85,35.85,54.66,SYNTHETIC_DATASET
JRN_20260722_14309,14309,PASSENGER,2026-07-22T15:07:12,2026-07-22,15,2,0,SEC_SRE_RK,SRE,RK,34.0,32.0,100.0,83.78,54.66,35.85,LOW,CLEAR,10.0,0,,0,0.0,6.56,32.96,40.0,27.2,-4.8,49.86,SYNTHETIC_DATASET
JRN_20260722_14309,14309,PASSENGER,2026-07-22T15:37:24,2026-07-22,15,2,0,SEC_RK_HW,RK,HW,42.0,45.0,80.0,65.74,49.86,-4.8,HIGH,CLEAR,10.0,0,,0,0.0,0.0,46.35,56.25,54.8,9.8,59.66,SYNTHETIC_DATASET
JRN_20260722_14309,14309,PASSENGER,2026-07-22T16:35:12,2026-07-22,16,2,0,SEC_HW_DDN,HW,DDN,51.0,68.0,60.0,48.74,59.66,9.8,LOW,CLEAR,10.0,0,,0,0.0,8.84,70.04,85.0,57.8,-10.2,49.46,SYNTHETIC_DATASET
JRN_20260723_12017,12017,SHATABDI,2026-07-23T06:45:00,2026-07-23,6,3,0,SEC_NDLS_GZB,NDLS,GZB,25.0,28.0,110.0,95.52,0.72,0.0,LOW,CLEAR,10.0,0,,0,0.0,0.0,28.84,35.0,23.8,-4.2,-3.48,SYNTHETIC_DATASET
JRN_20260723_12017,12017,SHATABDI,2026-07-23T07:11:48,2026-07-23,7,3,0,SEC_GZB_MTC,GZB,MTC,47.0,40.0,120.0,91.92,-3.48,-4.2,LOW,CLEAR,10.0,0,,1,9.44,0.0,41.2,50.0,35.44,-4.56,-8.04,SYNTHETIC_DATASET
JRN_20260723_12017,12017,SHATABDI,2026-07-23T07:50:14,2026-07-23,7,3,0,SEC_MTC_MOZ,MTC,MOZ,56.0,45.0,110.0,96.09,-8.04,-4.56,LOW,CLEAR,10.0,0,,0,0.0,0.0,46.35,56.25,38.25,-6.75,-14.79,SYNTHETIC_DATASET
JRN_20260723_12017,12017,SHATABDI,2026-07-23T08:31:29,2026-07-23,8,3,0,SEC_MOZ_SRE,MOZ,SRE,59.0,52.0,100.0,84.12,-14.79,-6.75,MEDIUM,CLEAR,10.0,0,,0,0.0,0.0,53.56,65.0,48.12,-3.88,-18.67,SYNTHETIC_DATASET
JRN_20260723_12017,12017,SHATABDI,2026-07-23T09:22:36,2026-07-23,9,3,0,SEC_SRE_RK,SRE,RK,34.0,32.0,100.0,83.95,-18.67,-3.88,LOW,CLEAR,10.0,0,,0,0.0,0.0,32.96,40.0,27.2,-4.8,-23.47,SYNTHETIC_DATASET
JRN_20260723_12017,12017,SHATABDI,2026-07-23T09:52:48,2026-07-23,9,3,0,SEC_RK_HW,RK,HW,42.0,45.0,80.0,69.56,-23.47,-4.8,MEDIUM,CLEAR,10.0,0,,0,0.0,0.0,46.35,56.25,42.59,-2.41,-25.88,SYNTHETIC_DATASET
JRN_20260723_12017,12017,SHATABDI,2026-07-23T10:38:24,2026-07-23,10,3,0,SEC_HW_DDN,HW,DDN,51.0,68.0,60.0,52.24,-25.88,-2.41,MEDIUM,CLEAR,10.0,0,,1,4.3,0.0,70.04,85.0,73.65,5.65,-20.23,SYNTHETIC_DATASET
JRN_20260723_12055,12055,SUPERFAST,2026-07-23T15:20:00,2026-07-23,15,3,0,SEC_NDLS_GZB,NDLS,GZB,25.0,28.0,110.0,89.93,0.36,0.0,LOW,CLEAR,10.0,0,,0,0.0,0.0,28.84,35.0,23.8,-4.2,-3.84,SYNTHETIC_DATASET
JRN_20260723_12055,12055,SUPERFAST,2026-07-23T15:46:48,2026-07-23,15,3,0,SEC_GZB_MTC,GZB,MTC,47.0,40.0,120.0,101.52,-3.84,-4.2,LOW,CLEAR,10.0,0,,0,0.0,0.0,41.2,50.0,34.0,-6.0,-9.84,SYNTHETIC_DATASET
JRN_20260723_12055,12055,SUPERFAST,2026-07-23T16:23:48,2026-07-23,16,3,0,SEC_MTC_MOZ,MTC,MOZ,56.0,45.0,110.0,90.1,-9.84,-6.0,LOW,CLEAR,10.0,0,,0,0.0,0.0,46.35,56.25,38.25,-6.75,-16.59,SYNTHETIC_DATASET
JRN_20260723_12055,12055,SUPERFAST,2026-07-23T17:05:03,2026-07-23,17,3,0,SEC_MOZ_SRE,MOZ,SRE,59.0,52.0,100.0,86.94,-16.59,-6.75,LOW,CLEAR,10.0,0,,0,0.0,0.0,53.56,65.0,44.199999999999996,-7.8,-24.39,SYNTHETIC_DATASET
JRN_20260723_12055,12055,SUPERFAST,2026-07-23T17:52:15,2026-07-23,17,3,0,SEC_SRE_RK,SRE,RK,34.0,32.0,100.0,79.13,-24.39,-7.8,HIGH,CLEAR,10.0,0,,0,0.0,0.0,32.96,40.0,35.65,3.65,-20.74,SYNTHETIC_DATASET
JRN_20260723_12055,12055,SUPERFAST,2026-07-23T18:30:54,2026-07-23,18,3,0,SEC_RK_HW,RK,HW,42.0,45.0,80.0,68.48,-20.74,3.65,LOW,CLEAR,10.0,0,,0,0.0,0.0,46.35,56.25,38.25,-6.75,-27.49,SYNTHETIC_DATASET
JRN_20260723_12055,12055,SUPERFAST,2026-07-23T19:12:09,2026-07-23,19,3,0,SEC_HW_DDN,HW,DDN,51.0,68.0,60.0,51.32,-27.49,-6.75,LOW,CLEAR,10.0,0,,0,0.0,0.0,70.04,85.0,57.8,-10.2,-37.69,SYNTHETIC_DATASET
JRN_20260723_14041,14041,EXPRESS,2026-07-23T22:25:00,2026-07-23,22,3,0,SEC_NDLS_GZB,NDLS,GZB,25.0,28.0,110.0,94.93,-1.4,0.0,HIGH,CLEAR,10.0,0,,0,0.0,0.0,28.84,35.0,23.8,-4.2,-5.6,SYNTHETIC_DATASET
JRN_20260723_14041,14041,EXPRESS,2026-07-23T22:51:48,2026-07-23,22,3,0,SEC_GZB_MTC,GZB,MTC,47.0,40.0,120.0,99.17,-5.6,-4.2,LOW,CLEAR,10.0,0,,0,0.0,0.0,41.2,50.0,34.0,-6.0,-11.6,SYNTHETIC_DATASET
JRN_20260723_14041,14041,EXPRESS,2026-07-23T23:28:48,2026-07-23,23,3,0,SEC_MTC_MOZ,MTC,MOZ,56.0,45.0,110.0,82.46,-11.6,-6.0,LOW,RAIN,2.53,0,,0,0.0,0.0,46.35,56.25,38.25,-6.75,-18.35,SYNTHETIC_DATASET
JRN_20260723_14041,14041,EXPRESS,2026-07-24T00:10:03,2026-07-23,0,3,0,SEC_MOZ_SRE,MOZ,SRE,59.0,52.0,100.0,79.88,-18.35,-6.75,LOW,CLEAR,10.0,0,,0,0.0,0.0,53.56,65.0,44.199999999999996,-7.8,-26.15,SYNTHETIC_DATASET
JRN_20260723_14041,14041,EXPRESS,2026-07-24T00:57:15,2026-07-23,0,3,0,SEC_SRE_RK,SRE,RK,34.0,32.0,100.0,81.09,-26.15,-7.8,LOW,CLEAR,10.0,0,,0,0.0,0.0,32.96,40.0,27.2,-4.8,-30.95,SYNTHETIC_DATASET
JRN_20260723_14041,14041,EXPRESS,2026-07-24T01:27:27,2026-07-23,1,3,0,SEC_RK_HW,RK,HW,42.0,45.0,80.0,65.33,-30.95,-4.8,LOW,CLEAR,10.0,0,,0,0.0,0.0,46.35,56.25,38.25,-6.75,-37.7,SYNTHETIC_DATASET
JRN_20260723_14041,14041,EXPRESS,2026-07-24T02:08:42,2026-07-23,2,3,0,SEC_HW_DDN,HW,DDN,51.0,68.0,60.0,49.24,-37.7,-6.75,LOW,CLEAR,10.0,0,,0,0.0,0.0,70.04,85.0,57.8,-10.2,-47.9,SYNTHETIC_DATASET
JRN_20260723_14309,14309,PASSENGER,2026-07-23T11:15:00,2026-07-23,11,3,0,SEC_NDLS_GZB,NDLS,GZB,25.0,28.0,110.0,92.39,-1.21,0.0,MEDIUM,CLEAR,10.0,0,,0,0.0,0.0,28.84,35.0,23.8,-4.2,-5.41,SYNTHETIC_DATASET
JRN_20260723_14309,14309,PASSENGER,2026-07-23T11:41:48,2026-07-23,11,3,0,SEC_GZB_MTC,GZB,MTC,47.0,40.0,120.0,94.76,-5.41,-4.2,HIGH,CLEAR,10.0,0,,0,0.0,0.0,41.2,50.0,40.44,0.44,-4.97,SYNTHETIC_DATASET
JRN_20260723_14309,14309,PASSENGER,2026-07-23T12:25:14,2026-07-23,12,3,0,SEC_MTC_MOZ,MTC,MOZ,56.0,45.0,110.0,88.09,-4.97,0.44,MEDIUM,CLEAR,10.0,0,,0,0.0,0.0,46.35,56.25,40.25,-4.75,-9.72,SYNTHETIC_DATASET
JRN_20260723_14309,14309,PASSENGER,2026-07-23T13:08:29,2026-07-23,13,3,0,SEC_MOZ_SRE,MOZ,SRE,59.0,52.0,100.0,87.02,-9.72,-4.75,MEDIUM,CLEAR,10.0,0,,0,0.0,0.0,53.56,65.0,48.13,-3.87,-13.59,SYNTHETIC_DATASET
JRN_20260723_14309,14309,PASSENGER,2026-07-23T13:59:37,2026-07-23,13,3,0,SEC_SRE_RK,SRE,RK,34.0,32.0,100.0,43.97,-13.59,-3.87,LOW,CLEAR,10.0,1,50.0,0,0.0,0.0,32.96,40.0,45.47,13.47,-0.12,SYNTHETIC_DATASET
JRN_20260723_14309,14309,PASSENGER,2026-07-23T14:48:05,2026-07-23,14,3,0,SEC_RK_HW,RK,HW,42.0,45.0,80.0,67.4,-0.12,13.47,LOW,CLEAR,10.0,0,,0,0.0,0.0,46.35,56.25,38.25,-6.75,-6.87,SYNTHETIC_DATASET
JRN_20260723_14309,14309,PASSENGER,2026-07-23T15:29:20,2026-07-23,15,3,0,SEC_HW_DDN,HW,DDN,51.0,68.0,60.0,46.94,-6.87,-6.75,LOW,CLEAR,10.0,0,,0,0.0,0.0,70.04,85.0,57.8,-10.2,-17.07,SYNTHETIC_DATASET
JRN_20260724_12017,12017,SHATABDI,2026-07-24T06:45:00,2026-07-24,6,4,0,SEC_NDLS_GZB,NDLS,GZB,25.0,28.0,110.0,81.85,-0.73,0.0,LOW,RAIN,3.04,0,,0,0.0,0.0,28.84,35.0,23.8,-4.2,-4.93,SYNTHETIC_DATASET
JRN_20260724_12017,12017,SHATABDI,2026-07-24T07:11:48,2026-07-24,7,4,0,SEC_GZB_MTC,GZB,MTC,47.0,40.0,120.0,87.89,-4.93,-4.2,LOW,RAIN,4.02,0,,0,0.0,0.0,41.2,50.0,34.0,-6.0,-10.93,SYNTHETIC_DATASET
JRN_20260724_12017,12017,SHATABDI,2026-07-24T07:48:48,2026-07-24,7,4,0,SEC_MTC_MOZ,MTC,MOZ,56.0,45.0,110.0,98.38,-10.93,-6.0,LOW,CLEAR,10.0,0,,0,0.0,0.0,46.35,56.25,38.25,-6.75,-17.68,SYNTHETIC_DATASET
JRN_20260724_12017,12017,SHATABDI,2026-07-24T08:30:03,2026-07-24,8,4,0,SEC_MOZ_SRE,MOZ,SRE,59.0,52.0,100.0,81.91,-17.68,-6.75,MEDIUM,CLEAR,10.0,0,,0,0.0,0.0,53.56,65.0,48.25,-3.75,-21.43,SYNTHETIC_DATASET
JRN_20260724_12017,12017,SHATABDI,2026-07-24T09:21:18,2026-07-24,9,4,0,SEC_SRE_RK,SRE,RK,34.0,32.0,100.0,87.49,-21.43,-3.75,MEDIUM,CLEAR,10.0,0,,0,0.0,0.0,32.96,40.0,27.49,-4.51,-25.94,SYNTHETIC_DATASET
JRN_20260724_12017,12017,SHATABDI,2026-07-24T09:51:47,2026-07-24,9,4,0,SEC_RK_HW,RK,HW,42.0,45.0,80.0,69.18,-25.94,-4.51,MEDIUM,CLEAR,10.0,0,,0,0.0,0.0,46.35,56.25,41.81,-3.19,-29.13,SYNTHETIC_DATASET
JRN_20260724_12017,12017,SHATABDI,2026-07-24T10:36:36,2026-07-24,10,4,0,SEC_HW_DDN,HW,DDN,51.0,68.0,60.0,45.91,-29.13,-3.19,MEDIUM,RAIN,3.26,0,,0,0.0,0.0,70.04,85.0,76.39,8.39,-20.74,SYNTHETIC_DATASET
JRN_20260724_12055,12055,SUPERFAST,2026-07-24T15:20:00,2026-07-24,15,4,0,SEC_NDLS_GZB,NDLS,GZB,25.0,28.0,110.0,79.13,-1.25,0.0,LOW,RAIN,2.3,0,,0,0.0,0.0,28.84,35.0,23.8,-4.2,-5.45,SYNTHETIC_DATASET
JRN_20260724_12055,12055,SUPERFAST,2026-07-24T15:46:48,2026-07-24,15,4,0,SEC_GZB_MTC,GZB,MTC,47.0,40.0,120.0,97.64,-5.45,-4.2,LOW,CLEAR,10.0,0,,0,0.0,0.0,41.2,50.0,34.0,-6.0,-11.45,SYNTHETIC_DATASET
JRN_20260724_12055,12055,SUPERFAST,2026-07-24T16:23:48,2026-07-24,16,4,0,SEC_MTC_MOZ,MTC,MOZ,56.0,45.0,110.0,93.14,-11.45,-6.0,LOW,CLEAR,10.0,0,,0,0.0,0.0,46.35,56.25,38.25,-6.75,-18.2,SYNTHETIC_DATASET
JRN_20260724_12055,12055,SUPERFAST,2026-07-24T17:05:03,2026-07-24,17,4,0,SEC_MOZ_SRE,MOZ,SRE,59.0,52.0,100.0,80.34,-18.2,-6.75,MEDIUM,CLEAR,10.0,0,,0,0.0,0.0,53.56,65.0,47.72,-4.28,-22.48,SYNTHETIC_DATASET
JRN_20260724_12055,12055,SUPERFAST,2026-07-24T17:55:46,2026-07-24,17,4,0,SEC_SRE_RK,SRE,RK,34.0,32.0,100.0,42.51,-22.48,-4.28,LOW,CLEAR,10.0,1,50.0,0,0.0,0.0,32.96,40.0,45.87,13.87,-8.61,SYNTHETIC_DATASET
JRN_20260724_12055,12055,SUPERFAST,2026-07-24T18:44:38,2026-07-24,18,4,0,SEC_RK_HW,RK,HW,42.0,45.0,80.0,68.02,-8.61,13.87,HIGH,CLEAR,10.0,0,,0,0.0,0.0,46.35,56.25,53.37,8.37,-0.24,SYNTHETIC_DATASET
JRN_20260724_12055,12055,SUPERFAST,2026-07-24T19:41:00,2026-07-24,19,4,0,SEC_HW_DDN,HW,DDN,51.0,68.0,60.0,48.26,-0.24,8.37,HIGH,CLEAR,10.0,0,,0,0.0,0.0,70.04,85.0,87.41,19.41,19.17,SYNTHETIC_DATASET
JRN_20260724_14041,14041,EXPRESS,2026-07-24T22:25:00,2026-07-24,22,4,0,SEC_NDLS_GZB,NDLS,GZB,25.0,28.0,110.0,92.87,-0.07,0.0,LOW,CLEAR,10.0,0,,0,0.0,0.0,28.84,35.0,23.8,-4.2,-4.27,SYNTHETIC_DATASET
JRN_20260724_14041,14041,EXPRESS,2026-07-24T22:51:48,2026-07-24,22,4,0,SEC_GZB_MTC,GZB,MTC,47.0,40.0,120.0,92.84,-4.27,-4.2,MEDIUM,RAIN,4.18,0,,0,0.0,0.0,41.2,50.0,35.28,-4.72,-8.99,SYNTHETIC_DATASET
JRN_20260724_14041,14041,EXPRESS,2026-07-24T23:30:04,2026-07-24,23,4,0,SEC_MTC_MOZ,MTC,MOZ,56.0,45.0,110.0,24.87,-8.99,-4.72,MEDIUM,CLEAR,10.0,1,30.0,0,0.0,0.0,46.35,56.25,152.63,107.63,98.64,SYNTHETIC_DATASET
JRN_20260724_14041,14041,EXPRESS,2026-07-25T02:05:42,2026-07-24,2,4,0,SEC_MOZ_SRE,MOZ,SRE,59.0,52.0,100.0,42.67,98.64,107.63,LOW,CLEAR,10.0,1,50.0,0,0.0,0.0,53.56,65.0,78.95,26.95,125.59,SYNTHETIC_DATASET
JRN_20260724_14041,14041,EXPRESS,2026-07-25T03:27:39,2026-07-24,3,4,0,SEC_SRE_RK,SRE,RK,34.0,32.0,100.0,84.96,125.59,26.95,LOW,CLEAR,10.0,0,,0,0.0,8.2,32.96,40.0,27.2,-4.8,120.79,SYNTHETIC_DATASET
JRN_20260724_14041,14041,EXPRESS,2026-07-25T03:57:51,2026-07-24,3,4,0,SEC_RK_HW,RK,HW,42.0,45.0,80.0,66.34,120.79,-4.8,HIGH,CLEAR,10.0,0,,0,0.0,0.0,46.35,56.25,54.95,9.95,130.74,SYNTHETIC_DATASET
JRN_20260724_14041,14041,EXPRESS,2026-07-25T04:55:48,2026-07-24,4,4,0,SEC_HW_DDN,HW,DDN,51.0,68.0,60.0,53.75,130.74,9.95,LOW,CLEAR,10.0,0,,0,0.0,11.05,70.04,85.0,57.8,-10.2,120.54,SYNTHETIC_DATASET
JRN_20260724_14309,14309,PASSENGER,2026-07-24T11:15:00,2026-07-24,11,4,0,SEC_NDLS_GZB,NDLS,GZB,25.0,28.0,110.0,88.75,-0.11,0.0,LOW,CLEAR,10.0,0,,0,0.0,0.0,28.84,35.0,23.8,-4.2,-4.31,SYNTHETIC_DATASET
JRN_20260724_14309,14309,PASSENGER,2026-07-24T11:41:48,2026-07-24,11,4,0,SEC_GZB_MTC,GZB,MTC,47.0,40.0,120.0,97.73,-4.31,-4.2,MEDIUM,CLEAR,10.0,0,,0,0.0,0.0,41.2,50.0,34.0,-6.0,-10.31,SYNTHETIC_DATASET
JRN_20260724_14309,14309,PASSENGER,2026-07-24T12:18:48,2026-07-24,12,4,0,SEC_MTC_MOZ,MTC,MOZ,56.0,45.0,110.0,91.12,-10.31,-6.0,HIGH,CLEAR,10.0,0,,0,0.0,0.0,46.35,56.25,53.03,8.03,-2.28,SYNTHETIC_DATASET
JRN_20260724_14309,14309,PASSENGER,2026-07-24T13:14:49,2026-07-24,13,4,0,SEC_MOZ_SRE,MOZ,SRE,59.0,52.0,100.0,76.62,-2.28,8.03,HIGH,CLEAR,10.0,0,,0,0.0,0.0,53.56,65.0,60.59,8.59,6.31,SYNTHETIC_DATASET
JRN_20260724_14309,14309,PASSENGER,2026-07-24T14:18:25,2026-07-24,14,4,0,SEC_SRE_RK,SRE,RK,34.0,32.0,100.0,73.65,6.31,8.59,MEDIUM,RAIN,3.12,0,,0,0.0,0.0,32.96,40.0,30.9,-1.1,5.21,SYNTHETIC_DATASET
JRN_20260724_14309,14309,PASSENGER,2026-07-24T14:52:19,2026-07-24,14,4,0,SEC_RK_HW,RK,HW,42.0,45.0,80.0,64.04,5.21,-1.1,MEDIUM,CLEAR,10.0,0,,0,0.0,0.0,46.35,56.25,42.37,-2.63,2.58,SYNTHETIC_DATASET
JRN_20260724_14309,14309,PASSENGER,2026-07-24T15:37:41,2026-07-24,15,4,0,SEC_HW_DDN,HW,DDN,51.0,68.0,60.0,48.21,2.58,-2.63,LOW,CLEAR,10.0,0,,0,0.0,1.03,70.04,85.0,57.8,-10.2,-7.62,SYNTHETIC_DATASET
JRN_20260725_12017,12017,SHATABDI,2026-07-25T06:45:00,2026-07-25,6,5,1,SEC_NDLS_GZB,NDLS,GZB,25.0,28.0,110.0,93.61,0.43,0.0,LOW,CLEAR,10.0,0,,0,0.0,0.0,28.84,35.0,23.8,-4.2,-3.77,SYNTHETIC_DATASET
JRN_20260725_12017,12017,SHATABDI,2026-07-25T07:11:48,2026-07-25,7,5,1,SEC_GZB_MTC,GZB,MTC,47.0,40.0,120.0,23.04,-3.77,-4.2,LOW,CLEAR,10.0,1,30.0,0,0.0,0.0,41.2,50.0,104.18,64.18,60.41,SYNTHETIC_DATASET
JRN_20260725_12017,12017,SHATABDI,2026-07-25T08:58:58,2026-07-25,8,5,1,SEC_MTC_MOZ,MTC,MOZ,56.0,45.0,110.0,84.27,60.41,64.18,LOW,CLEAR,10.0,0,,0,0.0,13.31,46.35,56.25,38.25,-6.75,53.66,SYNTHETIC_DATASET
JRN_20260725_12017,12017,SHATABDI,2026-07-25T09:40:13,2026-07-25,9,5,1,SEC_MOZ_SRE,MOZ,SRE,59.0,52.0,100.0,81.51,53.66,-6.75,MEDIUM,CLEAR,10.0,0,,0,0.0,0.0,53.56,65.0,48.03,-3.97,49.69,SYNTHETIC_DATASET
JRN_20260725_12017,12017,SHATABDI,2026-07-25T10:31:15,2026-07-25,10,5,1,SEC_SRE_RK,SRE,RK,34.0,32.0,100.0,72.09,49.69,-3.97,LOW,RAIN,2.24,0,,0,0.0,0.0,32.96,40.0,27.2,-4.8,44.89,SYNTHETIC_DATASET
JRN_20260725_12017,12017,SHATABDI,2026-07-25T11:01:27,2026-07-25,11,5,1,SEC_RK_HW,RK,HW,42.0,45.0,80.0,61.34,44.89,-4.8,HIGH,CLEAR,10.0,0,,0,0.0,0.0,46.35,56.25,54.64,9.64,54.53,SYNTHETIC_DATASET
JRN_20260725_12017,12017,SHATABDI,2026-07-25T11:59:06,2026-07-25,11,5,1,SEC_HW_DDN,HW,DDN,51.0,68.0,60.0,47.9,54.53,9.64,LOW,CLEAR,10.0,0,,0,0.0,14.73,70.04,85.0,57.8,-10.2,44.33,SYNTHETIC_DATASET
JRN_20260725_12055,12055,SUPERFAST,2026-07-25T15:20:00,2026-07-25,15,5,1,SEC_NDLS_GZB,NDLS,GZB,25.0,28.0,110.0,98.05,-1.72,0.0,LOW,CLEAR,10.0,0,,0,0.0,0.0,28.84,35.0,23.8,-4.2,-5.92,SYNTHETIC_DATASET
JRN_20260725_12055,12055,SUPERFAST,2026-07-25T15:46:48,2026-07-25,15,5,1,SEC_GZB_MTC,GZB,MTC,47.0,40.0,120.0,93.78,-5.92,-4.2,MEDIUM,CLEAR,10.0,0,,0,0.0,0.0,41.2,50.0,34.0,-6.0,-11.92,SYNTHETIC_DATASET
JRN_20260725_12055,12055,SUPERFAST,2026-07-25T16:23:48,2026-07-25,16,5,1,SEC_MTC_MOZ,MTC,MOZ,56.0,45.0,110.0,81.54,-11.92,-6.0,MEDIUM,RAIN,4.0,0,,0,0.0,0.0,46.35,56.25,46.06,1.06,-10.86,SYNTHETIC_DATASET
JRN_20260725_12055,12055,SUPERFAST,2026-07-25T17:12:51,2026-07-25,17,5,1,SEC_MOZ_SRE,MOZ,SRE,59.0,52.0,100.0,79.78,-10.86,1.06,HIGH,CLEAR,10.0,0,,0,0.0,0.0,53.56,65.0,61.61,9.61,-1.25,SYNTHETIC_DATASET
JRN_20260725_12055,12055,SUPERFAST,2026-07-25T18:17:28,2026-07-25,18,5,1,SEC_SRE_RK,SRE,RK,34.0,32.0,100.0,79.86,-1.25,9.61,MEDIUM,CLEAR,10.0,0,,0,0.0,0.0,32.96,40.0,27.53,-4.47,-5.72,SYNTHETIC_DATASET
JRN_20260725_12055,12055,SUPERFAST,2026-07-25T18:48:00,2026-07-25,18,5,1,SEC_RK_HW,RK,HW,42.0,45.0,80.0,69.4,-5.72,-4.47,MEDIUM,CLEAR,10.0,0,,0,0.0,0.0,46.35,56.25,43.14,-1.86,-7.58,SYNTHETIC_DATASET
JRN_20260725_12055,12055,SUPERFAST,2026-07-25T19:34:08,2026-07-25,19,5,1,SEC_HW_DDN,HW,DDN,51.0,68.0,60.0,39.22,-7.58,-1.86,HIGH,CLEAR,10.0,1,45.0,1,11.82,0.0,70.04,85.0,129.1,61.1,53.52,SYNTHETIC_DATASET
JRN_20260725_14041,14041,EXPRESS,2026-07-25T22:25:00,2026-07-25,22,5,1,SEC_NDLS_GZB,NDLS,GZB,25.0,28.0,110.0,86.15,0.42,0.0,LOW,CLEAR,10.0,0,,0,0.0,0.0,28.84,35.0,23.8,-4.2,-3.78,SYNTHETIC_DATASET
JRN_20260725_14041,14041,EXPRESS,2026-07-25T22:51:48,2026-07-25,22,5,1,SEC_GZB_MTC,GZB,MTC,47.0,40.0,120.0,94.82,-3.78,-4.2,LOW,CLEAR,10.0,0,,0,0.0,0.0,41.2,50.0,34.0,-6.0,-9.78,SYNTHETIC_DATASET
JRN_20260725_14041,14041,EXPRESS,2026-07-25T23:28:48,2026-07-25,23,5,1,SEC_MTC_MOZ,MTC,MOZ,56.0,45.0,110.0,97.73,-9.78,-6.0,LOW,CLEAR,10.0,0,,0,0.0,0.0,46.35,56.25,38.25,-6.75,-16.53,SYNTHETIC_DATASET
JRN_20260725_14041,14041,EXPRESS,2026-07-26T00:10:03,2026-07-25,0,5,1,SEC_MOZ_SRE,MOZ,SRE,59.0,52.0,100.0,76.51,-16.53,-6.75,MEDIUM,CLEAR,10.0,0,,0,0.0,0.0,53.56,65.0,47.92,-4.08,-20.61,SYNTHETIC_DATASET
JRN_20260725_14041,14041,EXPRESS,2026-07-26T01:00:58,2026-07-25,1,5,1,SEC_SRE_RK,SRE,RK,34.0,32.0,100.0,86.98,-20.61,-4.08,LOW,CLEAR,10.0,0,,1,10.57,0.0,32.96,40.0,33.29,1.29,-19.32,SYNTHETIC_DATASET
JRN_20260725_14041,14041,EXPRESS,2026-07-26T01:37:15,2026-07-25,1,5,1,SEC_RK_HW,RK,HW,42.0,45.0,80.0,66.57,-19.32,1.29,LOW,CLEAR,10.0,0,,0,0.0,0.0,46.35,56.25,38.25,-6.75,-26.07,SYNTHETIC_DATASET
JRN_20260725_14041,14041,EXPRESS,2026-07-26T02:18:30,2026-07-25,2,5,1,SEC_HW_DDN,HW,DDN,51.0,68.0,60.0,46.79,-26.07,-6.75,LOW,CLEAR,10.0,0,,0,0.0,0.0,70.04,85.0,57.8,-10.2,-36.27,SYNTHETIC_DATASET
JRN_20260725_14309,14309,PASSENGER,2026-07-25T11:15:00,2026-07-25,11,5,1,SEC_NDLS_GZB,NDLS,GZB,25.0,28.0,110.0,92.63,-1.61,0.0,LOW,CLEAR,10.0,0,,0,0.0,0.0,28.84,35.0,23.8,-4.2,-5.81,SYNTHETIC_DATASET
JRN_20260725_14309,14309,PASSENGER,2026-07-25T11:41:48,2026-07-25,11,5,1,SEC_GZB_MTC,GZB,MTC,47.0,40.0,120.0,95.95,-5.81,-4.2,LOW,CLEAR,10.0,0,,0,0.0,0.0,41.2,50.0,34.0,-6.0,-11.81,SYNTHETIC_DATASET
JRN_20260725_14309,14309,PASSENGER,2026-07-25T12:18:48,2026-07-25,12,5,1,SEC_MTC_MOZ,MTC,MOZ,56.0,45.0,110.0,97.36,-11.81,-6.0,MEDIUM,CLEAR,10.0,0,,0,0.0,0.0,46.35,56.25,41.91,-3.09,-14.9,SYNTHETIC_DATASET
JRN_20260725_14309,14309,PASSENGER,2026-07-25T13:03:42,2026-07-25,13,5,1,SEC_MOZ_SRE,MOZ,SRE,59.0,52.0,100.0,44.26,-14.9,-3.09,MEDIUM,CLEAR,10.0,1,50.0,0,0.0,0.0,53.56,65.0,96.36,44.36,29.46,SYNTHETIC_DATASET
JRN_20260725_14309,14309,PASSENGER,2026-07-25T14:43:04,2026-07-25,14,5,1,SEC_SRE_RK,SRE,RK,34.0,32.0,100.0,87.77,29.46,44.36,MEDIUM,CLEAR,10.0,0,,0,0.0,0.0,32.96,40.0,27.2,-4.8,24.66,SYNTHETIC_DATASET
JRN_20260725_14309,14309,PASSENGER,2026-07-25T15:13:16,2026-07-25,15,5,1,SEC_RK_HW,RK,HW,42.0,45.0,80.0,65.36,24.66,-4.8,MEDIUM,CLEAR,10.0,0,,1,4.31,0.0,46.35,56.25,47.27,2.27,26.93,SYNTHETIC_DATASET
JRN_20260725_14309,14309,PASSENGER,2026-07-25T16:03:32,2026-07-25,16,5,1,SEC_HW_DDN,HW,DDN,51.0,68.0,60.0,51.94,26.93,2.27,MEDIUM,CLEAR,10.0,0,,0,0.0,0.0,70.04,85.0,69.82,1.82,28.75,SYNTHETIC_DATASET
JRN_20260726_12017,12017,SHATABDI,2026-07-26T06:45:00,2026-07-26,6,6,1,SEC_NDLS_GZB,NDLS,GZB,25.0,28.0,110.0,95.92,-0.27,0.0,LOW,CLEAR,10.0,0,,0,0.0,0.0,28.84,35.0,23.8,-4.2,-4.47,SYNTHETIC_DATASET
JRN_20260726_12017,12017,SHATABDI,2026-07-26T07:11:48,2026-07-26,7,6,1,SEC_GZB_MTC,GZB,MTC,47.0,40.0,120.0,106.42,-4.47,-4.2,LOW,CLEAR,10.0,0,,0,0.0,0.0,41.2,50.0,34.0,-6.0,-10.47,SYNTHETIC_DATASET
JRN_20260726_12017,12017,SHATABDI,2026-07-26T07:48:48,2026-07-26,7,6,1,SEC_MTC_MOZ,MTC,MOZ,56.0,45.0,110.0,93.55,-10.47,-6.0,LOW,CLEAR,10.0,0,,0,0.0,0.0,46.35,56.25,38.25,-6.75,-17.22,SYNTHETIC_DATASET
JRN_20260726_12017,12017,SHATABDI,2026-07-26T08:30:03,2026-07-26,8,6,1,SEC_MOZ_SRE,MOZ,SRE,59.0,52.0,100.0,86.55,-17.22,-6.75,MEDIUM,CLEAR,10.0,0,,0,0.0,0.0,53.56,65.0,47.59,-4.41,-21.63,SYNTHETIC_DATASET
JRN_20260726_12017,12017,SHATABDI,2026-07-26T09:20:38,2026-07-26,9,6,1,SEC_SRE_RK,SRE,RK,34.0,32.0,100.0,80.34,-21.63,-4.41,MEDIUM,CLEAR,10.0,0,,1,2.35,0.0,32.96,40.0,30.27,-1.73,-23.36,SYNTHETIC_DATASET
JRN_20260726_12017,12017,SHATABDI,2026-07-26T09:53:54,2026-07-26,9,6,1,SEC_RK_HW,RK,HW,42.0,45.0,80.0,62.58,-23.36,-1.73,LOW,RAIN,4.95,0,,0,0.0,0.0,46.35,56.25,38.92,-6.08,-29.44,SYNTHETIC_DATASET
JRN_20260726_12017,12017,SHATABDI,2026-07-26T10:35:49,2026-07-26,10,6,1,SEC_HW_DDN,HW,DDN,51.0,68.0,60.0,50.52,-29.44,-6.08,LOW,CLEAR,10.0,0,,0,0.0,0.0,70.04,85.0,57.8,-10.2,-39.64,SYNTHETIC_DATASET
JRN_20260726_12055,12055,SUPERFAST,2026-07-26T15:20:00,2026-07-26,15,6,1,SEC_NDLS_GZB,NDLS,GZB,25.0,28.0,110.0,88.61,-1.53,0.0,LOW,CLEAR,10.0,0,,0,0.0,0.0,28.84,35.0,23.8,-4.2,-5.73,SYNTHETIC_DATASET
JRN_20260726_12055,12055,SUPERFAST,2026-07-26T15:46:48,2026-07-26,15,6,1,SEC_GZB_MTC,GZB,MTC,47.0,40.0,120.0,97.06,-5.73,-4.2,LOW,CLEAR,10.0,0,,0,0.0,0.0,41.2,50.0,34.0,-6.0,-11.73,SYNTHETIC_DATASET
JRN_20260726_12055,12055,SUPERFAST,2026-07-26T16:23:48,2026-07-26,16,6,1,SEC_MTC_MOZ,MTC,MOZ,56.0,45.0,110.0,93.69,-11.73,-6.0,LOW,CLEAR,10.0,0,,0,0.0,0.0,46.35,56.25,38.25,-6.75,-18.48,SYNTHETIC_DATASET
JRN_20260726_12055,12055,SUPERFAST,2026-07-26T17:05:03,2026-07-26,17,6,1,SEC_MOZ_SRE,MOZ,SRE,59.0,52.0,100.0,88.95,-18.48,-6.75,HIGH,CLEAR,10.0,0,,0,0.0,0.0,53.56,65.0,60.45,8.45,-10.03,SYNTHETIC_DATASET
JRN_20260726_12055,12055,SUPERFAST,2026-07-26T18:08:30,2026-07-26,18,6,1,SEC_SRE_RK,SRE,RK,34.0,32.0,100.0,86.59,-10.03,8.45,MEDIUM,CLEAR,10.0,0,,0,0.0,0.0,32.96,40.0,28.54,-3.46,-13.49,SYNTHETIC_DATASET
JRN_20260726_12055,12055,SUPERFAST,2026-07-26T18:40:02,2026-07-26,18,6,1,SEC_RK_HW,RK,HW,42.0,45.0,80.0,61.78,-13.49,-3.46,LOW,CLEAR,10.0,0,,0,0.0,0.0,46.35,56.25,38.25,-6.75,-20.24,SYNTHETIC_DATASET
JRN_20260726_12055,12055,SUPERFAST,2026-07-26T19:21:17,2026-07-26,19,6,1,SEC_HW_DDN,HW,DDN,51.0,68.0,60.0,51.36,-20.24,-6.75,MEDIUM,CLEAR,10.0,0,,0,0.0,0.0,70.04,85.0,69.07,1.07,-19.17,SYNTHETIC_DATASET
JRN_20260726_14041,14041,EXPRESS,2026-07-26T22:25:00,2026-07-26,22,6,1,SEC_NDLS_GZB,NDLS,GZB,25.0,28.0,110.0,36.82,0.91,0.0,LOW,CLEAR,10.0,1,45.0,0,0.0,0.0,28.84,35.0,37.18,9.18,10.09,SYNTHETIC_DATASET
JRN_20260726_14041,14041,EXPRESS,2026-07-26T23:05:10,2026-07-26,23,6,1,SEC_GZB_MTC,GZB,MTC,47.0,40.0,120.0,42.96,10.09,9.18,LOW,RAIN,3.2,1,50.0,0,0.0,0.0,41.2,50.0,62.82,22.82,32.91,SYNTHETIC_DATASET
JRN_20260726_14041,14041,EXPRESS,2026-07-27T00:11:00,2026-07-26,0,6,1,SEC_MTC_MOZ,MTC,MOZ,56.0,45.0,110.0,92.63,32.91,22.82,LOW,CLEAR,10.0,0,,0,0.0,9.98,46.35,56.25,38.25,-6.75,26.16,SYNTHETIC_DATASET
JRN_20260726_14041,14041,EXPRESS,2026-07-27T00:52:15,2026-07-26,0,6,1,SEC_MOZ_SRE,MOZ,SRE,59.0,52.0,100.0,85.74,26.16,-6.75,LOW,CLEAR,10.0,0,,0,0.0,10.46,53.56,65.0,44.199999999999996,-7.8,18.36,SYNTHETIC_DATASET
JRN_20260726_14041,14041,EXPRESS,2026-07-27T01:39:27,2026-07-26,1,6,1,SEC_SRE_RK,SRE,RK,34.0,32.0,100.0,79.07,18.36,-7.8,LOW,CLEAR,10.0,0,,0,0.0,7.34,32.96,40.0,27.2,-4.8,13.56,SYNTHETIC_DATASET
JRN_20260726_14041,14041,EXPRESS,2026-07-27T02:09:39,2026-07-26,2,6,1,SEC_RK_HW,RK,HW,42.0,45.0,80.0,69.87,13.56,-4.8,LOW,CLEAR,10.0,0,,0,0.0,5.42,46.35,56.25,38.25,-6.75,6.81,SYNTHETIC_DATASET
JRN_20260726_14041,14041,EXPRESS,2026-07-27T02:50:54,2026-07-26,2,6,1,SEC_HW_DDN,HW,DDN,51.0,68.0,60.0,51.45,6.81,-6.75,LOW,CLEAR,10.0,0,,0,0.0,2.72,70.04,85.0,57.8,-10.2,-3.39,SYNTHETIC_DATASET
JRN_20260726_14309,14309,PASSENGER,2026-07-26T11:15:00,2026-07-26,11,6,1,SEC_NDLS_GZB,NDLS,GZB,25.0,28.0,110.0,88.42,6.73,0.0,MEDIUM,CLEAR,10.0,0,,0,0.0,0.0,28.84,35.0,23.8,-4.2,2.53,SYNTHETIC_DATASET
JRN_20260726_14309,14309,PASSENGER,2026-07-26T11:41:48,2026-07-26,11,6,1,SEC_GZB_MTC,GZB,MTC,47.0,40.0,120.0,97.18,2.53,-4.2,MEDIUM,CLEAR,10.0,0,,0,0.0,0.0,41.2,50.0,34.0,-6.0,-3.47,SYNTHETIC_DATASET
JRN_20260726_14309,14309,PASSENGER,2026-07-26T12:18:48,2026-07-26,12,6,1,SEC_MTC_MOZ,MTC,MOZ,56.0,45.0,110.0,98.89,-3.47,-6.0,LOW,CLEAR,10.0,0,,0,0.0,0.0,46.35,56.25,38.25,-6.75,-10.22,SYNTHETIC_DATASET
JRN_20260726_14309,14309,PASSENGER,2026-07-26T13:00:03,2026-07-26,13,6,1,SEC_MOZ_SRE,MOZ,SRE,59.0,52.0,100.0,83.61,-10.22,-6.75,LOW,CLEAR,10.0,0,,0,0.0,0.0,53.56,65.0,44.199999999999996,-7.8,-18.02,SYNTHETIC_DATASET
JRN_20260726_14309,14309,PASSENGER,2026-07-26T13:47:15,2026-07-26,13,6,1,SEC_SRE_RK,SRE,RK,34.0,32.0,100.0,89.26,-18.02,-7.8,MEDIUM,CLEAR,10.0,0,,0,0.0,0.0,32.96,40.0,27.83,-4.17,-22.19,SYNTHETIC_DATASET
JRN_20260726_14309,14309,PASSENGER,2026-07-26T14:18:04,2026-07-26,14,6,1,SEC_RK_HW,RK,HW,42.0,45.0,80.0,65.09,-22.19,-4.17,MEDIUM,CLEAR,10.0,0,,0,0.0,0.0,46.35,56.25,43.02,-1.98,-24.17,SYNTHETIC_DATASET
JRN_20260726_14309,14309,PASSENGER,2026-07-26T15:04:06,2026-07-26,15,6,1,SEC_HW_DDN,HW,DDN,51.0,68.0,60.0,51.65,-24.17,-1.98,LOW,CLEAR,10.0,0,,0,0.0,0.0,70.04,85.0,57.8,-10.2,-34.37,SYNTHETIC_DATASET
JRN_20260727_12017,12017,SHATABDI,2026-07-27T06:45:00,2026-07-27,6,0,0,SEC_NDLS_GZB,NDLS,GZB,25.0,28.0,110.0,92.48,-0.55,0.0,LOW,CLEAR,10.0,0,,0,0.0,0.0,28.84,35.0,23.8,-4.2,-4.75,SYNTHETIC_DATASET
JRN_20260727_12017,12017,SHATABDI,2026-07-27T07:11:48,2026-07-27,7,0,0,SEC_GZB_MTC,GZB,MTC,47.0,40.0,120.0,92.1,-4.75,-4.2,LOW,CLEAR,10.0,0,,0,0.0,0.0,41.2,50.0,34.0,-6.0,-10.75,SYNTHETIC_DATASET
JRN_20260727_12017,12017,SHATABDI,2026-07-27T07:48:48,2026-07-27,7,0,0,SEC_MTC_MOZ,MTC,MOZ,56.0,45.0,110.0,98.68,-10.75,-6.0,LOW,CLEAR,10.0,0,,0,0.0,0.0,46.35,56.25,38.25,-6.75,-17.5,SYNTHETIC_DATASET
JRN_20260727_12017,12017,SHATABDI,2026-07-27T08:30:03,2026-07-27,8,0,0,SEC_MOZ_SRE,MOZ,SRE,59.0,52.0,100.0,89.25,-17.5,-6.75,MEDIUM,CLEAR,10.0,0,,0,0.0,0.0,53.56,65.0,48.16,-3.84,-21.34,SYNTHETIC_DATASET
JRN_20260727_12017,12017,SHATABDI,2026-07-27T09:21:12,2026-07-27,9,0,0,SEC_SRE_RK,SRE,RK,34.0,32.0,100.0,78.35,-21.34,-3.84,LOW,CLEAR,10.0,0,,0,0.0,0.0,32.96,40.0,27.2,-4.8,-26.14,SYNTHETIC_DATASET
JRN_20260727_12017,12017,SHATABDI,2026-07-27T09:51:24,2026-07-27,9,0,0,SEC_RK_HW,RK,HW,42.0,45.0,80.0,67.39,-26.14,-4.8,LOW,CLEAR,10.0,0,,0,0.0,0.0,46.35,56.25,38.25,-6.75,-32.89,SYNTHETIC_DATASET
JRN_20260727_12017,12017,SHATABDI,2026-07-27T10:32:39,2026-07-27,10,0,0,SEC_HW_DDN,HW,DDN,51.0,68.0,60.0,46.97,-32.89,-6.75,MEDIUM,CLEAR,10.0,0,,0,0.0,0.0,70.04,85.0,68.75,0.75,-32.14,SYNTHETIC_DATASET
JRN_20260727_12055,12055,SUPERFAST,2026-07-27T15:20:00,2026-07-27,15,0,0,SEC_NDLS_GZB,NDLS,GZB,25.0,28.0,110.0,90.54,-1.39,0.0,MEDIUM,CLEAR,10.0,0,,0,0.0,0.0,28.84,35.0,23.8,-4.2,-5.59,SYNTHETIC_DATASET
JRN_20260727_12055,12055,SUPERFAST,2026-07-27T15:46:48,2026-07-27,15,0,0,SEC_GZB_MTC,GZB,MTC,47.0,40.0,120.0,94.36,-5.59,-4.2,LOW,CLEAR,10.0,0,,0,0.0,0.0,41.2,50.0,34.0,-6.0,-11.59,SYNTHETIC_DATASET
JRN_20260727_12055,12055,SUPERFAST,2026-07-27T16:23:48,2026-07-27,16,0,0,SEC_MTC_MOZ,MTC,MOZ,56.0,45.0,110.0,84.59,-11.59,-6.0,LOW,CLEAR,10.0,0,,0,0.0,0.0,46.35,56.25,38.25,-6.75,-18.34,SYNTHETIC_DATASET
JRN_20260727_12055,12055,SUPERFAST,2026-07-27T17:05:03,2026-07-27,17,0,0,SEC_MOZ_SRE,MOZ,SRE,59.0,52.0,100.0,86.57,-18.34,-6.75,MEDIUM,CLEAR,10.0,0,,0,0.0,0.0,53.56,65.0,48.3,-3.7,-22.04,SYNTHETIC_DATASET
JRN_20260727_12055,12055,SUPERFAST,2026-07-27T17:56:21,2026-07-27,17,0,0,SEC_SRE_RK,SRE,RK,34.0,32.0,100.0,76.85,-22.04,-3.7,LOW,CLEAR,10.0,0,,0,0.0,0.0,32.96,40.0,27.2,-4.8,-26.84,SYNTHETIC_DATASET
JRN_20260727_12055,12055,SUPERFAST,2026-07-27T18:26:33,2026-07-27,18,0,0,SEC_RK_HW,RK,HW,42.0,45.0,80.0,67.64,-26.84,-4.8,LOW,CLEAR,10.0,0,,0,0.0,0.0,46.35,56.25,38.25,-6.75,-33.59,SYNTHETIC_DATASET
JRN_20260727_12055,12055,SUPERFAST,2026-07-27T19:07:48,2026-07-27,19,0,0,SEC_HW_DDN,HW,DDN,51.0,68.0,60.0,49.7,-33.59,-6.75,HIGH,CLEAR,10.0,0,,0,0.0,0.0,70.04,85.0,87.95,19.95,-13.64,SYNTHETIC_DATASET
JRN_20260727_14041,14041,EXPRESS,2026-07-27T22:25:00,2026-07-27,22,0,0,SEC_NDLS_GZB,NDLS,GZB,25.0,28.0,110.0,90.22,-1.45,0.0,LOW,CLEAR,10.0,0,,0,0.0,0.0,28.84,35.0,23.8,-4.2,-5.65,SYNTHETIC_DATASET
JRN_20260727_14041,14041,EXPRESS,2026-07-27T22:51:48,2026-07-27,22,0,0,SEC_GZB_MTC,GZB,MTC,47.0,40.0,120.0,95.11,-5.65,-4.2,LOW,CLEAR,10.0,0,,0,0.0,0.0,41.2,50.0,34.0,-6.0,-11.65,SYNTHETIC_DATASET
JRN_20260727_14041,14041,EXPRESS,2026-07-27T23:28:48,2026-07-27,23,0,0,SEC_MTC_MOZ,MTC,MOZ,56.0,45.0,110.0,94.36,-11.65,-6.0,MEDIUM,CLEAR,10.0,0,,0,0.0,0.0,46.35,56.25,42.11,-2.89,-14.54,SYNTHETIC_DATASET
JRN_20260727_14041,14041,EXPRESS,2026-07-28T00:13:54,2026-07-27,0,0,0,SEC_MOZ_SRE,MOZ,SRE,59.0,52.0,100.0,86.22,-14.54,-2.89,LOW,CLEAR,10.0,0,,0,0.0,0.0,53.56,65.0,44.199999999999996,-7.8,-22.34,SYNTHETIC_DATASET
JRN_20260727_14041,14041,EXPRESS,2026-07-28T01:01:06,2026-07-27,1,0,0,SEC_SRE_RK,SRE,RK,34.0,32.0,100.0,85.16,-22.34,-7.8,LOW,CLEAR,10.0,0,,0,0.0,0.0,32.96,40.0,27.2,-4.8,-27.14,SYNTHETIC_DATASET
JRN_20260727_14041,14041,EXPRESS,2026-07-28T01:31:18,2026-07-27,1,0,0,SEC_RK_HW,RK,HW,42.0,45.0,80.0,63.85,-27.14,-4.8,MEDIUM,CLEAR,10.0,0,,0,0.0,0.0,46.35,56.25,42.57,-2.43,-29.57,SYNTHETIC_DATASET
JRN_20260727_14041,14041,EXPRESS,2026-07-28T02:16:52,2026-07-27,2,0,0,SEC_HW_DDN,HW,DDN,51.0,68.0,60.0,38.26,-29.57,-2.43,LOW,CLEAR,10.0,1,45.0,0,0.0,0.0,70.04,85.0,75.95,7.95,-21.62,SYNTHETIC_DATASET
JRN_20260727_14309,14309,PASSENGER,2026-07-27T11:15:00,2026-07-27,11,0,0,SEC_NDLS_GZB,NDLS,GZB,25.0,28.0,110.0,84.96,-1.09,0.0,LOW,CLEAR,10.0,0,,0,0.0,0.0,28.84,35.0,23.8,-4.2,-5.29,SYNTHETIC_DATASET
JRN_20260727_14309,14309,PASSENGER,2026-07-27T11:41:48,2026-07-27,11,0,0,SEC_GZB_MTC,GZB,MTC,47.0,40.0,120.0,103.51,-5.29,-4.2,MEDIUM,CLEAR,10.0,0,,0,0.0,0.0,41.2,50.0,34.0,-6.0,-11.29,SYNTHETIC_DATASET
JRN_20260727_14309,14309,PASSENGER,2026-07-27T12:18:48,2026-07-27,12,0,0,SEC_MTC_MOZ,MTC,MOZ,56.0,45.0,110.0,90.85,-11.29,-6.0,LOW,CLEAR,10.0,0,,0,0.0,0.0,46.35,56.25,38.25,-6.75,-18.04,SYNTHETIC_DATASET
JRN_20260727_14309,14309,PASSENGER,2026-07-27T13:00:03,2026-07-27,13,0,0,SEC_MOZ_SRE,MOZ,SRE,59.0,52.0,100.0,82.64,-18.04,-6.75,MEDIUM,CLEAR,10.0,0,,0,0.0,0.0,53.56,65.0,47.99,-4.01,-22.05,SYNTHETIC_DATASET
JRN_20260727_14309,14309,PASSENGER,2026-07-27T13:51:02,2026-07-27,13,0,0,SEC_SRE_RK,SRE,RK,34.0,32.0,100.0,78.04,-22.05,-4.01,LOW,CLEAR,10.0,0,,0,0.0,0.0,32.96,40.0,27.2,-4.8,-26.85,SYNTHETIC_DATASET
JRN_20260727_14309,14309,PASSENGER,2026-07-27T14:21:14,2026-07-27,14,0,0,SEC_RK_HW,RK,HW,42.0,45.0,80.0,69.74,-26.85,-4.8,LOW,CLEAR,10.0,0,,0,0.0,0.0,46.35,56.25,38.25,-6.75,-33.6,SYNTHETIC_DATASET
JRN_20260727_14309,14309,PASSENGER,2026-07-27T15:02:29,2026-07-27,15,0,0,SEC_HW_DDN,HW,DDN,51.0,68.0,60.0,50.48,-33.6,-6.75,LOW,CLEAR,10.0,0,,0,0.0,0.0,70.04,85.0,57.8,-10.2,-43.8,SYNTHETIC_DATASET
JRN_20260728_12017,12017,SHATABDI,2026-07-28T06:45:00,2026-07-28,6,1,0,SEC_NDLS_GZB,NDLS,GZB,25.0,28.0,110.0,88.75,-1.55,0.0,LOW,CLEAR,10.0,0,,0,0.0,0.0,28.84,35.0,23.8,-4.2,-5.75,SYNTHETIC_DATASET
JRN_20260728_12017,12017,SHATABDI,2026-07-28T07:11:48,2026-07-28,7,1,0,SEC_GZB_MTC,GZB,MTC,47.0,40.0,120.0,101.89,-5.75,-4.2,LOW,CLEAR,10.0,0,,0,0.0,0.0,41.2,50.0,34.0,-6.0,-11.75,SYNTHETIC_DATASET
JRN_20260728_12017,12017,SHATABDI,2026-07-28T07:48:48,2026-07-28,7,1,0,SEC_MTC_MOZ,MTC,MOZ,56.0,45.0,110.0,84.24,-11.75,-6.0,LOW,CLEAR,10.0,0,,0,0.0,0.0,46.35,56.25,38.25,-6.75,-18.5,SYNTHETIC_DATASET
JRN_20260728_12017,12017,SHATABDI,2026-07-28T08:30:03,2026-07-28,8,1,0,SEC_MOZ_SRE,MOZ,SRE,59.0,52.0,100.0,79.8,-18.5,-6.75,MEDIUM,CLEAR,10.0,0,,1,8.0,0.0,53.56,65.0,55.74,3.74,-14.76,SYNTHETIC_DATASET
JRN_20260728_12017,12017,SHATABDI,2026-07-28T09:28:47,2026-07-28,9,1,0,SEC_SRE_RK,SRE,RK,34.0,32.0,100.0,77.16,-14.76,3.74,MEDIUM,CLEAR,10.0,0,,0,0.0,0.0,32.96,40.0,28.09,-3.91,-18.67,SYNTHETIC_DATASET
JRN_20260728_12017,12017,SHATABDI,2026-07-28T09:59:52,2026-07-28,9,1,0,SEC_RK_HW,RK,HW,42.0,45.0,80.0,64.42,-18.67,-3.91,HIGH,CLEAR,10.0,0,,0,0.0,0.0,46.35,56.25,54.83,9.83,-8.84,SYNTHETIC_DATASET
JRN_20260728_12017,12017,SHATABDI,2026-07-28T10:57:42,2026-07-28,10,1,0,SEC_HW_DDN,HW,DDN,51.0,68.0,60.0,45.76,-8.84,9.83,LOW,RAIN,3.25,0,,0,0.0,0.0,70.04,85.0,62.72,-5.28,-14.12,SYNTHETIC_DATASET
JRN_20260728_12055,12055,SUPERFAST,2026-07-28T15:20:00,2026-07-28,15,1,0,SEC_NDLS_GZB,NDLS,GZB,25.0,28.0,110.0,88.59,-1.47,0.0,LOW,CLEAR,10.0,0,,0,0.0,0.0,28.84,35.0,23.8,-4.2,-5.67,SYNTHETIC_DATASET
JRN_20260728_12055,12055,SUPERFAST,2026-07-28T15:46:48,2026-07-28,15,1,0,SEC_GZB_MTC,GZB,MTC,47.0,40.0,120.0,34.82,-5.67,-4.2,LOW,CLEAR,10.0,1,45.0,0,0.0,0.0,41.2,50.0,69.38,29.38,23.71,SYNTHETIC_DATASET
JRN_20260728_12055,12055,SUPERFAST,2026-07-28T16:59:10,2026-07-28,16,1,0,SEC_MTC_MOZ,MTC,MOZ,56.0,45.0,110.0,87.25,23.71,29.38,LOW,CLEAR,10.0,0,,0,0.0,9.48,46.35,56.25,38.25,-6.75,16.96,SYNTHETIC_DATASET
JRN_20260728_12055,12055,SUPERFAST,2026-07-28T17:40:25,2026-07-28,17,1,0,SEC_MOZ_SRE,MOZ,SRE,59.0,52.0,100.0,77.68,16.96,-6.75,HIGH,CLEAR,10.0,0,,0,0.0,0.0,53.56,65.0,60.86,8.86,25.82,SYNTHETIC_DATASET
JRN_20260728_12055,12055,SUPERFAST,2026-07-28T18:44:17,2026-07-28,18,1,0,SEC_SRE_RK,SRE,RK,34.0,32.0,100.0,80.01,25.82,8.86,LOW,CLEAR,10.0,0,,0,0.0,9.84,32.96,40.0,27.2,-4.8,21.02,SYNTHETIC_DATASET
JRN_20260728_12055,12055,SUPERFAST,2026-07-28T19:14:29,2026-07-28,19,1,0,SEC_RK_HW,RK,HW,42.0,45.0,80.0,66.56,21.02,-4.8,MEDIUM,CLEAR,10.0,0,,0,0.0,0.0,46.35,56.25,42.62,-2.38,18.64,SYNTHETIC_DATASET
JRN_20260728_12055,12055,SUPERFAST,2026-07-28T20:00:06,2026-07-28,20,1,0,SEC_HW_DDN,HW,DDN,51.0,68.0,60.0,47.47,18.64,-2.38,LOW,CLEAR,10.0,0,,0,0.0,7.46,70.04,85.0,57.8,-10.2,8.44,SYNTHETIC_DATASET
JRN_20260728_14041,14041,EXPRESS,2026-07-28T22:25:00,2026-07-28,22,1,0,SEC_NDLS_GZB,NDLS,GZB,25.0,28.0,110.0,90.31,3.13,0.0,LOW,CLEAR,10.0,0,,0,0.0,1.25,28.84,35.0,23.8,-4.2,-1.07,SYNTHETIC_DATASET
JRN_20260728_14041,14041,EXPRESS,2026-07-28T22:51:48,2026-07-28,22,1,0,SEC_GZB_MTC,GZB,MTC,47.0,40.0,120.0,95.92,-1.07,-4.2,LOW,CLEAR,10.0,0,,0,0.0,0.0,41.2,50.0,34.0,-6.0,-7.07,SYNTHETIC_DATASET
JRN_20260728_14041,14041,EXPRESS,2026-07-28T23:28:48,2026-07-28,23,1,0,SEC_MTC_MOZ,MTC,MOZ,56.0,45.0,110.0,85.84,-7.07,-6.0,MEDIUM,CLEAR,10.0,0,,0,0.0,0.0,46.35,56.25,41.16,-3.84,-10.91,SYNTHETIC_DATASET
JRN_20260728_14041,14041,EXPRESS,2026-07-29T00:12:57,2026-07-28,0,1,0,SEC_MOZ_SRE,MOZ,SRE,59.0,52.0,100.0,87.76,-10.91,-3.84,LOW,CLEAR,10.0,0,,0,0.0,0.0,53.56,65.0,44.199999999999996,-7.8,-18.71,SYNTHETIC_DATASET
JRN_20260728_14041,14041,EXPRESS,2026-07-29T01:00:09,2026-07-28,1,1,0,SEC_SRE_RK,SRE,RK,34.0,32.0,100.0,78.6,-18.71,-7.8,LOW,CLEAR,10.0,0,,1,3.36,0.0,32.96,40.0,27.2,-4.8,-23.51,SYNTHETIC_DATASET
JRN_20260728_14041,14041,EXPRESS,2026-07-29T01:30:21,2026-07-28,1,1,0,SEC_RK_HW,RK,HW,42.0,45.0,80.0,61.81,-23.51,-4.8,LOW,CLEAR,10.0,0,,0,0.0,0.0,46.35,56.25,38.25,-6.75,-30.26,SYNTHETIC_DATASET
JRN_20260728_14041,14041,EXPRESS,2026-07-29T02:11:36,2026-07-28,2,1,0,SEC_HW_DDN,HW,DDN,51.0,68.0,60.0,46.05,-30.26,-6.75,LOW,CLEAR,10.0,0,,0,0.0,0.0,70.04,85.0,57.8,-10.2,-40.46,SYNTHETIC_DATASET
JRN_20260728_14309,14309,PASSENGER,2026-07-28T11:15:00,2026-07-28,11,1,0,SEC_NDLS_GZB,NDLS,GZB,25.0,28.0,110.0,89.72,0.39,0.0,HIGH,CLEAR,10.0,0,,0,0.0,0.0,28.84,35.0,23.8,-4.2,-3.81,SYNTHETIC_DATASET
JRN_20260728_14309,14309,PASSENGER,2026-07-28T11:41:48,2026-07-28,11,1,0,SEC_GZB_MTC,GZB,MTC,47.0,40.0,120.0,93.69,-3.81,-4.2,MEDIUM,CLEAR,10.0,0,,0,0.0,0.0,41.2,50.0,34.0,-6.0,-9.81,SYNTHETIC_DATASET
JRN_20260728_14309,14309,PASSENGER,2026-07-28T12:18:48,2026-07-28,12,1,0,SEC_MTC_MOZ,MTC,MOZ,56.0,45.0,110.0,97.17,-9.81,-6.0,LOW,CLEAR,10.0,0,,0,0.0,0.0,46.35,56.25,38.25,-6.75,-16.56,SYNTHETIC_DATASET
JRN_20260728_14309,14309,PASSENGER,2026-07-28T13:00:03,2026-07-28,13,1,0,SEC_MOZ_SRE,MOZ,SRE,59.0,52.0,100.0,78.86,-16.56,-6.75,LOW,CLEAR,10.0,0,,0,0.0,0.0,53.56,65.0,44.199999999999996,-7.8,-24.36,SYNTHETIC_DATASET
JRN_20260728_14309,14309,PASSENGER,2026-07-28T13:47:15,2026-07-28,13,1,0,SEC_SRE_RK,SRE,RK,34.0,32.0,100.0,88.72,-24.36,-7.8,MEDIUM,CLEAR,10.0,0,,0,0.0,0.0,32.96,40.0,27.75,-4.25,-28.61,SYNTHETIC_DATASET
JRN_20260728_14309,14309,PASSENGER,2026-07-28T14:18:00,2026-07-28,14,1,0,SEC_RK_HW,RK,HW,42.0,45.0,80.0,64.55,-28.61,-4.25,MEDIUM,CLEAR,10.0,0,,0,0.0,0.0,46.35,56.25,42.3,-2.7,-31.31,SYNTHETIC_DATASET
JRN_20260728_14309,14309,PASSENGER,2026-07-28T15:03:18,2026-07-28,15,1,0,SEC_HW_DDN,HW,DDN,51.0,68.0,60.0,47.56,-31.31,-2.7,MEDIUM,CLEAR,10.0,0,,0,0.0,0.0,70.04,85.0,69.89,1.89,-29.42,SYNTHETIC_DATASET
JRN_20260729_12017,12017,SHATABDI,2026-07-29T06:45:00,2026-07-29,6,2,0,SEC_NDLS_GZB,NDLS,GZB,25.0,28.0,110.0,96.74,2.45,0.0,LOW,CLEAR,10.0,0,,0,0.0,0.98,28.84,35.0,23.8,-4.2,-1.75,SYNTHETIC_DATASET
JRN_20260729_12017,12017,SHATABDI,2026-07-29T07:11:48,2026-07-29,7,2,0,SEC_GZB_MTC,GZB,MTC,47.0,40.0,120.0,92.16,-1.75,-4.2,LOW,CLEAR,10.0,0,,0,0.0,0.0,41.2,50.0,34.0,-6.0,-7.75,SYNTHETIC_DATASET
JRN_20260729_12017,12017,SHATABDI,2026-07-29T07:48:48,2026-07-29,7,2,0,SEC_MTC_MOZ,MTC,MOZ,56.0,45.0,110.0,88.41,-7.75,-6.0,LOW,CLEAR,10.0,0,,0,0.0,0.0,46.35,56.25,38.25,-6.75,-14.5,SYNTHETIC_DATASET
JRN_20260729_12017,12017,SHATABDI,2026-07-29T08:30:03,2026-07-29,8,2,0,SEC_MOZ_SRE,MOZ,SRE,59.0,52.0,100.0,89.44,-14.5,-6.75,LOW,CLEAR,10.0,0,,0,0.0,0.0,53.56,65.0,44.199999999999996,-7.8,-22.3,SYNTHETIC_DATASET
JRN_20260729_12017,12017,SHATABDI,2026-07-29T09:17:15,2026-07-29,9,2,0,SEC_SRE_RK,SRE,RK,34.0,32.0,100.0,80.16,-22.3,-7.8,MEDIUM,CLEAR,10.0,0,,0,0.0,0.0,32.96,40.0,28.5,-3.5,-25.8,SYNTHETIC_DATASET
JRN_20260729_12017,12017,SHATABDI,2026-07-29T09:48:45,2026-07-29,9,2,0,SEC_RK_HW,RK,HW,42.0,45.0,80.0,67.04,-25.8,-3.5,MEDIUM,CLEAR,10.0,0,,0,0.0,0.0,46.35,56.25,42.39,-2.61,-28.41,SYNTHETIC_DATASET
JRN_20260729_12017,12017,SHATABDI,2026-07-29T10:34:08,2026-07-29,10,2,0,SEC_HW_DDN,HW,DDN,51.0,68.0,60.0,35.51,-28.41,-2.61,HIGH,RAIN,4.71,1,45.0,1,6.26,0.0,70.04,85.0,122.82,54.82,26.41,SYNTHETIC_DATASET
JRN_20260729_12055,12055,SUPERFAST,2026-07-29T15:20:00,2026-07-29,15,2,0,SEC_NDLS_GZB,NDLS,GZB,25.0,28.0,110.0,94.11,0.1,0.0,LOW,CLEAR,10.0,0,,0,0.0,0.0,28.84,35.0,23.8,-4.2,-4.1,SYNTHETIC_DATASET
JRN_20260729_12055,12055,SUPERFAST,2026-07-29T15:46:48,2026-07-29,15,2,0,SEC_GZB_MTC,GZB,MTC,47.0,40.0,120.0,93.94,-4.1,-4.2,LOW,CLEAR,10.0,0,,0,0.0,0.0,41.2,50.0,34.0,-6.0,-10.1,SYNTHETIC_DATASET
JRN_20260729_12055,12055,SUPERFAST,2026-07-29T16:23:48,2026-07-29,16,2,0,SEC_MTC_MOZ,MTC,MOZ,56.0,45.0,110.0,91.06,-10.1,-6.0,LOW,CLEAR,10.0,0,,0,0.0,0.0,46.35,56.25,38.25,-6.75,-16.85,SYNTHETIC_DATASET
JRN_20260729_12055,12055,SUPERFAST,2026-07-29T17:05:03,2026-07-29,17,2,0,SEC_MOZ_SRE,MOZ,SRE,59.0,52.0,100.0,88.82,-16.85,-6.75,MEDIUM,CLEAR,10.0,0,,0,0.0,0.0,53.56,65.0,47.38,-4.62,-21.47,SYNTHETIC_DATASET
JRN_20260729_12055,12055,SUPERFAST,2026-07-29T17:55:25,2026-07-29,17,2,0,SEC_SRE_RK,SRE,RK,34.0,32.0,100.0,76.91,-21.47,-4.62,LOW,CLEAR,10.0,0,,0,0.0,0.0,32.96,40.0,27.2,-4.8,-26.27,SYNTHETIC_DATASET
JRN_20260729_12055,12055,SUPERFAST,2026-07-29T18:25:37,2026-07-29,18,2,0,SEC_RK_HW,RK,HW,42.0,45.0,80.0,69.49,-26.27,-4.8,MEDIUM,CLEAR,10.0,0,,0,0.0,0.0,46.35,56.25,42.49,-2.51,-28.78,SYNTHETIC_DATASET
JRN_20260729_12055,12055,SUPERFAST,2026-07-29T19:11:07,2026-07-29,19,2,0,SEC_HW_DDN,HW,DDN,51.0,68.0,60.0,51.16,-28.78,-2.51,HIGH,CLEAR,10.0,0,,0,0.0,0.0,70.04,85.0,87.67,19.67,-9.11,SYNTHETIC_DATASET
JRN_20260729_14041,14041,EXPRESS,2026-07-29T22:25:00,2026-07-29,22,2,0,SEC_NDLS_GZB,NDLS,GZB,25.0,28.0,110.0,98.61,-0.4,0.0,LOW,CLEAR,10.0,0,,0,0.0,0.0,28.84,35.0,23.8,-4.2,-4.6,SYNTHETIC_DATASET
JRN_20260729_14041,14041,EXPRESS,2026-07-29T22:51:48,2026-07-29,22,2,0,SEC_GZB_MTC,GZB,MTC,47.0,40.0,120.0,104.55,-4.6,-4.2,LOW,CLEAR,10.0,0,,0,0.0,0.0,41.2,50.0,34.0,-6.0,-10.6,SYNTHETIC_DATASET
JRN_20260729_14041,14041,EXPRESS,2026-07-29T23:28:48,2026-07-29,23,2,0,SEC_MTC_MOZ,MTC,MOZ,56.0,45.0,110.0,97.97,-10.6,-6.0,LOW,CLEAR,10.0,0,,0,0.0,0.0,46.35,56.25,38.25,-6.75,-17.35,SYNTHETIC_DATASET
JRN_20260729_14041,14041,EXPRESS,2026-07-30T00:10:03,2026-07-29,0,2,0,SEC_MOZ_SRE,MOZ,SRE,59.0,52.0,100.0,78.88,-17.35,-6.75,LOW,CLEAR,10.0,0,,0,0.0,0.0,53.56,65.0,44.199999999999996,-7.8,-25.15,SYNTHETIC_DATASET
JRN_20260729_14041,14041,EXPRESS,2026-07-30T00:57:15,2026-07-29,0,2,0,SEC_SRE_RK,SRE,RK,34.0,32.0,100.0,73.45,-25.15,-7.8,LOW,RAIN,2.33,0,,0,0.0,0.0,32.96,40.0,27.2,-4.8,-29.95,SYNTHETIC_DATASET
JRN_20260729_14041,14041,EXPRESS,2026-07-30T01:27:27,2026-07-29,1,2,0,SEC_RK_HW,RK,HW,42.0,45.0,80.0,68.07,-29.95,-4.8,MEDIUM,CLEAR,10.0,0,,0,0.0,0.0,46.35,56.25,42.73,-2.27,-32.22,SYNTHETIC_DATASET
JRN_20260729_14041,14041,EXPRESS,2026-07-30T02:13:10,2026-07-29,2,2,0,SEC_HW_DDN,HW,DDN,51.0,68.0,60.0,49.06,-32.22,-2.27,HIGH,CLEAR,10.0,0,,0,0.0,0.0,70.04,85.0,87.54,19.54,-12.68,SYNTHETIC_DATASET
JRN_20260729_14309,14309,PASSENGER,2026-07-29T11:15:00,2026-07-29,11,2,0,SEC_NDLS_GZB,NDLS,GZB,25.0,28.0,110.0,90.61,-1.05,0.0,MEDIUM,CLEAR,10.0,0,,0,0.0,0.0,28.84,35.0,23.8,-4.2,-5.25,SYNTHETIC_DATASET
JRN_20260729_14309,14309,PASSENGER,2026-07-29T11:41:48,2026-07-29,11,2,0,SEC_GZB_MTC,GZB,MTC,47.0,40.0,120.0,25.02,-5.25,-4.2,LOW,CLEAR,10.0,1,30.0,0,0.0,0.0,41.2,50.0,105.01,65.01,59.76,SYNTHETIC_DATASET
JRN_20260729_14309,14309,PASSENGER,2026-07-29T13:29:48,2026-07-29,13,2,0,SEC_MTC_MOZ,MTC,MOZ,56.0,45.0,110.0,98.68,59.76,65.01,MEDIUM,CLEAR,10.0,0,,1,7.6,0.0,46.35,56.25,48.21,3.21,62.97,SYNTHETIC_DATASET
JRN_20260729_14309,14309,PASSENGER,2026-07-29T14:21:01,2026-07-29,14,2,0,SEC_MOZ_SRE,MOZ,SRE,59.0,52.0,100.0,36.82,62.97,3.21,MEDIUM,CLEAR,10.0,1,45.0,0,0.0,0.0,53.56,65.0,106.43,54.43,117.4,SYNTHETIC_DATASET
JRN_20260729_14309,14309,PASSENGER,2026-07-29T16:10:27,2026-07-29,16,2,0,SEC_SRE_RK,SRE,RK,34.0,32.0,100.0,79.04,117.4,54.43,LOW,CLEAR,10.0,0,,0,0.0,6.56,32.96,40.0,27.2,-4.8,112.6,SYNTHETIC_DATASET
JRN_20260729_14309,14309,PASSENGER,2026-07-29T16:40:39,2026-07-29,16,2,0,SEC_RK_HW,RK,HW,42.0,45.0,80.0,71.97,112.6,-4.8,LOW,CLEAR,10.0,0,,0,0.0,7.35,46.35,56.25,38.25,-6.75,105.85,SYNTHETIC_DATASET
JRN_20260729_14309,14309,PASSENGER,2026-07-29T17:21:54,2026-07-29,17,2,0,SEC_HW_DDN,HW,DDN,51.0,68.0,60.0,48.53,105.85,-6.75,HIGH,RAIN,4.16,0,,0,0.0,0.0,70.04,85.0,97.36,29.36,135.21,SYNTHETIC_DATASET
JRN_20260730_12017,12017,SHATABDI,2026-07-30T06:45:00,2026-07-30,6,3,0,SEC_NDLS_GZB,NDLS,GZB,25.0,28.0,110.0,90.47,5.14,0.0,LOW,CLEAR,10.0,0,,0,0.0,2.06,28.84,35.0,23.8,-4.2,0.94,SYNTHETIC_DATASET
JRN_20260730_12017,12017,SHATABDI,2026-07-30T07:11:48,2026-07-30,7,3,0,SEC_GZB_MTC,GZB,MTC,47.0,40.0,120.0,101.59,0.94,-4.2,LOW,CLEAR,10.0,0,,0,0.0,0.0,41.2,50.0,34.0,-6.0,-5.06,SYNTHETIC_DATASET
JRN_20260730_12017,12017,SHATABDI,2026-07-30T07:48:48,2026-07-30,7,3,0,SEC_MTC_MOZ,MTC,MOZ,56.0,45.0,110.0,90.25,-5.06,-6.0,LOW,CLEAR,10.0,0,,0,0.0,0.0,46.35,56.25,38.25,-6.75,-11.81,SYNTHETIC_DATASET
JRN_20260730_12017,12017,SHATABDI,2026-07-30T08:30:03,2026-07-30,8,3,0,SEC_MOZ_SRE,MOZ,SRE,59.0,52.0,100.0,83.0,-11.81,-6.75,LOW,CLEAR,10.0,0,,0,0.0,0.0,53.56,65.0,44.199999999999996,-7.8,-19.61,SYNTHETIC_DATASET
JRN_20260730_12017,12017,SHATABDI,2026-07-30T09:17:15,2026-07-30,9,3,0,SEC_SRE_RK,SRE,RK,34.0,32.0,100.0,89.78,-19.61,-7.8,LOW,CLEAR,10.0,0,,0,0.0,0.0,32.96,40.0,27.2,-4.8,-24.41,SYNTHETIC_DATASET
JRN_20260730_12017,12017,SHATABDI,2026-07-30T09:47:27,2026-07-30,9,3,0,SEC_RK_HW,RK,HW,42.0,45.0,80.0,38.46,-24.41,-4.8,HIGH,CLEAR,10.0,1,45.0,0,0.0,0.0,46.35,56.25,95.89,50.89,26.48,SYNTHETIC_DATASET
JRN_20260730_12017,12017,SHATABDI,2026-07-30T11:26:20,2026-07-30,11,3,0,SEC_HW_DDN,HW,DDN,51.0,68.0,60.0,50.87,26.48,50.89,LOW,CLEAR,10.0,0,,0,0.0,10.59,70.04,85.0,57.8,-10.2,16.28,SYNTHETIC_DATASET
JRN_20260730_12055,12055,SUPERFAST,2026-07-30T15:20:00,2026-07-30,15,3,0,SEC_NDLS_GZB,NDLS,GZB,25.0,28.0,110.0,98.67,3.03,0.0,LOW,CLEAR,10.0,0,,0,0.0,1.21,28.84,35.0,23.8,-4.2,-1.17,SYNTHETIC_DATASET
JRN_20260730_12055,12055,SUPERFAST,2026-07-30T15:46:48,2026-07-30,15,3,0,SEC_GZB_MTC,GZB,MTC,47.0,40.0,120.0,96.73,-1.17,-4.2,LOW,CLEAR,10.0,0,,0,0.0,0.0,41.2,50.0,34.0,-6.0,-7.17,SYNTHETIC_DATASET
JRN_20260730_12055,12055,SUPERFAST,2026-07-30T16:23:48,2026-07-30,16,3,0,SEC_MTC_MOZ,MTC,MOZ,56.0,45.0,110.0,88.48,-7.17,-6.0,LOW,CLEAR,10.0,0,,0,0.0,0.0,46.35,56.25,38.25,-6.75,-13.92,SYNTHETIC_DATASET
JRN_20260730_12055,12055,SUPERFAST,2026-07-30T17:05:03,2026-07-30,17,3,0,SEC_MOZ_SRE,MOZ,SRE,59.0,52.0,100.0,78.37,-13.92,-6.75,LOW,RAIN,3.45,0,,0,0.0,0.0,53.56,65.0,44.199999999999996,-7.8,-21.72,SYNTHETIC_DATASET
JRN_20260730_12055,12055,SUPERFAST,2026-07-30T17:52:15,2026-07-30,17,3,0,SEC_SRE_RK,SRE,RK,34.0,32.0,100.0,88.79,-21.72,-7.8,MEDIUM,CLEAR,10.0,0,,0,0.0,0.0,32.96,40.0,28.34,-3.66,-25.38,SYNTHETIC_DATASET
JRN_20260730_12055,12055,SUPERFAST,2026-07-30T18:23:35,2026-07-30,18,3,0,SEC_RK_HW,RK,HW,42.0,45.0,80.0,69.65,-25.38,-3.66,LOW,CLEAR,10.0,0,,0,0.0,0.0,46.35,56.25,38.25,-6.75,-32.13,SYNTHETIC_DATASET
JRN_20260730_12055,12055,SUPERFAST,2026-07-30T19:04:50,2026-07-30,19,3,0,SEC_HW_DDN,HW,DDN,51.0,68.0,60.0,47.3,-32.13,-6.75,MEDIUM,RAIN,4.95,0,,0,0.0,0.0,70.04,85.0,77.13,9.13,-23.0,SYNTHETIC_DATASET
JRN_20260730_14041,14041,EXPRESS,2026-07-30T22:25:00,2026-07-30,22,3,0,SEC_NDLS_GZB,NDLS,GZB,25.0,28.0,110.0,86.63,0.26,0.0,LOW,CLEAR,10.0,0,,0,0.0,0.0,28.84,35.0,23.8,-4.2,-3.94,SYNTHETIC_DATASET
JRN_20260730_14041,14041,EXPRESS,2026-07-30T22:51:48,2026-07-30,22,3,0,SEC_GZB_MTC,GZB,MTC,47.0,40.0,120.0,99.51,-3.94,-4.2,MEDIUM,CLEAR,10.0,0,,1,6.64,0.0,41.2,50.0,38.04,-1.96,-5.9,SYNTHETIC_DATASET
JRN_20260730_14041,14041,EXPRESS,2026-07-30T23:32:50,2026-07-30,23,3,0,SEC_MTC_MOZ,MTC,MOZ,56.0,45.0,110.0,94.3,-5.9,-1.96,LOW,CLEAR,10.0,0,,0,0.0,0.0,46.35,56.25,38.25,-6.75,-12.65,SYNTHETIC_DATASET
JRN_20260730_14041,14041,EXPRESS,2026-07-31T00:14:05,2026-07-30,0,3,0,SEC_MOZ_SRE,MOZ,SRE,59.0,52.0,100.0,81.66,-12.65,-6.75,LOW,CLEAR,10.0,0,,0,0.0,0.0,53.56,65.0,44.199999999999996,-7.8,-20.45,SYNTHETIC_DATASET
JRN_20260730_14041,14041,EXPRESS,2026-07-31T01:01:17,2026-07-30,1,3,0,SEC_SRE_RK,SRE,RK,34.0,32.0,100.0,83.67,-20.45,-7.8,LOW,CLEAR,10.0,0,,0,0.0,0.0,32.96,40.0,27.2,-4.8,-25.25,SYNTHETIC_DATASET
JRN_20260730_14041,14041,EXPRESS,2026-07-31T01:31:29,2026-07-30,1,3,0,SEC_RK_HW,RK,HW,42.0,45.0,80.0,69.87,-25.25,-4.8,LOW,CLEAR,10.0,0,,0,0.0,0.0,46.35,56.25,38.25,-6.75,-32.0,SYNTHETIC_DATASET
JRN_20260730_14041,14041,EXPRESS,2026-07-31T02:12:44,2026-07-30,2,3,0,SEC_HW_DDN,HW,DDN,51.0,68.0,60.0,47.86,-32.0,-6.75,LOW,CLEAR,10.0,0,,0,0.0,0.0,70.04,85.0,57.8,-10.2,-42.2,SYNTHETIC_DATASET
JRN_20260730_14309,14309,PASSENGER,2026-07-30T11:15:00,2026-07-30,11,3,0,SEC_NDLS_GZB,NDLS,GZB,25.0,28.0,110.0,23.0,0.03,0.0,LOW,CLEAR,10.0,1,30.0,0,0.0,0.0,28.84,35.0,54.8,26.8,26.83,SYNTHETIC_DATASET
JRN_20260730_14309,14309,PASSENGER,2026-07-30T12:12:48,2026-07-30,12,3,0,SEC_GZB_MTC,GZB,MTC,47.0,40.0,120.0,96.39,26.83,26.8,MEDIUM,CLEAR,10.0,0,,0,0.0,0.0,41.2,50.0,34.0,-6.0,20.83,SYNTHETIC_DATASET
JRN_20260730_14309,14309,PASSENGER,2026-07-30T12:49:48,2026-07-30,12,3,0,SEC_MTC_MOZ,MTC,MOZ,56.0,45.0,110.0,98.26,20.83,-6.0,MEDIUM,CLEAR,10.0,0,,0,0.0,0.0,46.35,56.25,41.51,-3.49,17.34,SYNTHETIC_DATASET
JRN_20260730_14309,14309,PASSENGER,2026-07-30T13:34:18,2026-07-30,13,3,0,SEC_MOZ_SRE,MOZ,SRE,59.0,52.0,100.0,42.68,17.34,-3.49,LOW,CLEAR,10.0,1,50.0,0,0.0,0.0,53.56,65.0,79.19,27.19,44.53,SYNTHETIC_DATASET
JRN_20260730_14309,14309,PASSENGER,2026-07-30T14:56:30,2026-07-30,14,3,0,SEC_SRE_RK,SRE,RK,34.0,32.0,100.0,82.8,44.53,27.19,LOW,CLEAR,10.0,0,,0,0.0,6.56,32.96,40.0,27.2,-4.8,39.73,SYNTHETIC_DATASET
JRN_20260730_14309,14309,PASSENGER,2026-07-30T15:26:42,2026-07-30,15,3,0,SEC_RK_HW,RK,HW,42.0,45.0,80.0,65.81,39.73,-4.8,LOW,CLEAR,10.0,0,,0,0.0,7.35,46.35,56.25,38.25,-6.75,32.98,SYNTHETIC_DATASET
JRN_20260730_14309,14309,PASSENGER,2026-07-30T16:07:57,2026-07-30,16,3,0,SEC_HW_DDN,HW,DDN,51.0,68.0,60.0,24.3,32.98,-6.75,LOW,CLEAR,10.0,1,30.0,0,0.0,0.0,70.04,85.0,112.84,44.84,77.82,SYNTHETIC_DATASET
JRN_20260731_12017,12017,SHATABDI,2026-07-31T06:45:00,2026-07-31,6,4,0,SEC_NDLS_GZB,NDLS,GZB,25.0,28.0,110.0,93.21,15.57,0.0,LOW,CLEAR,10.0,0,,0,0.0,6.23,28.84,35.0,23.8,-4.2,11.37,SYNTHETIC_DATASET
JRN_20260731_12017,12017,SHATABDI,2026-07-31T07:11:48,2026-07-31,7,4,0,SEC_GZB_MTC,GZB,MTC,47.0,40.0,120.0,106.58,11.37,-4.2,MEDIUM,CLEAR,10.0,0,,0,0.0,0.0,41.2,50.0,34.0,-6.0,5.37,SYNTHETIC_DATASET
JRN_20260731_12017,12017,SHATABDI,2026-07-31T07:48:48,2026-07-31,7,4,0,SEC_MTC_MOZ,MTC,MOZ,56.0,45.0,110.0,43.5,5.37,-6.0,LOW,CLEAR,10.0,1,50.0,0,0.0,0.0,46.35,56.25,75.25,30.25,35.62,SYNTHETIC_DATASET
JRN_20260731_12017,12017,SHATABDI,2026-07-31T09:07:03,2026-07-31,9,4,0,SEC_MOZ_SRE,MOZ,SRE,59.0,52.0,100.0,72.86,35.62,30.25,LOW,RAIN,2.11,0,,0,0.0,0.0,53.56,65.0,44.199999999999996,-7.8,27.82,SYNTHETIC_DATASET
JRN_20260731_12017,12017,SHATABDI,2026-07-31T09:54:15,2026-07-31,9,4,0,SEC_SRE_RK,SRE,RK,34.0,32.0,100.0,73.76,27.82,-7.8,MEDIUM,RAIN,4.12,0,,0,0.0,0.0,32.96,40.0,30.6,-1.4,26.42,SYNTHETIC_DATASET
JRN_20260731_12017,12017,SHATABDI,2026-07-31T10:27:51,2026-07-31,10,4,0,SEC_RK_HW,RK,HW,42.0,45.0,80.0,69.62,26.42,-1.4,HIGH,CLEAR,10.0,0,,0,0.0,0.0,46.35,56.25,53.34,8.34,34.76,SYNTHETIC_DATASET
JRN_20260731_12017,12017,SHATABDI,2026-07-31T11:24:11,2026-07-31,11,4,0,SEC_HW_DDN,HW,DDN,51.0,68.0,60.0,48.35,34.76,8.34,HIGH,CLEAR,10.0,0,,0,0.0,0.0,70.04,85.0,89.44,21.44,56.2,SYNTHETIC_DATASET
JRN_20260731_12055,12055,SUPERFAST,2026-07-31T15:20:00,2026-07-31,15,4,0,SEC_NDLS_GZB,NDLS,GZB,25.0,28.0,110.0,88.46,-0.9,0.0,LOW,CLEAR,10.0,0,,0,0.0,0.0,28.84,35.0,23.8,-4.2,-5.1,SYNTHETIC_DATASET
JRN_20260731_12055,12055,SUPERFAST,2026-07-31T15:46:48,2026-07-31,15,4,0,SEC_GZB_MTC,GZB,MTC,47.0,40.0,120.0,96.64,-5.1,-4.2,MEDIUM,CLEAR,10.0,0,,0,0.0,0.0,41.2,50.0,34.0,-6.0,-11.1,SYNTHETIC_DATASET
JRN_20260731_12055,12055,SUPERFAST,2026-07-31T16:23:48,2026-07-31,16,4,0,SEC_MTC_MOZ,MTC,MOZ,56.0,45.0,110.0,86.96,-11.1,-6.0,LOW,CLEAR,10.0,0,,0,0.0,0.0,46.35,56.25,38.25,-6.75,-17.85,SYNTHETIC_DATASET
JRN_20260731_12055,12055,SUPERFAST,2026-07-31T17:05:03,2026-07-31,17,4,0,SEC_MOZ_SRE,MOZ,SRE,59.0,52.0,100.0,78.48,-17.85,-6.75,HIGH,RAIN,4.99,0,,0,0.0,0.0,53.56,65.0,67.38,15.38,-2.47,SYNTHETIC_DATASET
JRN_20260731_12055,12055,SUPERFAST,2026-07-31T18:15:25,2026-07-31,18,4,0,SEC_SRE_RK,SRE,RK,34.0,32.0,100.0,81.06,-2.47,15.38,LOW,CLEAR,10.0,0,,1,5.39,0.0,32.96,40.0,27.6,-4.4,-6.87,SYNTHETIC_DATASET
JRN_20260731_12055,12055,SUPERFAST,2026-07-31T18:46:01,2026-07-31,18,4,0,SEC_RK_HW,RK,HW,42.0,45.0,80.0,66.85,-6.87,-4.4,LOW,CLEAR,10.0,0,,0,0.0,0.0,46.35,56.25,38.25,-6.75,-13.62,SYNTHETIC_DATASET
JRN_20260731_12055,12055,SUPERFAST,2026-07-31T19:27:16,2026-07-31,19,4,0,SEC_HW_DDN,HW,DDN,51.0,68.0,60.0,49.86,-13.62,-6.75,MEDIUM,CLEAR,10.0,0,,1,9.35,0.0,70.04,85.0,78.11,10.11,-3.51,SYNTHETIC_DATASET
JRN_20260731_14041,14041,EXPRESS,2026-07-31T22:25:00,2026-07-31,22,4,0,SEC_NDLS_GZB,NDLS,GZB,25.0,28.0,110.0,97.58,11.89,0.0,LOW,CLEAR,10.0,0,,1,8.33,4.76,28.84,35.0,23.8,-4.2,7.69,SYNTHETIC_DATASET
JRN_20260731_14041,14041,EXPRESS,2026-07-31T22:51:48,2026-07-31,22,4,0,SEC_GZB_MTC,GZB,MTC,47.0,40.0,120.0,25.36,7.69,-4.2,LOW,CLEAR,10.0,1,30.0,0,0.0,0.0,41.2,50.0,104.24,64.24,71.93,SYNTHETIC_DATASET
JRN_20260731_14041,14041,EXPRESS,2026-08-01T00:39:02,2026-07-31,0,4,0,SEC_MTC_MOZ,MTC,MOZ,56.0,45.0,110.0,85.6,71.93,64.24,LOW,RAIN,2.61,0,,0,0.0,0.0,46.35,56.25,38.25,-6.75,65.18,SYNTHETIC_DATASET
JRN_20260731_14041,14041,EXPRESS,2026-08-01T01:20:17,2026-07-31,1,4,0,SEC_MOZ_SRE,MOZ,SRE,59.0,52.0,100.0,79.38,65.18,-6.75,LOW,CLEAR,10.0,0,,0,0.0,11.45,53.56,65.0,44.199999999999996,-7.8,57.38,SYNTHETIC_DATASET
JRN_20260731_14041,14041,EXPRESS,2026-08-01T02:07:29,2026-07-31,2,4,0,SEC_SRE_RK,SRE,RK,34.0,32.0,100.0,38.65,57.38,-7.8,HIGH,CLEAR,10.0,1,45.0,1,6.15,0.0,32.96,40.0,83.72,51.72,109.1,SYNTHETIC_DATASET
JRN_20260731_14041,14041,EXPRESS,2026-08-01T03:34:12,2026-07-31,3,4,0,SEC_RK_HW,RK,HW,42.0,45.0,80.0,62.64,109.1,51.72,LOW,RAIN,2.3,0,,0,0.0,0.0,46.35,56.25,38.71,-6.29,102.81,SYNTHETIC_DATASET
JRN_20260731_14041,14041,EXPRESS,2026-08-01T04:15:55,2026-07-31,4,4,0,SEC_HW_DDN,HW,DDN,51.0,68.0,60.0,25.81,102.81,-6.29,HIGH,CLEAR,10.0,1,30.0,0,0.0,0.0,70.04,85.0,175.33,107.33,210.14,SYNTHETIC_DATASET
JRN_20260731_14309,14309,PASSENGER,2026-07-31T11:15:00,2026-07-31,11,4,0,SEC_NDLS_GZB,NDLS,GZB,25.0,28.0,110.0,90.84,0.38,0.0,MEDIUM,CLEAR,10.0,0,,0,0.0,0.0,28.84,35.0,23.8,-4.2,-3.82,SYNTHETIC_DATASET
JRN_20260731_14309,14309,PASSENGER,2026-07-31T11:41:48,2026-07-31,11,4,0,SEC_GZB_MTC,GZB,MTC,47.0,40.0,120.0,103.42,-3.82,-4.2,MEDIUM,CLEAR,10.0,0,,0,0.0,0.0,41.2,50.0,34.0,-6.0,-9.82,SYNTHETIC_DATASET
JRN_20260731_14309,14309,PASSENGER,2026-07-31T12:18:48,2026-07-31,12,4,0,SEC_MTC_MOZ,MTC,MOZ,56.0,45.0,110.0,87.0,-9.82,-6.0,LOW,CLEAR,10.0,0,,0,0.0,0.0,46.35,56.25,38.25,-6.75,-16.57,SYNTHETIC_DATASET
JRN_20260731_14309,14309,PASSENGER,2026-07-31T13:00:03,2026-07-31,13,4,0,SEC_MOZ_SRE,MOZ,SRE,59.0,52.0,100.0,89.82,-16.57,-6.75,LOW,CLEAR,10.0,0,,0,0.0,0.0,53.56,65.0,44.199999999999996,-7.8,-24.37,SYNTHETIC_DATASET
JRN_20260731_14309,14309,PASSENGER,2026-07-31T13:47:15,2026-07-31,13,4,0,SEC_SRE_RK,SRE,RK,34.0,32.0,100.0,25.73,-24.37,-7.8,LOW,CLEAR,10.0,1,30.0,0,0.0,0.0,32.96,40.0,75.53,43.53,19.16,SYNTHETIC_DATASET
JRN_20260731_14309,14309,PASSENGER,2026-07-31T15:05:46,2026-07-31,15,4,0,SEC_RK_HW,RK,HW,42.0,45.0,80.0,61.67,19.16,43.53,LOW,CLEAR,10.0,0,,0,0.0,7.35,46.35,56.25,38.25,-6.75,12.41,SYNTHETIC_DATASET
JRN_20260731_14309,14309,PASSENGER,2026-07-31T15:47:01,2026-07-31,15,4,0,SEC_HW_DDN,HW,DDN,51.0,68.0,60.0,46.25,12.41,-6.75,LOW,CLEAR,10.0,0,,0,0.0,4.96,70.04,85.0,57.8,-10.2,2.21,SYNTHETIC_DATASET
